solid OpenSCAD_Model
  facet normal 0.471196 -0.882028 0
    outer loop
      vertex 14.6537 -10.3812 0
      vertex 15 -10.1962 2
      vertex 14.6537 -10.3812 2
    endloop
  endfacet
  facet normal 0.471196 -0.882028 0
    outer loop
      vertex 15 -10.1962 2
      vertex 14.6537 -10.3812 0
      vertex 15 -10.1962 0
    endloop
  endfacet
  facet normal -0.634387 -0.773016 0
    outer loop
      vertex 8.04392 -9.51104 0
      vertex 8.34743 -9.76012 2
      vertex 8.04392 -9.51104 2
    endloop
  endfacet
  facet normal -0.634387 -0.773016 -0
    outer loop
      vertex 8.34743 -9.76012 2
      vertex 8.04392 -9.51104 0
      vertex 8.34743 -9.76012 0
    endloop
  endfacet
  facet normal -0.881916 -0.471406 0
    outer loop
      vertex 6.80385 -8 0
      vertex 6.61876 -7.65373 2
      vertex 6.61876 -7.65373 0
    endloop
  endfacet
  facet normal -0.881916 -0.471406 0
    outer loop
      vertex 6.61876 -7.65373 2
      vertex 6.80385 -8 0
      vertex 6.80385 -8 2
    endloop
  endfacet
  facet normal 0.0326024 -0.999468 0
    outer loop
      vertex 12 -11 0
      vertex 12.3924 -10.9872 2
      vertex 12 -11 2
    endloop
  endfacet
  facet normal 0.0326024 -0.999468 0
    outer loop
      vertex 12.3924 -10.9872 2
      vertex 12 -11 0
      vertex 12.3924 -10.9872 0
    endloop
  endfacet
  facet normal -0.956938 -0.290293 0
    outer loop
      vertex 6.31842 -6.92864 0
      vertex 6.20444 -6.55291 2
      vertex 6.20444 -6.55291 0
    endloop
  endfacet
  facet normal -0.956938 -0.290293 0
    outer loop
      vertex 6.20444 -6.55291 2
      vertex 6.31842 -6.92864 0
      vertex 6.31842 -6.92864 2
    endloop
  endfacet
  facet normal -0.773005 -0.634399 0
    outer loop
      vertex 7.48896 -8.95607 0
      vertex 7.23988 -8.65257 2
      vertex 7.23988 -8.65257 0
    endloop
  endfacet
  facet normal -0.773005 -0.634399 0
    outer loop
      vertex 7.23988 -8.65257 2
      vertex 7.48896 -8.95607 0
      vertex 7.48896 -8.95607 2
    endloop
  endfacet
  facet normal 0 0 -1
    outer loop
      vertex 0 0 0
      vertex 6 85.2 0
      vertex 6 0 0
    endloop
  endfacet
  facet normal -0 0 -1
    outer loop
      vertex 6 85.2 0
      vertex 0 0 0
      vertex 0 85.2 0
    endloop
  endfacet
  facet normal 0 0 -1
    outer loop
      vertex 14.1733 -4.41766 0
      vertex 18 -5 0
      vertex 14.2068 -4.56105 0
    endloop
  endfacet
  facet normal 0 0 -1
    outer loop
      vertex 18 85.2 0
      vertex 14.2452 90.0528 0
      vertex 14.25 90.2 0
    endloop
  endfacet
  facet normal 0 0 -1
    outer loop
      vertex 14.1306 -4.27676 0
      vertex 18 -5 0
      vertex 14.1733 -4.41766 0
    endloop
  endfacet
  facet normal 0 0 -1
    outer loop
      vertex 18 85.2 0
      vertex 14.2308 89.9063 0
      vertex 14.2452 90.0528 0
    endloop
  endfacet
  facet normal 0 0 -1
    outer loop
      vertex 14.0787 -4.13896 0
      vertex 18 -5 0
      vertex 14.1306 -4.27676 0
    endloop
  endfacet
  facet normal 0 0 -1
    outer loop
      vertex 18 85.2 0
      vertex 14.2068 89.761 0
      vertex 14.2308 89.9063 0
    endloop
  endfacet
  facet normal 0 0 -1
    outer loop
      vertex 14.018 -4.00485 0
      vertex 18 -5 0
      vertex 14.0787 -4.13896 0
    endloop
  endfacet
  facet normal 0 0 -1
    outer loop
      vertex 18 85.2 0
      vertex 14.1733 89.6177 0
      vertex 14.2068 89.761 0
    endloop
  endfacet
  facet normal 0 0 -1
    outer loop
      vertex 13.9486 -3.875 0
      vertex 18 -5 0
      vertex 14.018 -4.00485 0
    endloop
  endfacet
  facet normal 0 0 -1
    outer loop
      vertex 18 85.2 0
      vertex 14.1306 89.4768 0
      vertex 14.1733 89.6177 0
    endloop
  endfacet
  facet normal 0 0 -1
    outer loop
      vertex 18 -5 0
      vertex 13.9486 -3.875 0
      vertex 18 0 0
    endloop
  endfacet
  facet normal 0 0 -1
    outer loop
      vertex 18 85.2 0
      vertex 14.0787 89.339 0
      vertex 14.1306 89.4768 0
    endloop
  endfacet
  facet normal 0 0 -1
    outer loop
      vertex 13.8708 -3.74997 0
      vertex 18 0 0
      vertex 13.9486 -3.875 0
    endloop
  endfacet
  facet normal 0 0 -1
    outer loop
      vertex 18 85.2 0
      vertex 14.018 89.2048 0
      vertex 14.0787 89.339 0
    endloop
  endfacet
  facet normal 0 0 -1
    outer loop
      vertex 13.785 -3.63029 0
      vertex 18 0 0
      vertex 13.8708 -3.74997 0
    endloop
  endfacet
  facet normal 0 0 -1
    outer loop
      vertex 18 85.2 0
      vertex 13.9486 89.075 0
      vertex 14.018 89.2048 0
    endloop
  endfacet
  facet normal 0 0 -1
    outer loop
      vertex 13.6916 -3.51647 0
      vertex 18 0 0
      vertex 13.785 -3.63029 0
    endloop
  endfacet
  facet normal 0 0 -1
    outer loop
      vertex 18 85.2 0
      vertex 13.8708 88.95 0
      vertex 13.9486 89.075 0
    endloop
  endfacet
  facet normal 0 0 -1
    outer loop
      vertex 13.591 -3.40901 0
      vertex 18 0 0
      vertex 13.6916 -3.51647 0
    endloop
  endfacet
  facet normal 0 0 -1
    outer loop
      vertex 18 85.2 0
      vertex 13.785 88.8303 0
      vertex 13.8708 88.95 0
    endloop
  endfacet
  facet normal 0 0 -1
    outer loop
      vertex 13.4835 -3.30836 0
      vertex 18 0 0
      vertex 13.591 -3.40901 0
    endloop
  endfacet
  facet normal 0 0 -1
    outer loop
      vertex 18 85.2 0
      vertex 13.6916 88.7165 0
      vertex 13.785 88.8303 0
    endloop
  endfacet
  facet normal 0 0 -1
    outer loop
      vertex 13.3697 -3.21495 0
      vertex 18 0 0
      vertex 13.4835 -3.30836 0
    endloop
  endfacet
  facet normal 0 0 -1
    outer loop
      vertex 18 85.2 0
      vertex 13.591 88.609 0
      vertex 13.6916 88.7165 0
    endloop
  endfacet
  facet normal 0 0 -1
    outer loop
      vertex 13.25 -3.12919 0
      vertex 18 0 0
      vertex 13.3697 -3.21495 0
    endloop
  endfacet
  facet normal 0 0 -1
    outer loop
      vertex 18 85.2 0
      vertex 13.4835 88.5084 0
      vertex 13.591 88.609 0
    endloop
  endfacet
  facet normal 0 0 -1
    outer loop
      vertex 13.125 -3.05144 0
      vertex 18 0 0
      vertex 13.25 -3.12919 0
    endloop
  endfacet
  facet normal 0 0 -1
    outer loop
      vertex 18 85.2 0
      vertex 13.3697 88.415 0
      vertex 13.4835 88.5084 0
    endloop
  endfacet
  facet normal 0 0 -1
    outer loop
      vertex 12.9951 -2.98204 0
      vertex 18 0 0
      vertex 13.125 -3.05144 0
    endloop
  endfacet
  facet normal 0 0 -1
    outer loop
      vertex 18 85.2 0
      vertex 13.25 88.3292 0
      vertex 13.3697 88.415 0
    endloop
  endfacet
  facet normal 0 0 -1
    outer loop
      vertex 12.861 -2.92127 0
      vertex 18 0 0
      vertex 12.9951 -2.98204 0
    endloop
  endfacet
  facet normal 0 0 -1
    outer loop
      vertex 18 85.2 0
      vertex 13.125 88.2514 0
      vertex 13.25 88.3292 0
    endloop
  endfacet
  facet normal 0 0 -1
    outer loop
      vertex 12.7232 -2.86941 0
      vertex 18 0 0
      vertex 12.861 -2.92127 0
    endloop
  endfacet
  facet normal 0 0 -1
    outer loop
      vertex 18 85.2 0
      vertex 12.9951 88.182 0
      vertex 13.125 88.2514 0
    endloop
  endfacet
  facet normal 0 0 -1
    outer loop
      vertex 12.5823 -2.82667 0
      vertex 18 0 0
      vertex 12.7232 -2.86941 0
    endloop
  endfacet
  facet normal 0 0 -1
    outer loop
      vertex 18 85.2 0
      vertex 12.861 88.1213 0
      vertex 12.9951 88.182 0
    endloop
  endfacet
  facet normal 0 0 -1
    outer loop
      vertex 18 0 0
      vertex 6 0 0
      vertex 18 85.2 0
    endloop
  endfacet
  facet normal 0 0 -1
    outer loop
      vertex 18 85.2 0
      vertex 12.7232 88.0694 0
      vertex 12.861 88.1213 0
    endloop
  endfacet
  facet normal 0 0 -1
    outer loop
      vertex 12.439 -2.79323 0
      vertex 18 0 0
      vertex 12.5823 -2.82667 0
    endloop
  endfacet
  facet normal 0 0 -1
    outer loop
      vertex 6 85.2 0
      vertex 18 85.2 0
      vertex 6 0 0
    endloop
  endfacet
  facet normal 0 0 -1
    outer loop
      vertex 12.2937 -2.76925 0
      vertex 18 0 0
      vertex 12.439 -2.79323 0
    endloop
  endfacet
  facet normal 0 -0 -1
    outer loop
      vertex 12 87.95 0
      vertex 18 85.2 0
      vertex 6 85.2 0
    endloop
  endfacet
  facet normal 0 0 -1
    outer loop
      vertex 12.1472 -2.75482 0
      vertex 18 0 0
      vertex 12.2937 -2.76925 0
    endloop
  endfacet
  facet normal 0 0 -1
    outer loop
      vertex 18 85.2 0
      vertex 12.5823 88.0267 0
      vertex 12.7232 88.0694 0
    endloop
  endfacet
  facet normal 0 0 -1
    outer loop
      vertex 12 -2.75 0
      vertex 18 0 0
      vertex 12.1472 -2.75482 0
    endloop
  endfacet
  facet normal 0 0 -1
    outer loop
      vertex 18 85.2 0
      vertex 12.439 87.9932 0
      vertex 12.5823 88.0267 0
    endloop
  endfacet
  facet normal -0 0 -1
    outer loop
      vertex 18 0 0
      vertex 12 -2.75 0
      vertex 6 0 0
    endloop
  endfacet
  facet normal 0 0 -1
    outer loop
      vertex 18 85.2 0
      vertex 12.2937 87.9692 0
      vertex 12.439 87.9932 0
    endloop
  endfacet
  facet normal 0 0 -1
    outer loop
      vertex 6 0 0
      vertex 12 -2.75 0
      vertex 11.8528 -2.75482 0
    endloop
  endfacet
  facet normal 0 0 -1
    outer loop
      vertex 18 85.2 0
      vertex 12.1472 87.9548 0
      vertex 12.2937 87.9692 0
    endloop
  endfacet
  facet normal 0 0 -1
    outer loop
      vertex 6 0 0
      vertex 11.8528 -2.75482 0
      vertex 11.7063 -2.76925 0
    endloop
  endfacet
  facet normal 0 0 -1
    outer loop
      vertex 18 85.2 0
      vertex 12 87.95 0
      vertex 12.1472 87.9548 0
    endloop
  endfacet
  facet normal 0 0 -1
    outer loop
      vertex 6 0 0
      vertex 11.7063 -2.76925 0
      vertex 11.561 -2.79323 0
    endloop
  endfacet
  facet normal -0 0 -1
    outer loop
      vertex 12 87.95 0
      vertex 6 85.2 0
      vertex 11.8528 87.9548 0
    endloop
  endfacet
  facet normal 0 0 -1
    outer loop
      vertex 6 0 0
      vertex 11.561 -2.79323 0
      vertex 11.4177 -2.82667 0
    endloop
  endfacet
  facet normal -0 0 -1
    outer loop
      vertex 11.8528 87.9548 0
      vertex 6 85.2 0
      vertex 11.7063 87.9692 0
    endloop
  endfacet
  facet normal 0 0 -1
    outer loop
      vertex 6 0 0
      vertex 11.4177 -2.82667 0
      vertex 11.2768 -2.86941 0
    endloop
  endfacet
  facet normal -0 0 -1
    outer loop
      vertex 11.7063 87.9692 0
      vertex 6 85.2 0
      vertex 11.561 87.9932 0
    endloop
  endfacet
  facet normal 0 0 -1
    outer loop
      vertex 6 0 0
      vertex 11.2768 -2.86941 0
      vertex 11.139 -2.92127 0
    endloop
  endfacet
  facet normal -0 0 -1
    outer loop
      vertex 11.561 87.9932 0
      vertex 6 85.2 0
      vertex 11.4177 88.0267 0
    endloop
  endfacet
  facet normal 0 0 -1
    outer loop
      vertex 6 0 0
      vertex 11.139 -2.92127 0
      vertex 11.0049 -2.98204 0
    endloop
  endfacet
  facet normal -0 0 -1
    outer loop
      vertex 11.4177 88.0267 0
      vertex 6 85.2 0
      vertex 11.2768 88.0694 0
    endloop
  endfacet
  facet normal 0 0 -1
    outer loop
      vertex 6 0 0
      vertex 11.0049 -2.98204 0
      vertex 10.875 -3.05144 0
    endloop
  endfacet
  facet normal -0 0 -1
    outer loop
      vertex 11.2768 88.0694 0
      vertex 6 85.2 0
      vertex 11.139 88.1213 0
    endloop
  endfacet
  facet normal 0 0 -1
    outer loop
      vertex 6 0 0
      vertex 10.875 -3.05144 0
      vertex 10.75 -3.12919 0
    endloop
  endfacet
  facet normal -0 0 -1
    outer loop
      vertex 11.139 88.1213 0
      vertex 6 85.2 0
      vertex 11.0049 88.182 0
    endloop
  endfacet
  facet normal 0 0 -1
    outer loop
      vertex 6 0 0
      vertex 10.75 -3.12919 0
      vertex 10.6303 -3.21495 0
    endloop
  endfacet
  facet normal -0 0 -1
    outer loop
      vertex 11.0049 88.182 0
      vertex 6 85.2 0
      vertex 10.875 88.2514 0
    endloop
  endfacet
  facet normal 0 0 -1
    outer loop
      vertex 6 0 0
      vertex 10.6303 -3.21495 0
      vertex 10.5165 -3.30836 0
    endloop
  endfacet
  facet normal -0 0 -1
    outer loop
      vertex 10.875 88.2514 0
      vertex 6 85.2 0
      vertex 10.75 88.3292 0
    endloop
  endfacet
  facet normal 0 0 -1
    outer loop
      vertex 6 0 0
      vertex 10.5165 -3.30836 0
      vertex 10.409 -3.40901 0
    endloop
  endfacet
  facet normal -0 0 -1
    outer loop
      vertex 10.75 88.3292 0
      vertex 6 85.2 0
      vertex 10.6303 88.415 0
    endloop
  endfacet
  facet normal 0 0 -1
    outer loop
      vertex 6 0 0
      vertex 10.409 -3.40901 0
      vertex 10.3084 -3.51647 0
    endloop
  endfacet
  facet normal -0 0 -1
    outer loop
      vertex 10.6303 88.415 0
      vertex 6 85.2 0
      vertex 10.5165 88.5084 0
    endloop
  endfacet
  facet normal 0 0 -1
    outer loop
      vertex 6 0 0
      vertex 10.3084 -3.51647 0
      vertex 10.215 -3.63029 0
    endloop
  endfacet
  facet normal -0 0 -1
    outer loop
      vertex 10.5165 88.5084 0
      vertex 6 85.2 0
      vertex 10.409 88.609 0
    endloop
  endfacet
  facet normal 0 0 -1
    outer loop
      vertex 6 0 0
      vertex 10.215 -3.63029 0
      vertex 10.1292 -3.74997 0
    endloop
  endfacet
  facet normal -0 0 -1
    outer loop
      vertex 10.409 88.609 0
      vertex 6 85.2 0
      vertex 10.3084 88.7165 0
    endloop
  endfacet
  facet normal 0 0 -1
    outer loop
      vertex 6 0 0
      vertex 10.1292 -3.74997 0
      vertex 10.0514 -3.875 0
    endloop
  endfacet
  facet normal -0 0 -1
    outer loop
      vertex 10.3084 88.7165 0
      vertex 6 85.2 0
      vertex 10.215 88.8303 0
    endloop
  endfacet
  facet normal 0 0 -1
    outer loop
      vertex 6 -5 0
      vertex 10.0514 -3.875 0
      vertex 9.98204 -4.00485 0
    endloop
  endfacet
  facet normal -0 0 -1
    outer loop
      vertex 10.215 88.8303 0
      vertex 6 85.2 0
      vertex 10.1292 88.95 0
    endloop
  endfacet
  facet normal 0 0 -1
    outer loop
      vertex 6 -5 0
      vertex 9.98204 -4.00485 0
      vertex 9.92127 -4.13896 0
    endloop
  endfacet
  facet normal -0 0 -1
    outer loop
      vertex 10.1292 88.95 0
      vertex 6 85.2 0
      vertex 10.0514 89.075 0
    endloop
  endfacet
  facet normal 0 0 -1
    outer loop
      vertex 6 -5 0
      vertex 9.92127 -4.13896 0
      vertex 9.86941 -4.27676 0
    endloop
  endfacet
  facet normal 0 0 -1
    outer loop
      vertex 6 90.2 0
      vertex 10.0514 89.075 0
      vertex 6 85.2 0
    endloop
  endfacet
  facet normal 0 0 -1
    outer loop
      vertex 6 -5 0
      vertex 9.86941 -4.27676 0
      vertex 9.82667 -4.41766 0
    endloop
  endfacet
  facet normal 0 0 -1
    outer loop
      vertex 10.0514 89.075 0
      vertex 6 90.2 0
      vertex 9.98204 89.2048 0
    endloop
  endfacet
  facet normal 0 0 -1
    outer loop
      vertex 6 -5 0
      vertex 9.82667 -4.41766 0
      vertex 9.79323 -4.56105 0
    endloop
  endfacet
  facet normal 0 0 -1
    outer loop
      vertex 9.98204 89.2048 0
      vertex 6 90.2 0
      vertex 9.92127 89.339 0
    endloop
  endfacet
  facet normal 0 0 -1
    outer loop
      vertex 6 -5 0
      vertex 9.79323 -4.56105 0
      vertex 9.76925 -4.70632 0
    endloop
  endfacet
  facet normal 0 0 -1
    outer loop
      vertex 9.92127 89.339 0
      vertex 6 90.2 0
      vertex 9.86941 89.4768 0
    endloop
  endfacet
  facet normal 0 0 -1
    outer loop
      vertex 6 -5 0
      vertex 9.76925 -4.70632 0
      vertex 9.75482 -4.85284 0
    endloop
  endfacet
  facet normal 0 0 -1
    outer loop
      vertex 9.86941 89.4768 0
      vertex 6 90.2 0
      vertex 9.82667 89.6177 0
    endloop
  endfacet
  facet normal 0 0 -1
    outer loop
      vertex 6 -5 0
      vertex 9.75482 -4.85284 0
      vertex 9.75 -5 0
    endloop
  endfacet
  facet normal 0 0 -1
    outer loop
      vertex 9.82667 89.6177 0
      vertex 6 90.2 0
      vertex 9.79323 89.761 0
    endloop
  endfacet
  facet normal 0 0 -1
    outer loop
      vertex 14.2452 -4.85284 0
      vertex 18 -5 0
      vertex 14.25 -5 0
    endloop
  endfacet
  facet normal 0 0 -1
    outer loop
      vertex 14.2308 -4.70632 0
      vertex 18 -5 0
      vertex 14.2452 -4.85284 0
    endloop
  endfacet
  facet normal 0 0 -1
    outer loop
      vertex 14.25 -5 0
      vertex 18 -5 0
      vertex 17.9872 -5.39242 0
    endloop
  endfacet
  facet normal 0 0 -1
    outer loop
      vertex 14.2068 -4.56105 0
      vertex 18 -5 0
      vertex 14.2308 -4.70632 0
    endloop
  endfacet
  facet normal 0 0 -1
    outer loop
      vertex 14.2452 -5.14716 0
      vertex 17.9872 -5.39242 0
      vertex 17.9487 -5.78316 0
    endloop
  endfacet
  facet normal 0 0 -1
    outer loop
      vertex 18 85.2 0
      vertex 14.25 90.2 0
      vertex 18 90.2 0
    endloop
  endfacet
  facet normal 0 0 -1
    outer loop
      vertex 14.2308 -5.29368 0
      vertex 17.9487 -5.78316 0
      vertex 17.8847 -6.17054 0
    endloop
  endfacet
  facet normal 0 0 -1
    outer loop
      vertex 18 90.2 0
      vertex 14.25 90.2 0
      vertex 17.9872 90.5924 0
    endloop
  endfacet
  facet normal 0 0 -1
    outer loop
      vertex 14.2068 -5.43895 0
      vertex 17.8847 -6.17054 0
      vertex 17.7956 -6.55291 0
    endloop
  endfacet
  facet normal 0 0 -1
    outer loop
      vertex 14.2452 90.3472 0
      vertex 17.9872 90.5924 0
      vertex 14.25 90.2 0
    endloop
  endfacet
  facet normal 0 0 -1
    outer loop
      vertex 14.1733 -5.58234 0
      vertex 17.7956 -6.55291 0
      vertex 17.6816 -6.92864 0
    endloop
  endfacet
  facet normal -0 0 -1
    outer loop
      vertex 17.9872 90.5924 0
      vertex 14.2452 90.3472 0
      vertex 17.9487 90.9832 0
    endloop
  endfacet
  facet normal 0 0 -1
    outer loop
      vertex 14.1306 -5.72324 0
      vertex 17.6816 -6.92864 0
      vertex 17.5433 -7.2961 0
    endloop
  endfacet
  facet normal 0 0 -1
    outer loop
      vertex 14.2308 90.4937 0
      vertex 17.9487 90.9832 0
      vertex 14.2452 90.3472 0
    endloop
  endfacet
  facet normal 0 0 -1
    outer loop
      vertex 14.0787 -5.86104 0
      vertex 17.5433 -7.2961 0
      vertex 17.3812 -7.65373 0
    endloop
  endfacet
  facet normal -0 0 -1
    outer loop
      vertex 17.9487 90.9832 0
      vertex 14.2308 90.4937 0
      vertex 17.8847 91.3705 0
    endloop
  endfacet
  facet normal 0 0 -1
    outer loop
      vertex 14.018 -5.99515 0
      vertex 17.3812 -7.65373 0
      vertex 17.1962 -8 0
    endloop
  endfacet
  facet normal 0 0 -1
    outer loop
      vertex 14.2068 90.639 0
      vertex 17.8847 91.3705 0
      vertex 14.2308 90.4937 0
    endloop
  endfacet
  facet normal 0 0 -1
    outer loop
      vertex 13.9486 -6.125 0
      vertex 17.1962 -8 0
      vertex 16.9888 -8.33342 0
    endloop
  endfacet
  facet normal -0 0 -1
    outer loop
      vertex 17.8847 91.3705 0
      vertex 14.2068 90.639 0
      vertex 17.7956 91.7529 0
    endloop
  endfacet
  facet normal 0 0 -1
    outer loop
      vertex 13.8708 -6.25003 0
      vertex 16.9888 -8.33342 0
      vertex 16.7601 -8.65257 0
    endloop
  endfacet
  facet normal 0 0 -1
    outer loop
      vertex 14.1733 90.7823 0
      vertex 17.7956 91.7529 0
      vertex 14.2068 90.639 0
    endloop
  endfacet
  facet normal 0 0 -1
    outer loop
      vertex 13.785 -6.36971 0
      vertex 16.7601 -8.65257 0
      vertex 16.511 -8.95607 0
    endloop
  endfacet
  facet normal -0 0 -1
    outer loop
      vertex 17.7956 91.7529 0
      vertex 14.1733 90.7823 0
      vertex 17.6816 92.1286 0
    endloop
  endfacet
  facet normal 0 0 -1
    outer loop
      vertex 13.6916 -6.48353 0
      vertex 16.511 -8.95607 0
      vertex 16.2426 -9.24264 0
    endloop
  endfacet
  facet normal 0 0 -1
    outer loop
      vertex 14.1306 90.9232 0
      vertex 17.6816 92.1286 0
      vertex 14.1733 90.7823 0
    endloop
  endfacet
  facet normal 0 0 -1
    outer loop
      vertex 13.591 -6.59099 0
      vertex 16.2426 -9.24264 0
      vertex 15.9561 -9.51104 0
    endloop
  endfacet
  facet normal -0 0 -1
    outer loop
      vertex 17.6816 92.1286 0
      vertex 14.1306 90.9232 0
      vertex 17.5433 92.4961 0
    endloop
  endfacet
  facet normal 0 0 -1
    outer loop
      vertex 13.4835 -6.69164 0
      vertex 15.9561 -9.51104 0
      vertex 15.6526 -9.76012 0
    endloop
  endfacet
  facet normal 0 0 -1
    outer loop
      vertex 14.0787 91.061 0
      vertex 17.5433 92.4961 0
      vertex 14.1306 90.9232 0
    endloop
  endfacet
  facet normal 0 0 -1
    outer loop
      vertex 13.3697 -6.78504 0
      vertex 15.6526 -9.76012 0
      vertex 15.3334 -9.98882 0
    endloop
  endfacet
  facet normal -0 0 -1
    outer loop
      vertex 17.5433 92.4961 0
      vertex 14.0787 91.061 0
      vertex 17.3812 92.8537 0
    endloop
  endfacet
  facet normal 0 0 -1
    outer loop
      vertex 13.25 -6.87081 0
      vertex 15.3334 -9.98882 0
      vertex 15 -10.1962 0
    endloop
  endfacet
  facet normal 0 0 -1
    outer loop
      vertex 14.018 91.1952 0
      vertex 17.3812 92.8537 0
      vertex 14.0787 91.061 0
    endloop
  endfacet
  facet normal 0 0 -1
    outer loop
      vertex 13.125 -6.94856 0
      vertex 15 -10.1962 0
      vertex 14.6537 -10.3812 0
    endloop
  endfacet
  facet normal -0 0 -1
    outer loop
      vertex 17.3812 92.8537 0
      vertex 14.018 91.1952 0
      vertex 17.1962 93.2 0
    endloop
  endfacet
  facet normal 0 0 -1
    outer loop
      vertex 12.9951 -7.01796 0
      vertex 14.6537 -10.3812 0
      vertex 14.2961 -10.5433 0
    endloop
  endfacet
  facet normal 0 0 -1
    outer loop
      vertex 13.9486 91.325 0
      vertex 17.1962 93.2 0
      vertex 14.018 91.1952 0
    endloop
  endfacet
  facet normal -0 0 -1
    outer loop
      vertex 17.1962 93.2 0
      vertex 13.9486 91.325 0
      vertex 16.9888 93.5334 0
    endloop
  endfacet
  facet normal 0 0 -1
    outer loop
      vertex 17.9872 -5.39242 0
      vertex 14.2452 -5.14716 0
      vertex 14.25 -5 0
    endloop
  endfacet
  facet normal 0 0 -1
    outer loop
      vertex 17.9487 -5.78316 0
      vertex 14.2308 -5.29368 0
      vertex 14.2452 -5.14716 0
    endloop
  endfacet
  facet normal 0 0 -1
    outer loop
      vertex 17.8847 -6.17054 0
      vertex 14.2068 -5.43895 0
      vertex 14.2308 -5.29368 0
    endloop
  endfacet
  facet normal 0 0 -1
    outer loop
      vertex 17.7956 -6.55291 0
      vertex 14.1733 -5.58234 0
      vertex 14.2068 -5.43895 0
    endloop
  endfacet
  facet normal 0 0 -1
    outer loop
      vertex 17.6816 -6.92864 0
      vertex 14.1306 -5.72324 0
      vertex 14.1733 -5.58234 0
    endloop
  endfacet
  facet normal 0 0 -1
    outer loop
      vertex 17.5433 -7.2961 0
      vertex 14.0787 -5.86104 0
      vertex 14.1306 -5.72324 0
    endloop
  endfacet
  facet normal 0 0 -1
    outer loop
      vertex 17.3812 -7.65373 0
      vertex 14.018 -5.99515 0
      vertex 14.0787 -5.86104 0
    endloop
  endfacet
  facet normal 0 0 -1
    outer loop
      vertex 17.1962 -8 0
      vertex 13.9486 -6.125 0
      vertex 14.018 -5.99515 0
    endloop
  endfacet
  facet normal 0 0 -1
    outer loop
      vertex 12.861 -7.07873 0
      vertex 14.2961 -10.5433 0
      vertex 13.9286 -10.6816 0
    endloop
  endfacet
  facet normal 0 0 -1
    outer loop
      vertex 16.9888 -8.33342 0
      vertex 13.8708 -6.25003 0
      vertex 13.9486 -6.125 0
    endloop
  endfacet
  facet normal 0 0 -1
    outer loop
      vertex 16.7601 -8.65257 0
      vertex 13.785 -6.36971 0
      vertex 13.8708 -6.25003 0
    endloop
  endfacet
  facet normal 0 0 -1
    outer loop
      vertex 16.511 -8.95607 0
      vertex 13.6916 -6.48353 0
      vertex 13.785 -6.36971 0
    endloop
  endfacet
  facet normal 0 0 -1
    outer loop
      vertex 16.2426 -9.24264 0
      vertex 13.591 -6.59099 0
      vertex 13.6916 -6.48353 0
    endloop
  endfacet
  facet normal 0 0 -1
    outer loop
      vertex 12.7232 -7.13059 0
      vertex 13.9286 -10.6816 0
      vertex 13.5529 -10.7956 0
    endloop
  endfacet
  facet normal 0 0 -1
    outer loop
      vertex 15.9561 -9.51104 0
      vertex 13.4835 -6.69164 0
      vertex 13.591 -6.59099 0
    endloop
  endfacet
  facet normal 0 0 -1
    outer loop
      vertex 15.6526 -9.76012 0
      vertex 13.3697 -6.78504 0
      vertex 13.4835 -6.69164 0
    endloop
  endfacet
  facet normal 0 0 -1
    outer loop
      vertex 15.3334 -9.98882 0
      vertex 13.25 -6.87081 0
      vertex 13.3697 -6.78504 0
    endloop
  endfacet
  facet normal 0 0 -1
    outer loop
      vertex 12.5823 -7.17333 0
      vertex 13.5529 -10.7956 0
      vertex 13.1705 -10.8847 0
    endloop
  endfacet
  facet normal 0 0 -1
    outer loop
      vertex 15 -10.1962 0
      vertex 13.125 -6.94856 0
      vertex 13.25 -6.87081 0
    endloop
  endfacet
  facet normal 0 0 -1
    outer loop
      vertex 14.6537 -10.3812 0
      vertex 12.9951 -7.01796 0
      vertex 13.125 -6.94856 0
    endloop
  endfacet
  facet normal 0 0 -1
    outer loop
      vertex 14.2961 -10.5433 0
      vertex 12.861 -7.07873 0
      vertex 12.9951 -7.01796 0
    endloop
  endfacet
  facet normal 0 0 -1
    outer loop
      vertex 12.439 -7.20677 0
      vertex 13.1705 -10.8847 0
      vertex 12.7832 -10.9487 0
    endloop
  endfacet
  facet normal 0 0 -1
    outer loop
      vertex 13.9286 -10.6816 0
      vertex 12.7232 -7.13059 0
      vertex 12.861 -7.07873 0
    endloop
  endfacet
  facet normal 0 0 -1
    outer loop
      vertex 13.5529 -10.7956 0
      vertex 12.5823 -7.17333 0
      vertex 12.7232 -7.13059 0
    endloop
  endfacet
  facet normal 0 0 -1
    outer loop
      vertex 13.1705 -10.8847 0
      vertex 12.439 -7.20677 0
      vertex 12.5823 -7.17333 0
    endloop
  endfacet
  facet normal 0 0 -1
    outer loop
      vertex 12.2937 -7.23075 0
      vertex 12.7832 -10.9487 0
      vertex 12.3924 -10.9872 0
    endloop
  endfacet
  facet normal 0 0 -1
    outer loop
      vertex 12.7832 -10.9487 0
      vertex 12.2937 -7.23075 0
      vertex 12.439 -7.20677 0
    endloop
  endfacet
  facet normal 0 0 -1
    outer loop
      vertex 12.3924 -10.9872 0
      vertex 12.1472 -7.24518 0
      vertex 12.2937 -7.23075 0
    endloop
  endfacet
  facet normal 0 0 -1
    outer loop
      vertex 12 -11 0
      vertex 12.1472 -7.24518 0
      vertex 12.3924 -10.9872 0
    endloop
  endfacet
  facet normal 0 0 -1
    outer loop
      vertex 12 -11 0
      vertex 12 -7.25 0
      vertex 12.1472 -7.24518 0
    endloop
  endfacet
  facet normal 0 0 -1
    outer loop
      vertex 12 -11 0
      vertex 11.8528 -7.24518 0
      vertex 12 -7.25 0
    endloop
  endfacet
  facet normal 0 0 -1
    outer loop
      vertex 11.6076 -10.9872 0
      vertex 11.8528 -7.24518 0
      vertex 12 -11 0
    endloop
  endfacet
  facet normal -0 0 -1
    outer loop
      vertex 11.8528 -7.24518 0
      vertex 11.6076 -10.9872 0
      vertex 11.7063 -7.23075 0
    endloop
  endfacet
  facet normal 0 0 -1
    outer loop
      vertex 11.2168 -10.9487 0
      vertex 11.7063 -7.23075 0
      vertex 11.6076 -10.9872 0
    endloop
  endfacet
  facet normal -0 0 -1
    outer loop
      vertex 11.7063 -7.23075 0
      vertex 11.2168 -10.9487 0
      vertex 11.561 -7.20677 0
    endloop
  endfacet
  facet normal 0 0 -1
    outer loop
      vertex 10.8295 -10.8847 0
      vertex 11.561 -7.20677 0
      vertex 11.2168 -10.9487 0
    endloop
  endfacet
  facet normal -0 0 -1
    outer loop
      vertex 11.561 -7.20677 0
      vertex 10.8295 -10.8847 0
      vertex 11.4177 -7.17333 0
    endloop
  endfacet
  facet normal 0 0 -1
    outer loop
      vertex 10.4471 -10.7956 0
      vertex 11.4177 -7.17333 0
      vertex 10.8295 -10.8847 0
    endloop
  endfacet
  facet normal -0 0 -1
    outer loop
      vertex 11.4177 -7.17333 0
      vertex 10.4471 -10.7956 0
      vertex 11.2768 -7.13059 0
    endloop
  endfacet
  facet normal 0 0 -1
    outer loop
      vertex 10.0714 -10.6816 0
      vertex 11.2768 -7.13059 0
      vertex 10.4471 -10.7956 0
    endloop
  endfacet
  facet normal -0 0 -1
    outer loop
      vertex 11.2768 -7.13059 0
      vertex 10.0714 -10.6816 0
      vertex 11.139 -7.07873 0
    endloop
  endfacet
  facet normal 0 0 -1
    outer loop
      vertex 9.7039 -10.5433 0
      vertex 11.139 -7.07873 0
      vertex 10.0714 -10.6816 0
    endloop
  endfacet
  facet normal -0 0 -1
    outer loop
      vertex 11.139 -7.07873 0
      vertex 9.7039 -10.5433 0
      vertex 11.0049 -7.01796 0
    endloop
  endfacet
  facet normal 0 0 -1
    outer loop
      vertex 9.34627 -10.3812 0
      vertex 11.0049 -7.01796 0
      vertex 9.7039 -10.5433 0
    endloop
  endfacet
  facet normal -0 0 -1
    outer loop
      vertex 11.0049 -7.01796 0
      vertex 9.34627 -10.3812 0
      vertex 10.875 -6.94856 0
    endloop
  endfacet
  facet normal 0 0 -1
    outer loop
      vertex 9 -10.1962 0
      vertex 10.875 -6.94856 0
      vertex 9.34627 -10.3812 0
    endloop
  endfacet
  facet normal -0 0 -1
    outer loop
      vertex 10.875 -6.94856 0
      vertex 9 -10.1962 0
      vertex 10.75 -6.87081 0
    endloop
  endfacet
  facet normal 0 0 -1
    outer loop
      vertex 8.66658 -9.98882 0
      vertex 10.75 -6.87081 0
      vertex 9 -10.1962 0
    endloop
  endfacet
  facet normal -0 0 -1
    outer loop
      vertex 10.75 -6.87081 0
      vertex 8.66658 -9.98882 0
      vertex 10.6303 -6.78504 0
    endloop
  endfacet
  facet normal 0 0 -1
    outer loop
      vertex 8.34743 -9.76012 0
      vertex 10.6303 -6.78504 0
      vertex 8.66658 -9.98882 0
    endloop
  endfacet
  facet normal -0 0 -1
    outer loop
      vertex 10.6303 -6.78504 0
      vertex 8.34743 -9.76012 0
      vertex 10.5165 -6.69164 0
    endloop
  endfacet
  facet normal 0 0 -1
    outer loop
      vertex 8.04392 -9.51104 0
      vertex 10.5165 -6.69164 0
      vertex 8.34743 -9.76012 0
    endloop
  endfacet
  facet normal -0 0 -1
    outer loop
      vertex 10.5165 -6.69164 0
      vertex 8.04392 -9.51104 0
      vertex 10.409 -6.59099 0
    endloop
  endfacet
  facet normal 0 0 -1
    outer loop
      vertex 7.75736 -9.24264 0
      vertex 10.409 -6.59099 0
      vertex 8.04392 -9.51104 0
    endloop
  endfacet
  facet normal -0 0 -1
    outer loop
      vertex 10.409 -6.59099 0
      vertex 7.75736 -9.24264 0
      vertex 10.3084 -6.48353 0
    endloop
  endfacet
  facet normal 0 0 -1
    outer loop
      vertex 7.48896 -8.95607 0
      vertex 10.3084 -6.48353 0
      vertex 7.75736 -9.24264 0
    endloop
  endfacet
  facet normal -0 0 -1
    outer loop
      vertex 10.3084 -6.48353 0
      vertex 7.48896 -8.95607 0
      vertex 10.215 -6.36971 0
    endloop
  endfacet
  facet normal 0 0 -1
    outer loop
      vertex 7.23988 -8.65257 0
      vertex 10.215 -6.36971 0
      vertex 7.48896 -8.95607 0
    endloop
  endfacet
  facet normal -0 0 -1
    outer loop
      vertex 10.1292 -6.25003 0
      vertex 7.01118 -8.33342 0
      vertex 10.0514 -6.125 0
    endloop
  endfacet
  facet normal 0 0 -1
    outer loop
      vertex 7.01118 -8.33342 0
      vertex 10.1292 -6.25003 0
      vertex 7.23988 -8.65257 0
    endloop
  endfacet
  facet normal -0 0 -1
    outer loop
      vertex 10.215 -6.36971 0
      vertex 7.23988 -8.65257 0
      vertex 10.1292 -6.25003 0
    endloop
  endfacet
  facet normal 0 0 -1
    outer loop
      vertex 18 0 0
      vertex 67.2 85.2 0
      vertex 67.2 0 0
    endloop
  endfacet
  facet normal -0 0 -1
    outer loop
      vertex 67.2 85.2 0
      vertex 18 0 0
      vertex 18 85.2 0
    endloop
  endfacet
  facet normal 0 0 -1
    outer loop
      vertex 13.8708 91.45 0
      vertex 16.9888 93.5334 0
      vertex 13.9486 91.325 0
    endloop
  endfacet
  facet normal -0 0 -1
    outer loop
      vertex 16.9888 93.5334 0
      vertex 13.8708 91.45 0
      vertex 16.7601 93.8526 0
    endloop
  endfacet
  facet normal 0 0 -1
    outer loop
      vertex 13.785 91.5697 0
      vertex 16.7601 93.8526 0
      vertex 13.8708 91.45 0
    endloop
  endfacet
  facet normal -0 0 -1
    outer loop
      vertex 16.7601 93.8526 0
      vertex 13.785 91.5697 0
      vertex 16.511 94.1561 0
    endloop
  endfacet
  facet normal 0 0 -1
    outer loop
      vertex 13.6916 91.6835 0
      vertex 16.511 94.1561 0
      vertex 13.785 91.5697 0
    endloop
  endfacet
  facet normal -0 0 -1
    outer loop
      vertex 16.511 94.1561 0
      vertex 13.6916 91.6835 0
      vertex 16.2426 94.4426 0
    endloop
  endfacet
  facet normal 0 0 -1
    outer loop
      vertex 13.591 91.791 0
      vertex 16.2426 94.4426 0
      vertex 13.6916 91.6835 0
    endloop
  endfacet
  facet normal -0 0 -1
    outer loop
      vertex 16.2426 94.4426 0
      vertex 13.591 91.791 0
      vertex 15.9561 94.711 0
    endloop
  endfacet
  facet normal 0 0 -1
    outer loop
      vertex 13.4835 91.8916 0
      vertex 15.9561 94.711 0
      vertex 13.591 91.791 0
    endloop
  endfacet
  facet normal -0 0 -1
    outer loop
      vertex 15.9561 94.711 0
      vertex 13.4835 91.8916 0
      vertex 15.6526 94.9601 0
    endloop
  endfacet
  facet normal 0 0 -1
    outer loop
      vertex 13.3697 91.985 0
      vertex 15.6526 94.9601 0
      vertex 13.4835 91.8916 0
    endloop
  endfacet
  facet normal -0 0 -1
    outer loop
      vertex 15.6526 94.9601 0
      vertex 13.3697 91.985 0
      vertex 15.3334 95.1888 0
    endloop
  endfacet
  facet normal 0 0 -1
    outer loop
      vertex 13.25 92.0708 0
      vertex 15.3334 95.1888 0
      vertex 13.3697 91.985 0
    endloop
  endfacet
  facet normal -0 0 -1
    outer loop
      vertex 15.3334 95.1888 0
      vertex 13.25 92.0708 0
      vertex 15 95.3961 0
    endloop
  endfacet
  facet normal 0 0 -1
    outer loop
      vertex 13.125 92.1486 0
      vertex 15 95.3961 0
      vertex 13.25 92.0708 0
    endloop
  endfacet
  facet normal -0 0 -1
    outer loop
      vertex 15 95.3961 0
      vertex 13.125 92.1486 0
      vertex 14.6537 95.5812 0
    endloop
  endfacet
  facet normal 0 0 -1
    outer loop
      vertex 12.9951 92.218 0
      vertex 14.6537 95.5812 0
      vertex 13.125 92.1486 0
    endloop
  endfacet
  facet normal -0 0 -1
    outer loop
      vertex 14.6537 95.5812 0
      vertex 12.9951 92.218 0
      vertex 14.2961 95.7433 0
    endloop
  endfacet
  facet normal 0 0 -1
    outer loop
      vertex 12.861 92.2787 0
      vertex 14.2961 95.7433 0
      vertex 12.9951 92.218 0
    endloop
  endfacet
  facet normal -0 0 -1
    outer loop
      vertex 14.2961 95.7433 0
      vertex 12.861 92.2787 0
      vertex 13.9286 95.8816 0
    endloop
  endfacet
  facet normal 0 0 -1
    outer loop
      vertex 12.7232 92.3306 0
      vertex 13.9286 95.8816 0
      vertex 12.861 92.2787 0
    endloop
  endfacet
  facet normal -0 0 -1
    outer loop
      vertex 13.9286 95.8816 0
      vertex 12.7232 92.3306 0
      vertex 13.5529 95.9956 0
    endloop
  endfacet
  facet normal 0 0 -1
    outer loop
      vertex 12.5823 92.3733 0
      vertex 13.5529 95.9956 0
      vertex 12.7232 92.3306 0
    endloop
  endfacet
  facet normal -0 0 -1
    outer loop
      vertex 13.5529 95.9956 0
      vertex 12.5823 92.3733 0
      vertex 13.1705 96.0847 0
    endloop
  endfacet
  facet normal 0 0 -1
    outer loop
      vertex 12.439 92.4068 0
      vertex 13.1705 96.0847 0
      vertex 12.5823 92.3733 0
    endloop
  endfacet
  facet normal -0 0 -1
    outer loop
      vertex 13.1705 96.0847 0
      vertex 12.439 92.4068 0
      vertex 12.7832 96.1487 0
    endloop
  endfacet
  facet normal 0 0 -1
    outer loop
      vertex 12.2937 92.4307 0
      vertex 12.7832 96.1487 0
      vertex 12.439 92.4068 0
    endloop
  endfacet
  facet normal -0 0 -1
    outer loop
      vertex 12.7832 96.1487 0
      vertex 12.2937 92.4307 0
      vertex 12.3924 96.1871 0
    endloop
  endfacet
  facet normal 0 0 -1
    outer loop
      vertex 12.1472 92.4452 0
      vertex 12.3924 96.1871 0
      vertex 12.2937 92.4307 0
    endloop
  endfacet
  facet normal 0 0 -1
    outer loop
      vertex 12 92.45 0
      vertex 12.3924 96.1871 0
      vertex 12.1472 92.4452 0
    endloop
  endfacet
  facet normal 0 0 -1
    outer loop
      vertex 12 92.45 0
      vertex 12 96.2 0
      vertex 12.3924 96.1871 0
    endloop
  endfacet
  facet normal 0 0 -1
    outer loop
      vertex 11.8528 92.4452 0
      vertex 12 96.2 0
      vertex 12 92.45 0
    endloop
  endfacet
  facet normal 0 0 -1
    outer loop
      vertex 11.6076 96.1871 0
      vertex 11.8528 92.4452 0
      vertex 11.7063 92.4307 0
    endloop
  endfacet
  facet normal 0 0 -1
    outer loop
      vertex 11.8528 92.4452 0
      vertex 11.6076 96.1871 0
      vertex 12 96.2 0
    endloop
  endfacet
  facet normal 0 0 -1
    outer loop
      vertex 11.2168 96.1487 0
      vertex 11.7063 92.4307 0
      vertex 11.561 92.4068 0
    endloop
  endfacet
  facet normal 0 0 -1
    outer loop
      vertex 10.8295 96.0847 0
      vertex 11.561 92.4068 0
      vertex 11.4177 92.3733 0
    endloop
  endfacet
  facet normal 0 0 -1
    outer loop
      vertex 10.4471 95.9956 0
      vertex 11.4177 92.3733 0
      vertex 11.2768 92.3306 0
    endloop
  endfacet
  facet normal 0 0 -1
    outer loop
      vertex 11.7063 92.4307 0
      vertex 11.2168 96.1487 0
      vertex 11.6076 96.1871 0
    endloop
  endfacet
  facet normal 0 0 -1
    outer loop
      vertex 10.0714 95.8816 0
      vertex 11.2768 92.3306 0
      vertex 11.139 92.2787 0
    endloop
  endfacet
  facet normal 0 0 -1
    outer loop
      vertex 9.7039 95.7433 0
      vertex 11.139 92.2787 0
      vertex 11.0049 92.218 0
    endloop
  endfacet
  facet normal 0 0 -1
    outer loop
      vertex 9.34627 95.5812 0
      vertex 11.0049 92.218 0
      vertex 10.875 92.1486 0
    endloop
  endfacet
  facet normal 0 0 -1
    outer loop
      vertex 11.561 92.4068 0
      vertex 10.8295 96.0847 0
      vertex 11.2168 96.1487 0
    endloop
  endfacet
  facet normal 0 0 -1
    outer loop
      vertex 9 95.3961 0
      vertex 10.875 92.1486 0
      vertex 10.75 92.0708 0
    endloop
  endfacet
  facet normal 0 0 -1
    outer loop
      vertex 8.66658 95.1888 0
      vertex 10.75 92.0708 0
      vertex 10.6303 91.985 0
    endloop
  endfacet
  facet normal 0 0 -1
    outer loop
      vertex 8.34743 94.9601 0
      vertex 10.6303 91.985 0
      vertex 10.5165 91.8916 0
    endloop
  endfacet
  facet normal 0 0 -1
    outer loop
      vertex 11.4177 92.3733 0
      vertex 10.4471 95.9956 0
      vertex 10.8295 96.0847 0
    endloop
  endfacet
  facet normal 0 0 -1
    outer loop
      vertex 8.04392 94.711 0
      vertex 10.5165 91.8916 0
      vertex 10.409 91.791 0
    endloop
  endfacet
  facet normal 0 0 -1
    outer loop
      vertex 7.75736 94.4426 0
      vertex 10.409 91.791 0
      vertex 10.3084 91.6835 0
    endloop
  endfacet
  facet normal 0 0 -1
    outer loop
      vertex 7.48896 94.1561 0
      vertex 10.3084 91.6835 0
      vertex 10.215 91.5697 0
    endloop
  endfacet
  facet normal 0 0 -1
    outer loop
      vertex 7.23988 93.8526 0
      vertex 10.215 91.5697 0
      vertex 10.1292 91.45 0
    endloop
  endfacet
  facet normal 0 0 -1
    outer loop
      vertex 11.2768 92.3306 0
      vertex 10.0714 95.8816 0
      vertex 10.4471 95.9956 0
    endloop
  endfacet
  facet normal 0 0 -1
    outer loop
      vertex 7.01118 93.5334 0
      vertex 10.1292 91.45 0
      vertex 10.0514 91.325 0
    endloop
  endfacet
  facet normal 0 0 -1
    outer loop
      vertex 6.80385 93.2 0
      vertex 10.0514 91.325 0
      vertex 9.98204 91.1952 0
    endloop
  endfacet
  facet normal 0 0 -1
    outer loop
      vertex 6.61876 92.8537 0
      vertex 9.98204 91.1952 0
      vertex 9.92127 91.061 0
    endloop
  endfacet
  facet normal 0 0 -1
    outer loop
      vertex 6.45672 92.4961 0
      vertex 9.92127 91.061 0
      vertex 9.86941 90.9232 0
    endloop
  endfacet
  facet normal 0 0 -1
    outer loop
      vertex 6.31842 92.1286 0
      vertex 9.86941 90.9232 0
      vertex 9.82667 90.7823 0
    endloop
  endfacet
  facet normal 0 0 -1
    outer loop
      vertex 6.20444 91.7529 0
      vertex 9.82667 90.7823 0
      vertex 9.79323 90.639 0
    endloop
  endfacet
  facet normal 0 0 -1
    outer loop
      vertex 6.11529 91.3705 0
      vertex 9.79323 90.639 0
      vertex 9.76925 90.4937 0
    endloop
  endfacet
  facet normal 0 0 -1
    outer loop
      vertex 6.05133 90.9832 0
      vertex 9.76925 90.4937 0
      vertex 9.75482 90.3472 0
    endloop
  endfacet
  facet normal 0 0 -1
    outer loop
      vertex 11.139 92.2787 0
      vertex 9.7039 95.7433 0
      vertex 10.0714 95.8816 0
    endloop
  endfacet
  facet normal 0 0 -1
    outer loop
      vertex 6.01285 90.5924 0
      vertex 9.75482 90.3472 0
      vertex 9.75 90.2 0
    endloop
  endfacet
  facet normal 0 0 -1
    outer loop
      vertex 9.79323 89.761 0
      vertex 6 90.2 0
      vertex 9.76925 89.9063 0
    endloop
  endfacet
  facet normal 0 0 -1
    outer loop
      vertex 6.80385 -8 0
      vertex 10.0514 -6.125 0
      vertex 7.01118 -8.33342 0
    endloop
  endfacet
  facet normal 0 0 -1
    outer loop
      vertex 9.76925 89.9063 0
      vertex 6 90.2 0
      vertex 9.75482 90.0528 0
    endloop
  endfacet
  facet normal -0 0 -1
    outer loop
      vertex 10.0514 -6.125 0
      vertex 6.80385 -8 0
      vertex 9.98204 -5.99515 0
    endloop
  endfacet
  facet normal 0 0 -1
    outer loop
      vertex 9.75482 90.0528 0
      vertex 6 90.2 0
      vertex 9.75 90.2 0
    endloop
  endfacet
  facet normal 0 0 -1
    outer loop
      vertex 6.61876 -7.65373 0
      vertex 9.98204 -5.99515 0
      vertex 6.80385 -8 0
    endloop
  endfacet
  facet normal 0 -0 -1
    outer loop
      vertex 6.01285 90.5924 0
      vertex 9.75 90.2 0
      vertex 6 90.2 0
    endloop
  endfacet
  facet normal -0 0 -1
    outer loop
      vertex 9.98204 -5.99515 0
      vertex 6.61876 -7.65373 0
      vertex 9.92127 -5.86104 0
    endloop
  endfacet
  facet normal 0 0 -1
    outer loop
      vertex 11.0049 92.218 0
      vertex 9.34627 95.5812 0
      vertex 9.7039 95.7433 0
    endloop
  endfacet
  facet normal 0 0 -1
    outer loop
      vertex 6.45672 -7.2961 0
      vertex 9.92127 -5.86104 0
      vertex 6.61876 -7.65373 0
    endloop
  endfacet
  facet normal 0 0 -1
    outer loop
      vertex 10.875 92.1486 0
      vertex 9 95.3961 0
      vertex 9.34627 95.5812 0
    endloop
  endfacet
  facet normal -0 0 -1
    outer loop
      vertex 9.92127 -5.86104 0
      vertex 6.45672 -7.2961 0
      vertex 9.86941 -5.72324 0
    endloop
  endfacet
  facet normal 0 0 -1
    outer loop
      vertex 10.75 92.0708 0
      vertex 8.66658 95.1888 0
      vertex 9 95.3961 0
    endloop
  endfacet
  facet normal 0 0 -1
    outer loop
      vertex 6.31842 -6.92864 0
      vertex 9.86941 -5.72324 0
      vertex 6.45672 -7.2961 0
    endloop
  endfacet
  facet normal 0 0 -1
    outer loop
      vertex 10.6303 91.985 0
      vertex 8.34743 94.9601 0
      vertex 8.66658 95.1888 0
    endloop
  endfacet
  facet normal -0 0 -1
    outer loop
      vertex 9.86941 -5.72324 0
      vertex 6.31842 -6.92864 0
      vertex 9.82667 -5.58234 0
    endloop
  endfacet
  facet normal 0 0 -1
    outer loop
      vertex 10.5165 91.8916 0
      vertex 8.04392 94.711 0
      vertex 8.34743 94.9601 0
    endloop
  endfacet
  facet normal 0 0 -1
    outer loop
      vertex 6.20444 -6.55291 0
      vertex 9.82667 -5.58234 0
      vertex 6.31842 -6.92864 0
    endloop
  endfacet
  facet normal 0 0 -1
    outer loop
      vertex 10.409 91.791 0
      vertex 7.75736 94.4426 0
      vertex 8.04392 94.711 0
    endloop
  endfacet
  facet normal -0 0 -1
    outer loop
      vertex 9.82667 -5.58234 0
      vertex 6.20444 -6.55291 0
      vertex 9.79323 -5.43895 0
    endloop
  endfacet
  facet normal 0 0 -1
    outer loop
      vertex 10.3084 91.6835 0
      vertex 7.48896 94.1561 0
      vertex 7.75736 94.4426 0
    endloop
  endfacet
  facet normal 0 0 -1
    outer loop
      vertex 6.11529 -6.17054 0
      vertex 9.79323 -5.43895 0
      vertex 6.20444 -6.55291 0
    endloop
  endfacet
  facet normal 0 0 -1
    outer loop
      vertex 10.215 91.5697 0
      vertex 7.23988 93.8526 0
      vertex 7.48896 94.1561 0
    endloop
  endfacet
  facet normal -0 0 -1
    outer loop
      vertex 9.79323 -5.43895 0
      vertex 6.11529 -6.17054 0
      vertex 9.76925 -5.29368 0
    endloop
  endfacet
  facet normal 0 0 -1
    outer loop
      vertex 10.1292 91.45 0
      vertex 7.01118 93.5334 0
      vertex 7.23988 93.8526 0
    endloop
  endfacet
  facet normal 0 0 -1
    outer loop
      vertex 6.05133 -5.78316 0
      vertex 9.76925 -5.29368 0
      vertex 6.11529 -6.17054 0
    endloop
  endfacet
  facet normal 0 0 -1
    outer loop
      vertex 10.0514 91.325 0
      vertex 6.80385 93.2 0
      vertex 7.01118 93.5334 0
    endloop
  endfacet
  facet normal -0 0 -1
    outer loop
      vertex 9.76925 -5.29368 0
      vertex 6.05133 -5.78316 0
      vertex 9.75482 -5.14716 0
    endloop
  endfacet
  facet normal 0 0 -1
    outer loop
      vertex 9.98204 91.1952 0
      vertex 6.61876 92.8537 0
      vertex 6.80385 93.2 0
    endloop
  endfacet
  facet normal 0 0 -1
    outer loop
      vertex 6.01285 -5.39242 0
      vertex 9.75482 -5.14716 0
      vertex 6.05133 -5.78316 0
    endloop
  endfacet
  facet normal 0 0 -1
    outer loop
      vertex 9.92127 91.061 0
      vertex 6.45672 92.4961 0
      vertex 6.61876 92.8537 0
    endloop
  endfacet
  facet normal -0 0 -1
    outer loop
      vertex 9.75482 -5.14716 0
      vertex 6.01285 -5.39242 0
      vertex 9.75 -5 0
    endloop
  endfacet
  facet normal 0 0 -1
    outer loop
      vertex 9.86941 90.9232 0
      vertex 6.31842 92.1286 0
      vertex 6.45672 92.4961 0
    endloop
  endfacet
  facet normal -0 0 -1
    outer loop
      vertex 9.75 -5 0
      vertex 6.01285 -5.39242 0
      vertex 6 -5 0
    endloop
  endfacet
  facet normal 0 0 -1
    outer loop
      vertex 9.82667 90.7823 0
      vertex 6.20444 91.7529 0
      vertex 6.31842 92.1286 0
    endloop
  endfacet
  facet normal -0 0 -1
    outer loop
      vertex 10.0514 -3.875 0
      vertex 6 -5 0
      vertex 6 0 0
    endloop
  endfacet
  facet normal 0 0 -1
    outer loop
      vertex 9.79323 90.639 0
      vertex 6.11529 91.3705 0
      vertex 6.20444 91.7529 0
    endloop
  endfacet
  facet normal 0 0 -1
    outer loop
      vertex 9.76925 90.4937 0
      vertex 6.05133 90.9832 0
      vertex 6.11529 91.3705 0
    endloop
  endfacet
  facet normal 0 0 -1
    outer loop
      vertex 9.75482 90.3472 0
      vertex 6.01285 90.5924 0
      vertex 6.05133 90.9832 0
    endloop
  endfacet
  facet normal 0 0 -1
    outer loop
      vertex 75.3733 -4.41766 0
      vertex 79.2 -5 0
      vertex 75.4068 -4.56105 0
    endloop
  endfacet
  facet normal 0 0 -1
    outer loop
      vertex 79.2 85.2 0
      vertex 75.4452 90.0528 0
      vertex 75.45 90.2 0
    endloop
  endfacet
  facet normal 0 0 -1
    outer loop
      vertex 75.3306 -4.27676 0
      vertex 79.2 -5 0
      vertex 75.3733 -4.41766 0
    endloop
  endfacet
  facet normal 0 0 -1
    outer loop
      vertex 79.2 85.2 0
      vertex 75.4307 89.9063 0
      vertex 75.4452 90.0528 0
    endloop
  endfacet
  facet normal 0 0 -1
    outer loop
      vertex 75.2787 -4.13896 0
      vertex 79.2 -5 0
      vertex 75.3306 -4.27676 0
    endloop
  endfacet
  facet normal 0 0 -1
    outer loop
      vertex 79.2 85.2 0
      vertex 75.4068 89.761 0
      vertex 75.4307 89.9063 0
    endloop
  endfacet
  facet normal 0 0 -1
    outer loop
      vertex 75.218 -4.00485 0
      vertex 79.2 -5 0
      vertex 75.2787 -4.13896 0
    endloop
  endfacet
  facet normal 0 0 -1
    outer loop
      vertex 79.2 85.2 0
      vertex 75.3733 89.6177 0
      vertex 75.4068 89.761 0
    endloop
  endfacet
  facet normal 0 0 -1
    outer loop
      vertex 75.1486 -3.875 0
      vertex 79.2 -5 0
      vertex 75.218 -4.00485 0
    endloop
  endfacet
  facet normal 0 0 -1
    outer loop
      vertex 79.2 85.2 0
      vertex 75.3306 89.4768 0
      vertex 75.3733 89.6177 0
    endloop
  endfacet
  facet normal 0 0 -1
    outer loop
      vertex 79.2 -5 0
      vertex 75.1486 -3.875 0
      vertex 79.2 0 0
    endloop
  endfacet
  facet normal 0 0 -1
    outer loop
      vertex 79.2 85.2 0
      vertex 75.2787 89.339 0
      vertex 75.3306 89.4768 0
    endloop
  endfacet
  facet normal 0 0 -1
    outer loop
      vertex 75.0708 -3.74997 0
      vertex 79.2 0 0
      vertex 75.1486 -3.875 0
    endloop
  endfacet
  facet normal 0 0 -1
    outer loop
      vertex 79.2 85.2 0
      vertex 75.218 89.2048 0
      vertex 75.2787 89.339 0
    endloop
  endfacet
  facet normal 0 0 -1
    outer loop
      vertex 74.985 -3.63029 0
      vertex 79.2 0 0
      vertex 75.0708 -3.74997 0
    endloop
  endfacet
  facet normal 0 0 -1
    outer loop
      vertex 79.2 85.2 0
      vertex 75.1486 89.075 0
      vertex 75.218 89.2048 0
    endloop
  endfacet
  facet normal 0 0 -1
    outer loop
      vertex 74.8916 -3.51647 0
      vertex 79.2 0 0
      vertex 74.985 -3.63029 0
    endloop
  endfacet
  facet normal 0 0 -1
    outer loop
      vertex 79.2 85.2 0
      vertex 75.0708 88.95 0
      vertex 75.1486 89.075 0
    endloop
  endfacet
  facet normal 0 0 -1
    outer loop
      vertex 74.791 -3.40901 0
      vertex 79.2 0 0
      vertex 74.8916 -3.51647 0
    endloop
  endfacet
  facet normal 0 0 -1
    outer loop
      vertex 79.2 85.2 0
      vertex 74.985 88.8303 0
      vertex 75.0708 88.95 0
    endloop
  endfacet
  facet normal 0 0 -1
    outer loop
      vertex 74.6835 -3.30836 0
      vertex 79.2 0 0
      vertex 74.791 -3.40901 0
    endloop
  endfacet
  facet normal 0 0 -1
    outer loop
      vertex 79.2 85.2 0
      vertex 74.8916 88.7165 0
      vertex 74.985 88.8303 0
    endloop
  endfacet
  facet normal 0 0 -1
    outer loop
      vertex 74.5697 -3.21495 0
      vertex 79.2 0 0
      vertex 74.6835 -3.30836 0
    endloop
  endfacet
  facet normal 0 0 -1
    outer loop
      vertex 79.2 85.2 0
      vertex 74.791 88.609 0
      vertex 74.8916 88.7165 0
    endloop
  endfacet
  facet normal 0 0 -1
    outer loop
      vertex 74.45 -3.12919 0
      vertex 79.2 0 0
      vertex 74.5697 -3.21495 0
    endloop
  endfacet
  facet normal 0 0 -1
    outer loop
      vertex 79.2 85.2 0
      vertex 74.6835 88.5084 0
      vertex 74.791 88.609 0
    endloop
  endfacet
  facet normal 0 0 -1
    outer loop
      vertex 74.325 -3.05144 0
      vertex 79.2 0 0
      vertex 74.45 -3.12919 0
    endloop
  endfacet
  facet normal 0 0 -1
    outer loop
      vertex 79.2 85.2 0
      vertex 74.5697 88.415 0
      vertex 74.6835 88.5084 0
    endloop
  endfacet
  facet normal 0 0 -1
    outer loop
      vertex 74.1952 -2.98204 0
      vertex 79.2 0 0
      vertex 74.325 -3.05144 0
    endloop
  endfacet
  facet normal 0 0 -1
    outer loop
      vertex 79.2 85.2 0
      vertex 74.45 88.3292 0
      vertex 74.5697 88.415 0
    endloop
  endfacet
  facet normal 0 0 -1
    outer loop
      vertex 74.061 -2.92127 0
      vertex 79.2 0 0
      vertex 74.1952 -2.98204 0
    endloop
  endfacet
  facet normal 0 0 -1
    outer loop
      vertex 79.2 85.2 0
      vertex 74.325 88.2514 0
      vertex 74.45 88.3292 0
    endloop
  endfacet
  facet normal 0 0 -1
    outer loop
      vertex 73.9232 -2.86941 0
      vertex 79.2 0 0
      vertex 74.061 -2.92127 0
    endloop
  endfacet
  facet normal 0 0 -1
    outer loop
      vertex 79.2 85.2 0
      vertex 74.1952 88.182 0
      vertex 74.325 88.2514 0
    endloop
  endfacet
  facet normal 0 0 -1
    outer loop
      vertex 73.7823 -2.82667 0
      vertex 79.2 0 0
      vertex 73.9232 -2.86941 0
    endloop
  endfacet
  facet normal 0 0 -1
    outer loop
      vertex 79.2 85.2 0
      vertex 74.061 88.1213 0
      vertex 74.1952 88.182 0
    endloop
  endfacet
  facet normal 0 0 -1
    outer loop
      vertex 79.2 0 0
      vertex 67.2 0 0
      vertex 79.2 85.2 0
    endloop
  endfacet
  facet normal 0 0 -1
    outer loop
      vertex 79.2 85.2 0
      vertex 73.9232 88.0694 0
      vertex 74.061 88.1213 0
    endloop
  endfacet
  facet normal 0 0 -1
    outer loop
      vertex 73.639 -2.79323 0
      vertex 79.2 0 0
      vertex 73.7823 -2.82667 0
    endloop
  endfacet
  facet normal 0 0 -1
    outer loop
      vertex 67.2 85.2 0
      vertex 79.2 85.2 0
      vertex 67.2 0 0
    endloop
  endfacet
  facet normal 0 0 -1
    outer loop
      vertex 73.4937 -2.76925 0
      vertex 79.2 0 0
      vertex 73.639 -2.79323 0
    endloop
  endfacet
  facet normal 0 -0 -1
    outer loop
      vertex 73.2 87.95 0
      vertex 79.2 85.2 0
      vertex 67.2 85.2 0
    endloop
  endfacet
  facet normal 0 0 -1
    outer loop
      vertex 73.3472 -2.75482 0
      vertex 79.2 0 0
      vertex 73.4937 -2.76925 0
    endloop
  endfacet
  facet normal 0 0 -1
    outer loop
      vertex 79.2 85.2 0
      vertex 73.7823 88.0267 0
      vertex 73.9232 88.0694 0
    endloop
  endfacet
  facet normal 0 0 -1
    outer loop
      vertex 73.2 -2.75 0
      vertex 79.2 0 0
      vertex 73.3472 -2.75482 0
    endloop
  endfacet
  facet normal 0 0 -1
    outer loop
      vertex 79.2 85.2 0
      vertex 73.639 87.9932 0
      vertex 73.7823 88.0267 0
    endloop
  endfacet
  facet normal -0 0 -1
    outer loop
      vertex 79.2 0 0
      vertex 73.2 -2.75 0
      vertex 67.2 0 0
    endloop
  endfacet
  facet normal 0 0 -1
    outer loop
      vertex 79.2 85.2 0
      vertex 73.4937 87.9692 0
      vertex 73.639 87.9932 0
    endloop
  endfacet
  facet normal 0 0 -1
    outer loop
      vertex 67.2 0 0
      vertex 73.2 -2.75 0
      vertex 73.0528 -2.75482 0
    endloop
  endfacet
  facet normal 0 0 -1
    outer loop
      vertex 79.2 85.2 0
      vertex 73.3472 87.9548 0
      vertex 73.4937 87.9692 0
    endloop
  endfacet
  facet normal 0 0 -1
    outer loop
      vertex 67.2 0 0
      vertex 73.0528 -2.75482 0
      vertex 72.9063 -2.76925 0
    endloop
  endfacet
  facet normal 0 0 -1
    outer loop
      vertex 79.2 85.2 0
      vertex 73.2 87.95 0
      vertex 73.3472 87.9548 0
    endloop
  endfacet
  facet normal 0 0 -1
    outer loop
      vertex 67.2 0 0
      vertex 72.9063 -2.76925 0
      vertex 72.761 -2.79323 0
    endloop
  endfacet
  facet normal -0 0 -1
    outer loop
      vertex 73.2 87.95 0
      vertex 67.2 85.2 0
      vertex 73.0528 87.9548 0
    endloop
  endfacet
  facet normal 0 0 -1
    outer loop
      vertex 67.2 0 0
      vertex 72.761 -2.79323 0
      vertex 72.6177 -2.82667 0
    endloop
  endfacet
  facet normal -0 0 -1
    outer loop
      vertex 73.0528 87.9548 0
      vertex 67.2 85.2 0
      vertex 72.9063 87.9692 0
    endloop
  endfacet
  facet normal 0 0 -1
    outer loop
      vertex 67.2 0 0
      vertex 72.6177 -2.82667 0
      vertex 72.4768 -2.86941 0
    endloop
  endfacet
  facet normal -0 0 -1
    outer loop
      vertex 72.9063 87.9692 0
      vertex 67.2 85.2 0
      vertex 72.761 87.9932 0
    endloop
  endfacet
  facet normal 0 0 -1
    outer loop
      vertex 67.2 0 0
      vertex 72.4768 -2.86941 0
      vertex 72.339 -2.92127 0
    endloop
  endfacet
  facet normal -0 0 -1
    outer loop
      vertex 72.761 87.9932 0
      vertex 67.2 85.2 0
      vertex 72.6177 88.0267 0
    endloop
  endfacet
  facet normal 0 0 -1
    outer loop
      vertex 67.2 0 0
      vertex 72.339 -2.92127 0
      vertex 72.2048 -2.98204 0
    endloop
  endfacet
  facet normal -0 0 -1
    outer loop
      vertex 72.6177 88.0267 0
      vertex 67.2 85.2 0
      vertex 72.4768 88.0694 0
    endloop
  endfacet
  facet normal 0 0 -1
    outer loop
      vertex 67.2 0 0
      vertex 72.2048 -2.98204 0
      vertex 72.075 -3.05144 0
    endloop
  endfacet
  facet normal -0 0 -1
    outer loop
      vertex 72.4768 88.0694 0
      vertex 67.2 85.2 0
      vertex 72.339 88.1213 0
    endloop
  endfacet
  facet normal 0 0 -1
    outer loop
      vertex 67.2 0 0
      vertex 72.075 -3.05144 0
      vertex 71.95 -3.12919 0
    endloop
  endfacet
  facet normal -0 0 -1
    outer loop
      vertex 72.339 88.1213 0
      vertex 67.2 85.2 0
      vertex 72.2048 88.182 0
    endloop
  endfacet
  facet normal 0 0 -1
    outer loop
      vertex 67.2 0 0
      vertex 71.95 -3.12919 0
      vertex 71.8303 -3.21495 0
    endloop
  endfacet
  facet normal -0 0 -1
    outer loop
      vertex 72.2048 88.182 0
      vertex 67.2 85.2 0
      vertex 72.075 88.2514 0
    endloop
  endfacet
  facet normal 0 0 -1
    outer loop
      vertex 67.2 0 0
      vertex 71.8303 -3.21495 0
      vertex 71.7165 -3.30836 0
    endloop
  endfacet
  facet normal -0 0 -1
    outer loop
      vertex 72.075 88.2514 0
      vertex 67.2 85.2 0
      vertex 71.95 88.3292 0
    endloop
  endfacet
  facet normal 0 0 -1
    outer loop
      vertex 67.2 0 0
      vertex 71.7165 -3.30836 0
      vertex 71.609 -3.40901 0
    endloop
  endfacet
  facet normal -0 0 -1
    outer loop
      vertex 71.95 88.3292 0
      vertex 67.2 85.2 0
      vertex 71.8303 88.415 0
    endloop
  endfacet
  facet normal 0 0 -1
    outer loop
      vertex 67.2 0 0
      vertex 71.609 -3.40901 0
      vertex 71.5084 -3.51647 0
    endloop
  endfacet
  facet normal -0 0 -1
    outer loop
      vertex 71.8303 88.415 0
      vertex 67.2 85.2 0
      vertex 71.7165 88.5084 0
    endloop
  endfacet
  facet normal 0 0 -1
    outer loop
      vertex 67.2 0 0
      vertex 71.5084 -3.51647 0
      vertex 71.415 -3.63029 0
    endloop
  endfacet
  facet normal -0 0 -1
    outer loop
      vertex 71.7165 88.5084 0
      vertex 67.2 85.2 0
      vertex 71.609 88.609 0
    endloop
  endfacet
  facet normal 0 0 -1
    outer loop
      vertex 67.2 0 0
      vertex 71.415 -3.63029 0
      vertex 71.3292 -3.74997 0
    endloop
  endfacet
  facet normal -0 0 -1
    outer loop
      vertex 71.609 88.609 0
      vertex 67.2 85.2 0
      vertex 71.5084 88.7165 0
    endloop
  endfacet
  facet normal 0 0 -1
    outer loop
      vertex 67.2 0 0
      vertex 71.3292 -3.74997 0
      vertex 71.2514 -3.875 0
    endloop
  endfacet
  facet normal -0 0 -1
    outer loop
      vertex 71.5084 88.7165 0
      vertex 67.2 85.2 0
      vertex 71.415 88.8303 0
    endloop
  endfacet
  facet normal 0 0 -1
    outer loop
      vertex 67.2 -5 0
      vertex 71.2514 -3.875 0
      vertex 71.182 -4.00485 0
    endloop
  endfacet
  facet normal -0 0 -1
    outer loop
      vertex 71.415 88.8303 0
      vertex 67.2 85.2 0
      vertex 71.3292 88.95 0
    endloop
  endfacet
  facet normal 0 0 -1
    outer loop
      vertex 67.2 -5 0
      vertex 71.182 -4.00485 0
      vertex 71.1213 -4.13896 0
    endloop
  endfacet
  facet normal -0 0 -1
    outer loop
      vertex 71.3292 88.95 0
      vertex 67.2 85.2 0
      vertex 71.2514 89.075 0
    endloop
  endfacet
  facet normal 0 0 -1
    outer loop
      vertex 67.2 -5 0
      vertex 71.1213 -4.13896 0
      vertex 71.0694 -4.27676 0
    endloop
  endfacet
  facet normal 0 0 -1
    outer loop
      vertex 67.2 90.2 0
      vertex 71.2514 89.075 0
      vertex 67.2 85.2 0
    endloop
  endfacet
  facet normal 0 0 -1
    outer loop
      vertex 67.2 -5 0
      vertex 71.0694 -4.27676 0
      vertex 71.0267 -4.41766 0
    endloop
  endfacet
  facet normal 0 0 -1
    outer loop
      vertex 71.2514 89.075 0
      vertex 67.2 90.2 0
      vertex 71.182 89.2048 0
    endloop
  endfacet
  facet normal 0 0 -1
    outer loop
      vertex 67.2 -5 0
      vertex 71.0267 -4.41766 0
      vertex 70.9932 -4.56105 0
    endloop
  endfacet
  facet normal 0 0 -1
    outer loop
      vertex 71.182 89.2048 0
      vertex 67.2 90.2 0
      vertex 71.1213 89.339 0
    endloop
  endfacet
  facet normal 0 0 -1
    outer loop
      vertex 67.2 -5 0
      vertex 70.9932 -4.56105 0
      vertex 70.9692 -4.70632 0
    endloop
  endfacet
  facet normal 0 0 -1
    outer loop
      vertex 71.1213 89.339 0
      vertex 67.2 90.2 0
      vertex 71.0694 89.4768 0
    endloop
  endfacet
  facet normal 0 0 -1
    outer loop
      vertex 67.2 -5 0
      vertex 70.9692 -4.70632 0
      vertex 70.9548 -4.85284 0
    endloop
  endfacet
  facet normal 0 0 -1
    outer loop
      vertex 71.0694 89.4768 0
      vertex 67.2 90.2 0
      vertex 71.0267 89.6177 0
    endloop
  endfacet
  facet normal 0 0 -1
    outer loop
      vertex 67.2 -5 0
      vertex 70.9548 -4.85284 0
      vertex 70.95 -5 0
    endloop
  endfacet
  facet normal 0 0 -1
    outer loop
      vertex 71.0267 89.6177 0
      vertex 67.2 90.2 0
      vertex 70.9932 89.761 0
    endloop
  endfacet
  facet normal 0 0 -1
    outer loop
      vertex 75.4452 -4.85284 0
      vertex 79.2 -5 0
      vertex 75.45 -5 0
    endloop
  endfacet
  facet normal 0 0 -1
    outer loop
      vertex 75.4307 -4.70632 0
      vertex 79.2 -5 0
      vertex 75.4452 -4.85284 0
    endloop
  endfacet
  facet normal 0 0 -1
    outer loop
      vertex 75.45 -5 0
      vertex 79.2 -5 0
      vertex 79.1871 -5.39242 0
    endloop
  endfacet
  facet normal 0 0 -1
    outer loop
      vertex 75.4068 -4.56105 0
      vertex 79.2 -5 0
      vertex 75.4307 -4.70632 0
    endloop
  endfacet
  facet normal 0 0 -1
    outer loop
      vertex 75.4452 -5.14716 0
      vertex 79.1871 -5.39242 0
      vertex 79.1487 -5.78316 0
    endloop
  endfacet
  facet normal 0 0 -1
    outer loop
      vertex 79.2 85.2 0
      vertex 75.45 90.2 0
      vertex 79.2 90.2 0
    endloop
  endfacet
  facet normal 0 0 -1
    outer loop
      vertex 75.4307 -5.29368 0
      vertex 79.1487 -5.78316 0
      vertex 79.0847 -6.17054 0
    endloop
  endfacet
  facet normal 0 0 -1
    outer loop
      vertex 79.2 90.2 0
      vertex 75.45 90.2 0
      vertex 79.1871 90.5924 0
    endloop
  endfacet
  facet normal 0 0 -1
    outer loop
      vertex 75.4068 -5.43895 0
      vertex 79.0847 -6.17054 0
      vertex 78.9956 -6.55291 0
    endloop
  endfacet
  facet normal 0 0 -1
    outer loop
      vertex 75.4452 90.3472 0
      vertex 79.1871 90.5924 0
      vertex 75.45 90.2 0
    endloop
  endfacet
  facet normal 0 0 -1
    outer loop
      vertex 75.3733 -5.58234 0
      vertex 78.9956 -6.55291 0
      vertex 78.8816 -6.92864 0
    endloop
  endfacet
  facet normal -0 0 -1
    outer loop
      vertex 79.1871 90.5924 0
      vertex 75.4452 90.3472 0
      vertex 79.1487 90.9832 0
    endloop
  endfacet
  facet normal 0 0 -1
    outer loop
      vertex 75.3306 -5.72324 0
      vertex 78.8816 -6.92864 0
      vertex 78.7433 -7.2961 0
    endloop
  endfacet
  facet normal 0 0 -1
    outer loop
      vertex 75.4307 90.4937 0
      vertex 79.1487 90.9832 0
      vertex 75.4452 90.3472 0
    endloop
  endfacet
  facet normal 0 0 -1
    outer loop
      vertex 75.2787 -5.86104 0
      vertex 78.7433 -7.2961 0
      vertex 78.5812 -7.65373 0
    endloop
  endfacet
  facet normal -0 0 -1
    outer loop
      vertex 79.1487 90.9832 0
      vertex 75.4307 90.4937 0
      vertex 79.0847 91.3705 0
    endloop
  endfacet
  facet normal 0 0 -1
    outer loop
      vertex 75.218 -5.99515 0
      vertex 78.5812 -7.65373 0
      vertex 78.3961 -8 0
    endloop
  endfacet
  facet normal 0 0 -1
    outer loop
      vertex 75.4068 90.639 0
      vertex 79.0847 91.3705 0
      vertex 75.4307 90.4937 0
    endloop
  endfacet
  facet normal 0 0 -1
    outer loop
      vertex 75.1486 -6.125 0
      vertex 78.3961 -8 0
      vertex 78.1888 -8.33342 0
    endloop
  endfacet
  facet normal -0 0 -1
    outer loop
      vertex 79.0847 91.3705 0
      vertex 75.4068 90.639 0
      vertex 78.9956 91.7529 0
    endloop
  endfacet
  facet normal 0 0 -1
    outer loop
      vertex 75.0708 -6.25003 0
      vertex 78.1888 -8.33342 0
      vertex 77.9601 -8.65257 0
    endloop
  endfacet
  facet normal 0 0 -1
    outer loop
      vertex 75.3733 90.7823 0
      vertex 78.9956 91.7529 0
      vertex 75.4068 90.639 0
    endloop
  endfacet
  facet normal 0 0 -1
    outer loop
      vertex 74.985 -6.36971 0
      vertex 77.9601 -8.65257 0
      vertex 77.711 -8.95607 0
    endloop
  endfacet
  facet normal -0 0 -1
    outer loop
      vertex 78.9956 91.7529 0
      vertex 75.3733 90.7823 0
      vertex 78.8816 92.1286 0
    endloop
  endfacet
  facet normal 0 0 -1
    outer loop
      vertex 74.8916 -6.48353 0
      vertex 77.711 -8.95607 0
      vertex 77.4426 -9.24264 0
    endloop
  endfacet
  facet normal 0 0 -1
    outer loop
      vertex 75.3306 90.9232 0
      vertex 78.8816 92.1286 0
      vertex 75.3733 90.7823 0
    endloop
  endfacet
  facet normal 0 0 -1
    outer loop
      vertex 74.791 -6.59099 0
      vertex 77.4426 -9.24264 0
      vertex 77.1561 -9.51104 0
    endloop
  endfacet
  facet normal -0 0 -1
    outer loop
      vertex 78.8816 92.1286 0
      vertex 75.3306 90.9232 0
      vertex 78.7433 92.4961 0
    endloop
  endfacet
  facet normal 0 0 -1
    outer loop
      vertex 74.6835 -6.69164 0
      vertex 77.1561 -9.51104 0
      vertex 76.8526 -9.76012 0
    endloop
  endfacet
  facet normal 0 0 -1
    outer loop
      vertex 75.2787 91.061 0
      vertex 78.7433 92.4961 0
      vertex 75.3306 90.9232 0
    endloop
  endfacet
  facet normal 0 0 -1
    outer loop
      vertex 74.5697 -6.78504 0
      vertex 76.8526 -9.76012 0
      vertex 76.5334 -9.98882 0
    endloop
  endfacet
  facet normal -0 0 -1
    outer loop
      vertex 78.7433 92.4961 0
      vertex 75.2787 91.061 0
      vertex 78.5812 92.8537 0
    endloop
  endfacet
  facet normal 0 0 -1
    outer loop
      vertex 74.45 -6.87081 0
      vertex 76.5334 -9.98882 0
      vertex 76.2 -10.1962 0
    endloop
  endfacet
  facet normal 0 0 -1
    outer loop
      vertex 75.218 91.1952 0
      vertex 78.5812 92.8537 0
      vertex 75.2787 91.061 0
    endloop
  endfacet
  facet normal 0 0 -1
    outer loop
      vertex 74.325 -6.94856 0
      vertex 76.2 -10.1962 0
      vertex 75.8537 -10.3812 0
    endloop
  endfacet
  facet normal -0 0 -1
    outer loop
      vertex 78.5812 92.8537 0
      vertex 75.218 91.1952 0
      vertex 78.3961 93.2 0
    endloop
  endfacet
  facet normal 0 0 -1
    outer loop
      vertex 74.1952 -7.01796 0
      vertex 75.8537 -10.3812 0
      vertex 75.4961 -10.5433 0
    endloop
  endfacet
  facet normal 0 0 -1
    outer loop
      vertex 75.1486 91.325 0
      vertex 78.3961 93.2 0
      vertex 75.218 91.1952 0
    endloop
  endfacet
  facet normal -0 0 -1
    outer loop
      vertex 78.3961 93.2 0
      vertex 75.1486 91.325 0
      vertex 78.1888 93.5334 0
    endloop
  endfacet
  facet normal 0 0 -1
    outer loop
      vertex 79.1871 -5.39242 0
      vertex 75.4452 -5.14716 0
      vertex 75.45 -5 0
    endloop
  endfacet
  facet normal 0 0 -1
    outer loop
      vertex 79.1487 -5.78316 0
      vertex 75.4307 -5.29368 0
      vertex 75.4452 -5.14716 0
    endloop
  endfacet
  facet normal 0 0 -1
    outer loop
      vertex 79.0847 -6.17054 0
      vertex 75.4068 -5.43895 0
      vertex 75.4307 -5.29368 0
    endloop
  endfacet
  facet normal 0 0 -1
    outer loop
      vertex 78.9956 -6.55291 0
      vertex 75.3733 -5.58234 0
      vertex 75.4068 -5.43895 0
    endloop
  endfacet
  facet normal 0 0 -1
    outer loop
      vertex 78.8816 -6.92864 0
      vertex 75.3306 -5.72324 0
      vertex 75.3733 -5.58234 0
    endloop
  endfacet
  facet normal 0 0 -1
    outer loop
      vertex 78.7433 -7.2961 0
      vertex 75.2787 -5.86104 0
      vertex 75.3306 -5.72324 0
    endloop
  endfacet
  facet normal 0 0 -1
    outer loop
      vertex 78.5812 -7.65373 0
      vertex 75.218 -5.99515 0
      vertex 75.2787 -5.86104 0
    endloop
  endfacet
  facet normal 0 0 -1
    outer loop
      vertex 78.3961 -8 0
      vertex 75.1486 -6.125 0
      vertex 75.218 -5.99515 0
    endloop
  endfacet
  facet normal 0 0 -1
    outer loop
      vertex 74.061 -7.07873 0
      vertex 75.4961 -10.5433 0
      vertex 75.1286 -10.6816 0
    endloop
  endfacet
  facet normal 0 0 -1
    outer loop
      vertex 78.1888 -8.33342 0
      vertex 75.0708 -6.25003 0
      vertex 75.1486 -6.125 0
    endloop
  endfacet
  facet normal 0 0 -1
    outer loop
      vertex 77.9601 -8.65257 0
      vertex 74.985 -6.36971 0
      vertex 75.0708 -6.25003 0
    endloop
  endfacet
  facet normal 0 0 -1
    outer loop
      vertex 77.711 -8.95607 0
      vertex 74.8916 -6.48353 0
      vertex 74.985 -6.36971 0
    endloop
  endfacet
  facet normal 0 0 -1
    outer loop
      vertex 77.4426 -9.24264 0
      vertex 74.791 -6.59099 0
      vertex 74.8916 -6.48353 0
    endloop
  endfacet
  facet normal 0 0 -1
    outer loop
      vertex 73.9232 -7.13059 0
      vertex 75.1286 -10.6816 0
      vertex 74.7529 -10.7956 0
    endloop
  endfacet
  facet normal 0 0 -1
    outer loop
      vertex 77.1561 -9.51104 0
      vertex 74.6835 -6.69164 0
      vertex 74.791 -6.59099 0
    endloop
  endfacet
  facet normal 0 0 -1
    outer loop
      vertex 76.8526 -9.76012 0
      vertex 74.5697 -6.78504 0
      vertex 74.6835 -6.69164 0
    endloop
  endfacet
  facet normal 0 0 -1
    outer loop
      vertex 76.5334 -9.98882 0
      vertex 74.45 -6.87081 0
      vertex 74.5697 -6.78504 0
    endloop
  endfacet
  facet normal 0 0 -1
    outer loop
      vertex 73.7823 -7.17333 0
      vertex 74.7529 -10.7956 0
      vertex 74.3705 -10.8847 0
    endloop
  endfacet
  facet normal 0 0 -1
    outer loop
      vertex 76.2 -10.1962 0
      vertex 74.325 -6.94856 0
      vertex 74.45 -6.87081 0
    endloop
  endfacet
  facet normal 0 0 -1
    outer loop
      vertex 75.8537 -10.3812 0
      vertex 74.1952 -7.01796 0
      vertex 74.325 -6.94856 0
    endloop
  endfacet
  facet normal 0 0 -1
    outer loop
      vertex 75.4961 -10.5433 0
      vertex 74.061 -7.07873 0
      vertex 74.1952 -7.01796 0
    endloop
  endfacet
  facet normal 0 0 -1
    outer loop
      vertex 73.639 -7.20677 0
      vertex 74.3705 -10.8847 0
      vertex 73.9832 -10.9487 0
    endloop
  endfacet
  facet normal 0 0 -1
    outer loop
      vertex 75.1286 -10.6816 0
      vertex 73.9232 -7.13059 0
      vertex 74.061 -7.07873 0
    endloop
  endfacet
  facet normal 0 0 -1
    outer loop
      vertex 74.7529 -10.7956 0
      vertex 73.7823 -7.17333 0
      vertex 73.9232 -7.13059 0
    endloop
  endfacet
  facet normal 0 0 -1
    outer loop
      vertex 74.3705 -10.8847 0
      vertex 73.639 -7.20677 0
      vertex 73.7823 -7.17333 0
    endloop
  endfacet
  facet normal 0 0 -1
    outer loop
      vertex 73.4937 -7.23075 0
      vertex 73.9832 -10.9487 0
      vertex 73.5924 -10.9872 0
    endloop
  endfacet
  facet normal 0 0 -1
    outer loop
      vertex 73.9832 -10.9487 0
      vertex 73.4937 -7.23075 0
      vertex 73.639 -7.20677 0
    endloop
  endfacet
  facet normal 0 0 -1
    outer loop
      vertex 73.5924 -10.9872 0
      vertex 73.3472 -7.24518 0
      vertex 73.4937 -7.23075 0
    endloop
  endfacet
  facet normal 0 0 -1
    outer loop
      vertex 73.2 -11 0
      vertex 73.3472 -7.24518 0
      vertex 73.5924 -10.9872 0
    endloop
  endfacet
  facet normal 0 0 -1
    outer loop
      vertex 73.2 -11 0
      vertex 73.2 -7.25 0
      vertex 73.3472 -7.24518 0
    endloop
  endfacet
  facet normal 0 0 -1
    outer loop
      vertex 73.2 -11 0
      vertex 73.0528 -7.24518 0
      vertex 73.2 -7.25 0
    endloop
  endfacet
  facet normal 0 0 -1
    outer loop
      vertex 72.8076 -10.9872 0
      vertex 73.0528 -7.24518 0
      vertex 73.2 -11 0
    endloop
  endfacet
  facet normal -0 0 -1
    outer loop
      vertex 73.0528 -7.24518 0
      vertex 72.8076 -10.9872 0
      vertex 72.9063 -7.23075 0
    endloop
  endfacet
  facet normal 0 0 -1
    outer loop
      vertex 72.4168 -10.9487 0
      vertex 72.9063 -7.23075 0
      vertex 72.8076 -10.9872 0
    endloop
  endfacet
  facet normal -0 0 -1
    outer loop
      vertex 72.9063 -7.23075 0
      vertex 72.4168 -10.9487 0
      vertex 72.761 -7.20677 0
    endloop
  endfacet
  facet normal 0 0 -1
    outer loop
      vertex 72.0295 -10.8847 0
      vertex 72.761 -7.20677 0
      vertex 72.4168 -10.9487 0
    endloop
  endfacet
  facet normal -0 0 -1
    outer loop
      vertex 72.761 -7.20677 0
      vertex 72.0295 -10.8847 0
      vertex 72.6177 -7.17333 0
    endloop
  endfacet
  facet normal 0 0 -1
    outer loop
      vertex 71.6471 -10.7956 0
      vertex 72.6177 -7.17333 0
      vertex 72.0295 -10.8847 0
    endloop
  endfacet
  facet normal -0 0 -1
    outer loop
      vertex 72.6177 -7.17333 0
      vertex 71.6471 -10.7956 0
      vertex 72.4768 -7.13059 0
    endloop
  endfacet
  facet normal 0 0 -1
    outer loop
      vertex 71.2714 -10.6816 0
      vertex 72.4768 -7.13059 0
      vertex 71.6471 -10.7956 0
    endloop
  endfacet
  facet normal -0 0 -1
    outer loop
      vertex 72.4768 -7.13059 0
      vertex 71.2714 -10.6816 0
      vertex 72.339 -7.07873 0
    endloop
  endfacet
  facet normal 0 0 -1
    outer loop
      vertex 70.9039 -10.5433 0
      vertex 72.339 -7.07873 0
      vertex 71.2714 -10.6816 0
    endloop
  endfacet
  facet normal -0 0 -1
    outer loop
      vertex 72.339 -7.07873 0
      vertex 70.9039 -10.5433 0
      vertex 72.2048 -7.01796 0
    endloop
  endfacet
  facet normal 0 0 -1
    outer loop
      vertex 70.5463 -10.3812 0
      vertex 72.2048 -7.01796 0
      vertex 70.9039 -10.5433 0
    endloop
  endfacet
  facet normal -0 0 -1
    outer loop
      vertex 72.2048 -7.01796 0
      vertex 70.5463 -10.3812 0
      vertex 72.075 -6.94856 0
    endloop
  endfacet
  facet normal 0 0 -1
    outer loop
      vertex 70.2 -10.1962 0
      vertex 72.075 -6.94856 0
      vertex 70.5463 -10.3812 0
    endloop
  endfacet
  facet normal -0 0 -1
    outer loop
      vertex 72.075 -6.94856 0
      vertex 70.2 -10.1962 0
      vertex 71.95 -6.87081 0
    endloop
  endfacet
  facet normal 0 0 -1
    outer loop
      vertex 69.8666 -9.98882 0
      vertex 71.95 -6.87081 0
      vertex 70.2 -10.1962 0
    endloop
  endfacet
  facet normal -0 0 -1
    outer loop
      vertex 71.95 -6.87081 0
      vertex 69.8666 -9.98882 0
      vertex 71.8303 -6.78504 0
    endloop
  endfacet
  facet normal 0 0 -1
    outer loop
      vertex 69.5474 -9.76012 0
      vertex 71.8303 -6.78504 0
      vertex 69.8666 -9.98882 0
    endloop
  endfacet
  facet normal -0 0 -1
    outer loop
      vertex 71.8303 -6.78504 0
      vertex 69.5474 -9.76012 0
      vertex 71.7165 -6.69164 0
    endloop
  endfacet
  facet normal 0 0 -1
    outer loop
      vertex 69.2439 -9.51104 0
      vertex 71.7165 -6.69164 0
      vertex 69.5474 -9.76012 0
    endloop
  endfacet
  facet normal -0 0 -1
    outer loop
      vertex 71.7165 -6.69164 0
      vertex 69.2439 -9.51104 0
      vertex 71.609 -6.59099 0
    endloop
  endfacet
  facet normal 0 0 -1
    outer loop
      vertex 68.9574 -9.24264 0
      vertex 71.609 -6.59099 0
      vertex 69.2439 -9.51104 0
    endloop
  endfacet
  facet normal -0 0 -1
    outer loop
      vertex 71.609 -6.59099 0
      vertex 68.9574 -9.24264 0
      vertex 71.5084 -6.48353 0
    endloop
  endfacet
  facet normal 0 0 -1
    outer loop
      vertex 68.689 -8.95607 0
      vertex 71.5084 -6.48353 0
      vertex 68.9574 -9.24264 0
    endloop
  endfacet
  facet normal -0 0 -1
    outer loop
      vertex 71.5084 -6.48353 0
      vertex 68.689 -8.95607 0
      vertex 71.415 -6.36971 0
    endloop
  endfacet
  facet normal 0 0 -1
    outer loop
      vertex 68.4399 -8.65257 0
      vertex 71.415 -6.36971 0
      vertex 68.689 -8.95607 0
    endloop
  endfacet
  facet normal -0 0 -1
    outer loop
      vertex 71.3292 -6.25003 0
      vertex 68.2112 -8.33342 0
      vertex 71.2514 -6.125 0
    endloop
  endfacet
  facet normal 0 0 -1
    outer loop
      vertex 68.2112 -8.33342 0
      vertex 71.3292 -6.25003 0
      vertex 68.4399 -8.65257 0
    endloop
  endfacet
  facet normal -0 0 -1
    outer loop
      vertex 71.415 -6.36971 0
      vertex 68.4399 -8.65257 0
      vertex 71.3292 -6.25003 0
    endloop
  endfacet
  facet normal 0 0 -1
    outer loop
      vertex 79.2 0 0
      vertex 85.2 85.2 0
      vertex 85.2 0 0
    endloop
  endfacet
  facet normal -0 0 -1
    outer loop
      vertex 85.2 85.2 0
      vertex 79.2 0 0
      vertex 79.2 85.2 0
    endloop
  endfacet
  facet normal 0 0 -1
    outer loop
      vertex 75.0708 91.45 0
      vertex 78.1888 93.5334 0
      vertex 75.1486 91.325 0
    endloop
  endfacet
  facet normal -0 0 -1
    outer loop
      vertex 78.1888 93.5334 0
      vertex 75.0708 91.45 0
      vertex 77.9601 93.8526 0
    endloop
  endfacet
  facet normal 0 0 -1
    outer loop
      vertex 74.985 91.5697 0
      vertex 77.9601 93.8526 0
      vertex 75.0708 91.45 0
    endloop
  endfacet
  facet normal -0 0 -1
    outer loop
      vertex 77.9601 93.8526 0
      vertex 74.985 91.5697 0
      vertex 77.711 94.1561 0
    endloop
  endfacet
  facet normal 0 0 -1
    outer loop
      vertex 74.8916 91.6835 0
      vertex 77.711 94.1561 0
      vertex 74.985 91.5697 0
    endloop
  endfacet
  facet normal -0 0 -1
    outer loop
      vertex 77.711 94.1561 0
      vertex 74.8916 91.6835 0
      vertex 77.4426 94.4426 0
    endloop
  endfacet
  facet normal 0 0 -1
    outer loop
      vertex 74.791 91.791 0
      vertex 77.4426 94.4426 0
      vertex 74.8916 91.6835 0
    endloop
  endfacet
  facet normal -0 0 -1
    outer loop
      vertex 77.4426 94.4426 0
      vertex 74.791 91.791 0
      vertex 77.1561 94.711 0
    endloop
  endfacet
  facet normal 0 0 -1
    outer loop
      vertex 74.6835 91.8916 0
      vertex 77.1561 94.711 0
      vertex 74.791 91.791 0
    endloop
  endfacet
  facet normal -0 0 -1
    outer loop
      vertex 77.1561 94.711 0
      vertex 74.6835 91.8916 0
      vertex 76.8526 94.9601 0
    endloop
  endfacet
  facet normal 0 0 -1
    outer loop
      vertex 74.5697 91.985 0
      vertex 76.8526 94.9601 0
      vertex 74.6835 91.8916 0
    endloop
  endfacet
  facet normal -0 0 -1
    outer loop
      vertex 76.8526 94.9601 0
      vertex 74.5697 91.985 0
      vertex 76.5334 95.1888 0
    endloop
  endfacet
  facet normal 0 0 -1
    outer loop
      vertex 74.45 92.0708 0
      vertex 76.5334 95.1888 0
      vertex 74.5697 91.985 0
    endloop
  endfacet
  facet normal -0 0 -1
    outer loop
      vertex 76.5334 95.1888 0
      vertex 74.45 92.0708 0
      vertex 76.2 95.3961 0
    endloop
  endfacet
  facet normal 0 0 -1
    outer loop
      vertex 74.325 92.1486 0
      vertex 76.2 95.3961 0
      vertex 74.45 92.0708 0
    endloop
  endfacet
  facet normal -0 0 -1
    outer loop
      vertex 76.2 95.3961 0
      vertex 74.325 92.1486 0
      vertex 75.8537 95.5812 0
    endloop
  endfacet
  facet normal 0 0 -1
    outer loop
      vertex 74.1952 92.218 0
      vertex 75.8537 95.5812 0
      vertex 74.325 92.1486 0
    endloop
  endfacet
  facet normal -0 0 -1
    outer loop
      vertex 75.8537 95.5812 0
      vertex 74.1952 92.218 0
      vertex 75.4961 95.7433 0
    endloop
  endfacet
  facet normal 0 0 -1
    outer loop
      vertex 74.061 92.2787 0
      vertex 75.4961 95.7433 0
      vertex 74.1952 92.218 0
    endloop
  endfacet
  facet normal -0 0 -1
    outer loop
      vertex 75.4961 95.7433 0
      vertex 74.061 92.2787 0
      vertex 75.1286 95.8816 0
    endloop
  endfacet
  facet normal 0 0 -1
    outer loop
      vertex 73.9232 92.3306 0
      vertex 75.1286 95.8816 0
      vertex 74.061 92.2787 0
    endloop
  endfacet
  facet normal -0 0 -1
    outer loop
      vertex 75.1286 95.8816 0
      vertex 73.9232 92.3306 0
      vertex 74.7529 95.9956 0
    endloop
  endfacet
  facet normal 0 0 -1
    outer loop
      vertex 73.7823 92.3733 0
      vertex 74.7529 95.9956 0
      vertex 73.9232 92.3306 0
    endloop
  endfacet
  facet normal -0 0 -1
    outer loop
      vertex 74.7529 95.9956 0
      vertex 73.7823 92.3733 0
      vertex 74.3705 96.0847 0
    endloop
  endfacet
  facet normal 0 0 -1
    outer loop
      vertex 73.639 92.4068 0
      vertex 74.3705 96.0847 0
      vertex 73.7823 92.3733 0
    endloop
  endfacet
  facet normal -0 0 -1
    outer loop
      vertex 74.3705 96.0847 0
      vertex 73.639 92.4068 0
      vertex 73.9832 96.1487 0
    endloop
  endfacet
  facet normal 0 0 -1
    outer loop
      vertex 73.4937 92.4307 0
      vertex 73.9832 96.1487 0
      vertex 73.639 92.4068 0
    endloop
  endfacet
  facet normal -0 0 -1
    outer loop
      vertex 73.9832 96.1487 0
      vertex 73.4937 92.4307 0
      vertex 73.5924 96.1871 0
    endloop
  endfacet
  facet normal 0 0 -1
    outer loop
      vertex 73.3472 92.4452 0
      vertex 73.5924 96.1871 0
      vertex 73.4937 92.4307 0
    endloop
  endfacet
  facet normal 0 0 -1
    outer loop
      vertex 73.2 92.45 0
      vertex 73.5924 96.1871 0
      vertex 73.3472 92.4452 0
    endloop
  endfacet
  facet normal 0 0 -1
    outer loop
      vertex 73.2 92.45 0
      vertex 73.2 96.2 0
      vertex 73.5924 96.1871 0
    endloop
  endfacet
  facet normal 0 0 -1
    outer loop
      vertex 73.0528 92.4452 0
      vertex 73.2 96.2 0
      vertex 73.2 92.45 0
    endloop
  endfacet
  facet normal 0 0 -1
    outer loop
      vertex 72.8076 96.1871 0
      vertex 73.0528 92.4452 0
      vertex 72.9063 92.4307 0
    endloop
  endfacet
  facet normal 0 0 -1
    outer loop
      vertex 73.0528 92.4452 0
      vertex 72.8076 96.1871 0
      vertex 73.2 96.2 0
    endloop
  endfacet
  facet normal 0 0 -1
    outer loop
      vertex 72.4168 96.1487 0
      vertex 72.9063 92.4307 0
      vertex 72.761 92.4068 0
    endloop
  endfacet
  facet normal 0 0 -1
    outer loop
      vertex 72.0295 96.0847 0
      vertex 72.761 92.4068 0
      vertex 72.6177 92.3733 0
    endloop
  endfacet
  facet normal 0 0 -1
    outer loop
      vertex 71.6471 95.9956 0
      vertex 72.6177 92.3733 0
      vertex 72.4768 92.3306 0
    endloop
  endfacet
  facet normal 0 0 -1
    outer loop
      vertex 72.9063 92.4307 0
      vertex 72.4168 96.1487 0
      vertex 72.8076 96.1871 0
    endloop
  endfacet
  facet normal 0 0 -1
    outer loop
      vertex 71.2714 95.8816 0
      vertex 72.4768 92.3306 0
      vertex 72.339 92.2787 0
    endloop
  endfacet
  facet normal 0 0 -1
    outer loop
      vertex 70.9039 95.7433 0
      vertex 72.339 92.2787 0
      vertex 72.2048 92.218 0
    endloop
  endfacet
  facet normal 0 0 -1
    outer loop
      vertex 70.5463 95.5812 0
      vertex 72.2048 92.218 0
      vertex 72.075 92.1486 0
    endloop
  endfacet
  facet normal 0 0 -1
    outer loop
      vertex 72.761 92.4068 0
      vertex 72.0295 96.0847 0
      vertex 72.4168 96.1487 0
    endloop
  endfacet
  facet normal 0 0 -1
    outer loop
      vertex 70.2 95.3961 0
      vertex 72.075 92.1486 0
      vertex 71.95 92.0708 0
    endloop
  endfacet
  facet normal 0 0 -1
    outer loop
      vertex 69.8666 95.1888 0
      vertex 71.95 92.0708 0
      vertex 71.8303 91.985 0
    endloop
  endfacet
  facet normal 0 0 -1
    outer loop
      vertex 69.5474 94.9601 0
      vertex 71.8303 91.985 0
      vertex 71.7165 91.8916 0
    endloop
  endfacet
  facet normal 0 0 -1
    outer loop
      vertex 72.6177 92.3733 0
      vertex 71.6471 95.9956 0
      vertex 72.0295 96.0847 0
    endloop
  endfacet
  facet normal 0 0 -1
    outer loop
      vertex 69.2439 94.711 0
      vertex 71.7165 91.8916 0
      vertex 71.609 91.791 0
    endloop
  endfacet
  facet normal 0 0 -1
    outer loop
      vertex 68.9574 94.4426 0
      vertex 71.609 91.791 0
      vertex 71.5084 91.6835 0
    endloop
  endfacet
  facet normal 0 0 -1
    outer loop
      vertex 68.689 94.1561 0
      vertex 71.5084 91.6835 0
      vertex 71.415 91.5697 0
    endloop
  endfacet
  facet normal 0 0 -1
    outer loop
      vertex 68.4399 93.8526 0
      vertex 71.415 91.5697 0
      vertex 71.3292 91.45 0
    endloop
  endfacet
  facet normal 0 0 -1
    outer loop
      vertex 72.4768 92.3306 0
      vertex 71.2714 95.8816 0
      vertex 71.6471 95.9956 0
    endloop
  endfacet
  facet normal 0 0 -1
    outer loop
      vertex 68.2112 93.5334 0
      vertex 71.3292 91.45 0
      vertex 71.2514 91.325 0
    endloop
  endfacet
  facet normal 0 0 -1
    outer loop
      vertex 68.0038 93.2 0
      vertex 71.2514 91.325 0
      vertex 71.182 91.1952 0
    endloop
  endfacet
  facet normal 0 0 -1
    outer loop
      vertex 67.8188 92.8537 0
      vertex 71.182 91.1952 0
      vertex 71.1213 91.061 0
    endloop
  endfacet
  facet normal 0 0 -1
    outer loop
      vertex 67.6567 92.4961 0
      vertex 71.1213 91.061 0
      vertex 71.0694 90.9232 0
    endloop
  endfacet
  facet normal 0 0 -1
    outer loop
      vertex 67.5184 92.1286 0
      vertex 71.0694 90.9232 0
      vertex 71.0267 90.7823 0
    endloop
  endfacet
  facet normal 0 0 -1
    outer loop
      vertex 67.4044 91.7529 0
      vertex 71.0267 90.7823 0
      vertex 70.9932 90.639 0
    endloop
  endfacet
  facet normal 0 0 -1
    outer loop
      vertex 67.3153 91.3705 0
      vertex 70.9932 90.639 0
      vertex 70.9692 90.4937 0
    endloop
  endfacet
  facet normal 0 0 -1
    outer loop
      vertex 67.2513 90.9832 0
      vertex 70.9692 90.4937 0
      vertex 70.9548 90.3472 0
    endloop
  endfacet
  facet normal 0 0 -1
    outer loop
      vertex 72.339 92.2787 0
      vertex 70.9039 95.7433 0
      vertex 71.2714 95.8816 0
    endloop
  endfacet
  facet normal 0 0 -1
    outer loop
      vertex 67.2128 90.5924 0
      vertex 70.9548 90.3472 0
      vertex 70.95 90.2 0
    endloop
  endfacet
  facet normal 0 0 -1
    outer loop
      vertex 70.9932 89.761 0
      vertex 67.2 90.2 0
      vertex 70.9692 89.9063 0
    endloop
  endfacet
  facet normal 0 0 -1
    outer loop
      vertex 68.0038 -8 0
      vertex 71.2514 -6.125 0
      vertex 68.2112 -8.33342 0
    endloop
  endfacet
  facet normal 0 0 -1
    outer loop
      vertex 70.9692 89.9063 0
      vertex 67.2 90.2 0
      vertex 70.9548 90.0528 0
    endloop
  endfacet
  facet normal -0 0 -1
    outer loop
      vertex 71.2514 -6.125 0
      vertex 68.0038 -8 0
      vertex 71.182 -5.99515 0
    endloop
  endfacet
  facet normal 0 0 -1
    outer loop
      vertex 70.9548 90.0528 0
      vertex 67.2 90.2 0
      vertex 70.95 90.2 0
    endloop
  endfacet
  facet normal 0 0 -1
    outer loop
      vertex 67.8188 -7.65373 0
      vertex 71.182 -5.99515 0
      vertex 68.0038 -8 0
    endloop
  endfacet
  facet normal 0 -0 -1
    outer loop
      vertex 67.2128 90.5924 0
      vertex 70.95 90.2 0
      vertex 67.2 90.2 0
    endloop
  endfacet
  facet normal -0 0 -1
    outer loop
      vertex 71.182 -5.99515 0
      vertex 67.8188 -7.65373 0
      vertex 71.1213 -5.86104 0
    endloop
  endfacet
  facet normal 0 0 -1
    outer loop
      vertex 72.2048 92.218 0
      vertex 70.5463 95.5812 0
      vertex 70.9039 95.7433 0
    endloop
  endfacet
  facet normal 0 0 -1
    outer loop
      vertex 67.6567 -7.2961 0
      vertex 71.1213 -5.86104 0
      vertex 67.8188 -7.65373 0
    endloop
  endfacet
  facet normal 0 0 -1
    outer loop
      vertex 72.075 92.1486 0
      vertex 70.2 95.3961 0
      vertex 70.5463 95.5812 0
    endloop
  endfacet
  facet normal -0 0 -1
    outer loop
      vertex 71.1213 -5.86104 0
      vertex 67.6567 -7.2961 0
      vertex 71.0694 -5.72324 0
    endloop
  endfacet
  facet normal 0 0 -1
    outer loop
      vertex 71.95 92.0708 0
      vertex 69.8666 95.1888 0
      vertex 70.2 95.3961 0
    endloop
  endfacet
  facet normal 0 0 -1
    outer loop
      vertex 67.5184 -6.92864 0
      vertex 71.0694 -5.72324 0
      vertex 67.6567 -7.2961 0
    endloop
  endfacet
  facet normal 0 0 -1
    outer loop
      vertex 71.8303 91.985 0
      vertex 69.5474 94.9601 0
      vertex 69.8666 95.1888 0
    endloop
  endfacet
  facet normal -0 0 -1
    outer loop
      vertex 71.0694 -5.72324 0
      vertex 67.5184 -6.92864 0
      vertex 71.0267 -5.58234 0
    endloop
  endfacet
  facet normal 0 0 -1
    outer loop
      vertex 71.7165 91.8916 0
      vertex 69.2439 94.711 0
      vertex 69.5474 94.9601 0
    endloop
  endfacet
  facet normal 0 0 -1
    outer loop
      vertex 67.4044 -6.55291 0
      vertex 71.0267 -5.58234 0
      vertex 67.5184 -6.92864 0
    endloop
  endfacet
  facet normal 0 0 -1
    outer loop
      vertex 71.609 91.791 0
      vertex 68.9574 94.4426 0
      vertex 69.2439 94.711 0
    endloop
  endfacet
  facet normal -0 0 -1
    outer loop
      vertex 71.0267 -5.58234 0
      vertex 67.4044 -6.55291 0
      vertex 70.9932 -5.43895 0
    endloop
  endfacet
  facet normal 0 0 -1
    outer loop
      vertex 71.5084 91.6835 0
      vertex 68.689 94.1561 0
      vertex 68.9574 94.4426 0
    endloop
  endfacet
  facet normal 0 0 -1
    outer loop
      vertex 67.3153 -6.17054 0
      vertex 70.9932 -5.43895 0
      vertex 67.4044 -6.55291 0
    endloop
  endfacet
  facet normal 0 0 -1
    outer loop
      vertex 71.415 91.5697 0
      vertex 68.4399 93.8526 0
      vertex 68.689 94.1561 0
    endloop
  endfacet
  facet normal -0 0 -1
    outer loop
      vertex 70.9932 -5.43895 0
      vertex 67.3153 -6.17054 0
      vertex 70.9692 -5.29368 0
    endloop
  endfacet
  facet normal 0 0 -1
    outer loop
      vertex 71.3292 91.45 0
      vertex 68.2112 93.5334 0
      vertex 68.4399 93.8526 0
    endloop
  endfacet
  facet normal 0 0 -1
    outer loop
      vertex 67.2513 -5.78316 0
      vertex 70.9692 -5.29368 0
      vertex 67.3153 -6.17054 0
    endloop
  endfacet
  facet normal 0 0 -1
    outer loop
      vertex 71.2514 91.325 0
      vertex 68.0038 93.2 0
      vertex 68.2112 93.5334 0
    endloop
  endfacet
  facet normal -0 0 -1
    outer loop
      vertex 70.9692 -5.29368 0
      vertex 67.2513 -5.78316 0
      vertex 70.9548 -5.14716 0
    endloop
  endfacet
  facet normal 0 0 -1
    outer loop
      vertex 71.182 91.1952 0
      vertex 67.8188 92.8537 0
      vertex 68.0038 93.2 0
    endloop
  endfacet
  facet normal 0 0 -1
    outer loop
      vertex 67.2128 -5.39242 0
      vertex 70.9548 -5.14716 0
      vertex 67.2513 -5.78316 0
    endloop
  endfacet
  facet normal 0 0 -1
    outer loop
      vertex 71.1213 91.061 0
      vertex 67.6567 92.4961 0
      vertex 67.8188 92.8537 0
    endloop
  endfacet
  facet normal -0 0 -1
    outer loop
      vertex 70.9548 -5.14716 0
      vertex 67.2128 -5.39242 0
      vertex 70.95 -5 0
    endloop
  endfacet
  facet normal 0 0 -1
    outer loop
      vertex 71.0694 90.9232 0
      vertex 67.5184 92.1286 0
      vertex 67.6567 92.4961 0
    endloop
  endfacet
  facet normal -0 0 -1
    outer loop
      vertex 70.95 -5 0
      vertex 67.2128 -5.39242 0
      vertex 67.2 -5 0
    endloop
  endfacet
  facet normal 0 0 -1
    outer loop
      vertex 71.0267 90.7823 0
      vertex 67.4044 91.7529 0
      vertex 67.5184 92.1286 0
    endloop
  endfacet
  facet normal -0 0 -1
    outer loop
      vertex 71.2514 -3.875 0
      vertex 67.2 -5 0
      vertex 67.2 0 0
    endloop
  endfacet
  facet normal 0 0 -1
    outer loop
      vertex 70.9932 90.639 0
      vertex 67.3153 91.3705 0
      vertex 67.4044 91.7529 0
    endloop
  endfacet
  facet normal 0 0 -1
    outer loop
      vertex 70.9692 90.4937 0
      vertex 67.2513 90.9832 0
      vertex 67.3153 91.3705 0
    endloop
  endfacet
  facet normal 0 0 -1
    outer loop
      vertex 70.9548 90.3472 0
      vertex 67.2128 90.5924 0
      vertex 67.2513 90.9832 0
    endloop
  endfacet
  facet normal 0 0 1
    outer loop
      vertex 14.25 90.2 2
      vertex 18 90.2 2
      vertex 17.9872 90.5924 2
    endloop
  endfacet
  facet normal 0 0 1
    outer loop
      vertex 75.45 90.2 2
      vertex 79.2 90.2 2
      vertex 79.1871 90.5924 2
    endloop
  endfacet
  facet normal 0 0 1
    outer loop
      vertex 85.2 85.2 2
      vertex 81.2 4 2
      vertex 85.2 0 2
    endloop
  endfacet
  facet normal -0 0 1
    outer loop
      vertex 79.2 85.2 2
      vertex 81.2 4 2
      vertex 85.2 85.2 2
    endloop
  endfacet
  facet normal 0 0 1
    outer loop
      vertex 75.4452 90.3472 2
      vertex 79.1871 90.5924 2
      vertex 79.1487 90.9832 2
    endloop
  endfacet
  facet normal 0 0 1
    outer loop
      vertex 75.4307 90.4937 2
      vertex 79.1487 90.9832 2
      vertex 79.0847 91.3705 2
    endloop
  endfacet
  facet normal 0 0 1
    outer loop
      vertex 75.4068 90.639 2
      vertex 79.0847 91.3705 2
      vertex 78.9956 91.7529 2
    endloop
  endfacet
  facet normal 0 0 1
    outer loop
      vertex 79.2 90.2 2
      vertex 75.3306 89.4768 2
      vertex 75.2787 89.339 2
    endloop
  endfacet
  facet normal 0 0 1
    outer loop
      vertex 75.3733 90.7823 2
      vertex 78.9956 91.7529 2
      vertex 78.8816 92.1286 2
    endloop
  endfacet
  facet normal 0 0 1
    outer loop
      vertex 75.3306 90.9232 2
      vertex 78.8816 92.1286 2
      vertex 78.7433 92.4961 2
    endloop
  endfacet
  facet normal 0 0 1
    outer loop
      vertex 75.2787 91.061 2
      vertex 78.7433 92.4961 2
      vertex 78.5812 92.8537 2
    endloop
  endfacet
  facet normal 0 0 1
    outer loop
      vertex 75.218 91.1952 2
      vertex 78.5812 92.8537 2
      vertex 78.3961 93.2 2
    endloop
  endfacet
  facet normal 0 0 1
    outer loop
      vertex 75.1486 91.325 2
      vertex 78.3961 93.2 2
      vertex 78.1888 93.5334 2
    endloop
  endfacet
  facet normal 0 0 1
    outer loop
      vertex 75.0708 91.45 2
      vertex 78.1888 93.5334 2
      vertex 77.9601 93.8526 2
    endloop
  endfacet
  facet normal 0 0 1
    outer loop
      vertex 74.985 91.5697 2
      vertex 77.9601 93.8526 2
      vertex 77.711 94.1561 2
    endloop
  endfacet
  facet normal 0 0 1
    outer loop
      vertex 74.8916 91.6835 2
      vertex 77.711 94.1561 2
      vertex 77.4426 94.4426 2
    endloop
  endfacet
  facet normal 0 0 1
    outer loop
      vertex 74.791 91.791 2
      vertex 77.4426 94.4426 2
      vertex 77.1561 94.711 2
    endloop
  endfacet
  facet normal 0 0 1
    outer loop
      vertex 74.6835 91.8916 2
      vertex 77.1561 94.711 2
      vertex 76.8526 94.9601 2
    endloop
  endfacet
  facet normal 0 0 1
    outer loop
      vertex 74.5697 91.985 2
      vertex 76.8526 94.9601 2
      vertex 76.5334 95.1888 2
    endloop
  endfacet
  facet normal 0 0 1
    outer loop
      vertex 74.45 92.0708 2
      vertex 76.5334 95.1888 2
      vertex 76.2 95.3961 2
    endloop
  endfacet
  facet normal 0 0 1
    outer loop
      vertex 74.325 92.1486 2
      vertex 76.2 95.3961 2
      vertex 75.8537 95.5812 2
    endloop
  endfacet
  facet normal 0 0 1
    outer loop
      vertex 74.1952 92.218 2
      vertex 75.8537 95.5812 2
      vertex 75.4961 95.7433 2
    endloop
  endfacet
  facet normal 0 0 1
    outer loop
      vertex 79.2 90.2 2
      vertex 75.45 90.2 2
      vertex 75.4452 90.0528 2
    endloop
  endfacet
  facet normal 0 0 1
    outer loop
      vertex 79.2 90.2 2
      vertex 75.4452 90.0528 2
      vertex 75.4307 89.9063 2
    endloop
  endfacet
  facet normal 0 0 1
    outer loop
      vertex 79.2 90.2 2
      vertex 75.4307 89.9063 2
      vertex 75.4068 89.761 2
    endloop
  endfacet
  facet normal 0 0 1
    outer loop
      vertex 79.2 90.2 2
      vertex 75.4068 89.761 2
      vertex 75.3733 89.6177 2
    endloop
  endfacet
  facet normal 0 0 1
    outer loop
      vertex 79.2 90.2 2
      vertex 75.3733 89.6177 2
      vertex 75.3306 89.4768 2
    endloop
  endfacet
  facet normal 0 0 1
    outer loop
      vertex 79.2 90.2 2
      vertex 75.2787 89.339 2
      vertex 75.218 89.2048 2
    endloop
  endfacet
  facet normal 0 0 1
    outer loop
      vertex 75.1486 89.075 2
      vertex 79.2 90.2 2
      vertex 75.218 89.2048 2
    endloop
  endfacet
  facet normal 0 0 1
    outer loop
      vertex 79.2 90.2 2
      vertex 75.1486 89.075 2
      vertex 79.2 85.2 2
    endloop
  endfacet
  facet normal 0 0 1
    outer loop
      vertex 79.2 85.2 2
      vertex 75.1486 89.075 2
      vertex 75.0708 88.95 2
    endloop
  endfacet
  facet normal 0 0 1
    outer loop
      vertex 79.2 85.2 2
      vertex 75.0708 88.95 2
      vertex 74.985 88.8303 2
    endloop
  endfacet
  facet normal 0 0 1
    outer loop
      vertex 79.2 85.2 2
      vertex 74.985 88.8303 2
      vertex 74.8916 88.7165 2
    endloop
  endfacet
  facet normal 0 0 1
    outer loop
      vertex 79.2 85.2 2
      vertex 74.8916 88.7165 2
      vertex 74.791 88.609 2
    endloop
  endfacet
  facet normal 0 0 1
    outer loop
      vertex 79.2 85.2 2
      vertex 74.791 88.609 2
      vertex 74.6835 88.5084 2
    endloop
  endfacet
  facet normal -0 0 1
    outer loop
      vertex 74.5697 88.415 2
      vertex 79.2 85.2 2
      vertex 74.6835 88.5084 2
    endloop
  endfacet
  facet normal -0 0 1
    outer loop
      vertex 74.45 88.3292 2
      vertex 79.2 85.2 2
      vertex 74.5697 88.415 2
    endloop
  endfacet
  facet normal -0 0 1
    outer loop
      vertex 74.325 88.2514 2
      vertex 79.2 85.2 2
      vertex 74.45 88.3292 2
    endloop
  endfacet
  facet normal -0 0 1
    outer loop
      vertex 74.1952 88.182 2
      vertex 79.2 85.2 2
      vertex 74.325 88.2514 2
    endloop
  endfacet
  facet normal -0 0 1
    outer loop
      vertex 74.061 88.1213 2
      vertex 79.2 85.2 2
      vertex 74.1952 88.182 2
    endloop
  endfacet
  facet normal -0 0 1
    outer loop
      vertex 73.9232 88.0694 2
      vertex 79.2 85.2 2
      vertex 74.061 88.1213 2
    endloop
  endfacet
  facet normal -0 0 1
    outer loop
      vertex 73.7823 88.0267 2
      vertex 79.2 85.2 2
      vertex 73.9232 88.0694 2
    endloop
  endfacet
  facet normal -0 0 1
    outer loop
      vertex 73.639 87.9932 2
      vertex 79.2 85.2 2
      vertex 73.7823 88.0267 2
    endloop
  endfacet
  facet normal -0 0 1
    outer loop
      vertex 73.4937 87.9692 2
      vertex 79.2 85.2 2
      vertex 73.639 87.9932 2
    endloop
  endfacet
  facet normal -0 0 1
    outer loop
      vertex 73.3472 87.9548 2
      vertex 79.2 85.2 2
      vertex 73.4937 87.9692 2
    endloop
  endfacet
  facet normal -0 0 1
    outer loop
      vertex 73.2 87.95 2
      vertex 79.2 85.2 2
      vertex 73.3472 87.9548 2
    endloop
  endfacet
  facet normal 0 0 1
    outer loop
      vertex 79.2 85.2 2
      vertex 73.2 87.95 2
      vertex 67.2 85.2 2
    endloop
  endfacet
  facet normal 0 0 1
    outer loop
      vertex 67.2 85.2 2
      vertex 73.2 87.95 2
      vertex 73.0528 87.9548 2
    endloop
  endfacet
  facet normal 0 0 1
    outer loop
      vertex 67.2 85.2 2
      vertex 73.0528 87.9548 2
      vertex 72.9063 87.9692 2
    endloop
  endfacet
  facet normal 0 0 1
    outer loop
      vertex 67.2 85.2 2
      vertex 72.9063 87.9692 2
      vertex 72.761 87.9932 2
    endloop
  endfacet
  facet normal 0 0 1
    outer loop
      vertex 67.2 85.2 2
      vertex 72.761 87.9932 2
      vertex 72.6177 88.0267 2
    endloop
  endfacet
  facet normal 0 0 1
    outer loop
      vertex 67.2 85.2 2
      vertex 72.6177 88.0267 2
      vertex 72.4768 88.0694 2
    endloop
  endfacet
  facet normal 0 0 1
    outer loop
      vertex 67.2 85.2 2
      vertex 72.4768 88.0694 2
      vertex 72.339 88.1213 2
    endloop
  endfacet
  facet normal 0 0 1
    outer loop
      vertex 67.2 85.2 2
      vertex 72.339 88.1213 2
      vertex 72.2048 88.182 2
    endloop
  endfacet
  facet normal 0 0 1
    outer loop
      vertex 67.2 85.2 2
      vertex 72.2048 88.182 2
      vertex 72.075 88.2514 2
    endloop
  endfacet
  facet normal 0 0 1
    outer loop
      vertex 67.2 85.2 2
      vertex 72.075 88.2514 2
      vertex 71.95 88.3292 2
    endloop
  endfacet
  facet normal 0 0 1
    outer loop
      vertex 67.2 85.2 2
      vertex 71.95 88.3292 2
      vertex 71.8303 88.415 2
    endloop
  endfacet
  facet normal 0 0 1
    outer loop
      vertex 67.2 85.2 2
      vertex 71.8303 88.415 2
      vertex 71.7165 88.5084 2
    endloop
  endfacet
  facet normal 0 0 1
    outer loop
      vertex 67.2 85.2 2
      vertex 71.7165 88.5084 2
      vertex 71.609 88.609 2
    endloop
  endfacet
  facet normal 0 0 1
    outer loop
      vertex 67.2 85.2 2
      vertex 71.609 88.609 2
      vertex 71.5084 88.7165 2
    endloop
  endfacet
  facet normal 0 0 1
    outer loop
      vertex 67.2 85.2 2
      vertex 71.5084 88.7165 2
      vertex 71.415 88.8303 2
    endloop
  endfacet
  facet normal 0 0 1
    outer loop
      vertex 67.2 85.2 2
      vertex 71.415 88.8303 2
      vertex 71.3292 88.95 2
    endloop
  endfacet
  facet normal 0 0 1
    outer loop
      vertex 67.2 85.2 2
      vertex 71.3292 88.95 2
      vertex 71.2514 89.075 2
    endloop
  endfacet
  facet normal 0 0 1
    outer loop
      vertex 67.2 90.2 2
      vertex 71.2514 89.075 2
      vertex 71.182 89.2048 2
    endloop
  endfacet
  facet normal 0 0 1
    outer loop
      vertex 67.2 90.2 2
      vertex 71.182 89.2048 2
      vertex 71.1213 89.339 2
    endloop
  endfacet
  facet normal 0 0 1
    outer loop
      vertex 67.2 90.2 2
      vertex 71.1213 89.339 2
      vertex 71.0694 89.4768 2
    endloop
  endfacet
  facet normal 0 0 1
    outer loop
      vertex 67.2 90.2 2
      vertex 71.0694 89.4768 2
      vertex 71.0267 89.6177 2
    endloop
  endfacet
  facet normal 0 0 1
    outer loop
      vertex 67.2 90.2 2
      vertex 71.0267 89.6177 2
      vertex 70.9932 89.761 2
    endloop
  endfacet
  facet normal 0 0 1
    outer loop
      vertex 67.2 90.2 2
      vertex 70.9932 89.761 2
      vertex 70.9692 89.9063 2
    endloop
  endfacet
  facet normal 0 0 1
    outer loop
      vertex 71.3292 91.45 2
      vertex 68.2112 93.5334 2
      vertex 71.2514 91.325 2
    endloop
  endfacet
  facet normal -0 0 1
    outer loop
      vertex 68.0038 93.2 2
      vertex 71.2514 91.325 2
      vertex 68.2112 93.5334 2
    endloop
  endfacet
  facet normal 0 0 1
    outer loop
      vertex 71.2514 91.325 2
      vertex 68.0038 93.2 2
      vertex 71.182 91.1952 2
    endloop
  endfacet
  facet normal -0 0 1
    outer loop
      vertex 67.8188 92.8537 2
      vertex 71.182 91.1952 2
      vertex 68.0038 93.2 2
    endloop
  endfacet
  facet normal 0 0 1
    outer loop
      vertex 71.182 91.1952 2
      vertex 67.8188 92.8537 2
      vertex 71.1213 91.061 2
    endloop
  endfacet
  facet normal -0 0 1
    outer loop
      vertex 67.6567 92.4961 2
      vertex 71.1213 91.061 2
      vertex 67.8188 92.8537 2
    endloop
  endfacet
  facet normal 0 0 1
    outer loop
      vertex 71.1213 91.061 2
      vertex 67.6567 92.4961 2
      vertex 71.0694 90.9232 2
    endloop
  endfacet
  facet normal -0 0 1
    outer loop
      vertex 67.5184 92.1286 2
      vertex 71.0694 90.9232 2
      vertex 67.6567 92.4961 2
    endloop
  endfacet
  facet normal 0 0 1
    outer loop
      vertex 71.0694 90.9232 2
      vertex 67.5184 92.1286 2
      vertex 71.0267 90.7823 2
    endloop
  endfacet
  facet normal -0 0 1
    outer loop
      vertex 67.4044 91.7529 2
      vertex 71.0267 90.7823 2
      vertex 67.5184 92.1286 2
    endloop
  endfacet
  facet normal 0 0 1
    outer loop
      vertex 71.0267 90.7823 2
      vertex 67.4044 91.7529 2
      vertex 70.9932 90.639 2
    endloop
  endfacet
  facet normal -0 0 1
    outer loop
      vertex 67.3153 91.3705 2
      vertex 70.9932 90.639 2
      vertex 67.4044 91.7529 2
    endloop
  endfacet
  facet normal 0 0 1
    outer loop
      vertex 70.9932 90.639 2
      vertex 67.3153 91.3705 2
      vertex 70.9692 90.4937 2
    endloop
  endfacet
  facet normal -0 0 1
    outer loop
      vertex 67.2513 90.9832 2
      vertex 70.9692 90.4937 2
      vertex 67.3153 91.3705 2
    endloop
  endfacet
  facet normal 0 0 1
    outer loop
      vertex 70.9692 90.4937 2
      vertex 67.2513 90.9832 2
      vertex 70.9548 90.3472 2
    endloop
  endfacet
  facet normal -0 0 1
    outer loop
      vertex 67.2128 90.5924 2
      vertex 70.9548 90.3472 2
      vertex 67.2513 90.9832 2
    endloop
  endfacet
  facet normal 0 0 1
    outer loop
      vertex 70.9548 90.3472 2
      vertex 67.2128 90.5924 2
      vertex 70.95 90.2 2
    endloop
  endfacet
  facet normal 0 0 1
    outer loop
      vertex 67.2 90.2 2
      vertex 70.95 90.2 2
      vertex 67.2128 90.5924 2
    endloop
  endfacet
  facet normal 0 0 1
    outer loop
      vertex 70.95 90.2 2
      vertex 67.2 90.2 2
      vertex 70.9548 90.0528 2
    endloop
  endfacet
  facet normal 0 0 1
    outer loop
      vertex 70.9548 90.0528 2
      vertex 67.2 90.2 2
      vertex 70.9692 89.9063 2
    endloop
  endfacet
  facet normal 0 0 1
    outer loop
      vertex 71.2514 89.075 2
      vertex 67.2 90.2 2
      vertex 67.2 85.2 2
    endloop
  endfacet
  facet normal 0 0 1
    outer loop
      vertex 79.2 85.2 2
      vertex 67.2 85.2 2
      vertex 81.2 4 2
    endloop
  endfacet
  facet normal -0 0 1
    outer loop
      vertex 18 85.2 2
      vertex 81.2 4 2
      vertex 67.2 85.2 2
    endloop
  endfacet
  facet normal 0 0 1
    outer loop
      vertex 14.2452 90.3472 2
      vertex 17.9872 90.5924 2
      vertex 17.9487 90.9832 2
    endloop
  endfacet
  facet normal 0 0 1
    outer loop
      vertex 14.2308 90.4937 2
      vertex 17.9487 90.9832 2
      vertex 17.8847 91.3705 2
    endloop
  endfacet
  facet normal 0 0 1
    outer loop
      vertex 14.2068 90.639 2
      vertex 17.8847 91.3705 2
      vertex 17.7956 91.7529 2
    endloop
  endfacet
  facet normal 0 0 1
    outer loop
      vertex 14.1733 90.7823 2
      vertex 17.7956 91.7529 2
      vertex 17.6816 92.1286 2
    endloop
  endfacet
  facet normal 0 0 1
    outer loop
      vertex 14.1306 90.9232 2
      vertex 17.6816 92.1286 2
      vertex 17.5433 92.4961 2
    endloop
  endfacet
  facet normal 0 0 1
    outer loop
      vertex 14.0787 91.061 2
      vertex 17.5433 92.4961 2
      vertex 17.3812 92.8537 2
    endloop
  endfacet
  facet normal 0 0 1
    outer loop
      vertex 14.018 91.1952 2
      vertex 17.3812 92.8537 2
      vertex 17.1962 93.2 2
    endloop
  endfacet
  facet normal 0 0 1
    outer loop
      vertex 13.9486 91.325 2
      vertex 17.1962 93.2 2
      vertex 16.9888 93.5334 2
    endloop
  endfacet
  facet normal 0 0 1
    outer loop
      vertex 13.8708 91.45 2
      vertex 16.9888 93.5334 2
      vertex 16.7601 93.8526 2
    endloop
  endfacet
  facet normal 0 0 1
    outer loop
      vertex 13.785 91.5697 2
      vertex 16.7601 93.8526 2
      vertex 16.511 94.1561 2
    endloop
  endfacet
  facet normal 0 0 1
    outer loop
      vertex 13.6916 91.6835 2
      vertex 16.511 94.1561 2
      vertex 16.2426 94.4426 2
    endloop
  endfacet
  facet normal 0 0 1
    outer loop
      vertex 13.591 91.791 2
      vertex 16.2426 94.4426 2
      vertex 15.9561 94.711 2
    endloop
  endfacet
  facet normal 0 0 1
    outer loop
      vertex 13.4835 91.8916 2
      vertex 15.9561 94.711 2
      vertex 15.6526 94.9601 2
    endloop
  endfacet
  facet normal 0 0 1
    outer loop
      vertex 13.3697 91.985 2
      vertex 15.6526 94.9601 2
      vertex 15.3334 95.1888 2
    endloop
  endfacet
  facet normal 0 0 1
    outer loop
      vertex 13.25 92.0708 2
      vertex 15.3334 95.1888 2
      vertex 15 95.3961 2
    endloop
  endfacet
  facet normal 0 0 1
    outer loop
      vertex 13.125 92.1486 2
      vertex 15 95.3961 2
      vertex 14.6537 95.5812 2
    endloop
  endfacet
  facet normal 0 0 1
    outer loop
      vertex 12.9951 92.218 2
      vertex 14.6537 95.5812 2
      vertex 14.2961 95.7433 2
    endloop
  endfacet
  facet normal 0 0 1
    outer loop
      vertex 17.7956 91.7529 2
      vertex 14.1733 90.7823 2
      vertex 14.2068 90.639 2
    endloop
  endfacet
  facet normal 0 0 1
    outer loop
      vertex 18 90.2 2
      vertex 14.2452 90.0528 2
      vertex 14.2308 89.9063 2
    endloop
  endfacet
  facet normal 0 0 1
    outer loop
      vertex 18 90.2 2
      vertex 14.2308 89.9063 2
      vertex 14.2068 89.761 2
    endloop
  endfacet
  facet normal 0 0 1
    outer loop
      vertex 18 90.2 2
      vertex 14.2068 89.761 2
      vertex 14.1733 89.6177 2
    endloop
  endfacet
  facet normal 0 0 1
    outer loop
      vertex 18 90.2 2
      vertex 14.1733 89.6177 2
      vertex 14.1306 89.4768 2
    endloop
  endfacet
  facet normal 0 0 1
    outer loop
      vertex 18 90.2 2
      vertex 14.1306 89.4768 2
      vertex 14.0787 89.339 2
    endloop
  endfacet
  facet normal 0 0 1
    outer loop
      vertex 18 90.2 2
      vertex 14.0787 89.339 2
      vertex 14.018 89.2048 2
    endloop
  endfacet
  facet normal 0 0 1
    outer loop
      vertex 13.9486 89.075 2
      vertex 18 90.2 2
      vertex 14.018 89.2048 2
    endloop
  endfacet
  facet normal 0 0 1
    outer loop
      vertex 18 90.2 2
      vertex 13.9486 89.075 2
      vertex 18 85.2 2
    endloop
  endfacet
  facet normal -0 0 1
    outer loop
      vertex 13.8708 88.95 2
      vertex 18 85.2 2
      vertex 13.9486 89.075 2
    endloop
  endfacet
  facet normal -0 0 1
    outer loop
      vertex 13.785 88.8303 2
      vertex 18 85.2 2
      vertex 13.8708 88.95 2
    endloop
  endfacet
  facet normal -0 0 1
    outer loop
      vertex 13.6916 88.7165 2
      vertex 18 85.2 2
      vertex 13.785 88.8303 2
    endloop
  endfacet
  facet normal -0 0 1
    outer loop
      vertex 13.591 88.609 2
      vertex 18 85.2 2
      vertex 13.6916 88.7165 2
    endloop
  endfacet
  facet normal -0 0 1
    outer loop
      vertex 13.4835 88.5084 2
      vertex 18 85.2 2
      vertex 13.591 88.609 2
    endloop
  endfacet
  facet normal -0 0 1
    outer loop
      vertex 13.3697 88.415 2
      vertex 18 85.2 2
      vertex 13.4835 88.5084 2
    endloop
  endfacet
  facet normal -0 0 1
    outer loop
      vertex 13.25 88.3292 2
      vertex 18 85.2 2
      vertex 13.3697 88.415 2
    endloop
  endfacet
  facet normal -0 0 1
    outer loop
      vertex 13.125 88.2514 2
      vertex 18 85.2 2
      vertex 13.25 88.3292 2
    endloop
  endfacet
  facet normal -0 0 1
    outer loop
      vertex 12.9951 88.182 2
      vertex 18 85.2 2
      vertex 13.125 88.2514 2
    endloop
  endfacet
  facet normal -0 0 1
    outer loop
      vertex 12.861 88.1213 2
      vertex 18 85.2 2
      vertex 12.9951 88.182 2
    endloop
  endfacet
  facet normal -0 0 1
    outer loop
      vertex 12.7232 88.0694 2
      vertex 18 85.2 2
      vertex 12.861 88.1213 2
    endloop
  endfacet
  facet normal -0 0 1
    outer loop
      vertex 12.5823 88.0267 2
      vertex 18 85.2 2
      vertex 12.7232 88.0694 2
    endloop
  endfacet
  facet normal -0 0 1
    outer loop
      vertex 12.439 87.9932 2
      vertex 18 85.2 2
      vertex 12.5823 88.0267 2
    endloop
  endfacet
  facet normal -0 0 1
    outer loop
      vertex 12.2937 87.9692 2
      vertex 18 85.2 2
      vertex 12.439 87.9932 2
    endloop
  endfacet
  facet normal -0 0 1
    outer loop
      vertex 12.1472 87.9548 2
      vertex 18 85.2 2
      vertex 12.2937 87.9692 2
    endloop
  endfacet
  facet normal -0 0 1
    outer loop
      vertex 12 87.95 2
      vertex 18 85.2 2
      vertex 12.1472 87.9548 2
    endloop
  endfacet
  facet normal 0 0 1
    outer loop
      vertex 6 85.2 2
      vertex 18 85.2 2
      vertex 12 87.95 2
    endloop
  endfacet
  facet normal 0 0 1
    outer loop
      vertex 6 85.2 2
      vertex 12 87.95 2
      vertex 11.8528 87.9548 2
    endloop
  endfacet
  facet normal 0 0 1
    outer loop
      vertex 6 85.2 2
      vertex 11.8528 87.9548 2
      vertex 11.7063 87.9692 2
    endloop
  endfacet
  facet normal 0 0 1
    outer loop
      vertex 6 85.2 2
      vertex 11.7063 87.9692 2
      vertex 11.561 87.9932 2
    endloop
  endfacet
  facet normal 0 0 1
    outer loop
      vertex 6 85.2 2
      vertex 11.561 87.9932 2
      vertex 11.4177 88.0267 2
    endloop
  endfacet
  facet normal 0 0 1
    outer loop
      vertex 6 85.2 2
      vertex 11.4177 88.0267 2
      vertex 11.2768 88.0694 2
    endloop
  endfacet
  facet normal 0 0 1
    outer loop
      vertex 6 85.2 2
      vertex 11.2768 88.0694 2
      vertex 11.139 88.1213 2
    endloop
  endfacet
  facet normal 0 0 1
    outer loop
      vertex 6 85.2 2
      vertex 11.139 88.1213 2
      vertex 11.0049 88.182 2
    endloop
  endfacet
  facet normal 0 0 1
    outer loop
      vertex 6 85.2 2
      vertex 11.0049 88.182 2
      vertex 10.875 88.2514 2
    endloop
  endfacet
  facet normal 0 0 1
    outer loop
      vertex 6 85.2 2
      vertex 10.875 88.2514 2
      vertex 10.75 88.3292 2
    endloop
  endfacet
  facet normal 0 0 1
    outer loop
      vertex 6 85.2 2
      vertex 10.75 88.3292 2
      vertex 10.6303 88.415 2
    endloop
  endfacet
  facet normal 0 0 1
    outer loop
      vertex 6 85.2 2
      vertex 10.6303 88.415 2
      vertex 10.5165 88.5084 2
    endloop
  endfacet
  facet normal 0 0 1
    outer loop
      vertex 6 85.2 2
      vertex 10.5165 88.5084 2
      vertex 10.409 88.609 2
    endloop
  endfacet
  facet normal 0 0 1
    outer loop
      vertex 6 85.2 2
      vertex 10.409 88.609 2
      vertex 10.3084 88.7165 2
    endloop
  endfacet
  facet normal 0 0 1
    outer loop
      vertex 10.1292 91.45 2
      vertex 7.01118 93.5334 2
      vertex 10.0514 91.325 2
    endloop
  endfacet
  facet normal -0 0 1
    outer loop
      vertex 6.80385 93.2 2
      vertex 10.0514 91.325 2
      vertex 7.01118 93.5334 2
    endloop
  endfacet
  facet normal 0 0 1
    outer loop
      vertex 10.0514 91.325 2
      vertex 6.80385 93.2 2
      vertex 9.98204 91.1952 2
    endloop
  endfacet
  facet normal -0 0 1
    outer loop
      vertex 6.61876 92.8537 2
      vertex 9.98204 91.1952 2
      vertex 6.80385 93.2 2
    endloop
  endfacet
  facet normal 0 0 1
    outer loop
      vertex 9.98204 91.1952 2
      vertex 6.61876 92.8537 2
      vertex 9.92127 91.061 2
    endloop
  endfacet
  facet normal -0 0 1
    outer loop
      vertex 6.45672 92.4961 2
      vertex 9.92127 91.061 2
      vertex 6.61876 92.8537 2
    endloop
  endfacet
  facet normal 0 0 1
    outer loop
      vertex 9.92127 91.061 2
      vertex 6.45672 92.4961 2
      vertex 9.86941 90.9232 2
    endloop
  endfacet
  facet normal -0 0 1
    outer loop
      vertex 6.31842 92.1286 2
      vertex 9.86941 90.9232 2
      vertex 6.45672 92.4961 2
    endloop
  endfacet
  facet normal 0 0 1
    outer loop
      vertex 9.86941 90.9232 2
      vertex 6.31842 92.1286 2
      vertex 9.82667 90.7823 2
    endloop
  endfacet
  facet normal -0 0 1
    outer loop
      vertex 6.20444 91.7529 2
      vertex 9.82667 90.7823 2
      vertex 6.31842 92.1286 2
    endloop
  endfacet
  facet normal 0 0 1
    outer loop
      vertex 9.82667 90.7823 2
      vertex 6.20444 91.7529 2
      vertex 9.79323 90.639 2
    endloop
  endfacet
  facet normal -0 0 1
    outer loop
      vertex 6.11529 91.3705 2
      vertex 9.79323 90.639 2
      vertex 6.20444 91.7529 2
    endloop
  endfacet
  facet normal 0 0 1
    outer loop
      vertex 9.79323 90.639 2
      vertex 6.11529 91.3705 2
      vertex 9.76925 90.4937 2
    endloop
  endfacet
  facet normal -0 0 1
    outer loop
      vertex 6.05133 90.9832 2
      vertex 9.76925 90.4937 2
      vertex 6.11529 91.3705 2
    endloop
  endfacet
  facet normal 0 0 1
    outer loop
      vertex 9.76925 90.4937 2
      vertex 6.05133 90.9832 2
      vertex 9.75482 90.3472 2
    endloop
  endfacet
  facet normal -0 0 1
    outer loop
      vertex 6.01285 90.5924 2
      vertex 9.75482 90.3472 2
      vertex 6.05133 90.9832 2
    endloop
  endfacet
  facet normal 0 0 1
    outer loop
      vertex 9.75482 90.3472 2
      vertex 6.01285 90.5924 2
      vertex 9.75 90.2 2
    endloop
  endfacet
  facet normal 0 0 1
    outer loop
      vertex 6 90.2 2
      vertex 9.75 90.2 2
      vertex 6.01285 90.5924 2
    endloop
  endfacet
  facet normal 0 0 1
    outer loop
      vertex 9.75 90.2 2
      vertex 6 90.2 2
      vertex 9.75482 90.0528 2
    endloop
  endfacet
  facet normal 0 0 1
    outer loop
      vertex 9.75482 90.0528 2
      vertex 6 90.2 2
      vertex 9.76925 89.9063 2
    endloop
  endfacet
  facet normal 0 0 1
    outer loop
      vertex 9.76925 89.9063 2
      vertex 6 90.2 2
      vertex 9.79323 89.761 2
    endloop
  endfacet
  facet normal 0 0 1
    outer loop
      vertex 9.79323 89.761 2
      vertex 6 90.2 2
      vertex 9.82667 89.6177 2
    endloop
  endfacet
  facet normal 0 0 1
    outer loop
      vertex 9.82667 89.6177 2
      vertex 6 90.2 2
      vertex 9.86941 89.4768 2
    endloop
  endfacet
  facet normal 0 0 1
    outer loop
      vertex 9.86941 89.4768 2
      vertex 6 90.2 2
      vertex 9.92127 89.339 2
    endloop
  endfacet
  facet normal 0 0 1
    outer loop
      vertex 9.92127 89.339 2
      vertex 6 90.2 2
      vertex 9.98204 89.2048 2
    endloop
  endfacet
  facet normal 0 0 1
    outer loop
      vertex 9.98204 89.2048 2
      vertex 6 90.2 2
      vertex 10.0514 89.075 2
    endloop
  endfacet
  facet normal 0 0 1
    outer loop
      vertex 6 85.2 2
      vertex 10.0514 89.075 2
      vertex 6 90.2 2
    endloop
  endfacet
  facet normal 0 0 1
    outer loop
      vertex 10.0514 89.075 2
      vertex 6 85.2 2
      vertex 10.1292 88.95 2
    endloop
  endfacet
  facet normal 0 0 1
    outer loop
      vertex 10.1292 88.95 2
      vertex 6 85.2 2
      vertex 10.215 88.8303 2
    endloop
  endfacet
  facet normal 0 0 1
    outer loop
      vertex 10.215 88.8303 2
      vertex 6 85.2 2
      vertex 10.3084 88.7165 2
    endloop
  endfacet
  facet normal 0 0 1
    outer loop
      vertex 18 85.2 2
      vertex 6 85.2 2
      vertex 4 81.2 2
    endloop
  endfacet
  facet normal 0 0 1
    outer loop
      vertex 18 85.2 2
      vertex 4 81.2 2
      vertex 4 4 2
    endloop
  endfacet
  facet normal 0 0 1
    outer loop
      vertex 18 85.2 2
      vertex 4 4 2
      vertex 81.2 4 2
    endloop
  endfacet
  facet normal -0 0 1
    outer loop
      vertex 81.2 2 2
      vertex 85.2 0 2
      vertex 81.2 4 2
    endloop
  endfacet
  facet normal 0 0 1
    outer loop
      vertex 81.2 2 2
      vertex 79.2 0 2
      vertex 85.2 0 2
    endloop
  endfacet
  facet normal -0 0 1
    outer loop
      vertex 75.1486 -3.875 2
      vertex 79.2 -5 2
      vertex 79.2 0 2
    endloop
  endfacet
  facet normal -0 -0 1
    outer loop
      vertex 75.2787 -4.13896 2
      vertex 79.2 -5 2
      vertex 75.218 -4.00485 2
    endloop
  endfacet
  facet normal -0 -0 1
    outer loop
      vertex 75.3733 -4.41766 2
      vertex 79.2 -5 2
      vertex 75.3306 -4.27676 2
    endloop
  endfacet
  facet normal -0 -0 1
    outer loop
      vertex 75.4307 -4.70632 2
      vertex 79.2 -5 2
      vertex 75.4068 -4.56105 2
    endloop
  endfacet
  facet normal -0 -0 1
    outer loop
      vertex 75.4452 -4.85284 2
      vertex 79.2 -5 2
      vertex 75.4307 -4.70632 2
    endloop
  endfacet
  facet normal 0 0 1
    outer loop
      vertex 79.2 -5 2
      vertex 75.45 -5 2
      vertex 79.1871 -5.39242 2
    endloop
  endfacet
  facet normal 0 0 1
    outer loop
      vertex 79.1871 -5.39242 2
      vertex 75.4452 -5.14716 2
      vertex 79.1487 -5.78316 2
    endloop
  endfacet
  facet normal -0 0 1
    outer loop
      vertex 75.4307 -5.29368 2
      vertex 79.1487 -5.78316 2
      vertex 75.4452 -5.14716 2
    endloop
  endfacet
  facet normal -0 0 1
    outer loop
      vertex 75.4068 -5.43895 2
      vertex 79.0847 -6.17054 2
      vertex 75.4307 -5.29368 2
    endloop
  endfacet
  facet normal 0 0 1
    outer loop
      vertex 79.0847 -6.17054 2
      vertex 75.4068 -5.43895 2
      vertex 78.9956 -6.55291 2
    endloop
  endfacet
  facet normal 0 0 1
    outer loop
      vertex 78.9956 -6.55291 2
      vertex 75.3733 -5.58234 2
      vertex 78.8816 -6.92864 2
    endloop
  endfacet
  facet normal 0 0 1
    outer loop
      vertex 78.8816 -6.92864 2
      vertex 75.3306 -5.72324 2
      vertex 78.7433 -7.2961 2
    endloop
  endfacet
  facet normal -0 0 1
    outer loop
      vertex 75.2787 -5.86104 2
      vertex 78.7433 -7.2961 2
      vertex 75.3306 -5.72324 2
    endloop
  endfacet
  facet normal -0 0 1
    outer loop
      vertex 75.218 -5.99515 2
      vertex 78.5812 -7.65373 2
      vertex 75.2787 -5.86104 2
    endloop
  endfacet
  facet normal 0 0 1
    outer loop
      vertex 78.5812 -7.65373 2
      vertex 75.218 -5.99515 2
      vertex 78.3961 -8 2
    endloop
  endfacet
  facet normal 0 0 1
    outer loop
      vertex 78.3961 -8 2
      vertex 75.1486 -6.125 2
      vertex 78.1888 -8.33342 2
    endloop
  endfacet
  facet normal 0 0 1
    outer loop
      vertex 78.1888 -8.33342 2
      vertex 75.0708 -6.25003 2
      vertex 77.9601 -8.65257 2
    endloop
  endfacet
  facet normal -0 0 1
    outer loop
      vertex 74.985 -6.36971 2
      vertex 77.9601 -8.65257 2
      vertex 75.0708 -6.25003 2
    endloop
  endfacet
  facet normal 0 0 1
    outer loop
      vertex 78.7433 -7.2961 2
      vertex 75.2787 -5.86104 2
      vertex 78.5812 -7.65373 2
    endloop
  endfacet
  facet normal -0 0 1
    outer loop
      vertex 75.3306 -5.72324 2
      vertex 78.8816 -6.92864 2
      vertex 75.3733 -5.58234 2
    endloop
  endfacet
  facet normal -0 0 1
    outer loop
      vertex 75.3733 -5.58234 2
      vertex 78.9956 -6.55291 2
      vertex 75.4068 -5.43895 2
    endloop
  endfacet
  facet normal 0 0 1
    outer loop
      vertex 79.1487 -5.78316 2
      vertex 75.4307 -5.29368 2
      vertex 79.0847 -6.17054 2
    endloop
  endfacet
  facet normal -0 0 1
    outer loop
      vertex 75.4452 -5.14716 2
      vertex 79.1871 -5.39242 2
      vertex 75.45 -5 2
    endloop
  endfacet
  facet normal 0 -0 1
    outer loop
      vertex 75.45 -5 2
      vertex 79.2 -5 2
      vertex 75.4452 -4.85284 2
    endloop
  endfacet
  facet normal -0 -0 1
    outer loop
      vertex 75.4068 -4.56105 2
      vertex 79.2 -5 2
      vertex 75.3733 -4.41766 2
    endloop
  endfacet
  facet normal -0 -0 1
    outer loop
      vertex 75.3306 -4.27676 2
      vertex 79.2 -5 2
      vertex 75.2787 -4.13896 2
    endloop
  endfacet
  facet normal 0 0 1
    outer loop
      vertex 79.2 -5 2
      vertex 75.1486 -3.875 2
      vertex 75.218 -4.00485 2
    endloop
  endfacet
  facet normal 0 0 1
    outer loop
      vertex 67.2 0 2
      vertex 79.2 0 2
      vertex 81.2 2 2
    endloop
  endfacet
  facet normal 0 0 1
    outer loop
      vertex 79.2 0 2
      vertex 75.0708 -3.74997 2
      vertex 75.1486 -3.875 2
    endloop
  endfacet
  facet normal 0 0 1
    outer loop
      vertex 79.2 0 2
      vertex 74.985 -3.63029 2
      vertex 75.0708 -3.74997 2
    endloop
  endfacet
  facet normal 0 0 1
    outer loop
      vertex 79.2 0 2
      vertex 74.8916 -3.51647 2
      vertex 74.985 -3.63029 2
    endloop
  endfacet
  facet normal 0 0 1
    outer loop
      vertex 79.2 0 2
      vertex 74.791 -3.40901 2
      vertex 74.8916 -3.51647 2
    endloop
  endfacet
  facet normal 0 0 1
    outer loop
      vertex 79.2 0 2
      vertex 74.6835 -3.30836 2
      vertex 74.791 -3.40901 2
    endloop
  endfacet
  facet normal 0 0 1
    outer loop
      vertex 79.2 0 2
      vertex 74.5697 -3.21495 2
      vertex 74.6835 -3.30836 2
    endloop
  endfacet
  facet normal 0 0 1
    outer loop
      vertex 79.2 0 2
      vertex 74.45 -3.12919 2
      vertex 74.5697 -3.21495 2
    endloop
  endfacet
  facet normal 0 0 1
    outer loop
      vertex 79.2 0 2
      vertex 74.325 -3.05144 2
      vertex 74.45 -3.12919 2
    endloop
  endfacet
  facet normal 0 0 1
    outer loop
      vertex 79.2 0 2
      vertex 74.1952 -2.98204 2
      vertex 74.325 -3.05144 2
    endloop
  endfacet
  facet normal 0 0 1
    outer loop
      vertex 79.2 0 2
      vertex 74.061 -2.92127 2
      vertex 74.1952 -2.98204 2
    endloop
  endfacet
  facet normal 0 0 1
    outer loop
      vertex 79.2 0 2
      vertex 73.9232 -2.86941 2
      vertex 74.061 -2.92127 2
    endloop
  endfacet
  facet normal 0 0 1
    outer loop
      vertex 79.2 0 2
      vertex 73.7823 -2.82667 2
      vertex 73.9232 -2.86941 2
    endloop
  endfacet
  facet normal 0 0 1
    outer loop
      vertex 79.2 0 2
      vertex 73.639 -2.79323 2
      vertex 73.7823 -2.82667 2
    endloop
  endfacet
  facet normal 0 0 1
    outer loop
      vertex 79.2 0 2
      vertex 73.4937 -2.76925 2
      vertex 73.639 -2.79323 2
    endloop
  endfacet
  facet normal 0 0 1
    outer loop
      vertex 79.2 0 2
      vertex 73.3472 -2.75482 2
      vertex 73.4937 -2.76925 2
    endloop
  endfacet
  facet normal 0 0 1
    outer loop
      vertex 79.2 0 2
      vertex 73.2 -2.75 2
      vertex 73.3472 -2.75482 2
    endloop
  endfacet
  facet normal 0 0 1
    outer loop
      vertex 79.2 0 2
      vertex 67.2 0 2
      vertex 73.2 -2.75 2
    endloop
  endfacet
  facet normal 0 0 1
    outer loop
      vertex 73.2 -2.75 2
      vertex 67.2 0 2
      vertex 73.0528 -2.75482 2
    endloop
  endfacet
  facet normal 0 0 1
    outer loop
      vertex 73.0528 -2.75482 2
      vertex 67.2 0 2
      vertex 72.9063 -2.76925 2
    endloop
  endfacet
  facet normal 0 0 1
    outer loop
      vertex 72.9063 -2.76925 2
      vertex 67.2 0 2
      vertex 72.761 -2.79323 2
    endloop
  endfacet
  facet normal 0 0 1
    outer loop
      vertex 72.761 -2.79323 2
      vertex 67.2 0 2
      vertex 72.6177 -2.82667 2
    endloop
  endfacet
  facet normal 0 0 1
    outer loop
      vertex 72.6177 -2.82667 2
      vertex 67.2 0 2
      vertex 72.4768 -2.86941 2
    endloop
  endfacet
  facet normal 0 0 1
    outer loop
      vertex 72.4768 -2.86941 2
      vertex 67.2 0 2
      vertex 72.339 -2.92127 2
    endloop
  endfacet
  facet normal 0 0 1
    outer loop
      vertex 72.339 -2.92127 2
      vertex 67.2 0 2
      vertex 72.2048 -2.98204 2
    endloop
  endfacet
  facet normal 0 0 1
    outer loop
      vertex 72.2048 -7.01796 2
      vertex 70.5463 -10.3812 2
      vertex 70.9039 -10.5433 2
    endloop
  endfacet
  facet normal 0 0 1
    outer loop
      vertex 67.2 -5 2
      vertex 70.95 -5 2
      vertex 70.9548 -4.85284 2
    endloop
  endfacet
  facet normal 0 0 1
    outer loop
      vertex 70.9548 -5.14716 2
      vertex 70.2 -10.1962 2
      vertex 70.5463 -10.3812 2
    endloop
  endfacet
  facet normal 0 0 1
    outer loop
      vertex 67.2 -5 2
      vertex 70.9548 -4.85284 2
      vertex 70.9692 -4.70632 2
    endloop
  endfacet
  facet normal 0 0 1
    outer loop
      vertex 70.9548 -5.14716 2
      vertex 69.8666 -9.98882 2
      vertex 70.2 -10.1962 2
    endloop
  endfacet
  facet normal 0 0 1
    outer loop
      vertex 67.2 -5 2
      vertex 70.9692 -4.70632 2
      vertex 70.9932 -4.56105 2
    endloop
  endfacet
  facet normal 0 0 1
    outer loop
      vertex 70.9548 -5.14716 2
      vertex 69.5474 -9.76012 2
      vertex 69.8666 -9.98882 2
    endloop
  endfacet
  facet normal 0 0 1
    outer loop
      vertex 67.2 -5 2
      vertex 70.9932 -4.56105 2
      vertex 71.0267 -4.41766 2
    endloop
  endfacet
  facet normal 0 0 1
    outer loop
      vertex 70.9548 -5.14716 2
      vertex 69.2439 -9.51104 2
      vertex 69.5474 -9.76012 2
    endloop
  endfacet
  facet normal 0 0 1
    outer loop
      vertex 67.2 -5 2
      vertex 71.0267 -4.41766 2
      vertex 71.0694 -4.27676 2
    endloop
  endfacet
  facet normal 0 0 1
    outer loop
      vertex 70.9548 -5.14716 2
      vertex 68.9574 -9.24264 2
      vertex 69.2439 -9.51104 2
    endloop
  endfacet
  facet normal 0 0 1
    outer loop
      vertex 67.2 -5 2
      vertex 71.0694 -4.27676 2
      vertex 71.1213 -4.13896 2
    endloop
  endfacet
  facet normal 0 0 1
    outer loop
      vertex 70.9548 -5.14716 2
      vertex 68.689 -8.95607 2
      vertex 68.9574 -9.24264 2
    endloop
  endfacet
  facet normal 0 0 1
    outer loop
      vertex 67.2 -5 2
      vertex 71.1213 -4.13896 2
      vertex 71.182 -4.00485 2
    endloop
  endfacet
  facet normal 0 0 1
    outer loop
      vertex 70.9548 -5.14716 2
      vertex 68.4399 -8.65257 2
      vertex 68.689 -8.95607 2
    endloop
  endfacet
  facet normal 0 0 1
    outer loop
      vertex 67.2 -5 2
      vertex 71.182 -4.00485 2
      vertex 71.2514 -3.875 2
    endloop
  endfacet
  facet normal 0 0 1
    outer loop
      vertex 70.9548 -5.14716 2
      vertex 68.2112 -8.33342 2
      vertex 68.4399 -8.65257 2
    endloop
  endfacet
  facet normal 0 0 1
    outer loop
      vertex 67.2 0 2
      vertex 71.2514 -3.875 2
      vertex 71.3292 -3.74997 2
    endloop
  endfacet
  facet normal 0 0 1
    outer loop
      vertex 70.9548 -5.14716 2
      vertex 68.0038 -8 2
      vertex 68.2112 -8.33342 2
    endloop
  endfacet
  facet normal 0 0 1
    outer loop
      vertex 67.2 0 2
      vertex 71.3292 -3.74997 2
      vertex 71.415 -3.63029 2
    endloop
  endfacet
  facet normal 0 0 1
    outer loop
      vertex 70.9548 -5.14716 2
      vertex 67.8188 -7.65373 2
      vertex 68.0038 -8 2
    endloop
  endfacet
  facet normal 0 0 1
    outer loop
      vertex 67.2 0 2
      vertex 71.415 -3.63029 2
      vertex 71.5084 -3.51647 2
    endloop
  endfacet
  facet normal 0 0 1
    outer loop
      vertex 70.9548 -5.14716 2
      vertex 67.6567 -7.2961 2
      vertex 67.8188 -7.65373 2
    endloop
  endfacet
  facet normal 0 0 1
    outer loop
      vertex 67.2 0 2
      vertex 71.5084 -3.51647 2
      vertex 71.609 -3.40901 2
    endloop
  endfacet
  facet normal 0 0 1
    outer loop
      vertex 70.9548 -5.14716 2
      vertex 67.5184 -6.92864 2
      vertex 67.6567 -7.2961 2
    endloop
  endfacet
  facet normal 0 0 1
    outer loop
      vertex 67.2 0 2
      vertex 71.609 -3.40901 2
      vertex 71.7165 -3.30836 2
    endloop
  endfacet
  facet normal 0 0 1
    outer loop
      vertex 70.9548 -5.14716 2
      vertex 67.4044 -6.55291 2
      vertex 67.5184 -6.92864 2
    endloop
  endfacet
  facet normal 0 0 1
    outer loop
      vertex 67.2 0 2
      vertex 71.7165 -3.30836 2
      vertex 71.8303 -3.21495 2
    endloop
  endfacet
  facet normal 0 0 1
    outer loop
      vertex 70.9548 -5.14716 2
      vertex 67.3153 -6.17054 2
      vertex 67.4044 -6.55291 2
    endloop
  endfacet
  facet normal 0 0 1
    outer loop
      vertex 67.2 0 2
      vertex 71.8303 -3.21495 2
      vertex 71.95 -3.12919 2
    endloop
  endfacet
  facet normal 0 0 1
    outer loop
      vertex 70.9548 -5.14716 2
      vertex 67.2513 -5.78316 2
      vertex 67.3153 -6.17054 2
    endloop
  endfacet
  facet normal 0 0 1
    outer loop
      vertex 67.2 0 2
      vertex 71.95 -3.12919 2
      vertex 72.075 -3.05144 2
    endloop
  endfacet
  facet normal 0 0 1
    outer loop
      vertex 70.9548 -5.14716 2
      vertex 67.2128 -5.39242 2
      vertex 67.2513 -5.78316 2
    endloop
  endfacet
  facet normal 0 0 1
    outer loop
      vertex 72.2048 -2.98204 2
      vertex 67.2 0 2
      vertex 72.075 -3.05144 2
    endloop
  endfacet
  facet normal 0 0 1
    outer loop
      vertex 71.2514 -3.875 2
      vertex 67.2 0 2
      vertex 67.2 -5 2
    endloop
  endfacet
  facet normal 0 0 1
    outer loop
      vertex 81.2 2 2
      vertex 18 0 2
      vertex 67.2 0 2
    endloop
  endfacet
  facet normal -0 0 1
    outer loop
      vertex 13.9486 -3.875 2
      vertex 18 -5 2
      vertex 18 0 2
    endloop
  endfacet
  facet normal -0 -0 1
    outer loop
      vertex 14.0787 -4.13896 2
      vertex 18 -5 2
      vertex 14.018 -4.00485 2
    endloop
  endfacet
  facet normal -0 -0 1
    outer loop
      vertex 14.1733 -4.41766 2
      vertex 18 -5 2
      vertex 14.1306 -4.27676 2
    endloop
  endfacet
  facet normal -0 -0 1
    outer loop
      vertex 14.2308 -4.70632 2
      vertex 18 -5 2
      vertex 14.2068 -4.56105 2
    endloop
  endfacet
  facet normal -0 -0 1
    outer loop
      vertex 14.2452 -4.85284 2
      vertex 18 -5 2
      vertex 14.2308 -4.70632 2
    endloop
  endfacet
  facet normal 0 0 1
    outer loop
      vertex 18 -5 2
      vertex 14.25 -5 2
      vertex 17.9872 -5.39242 2
    endloop
  endfacet
  facet normal 0 0 1
    outer loop
      vertex 17.9872 -5.39242 2
      vertex 14.2452 -5.14716 2
      vertex 17.9487 -5.78316 2
    endloop
  endfacet
  facet normal -0 0 1
    outer loop
      vertex 14.2308 -5.29368 2
      vertex 17.9487 -5.78316 2
      vertex 14.2452 -5.14716 2
    endloop
  endfacet
  facet normal -0 0 1
    outer loop
      vertex 14.2068 -5.43895 2
      vertex 17.8847 -6.17054 2
      vertex 14.2308 -5.29368 2
    endloop
  endfacet
  facet normal 0 0 1
    outer loop
      vertex 17.8847 -6.17054 2
      vertex 14.2068 -5.43895 2
      vertex 17.7956 -6.55291 2
    endloop
  endfacet
  facet normal 0 0 1
    outer loop
      vertex 17.7956 -6.55291 2
      vertex 14.1733 -5.58234 2
      vertex 17.6816 -6.92864 2
    endloop
  endfacet
  facet normal 0 0 1
    outer loop
      vertex 17.6816 -6.92864 2
      vertex 14.1306 -5.72324 2
      vertex 17.5433 -7.2961 2
    endloop
  endfacet
  facet normal -0 0 1
    outer loop
      vertex 14.0787 -5.86104 2
      vertex 17.5433 -7.2961 2
      vertex 14.1306 -5.72324 2
    endloop
  endfacet
  facet normal -0 0 1
    outer loop
      vertex 14.018 -5.99515 2
      vertex 17.3812 -7.65373 2
      vertex 14.0787 -5.86104 2
    endloop
  endfacet
  facet normal 0 0 1
    outer loop
      vertex 17.3812 -7.65373 2
      vertex 14.018 -5.99515 2
      vertex 17.1962 -8 2
    endloop
  endfacet
  facet normal 0 0 1
    outer loop
      vertex 17.1962 -8 2
      vertex 13.9486 -6.125 2
      vertex 16.9888 -8.33342 2
    endloop
  endfacet
  facet normal 0 0 1
    outer loop
      vertex 16.9888 -8.33342 2
      vertex 13.8708 -6.25003 2
      vertex 16.7601 -8.65257 2
    endloop
  endfacet
  facet normal -0 0 1
    outer loop
      vertex 13.785 -6.36971 2
      vertex 16.7601 -8.65257 2
      vertex 13.8708 -6.25003 2
    endloop
  endfacet
  facet normal 0 0 1
    outer loop
      vertex 17.5433 -7.2961 2
      vertex 14.0787 -5.86104 2
      vertex 17.3812 -7.65373 2
    endloop
  endfacet
  facet normal -0 0 1
    outer loop
      vertex 14.1306 -5.72324 2
      vertex 17.6816 -6.92864 2
      vertex 14.1733 -5.58234 2
    endloop
  endfacet
  facet normal -0 0 1
    outer loop
      vertex 14.1733 -5.58234 2
      vertex 17.7956 -6.55291 2
      vertex 14.2068 -5.43895 2
    endloop
  endfacet
  facet normal 0 0 1
    outer loop
      vertex 17.9487 -5.78316 2
      vertex 14.2308 -5.29368 2
      vertex 17.8847 -6.17054 2
    endloop
  endfacet
  facet normal -0 0 1
    outer loop
      vertex 14.2452 -5.14716 2
      vertex 17.9872 -5.39242 2
      vertex 14.25 -5 2
    endloop
  endfacet
  facet normal 0 -0 1
    outer loop
      vertex 14.25 -5 2
      vertex 18 -5 2
      vertex 14.2452 -4.85284 2
    endloop
  endfacet
  facet normal -0 -0 1
    outer loop
      vertex 14.2068 -4.56105 2
      vertex 18 -5 2
      vertex 14.1733 -4.41766 2
    endloop
  endfacet
  facet normal -0 -0 1
    outer loop
      vertex 14.1306 -4.27676 2
      vertex 18 -5 2
      vertex 14.0787 -4.13896 2
    endloop
  endfacet
  facet normal 0 0 1
    outer loop
      vertex 18 -5 2
      vertex 13.9486 -3.875 2
      vertex 14.018 -4.00485 2
    endloop
  endfacet
  facet normal 0 0 1
    outer loop
      vertex 18 0 2
      vertex 13.8708 -3.74997 2
      vertex 13.9486 -3.875 2
    endloop
  endfacet
  facet normal 0 0 1
    outer loop
      vertex 18 0 2
      vertex 13.785 -3.63029 2
      vertex 13.8708 -3.74997 2
    endloop
  endfacet
  facet normal 0 0 1
    outer loop
      vertex 18 0 2
      vertex 13.6916 -3.51647 2
      vertex 13.785 -3.63029 2
    endloop
  endfacet
  facet normal 0 0 1
    outer loop
      vertex 18 0 2
      vertex 13.591 -3.40901 2
      vertex 13.6916 -3.51647 2
    endloop
  endfacet
  facet normal 0 0 1
    outer loop
      vertex 18 0 2
      vertex 13.4835 -3.30836 2
      vertex 13.591 -3.40901 2
    endloop
  endfacet
  facet normal 0 0 1
    outer loop
      vertex 18 0 2
      vertex 13.3697 -3.21495 2
      vertex 13.4835 -3.30836 2
    endloop
  endfacet
  facet normal 0 0 1
    outer loop
      vertex 18 0 2
      vertex 13.25 -3.12919 2
      vertex 13.3697 -3.21495 2
    endloop
  endfacet
  facet normal 0 0 1
    outer loop
      vertex 18 0 2
      vertex 13.125 -3.05144 2
      vertex 13.25 -3.12919 2
    endloop
  endfacet
  facet normal 0 0 1
    outer loop
      vertex 18 0 2
      vertex 12.9951 -2.98204 2
      vertex 13.125 -3.05144 2
    endloop
  endfacet
  facet normal 0 0 1
    outer loop
      vertex 18 0 2
      vertex 12.861 -2.92127 2
      vertex 12.9951 -2.98204 2
    endloop
  endfacet
  facet normal 0 0 1
    outer loop
      vertex 18 0 2
      vertex 12.7232 -2.86941 2
      vertex 12.861 -2.92127 2
    endloop
  endfacet
  facet normal 0 0 1
    outer loop
      vertex 18 0 2
      vertex 12.5823 -2.82667 2
      vertex 12.7232 -2.86941 2
    endloop
  endfacet
  facet normal 0 0 1
    outer loop
      vertex 18 0 2
      vertex 12.439 -2.79323 2
      vertex 12.5823 -2.82667 2
    endloop
  endfacet
  facet normal 0 0 1
    outer loop
      vertex 18 0 2
      vertex 12.2937 -2.76925 2
      vertex 12.439 -2.79323 2
    endloop
  endfacet
  facet normal 0 0 1
    outer loop
      vertex 18 0 2
      vertex 12.1472 -2.75482 2
      vertex 12.2937 -2.76925 2
    endloop
  endfacet
  facet normal 0 0 1
    outer loop
      vertex 18 0 2
      vertex 12 -2.75 2
      vertex 12.1472 -2.75482 2
    endloop
  endfacet
  facet normal -0 0 1
    outer loop
      vertex 6 0 2
      vertex 12 -2.75 2
      vertex 18 0 2
    endloop
  endfacet
  facet normal 0 0 1
    outer loop
      vertex 12 -2.75 2
      vertex 6 0 2
      vertex 11.8528 -2.75482 2
    endloop
  endfacet
  facet normal 0 0 1
    outer loop
      vertex 11.8528 -2.75482 2
      vertex 6 0 2
      vertex 11.7063 -2.76925 2
    endloop
  endfacet
  facet normal 0 0 1
    outer loop
      vertex 11.7063 -2.76925 2
      vertex 6 0 2
      vertex 11.561 -2.79323 2
    endloop
  endfacet
  facet normal 0 0 1
    outer loop
      vertex 11.561 -2.79323 2
      vertex 6 0 2
      vertex 11.4177 -2.82667 2
    endloop
  endfacet
  facet normal 0 0 1
    outer loop
      vertex 11.4177 -2.82667 2
      vertex 6 0 2
      vertex 11.2768 -2.86941 2
    endloop
  endfacet
  facet normal 0 0 1
    outer loop
      vertex 11.0049 -7.01796 2
      vertex 9.34627 -10.3812 2
      vertex 9.7039 -10.5433 2
    endloop
  endfacet
  facet normal 0 0 1
    outer loop
      vertex 6 -5 2
      vertex 9.75 -5 2
      vertex 9.75482 -4.85284 2
    endloop
  endfacet
  facet normal 0 0 1
    outer loop
      vertex 9.75482 -5.14716 2
      vertex 9 -10.1962 2
      vertex 9.34627 -10.3812 2
    endloop
  endfacet
  facet normal 0 0 1
    outer loop
      vertex 6 -5 2
      vertex 9.75482 -4.85284 2
      vertex 9.76925 -4.70632 2
    endloop
  endfacet
  facet normal 0 0 1
    outer loop
      vertex 9.75482 -5.14716 2
      vertex 8.66658 -9.98882 2
      vertex 9 -10.1962 2
    endloop
  endfacet
  facet normal 0 0 1
    outer loop
      vertex 6 -5 2
      vertex 9.76925 -4.70632 2
      vertex 9.79323 -4.56105 2
    endloop
  endfacet
  facet normal 0 0 1
    outer loop
      vertex 9.75482 -5.14716 2
      vertex 8.34743 -9.76012 2
      vertex 8.66658 -9.98882 2
    endloop
  endfacet
  facet normal 0 0 1
    outer loop
      vertex 6 -5 2
      vertex 9.79323 -4.56105 2
      vertex 9.82667 -4.41766 2
    endloop
  endfacet
  facet normal 0 0 1
    outer loop
      vertex 9.75482 -5.14716 2
      vertex 8.04392 -9.51104 2
      vertex 8.34743 -9.76012 2
    endloop
  endfacet
  facet normal 0 0 1
    outer loop
      vertex 6 -5 2
      vertex 9.82667 -4.41766 2
      vertex 9.86941 -4.27676 2
    endloop
  endfacet
  facet normal 0 0 1
    outer loop
      vertex 9.75482 -5.14716 2
      vertex 7.75736 -9.24264 2
      vertex 8.04392 -9.51104 2
    endloop
  endfacet
  facet normal 0 0 1
    outer loop
      vertex 6 -5 2
      vertex 9.86941 -4.27676 2
      vertex 9.92127 -4.13896 2
    endloop
  endfacet
  facet normal 0 0 1
    outer loop
      vertex 9.75482 -5.14716 2
      vertex 7.48896 -8.95607 2
      vertex 7.75736 -9.24264 2
    endloop
  endfacet
  facet normal 0 0 1
    outer loop
      vertex 6 -5 2
      vertex 9.92127 -4.13896 2
      vertex 9.98204 -4.00485 2
    endloop
  endfacet
  facet normal 0 0 1
    outer loop
      vertex 9.75482 -5.14716 2
      vertex 7.23988 -8.65257 2
      vertex 7.48896 -8.95607 2
    endloop
  endfacet
  facet normal 0 0 1
    outer loop
      vertex 6 -5 2
      vertex 9.98204 -4.00485 2
      vertex 10.0514 -3.875 2
    endloop
  endfacet
  facet normal 0 0 1
    outer loop
      vertex 9.75482 -5.14716 2
      vertex 7.01118 -8.33342 2
      vertex 7.23988 -8.65257 2
    endloop
  endfacet
  facet normal 0 0 1
    outer loop
      vertex 6 0 2
      vertex 10.0514 -3.875 2
      vertex 10.1292 -3.74997 2
    endloop
  endfacet
  facet normal 0 0 1
    outer loop
      vertex 9.75482 -5.14716 2
      vertex 6.80385 -8 2
      vertex 7.01118 -8.33342 2
    endloop
  endfacet
  facet normal 0 0 1
    outer loop
      vertex 6 0 2
      vertex 10.1292 -3.74997 2
      vertex 10.215 -3.63029 2
    endloop
  endfacet
  facet normal 0 0 1
    outer loop
      vertex 9.75482 -5.14716 2
      vertex 6.61876 -7.65373 2
      vertex 6.80385 -8 2
    endloop
  endfacet
  facet normal 0 0 1
    outer loop
      vertex 6 0 2
      vertex 10.215 -3.63029 2
      vertex 10.3084 -3.51647 2
    endloop
  endfacet
  facet normal 0 0 1
    outer loop
      vertex 9.75482 -5.14716 2
      vertex 6.45672 -7.2961 2
      vertex 6.61876 -7.65373 2
    endloop
  endfacet
  facet normal 0 0 1
    outer loop
      vertex 6 0 2
      vertex 10.3084 -3.51647 2
      vertex 10.409 -3.40901 2
    endloop
  endfacet
  facet normal 0 0 1
    outer loop
      vertex 9.75482 -5.14716 2
      vertex 6.31842 -6.92864 2
      vertex 6.45672 -7.2961 2
    endloop
  endfacet
  facet normal 0 0 1
    outer loop
      vertex 6 0 2
      vertex 10.409 -3.40901 2
      vertex 10.5165 -3.30836 2
    endloop
  endfacet
  facet normal 0 0 1
    outer loop
      vertex 9.75482 -5.14716 2
      vertex 6.20444 -6.55291 2
      vertex 6.31842 -6.92864 2
    endloop
  endfacet
  facet normal 0 0 1
    outer loop
      vertex 6 0 2
      vertex 10.5165 -3.30836 2
      vertex 10.6303 -3.21495 2
    endloop
  endfacet
  facet normal 0 0 1
    outer loop
      vertex 9.75482 -5.14716 2
      vertex 6.11529 -6.17054 2
      vertex 6.20444 -6.55291 2
    endloop
  endfacet
  facet normal 0 0 1
    outer loop
      vertex 6 0 2
      vertex 10.6303 -3.21495 2
      vertex 10.75 -3.12919 2
    endloop
  endfacet
  facet normal 0 0 1
    outer loop
      vertex 9.75482 -5.14716 2
      vertex 6.05133 -5.78316 2
      vertex 6.11529 -6.17054 2
    endloop
  endfacet
  facet normal 0 0 1
    outer loop
      vertex 6 0 2
      vertex 10.75 -3.12919 2
      vertex 10.875 -3.05144 2
    endloop
  endfacet
  facet normal 0 0 1
    outer loop
      vertex 9.75482 -5.14716 2
      vertex 6.01285 -5.39242 2
      vertex 6.05133 -5.78316 2
    endloop
  endfacet
  facet normal 0 0 1
    outer loop
      vertex 6 0 2
      vertex 10.875 -3.05144 2
      vertex 11.0049 -2.98204 2
    endloop
  endfacet
  facet normal 0 0 1
    outer loop
      vertex 10.0514 -3.875 2
      vertex 6 0 2
      vertex 6 -5 2
    endloop
  endfacet
  facet normal 0 0 1
    outer loop
      vertex 11.139 -2.92127 2
      vertex 6 0 2
      vertex 11.0049 -2.98204 2
    endloop
  endfacet
  facet normal 0 0 1
    outer loop
      vertex 11.2768 -2.86941 2
      vertex 6 0 2
      vertex 11.139 -2.92127 2
    endloop
  endfacet
  facet normal -0 0 1
    outer loop
      vertex 2 2 2
      vertex 18 0 2
      vertex 81.2 2 2
    endloop
  endfacet
  facet normal 0 0 1
    outer loop
      vertex 18 0 2
      vertex 2 2 2
      vertex 6 0 2
    endloop
  endfacet
  facet normal 0 0 1
    outer loop
      vertex 2 2 2
      vertex 0 0 2
      vertex 6 0 2
    endloop
  endfacet
  facet normal 0 0 1
    outer loop
      vertex 2 81.2 2
      vertex 0 0 2
      vertex 2 2 2
    endloop
  endfacet
  facet normal 0 0 1
    outer loop
      vertex 70.95 -5 2
      vertex 67.2 -5 2
      vertex 67.2128 -5.39242 2
    endloop
  endfacet
  facet normal 0 0 1
    outer loop
      vertex 6 85.2 2
      vertex 2 81.2 2
      vertex 4 81.2 2
    endloop
  endfacet
  facet normal 0 0 1
    outer loop
      vertex 0 0 2
      vertex 2 81.2 2
      vertex 0 85.2 2
    endloop
  endfacet
  facet normal -0 0 1
    outer loop
      vertex 0 85.2 2
      vertex 2 81.2 2
      vertex 6 85.2 2
    endloop
  endfacet
  facet normal 0 0 1
    outer loop
      vertex 9.75 -5 2
      vertex 6 -5 2
      vertex 6.01285 -5.39242 2
    endloop
  endfacet
  facet normal 0 0 1
    outer loop
      vertex 18 90.2 2
      vertex 14.25 90.2 2
      vertex 14.2452 90.0528 2
    endloop
  endfacet
  facet normal 0 0 1
    outer loop
      vertex 17.9872 90.5924 2
      vertex 14.2452 90.3472 2
      vertex 14.25 90.2 2
    endloop
  endfacet
  facet normal 0 0 1
    outer loop
      vertex 17.9487 90.9832 2
      vertex 14.2308 90.4937 2
      vertex 14.2452 90.3472 2
    endloop
  endfacet
  facet normal 0 0 1
    outer loop
      vertex 17.8847 91.3705 2
      vertex 14.2068 90.639 2
      vertex 14.2308 90.4937 2
    endloop
  endfacet
  facet normal 0 0 1
    outer loop
      vertex 17.6816 92.1286 2
      vertex 14.1306 90.9232 2
      vertex 14.1733 90.7823 2
    endloop
  endfacet
  facet normal 0 0 1
    outer loop
      vertex 17.5433 92.4961 2
      vertex 14.0787 91.061 2
      vertex 14.1306 90.9232 2
    endloop
  endfacet
  facet normal 0 0 1
    outer loop
      vertex 17.3812 92.8537 2
      vertex 14.018 91.1952 2
      vertex 14.0787 91.061 2
    endloop
  endfacet
  facet normal 0 0 1
    outer loop
      vertex 17.1962 93.2 2
      vertex 13.9486 91.325 2
      vertex 14.018 91.1952 2
    endloop
  endfacet
  facet normal 0 0 1
    outer loop
      vertex 12.861 92.2787 2
      vertex 14.2961 95.7433 2
      vertex 13.9286 95.8816 2
    endloop
  endfacet
  facet normal 0 0 1
    outer loop
      vertex 16.9888 93.5334 2
      vertex 13.8708 91.45 2
      vertex 13.9486 91.325 2
    endloop
  endfacet
  facet normal 0 0 1
    outer loop
      vertex 16.7601 93.8526 2
      vertex 13.785 91.5697 2
      vertex 13.8708 91.45 2
    endloop
  endfacet
  facet normal 0 0 1
    outer loop
      vertex 16.511 94.1561 2
      vertex 13.6916 91.6835 2
      vertex 13.785 91.5697 2
    endloop
  endfacet
  facet normal 0 0 1
    outer loop
      vertex 16.2426 94.4426 2
      vertex 13.591 91.791 2
      vertex 13.6916 91.6835 2
    endloop
  endfacet
  facet normal 0 0 1
    outer loop
      vertex 12.7232 92.3306 2
      vertex 13.9286 95.8816 2
      vertex 13.5529 95.9956 2
    endloop
  endfacet
  facet normal 0 0 1
    outer loop
      vertex 15.9561 94.711 2
      vertex 13.4835 91.8916 2
      vertex 13.591 91.791 2
    endloop
  endfacet
  facet normal 0 0 1
    outer loop
      vertex 15.6526 94.9601 2
      vertex 13.3697 91.985 2
      vertex 13.4835 91.8916 2
    endloop
  endfacet
  facet normal 0 0 1
    outer loop
      vertex 15.3334 95.1888 2
      vertex 13.25 92.0708 2
      vertex 13.3697 91.985 2
    endloop
  endfacet
  facet normal 0 0 1
    outer loop
      vertex 12.5823 92.3733 2
      vertex 13.5529 95.9956 2
      vertex 13.1705 96.0847 2
    endloop
  endfacet
  facet normal 0 0 1
    outer loop
      vertex 15 95.3961 2
      vertex 13.125 92.1486 2
      vertex 13.25 92.0708 2
    endloop
  endfacet
  facet normal 0 0 1
    outer loop
      vertex 14.6537 95.5812 2
      vertex 12.9951 92.218 2
      vertex 13.125 92.1486 2
    endloop
  endfacet
  facet normal 0 0 1
    outer loop
      vertex 14.2961 95.7433 2
      vertex 12.861 92.2787 2
      vertex 12.9951 92.218 2
    endloop
  endfacet
  facet normal 0 0 1
    outer loop
      vertex 12.439 92.4068 2
      vertex 13.1705 96.0847 2
      vertex 12.7832 96.1487 2
    endloop
  endfacet
  facet normal 0 0 1
    outer loop
      vertex 13.9286 95.8816 2
      vertex 12.7232 92.3306 2
      vertex 12.861 92.2787 2
    endloop
  endfacet
  facet normal 0 0 1
    outer loop
      vertex 13.5529 95.9956 2
      vertex 12.5823 92.3733 2
      vertex 12.7232 92.3306 2
    endloop
  endfacet
  facet normal 0 0 1
    outer loop
      vertex 13.1705 96.0847 2
      vertex 12.439 92.4068 2
      vertex 12.5823 92.3733 2
    endloop
  endfacet
  facet normal 0 0 1
    outer loop
      vertex 12.2937 92.4307 2
      vertex 12.7832 96.1487 2
      vertex 12.3924 96.1871 2
    endloop
  endfacet
  facet normal 0 0 1
    outer loop
      vertex 12.7832 96.1487 2
      vertex 12.2937 92.4307 2
      vertex 12.439 92.4068 2
    endloop
  endfacet
  facet normal 0 0 1
    outer loop
      vertex 12.3924 96.1871 2
      vertex 12.1472 92.4452 2
      vertex 12.2937 92.4307 2
    endloop
  endfacet
  facet normal 0 0 1
    outer loop
      vertex 12 96.2 2
      vertex 12.1472 92.4452 2
      vertex 12.3924 96.1871 2
    endloop
  endfacet
  facet normal 0 0 1
    outer loop
      vertex 12 96.2 2
      vertex 12 92.45 2
      vertex 12.1472 92.4452 2
    endloop
  endfacet
  facet normal 0 0 1
    outer loop
      vertex 12 96.2 2
      vertex 11.8528 92.4452 2
      vertex 12 92.45 2
    endloop
  endfacet
  facet normal -0 0 1
    outer loop
      vertex 11.6076 96.1871 2
      vertex 11.8528 92.4452 2
      vertex 12 96.2 2
    endloop
  endfacet
  facet normal 0 0 1
    outer loop
      vertex 11.8528 92.4452 2
      vertex 11.6076 96.1871 2
      vertex 11.7063 92.4307 2
    endloop
  endfacet
  facet normal -0 0 1
    outer loop
      vertex 11.2168 96.1487 2
      vertex 11.7063 92.4307 2
      vertex 11.6076 96.1871 2
    endloop
  endfacet
  facet normal 0 0 1
    outer loop
      vertex 11.7063 92.4307 2
      vertex 11.2168 96.1487 2
      vertex 11.561 92.4068 2
    endloop
  endfacet
  facet normal -0 0 1
    outer loop
      vertex 10.8295 96.0847 2
      vertex 11.561 92.4068 2
      vertex 11.2168 96.1487 2
    endloop
  endfacet
  facet normal 0 0 1
    outer loop
      vertex 11.561 92.4068 2
      vertex 10.8295 96.0847 2
      vertex 11.4177 92.3733 2
    endloop
  endfacet
  facet normal -0 0 1
    outer loop
      vertex 10.4471 95.9956 2
      vertex 11.4177 92.3733 2
      vertex 10.8295 96.0847 2
    endloop
  endfacet
  facet normal 0 0 1
    outer loop
      vertex 11.4177 92.3733 2
      vertex 10.4471 95.9956 2
      vertex 11.2768 92.3306 2
    endloop
  endfacet
  facet normal -0 0 1
    outer loop
      vertex 10.0714 95.8816 2
      vertex 11.2768 92.3306 2
      vertex 10.4471 95.9956 2
    endloop
  endfacet
  facet normal 0 0 1
    outer loop
      vertex 11.2768 92.3306 2
      vertex 10.0714 95.8816 2
      vertex 11.139 92.2787 2
    endloop
  endfacet
  facet normal -0 0 1
    outer loop
      vertex 9.7039 95.7433 2
      vertex 11.139 92.2787 2
      vertex 10.0714 95.8816 2
    endloop
  endfacet
  facet normal 0 0 1
    outer loop
      vertex 11.139 92.2787 2
      vertex 9.7039 95.7433 2
      vertex 11.0049 92.218 2
    endloop
  endfacet
  facet normal -0 0 1
    outer loop
      vertex 9.34627 95.5812 2
      vertex 11.0049 92.218 2
      vertex 9.7039 95.7433 2
    endloop
  endfacet
  facet normal 0 0 1
    outer loop
      vertex 11.0049 92.218 2
      vertex 9.34627 95.5812 2
      vertex 10.875 92.1486 2
    endloop
  endfacet
  facet normal -0 0 1
    outer loop
      vertex 9 95.3961 2
      vertex 10.875 92.1486 2
      vertex 9.34627 95.5812 2
    endloop
  endfacet
  facet normal 0 0 1
    outer loop
      vertex 10.875 92.1486 2
      vertex 9 95.3961 2
      vertex 10.75 92.0708 2
    endloop
  endfacet
  facet normal -0 0 1
    outer loop
      vertex 8.66658 95.1888 2
      vertex 10.75 92.0708 2
      vertex 9 95.3961 2
    endloop
  endfacet
  facet normal 0 0 1
    outer loop
      vertex 10.75 92.0708 2
      vertex 8.66658 95.1888 2
      vertex 10.6303 91.985 2
    endloop
  endfacet
  facet normal -0 0 1
    outer loop
      vertex 8.34743 94.9601 2
      vertex 10.6303 91.985 2
      vertex 8.66658 95.1888 2
    endloop
  endfacet
  facet normal 0 0 1
    outer loop
      vertex 10.6303 91.985 2
      vertex 8.34743 94.9601 2
      vertex 10.5165 91.8916 2
    endloop
  endfacet
  facet normal -0 0 1
    outer loop
      vertex 8.04392 94.711 2
      vertex 10.5165 91.8916 2
      vertex 8.34743 94.9601 2
    endloop
  endfacet
  facet normal 0 0 1
    outer loop
      vertex 10.5165 91.8916 2
      vertex 8.04392 94.711 2
      vertex 10.409 91.791 2
    endloop
  endfacet
  facet normal -0 0 1
    outer loop
      vertex 7.75736 94.4426 2
      vertex 10.409 91.791 2
      vertex 8.04392 94.711 2
    endloop
  endfacet
  facet normal 0 0 1
    outer loop
      vertex 10.409 91.791 2
      vertex 7.75736 94.4426 2
      vertex 10.3084 91.6835 2
    endloop
  endfacet
  facet normal -0 0 1
    outer loop
      vertex 7.48896 94.1561 2
      vertex 10.3084 91.6835 2
      vertex 7.75736 94.4426 2
    endloop
  endfacet
  facet normal 0 0 1
    outer loop
      vertex 10.3084 91.6835 2
      vertex 7.48896 94.1561 2
      vertex 10.215 91.5697 2
    endloop
  endfacet
  facet normal -0 0 1
    outer loop
      vertex 7.23988 93.8526 2
      vertex 10.215 91.5697 2
      vertex 7.48896 94.1561 2
    endloop
  endfacet
  facet normal -0 0 1
    outer loop
      vertex 7.01118 93.5334 2
      vertex 10.1292 91.45 2
      vertex 7.23988 93.8526 2
    endloop
  endfacet
  facet normal 0 0 1
    outer loop
      vertex 10.215 91.5697 2
      vertex 7.23988 93.8526 2
      vertex 10.1292 91.45 2
    endloop
  endfacet
  facet normal -0 0 1
    outer loop
      vertex 13.9486 -6.125 2
      vertex 17.1962 -8 2
      vertex 14.018 -5.99515 2
    endloop
  endfacet
  facet normal -0 0 1
    outer loop
      vertex 13.8708 -6.25003 2
      vertex 16.9888 -8.33342 2
      vertex 13.9486 -6.125 2
    endloop
  endfacet
  facet normal 0 0 1
    outer loop
      vertex 16.7601 -8.65257 2
      vertex 13.785 -6.36971 2
      vertex 16.511 -8.95607 2
    endloop
  endfacet
  facet normal -0 0 1
    outer loop
      vertex 13.6916 -6.48353 2
      vertex 16.511 -8.95607 2
      vertex 13.785 -6.36971 2
    endloop
  endfacet
  facet normal 0 0 1
    outer loop
      vertex 16.511 -8.95607 2
      vertex 13.6916 -6.48353 2
      vertex 16.2426 -9.24264 2
    endloop
  endfacet
  facet normal -0 0 1
    outer loop
      vertex 13.591 -6.59099 2
      vertex 16.2426 -9.24264 2
      vertex 13.6916 -6.48353 2
    endloop
  endfacet
  facet normal 0 0 1
    outer loop
      vertex 16.2426 -9.24264 2
      vertex 13.591 -6.59099 2
      vertex 15.9561 -9.51104 2
    endloop
  endfacet
  facet normal -0 0 1
    outer loop
      vertex 13.4835 -6.69164 2
      vertex 15.9561 -9.51104 2
      vertex 13.591 -6.59099 2
    endloop
  endfacet
  facet normal 0 0 1
    outer loop
      vertex 15.9561 -9.51104 2
      vertex 13.4835 -6.69164 2
      vertex 15.6526 -9.76012 2
    endloop
  endfacet
  facet normal -0 0 1
    outer loop
      vertex 13.3697 -6.78504 2
      vertex 15.6526 -9.76012 2
      vertex 13.4835 -6.69164 2
    endloop
  endfacet
  facet normal 0 0 1
    outer loop
      vertex 15.6526 -9.76012 2
      vertex 13.3697 -6.78504 2
      vertex 15.3334 -9.98882 2
    endloop
  endfacet
  facet normal -0 0 1
    outer loop
      vertex 13.25 -6.87081 2
      vertex 15.3334 -9.98882 2
      vertex 13.3697 -6.78504 2
    endloop
  endfacet
  facet normal 0 0 1
    outer loop
      vertex 15.3334 -9.98882 2
      vertex 13.25 -6.87081 2
      vertex 15 -10.1962 2
    endloop
  endfacet
  facet normal -0 0 1
    outer loop
      vertex 13.125 -6.94856 2
      vertex 15 -10.1962 2
      vertex 13.25 -6.87081 2
    endloop
  endfacet
  facet normal 0 0 1
    outer loop
      vertex 15 -10.1962 2
      vertex 13.125 -6.94856 2
      vertex 14.6537 -10.3812 2
    endloop
  endfacet
  facet normal -0 0 1
    outer loop
      vertex 12.9951 -7.01796 2
      vertex 14.6537 -10.3812 2
      vertex 13.125 -6.94856 2
    endloop
  endfacet
  facet normal 0 0 1
    outer loop
      vertex 14.6537 -10.3812 2
      vertex 12.9951 -7.01796 2
      vertex 14.2961 -10.5433 2
    endloop
  endfacet
  facet normal -0 0 1
    outer loop
      vertex 12.861 -7.07873 2
      vertex 14.2961 -10.5433 2
      vertex 12.9951 -7.01796 2
    endloop
  endfacet
  facet normal 0 0 1
    outer loop
      vertex 14.2961 -10.5433 2
      vertex 12.861 -7.07873 2
      vertex 13.9286 -10.6816 2
    endloop
  endfacet
  facet normal -0 0 1
    outer loop
      vertex 12.7232 -7.13059 2
      vertex 13.9286 -10.6816 2
      vertex 12.861 -7.07873 2
    endloop
  endfacet
  facet normal 0 0 1
    outer loop
      vertex 13.9286 -10.6816 2
      vertex 12.7232 -7.13059 2
      vertex 13.5529 -10.7956 2
    endloop
  endfacet
  facet normal -0 0 1
    outer loop
      vertex 12.5823 -7.17333 2
      vertex 13.5529 -10.7956 2
      vertex 12.7232 -7.13059 2
    endloop
  endfacet
  facet normal 0 0 1
    outer loop
      vertex 13.5529 -10.7956 2
      vertex 12.5823 -7.17333 2
      vertex 13.1705 -10.8847 2
    endloop
  endfacet
  facet normal -0 0 1
    outer loop
      vertex 12.439 -7.20677 2
      vertex 13.1705 -10.8847 2
      vertex 12.5823 -7.17333 2
    endloop
  endfacet
  facet normal 0 0 1
    outer loop
      vertex 13.1705 -10.8847 2
      vertex 12.439 -7.20677 2
      vertex 12.7832 -10.9487 2
    endloop
  endfacet
  facet normal -0 0 1
    outer loop
      vertex 12.2937 -7.23075 2
      vertex 12.7832 -10.9487 2
      vertex 12.439 -7.20677 2
    endloop
  endfacet
  facet normal 0 0 1
    outer loop
      vertex 12.7832 -10.9487 2
      vertex 12.2937 -7.23075 2
      vertex 12.3924 -10.9872 2
    endloop
  endfacet
  facet normal -0 0 1
    outer loop
      vertex 12.1472 -7.24518 2
      vertex 12.3924 -10.9872 2
      vertex 12.2937 -7.23075 2
    endloop
  endfacet
  facet normal -0 0 1
    outer loop
      vertex 12 -7.25 2
      vertex 12.3924 -10.9872 2
      vertex 12.1472 -7.24518 2
    endloop
  endfacet
  facet normal 0 0 1
    outer loop
      vertex 12 -7.25 2
      vertex 12 -11 2
      vertex 12.3924 -10.9872 2
    endloop
  endfacet
  facet normal 0 0 1
    outer loop
      vertex 11.8528 -7.24518 2
      vertex 12 -11 2
      vertex 12 -7.25 2
    endloop
  endfacet
  facet normal 0 0 1
    outer loop
      vertex 11.6076 -10.9872 2
      vertex 11.8528 -7.24518 2
      vertex 11.7063 -7.23075 2
    endloop
  endfacet
  facet normal 0 0 1
    outer loop
      vertex 11.8528 -7.24518 2
      vertex 11.6076 -10.9872 2
      vertex 12 -11 2
    endloop
  endfacet
  facet normal 0 0 1
    outer loop
      vertex 11.2168 -10.9487 2
      vertex 11.7063 -7.23075 2
      vertex 11.561 -7.20677 2
    endloop
  endfacet
  facet normal 0 0 1
    outer loop
      vertex 10.8295 -10.8847 2
      vertex 11.561 -7.20677 2
      vertex 11.4177 -7.17333 2
    endloop
  endfacet
  facet normal 0 0 1
    outer loop
      vertex 10.4471 -10.7956 2
      vertex 11.4177 -7.17333 2
      vertex 11.2768 -7.13059 2
    endloop
  endfacet
  facet normal 0 0 1
    outer loop
      vertex 11.7063 -7.23075 2
      vertex 11.2168 -10.9487 2
      vertex 11.6076 -10.9872 2
    endloop
  endfacet
  facet normal 0 0 1
    outer loop
      vertex 10.0714 -10.6816 2
      vertex 11.2768 -7.13059 2
      vertex 11.139 -7.07873 2
    endloop
  endfacet
  facet normal 0 0 1
    outer loop
      vertex 9.7039 -10.5433 2
      vertex 11.139 -7.07873 2
      vertex 11.0049 -7.01796 2
    endloop
  endfacet
  facet normal 0 0 1
    outer loop
      vertex 9.34627 -10.3812 2
      vertex 11.0049 -7.01796 2
      vertex 10.875 -6.94856 2
    endloop
  endfacet
  facet normal 0 0 1
    outer loop
      vertex 11.561 -7.20677 2
      vertex 10.8295 -10.8847 2
      vertex 11.2168 -10.9487 2
    endloop
  endfacet
  facet normal 0 0 1
    outer loop
      vertex 9.34627 -10.3812 2
      vertex 10.875 -6.94856 2
      vertex 10.75 -6.87081 2
    endloop
  endfacet
  facet normal 0 0 1
    outer loop
      vertex 9.34627 -10.3812 2
      vertex 10.75 -6.87081 2
      vertex 10.6303 -6.78504 2
    endloop
  endfacet
  facet normal 0 0 1
    outer loop
      vertex 9.34627 -10.3812 2
      vertex 10.6303 -6.78504 2
      vertex 10.5165 -6.69164 2
    endloop
  endfacet
  facet normal 0 0 1
    outer loop
      vertex 11.4177 -7.17333 2
      vertex 10.4471 -10.7956 2
      vertex 10.8295 -10.8847 2
    endloop
  endfacet
  facet normal 0 0 1
    outer loop
      vertex 9.34627 -10.3812 2
      vertex 10.5165 -6.69164 2
      vertex 10.409 -6.59099 2
    endloop
  endfacet
  facet normal 0 0 1
    outer loop
      vertex 9.34627 -10.3812 2
      vertex 10.409 -6.59099 2
      vertex 10.3084 -6.48353 2
    endloop
  endfacet
  facet normal 0 0 1
    outer loop
      vertex 9.34627 -10.3812 2
      vertex 10.3084 -6.48353 2
      vertex 10.215 -6.36971 2
    endloop
  endfacet
  facet normal 0 0 1
    outer loop
      vertex 9.34627 -10.3812 2
      vertex 10.215 -6.36971 2
      vertex 10.1292 -6.25003 2
    endloop
  endfacet
  facet normal 0 0 1
    outer loop
      vertex 11.2768 -7.13059 2
      vertex 10.0714 -10.6816 2
      vertex 10.4471 -10.7956 2
    endloop
  endfacet
  facet normal 0 0 1
    outer loop
      vertex 9.34627 -10.3812 2
      vertex 10.1292 -6.25003 2
      vertex 10.0514 -6.125 2
    endloop
  endfacet
  facet normal 0 0 1
    outer loop
      vertex 9.34627 -10.3812 2
      vertex 10.0514 -6.125 2
      vertex 9.98204 -5.99515 2
    endloop
  endfacet
  facet normal 0 0 1
    outer loop
      vertex 9.34627 -10.3812 2
      vertex 9.98204 -5.99515 2
      vertex 9.92127 -5.86104 2
    endloop
  endfacet
  facet normal 0 0 1
    outer loop
      vertex 9.34627 -10.3812 2
      vertex 9.92127 -5.86104 2
      vertex 9.86941 -5.72324 2
    endloop
  endfacet
  facet normal 0 0 1
    outer loop
      vertex 9.34627 -10.3812 2
      vertex 9.86941 -5.72324 2
      vertex 9.82667 -5.58234 2
    endloop
  endfacet
  facet normal 0 0 1
    outer loop
      vertex 9.34627 -10.3812 2
      vertex 9.82667 -5.58234 2
      vertex 9.79323 -5.43895 2
    endloop
  endfacet
  facet normal 0 0 1
    outer loop
      vertex 9.34627 -10.3812 2
      vertex 9.79323 -5.43895 2
      vertex 9.76925 -5.29368 2
    endloop
  endfacet
  facet normal 0 0 1
    outer loop
      vertex 9.34627 -10.3812 2
      vertex 9.76925 -5.29368 2
      vertex 9.75482 -5.14716 2
    endloop
  endfacet
  facet normal 0 0 1
    outer loop
      vertex 11.139 -7.07873 2
      vertex 9.7039 -10.5433 2
      vertex 10.0714 -10.6816 2
    endloop
  endfacet
  facet normal 0 0 1
    outer loop
      vertex 6.01285 -5.39242 2
      vertex 9.75482 -5.14716 2
      vertex 9.75 -5 2
    endloop
  endfacet
  facet normal 0 0 1
    outer loop
      vertex 79.1871 90.5924 2
      vertex 75.4452 90.3472 2
      vertex 75.45 90.2 2
    endloop
  endfacet
  facet normal 0 0 1
    outer loop
      vertex 79.1487 90.9832 2
      vertex 75.4307 90.4937 2
      vertex 75.4452 90.3472 2
    endloop
  endfacet
  facet normal 0 0 1
    outer loop
      vertex 79.0847 91.3705 2
      vertex 75.4068 90.639 2
      vertex 75.4307 90.4937 2
    endloop
  endfacet
  facet normal 0 0 1
    outer loop
      vertex 78.9956 91.7529 2
      vertex 75.3733 90.7823 2
      vertex 75.4068 90.639 2
    endloop
  endfacet
  facet normal 0 0 1
    outer loop
      vertex 78.8816 92.1286 2
      vertex 75.3306 90.9232 2
      vertex 75.3733 90.7823 2
    endloop
  endfacet
  facet normal 0 0 1
    outer loop
      vertex 78.7433 92.4961 2
      vertex 75.2787 91.061 2
      vertex 75.3306 90.9232 2
    endloop
  endfacet
  facet normal 0 0 1
    outer loop
      vertex 78.5812 92.8537 2
      vertex 75.218 91.1952 2
      vertex 75.2787 91.061 2
    endloop
  endfacet
  facet normal 0 0 1
    outer loop
      vertex 78.3961 93.2 2
      vertex 75.1486 91.325 2
      vertex 75.218 91.1952 2
    endloop
  endfacet
  facet normal 0 0 1
    outer loop
      vertex 74.061 92.2787 2
      vertex 75.4961 95.7433 2
      vertex 75.1286 95.8816 2
    endloop
  endfacet
  facet normal 0 0 1
    outer loop
      vertex 78.1888 93.5334 2
      vertex 75.0708 91.45 2
      vertex 75.1486 91.325 2
    endloop
  endfacet
  facet normal 0 0 1
    outer loop
      vertex 77.9601 93.8526 2
      vertex 74.985 91.5697 2
      vertex 75.0708 91.45 2
    endloop
  endfacet
  facet normal 0 0 1
    outer loop
      vertex 77.711 94.1561 2
      vertex 74.8916 91.6835 2
      vertex 74.985 91.5697 2
    endloop
  endfacet
  facet normal 0 0 1
    outer loop
      vertex 77.4426 94.4426 2
      vertex 74.791 91.791 2
      vertex 74.8916 91.6835 2
    endloop
  endfacet
  facet normal 0 0 1
    outer loop
      vertex 73.9232 92.3306 2
      vertex 75.1286 95.8816 2
      vertex 74.7529 95.9956 2
    endloop
  endfacet
  facet normal 0 0 1
    outer loop
      vertex 77.1561 94.711 2
      vertex 74.6835 91.8916 2
      vertex 74.791 91.791 2
    endloop
  endfacet
  facet normal 0 0 1
    outer loop
      vertex 76.8526 94.9601 2
      vertex 74.5697 91.985 2
      vertex 74.6835 91.8916 2
    endloop
  endfacet
  facet normal 0 0 1
    outer loop
      vertex 76.5334 95.1888 2
      vertex 74.45 92.0708 2
      vertex 74.5697 91.985 2
    endloop
  endfacet
  facet normal 0 0 1
    outer loop
      vertex 73.7823 92.3733 2
      vertex 74.7529 95.9956 2
      vertex 74.3705 96.0847 2
    endloop
  endfacet
  facet normal 0 0 1
    outer loop
      vertex 76.2 95.3961 2
      vertex 74.325 92.1486 2
      vertex 74.45 92.0708 2
    endloop
  endfacet
  facet normal 0 0 1
    outer loop
      vertex 75.8537 95.5812 2
      vertex 74.1952 92.218 2
      vertex 74.325 92.1486 2
    endloop
  endfacet
  facet normal 0 0 1
    outer loop
      vertex 75.4961 95.7433 2
      vertex 74.061 92.2787 2
      vertex 74.1952 92.218 2
    endloop
  endfacet
  facet normal 0 0 1
    outer loop
      vertex 73.639 92.4068 2
      vertex 74.3705 96.0847 2
      vertex 73.9832 96.1487 2
    endloop
  endfacet
  facet normal 0 0 1
    outer loop
      vertex 75.1286 95.8816 2
      vertex 73.9232 92.3306 2
      vertex 74.061 92.2787 2
    endloop
  endfacet
  facet normal 0 0 1
    outer loop
      vertex 74.7529 95.9956 2
      vertex 73.7823 92.3733 2
      vertex 73.9232 92.3306 2
    endloop
  endfacet
  facet normal 0 0 1
    outer loop
      vertex 74.3705 96.0847 2
      vertex 73.639 92.4068 2
      vertex 73.7823 92.3733 2
    endloop
  endfacet
  facet normal 0 0 1
    outer loop
      vertex 73.4937 92.4307 2
      vertex 73.9832 96.1487 2
      vertex 73.5924 96.1871 2
    endloop
  endfacet
  facet normal 0 0 1
    outer loop
      vertex 73.9832 96.1487 2
      vertex 73.4937 92.4307 2
      vertex 73.639 92.4068 2
    endloop
  endfacet
  facet normal 0 0 1
    outer loop
      vertex 73.5924 96.1871 2
      vertex 73.3472 92.4452 2
      vertex 73.4937 92.4307 2
    endloop
  endfacet
  facet normal 0 0 1
    outer loop
      vertex 73.2 96.2 2
      vertex 73.3472 92.4452 2
      vertex 73.5924 96.1871 2
    endloop
  endfacet
  facet normal 0 0 1
    outer loop
      vertex 73.2 96.2 2
      vertex 73.2 92.45 2
      vertex 73.3472 92.4452 2
    endloop
  endfacet
  facet normal 0 0 1
    outer loop
      vertex 73.2 96.2 2
      vertex 73.0528 92.4452 2
      vertex 73.2 92.45 2
    endloop
  endfacet
  facet normal -0 0 1
    outer loop
      vertex 72.8076 96.1871 2
      vertex 73.0528 92.4452 2
      vertex 73.2 96.2 2
    endloop
  endfacet
  facet normal 0 0 1
    outer loop
      vertex 73.0528 92.4452 2
      vertex 72.8076 96.1871 2
      vertex 72.9063 92.4307 2
    endloop
  endfacet
  facet normal -0 0 1
    outer loop
      vertex 72.4168 96.1487 2
      vertex 72.9063 92.4307 2
      vertex 72.8076 96.1871 2
    endloop
  endfacet
  facet normal 0 0 1
    outer loop
      vertex 72.9063 92.4307 2
      vertex 72.4168 96.1487 2
      vertex 72.761 92.4068 2
    endloop
  endfacet
  facet normal -0 0 1
    outer loop
      vertex 72.0295 96.0847 2
      vertex 72.761 92.4068 2
      vertex 72.4168 96.1487 2
    endloop
  endfacet
  facet normal 0 0 1
    outer loop
      vertex 72.761 92.4068 2
      vertex 72.0295 96.0847 2
      vertex 72.6177 92.3733 2
    endloop
  endfacet
  facet normal -0 0 1
    outer loop
      vertex 71.6471 95.9956 2
      vertex 72.6177 92.3733 2
      vertex 72.0295 96.0847 2
    endloop
  endfacet
  facet normal 0 0 1
    outer loop
      vertex 72.6177 92.3733 2
      vertex 71.6471 95.9956 2
      vertex 72.4768 92.3306 2
    endloop
  endfacet
  facet normal -0 0 1
    outer loop
      vertex 71.2714 95.8816 2
      vertex 72.4768 92.3306 2
      vertex 71.6471 95.9956 2
    endloop
  endfacet
  facet normal 0 0 1
    outer loop
      vertex 72.4768 92.3306 2
      vertex 71.2714 95.8816 2
      vertex 72.339 92.2787 2
    endloop
  endfacet
  facet normal -0 0 1
    outer loop
      vertex 70.9039 95.7433 2
      vertex 72.339 92.2787 2
      vertex 71.2714 95.8816 2
    endloop
  endfacet
  facet normal 0 0 1
    outer loop
      vertex 72.339 92.2787 2
      vertex 70.9039 95.7433 2
      vertex 72.2048 92.218 2
    endloop
  endfacet
  facet normal -0 0 1
    outer loop
      vertex 70.5463 95.5812 2
      vertex 72.2048 92.218 2
      vertex 70.9039 95.7433 2
    endloop
  endfacet
  facet normal 0 0 1
    outer loop
      vertex 72.2048 92.218 2
      vertex 70.5463 95.5812 2
      vertex 72.075 92.1486 2
    endloop
  endfacet
  facet normal -0 0 1
    outer loop
      vertex 70.2 95.3961 2
      vertex 72.075 92.1486 2
      vertex 70.5463 95.5812 2
    endloop
  endfacet
  facet normal 0 0 1
    outer loop
      vertex 72.075 92.1486 2
      vertex 70.2 95.3961 2
      vertex 71.95 92.0708 2
    endloop
  endfacet
  facet normal -0 0 1
    outer loop
      vertex 69.8666 95.1888 2
      vertex 71.95 92.0708 2
      vertex 70.2 95.3961 2
    endloop
  endfacet
  facet normal 0 0 1
    outer loop
      vertex 71.95 92.0708 2
      vertex 69.8666 95.1888 2
      vertex 71.8303 91.985 2
    endloop
  endfacet
  facet normal -0 0 1
    outer loop
      vertex 69.5474 94.9601 2
      vertex 71.8303 91.985 2
      vertex 69.8666 95.1888 2
    endloop
  endfacet
  facet normal 0 0 1
    outer loop
      vertex 71.8303 91.985 2
      vertex 69.5474 94.9601 2
      vertex 71.7165 91.8916 2
    endloop
  endfacet
  facet normal -0 0 1
    outer loop
      vertex 69.2439 94.711 2
      vertex 71.7165 91.8916 2
      vertex 69.5474 94.9601 2
    endloop
  endfacet
  facet normal 0 0 1
    outer loop
      vertex 71.7165 91.8916 2
      vertex 69.2439 94.711 2
      vertex 71.609 91.791 2
    endloop
  endfacet
  facet normal -0 0 1
    outer loop
      vertex 68.9574 94.4426 2
      vertex 71.609 91.791 2
      vertex 69.2439 94.711 2
    endloop
  endfacet
  facet normal 0 0 1
    outer loop
      vertex 71.609 91.791 2
      vertex 68.9574 94.4426 2
      vertex 71.5084 91.6835 2
    endloop
  endfacet
  facet normal -0 0 1
    outer loop
      vertex 68.689 94.1561 2
      vertex 71.5084 91.6835 2
      vertex 68.9574 94.4426 2
    endloop
  endfacet
  facet normal 0 0 1
    outer loop
      vertex 71.5084 91.6835 2
      vertex 68.689 94.1561 2
      vertex 71.415 91.5697 2
    endloop
  endfacet
  facet normal -0 0 1
    outer loop
      vertex 68.4399 93.8526 2
      vertex 71.415 91.5697 2
      vertex 68.689 94.1561 2
    endloop
  endfacet
  facet normal -0 0 1
    outer loop
      vertex 68.2112 93.5334 2
      vertex 71.3292 91.45 2
      vertex 68.4399 93.8526 2
    endloop
  endfacet
  facet normal 0 0 1
    outer loop
      vertex 71.415 91.5697 2
      vertex 68.4399 93.8526 2
      vertex 71.3292 91.45 2
    endloop
  endfacet
  facet normal -0 0 1
    outer loop
      vertex 75.1486 -6.125 2
      vertex 78.3961 -8 2
      vertex 75.218 -5.99515 2
    endloop
  endfacet
  facet normal -0 0 1
    outer loop
      vertex 75.0708 -6.25003 2
      vertex 78.1888 -8.33342 2
      vertex 75.1486 -6.125 2
    endloop
  endfacet
  facet normal 0 0 1
    outer loop
      vertex 77.9601 -8.65257 2
      vertex 74.985 -6.36971 2
      vertex 77.711 -8.95607 2
    endloop
  endfacet
  facet normal -0 0 1
    outer loop
      vertex 74.8916 -6.48353 2
      vertex 77.711 -8.95607 2
      vertex 74.985 -6.36971 2
    endloop
  endfacet
  facet normal 0 0 1
    outer loop
      vertex 77.711 -8.95607 2
      vertex 74.8916 -6.48353 2
      vertex 77.4426 -9.24264 2
    endloop
  endfacet
  facet normal -0 0 1
    outer loop
      vertex 74.791 -6.59099 2
      vertex 77.4426 -9.24264 2
      vertex 74.8916 -6.48353 2
    endloop
  endfacet
  facet normal 0 0 1
    outer loop
      vertex 77.4426 -9.24264 2
      vertex 74.791 -6.59099 2
      vertex 77.1561 -9.51104 2
    endloop
  endfacet
  facet normal -0 0 1
    outer loop
      vertex 74.6835 -6.69164 2
      vertex 77.1561 -9.51104 2
      vertex 74.791 -6.59099 2
    endloop
  endfacet
  facet normal 0 0 1
    outer loop
      vertex 77.1561 -9.51104 2
      vertex 74.6835 -6.69164 2
      vertex 76.8526 -9.76012 2
    endloop
  endfacet
  facet normal -0 0 1
    outer loop
      vertex 74.5697 -6.78504 2
      vertex 76.8526 -9.76012 2
      vertex 74.6835 -6.69164 2
    endloop
  endfacet
  facet normal 0 0 1
    outer loop
      vertex 76.8526 -9.76012 2
      vertex 74.5697 -6.78504 2
      vertex 76.5334 -9.98882 2
    endloop
  endfacet
  facet normal -0 0 1
    outer loop
      vertex 74.45 -6.87081 2
      vertex 76.5334 -9.98882 2
      vertex 74.5697 -6.78504 2
    endloop
  endfacet
  facet normal 0 0 1
    outer loop
      vertex 76.5334 -9.98882 2
      vertex 74.45 -6.87081 2
      vertex 76.2 -10.1962 2
    endloop
  endfacet
  facet normal -0 0 1
    outer loop
      vertex 74.325 -6.94856 2
      vertex 76.2 -10.1962 2
      vertex 74.45 -6.87081 2
    endloop
  endfacet
  facet normal 0 0 1
    outer loop
      vertex 76.2 -10.1962 2
      vertex 74.325 -6.94856 2
      vertex 75.8537 -10.3812 2
    endloop
  endfacet
  facet normal -0 0 1
    outer loop
      vertex 74.1952 -7.01796 2
      vertex 75.8537 -10.3812 2
      vertex 74.325 -6.94856 2
    endloop
  endfacet
  facet normal 0 0 1
    outer loop
      vertex 75.8537 -10.3812 2
      vertex 74.1952 -7.01796 2
      vertex 75.4961 -10.5433 2
    endloop
  endfacet
  facet normal -0 0 1
    outer loop
      vertex 74.061 -7.07873 2
      vertex 75.4961 -10.5433 2
      vertex 74.1952 -7.01796 2
    endloop
  endfacet
  facet normal 0 0 1
    outer loop
      vertex 75.4961 -10.5433 2
      vertex 74.061 -7.07873 2
      vertex 75.1286 -10.6816 2
    endloop
  endfacet
  facet normal -0 0 1
    outer loop
      vertex 73.9232 -7.13059 2
      vertex 75.1286 -10.6816 2
      vertex 74.061 -7.07873 2
    endloop
  endfacet
  facet normal 0 0 1
    outer loop
      vertex 75.1286 -10.6816 2
      vertex 73.9232 -7.13059 2
      vertex 74.7529 -10.7956 2
    endloop
  endfacet
  facet normal -0 0 1
    outer loop
      vertex 73.7823 -7.17333 2
      vertex 74.7529 -10.7956 2
      vertex 73.9232 -7.13059 2
    endloop
  endfacet
  facet normal 0 0 1
    outer loop
      vertex 74.7529 -10.7956 2
      vertex 73.7823 -7.17333 2
      vertex 74.3705 -10.8847 2
    endloop
  endfacet
  facet normal -0 0 1
    outer loop
      vertex 73.639 -7.20677 2
      vertex 74.3705 -10.8847 2
      vertex 73.7823 -7.17333 2
    endloop
  endfacet
  facet normal 0 0 1
    outer loop
      vertex 74.3705 -10.8847 2
      vertex 73.639 -7.20677 2
      vertex 73.9832 -10.9487 2
    endloop
  endfacet
  facet normal -0 0 1
    outer loop
      vertex 73.4937 -7.23075 2
      vertex 73.9832 -10.9487 2
      vertex 73.639 -7.20677 2
    endloop
  endfacet
  facet normal 0 0 1
    outer loop
      vertex 73.9832 -10.9487 2
      vertex 73.4937 -7.23075 2
      vertex 73.5924 -10.9872 2
    endloop
  endfacet
  facet normal -0 0 1
    outer loop
      vertex 73.3472 -7.24518 2
      vertex 73.5924 -10.9872 2
      vertex 73.4937 -7.23075 2
    endloop
  endfacet
  facet normal -0 0 1
    outer loop
      vertex 73.2 -7.25 2
      vertex 73.5924 -10.9872 2
      vertex 73.3472 -7.24518 2
    endloop
  endfacet
  facet normal 0 0 1
    outer loop
      vertex 73.2 -7.25 2
      vertex 73.2 -11 2
      vertex 73.5924 -10.9872 2
    endloop
  endfacet
  facet normal 0 0 1
    outer loop
      vertex 73.0528 -7.24518 2
      vertex 73.2 -11 2
      vertex 73.2 -7.25 2
    endloop
  endfacet
  facet normal 0 0 1
    outer loop
      vertex 72.8076 -10.9872 2
      vertex 73.0528 -7.24518 2
      vertex 72.9063 -7.23075 2
    endloop
  endfacet
  facet normal 0 0 1
    outer loop
      vertex 73.0528 -7.24518 2
      vertex 72.8076 -10.9872 2
      vertex 73.2 -11 2
    endloop
  endfacet
  facet normal 0 0 1
    outer loop
      vertex 72.4168 -10.9487 2
      vertex 72.9063 -7.23075 2
      vertex 72.761 -7.20677 2
    endloop
  endfacet
  facet normal 0 0 1
    outer loop
      vertex 72.0295 -10.8847 2
      vertex 72.761 -7.20677 2
      vertex 72.6177 -7.17333 2
    endloop
  endfacet
  facet normal 0 0 1
    outer loop
      vertex 71.6471 -10.7956 2
      vertex 72.6177 -7.17333 2
      vertex 72.4768 -7.13059 2
    endloop
  endfacet
  facet normal 0 0 1
    outer loop
      vertex 72.9063 -7.23075 2
      vertex 72.4168 -10.9487 2
      vertex 72.8076 -10.9872 2
    endloop
  endfacet
  facet normal 0 0 1
    outer loop
      vertex 71.2714 -10.6816 2
      vertex 72.4768 -7.13059 2
      vertex 72.339 -7.07873 2
    endloop
  endfacet
  facet normal 0 0 1
    outer loop
      vertex 70.9039 -10.5433 2
      vertex 72.339 -7.07873 2
      vertex 72.2048 -7.01796 2
    endloop
  endfacet
  facet normal 0 0 1
    outer loop
      vertex 70.5463 -10.3812 2
      vertex 72.2048 -7.01796 2
      vertex 72.075 -6.94856 2
    endloop
  endfacet
  facet normal 0 0 1
    outer loop
      vertex 72.761 -7.20677 2
      vertex 72.0295 -10.8847 2
      vertex 72.4168 -10.9487 2
    endloop
  endfacet
  facet normal 0 0 1
    outer loop
      vertex 70.5463 -10.3812 2
      vertex 72.075 -6.94856 2
      vertex 71.95 -6.87081 2
    endloop
  endfacet
  facet normal 0 0 1
    outer loop
      vertex 70.5463 -10.3812 2
      vertex 71.95 -6.87081 2
      vertex 71.8303 -6.78504 2
    endloop
  endfacet
  facet normal 0 0 1
    outer loop
      vertex 70.5463 -10.3812 2
      vertex 71.8303 -6.78504 2
      vertex 71.7165 -6.69164 2
    endloop
  endfacet
  facet normal 0 0 1
    outer loop
      vertex 72.6177 -7.17333 2
      vertex 71.6471 -10.7956 2
      vertex 72.0295 -10.8847 2
    endloop
  endfacet
  facet normal 0 0 1
    outer loop
      vertex 70.5463 -10.3812 2
      vertex 71.7165 -6.69164 2
      vertex 71.609 -6.59099 2
    endloop
  endfacet
  facet normal 0 0 1
    outer loop
      vertex 70.5463 -10.3812 2
      vertex 71.609 -6.59099 2
      vertex 71.5084 -6.48353 2
    endloop
  endfacet
  facet normal 0 0 1
    outer loop
      vertex 70.5463 -10.3812 2
      vertex 71.5084 -6.48353 2
      vertex 71.415 -6.36971 2
    endloop
  endfacet
  facet normal 0 0 1
    outer loop
      vertex 70.5463 -10.3812 2
      vertex 71.415 -6.36971 2
      vertex 71.3292 -6.25003 2
    endloop
  endfacet
  facet normal 0 0 1
    outer loop
      vertex 72.4768 -7.13059 2
      vertex 71.2714 -10.6816 2
      vertex 71.6471 -10.7956 2
    endloop
  endfacet
  facet normal 0 0 1
    outer loop
      vertex 70.5463 -10.3812 2
      vertex 71.3292 -6.25003 2
      vertex 71.2514 -6.125 2
    endloop
  endfacet
  facet normal 0 0 1
    outer loop
      vertex 70.5463 -10.3812 2
      vertex 71.2514 -6.125 2
      vertex 71.182 -5.99515 2
    endloop
  endfacet
  facet normal 0 0 1
    outer loop
      vertex 70.5463 -10.3812 2
      vertex 71.182 -5.99515 2
      vertex 71.1213 -5.86104 2
    endloop
  endfacet
  facet normal 0 0 1
    outer loop
      vertex 70.5463 -10.3812 2
      vertex 71.1213 -5.86104 2
      vertex 71.0694 -5.72324 2
    endloop
  endfacet
  facet normal 0 0 1
    outer loop
      vertex 70.5463 -10.3812 2
      vertex 71.0694 -5.72324 2
      vertex 71.0267 -5.58234 2
    endloop
  endfacet
  facet normal 0 0 1
    outer loop
      vertex 70.5463 -10.3812 2
      vertex 71.0267 -5.58234 2
      vertex 70.9932 -5.43895 2
    endloop
  endfacet
  facet normal 0 0 1
    outer loop
      vertex 70.5463 -10.3812 2
      vertex 70.9932 -5.43895 2
      vertex 70.9692 -5.29368 2
    endloop
  endfacet
  facet normal 0 0 1
    outer loop
      vertex 70.5463 -10.3812 2
      vertex 70.9692 -5.29368 2
      vertex 70.9548 -5.14716 2
    endloop
  endfacet
  facet normal 0 0 1
    outer loop
      vertex 72.339 -7.07873 2
      vertex 70.9039 -10.5433 2
      vertex 71.2714 -10.6816 2
    endloop
  endfacet
  facet normal 0 0 1
    outer loop
      vertex 67.2128 -5.39242 2
      vertex 70.9548 -5.14716 2
      vertex 70.95 -5 2
    endloop
  endfacet
  facet normal 0.999468 -0.0326008 0
    outer loop
      vertex 17.9872 -5.39242 2
      vertex 18 -5 0
      vertex 18 -5 2
    endloop
  endfacet
  facet normal 0.999468 -0.0326008 0
    outer loop
      vertex 18 -5 0
      vertex 17.9872 -5.39242 2
      vertex 17.9872 -5.39242 0
    endloop
  endfacet
  facet normal 0.986626 -0.163003 0
    outer loop
      vertex 17.8847 -6.17054 2
      vertex 17.9487 -5.78316 0
      vertex 17.9487 -5.78316 2
    endloop
  endfacet
  facet normal 0.986626 -0.163003 0
    outer loop
      vertex 17.9487 -5.78316 0
      vertex 17.8847 -6.17054 2
      vertex 17.8847 -6.17054 0
    endloop
  endfacet
  facet normal 0.634399 -0.773005 0
    outer loop
      vertex 15.6526 -9.76012 0
      vertex 15.9561 -9.51104 2
      vertex 15.6526 -9.76012 2
    endloop
  endfacet
  facet normal 0.634399 -0.773005 0
    outer loop
      vertex 15.9561 -9.51104 2
      vertex 15.6526 -9.76012 0
      vertex 15.9561 -9.51104 0
    endloop
  endfacet
  facet normal 0.882011 -0.471228 0
    outer loop
      vertex 17.1962 -8 2
      vertex 17.3812 -7.65373 0
      vertex 17.3812 -7.65373 2
    endloop
  endfacet
  facet normal 0.882011 -0.471228 0
    outer loop
      vertex 17.3812 -7.65373 0
      vertex 17.1962 -8 2
      vertex 17.1962 -8 0
    endloop
  endfacet
  facet normal 0.849127 -0.528189 0
    outer loop
      vertex 16.9888 -8.33342 2
      vertex 17.1962 -8 0
      vertex 17.1962 -8 2
    endloop
  endfacet
  facet normal 0.849127 -0.528189 0
    outer loop
      vertex 17.1962 -8 0
      vertex 16.9888 -8.33342 2
      vertex 16.9888 -8.33342 0
    endloop
  endfacet
  facet normal -0.290361 -0.956917 0
    outer loop
      vertex 10.0714 -10.6816 0
      vertex 10.4471 -10.7956 2
      vertex 10.0714 -10.6816 2
    endloop
  endfacet
  facet normal -0.290361 -0.956917 -0
    outer loop
      vertex 10.4471 -10.7956 2
      vertex 10.0714 -10.6816 0
      vertex 10.4471 -10.7956 0
    endloop
  endfacet
  facet normal -0.97388 -0.227061 0
    outer loop
      vertex 6.20444 -6.55291 0
      vertex 6.11529 -6.17054 2
      vertex 6.11529 -6.17054 0
    endloop
  endfacet
  facet normal -0.97388 -0.227061 0
    outer loop
      vertex 6.11529 -6.17054 2
      vertex 6.20444 -6.55291 0
      vertex 6.20444 -6.55291 2
    endloop
  endfacet
  facet normal -0.729867 -0.683589 0
    outer loop
      vertex 7.75736 -9.24264 0
      vertex 7.48896 -8.95607 2
      vertex 7.48896 -8.95607 0
    endloop
  endfacet
  facet normal -0.729867 -0.683589 0
    outer loop
      vertex 7.48896 -8.95607 2
      vertex 7.75736 -9.24264 0
      vertex 7.75736 -9.24264 2
    endloop
  endfacet
  facet normal 0.352212 -0.93592 0
    outer loop
      vertex 13.9286 -10.6816 0
      vertex 14.2961 -10.5433 2
      vertex 13.9286 -10.6816 2
    endloop
  endfacet
  facet normal 0.352212 -0.93592 0
    outer loop
      vertex 14.2961 -10.5433 2
      vertex 13.9286 -10.6816 0
      vertex 14.2961 -10.5433 0
    endloop
  endfacet
  facet normal 0.412862 -0.910793 0
    outer loop
      vertex 14.2961 -10.5433 0
      vertex 14.6537 -10.3812 2
      vertex 14.2961 -10.5433 2
    endloop
  endfacet
  facet normal 0.412862 -0.910793 0
    outer loop
      vertex 14.6537 -10.3812 2
      vertex 14.2961 -10.5433 0
      vertex 14.6537 -10.3812 0
    endloop
  endfacet
  facet normal -0.999464 -0.032728 0
    outer loop
      vertex 6.01285 -5.39242 0
      vertex 6 -5 2
      vertex 6 -5 0
    endloop
  endfacet
  facet normal -0.999464 -0.032728 0
    outer loop
      vertex 6 -5 2
      vertex 6.01285 -5.39242 0
      vertex 6.01285 -5.39242 2
    endloop
  endfacet
  facet normal 0.995181 -0.0980562 0
    outer loop
      vertex 17.9487 -5.78316 2
      vertex 17.9872 -5.39242 0
      vertex 17.9872 -5.39242 2
    endloop
  endfacet
  facet normal 0.995181 -0.0980562 0
    outer loop
      vertex 17.9872 -5.39242 0
      vertex 17.9487 -5.78316 2
      vertex 17.9487 -5.78316 0
    endloop
  endfacet
  facet normal 0.956924 -0.29034 0
    outer loop
      vertex 17.6816 -6.92864 2
      vertex 17.7956 -6.55291 0
      vertex 17.7956 -6.55291 2
    endloop
  endfacet
  facet normal 0.956924 -0.29034 0
    outer loop
      vertex 17.7956 -6.55291 0
      vertex 17.6816 -6.92864 2
      vertex 17.6816 -6.92864 0
    endloop
  endfacet
  facet normal 0.582418 -0.812889 0
    outer loop
      vertex 15.3334 -9.98882 0
      vertex 15.6526 -9.76012 2
      vertex 15.3334 -9.98882 2
    endloop
  endfacet
  facet normal 0.582418 -0.812889 0
    outer loop
      vertex 15.6526 -9.76012 2
      vertex 15.3334 -9.98882 0
      vertex 15.6526 -9.76012 0
    endloop
  endfacet
  facet normal 0.683678 -0.729783 0
    outer loop
      vertex 15.9561 -9.51104 0
      vertex 16.2426 -9.24264 2
      vertex 15.9561 -9.51104 2
    endloop
  endfacet
  facet normal 0.683678 -0.729783 0
    outer loop
      vertex 16.2426 -9.24264 2
      vertex 15.9561 -9.51104 0
      vertex 16.2426 -9.24264 0
    endloop
  endfacet
  facet normal 0.910806 -0.412834 0
    outer loop
      vertex 17.3812 -7.65373 2
      vertex 17.5433 -7.2961 0
      vertex 17.5433 -7.2961 2
    endloop
  endfacet
  facet normal 0.910806 -0.412834 0
    outer loop
      vertex 17.5433 -7.2961 0
      vertex 17.3812 -7.65373 2
      vertex 17.3812 -7.65373 0
    endloop
  endfacet
  facet normal 0.77298 -0.63443 0
    outer loop
      vertex 16.511 -8.95607 2
      vertex 16.7601 -8.65257 0
      vertex 16.7601 -8.65257 2
    endloop
  endfacet
  facet normal 0.77298 -0.63443 0
    outer loop
      vertex 16.7601 -8.65257 0
      vertex 16.511 -8.95607 2
      vertex 16.511 -8.95607 0
    endloop
  endfacet
  facet normal -0.163036 -0.98662 0
    outer loop
      vertex 10.8295 -10.8847 0
      vertex 11.2168 -10.9487 2
      vertex 10.8295 -10.8847 2
    endloop
  endfacet
  facet normal -0.163036 -0.98662 -0
    outer loop
      vertex 11.2168 -10.9487 2
      vertex 10.8295 -10.8847 0
      vertex 11.2168 -10.9487 0
    endloop
  endfacet
  facet normal -0.471228 -0.882011 0
    outer loop
      vertex 9 -10.1962 0
      vertex 9.34627 -10.3812 2
      vertex 9 -10.1962 2
    endloop
  endfacet
  facet normal -0.471228 -0.882011 -0
    outer loop
      vertex 9.34627 -10.3812 2
      vertex 9 -10.1962 0
      vertex 9.34627 -10.3812 0
    endloop
  endfacet
  facet normal -0.995186 -0.0980057 0
    outer loop
      vertex 6.05133 -5.78316 0
      vertex 6.01285 -5.39242 2
      vertex 6.01285 -5.39242 0
    endloop
  endfacet
  facet normal -0.995186 -0.0980057 0
    outer loop
      vertex 6.01285 -5.39242 2
      vertex 6.05133 -5.78316 0
      vertex 6.05133 -5.78316 2
    endloop
  endfacet
  facet normal -0.935908 -0.352245 0
    outer loop
      vertex 6.45672 -7.2961 0
      vertex 6.31842 -6.92864 2
      vertex 6.31842 -6.92864 0
    endloop
  endfacet
  facet normal -0.935908 -0.352245 0
    outer loop
      vertex 6.31842 -6.92864 2
      vertex 6.45672 -7.2961 0
      vertex 6.45672 -7.2961 2
    endloop
  endfacet
  facet normal -0.812846 -0.582478 0
    outer loop
      vertex 7.23988 -8.65257 0
      vertex 7.01118 -8.33342 2
      vertex 7.01118 -8.33342 0
    endloop
  endfacet
  facet normal -0.812846 -0.582478 0
    outer loop
      vertex 7.01118 -8.33342 2
      vertex 7.23988 -8.65257 0
      vertex 7.23988 -8.65257 2
    endloop
  endfacet
  facet normal -0.849207 -0.528061 0
    outer loop
      vertex 7.01118 -8.33342 0
      vertex 6.80385 -8 2
      vertex 6.80385 -8 0
    endloop
  endfacet
  facet normal -0.849207 -0.528061 0
    outer loop
      vertex 6.80385 -8 2
      vertex 7.01118 -8.33342 0
      vertex 7.01118 -8.33342 2
    endloop
  endfacet
  facet normal -0.683602 -0.729855 0
    outer loop
      vertex 7.75736 -9.24264 0
      vertex 8.04392 -9.51104 2
      vertex 7.75736 -9.24264 2
    endloop
  endfacet
  facet normal -0.683602 -0.729855 -0
    outer loop
      vertex 8.04392 -9.51104 2
      vertex 7.75736 -9.24264 0
      vertex 8.04392 -9.51104 0
    endloop
  endfacet
  facet normal 0.163036 -0.98662 0
    outer loop
      vertex 12.7832 -10.9487 0
      vertex 13.1705 -10.8847 2
      vertex 12.7832 -10.9487 2
    endloop
  endfacet
  facet normal 0.163036 -0.98662 0
    outer loop
      vertex 13.1705 -10.8847 2
      vertex 12.7832 -10.9487 0
      vertex 13.1705 -10.8847 0
    endloop
  endfacet
  facet normal 0.0980413 -0.995182 0
    outer loop
      vertex 12.3924 -10.9872 0
      vertex 12.7832 -10.9487 2
      vertex 12.3924 -10.9872 2
    endloop
  endfacet
  facet normal 0.0980413 -0.995182 0
    outer loop
      vertex 12.7832 -10.9487 2
      vertex 12.3924 -10.9872 0
      vertex 12.7832 -10.9487 0
    endloop
  endfacet
  facet normal 0.973909 -0.226941 0
    outer loop
      vertex 17.7956 -6.55291 2
      vertex 17.8847 -6.17054 0
      vertex 17.8847 -6.17054 2
    endloop
  endfacet
  facet normal 0.973909 -0.226941 0
    outer loop
      vertex 17.8847 -6.17054 0
      vertex 17.7956 -6.55291 2
      vertex 17.7956 -6.55291 0
    endloop
  endfacet
  facet normal 0.729867 -0.683589 0
    outer loop
      vertex 16.2426 -9.24264 2
      vertex 16.511 -8.95607 0
      vertex 16.511 -8.95607 2
    endloop
  endfacet
  facet normal 0.729867 -0.683589 0
    outer loop
      vertex 16.511 -8.95607 0
      vertex 16.2426 -9.24264 2
      vertex 16.2426 -9.24264 0
    endloop
  endfacet
  facet normal 0.528175 -0.849135 0
    outer loop
      vertex 15 -10.1962 0
      vertex 15.3334 -9.98882 2
      vertex 15 -10.1962 2
    endloop
  endfacet
  facet normal 0.528175 -0.849135 0
    outer loop
      vertex 15.3334 -9.98882 2
      vertex 15 -10.1962 0
      vertex 15.3334 -9.98882 0
    endloop
  endfacet
  facet normal 0.935908 -0.352245 0
    outer loop
      vertex 17.5433 -7.2961 2
      vertex 17.6816 -6.92864 0
      vertex 17.6816 -6.92864 2
    endloop
  endfacet
  facet normal 0.935908 -0.352245 0
    outer loop
      vertex 17.6816 -6.92864 0
      vertex 17.5433 -7.2961 2
      vertex 17.5433 -7.2961 0
    endloop
  endfacet
  facet normal 0.812846 -0.582478 0
    outer loop
      vertex 16.7601 -8.65257 2
      vertex 16.9888 -8.33342 0
      vertex 16.9888 -8.33342 2
    endloop
  endfacet
  facet normal 0.812846 -0.582478 0
    outer loop
      vertex 16.9888 -8.33342 0
      vertex 16.7601 -8.65257 2
      vertex 16.7601 -8.65257 0
    endloop
  endfacet
  facet normal -0.0326024 -0.999468 0
    outer loop
      vertex 11.6076 -10.9872 0
      vertex 12 -11 2
      vertex 11.6076 -10.9872 2
    endloop
  endfacet
  facet normal -0.0326024 -0.999468 -0
    outer loop
      vertex 12 -11 2
      vertex 11.6076 -10.9872 0
      vertex 12 -11 0
    endloop
  endfacet
  facet normal -0.528153 -0.84915 0
    outer loop
      vertex 8.66658 -9.98882 0
      vertex 9 -10.1962 2
      vertex 8.66658 -9.98882 2
    endloop
  endfacet
  facet normal -0.528153 -0.84915 -0
    outer loop
      vertex 9 -10.1962 2
      vertex 8.66658 -9.98882 0
      vertex 9 -10.1962 0
    endloop
  endfacet
  facet normal -0.412834 -0.910806 0
    outer loop
      vertex 9.34627 -10.3812 0
      vertex 9.7039 -10.5433 2
      vertex 9.34627 -10.3812 2
    endloop
  endfacet
  facet normal -0.412834 -0.910806 -0
    outer loop
      vertex 9.7039 -10.5433 2
      vertex 9.34627 -10.3812 0
      vertex 9.7039 -10.5433 0
    endloop
  endfacet
  facet normal -0.910864 -0.412707 0
    outer loop
      vertex 6.61876 -7.65373 0
      vertex 6.45672 -7.2961 2
      vertex 6.45672 -7.2961 0
    endloop
  endfacet
  facet normal -0.910864 -0.412707 0
    outer loop
      vertex 6.45672 -7.2961 2
      vertex 6.61876 -7.65373 0
      vertex 6.61876 -7.65373 2
    endloop
  endfacet
  facet normal -0.986642 -0.162904 0
    outer loop
      vertex 6.11529 -6.17054 0
      vertex 6.05133 -5.78316 2
      vertex 6.05133 -5.78316 0
    endloop
  endfacet
  facet normal -0.986642 -0.162904 0
    outer loop
      vertex 6.05133 -5.78316 2
      vertex 6.11529 -6.17054 0
      vertex 6.11529 -6.17054 2
    endloop
  endfacet
  facet normal 0.290361 -0.956917 0
    outer loop
      vertex 13.5529 -10.7956 0
      vertex 13.9286 -10.6816 2
      vertex 13.5529 -10.7956 2
    endloop
  endfacet
  facet normal 0.290361 -0.956917 0
    outer loop
      vertex 13.9286 -10.6816 2
      vertex 13.5529 -10.7956 0
      vertex 13.9286 -10.6816 0
    endloop
  endfacet
  facet normal 0.226924 -0.973913 0
    outer loop
      vertex 13.1705 -10.8847 0
      vertex 13.5529 -10.7956 2
      vertex 13.1705 -10.8847 2
    endloop
  endfacet
  facet normal 0.226924 -0.973913 0
    outer loop
      vertex 13.5529 -10.7956 2
      vertex 13.1705 -10.8847 0
      vertex 13.5529 -10.7956 0
    endloop
  endfacet
  facet normal -0.582478 -0.812846 0
    outer loop
      vertex 8.34743 -9.76012 0
      vertex 8.66658 -9.98882 2
      vertex 8.34743 -9.76012 2
    endloop
  endfacet
  facet normal -0.582478 -0.812846 -0
    outer loop
      vertex 8.66658 -9.98882 2
      vertex 8.34743 -9.76012 0
      vertex 8.66658 -9.98882 0
    endloop
  endfacet
  facet normal -0.352212 -0.93592 0
    outer loop
      vertex 9.7039 -10.5433 0
      vertex 10.0714 -10.6816 2
      vertex 9.7039 -10.5433 2
    endloop
  endfacet
  facet normal -0.352212 -0.93592 -0
    outer loop
      vertex 10.0714 -10.6816 2
      vertex 9.7039 -10.5433 0
      vertex 10.0714 -10.6816 0
    endloop
  endfacet
  facet normal -0.0980413 -0.995182 0
    outer loop
      vertex 11.2168 -10.9487 0
      vertex 11.6076 -10.9872 2
      vertex 11.2168 -10.9487 2
    endloop
  endfacet
  facet normal -0.0980413 -0.995182 -0
    outer loop
      vertex 11.6076 -10.9872 2
      vertex 11.2168 -10.9487 0
      vertex 11.6076 -10.9872 0
    endloop
  endfacet
  facet normal -0.226924 -0.973913 0
    outer loop
      vertex 10.4471 -10.7956 0
      vertex 10.8295 -10.8847 2
      vertex 10.4471 -10.7956 2
    endloop
  endfacet
  facet normal -0.226924 -0.973913 -0
    outer loop
      vertex 10.8295 -10.8847 2
      vertex 10.4471 -10.7956 0
      vertex 10.8295 -10.8847 0
    endloop
  endfacet
  facet normal 0.999468 0.0326024 0
    outer loop
      vertex 18 90.2 2
      vertex 17.9872 90.5924 0
      vertex 17.9872 90.5924 2
    endloop
  endfacet
  facet normal 0.999468 0.0326024 0
    outer loop
      vertex 17.9872 90.5924 0
      vertex 18 90.2 2
      vertex 18 90.2 0
    endloop
  endfacet
  facet normal -0.0328569 0.99946 0
    outer loop
      vertex 12 96.2 0
      vertex 11.6076 96.1871 2
      vertex 12 96.2 2
    endloop
  endfacet
  facet normal -0.0328569 0.99946 0
    outer loop
      vertex 11.6076 96.1871 2
      vertex 12 96.2 0
      vertex 11.6076 96.1871 0
    endloop
  endfacet
  facet normal 0.683678 0.729783 -0
    outer loop
      vertex 16.2426 94.4426 0
      vertex 15.9561 94.711 2
      vertex 16.2426 94.4426 2
    endloop
  endfacet
  facet normal 0.683678 0.729783 0
    outer loop
      vertex 15.9561 94.711 2
      vertex 16.2426 94.4426 0
      vertex 15.9561 94.711 0
    endloop
  endfacet
  facet normal -0.729783 0.683678 0
    outer loop
      vertex 7.48896 94.1561 0
      vertex 7.75736 94.4426 2
      vertex 7.75736 94.4426 0
    endloop
  endfacet
  facet normal -0.729783 0.683678 0
    outer loop
      vertex 7.75736 94.4426 2
      vertex 7.48896 94.1561 0
      vertex 7.48896 94.1561 2
    endloop
  endfacet
  facet normal 0.910793 0.412862 0
    outer loop
      vertex 17.5433 92.4961 2
      vertex 17.3812 92.8537 0
      vertex 17.3812 92.8537 2
    endloop
  endfacet
  facet normal 0.910793 0.412862 0
    outer loop
      vertex 17.3812 92.8537 0
      vertex 17.5433 92.4961 2
      vertex 17.5433 92.4961 0
    endloop
  endfacet
  facet normal -0.881933 0.471375 0
    outer loop
      vertex 6.61876 92.8537 0
      vertex 6.80385 93.2 2
      vertex 6.80385 93.2 0
    endloop
  endfacet
  facet normal -0.881933 0.471375 0
    outer loop
      vertex 6.80385 93.2 2
      vertex 6.61876 92.8537 0
      vertex 6.61876 92.8537 2
    endloop
  endfacet
  facet normal -0.849192 0.528084 0
    outer loop
      vertex 6.80385 93.2 0
      vertex 7.01118 93.5334 2
      vertex 7.01118 93.5334 0
    endloop
  endfacet
  facet normal -0.849192 0.528084 0
    outer loop
      vertex 7.01118 93.5334 2
      vertex 6.80385 93.2 0
      vertex 6.80385 93.2 2
    endloop
  endfacet
  facet normal -0.226924 0.973913 0
    outer loop
      vertex 10.8295 96.0847 0
      vertex 10.4471 95.9956 2
      vertex 10.8295 96.0847 2
    endloop
  endfacet
  facet normal -0.226924 0.973913 0
    outer loop
      vertex 10.4471 95.9956 2
      vertex 10.8295 96.0847 0
      vertex 10.4471 95.9956 0
    endloop
  endfacet
  facet normal 0.973913 0.226924 0
    outer loop
      vertex 17.8847 91.3705 2
      vertex 17.7956 91.7529 0
      vertex 17.7956 91.7529 2
    endloop
  endfacet
  facet normal 0.973913 0.226924 0
    outer loop
      vertex 17.7956 91.7529 0
      vertex 17.8847 91.3705 2
      vertex 17.8847 91.3705 0
    endloop
  endfacet
  facet normal 0.956917 0.290361 0
    outer loop
      vertex 17.7956 91.7529 2
      vertex 17.6816 92.1286 0
      vertex 17.6816 92.1286 2
    endloop
  endfacet
  facet normal 0.956917 0.290361 0
    outer loop
      vertex 17.6816 92.1286 0
      vertex 17.7956 91.7529 2
      vertex 17.7956 91.7529 0
    endloop
  endfacet
  facet normal 0.812889 0.582418 0
    outer loop
      vertex 16.9888 93.5334 2
      vertex 16.7601 93.8526 0
      vertex 16.7601 93.8526 2
    endloop
  endfacet
  facet normal 0.812889 0.582418 0
    outer loop
      vertex 16.7601 93.8526 0
      vertex 16.9888 93.5334 2
      vertex 16.9888 93.5334 0
    endloop
  endfacet
  facet normal 0.163036 0.98662 -0
    outer loop
      vertex 13.1705 96.0847 0
      vertex 12.7832 96.1487 2
      vertex 13.1705 96.0847 2
    endloop
  endfacet
  facet normal 0.163036 0.98662 0
    outer loop
      vertex 12.7832 96.1487 2
      vertex 13.1705 96.0847 0
      vertex 12.7832 96.1487 0
    endloop
  endfacet
  facet normal 0.290361 0.956917 -0
    outer loop
      vertex 13.9286 95.8816 0
      vertex 13.5529 95.9956 2
      vertex 13.9286 95.8816 2
    endloop
  endfacet
  facet normal 0.290361 0.956917 0
    outer loop
      vertex 13.5529 95.9956 2
      vertex 13.9286 95.8816 0
      vertex 13.5529 95.9956 0
    endloop
  endfacet
  facet normal 0.528028 0.849227 -0
    outer loop
      vertex 15.3334 95.1888 0
      vertex 15 95.3961 2
      vertex 15.3334 95.1888 2
    endloop
  endfacet
  facet normal 0.528028 0.849227 0
    outer loop
      vertex 15 95.3961 2
      vertex 15.3334 95.1888 0
      vertex 15 95.3961 0
    endloop
  endfacet
  facet normal -0.986637 0.162936 0
    outer loop
      vertex 6.05133 90.9832 0
      vertex 6.11529 91.3705 2
      vertex 6.11529 91.3705 0
    endloop
  endfacet
  facet normal -0.986637 0.162936 0
    outer loop
      vertex 6.11529 91.3705 2
      vertex 6.05133 90.9832 0
      vertex 6.05133 90.9832 2
    endloop
  endfacet
  facet normal -0.995187 0.0979908 0
    outer loop
      vertex 6.01285 90.5924 0
      vertex 6.05133 90.9832 2
      vertex 6.05133 90.9832 0
    endloop
  endfacet
  facet normal -0.995187 0.0979908 0
    outer loop
      vertex 6.05133 90.9832 2
      vertex 6.01285 90.5924 0
      vertex 6.01285 90.5924 2
    endloop
  endfacet
  facet normal -0.582478 0.812846 0
    outer loop
      vertex 8.66658 95.1888 0
      vertex 8.34743 94.9601 2
      vertex 8.66658 95.1888 2
    endloop
  endfacet
  facet normal -0.582478 0.812846 0
    outer loop
      vertex 8.34743 94.9601 2
      vertex 8.66658 95.1888 0
      vertex 8.34743 94.9601 0
    endloop
  endfacet
  facet normal -0.290361 0.956917 0
    outer loop
      vertex 10.4471 95.9956 0
      vertex 10.0714 95.8816 2
      vertex 10.4471 95.9956 2
    endloop
  endfacet
  facet normal -0.290361 0.956917 0
    outer loop
      vertex 10.0714 95.8816 2
      vertex 10.4471 95.9956 0
      vertex 10.0714 95.8816 0
    endloop
  endfacet
  facet normal -0.163036 0.98662 0
    outer loop
      vertex 11.2168 96.1487 0
      vertex 10.8295 96.0847 2
      vertex 11.2168 96.1487 2
    endloop
  endfacet
  facet normal -0.163036 0.98662 0
    outer loop
      vertex 10.8295 96.0847 2
      vertex 11.2168 96.1487 0
      vertex 10.8295 96.0847 0
    endloop
  endfacet
  facet normal 0.98662 0.163036 0
    outer loop
      vertex 17.9487 90.9832 2
      vertex 17.8847 91.3705 0
      vertex 17.8847 91.3705 2
    endloop
  endfacet
  facet normal 0.98662 0.163036 0
    outer loop
      vertex 17.8847 91.3705 0
      vertex 17.9487 90.9832 2
      vertex 17.9487 90.9832 0
    endloop
  endfacet
  facet normal 0.995182 0.0980413 0
    outer loop
      vertex 17.9872 90.5924 2
      vertex 17.9487 90.9832 0
      vertex 17.9487 90.9832 2
    endloop
  endfacet
  facet normal 0.995182 0.0980413 0
    outer loop
      vertex 17.9487 90.9832 0
      vertex 17.9872 90.5924 2
      vertex 17.9872 90.5924 0
    endloop
  endfacet
  facet normal 0.93592 0.352212 0
    outer loop
      vertex 17.6816 92.1286 2
      vertex 17.5433 92.4961 0
      vertex 17.5433 92.4961 2
    endloop
  endfacet
  facet normal 0.93592 0.352212 0
    outer loop
      vertex 17.5433 92.4961 0
      vertex 17.6816 92.1286 2
      vertex 17.6816 92.1286 0
    endloop
  endfacet
  facet normal 0.77298 0.63443 0
    outer loop
      vertex 16.7601 93.8526 2
      vertex 16.511 94.1561 0
      vertex 16.511 94.1561 2
    endloop
  endfacet
  facet normal 0.77298 0.63443 0
    outer loop
      vertex 16.511 94.1561 0
      vertex 16.7601 93.8526 2
      vertex 16.7601 93.8526 0
    endloop
  endfacet
  facet normal 0.849112 0.528212 0
    outer loop
      vertex 17.1962 93.2 2
      vertex 16.9888 93.5334 0
      vertex 16.9888 93.5334 2
    endloop
  endfacet
  facet normal 0.849112 0.528212 0
    outer loop
      vertex 16.9888 93.5334 0
      vertex 17.1962 93.2 2
      vertex 17.1962 93.2 0
    endloop
  endfacet
  facet normal 0.882028 0.471196 0
    outer loop
      vertex 17.3812 92.8537 2
      vertex 17.1962 93.2 0
      vertex 17.1962 93.2 2
    endloop
  endfacet
  facet normal 0.882028 0.471196 0
    outer loop
      vertex 17.1962 93.2 0
      vertex 17.3812 92.8537 2
      vertex 17.3812 92.8537 0
    endloop
  endfacet
  facet normal 0.226924 0.973913 -0
    outer loop
      vertex 13.5529 95.9956 0
      vertex 13.1705 96.0847 2
      vertex 13.5529 95.9956 2
    endloop
  endfacet
  facet normal 0.226924 0.973913 0
    outer loop
      vertex 13.1705 96.0847 2
      vertex 13.5529 95.9956 0
      vertex 13.1705 96.0847 0
    endloop
  endfacet
  facet normal 0.097789 0.995207 -0
    outer loop
      vertex 12.7832 96.1487 0
      vertex 12.3924 96.1871 2
      vertex 12.7832 96.1487 2
    endloop
  endfacet
  facet normal 0.097789 0.995207 0
    outer loop
      vertex 12.3924 96.1871 2
      vertex 12.7832 96.1487 0
      vertex 12.3924 96.1871 0
    endloop
  endfacet
  facet normal 0.0328569 0.99946 -0
    outer loop
      vertex 12.3924 96.1871 0
      vertex 12 96.2 2
      vertex 12.3924 96.1871 2
    endloop
  endfacet
  facet normal 0.0328569 0.99946 0
    outer loop
      vertex 12 96.2 2
      vertex 12.3924 96.1871 0
      vertex 12 96.2 0
    endloop
  endfacet
  facet normal 0.352212 0.93592 -0
    outer loop
      vertex 14.2961 95.7433 0
      vertex 13.9286 95.8816 2
      vertex 14.2961 95.7433 2
    endloop
  endfacet
  facet normal 0.352212 0.93592 0
    outer loop
      vertex 13.9286 95.8816 2
      vertex 14.2961 95.7433 0
      vertex 13.9286 95.8816 0
    endloop
  endfacet
  facet normal 0.471394 0.881923 -0
    outer loop
      vertex 15 95.3961 0
      vertex 14.6537 95.5812 2
      vertex 15 95.3961 2
    endloop
  endfacet
  facet normal 0.471394 0.881923 0
    outer loop
      vertex 14.6537 95.5812 2
      vertex 15 95.3961 0
      vertex 14.6537 95.5812 0
    endloop
  endfacet
  facet normal 0.582418 0.812889 -0
    outer loop
      vertex 15.6526 94.9601 0
      vertex 15.3334 95.1888 2
      vertex 15.6526 94.9601 2
    endloop
  endfacet
  facet normal 0.582418 0.812889 0
    outer loop
      vertex 15.3334 95.1888 2
      vertex 15.6526 94.9601 0
      vertex 15.3334 95.1888 0
    endloop
  endfacet
  facet normal 0.63443 0.77298 -0
    outer loop
      vertex 15.9561 94.711 0
      vertex 15.6526 94.9601 2
      vertex 15.9561 94.711 2
    endloop
  endfacet
  facet normal 0.63443 0.77298 0
    outer loop
      vertex 15.6526 94.9601 2
      vertex 15.9561 94.711 0
      vertex 15.6526 94.9601 0
    endloop
  endfacet
  facet normal -0.773005 0.634399 0
    outer loop
      vertex 7.23988 93.8526 0
      vertex 7.48896 94.1561 2
      vertex 7.48896 94.1561 0
    endloop
  endfacet
  facet normal -0.773005 0.634399 0
    outer loop
      vertex 7.48896 94.1561 2
      vertex 7.23988 93.8526 0
      vertex 7.23988 93.8526 2
    endloop
  endfacet
  facet normal -0.812889 0.582418 0
    outer loop
      vertex 7.01118 93.5334 0
      vertex 7.23988 93.8526 2
      vertex 7.23988 93.8526 0
    endloop
  endfacet
  facet normal -0.812889 0.582418 0
    outer loop
      vertex 7.23988 93.8526 2
      vertex 7.01118 93.5334 0
      vertex 7.01118 93.5334 2
    endloop
  endfacet
  facet normal -0.93592 0.352212 0
    outer loop
      vertex 6.31842 92.1286 0
      vertex 6.45672 92.4961 2
      vertex 6.45672 92.4961 0
    endloop
  endfacet
  facet normal -0.93592 0.352212 0
    outer loop
      vertex 6.45672 92.4961 2
      vertex 6.31842 92.1286 0
      vertex 6.31842 92.1286 2
    endloop
  endfacet
  facet normal -0.910851 0.412736 0
    outer loop
      vertex 6.45672 92.4961 0
      vertex 6.61876 92.8537 2
      vertex 6.61876 92.8537 0
    endloop
  endfacet
  facet normal -0.910851 0.412736 0
    outer loop
      vertex 6.61876 92.8537 2
      vertex 6.45672 92.4961 0
      vertex 6.45672 92.4961 2
    endloop
  endfacet
  facet normal -0.973884 0.227044 0
    outer loop
      vertex 6.11529 91.3705 0
      vertex 6.20444 91.7529 2
      vertex 6.20444 91.7529 0
    endloop
  endfacet
  facet normal -0.973884 0.227044 0
    outer loop
      vertex 6.20444 91.7529 2
      vertex 6.11529 91.3705 0
      vertex 6.11529 91.3705 2
    endloop
  endfacet
  facet normal -0.999464 0.0327297 0
    outer loop
      vertex 6 90.2 0
      vertex 6.01285 90.5924 2
      vertex 6.01285 90.5924 0
    endloop
  endfacet
  facet normal -0.999464 0.0327297 0
    outer loop
      vertex 6.01285 90.5924 2
      vertex 6 90.2 0
      vertex 6 90.2 2
    endloop
  endfacet
  facet normal -0.471426 0.881906 0
    outer loop
      vertex 9.34627 95.5812 0
      vertex 9 95.3961 2
      vertex 9.34627 95.5812 2
    endloop
  endfacet
  facet normal -0.471426 0.881906 0
    outer loop
      vertex 9 95.3961 2
      vertex 9.34627 95.5812 0
      vertex 9 95.3961 0
    endloop
  endfacet
  facet normal -0.634417 0.772991 0
    outer loop
      vertex 8.34743 94.9601 0
      vertex 8.04392 94.711 2
      vertex 8.34743 94.9601 2
    endloop
  endfacet
  facet normal -0.634417 0.772991 0
    outer loop
      vertex 8.04392 94.711 2
      vertex 8.34743 94.9601 0
      vertex 8.04392 94.711 0
    endloop
  endfacet
  facet normal -0.528006 0.849241 0
    outer loop
      vertex 9 95.3961 0
      vertex 8.66658 95.1888 2
      vertex 9 95.3961 2
    endloop
  endfacet
  facet normal -0.528006 0.849241 0
    outer loop
      vertex 8.66658 95.1888 2
      vertex 9 95.3961 0
      vertex 8.66658 95.1888 0
    endloop
  endfacet
  facet normal -0.412834 0.910806 0
    outer loop
      vertex 9.7039 95.7433 0
      vertex 9.34627 95.5812 2
      vertex 9.7039 95.7433 2
    endloop
  endfacet
  facet normal -0.412834 0.910806 0
    outer loop
      vertex 9.34627 95.5812 2
      vertex 9.7039 95.7433 0
      vertex 9.34627 95.5812 0
    endloop
  endfacet
  facet normal -0.097789 0.995207 0
    outer loop
      vertex 11.6076 96.1871 0
      vertex 11.2168 96.1487 2
      vertex 11.6076 96.1871 2
    endloop
  endfacet
  facet normal -0.097789 0.995207 0
    outer loop
      vertex 11.2168 96.1487 2
      vertex 11.6076 96.1871 0
      vertex 11.2168 96.1487 0
    endloop
  endfacet
  facet normal 0.729783 0.683678 0
    outer loop
      vertex 16.511 94.1561 2
      vertex 16.2426 94.4426 0
      vertex 16.2426 94.4426 2
    endloop
  endfacet
  facet normal 0.729783 0.683678 0
    outer loop
      vertex 16.2426 94.4426 0
      vertex 16.511 94.1561 2
      vertex 16.511 94.1561 0
    endloop
  endfacet
  facet normal 0.412862 0.910793 -0
    outer loop
      vertex 14.6537 95.5812 0
      vertex 14.2961 95.7433 2
      vertex 14.6537 95.5812 2
    endloop
  endfacet
  facet normal 0.412862 0.910793 0
    outer loop
      vertex 14.2961 95.7433 2
      vertex 14.6537 95.5812 0
      vertex 14.2961 95.7433 0
    endloop
  endfacet
  facet normal -0.956931 0.290314 0
    outer loop
      vertex 6.20444 91.7529 0
      vertex 6.31842 92.1286 2
      vertex 6.31842 92.1286 0
    endloop
  endfacet
  facet normal -0.956931 0.290314 0
    outer loop
      vertex 6.31842 92.1286 2
      vertex 6.20444 91.7529 0
      vertex 6.20444 91.7529 2
    endloop
  endfacet
  facet normal -0.683602 0.729855 0
    outer loop
      vertex 8.04392 94.711 0
      vertex 7.75736 94.4426 2
      vertex 8.04392 94.711 2
    endloop
  endfacet
  facet normal -0.683602 0.729855 0
    outer loop
      vertex 7.75736 94.4426 2
      vertex 8.04392 94.711 0
      vertex 7.75736 94.4426 0
    endloop
  endfacet
  facet normal -0.352212 0.93592 0
    outer loop
      vertex 10.0714 95.8816 0
      vertex 9.7039 95.7433 2
      vertex 10.0714 95.8816 2
    endloop
  endfacet
  facet normal -0.352212 0.93592 0
    outer loop
      vertex 9.7039 95.7433 2
      vertex 10.0714 95.8816 0
      vertex 9.7039 95.7433 0
    endloop
  endfacet
  facet normal 0.935908 -0.352245 0
    outer loop
      vertex 78.7433 -7.2961 2
      vertex 78.8816 -6.92864 0
      vertex 78.8816 -6.92864 2
    endloop
  endfacet
  facet normal 0.935908 -0.352245 0
    outer loop
      vertex 78.8816 -6.92864 0
      vertex 78.7433 -7.2961 2
      vertex 78.7433 -7.2961 0
    endloop
  endfacet
  facet normal 0.956924 -0.29034 0
    outer loop
      vertex 78.8816 -6.92864 2
      vertex 78.9956 -6.55291 0
      vertex 78.9956 -6.55291 2
    endloop
  endfacet
  facet normal 0.956924 -0.29034 0
    outer loop
      vertex 78.9956 -6.55291 0
      vertex 78.8816 -6.92864 2
      vertex 78.8816 -6.92864 0
    endloop
  endfacet
  facet normal 0.0326024 -0.999468 0
    outer loop
      vertex 73.2 -11 0
      vertex 73.5924 -10.9872 2
      vertex 73.2 -11 2
    endloop
  endfacet
  facet normal 0.0326024 -0.999468 0
    outer loop
      vertex 73.5924 -10.9872 2
      vertex 73.2 -11 0
      vertex 73.5924 -10.9872 0
    endloop
  endfacet
  facet normal -0.956924 -0.29034 0
    outer loop
      vertex 67.5184 -6.92864 0
      vertex 67.4044 -6.55291 2
      vertex 67.4044 -6.55291 0
    endloop
  endfacet
  facet normal -0.956924 -0.29034 0
    outer loop
      vertex 67.4044 -6.55291 2
      vertex 67.5184 -6.92864 0
      vertex 67.5184 -6.92864 2
    endloop
  endfacet
  facet normal -0.882011 -0.471228 0
    outer loop
      vertex 68.0038 -8 0
      vertex 67.8188 -7.65373 2
      vertex 67.8188 -7.65373 0
    endloop
  endfacet
  facet normal -0.882011 -0.471228 0
    outer loop
      vertex 67.8188 -7.65373 2
      vertex 68.0038 -8 0
      vertex 68.0038 -8 2
    endloop
  endfacet
  facet normal 0.99946 -0.0328552 0
    outer loop
      vertex 79.1871 -5.39242 2
      vertex 79.2 -5 0
      vertex 79.2 -5 2
    endloop
  endfacet
  facet normal 0.99946 -0.0328552 0
    outer loop
      vertex 79.2 -5 0
      vertex 79.1871 -5.39242 2
      vertex 79.1871 -5.39242 0
    endloop
  endfacet
  facet normal 0.986626 -0.163003 0
    outer loop
      vertex 79.0847 -6.17054 2
      vertex 79.1487 -5.78316 0
      vertex 79.1487 -5.78316 2
    endloop
  endfacet
  facet normal 0.986626 -0.163003 0
    outer loop
      vertex 79.1487 -5.78316 0
      vertex 79.0847 -6.17054 2
      vertex 79.0847 -6.17054 0
    endloop
  endfacet
  facet normal 0.881906 -0.471426 0
    outer loop
      vertex 78.3961 -8 2
      vertex 78.5812 -7.65373 0
      vertex 78.5812 -7.65373 2
    endloop
  endfacet
  facet normal 0.881906 -0.471426 0
    outer loop
      vertex 78.5812 -7.65373 0
      vertex 78.3961 -8 2
      vertex 78.3961 -8 0
    endloop
  endfacet
  facet normal -0.973909 -0.226941 0
    outer loop
      vertex 67.4044 -6.55291 0
      vertex 67.3153 -6.17054 2
      vertex 67.3153 -6.17054 0
    endloop
  endfacet
  facet normal -0.973909 -0.226941 0
    outer loop
      vertex 67.3153 -6.17054 2
      vertex 67.4044 -6.55291 0
      vertex 67.4044 -6.55291 2
    endloop
  endfacet
  facet normal -0.910806 -0.412834 0
    outer loop
      vertex 67.8188 -7.65373 0
      vertex 67.6567 -7.2961 2
      vertex 67.6567 -7.2961 0
    endloop
  endfacet
  facet normal -0.910806 -0.412834 0
    outer loop
      vertex 67.6567 -7.2961 2
      vertex 67.8188 -7.65373 0
      vertex 67.8188 -7.65373 2
    endloop
  endfacet
  facet normal 0.226924 -0.973913 0
    outer loop
      vertex 74.3705 -10.8847 0
      vertex 74.7529 -10.7956 2
      vertex 74.3705 -10.8847 2
    endloop
  endfacet
  facet normal 0.226924 -0.973913 0
    outer loop
      vertex 74.7529 -10.7956 2
      vertex 74.3705 -10.8847 0
      vertex 74.7529 -10.7956 0
    endloop
  endfacet
  facet normal 0.352212 -0.93592 0
    outer loop
      vertex 75.1286 -10.6816 0
      vertex 75.4961 -10.5433 2
      vertex 75.1286 -10.6816 2
    endloop
  endfacet
  facet normal 0.352212 -0.93592 0
    outer loop
      vertex 75.4961 -10.5433 2
      vertex 75.1286 -10.6816 0
      vertex 75.4961 -10.5433 0
    endloop
  endfacet
  facet normal 0.290361 -0.956917 0
    outer loop
      vertex 74.7529 -10.7956 0
      vertex 75.1286 -10.6816 2
      vertex 74.7529 -10.7956 2
    endloop
  endfacet
  facet normal 0.290361 -0.956917 0
    outer loop
      vertex 75.1286 -10.6816 2
      vertex 74.7529 -10.7956 0
      vertex 75.1286 -10.6816 0
    endloop
  endfacet
  facet normal -0.999468 -0.0326008 0
    outer loop
      vertex 67.2128 -5.39242 0
      vertex 67.2 -5 2
      vertex 67.2 -5 0
    endloop
  endfacet
  facet normal -0.999468 -0.0326008 0
    outer loop
      vertex 67.2 -5 2
      vertex 67.2128 -5.39242 0
      vertex 67.2128 -5.39242 2
    endloop
  endfacet
  facet normal 0.995206 -0.0978039 0
    outer loop
      vertex 79.1487 -5.78316 2
      vertex 79.1871 -5.39242 0
      vertex 79.1871 -5.39242 2
    endloop
  endfacet
  facet normal 0.995206 -0.0978039 0
    outer loop
      vertex 79.1871 -5.39242 0
      vertex 79.1487 -5.78316 2
      vertex 79.1487 -5.78316 0
    endloop
  endfacet
  facet normal 0.973909 -0.226941 0
    outer loop
      vertex 78.9956 -6.55291 2
      vertex 79.0847 -6.17054 0
      vertex 79.0847 -6.17054 2
    endloop
  endfacet
  facet normal 0.973909 -0.226941 0
    outer loop
      vertex 79.0847 -6.17054 0
      vertex 78.9956 -6.55291 2
      vertex 78.9956 -6.55291 0
    endloop
  endfacet
  facet normal 0.582418 -0.812889 0
    outer loop
      vertex 76.5334 -9.98882 0
      vertex 76.8526 -9.76012 2
      vertex 76.5334 -9.98882 2
    endloop
  endfacet
  facet normal 0.582418 -0.812889 0
    outer loop
      vertex 76.8526 -9.76012 2
      vertex 76.5334 -9.98882 0
      vertex 76.8526 -9.76012 0
    endloop
  endfacet
  facet normal 0.683678 -0.729783 0
    outer loop
      vertex 77.1561 -9.51104 0
      vertex 77.4426 -9.24264 2
      vertex 77.1561 -9.51104 2
    endloop
  endfacet
  facet normal 0.683678 -0.729783 0
    outer loop
      vertex 77.4426 -9.24264 2
      vertex 77.1561 -9.51104 0
      vertex 77.4426 -9.24264 0
    endloop
  endfacet
  facet normal 0.634399 -0.773005 0
    outer loop
      vertex 76.8526 -9.76012 0
      vertex 77.1561 -9.51104 2
      vertex 76.8526 -9.76012 2
    endloop
  endfacet
  facet normal 0.634399 -0.773005 0
    outer loop
      vertex 77.1561 -9.51104 2
      vertex 76.8526 -9.76012 0
      vertex 77.1561 -9.51104 0
    endloop
  endfacet
  facet normal 0.910806 -0.412834 0
    outer loop
      vertex 78.5812 -7.65373 2
      vertex 78.7433 -7.2961 0
      vertex 78.7433 -7.2961 2
    endloop
  endfacet
  facet normal 0.910806 -0.412834 0
    outer loop
      vertex 78.7433 -7.2961 0
      vertex 78.5812 -7.65373 2
      vertex 78.5812 -7.65373 0
    endloop
  endfacet
  facet normal 0.849241 -0.528006 0
    outer loop
      vertex 78.1888 -8.33342 2
      vertex 78.3961 -8 0
      vertex 78.3961 -8 2
    endloop
  endfacet
  facet normal 0.849241 -0.528006 0
    outer loop
      vertex 78.3961 -8 0
      vertex 78.1888 -8.33342 2
      vertex 78.1888 -8.33342 0
    endloop
  endfacet
  facet normal 0.77298 -0.63443 0
    outer loop
      vertex 77.711 -8.95607 2
      vertex 77.9601 -8.65257 0
      vertex 77.9601 -8.65257 2
    endloop
  endfacet
  facet normal 0.77298 -0.63443 0
    outer loop
      vertex 77.9601 -8.65257 0
      vertex 77.711 -8.95607 2
      vertex 77.711 -8.95607 0
    endloop
  endfacet
  facet normal -0.812846 -0.582478 0
    outer loop
      vertex 68.4399 -8.65257 0
      vertex 68.2112 -8.33342 2
      vertex 68.2112 -8.33342 0
    endloop
  endfacet
  facet normal -0.812846 -0.582478 0
    outer loop
      vertex 68.2112 -8.33342 2
      vertex 68.4399 -8.65257 0
      vertex 68.4399 -8.65257 2
    endloop
  endfacet
  facet normal -0.729867 -0.683589 0
    outer loop
      vertex 68.9574 -9.24264 0
      vertex 68.689 -8.95607 2
      vertex 68.689 -8.95607 0
    endloop
  endfacet
  facet normal -0.729867 -0.683589 0
    outer loop
      vertex 68.689 -8.95607 2
      vertex 68.9574 -9.24264 0
      vertex 68.9574 -9.24264 2
    endloop
  endfacet
  facet normal -0.935908 -0.352245 0
    outer loop
      vertex 67.6567 -7.2961 0
      vertex 67.5184 -6.92864 2
      vertex 67.5184 -6.92864 0
    endloop
  endfacet
  facet normal -0.935908 -0.352245 0
    outer loop
      vertex 67.5184 -6.92864 2
      vertex 67.6567 -7.2961 0
      vertex 67.6567 -7.2961 2
    endloop
  endfacet
  facet normal 0.163036 -0.98662 0
    outer loop
      vertex 73.9832 -10.9487 0
      vertex 74.3705 -10.8847 2
      vertex 73.9832 -10.9487 2
    endloop
  endfacet
  facet normal 0.163036 -0.98662 0
    outer loop
      vertex 74.3705 -10.8847 2
      vertex 73.9832 -10.9487 0
      vertex 74.3705 -10.8847 0
    endloop
  endfacet
  facet normal 0.0980413 -0.995182 0
    outer loop
      vertex 73.5924 -10.9872 0
      vertex 73.9832 -10.9487 2
      vertex 73.5924 -10.9872 2
    endloop
  endfacet
  facet normal 0.0980413 -0.995182 0
    outer loop
      vertex 73.9832 -10.9487 2
      vertex 73.5924 -10.9872 0
      vertex 73.9832 -10.9487 0
    endloop
  endfacet
  facet normal 0.412862 -0.910793 0
    outer loop
      vertex 75.4961 -10.5433 0
      vertex 75.8537 -10.3812 2
      vertex 75.4961 -10.5433 2
    endloop
  endfacet
  facet normal 0.412862 -0.910793 0
    outer loop
      vertex 75.8537 -10.3812 2
      vertex 75.4961 -10.5433 0
      vertex 75.8537 -10.3812 0
    endloop
  endfacet
  facet normal 0.729867 -0.683589 0
    outer loop
      vertex 77.4426 -9.24264 2
      vertex 77.711 -8.95607 0
      vertex 77.711 -8.95607 2
    endloop
  endfacet
  facet normal 0.729867 -0.683589 0
    outer loop
      vertex 77.711 -8.95607 0
      vertex 77.4426 -9.24264 2
      vertex 77.4426 -9.24264 0
    endloop
  endfacet
  facet normal 0.528175 -0.849135 0
    outer loop
      vertex 76.2 -10.1962 0
      vertex 76.5334 -9.98882 2
      vertex 76.2 -10.1962 2
    endloop
  endfacet
  facet normal 0.528175 -0.849135 0
    outer loop
      vertex 76.5334 -9.98882 2
      vertex 76.2 -10.1962 0
      vertex 76.5334 -9.98882 0
    endloop
  endfacet
  facet normal 0.471196 -0.882028 0
    outer loop
      vertex 75.8537 -10.3812 0
      vertex 76.2 -10.1962 2
      vertex 75.8537 -10.3812 2
    endloop
  endfacet
  facet normal 0.471196 -0.882028 0
    outer loop
      vertex 76.2 -10.1962 2
      vertex 75.8537 -10.3812 0
      vertex 76.2 -10.1962 0
    endloop
  endfacet
  facet normal 0.812846 -0.582478 0
    outer loop
      vertex 77.9601 -8.65257 2
      vertex 78.1888 -8.33342 0
      vertex 78.1888 -8.33342 2
    endloop
  endfacet
  facet normal 0.812846 -0.582478 0
    outer loop
      vertex 78.1888 -8.33342 0
      vertex 77.9601 -8.65257 2
      vertex 77.9601 -8.65257 0
    endloop
  endfacet
  facet normal -0.634399 -0.773005 0
    outer loop
      vertex 69.2439 -9.51104 0
      vertex 69.5474 -9.76012 2
      vertex 69.2439 -9.51104 2
    endloop
  endfacet
  facet normal -0.634399 -0.773005 -0
    outer loop
      vertex 69.5474 -9.76012 2
      vertex 69.2439 -9.51104 0
      vertex 69.5474 -9.76012 0
    endloop
  endfacet
  facet normal -0.471196 -0.882028 0
    outer loop
      vertex 70.2 -10.1962 0
      vertex 70.5463 -10.3812 2
      vertex 70.2 -10.1962 2
    endloop
  endfacet
  facet normal -0.471196 -0.882028 -0
    outer loop
      vertex 70.5463 -10.3812 2
      vertex 70.2 -10.1962 0
      vertex 70.5463 -10.3812 0
    endloop
  endfacet
  facet normal -0.528175 -0.849135 0
    outer loop
      vertex 69.8666 -9.98882 0
      vertex 70.2 -10.1962 2
      vertex 69.8666 -9.98882 2
    endloop
  endfacet
  facet normal -0.528175 -0.849135 -0
    outer loop
      vertex 70.2 -10.1962 2
      vertex 69.8666 -9.98882 0
      vertex 70.2 -10.1962 0
    endloop
  endfacet
  facet normal -0.412862 -0.910793 0
    outer loop
      vertex 70.5463 -10.3812 0
      vertex 70.9039 -10.5433 2
      vertex 70.5463 -10.3812 2
    endloop
  endfacet
  facet normal -0.412862 -0.910793 -0
    outer loop
      vertex 70.9039 -10.5433 2
      vertex 70.5463 -10.3812 0
      vertex 70.9039 -10.5433 0
    endloop
  endfacet
  facet normal -0.352212 -0.93592 0
    outer loop
      vertex 70.9039 -10.5433 0
      vertex 71.2714 -10.6816 2
      vertex 70.9039 -10.5433 2
    endloop
  endfacet
  facet normal -0.352212 -0.93592 -0
    outer loop
      vertex 71.2714 -10.6816 2
      vertex 70.9039 -10.5433 0
      vertex 71.2714 -10.6816 0
    endloop
  endfacet
  facet normal -0.163036 -0.98662 0
    outer loop
      vertex 72.0295 -10.8847 0
      vertex 72.4168 -10.9487 2
      vertex 72.0295 -10.8847 2
    endloop
  endfacet
  facet normal -0.163036 -0.98662 -0
    outer loop
      vertex 72.4168 -10.9487 2
      vertex 72.0295 -10.8847 0
      vertex 72.4168 -10.9487 0
    endloop
  endfacet
  facet normal -0.0980413 -0.995182 0
    outer loop
      vertex 72.4168 -10.9487 0
      vertex 72.8076 -10.9872 2
      vertex 72.4168 -10.9487 2
    endloop
  endfacet
  facet normal -0.0980413 -0.995182 -0
    outer loop
      vertex 72.8076 -10.9872 2
      vertex 72.4168 -10.9487 0
      vertex 72.8076 -10.9872 0
    endloop
  endfacet
  facet normal -0.0326024 -0.999468 0
    outer loop
      vertex 72.8076 -10.9872 0
      vertex 73.2 -11 2
      vertex 72.8076 -10.9872 2
    endloop
  endfacet
  facet normal -0.0326024 -0.999468 -0
    outer loop
      vertex 73.2 -11 2
      vertex 72.8076 -10.9872 0
      vertex 73.2 -11 0
    endloop
  endfacet
  facet normal -0.849127 -0.528189 0
    outer loop
      vertex 68.2112 -8.33342 0
      vertex 68.0038 -8 2
      vertex 68.0038 -8 0
    endloop
  endfacet
  facet normal -0.849127 -0.528189 0
    outer loop
      vertex 68.0038 -8 2
      vertex 68.2112 -8.33342 0
      vertex 68.2112 -8.33342 2
    endloop
  endfacet
  facet normal -0.77298 -0.63443 0
    outer loop
      vertex 68.689 -8.95607 0
      vertex 68.4399 -8.65257 2
      vertex 68.4399 -8.65257 0
    endloop
  endfacet
  facet normal -0.77298 -0.63443 0
    outer loop
      vertex 68.4399 -8.65257 2
      vertex 68.689 -8.95607 0
      vertex 68.689 -8.95607 2
    endloop
  endfacet
  facet normal -0.683678 -0.729783 0
    outer loop
      vertex 68.9574 -9.24264 0
      vertex 69.2439 -9.51104 2
      vertex 68.9574 -9.24264 2
    endloop
  endfacet
  facet normal -0.683678 -0.729783 -0
    outer loop
      vertex 69.2439 -9.51104 2
      vertex 68.9574 -9.24264 0
      vertex 69.2439 -9.51104 0
    endloop
  endfacet
  facet normal -0.986626 -0.163003 0
    outer loop
      vertex 67.3153 -6.17054 0
      vertex 67.2513 -5.78316 2
      vertex 67.2513 -5.78316 0
    endloop
  endfacet
  facet normal -0.986626 -0.163003 0
    outer loop
      vertex 67.2513 -5.78316 2
      vertex 67.3153 -6.17054 0
      vertex 67.3153 -6.17054 2
    endloop
  endfacet
  facet normal -0.995181 -0.0980562 0
    outer loop
      vertex 67.2513 -5.78316 0
      vertex 67.2128 -5.39242 2
      vertex 67.2128 -5.39242 0
    endloop
  endfacet
  facet normal -0.995181 -0.0980562 0
    outer loop
      vertex 67.2128 -5.39242 2
      vertex 67.2513 -5.78316 0
      vertex 67.2513 -5.78316 2
    endloop
  endfacet
  facet normal -0.582418 -0.812889 0
    outer loop
      vertex 69.5474 -9.76012 0
      vertex 69.8666 -9.98882 2
      vertex 69.5474 -9.76012 2
    endloop
  endfacet
  facet normal -0.582418 -0.812889 -0
    outer loop
      vertex 69.8666 -9.98882 2
      vertex 69.5474 -9.76012 0
      vertex 69.8666 -9.98882 0
    endloop
  endfacet
  facet normal -0.226924 -0.973913 0
    outer loop
      vertex 71.6471 -10.7956 0
      vertex 72.0295 -10.8847 2
      vertex 71.6471 -10.7956 2
    endloop
  endfacet
  facet normal -0.226924 -0.973913 -0
    outer loop
      vertex 72.0295 -10.8847 2
      vertex 71.6471 -10.7956 0
      vertex 72.0295 -10.8847 0
    endloop
  endfacet
  facet normal -0.290361 -0.956917 0
    outer loop
      vertex 71.2714 -10.6816 0
      vertex 71.6471 -10.7956 2
      vertex 71.2714 -10.6816 2
    endloop
  endfacet
  facet normal -0.290361 -0.956917 -0
    outer loop
      vertex 71.6471 -10.7956 2
      vertex 71.2714 -10.6816 0
      vertex 71.6471 -10.7956 0
    endloop
  endfacet
  facet normal 0.99946 0.0328569 0
    outer loop
      vertex 79.2 90.2 2
      vertex 79.1871 90.5924 0
      vertex 79.1871 90.5924 2
    endloop
  endfacet
  facet normal 0.99946 0.0328569 0
    outer loop
      vertex 79.1871 90.5924 0
      vertex 79.2 90.2 2
      vertex 79.2 90.2 0
    endloop
  endfacet
  facet normal -0.0328569 0.99946 0
    outer loop
      vertex 73.2 96.2 0
      vertex 72.8076 96.1871 2
      vertex 73.2 96.2 2
    endloop
  endfacet
  facet normal -0.0328569 0.99946 0
    outer loop
      vertex 72.8076 96.1871 2
      vertex 73.2 96.2 0
      vertex 72.8076 96.1871 0
    endloop
  endfacet
  facet normal 0.683678 0.729783 -0
    outer loop
      vertex 77.4426 94.4426 0
      vertex 77.1561 94.711 2
      vertex 77.4426 94.4426 2
    endloop
  endfacet
  facet normal 0.683678 0.729783 0
    outer loop
      vertex 77.1561 94.711 2
      vertex 77.4426 94.4426 0
      vertex 77.1561 94.711 0
    endloop
  endfacet
  facet normal -0.729783 0.683678 0
    outer loop
      vertex 68.689 94.1561 0
      vertex 68.9574 94.4426 2
      vertex 68.9574 94.4426 0
    endloop
  endfacet
  facet normal -0.729783 0.683678 0
    outer loop
      vertex 68.9574 94.4426 2
      vertex 68.689 94.1561 0
      vertex 68.689 94.1561 2
    endloop
  endfacet
  facet normal -0.412862 0.910793 0
    outer loop
      vertex 70.9039 95.7433 0
      vertex 70.5463 95.5812 2
      vertex 70.9039 95.7433 2
    endloop
  endfacet
  facet normal -0.412862 0.910793 0
    outer loop
      vertex 70.5463 95.5812 2
      vertex 70.9039 95.7433 0
      vertex 70.5463 95.5812 0
    endloop
  endfacet
  facet normal 0.910793 0.412862 0
    outer loop
      vertex 78.7433 92.4961 2
      vertex 78.5812 92.8537 0
      vertex 78.5812 92.8537 2
    endloop
  endfacet
  facet normal 0.910793 0.412862 0
    outer loop
      vertex 78.5812 92.8537 0
      vertex 78.7433 92.4961 2
      vertex 78.7433 92.4961 0
    endloop
  endfacet
  facet normal 0.352212 0.93592 -0
    outer loop
      vertex 75.4961 95.7433 0
      vertex 75.1286 95.8816 2
      vertex 75.4961 95.7433 2
    endloop
  endfacet
  facet normal 0.352212 0.93592 0
    outer loop
      vertex 75.1286 95.8816 2
      vertex 75.4961 95.7433 0
      vertex 75.1286 95.8816 0
    endloop
  endfacet
  facet normal 0.528028 0.849227 -0
    outer loop
      vertex 76.5334 95.1888 0
      vertex 76.2 95.3961 2
      vertex 76.5334 95.1888 2
    endloop
  endfacet
  facet normal 0.528028 0.849227 0
    outer loop
      vertex 76.2 95.3961 2
      vertex 76.5334 95.1888 0
      vertex 76.2 95.3961 0
    endloop
  endfacet
  facet normal -0.93592 0.352212 0
    outer loop
      vertex 67.5184 92.1286 0
      vertex 67.6567 92.4961 2
      vertex 67.6567 92.4961 0
    endloop
  endfacet
  facet normal -0.93592 0.352212 0
    outer loop
      vertex 67.6567 92.4961 2
      vertex 67.5184 92.1286 0
      vertex 67.5184 92.1286 2
    endloop
  endfacet
  facet normal -0.226924 0.973913 0
    outer loop
      vertex 72.0295 96.0847 0
      vertex 71.6471 95.9956 2
      vertex 72.0295 96.0847 2
    endloop
  endfacet
  facet normal -0.226924 0.973913 0
    outer loop
      vertex 71.6471 95.9956 2
      vertex 72.0295 96.0847 0
      vertex 71.6471 95.9956 0
    endloop
  endfacet
  facet normal 0.973913 0.226924 0
    outer loop
      vertex 79.0847 91.3705 2
      vertex 78.9956 91.7529 0
      vertex 78.9956 91.7529 2
    endloop
  endfacet
  facet normal 0.973913 0.226924 0
    outer loop
      vertex 78.9956 91.7529 0
      vertex 79.0847 91.3705 2
      vertex 79.0847 91.3705 0
    endloop
  endfacet
  facet normal 0.812889 0.582418 0
    outer loop
      vertex 78.1888 93.5334 2
      vertex 77.9601 93.8526 0
      vertex 77.9601 93.8526 2
    endloop
  endfacet
  facet normal 0.812889 0.582418 0
    outer loop
      vertex 77.9601 93.8526 0
      vertex 78.1888 93.5334 2
      vertex 78.1888 93.5334 0
    endloop
  endfacet
  facet normal 0.77298 0.63443 0
    outer loop
      vertex 77.9601 93.8526 2
      vertex 77.711 94.1561 0
      vertex 77.711 94.1561 2
    endloop
  endfacet
  facet normal 0.77298 0.63443 0
    outer loop
      vertex 77.711 94.1561 0
      vertex 77.9601 93.8526 2
      vertex 77.9601 93.8526 0
    endloop
  endfacet
  facet normal 0.849227 0.528028 0
    outer loop
      vertex 78.3961 93.2 2
      vertex 78.1888 93.5334 0
      vertex 78.1888 93.5334 2
    endloop
  endfacet
  facet normal 0.849227 0.528028 0
    outer loop
      vertex 78.1888 93.5334 0
      vertex 78.3961 93.2 2
      vertex 78.3961 93.2 0
    endloop
  endfacet
  facet normal 0.163036 0.98662 -0
    outer loop
      vertex 74.3705 96.0847 0
      vertex 73.9832 96.1487 2
      vertex 74.3705 96.0847 2
    endloop
  endfacet
  facet normal 0.163036 0.98662 0
    outer loop
      vertex 73.9832 96.1487 2
      vertex 74.3705 96.0847 0
      vertex 73.9832 96.1487 0
    endloop
  endfacet
  facet normal 0.290361 0.956917 -0
    outer loop
      vertex 75.1286 95.8816 0
      vertex 74.7529 95.9956 2
      vertex 75.1286 95.8816 2
    endloop
  endfacet
  facet normal 0.290361 0.956917 0
    outer loop
      vertex 74.7529 95.9956 2
      vertex 75.1286 95.8816 0
      vertex 74.7529 95.9956 0
    endloop
  endfacet
  facet normal 0.471394 0.881923 -0
    outer loop
      vertex 76.2 95.3961 0
      vertex 75.8537 95.5812 2
      vertex 76.2 95.3961 2
    endloop
  endfacet
  facet normal 0.471394 0.881923 0
    outer loop
      vertex 75.8537 95.5812 2
      vertex 76.2 95.3961 0
      vertex 75.8537 95.5812 0
    endloop
  endfacet
  facet normal 0.582418 0.812889 -0
    outer loop
      vertex 76.8526 94.9601 0
      vertex 76.5334 95.1888 2
      vertex 76.8526 94.9601 2
    endloop
  endfacet
  facet normal 0.582418 0.812889 0
    outer loop
      vertex 76.5334 95.1888 2
      vertex 76.8526 94.9601 0
      vertex 76.5334 95.1888 0
    endloop
  endfacet
  facet normal -0.98662 0.163036 0
    outer loop
      vertex 67.2513 90.9832 0
      vertex 67.3153 91.3705 2
      vertex 67.3153 91.3705 0
    endloop
  endfacet
  facet normal -0.98662 0.163036 0
    outer loop
      vertex 67.3153 91.3705 2
      vertex 67.2513 90.9832 0
      vertex 67.2513 90.9832 2
    endloop
  endfacet
  facet normal -0.849112 0.528212 0
    outer loop
      vertex 68.0038 93.2 0
      vertex 68.2112 93.5334 2
      vertex 68.2112 93.5334 0
    endloop
  endfacet
  facet normal -0.849112 0.528212 0
    outer loop
      vertex 68.2112 93.5334 2
      vertex 68.0038 93.2 0
      vertex 68.0038 93.2 2
    endloop
  endfacet
  facet normal -0.882028 0.471196 0
    outer loop
      vertex 67.8188 92.8537 0
      vertex 68.0038 93.2 2
      vertex 68.0038 93.2 0
    endloop
  endfacet
  facet normal -0.882028 0.471196 0
    outer loop
      vertex 68.0038 93.2 2
      vertex 67.8188 92.8537 0
      vertex 67.8188 92.8537 2
    endloop
  endfacet
  facet normal -0.995182 0.0980413 0
    outer loop
      vertex 67.2128 90.5924 0
      vertex 67.2513 90.9832 2
      vertex 67.2513 90.9832 0
    endloop
  endfacet
  facet normal -0.995182 0.0980413 0
    outer loop
      vertex 67.2513 90.9832 2
      vertex 67.2128 90.5924 0
      vertex 67.2128 90.5924 2
    endloop
  endfacet
  facet normal -0.582418 0.812889 0
    outer loop
      vertex 69.8666 95.1888 0
      vertex 69.5474 94.9601 2
      vertex 69.8666 95.1888 2
    endloop
  endfacet
  facet normal -0.582418 0.812889 0
    outer loop
      vertex 69.5474 94.9601 2
      vertex 69.8666 95.1888 0
      vertex 69.5474 94.9601 0
    endloop
  endfacet
  facet normal -0.290361 0.956917 0
    outer loop
      vertex 71.6471 95.9956 0
      vertex 71.2714 95.8816 2
      vertex 71.6471 95.9956 2
    endloop
  endfacet
  facet normal -0.290361 0.956917 0
    outer loop
      vertex 71.2714 95.8816 2
      vertex 71.6471 95.9956 0
      vertex 71.2714 95.8816 0
    endloop
  endfacet
  facet normal -0.097789 0.995207 0
    outer loop
      vertex 72.8076 96.1871 0
      vertex 72.4168 96.1487 2
      vertex 72.8076 96.1871 2
    endloop
  endfacet
  facet normal -0.097789 0.995207 0
    outer loop
      vertex 72.4168 96.1487 2
      vertex 72.8076 96.1871 0
      vertex 72.4168 96.1487 0
    endloop
  endfacet
  facet normal 0.98662 0.163036 0
    outer loop
      vertex 79.1487 90.9832 2
      vertex 79.0847 91.3705 0
      vertex 79.0847 91.3705 2
    endloop
  endfacet
  facet normal 0.98662 0.163036 0
    outer loop
      vertex 79.0847 91.3705 0
      vertex 79.1487 90.9832 2
      vertex 79.1487 90.9832 0
    endloop
  endfacet
  facet normal 0.995207 0.097789 0
    outer loop
      vertex 79.1871 90.5924 2
      vertex 79.1487 90.9832 0
      vertex 79.1487 90.9832 2
    endloop
  endfacet
  facet normal 0.995207 0.097789 0
    outer loop
      vertex 79.1487 90.9832 0
      vertex 79.1871 90.5924 2
      vertex 79.1871 90.5924 0
    endloop
  endfacet
  facet normal 0.93592 0.352212 0
    outer loop
      vertex 78.8816 92.1286 2
      vertex 78.7433 92.4961 0
      vertex 78.7433 92.4961 2
    endloop
  endfacet
  facet normal 0.93592 0.352212 0
    outer loop
      vertex 78.7433 92.4961 0
      vertex 78.8816 92.1286 2
      vertex 78.8816 92.1286 0
    endloop
  endfacet
  facet normal 0.956917 0.290361 0
    outer loop
      vertex 78.9956 91.7529 2
      vertex 78.8816 92.1286 0
      vertex 78.8816 92.1286 2
    endloop
  endfacet
  facet normal 0.956917 0.290361 0
    outer loop
      vertex 78.8816 92.1286 0
      vertex 78.9956 91.7529 2
      vertex 78.9956 91.7529 0
    endloop
  endfacet
  facet normal 0.729783 0.683678 0
    outer loop
      vertex 77.711 94.1561 2
      vertex 77.4426 94.4426 0
      vertex 77.4426 94.4426 2
    endloop
  endfacet
  facet normal 0.729783 0.683678 0
    outer loop
      vertex 77.4426 94.4426 0
      vertex 77.711 94.1561 2
      vertex 77.711 94.1561 0
    endloop
  endfacet
  facet normal 0.881923 0.471394 0
    outer loop
      vertex 78.5812 92.8537 2
      vertex 78.3961 93.2 0
      vertex 78.3961 93.2 2
    endloop
  endfacet
  facet normal 0.881923 0.471394 0
    outer loop
      vertex 78.3961 93.2 0
      vertex 78.5812 92.8537 2
      vertex 78.5812 92.8537 0
    endloop
  endfacet
  facet normal 0.226924 0.973913 -0
    outer loop
      vertex 74.7529 95.9956 0
      vertex 74.3705 96.0847 2
      vertex 74.7529 95.9956 2
    endloop
  endfacet
  facet normal 0.226924 0.973913 0
    outer loop
      vertex 74.3705 96.0847 2
      vertex 74.7529 95.9956 0
      vertex 74.3705 96.0847 0
    endloop
  endfacet
  facet normal 0.097789 0.995207 -0
    outer loop
      vertex 73.9832 96.1487 0
      vertex 73.5924 96.1871 2
      vertex 73.9832 96.1487 2
    endloop
  endfacet
  facet normal 0.097789 0.995207 0
    outer loop
      vertex 73.5924 96.1871 2
      vertex 73.9832 96.1487 0
      vertex 73.5924 96.1871 0
    endloop
  endfacet
  facet normal 0.0328569 0.99946 -0
    outer loop
      vertex 73.5924 96.1871 0
      vertex 73.2 96.2 2
      vertex 73.5924 96.1871 2
    endloop
  endfacet
  facet normal 0.0328569 0.99946 0
    outer loop
      vertex 73.2 96.2 2
      vertex 73.5924 96.1871 0
      vertex 73.2 96.2 0
    endloop
  endfacet
  facet normal 0.412862 0.910793 -0
    outer loop
      vertex 75.8537 95.5812 0
      vertex 75.4961 95.7433 2
      vertex 75.8537 95.5812 2
    endloop
  endfacet
  facet normal 0.412862 0.910793 0
    outer loop
      vertex 75.4961 95.7433 2
      vertex 75.8537 95.5812 0
      vertex 75.4961 95.7433 0
    endloop
  endfacet
  facet normal 0.63443 0.77298 -0
    outer loop
      vertex 77.1561 94.711 0
      vertex 76.8526 94.9601 2
      vertex 77.1561 94.711 2
    endloop
  endfacet
  facet normal 0.63443 0.77298 0
    outer loop
      vertex 76.8526 94.9601 2
      vertex 77.1561 94.711 0
      vertex 76.8526 94.9601 0
    endloop
  endfacet
  facet normal -0.812889 0.582418 0
    outer loop
      vertex 68.2112 93.5334 0
      vertex 68.4399 93.8526 2
      vertex 68.4399 93.8526 0
    endloop
  endfacet
  facet normal -0.812889 0.582418 0
    outer loop
      vertex 68.4399 93.8526 2
      vertex 68.2112 93.5334 0
      vertex 68.2112 93.5334 2
    endloop
  endfacet
  facet normal -0.77298 0.63443 0
    outer loop
      vertex 68.4399 93.8526 0
      vertex 68.689 94.1561 2
      vertex 68.689 94.1561 0
    endloop
  endfacet
  facet normal -0.77298 0.63443 0
    outer loop
      vertex 68.689 94.1561 2
      vertex 68.4399 93.8526 0
      vertex 68.4399 93.8526 2
    endloop
  endfacet
  facet normal -0.910793 0.412862 0
    outer loop
      vertex 67.6567 92.4961 0
      vertex 67.8188 92.8537 2
      vertex 67.8188 92.8537 0
    endloop
  endfacet
  facet normal -0.910793 0.412862 0
    outer loop
      vertex 67.8188 92.8537 2
      vertex 67.6567 92.4961 0
      vertex 67.6567 92.4961 2
    endloop
  endfacet
  facet normal -0.973913 0.226924 0
    outer loop
      vertex 67.3153 91.3705 0
      vertex 67.4044 91.7529 2
      vertex 67.4044 91.7529 0
    endloop
  endfacet
  facet normal -0.973913 0.226924 0
    outer loop
      vertex 67.4044 91.7529 2
      vertex 67.3153 91.3705 0
      vertex 67.3153 91.3705 2
    endloop
  endfacet
  facet normal -0.956917 0.290361 0
    outer loop
      vertex 67.4044 91.7529 0
      vertex 67.5184 92.1286 2
      vertex 67.5184 92.1286 0
    endloop
  endfacet
  facet normal -0.956917 0.290361 0
    outer loop
      vertex 67.5184 92.1286 2
      vertex 67.4044 91.7529 0
      vertex 67.4044 91.7529 2
    endloop
  endfacet
  facet normal -0.999468 0.0326024 0
    outer loop
      vertex 67.2 90.2 0
      vertex 67.2128 90.5924 2
      vertex 67.2128 90.5924 0
    endloop
  endfacet
  facet normal -0.999468 0.0326024 0
    outer loop
      vertex 67.2128 90.5924 2
      vertex 67.2 90.2 0
      vertex 67.2 90.2 2
    endloop
  endfacet
  facet normal -0.528028 0.849227 0
    outer loop
      vertex 70.2 95.3961 0
      vertex 69.8666 95.1888 2
      vertex 70.2 95.3961 2
    endloop
  endfacet
  facet normal -0.528028 0.849227 0
    outer loop
      vertex 69.8666 95.1888 2
      vertex 70.2 95.3961 0
      vertex 69.8666 95.1888 0
    endloop
  endfacet
  facet normal -0.471394 0.881923 0
    outer loop
      vertex 70.5463 95.5812 0
      vertex 70.2 95.3961 2
      vertex 70.5463 95.5812 2
    endloop
  endfacet
  facet normal -0.471394 0.881923 0
    outer loop
      vertex 70.2 95.3961 2
      vertex 70.5463 95.5812 0
      vertex 70.2 95.3961 0
    endloop
  endfacet
  facet normal -0.63443 0.77298 0
    outer loop
      vertex 69.5474 94.9601 0
      vertex 69.2439 94.711 2
      vertex 69.5474 94.9601 2
    endloop
  endfacet
  facet normal -0.63443 0.77298 0
    outer loop
      vertex 69.2439 94.711 2
      vertex 69.5474 94.9601 0
      vertex 69.2439 94.711 0
    endloop
  endfacet
  facet normal -0.683678 0.729783 0
    outer loop
      vertex 69.2439 94.711 0
      vertex 68.9574 94.4426 2
      vertex 69.2439 94.711 2
    endloop
  endfacet
  facet normal -0.683678 0.729783 0
    outer loop
      vertex 68.9574 94.4426 2
      vertex 69.2439 94.711 0
      vertex 68.9574 94.4426 0
    endloop
  endfacet
  facet normal -0.352212 0.93592 0
    outer loop
      vertex 71.2714 95.8816 0
      vertex 70.9039 95.7433 2
      vertex 71.2714 95.8816 2
    endloop
  endfacet
  facet normal -0.352212 0.93592 0
    outer loop
      vertex 70.9039 95.7433 2
      vertex 71.2714 95.8816 0
      vertex 70.9039 95.7433 0
    endloop
  endfacet
  facet normal -0.163036 0.98662 0
    outer loop
      vertex 72.4168 96.1487 0
      vertex 72.0295 96.0847 2
      vertex 72.4168 96.1487 2
    endloop
  endfacet
  facet normal -0.163036 0.98662 0
    outer loop
      vertex 72.0295 96.0847 2
      vertex 72.4168 96.1487 0
      vertex 72.0295 96.0847 0
    endloop
  endfacet
  facet normal -1 0 0
    outer loop
      vertex 6 -5 0
      vertex 6 0 2
      vertex 6 0 0
    endloop
  endfacet
  facet normal -1 -0 0
    outer loop
      vertex 6 0 2
      vertex 6 -5 0
      vertex 6 -5 2
    endloop
  endfacet
  facet normal 1 -0 0
    outer loop
      vertex 18 -5 2
      vertex 18 0 0
      vertex 18 0 2
    endloop
  endfacet
  facet normal 1 0 0
    outer loop
      vertex 18 0 0
      vertex 18 -5 2
      vertex 18 -5 0
    endloop
  endfacet
  facet normal -1 0 0
    outer loop
      vertex 6 85.2 0
      vertex 6 90.2 2
      vertex 6 90.2 0
    endloop
  endfacet
  facet normal -1 -0 0
    outer loop
      vertex 6 90.2 2
      vertex 6 85.2 0
      vertex 6 85.2 2
    endloop
  endfacet
  facet normal 1 -0 0
    outer loop
      vertex 18 85.2 2
      vertex 18 90.2 0
      vertex 18 90.2 2
    endloop
  endfacet
  facet normal 1 0 0
    outer loop
      vertex 18 90.2 0
      vertex 18 85.2 2
      vertex 18 85.2 0
    endloop
  endfacet
  facet normal -1 0 0
    outer loop
      vertex 67.2 -5 0
      vertex 67.2 0 2
      vertex 67.2 0 0
    endloop
  endfacet
  facet normal -1 -0 0
    outer loop
      vertex 67.2 0 2
      vertex 67.2 -5 0
      vertex 67.2 -5 2
    endloop
  endfacet
  facet normal 1 -0 0
    outer loop
      vertex 79.2 -5 2
      vertex 79.2 0 0
      vertex 79.2 0 2
    endloop
  endfacet
  facet normal 1 0 0
    outer loop
      vertex 79.2 0 0
      vertex 79.2 -5 2
      vertex 79.2 -5 0
    endloop
  endfacet
  facet normal -1 0 0
    outer loop
      vertex 67.2 85.2 0
      vertex 67.2 90.2 2
      vertex 67.2 90.2 0
    endloop
  endfacet
  facet normal -1 -0 0
    outer loop
      vertex 67.2 90.2 2
      vertex 67.2 85.2 0
      vertex 67.2 85.2 2
    endloop
  endfacet
  facet normal 1 -0 0
    outer loop
      vertex 79.2 85.2 2
      vertex 79.2 90.2 0
      vertex 79.2 90.2 2
    endloop
  endfacet
  facet normal 1 0 0
    outer loop
      vertex 79.2 90.2 0
      vertex 79.2 85.2 2
      vertex 79.2 85.2 0
    endloop
  endfacet
  facet normal -1 0 0
    outer loop
      vertex 0 0 0
      vertex 0 85.2 2
      vertex 0 85.2 0
    endloop
  endfacet
  facet normal -1 -0 0
    outer loop
      vertex 0 85.2 2
      vertex 0 0 0
      vertex 0 0 2
    endloop
  endfacet
  facet normal 1 -0 0
    outer loop
      vertex 85.2 0 2
      vertex 85.2 85.2 0
      vertex 85.2 85.2 2
    endloop
  endfacet
  facet normal 1 0 0
    outer loop
      vertex 85.2 85.2 0
      vertex 85.2 0 2
      vertex 85.2 0 0
    endloop
  endfacet
  facet normal 0 1 -0
    outer loop
      vertex 85.2 85.2 0
      vertex 79.2 85.2 2
      vertex 85.2 85.2 2
    endloop
  endfacet
  facet normal 0 1 0
    outer loop
      vertex 79.2 85.2 2
      vertex 85.2 85.2 0
      vertex 79.2 85.2 0
    endloop
  endfacet
  facet normal 0 1 -0
    outer loop
      vertex 6 85.2 0
      vertex 0 85.2 2
      vertex 6 85.2 2
    endloop
  endfacet
  facet normal 0 1 0
    outer loop
      vertex 0 85.2 2
      vertex 6 85.2 0
      vertex 0 85.2 0
    endloop
  endfacet
  facet normal 0 1 -0
    outer loop
      vertex 67.2 85.2 0
      vertex 18 85.2 2
      vertex 67.2 85.2 2
    endloop
  endfacet
  facet normal 0 1 0
    outer loop
      vertex 18 85.2 2
      vertex 67.2 85.2 0
      vertex 18 85.2 0
    endloop
  endfacet
  facet normal 0 -1 0
    outer loop
      vertex 79.2 0 0
      vertex 85.2 0 2
      vertex 79.2 0 2
    endloop
  endfacet
  facet normal 0 -1 -0
    outer loop
      vertex 85.2 0 2
      vertex 79.2 0 0
      vertex 85.2 0 0
    endloop
  endfacet
  facet normal 0 -1 0
    outer loop
      vertex 0 0 0
      vertex 6 0 2
      vertex 0 0 2
    endloop
  endfacet
  facet normal 0 -1 -0
    outer loop
      vertex 6 0 2
      vertex 0 0 0
      vertex 6 0 0
    endloop
  endfacet
  facet normal 0 -1 0
    outer loop
      vertex 18 0 0
      vertex 67.2 0 2
      vertex 18 0 2
    endloop
  endfacet
  facet normal 0 -1 -0
    outer loop
      vertex 67.2 0 2
      vertex 18 0 0
      vertex 67.2 0 0
    endloop
  endfacet
  facet normal -1 0 0
    outer loop
      vertex 2 2 2
      vertex 2 81.2 2.6
      vertex 2 81.2 2
    endloop
  endfacet
  facet normal -1 -0 0
    outer loop
      vertex 2 81.2 2.6
      vertex 2 2 2
      vertex 2 2 2.6
    endloop
  endfacet
  facet normal 0 0 1
    outer loop
      vertex 4 81.2 2.6
      vertex 2 81.2 2.6
      vertex 4 4 2.6
    endloop
  endfacet
  facet normal -0 0 1
    outer loop
      vertex 4 4 2.6
      vertex 81.2 2 2.6
      vertex 81.2 4 2.6
    endloop
  endfacet
  facet normal 0 0 1
    outer loop
      vertex 4 4 2.6
      vertex 2 2 2.6
      vertex 81.2 2 2.6
    endloop
  endfacet
  facet normal 0 0 1
    outer loop
      vertex 2 2 2.6
      vertex 4 4 2.6
      vertex 2 81.2 2.6
    endloop
  endfacet
  facet normal 1 -0 0
    outer loop
      vertex 4 4 2.6
      vertex 4 81.2 2
      vertex 4 81.2 2.6
    endloop
  endfacet
  facet normal 1 0 0
    outer loop
      vertex 4 81.2 2
      vertex 4 4 2.6
      vertex 4 4 2
    endloop
  endfacet
  facet normal 0 1 -0
    outer loop
      vertex 4 81.2 2
      vertex 2 81.2 2.6
      vertex 4 81.2 2.6
    endloop
  endfacet
  facet normal 0 1 0
    outer loop
      vertex 2 81.2 2.6
      vertex 4 81.2 2
      vertex 2 81.2 2
    endloop
  endfacet
  facet normal 0 -1 0
    outer loop
      vertex 2 2 2
      vertex 81.2 2 2.6
      vertex 2 2 2.6
    endloop
  endfacet
  facet normal 0 -1 -0
    outer loop
      vertex 81.2 2 2.6
      vertex 2 2 2
      vertex 81.2 2 2
    endloop
  endfacet
  facet normal 1 -0 0
    outer loop
      vertex 81.2 2 2.6
      vertex 81.2 4 2
      vertex 81.2 4 2.6
    endloop
  endfacet
  facet normal 1 0 0
    outer loop
      vertex 81.2 4 2
      vertex 81.2 2 2.6
      vertex 81.2 2 2
    endloop
  endfacet
  facet normal 0 1 -0
    outer loop
      vertex 81.2 4 2
      vertex 4 4 2.6
      vertex 81.2 4 2.6
    endloop
  endfacet
  facet normal 0 1 0
    outer loop
      vertex 4 4 2.6
      vertex 81.2 4 2
      vertex 4 4 2
    endloop
  endfacet
  facet normal -0.881939 -0.471364 0
    outer loop
      vertex 14.018 -4.00485 0
      vertex 13.9486 -3.875 2
      vertex 13.9486 -3.875 0
    endloop
  endfacet
  facet normal -0.881939 -0.471364 0
    outer loop
      vertex 13.9486 -3.875 2
      vertex 14.018 -4.00485 0
      vertex 14.018 -4.00485 2
    endloop
  endfacet
  facet normal -0.352225 -0.935915 0
    outer loop
      vertex 12.7232 -2.86941 0
      vertex 12.861 -2.92127 2
      vertex 12.7232 -2.86941 2
    endloop
  endfacet
  facet normal -0.352225 -0.935915 -0
    outer loop
      vertex 12.861 -2.92127 2
      vertex 12.7232 -2.86941 0
      vertex 12.861 -2.92127 0
    endloop
  endfacet
  facet normal 0.412764 -0.910838 0
    outer loop
      vertex 11.0049 -2.98204 0
      vertex 11.139 -2.92127 2
      vertex 11.0049 -2.98204 2
    endloop
  endfacet
  facet normal 0.412764 -0.910838 0
    outer loop
      vertex 11.139 -2.92127 2
      vertex 11.0049 -2.98204 0
      vertex 11.139 -2.92127 0
    endloop
  endfacet
  facet normal 0.935915 -0.352225 0
    outer loop
      vertex 9.86941 -4.27676 2
      vertex 9.92127 -4.13896 0
      vertex 9.92127 -4.13896 2
    endloop
  endfacet
  facet normal 0.935915 -0.352225 0
    outer loop
      vertex 9.92127 -4.13896 0
      vertex 9.86941 -4.27676 2
      vertex 9.86941 -4.27676 0
    endloop
  endfacet
  facet normal -0.0980239 -0.995184 0
    outer loop
      vertex 12.1472 -2.75482 0
      vertex 12.2937 -2.76925 2
      vertex 12.1472 -2.75482 2
    endloop
  endfacet
  facet normal -0.0980239 -0.995184 -0
    outer loop
      vertex 12.2937 -2.76925 2
      vertex 12.1472 -2.75482 0
      vertex 12.2937 -2.76925 0
    endloop
  endfacet
  facet normal -0.528166 -0.849141 0
    outer loop
      vertex 13.125 -3.05144 0
      vertex 13.25 -3.12919 2
      vertex 13.125 -3.05144 2
    endloop
  endfacet
  facet normal -0.528166 -0.849141 -0
    outer loop
      vertex 13.25 -3.12919 2
      vertex 13.125 -3.05144 0
      vertex 13.25 -3.12919 0
    endloop
  endfacet
  facet normal 0.773043 -0.634354 0
    outer loop
      vertex 10.215 -3.63029 2
      vertex 10.3084 -3.51647 0
      vertex 10.3084 -3.51647 2
    endloop
  endfacet
  facet normal 0.773043 -0.634354 0
    outer loop
      vertex 10.3084 -3.51647 0
      vertex 10.215 -3.63029 2
      vertex 10.215 -3.63029 0
    endloop
  endfacet
  facet normal 0.227251 -0.973836 0
    outer loop
      vertex 11.4177 -2.82667 0
      vertex 11.561 -2.79323 2
      vertex 11.4177 -2.82667 2
    endloop
  endfacet
  facet normal 0.227251 -0.973836 0
    outer loop
      vertex 11.561 -2.79323 2
      vertex 11.4177 -2.82667 0
      vertex 11.561 -2.79323 0
    endloop
  endfacet
  facet normal -0.935826 -0.352463 0
    outer loop
      vertex 14.1306 -4.27676 0
      vertex 14.0787 -4.13896 2
      vertex 14.0787 -4.13896 0
    endloop
  endfacet
  facet normal -0.935826 -0.352463 0
    outer loop
      vertex 14.0787 -4.13896 2
      vertex 14.1306 -4.27676 0
      vertex 14.1306 -4.27676 2
    endloop
  endfacet
  facet normal -0.812723 -0.582651 0
    outer loop
      vertex 13.8708 -3.74997 0
      vertex 13.785 -3.63029 2
      vertex 13.785 -3.63029 0
    endloop
  endfacet
  facet normal -0.812723 -0.582651 0
    outer loop
      vertex 13.785 -3.63029 2
      vertex 13.8708 -3.74997 0
      vertex 13.8708 -3.74997 2
    endloop
  endfacet
  facet normal -0.683467 -0.729982 0
    outer loop
      vertex 13.4835 -3.30836 0
      vertex 13.591 -3.40901 2
      vertex 13.4835 -3.30836 2
    endloop
  endfacet
  facet normal -0.683467 -0.729982 -0
    outer loop
      vertex 13.591 -3.40901 2
      vertex 13.4835 -3.30836 0
      vertex 13.591 -3.40901 0
    endloop
  endfacet
  facet normal -0.032727 -0.999464 0
    outer loop
      vertex 12 -2.75 0
      vertex 12.1472 -2.75482 2
      vertex 12 -2.75 2
    endloop
  endfacet
  facet normal -0.032727 -0.999464 -0
    outer loop
      vertex 12.1472 -2.75482 2
      vertex 12 -2.75 0
      vertex 12.1472 -2.75482 0
    endloop
  endfacet
  facet normal -0.162835 -0.986653 0
    outer loop
      vertex 12.2937 -2.76925 0
      vertex 12.439 -2.79323 2
      vertex 12.2937 -2.76925 2
    endloop
  endfacet
  facet normal -0.162835 -0.986653 -0
    outer loop
      vertex 12.439 -2.79323 2
      vertex 12.2937 -2.76925 0
      vertex 12.439 -2.79323 0
    endloop
  endfacet
  facet normal -0.634461 -0.772955 0
    outer loop
      vertex 13.3697 -3.21495 0
      vertex 13.4835 -3.30836 2
      vertex 13.3697 -3.21495 2
    endloop
  endfacet
  facet normal -0.634461 -0.772955 -0
    outer loop
      vertex 13.4835 -3.30836 2
      vertex 13.3697 -3.21495 0
      vertex 13.4835 -3.30836 0
    endloop
  endfacet
  facet normal 0.986648 -0.162868 0
    outer loop
      vertex 9.76925 -4.70632 2
      vertex 9.79323 -4.56105 0
      vertex 9.79323 -4.56105 2
    endloop
  endfacet
  facet normal 0.986648 -0.162868 0
    outer loop
      vertex 9.79323 -4.56105 0
      vertex 9.76925 -4.70632 2
      vertex 9.76925 -4.70632 0
    endloop
  endfacet
  facet normal 0.849046 -0.528319 0
    outer loop
      vertex 10.0514 -3.875 2
      vertex 10.1292 -3.74997 0
      vertex 10.1292 -3.74997 2
    endloop
  endfacet
  facet normal 0.849046 -0.528319 0
    outer loop
      vertex 10.1292 -3.74997 0
      vertex 10.0514 -3.875 2
      vertex 10.0514 -3.875 0
    endloop
  endfacet
  facet normal 0.162835 -0.986653 0
    outer loop
      vertex 11.561 -2.79323 0
      vertex 11.7063 -2.76925 2
      vertex 11.561 -2.79323 2
    endloop
  endfacet
  facet normal 0.162835 -0.986653 0
    outer loop
      vertex 11.7063 -2.76925 2
      vertex 11.561 -2.79323 0
      vertex 11.7063 -2.76925 0
    endloop
  endfacet
  facet normal 0.582407 -0.812898 0
    outer loop
      vertex 10.6303 -3.21495 0
      vertex 10.75 -3.12919 2
      vertex 10.6303 -3.21495 2
    endloop
  endfacet
  facet normal 0.582407 -0.812898 0
    outer loop
      vertex 10.75 -3.12919 2
      vertex 10.6303 -3.21495 0
      vertex 10.75 -3.12919 0
    endloop
  endfacet
  facet normal 0.471222 -0.882014 0
    outer loop
      vertex 10.875 -3.05144 0
      vertex 11.0049 -2.98204 2
      vertex 10.875 -3.05144 2
    endloop
  endfacet
  facet normal 0.471222 -0.882014 0
    outer loop
      vertex 11.0049 -2.98204 2
      vertex 10.875 -3.05144 0
      vertex 11.0049 -2.98204 0
    endloop
  endfacet
  facet normal 0.730024 -0.683421 0
    outer loop
      vertex 10.3084 -3.51647 2
      vertex 10.409 -3.40901 0
      vertex 10.409 -3.40901 2
    endloop
  endfacet
  facet normal 0.730024 -0.683421 0
    outer loop
      vertex 10.409 -3.40901 0
      vertex 10.3084 -3.51647 2
      vertex 10.3084 -3.51647 0
    endloop
  endfacet
  facet normal -0.999468 -0.0326002 0
    outer loop
      vertex 14.25 -5 0
      vertex 14.2452 -4.85284 2
      vertex 14.2452 -4.85284 0
    endloop
  endfacet
  facet normal -0.999468 -0.0326002 0
    outer loop
      vertex 14.2452 -4.85284 2
      vertex 14.25 -5 0
      vertex 14.25 -5 2
    endloop
  endfacet
  facet normal -0.957019 0.290026 0
    outer loop
      vertex 14.1306 -5.72324 0
      vertex 14.1733 -5.58234 2
      vertex 14.1733 -5.58234 0
    endloop
  endfacet
  facet normal -0.957019 0.290026 0
    outer loop
      vertex 14.1733 -5.58234 2
      vertex 14.1306 -5.72324 0
      vertex 14.1306 -5.72324 2
    endloop
  endfacet
  facet normal -0.911028 -0.412344 0
    outer loop
      vertex 14.0787 -4.13896 0
      vertex 14.018 -4.00485 2
      vertex 14.018 -4.00485 0
    endloop
  endfacet
  facet normal -0.911028 -0.412344 0
    outer loop
      vertex 14.018 -4.00485 2
      vertex 14.0787 -4.13896 0
      vertex 14.0787 -4.13896 2
    endloop
  endfacet
  facet normal -0.986626 -0.163 0
    outer loop
      vertex 14.2308 -4.70632 0
      vertex 14.2068 -4.56105 2
      vertex 14.2068 -4.56105 0
    endloop
  endfacet
  facet normal -0.986626 -0.163 0
    outer loop
      vertex 14.2068 -4.56105 2
      vertex 14.2308 -4.70632 0
      vertex 14.2308 -4.70632 2
    endloop
  endfacet
  facet normal -0.973778 -0.227502 0
    outer loop
      vertex 14.2068 -4.56105 0
      vertex 14.1733 -4.41766 2
      vertex 14.1733 -4.41766 0
    endloop
  endfacet
  facet normal -0.973778 -0.227502 0
    outer loop
      vertex 14.1733 -4.41766 2
      vertex 14.2068 -4.56105 0
      vertex 14.2068 -4.56105 2
    endloop
  endfacet
  facet normal -0.849046 -0.528319 0
    outer loop
      vertex 13.9486 -3.875 0
      vertex 13.8708 -3.74997 2
      vertex 13.8708 -3.74997 0
    endloop
  endfacet
  facet normal -0.849046 -0.528319 0
    outer loop
      vertex 13.8708 -3.74997 2
      vertex 13.9486 -3.875 0
      vertex 13.9486 -3.875 2
    endloop
  endfacet
  facet normal -0.773043 -0.634354 0
    outer loop
      vertex 13.785 -3.63029 0
      vertex 13.6916 -3.51647 2
      vertex 13.6916 -3.51647 0
    endloop
  endfacet
  facet normal -0.773043 -0.634354 0
    outer loop
      vertex 13.6916 -3.51647 2
      vertex 13.785 -3.63029 0
      vertex 13.785 -3.63029 2
    endloop
  endfacet
  facet normal -0.730024 -0.683421 0
    outer loop
      vertex 13.6916 -3.51647 0
      vertex 13.591 -3.40901 2
      vertex 13.591 -3.40901 0
    endloop
  endfacet
  facet normal -0.730024 -0.683421 0
    outer loop
      vertex 13.591 -3.40901 2
      vertex 13.6916 -3.51647 0
      vertex 13.6916 -3.51647 2
    endloop
  endfacet
  facet normal 0.032727 -0.999464 0
    outer loop
      vertex 11.8528 -2.75482 0
      vertex 12 -2.75 2
      vertex 11.8528 -2.75482 2
    endloop
  endfacet
  facet normal 0.032727 -0.999464 0
    outer loop
      vertex 12 -2.75 2
      vertex 11.8528 -2.75482 0
      vertex 12 -2.75 0
    endloop
  endfacet
  facet normal -0.227251 -0.973836 0
    outer loop
      vertex 12.439 -2.79323 0
      vertex 12.5823 -2.82667 2
      vertex 12.439 -2.79323 2
    endloop
  endfacet
  facet normal -0.227251 -0.973836 -0
    outer loop
      vertex 12.5823 -2.82667 2
      vertex 12.439 -2.79323 0
      vertex 12.5823 -2.82667 0
    endloop
  endfacet
  facet normal -0.290275 -0.956943 0
    outer loop
      vertex 12.5823 -2.82667 0
      vertex 12.7232 -2.86941 2
      vertex 12.5823 -2.82667 2
    endloop
  endfacet
  facet normal -0.290275 -0.956943 -0
    outer loop
      vertex 12.7232 -2.86941 2
      vertex 12.5823 -2.82667 0
      vertex 12.7232 -2.86941 0
    endloop
  endfacet
  facet normal -0.471222 -0.882014 0
    outer loop
      vertex 12.9951 -2.98204 0
      vertex 13.125 -3.05144 2
      vertex 12.9951 -2.98204 2
    endloop
  endfacet
  facet normal -0.471222 -0.882014 -0
    outer loop
      vertex 13.125 -3.05144 2
      vertex 12.9951 -2.98204 0
      vertex 13.125 -3.05144 0
    endloop
  endfacet
  facet normal -0.412764 -0.910838 0
    outer loop
      vertex 12.861 -2.92127 0
      vertex 12.9951 -2.98204 2
      vertex 12.861 -2.92127 2
    endloop
  endfacet
  facet normal -0.412764 -0.910838 -0
    outer loop
      vertex 12.9951 -2.98204 2
      vertex 12.861 -2.92127 0
      vertex 12.9951 -2.98204 0
    endloop
  endfacet
  facet normal -0.582407 -0.812898 0
    outer loop
      vertex 13.25 -3.12919 0
      vertex 13.3697 -3.21495 2
      vertex 13.25 -3.12919 2
    endloop
  endfacet
  facet normal -0.582407 -0.812898 -0
    outer loop
      vertex 13.3697 -3.21495 2
      vertex 13.25 -3.12919 0
      vertex 13.3697 -3.21495 0
    endloop
  endfacet
  facet normal 0.999464 0.0327359 0
    outer loop
      vertex 9.75482 -5.14716 2
      vertex 9.75 -5 0
      vertex 9.75 -5 2
    endloop
  endfacet
  facet normal 0.999464 0.0327359 0
    outer loop
      vertex 9.75 -5 0
      vertex 9.75482 -5.14716 2
      vertex 9.75482 -5.14716 0
    endloop
  endfacet
  facet normal 0.973868 -0.227116 0
    outer loop
      vertex 9.79323 -4.56105 2
      vertex 9.82667 -4.41766 0
      vertex 9.82667 -4.41766 2
    endloop
  endfacet
  facet normal 0.973868 -0.227116 0
    outer loop
      vertex 9.82667 -4.41766 0
      vertex 9.79323 -4.56105 2
      vertex 9.79323 -4.56105 0
    endloop
  endfacet
  facet normal 0.956943 -0.290275 0
    outer loop
      vertex 9.82667 -4.41766 2
      vertex 9.86941 -4.27676 0
      vertex 9.86941 -4.27676 2
    endloop
  endfacet
  facet normal 0.956943 -0.290275 0
    outer loop
      vertex 9.86941 -4.27676 0
      vertex 9.82667 -4.41766 2
      vertex 9.82667 -4.41766 0
    endloop
  endfacet
  facet normal 0.995185 -0.0980107 0
    outer loop
      vertex 9.75482 -4.85284 2
      vertex 9.76925 -4.70632 0
      vertex 9.76925 -4.70632 2
    endloop
  endfacet
  facet normal 0.995185 -0.0980107 0
    outer loop
      vertex 9.76925 -4.70632 0
      vertex 9.75482 -4.85284 2
      vertex 9.75482 -4.85284 0
    endloop
  endfacet
  facet normal 0.882052 -0.471152 0
    outer loop
      vertex 9.98204 -4.00485 2
      vertex 10.0514 -3.875 0
      vertex 10.0514 -3.875 2
    endloop
  endfacet
  facet normal 0.882052 -0.471152 0
    outer loop
      vertex 10.0514 -3.875 0
      vertex 9.98204 -4.00485 2
      vertex 9.98204 -4.00485 0
    endloop
  endfacet
  facet normal 0.91085 -0.412738 0
    outer loop
      vertex 9.92127 -4.13896 2
      vertex 9.98204 -4.00485 0
      vertex 9.98204 -4.00485 2
    endloop
  endfacet
  facet normal 0.91085 -0.412738 0
    outer loop
      vertex 9.98204 -4.00485 0
      vertex 9.92127 -4.13896 2
      vertex 9.92127 -4.13896 0
    endloop
  endfacet
  facet normal 0.812723 -0.582651 0
    outer loop
      vertex 10.1292 -3.74997 2
      vertex 10.215 -3.63029 0
      vertex 10.215 -3.63029 2
    endloop
  endfacet
  facet normal 0.812723 -0.582651 0
    outer loop
      vertex 10.215 -3.63029 0
      vertex 10.1292 -3.74997 2
      vertex 10.1292 -3.74997 0
    endloop
  endfacet
  facet normal 0.290275 -0.956943 0
    outer loop
      vertex 11.2768 -2.86941 0
      vertex 11.4177 -2.82667 2
      vertex 11.2768 -2.86941 2
    endloop
  endfacet
  facet normal 0.290275 -0.956943 0
    outer loop
      vertex 11.4177 -2.82667 2
      vertex 11.2768 -2.86941 0
      vertex 11.4177 -2.82667 0
    endloop
  endfacet
  facet normal 0.352225 -0.935915 0
    outer loop
      vertex 11.139 -2.92127 0
      vertex 11.2768 -2.86941 2
      vertex 11.139 -2.92127 2
    endloop
  endfacet
  facet normal 0.352225 -0.935915 0
    outer loop
      vertex 11.2768 -2.86941 2
      vertex 11.139 -2.92127 0
      vertex 11.2768 -2.86941 0
    endloop
  endfacet
  facet normal 0.0980239 -0.995184 0
    outer loop
      vertex 11.7063 -2.76925 0
      vertex 11.8528 -2.75482 2
      vertex 11.7063 -2.76925 2
    endloop
  endfacet
  facet normal 0.0980239 -0.995184 0
    outer loop
      vertex 11.8528 -2.75482 2
      vertex 11.7063 -2.76925 0
      vertex 11.8528 -2.75482 0
    endloop
  endfacet
  facet normal 0.528166 -0.849141 0
    outer loop
      vertex 10.75 -3.12919 0
      vertex 10.875 -3.05144 2
      vertex 10.75 -3.12919 2
    endloop
  endfacet
  facet normal 0.528166 -0.849141 0
    outer loop
      vertex 10.875 -3.05144 2
      vertex 10.75 -3.12919 0
      vertex 10.875 -3.05144 0
    endloop
  endfacet
  facet normal 0.683467 -0.729982 0
    outer loop
      vertex 10.409 -3.40901 0
      vertex 10.5165 -3.30836 2
      vertex 10.409 -3.40901 2
    endloop
  endfacet
  facet normal 0.683467 -0.729982 0
    outer loop
      vertex 10.5165 -3.30836 2
      vertex 10.409 -3.40901 0
      vertex 10.5165 -3.30836 0
    endloop
  endfacet
  facet normal 0.634461 -0.772955 0
    outer loop
      vertex 10.5165 -3.30836 0
      vertex 10.6303 -3.21495 2
      vertex 10.5165 -3.30836 2
    endloop
  endfacet
  facet normal 0.634461 -0.772955 0
    outer loop
      vertex 10.6303 -3.21495 2
      vertex 10.5165 -3.30836 0
      vertex 10.6303 -3.21495 0
    endloop
  endfacet
  facet normal -0.999468 0.0326002 0
    outer loop
      vertex 14.2452 -5.14716 0
      vertex 14.25 -5 2
      vertex 14.25 -5 0
    endloop
  endfacet
  facet normal -0.999468 0.0326002 0
    outer loop
      vertex 14.25 -5 2
      vertex 14.2452 -5.14716 0
      vertex 14.2452 -5.14716 2
    endloop
  endfacet
  facet normal -0.986626 0.163 0
    outer loop
      vertex 14.2068 -5.43895 0
      vertex 14.2308 -5.29368 2
      vertex 14.2308 -5.29368 0
    endloop
  endfacet
  facet normal -0.986626 0.163 0
    outer loop
      vertex 14.2308 -5.29368 2
      vertex 14.2068 -5.43895 0
      vertex 14.2068 -5.43895 2
    endloop
  endfacet
  facet normal -0.881939 0.471364 0
    outer loop
      vertex 13.9486 -6.125 0
      vertex 14.018 -5.99515 2
      vertex 14.018 -5.99515 0
    endloop
  endfacet
  facet normal -0.881939 0.471364 0
    outer loop
      vertex 14.018 -5.99515 2
      vertex 13.9486 -6.125 0
      vertex 13.9486 -6.125 2
    endloop
  endfacet
  facet normal -0.935826 0.352463 0
    outer loop
      vertex 14.0787 -5.86104 0
      vertex 14.1306 -5.72324 2
      vertex 14.1306 -5.72324 0
    endloop
  endfacet
  facet normal -0.935826 0.352463 0
    outer loop
      vertex 14.1306 -5.72324 2
      vertex 14.0787 -5.86104 0
      vertex 14.0787 -5.86104 2
    endloop
  endfacet
  facet normal -0.812723 0.582651 0
    outer loop
      vertex 13.785 -6.36971 0
      vertex 13.8708 -6.25003 2
      vertex 13.8708 -6.25003 0
    endloop
  endfacet
  facet normal -0.812723 0.582651 0
    outer loop
      vertex 13.8708 -6.25003 2
      vertex 13.785 -6.36971 0
      vertex 13.785 -6.36971 2
    endloop
  endfacet
  facet normal -0.032727 0.999464 0
    outer loop
      vertex 12.1472 -7.24518 0
      vertex 12 -7.25 2
      vertex 12.1472 -7.24518 2
    endloop
  endfacet
  facet normal -0.032727 0.999464 0
    outer loop
      vertex 12 -7.25 2
      vertex 12.1472 -7.24518 0
      vertex 12 -7.25 0
    endloop
  endfacet
  facet normal 0.995185 0.0980107 0
    outer loop
      vertex 9.76925 -5.29368 2
      vertex 9.75482 -5.14716 0
      vertex 9.75482 -5.14716 2
    endloop
  endfacet
  facet normal 0.995185 0.0980107 0
    outer loop
      vertex 9.75482 -5.14716 0
      vertex 9.76925 -5.29368 2
      vertex 9.76925 -5.29368 0
    endloop
  endfacet
  facet normal 0.986648 0.162868 0
    outer loop
      vertex 9.79323 -5.43895 2
      vertex 9.76925 -5.29368 0
      vertex 9.76925 -5.29368 2
    endloop
  endfacet
  facet normal 0.986648 0.162868 0
    outer loop
      vertex 9.76925 -5.29368 0
      vertex 9.79323 -5.43895 2
      vertex 9.79323 -5.43895 0
    endloop
  endfacet
  facet normal -0.0980239 0.995184 0
    outer loop
      vertex 12.2937 -7.23075 0
      vertex 12.1472 -7.24518 2
      vertex 12.2937 -7.23075 2
    endloop
  endfacet
  facet normal -0.0980239 0.995184 0
    outer loop
      vertex 12.1472 -7.24518 2
      vertex 12.2937 -7.23075 0
      vertex 12.1472 -7.24518 0
    endloop
  endfacet
  facet normal -0.227251 0.973836 0
    outer loop
      vertex 12.5823 -7.17333 0
      vertex 12.439 -7.20677 2
      vertex 12.5823 -7.17333 2
    endloop
  endfacet
  facet normal -0.227251 0.973836 0
    outer loop
      vertex 12.439 -7.20677 2
      vertex 12.5823 -7.17333 0
      vertex 12.439 -7.20677 0
    endloop
  endfacet
  facet normal -0.352225 0.935915 0
    outer loop
      vertex 12.861 -7.07873 0
      vertex 12.7232 -7.13059 2
      vertex 12.861 -7.07873 2
    endloop
  endfacet
  facet normal -0.352225 0.935915 0
    outer loop
      vertex 12.7232 -7.13059 2
      vertex 12.861 -7.07873 0
      vertex 12.7232 -7.13059 0
    endloop
  endfacet
  facet normal -0.290275 0.956943 0
    outer loop
      vertex 12.7232 -7.13059 0
      vertex 12.5823 -7.17333 2
      vertex 12.7232 -7.13059 2
    endloop
  endfacet
  facet normal -0.290275 0.956943 0
    outer loop
      vertex 12.5823 -7.17333 2
      vertex 12.7232 -7.13059 0
      vertex 12.5823 -7.17333 0
    endloop
  endfacet
  facet normal -0.412764 0.910838 0
    outer loop
      vertex 12.9951 -7.01796 0
      vertex 12.861 -7.07873 2
      vertex 12.9951 -7.01796 2
    endloop
  endfacet
  facet normal -0.412764 0.910838 0
    outer loop
      vertex 12.861 -7.07873 2
      vertex 12.9951 -7.01796 0
      vertex 12.861 -7.07873 0
    endloop
  endfacet
  facet normal -0.957019 -0.290026 0
    outer loop
      vertex 14.1733 -4.41766 0
      vertex 14.1306 -4.27676 2
      vertex 14.1306 -4.27676 0
    endloop
  endfacet
  facet normal -0.957019 -0.290026 0
    outer loop
      vertex 14.1306 -4.27676 2
      vertex 14.1733 -4.41766 0
      vertex 14.1733 -4.41766 2
    endloop
  endfacet
  facet normal -0.995205 -0.0978089 0
    outer loop
      vertex 14.2452 -4.85284 0
      vertex 14.2308 -4.70632 2
      vertex 14.2308 -4.70632 0
    endloop
  endfacet
  facet normal -0.995205 -0.0978089 0
    outer loop
      vertex 14.2308 -4.70632 2
      vertex 14.2452 -4.85284 0
      vertex 14.2452 -4.85284 2
    endloop
  endfacet
  facet normal 0.999464 -0.0327359 0
    outer loop
      vertex 9.75 -5 2
      vertex 9.75482 -4.85284 0
      vertex 9.75482 -4.85284 2
    endloop
  endfacet
  facet normal 0.999464 -0.0327359 0
    outer loop
      vertex 9.75482 -4.85284 0
      vertex 9.75 -5 2
      vertex 9.75 -5 0
    endloop
  endfacet
  facet normal -0.995205 0.0978089 0
    outer loop
      vertex 14.2308 -5.29368 0
      vertex 14.2452 -5.14716 2
      vertex 14.2452 -5.14716 0
    endloop
  endfacet
  facet normal -0.995205 0.0978089 0
    outer loop
      vertex 14.2452 -5.14716 2
      vertex 14.2308 -5.29368 0
      vertex 14.2308 -5.29368 2
    endloop
  endfacet
  facet normal -0.773043 0.634354 0
    outer loop
      vertex 13.6916 -6.48353 0
      vertex 13.785 -6.36971 2
      vertex 13.785 -6.36971 0
    endloop
  endfacet
  facet normal -0.773043 0.634354 0
    outer loop
      vertex 13.785 -6.36971 2
      vertex 13.6916 -6.48353 0
      vertex 13.6916 -6.48353 2
    endloop
  endfacet
  facet normal -0.849046 0.528319 0
    outer loop
      vertex 13.8708 -6.25003 0
      vertex 13.9486 -6.125 2
      vertex 13.9486 -6.125 0
    endloop
  endfacet
  facet normal -0.849046 0.528319 0
    outer loop
      vertex 13.9486 -6.125 2
      vertex 13.8708 -6.25003 0
      vertex 13.8708 -6.25003 2
    endloop
  endfacet
  facet normal 0.352225 0.935915 -0
    outer loop
      vertex 11.2768 -7.13059 0
      vertex 11.139 -7.07873 2
      vertex 11.2768 -7.13059 2
    endloop
  endfacet
  facet normal 0.352225 0.935915 0
    outer loop
      vertex 11.139 -7.07873 2
      vertex 11.2768 -7.13059 0
      vertex 11.139 -7.07873 0
    endloop
  endfacet
  facet normal 0.0980239 0.995184 -0
    outer loop
      vertex 11.8528 -7.24518 0
      vertex 11.7063 -7.23075 2
      vertex 11.8528 -7.24518 2
    endloop
  endfacet
  facet normal 0.0980239 0.995184 0
    outer loop
      vertex 11.7063 -7.23075 2
      vertex 11.8528 -7.24518 0
      vertex 11.7063 -7.23075 0
    endloop
  endfacet
  facet normal 0.812723 0.582651 0
    outer loop
      vertex 10.215 -6.36971 2
      vertex 10.1292 -6.25003 0
      vertex 10.1292 -6.25003 2
    endloop
  endfacet
  facet normal 0.812723 0.582651 0
    outer loop
      vertex 10.1292 -6.25003 0
      vertex 10.215 -6.36971 2
      vertex 10.215 -6.36971 0
    endloop
  endfacet
  facet normal 0.773043 0.634354 0
    outer loop
      vertex 10.3084 -6.48353 2
      vertex 10.215 -6.36971 0
      vertex 10.215 -6.36971 2
    endloop
  endfacet
  facet normal 0.773043 0.634354 0
    outer loop
      vertex 10.215 -6.36971 0
      vertex 10.3084 -6.48353 2
      vertex 10.3084 -6.48353 0
    endloop
  endfacet
  facet normal 0.935915 0.352225 0
    outer loop
      vertex 9.92127 -5.86104 2
      vertex 9.86941 -5.72324 0
      vertex 9.86941 -5.72324 2
    endloop
  endfacet
  facet normal 0.935915 0.352225 0
    outer loop
      vertex 9.86941 -5.72324 0
      vertex 9.92127 -5.86104 2
      vertex 9.92127 -5.86104 0
    endloop
  endfacet
  facet normal 0.91085 0.412738 0
    outer loop
      vertex 9.98204 -5.99515 2
      vertex 9.92127 -5.86104 0
      vertex 9.92127 -5.86104 2
    endloop
  endfacet
  facet normal 0.91085 0.412738 0
    outer loop
      vertex 9.92127 -5.86104 0
      vertex 9.98204 -5.99515 2
      vertex 9.98204 -5.99515 0
    endloop
  endfacet
  facet normal -0.162835 0.986653 0
    outer loop
      vertex 12.439 -7.20677 0
      vertex 12.2937 -7.23075 2
      vertex 12.439 -7.20677 2
    endloop
  endfacet
  facet normal -0.162835 0.986653 0
    outer loop
      vertex 12.2937 -7.23075 2
      vertex 12.439 -7.20677 0
      vertex 12.2937 -7.23075 0
    endloop
  endfacet
  facet normal -0.973778 0.227502 0
    outer loop
      vertex 14.1733 -5.58234 0
      vertex 14.2068 -5.43895 2
      vertex 14.2068 -5.43895 0
    endloop
  endfacet
  facet normal -0.973778 0.227502 0
    outer loop
      vertex 14.2068 -5.43895 2
      vertex 14.1733 -5.58234 0
      vertex 14.1733 -5.58234 2
    endloop
  endfacet
  facet normal -0.911028 0.412344 0
    outer loop
      vertex 14.018 -5.99515 0
      vertex 14.0787 -5.86104 2
      vertex 14.0787 -5.86104 0
    endloop
  endfacet
  facet normal -0.911028 0.412344 0
    outer loop
      vertex 14.0787 -5.86104 2
      vertex 14.018 -5.99515 0
      vertex 14.018 -5.99515 2
    endloop
  endfacet
  facet normal -0.730024 0.683421 0
    outer loop
      vertex 13.591 -6.59099 0
      vertex 13.6916 -6.48353 2
      vertex 13.6916 -6.48353 0
    endloop
  endfacet
  facet normal -0.730024 0.683421 0
    outer loop
      vertex 13.6916 -6.48353 2
      vertex 13.591 -6.59099 0
      vertex 13.591 -6.59099 2
    endloop
  endfacet
  facet normal -0.634421 0.772988 0
    outer loop
      vertex 13.4835 -6.69164 0
      vertex 13.3697 -6.78504 2
      vertex 13.4835 -6.69164 2
    endloop
  endfacet
  facet normal -0.634421 0.772988 0
    outer loop
      vertex 13.3697 -6.78504 2
      vertex 13.4835 -6.69164 0
      vertex 13.3697 -6.78504 0
    endloop
  endfacet
  facet normal -0.683467 0.729982 0
    outer loop
      vertex 13.591 -6.59099 0
      vertex 13.4835 -6.69164 2
      vertex 13.591 -6.59099 2
    endloop
  endfacet
  facet normal -0.683467 0.729982 0
    outer loop
      vertex 13.4835 -6.69164 2
      vertex 13.591 -6.59099 0
      vertex 13.4835 -6.69164 0
    endloop
  endfacet
  facet normal -0.528166 0.849141 0
    outer loop
      vertex 13.25 -6.87081 0
      vertex 13.125 -6.94856 2
      vertex 13.25 -6.87081 2
    endloop
  endfacet
  facet normal -0.528166 0.849141 0
    outer loop
      vertex 13.125 -6.94856 2
      vertex 13.25 -6.87081 0
      vertex 13.125 -6.94856 0
    endloop
  endfacet
  facet normal -0.471222 0.882014 0
    outer loop
      vertex 13.125 -6.94856 0
      vertex 12.9951 -7.01796 2
      vertex 13.125 -6.94856 2
    endloop
  endfacet
  facet normal -0.471222 0.882014 0
    outer loop
      vertex 12.9951 -7.01796 2
      vertex 13.125 -6.94856 0
      vertex 12.9951 -7.01796 0
    endloop
  endfacet
  facet normal 0.634421 0.772988 -0
    outer loop
      vertex 10.6303 -6.78504 0
      vertex 10.5165 -6.69164 2
      vertex 10.6303 -6.78504 2
    endloop
  endfacet
  facet normal 0.634421 0.772988 0
    outer loop
      vertex 10.5165 -6.69164 2
      vertex 10.6303 -6.78504 0
      vertex 10.5165 -6.69164 0
    endloop
  endfacet
  facet normal 0.412764 0.910838 -0
    outer loop
      vertex 11.139 -7.07873 0
      vertex 11.0049 -7.01796 2
      vertex 11.139 -7.07873 2
    endloop
  endfacet
  facet normal 0.412764 0.910838 0
    outer loop
      vertex 11.0049 -7.01796 2
      vertex 11.139 -7.07873 0
      vertex 11.0049 -7.01796 0
    endloop
  endfacet
  facet normal 0.528166 0.849141 -0
    outer loop
      vertex 10.875 -6.94856 0
      vertex 10.75 -6.87081 2
      vertex 10.875 -6.94856 2
    endloop
  endfacet
  facet normal 0.528166 0.849141 0
    outer loop
      vertex 10.75 -6.87081 2
      vertex 10.875 -6.94856 0
      vertex 10.75 -6.87081 0
    endloop
  endfacet
  facet normal 0.227251 0.973836 -0
    outer loop
      vertex 11.561 -7.20677 0
      vertex 11.4177 -7.17333 2
      vertex 11.561 -7.20677 2
    endloop
  endfacet
  facet normal 0.227251 0.973836 0
    outer loop
      vertex 11.4177 -7.17333 2
      vertex 11.561 -7.20677 0
      vertex 11.4177 -7.17333 0
    endloop
  endfacet
  facet normal 0.162835 0.986653 -0
    outer loop
      vertex 11.7063 -7.23075 0
      vertex 11.561 -7.20677 2
      vertex 11.7063 -7.23075 2
    endloop
  endfacet
  facet normal 0.162835 0.986653 0
    outer loop
      vertex 11.561 -7.20677 2
      vertex 11.7063 -7.23075 0
      vertex 11.561 -7.20677 0
    endloop
  endfacet
  facet normal 0.882052 0.471152 0
    outer loop
      vertex 10.0514 -6.125 2
      vertex 9.98204 -5.99515 0
      vertex 9.98204 -5.99515 2
    endloop
  endfacet
  facet normal 0.882052 0.471152 0
    outer loop
      vertex 9.98204 -5.99515 0
      vertex 10.0514 -6.125 2
      vertex 10.0514 -6.125 0
    endloop
  endfacet
  facet normal 0.849046 0.528319 0
    outer loop
      vertex 10.1292 -6.25003 2
      vertex 10.0514 -6.125 0
      vertex 10.0514 -6.125 2
    endloop
  endfacet
  facet normal 0.849046 0.528319 0
    outer loop
      vertex 10.0514 -6.125 0
      vertex 10.1292 -6.25003 2
      vertex 10.1292 -6.25003 0
    endloop
  endfacet
  facet normal 0.683467 0.729982 -0
    outer loop
      vertex 10.5165 -6.69164 0
      vertex 10.409 -6.59099 2
      vertex 10.5165 -6.69164 2
    endloop
  endfacet
  facet normal 0.683467 0.729982 0
    outer loop
      vertex 10.409 -6.59099 2
      vertex 10.5165 -6.69164 0
      vertex 10.409 -6.59099 0
    endloop
  endfacet
  facet normal 0.973868 0.227116 0
    outer loop
      vertex 9.82667 -5.58234 2
      vertex 9.79323 -5.43895 0
      vertex 9.79323 -5.43895 2
    endloop
  endfacet
  facet normal 0.973868 0.227116 0
    outer loop
      vertex 9.79323 -5.43895 0
      vertex 9.82667 -5.58234 2
      vertex 9.82667 -5.58234 0
    endloop
  endfacet
  facet normal -0.582452 0.812865 0
    outer loop
      vertex 13.3697 -6.78504 0
      vertex 13.25 -6.87081 2
      vertex 13.3697 -6.78504 2
    endloop
  endfacet
  facet normal -0.582452 0.812865 0
    outer loop
      vertex 13.25 -6.87081 2
      vertex 13.3697 -6.78504 0
      vertex 13.25 -6.87081 0
    endloop
  endfacet
  facet normal 0.471222 0.882014 -0
    outer loop
      vertex 11.0049 -7.01796 0
      vertex 10.875 -6.94856 2
      vertex 11.0049 -7.01796 2
    endloop
  endfacet
  facet normal 0.471222 0.882014 0
    outer loop
      vertex 10.875 -6.94856 2
      vertex 11.0049 -7.01796 0
      vertex 10.875 -6.94856 0
    endloop
  endfacet
  facet normal 0.582452 0.812865 -0
    outer loop
      vertex 10.75 -6.87081 0
      vertex 10.6303 -6.78504 2
      vertex 10.75 -6.87081 2
    endloop
  endfacet
  facet normal 0.582452 0.812865 0
    outer loop
      vertex 10.6303 -6.78504 2
      vertex 10.75 -6.87081 0
      vertex 10.6303 -6.78504 0
    endloop
  endfacet
  facet normal 0.032727 0.999464 -0
    outer loop
      vertex 12 -7.25 0
      vertex 11.8528 -7.24518 2
      vertex 12 -7.25 2
    endloop
  endfacet
  facet normal 0.032727 0.999464 0
    outer loop
      vertex 11.8528 -7.24518 2
      vertex 12 -7.25 0
      vertex 11.8528 -7.24518 0
    endloop
  endfacet
  facet normal 0.730024 0.683421 0
    outer loop
      vertex 10.409 -6.59099 2
      vertex 10.3084 -6.48353 0
      vertex 10.3084 -6.48353 2
    endloop
  endfacet
  facet normal 0.730024 0.683421 0
    outer loop
      vertex 10.3084 -6.48353 0
      vertex 10.409 -6.59099 2
      vertex 10.409 -6.59099 0
    endloop
  endfacet
  facet normal 0.956943 0.290275 0
    outer loop
      vertex 9.86941 -5.72324 2
      vertex 9.82667 -5.58234 0
      vertex 9.82667 -5.58234 2
    endloop
  endfacet
  facet normal 0.956943 0.290275 0
    outer loop
      vertex 9.82667 -5.58234 0
      vertex 9.86941 -5.72324 2
      vertex 9.86941 -5.72324 0
    endloop
  endfacet
  facet normal 0.290275 0.956943 -0
    outer loop
      vertex 11.4177 -7.17333 0
      vertex 11.2768 -7.13059 2
      vertex 11.4177 -7.17333 2
    endloop
  endfacet
  facet normal 0.290275 0.956943 0
    outer loop
      vertex 11.2768 -7.13059 2
      vertex 11.4177 -7.17333 0
      vertex 11.2768 -7.13059 0
    endloop
  endfacet
  facet normal -0.973746 -0.227638 0
    outer loop
      vertex 14.2068 90.639 0
      vertex 14.1733 90.7823 2
      vertex 14.1733 90.7823 0
    endloop
  endfacet
  facet normal -0.973746 -0.227638 0
    outer loop
      vertex 14.1733 90.7823 2
      vertex 14.2068 90.639 0
      vertex 14.2068 90.639 2
    endloop
  endfacet
  facet normal -0.999469 -0.0325914 0
    outer loop
      vertex 14.25 90.2 0
      vertex 14.2452 90.3472 2
      vertex 14.2452 90.3472 0
    endloop
  endfacet
  facet normal -0.999469 -0.0325914 0
    outer loop
      vertex 14.2452 90.3472 2
      vertex 14.25 90.2 0
      vertex 14.25 90.2 2
    endloop
  endfacet
  facet normal 0.0325914 -0.999469 0
    outer loop
      vertex 11.8528 92.4452 0
      vertex 12 92.45 2
      vertex 11.8528 92.4452 2
    endloop
  endfacet
  facet normal 0.0325914 -0.999469 0
    outer loop
      vertex 12 92.45 2
      vertex 11.8528 92.4452 0
      vertex 12 92.45 0
    endloop
  endfacet
  facet normal -0.683286 -0.730151 0
    outer loop
      vertex 13.4835 91.8916 0
      vertex 13.591 91.791 2
      vertex 13.4835 91.8916 2
    endloop
  endfacet
  facet normal -0.683286 -0.730151 -0
    outer loop
      vertex 13.591 91.791 2
      vertex 13.4835 91.8916 0
      vertex 13.591 91.791 0
    endloop
  endfacet
  facet normal 0.730151 -0.683286 0
    outer loop
      vertex 10.3084 91.6835 2
      vertex 10.409 91.791 0
      vertex 10.409 91.791 2
    endloop
  endfacet
  facet normal 0.730151 -0.683286 0
    outer loop
      vertex 10.409 91.791 0
      vertex 10.3084 91.6835 2
      vertex 10.3084 91.6835 0
    endloop
  endfacet
  facet normal 0.412369 -0.911017 0
    outer loop
      vertex 11.0049 92.218 0
      vertex 11.139 92.2787 2
      vertex 11.0049 92.218 2
    endloop
  endfacet
  facet normal 0.412369 -0.911017 0
    outer loop
      vertex 11.139 92.2787 2
      vertex 11.0049 92.218 0
      vertex 11.139 92.2787 0
    endloop
  endfacet
  facet normal 0.683286 0.730151 -0
    outer loop
      vertex 10.5165 88.5084 0
      vertex 10.409 88.609 2
      vertex 10.5165 88.5084 2
    endloop
  endfacet
  facet normal 0.683286 0.730151 0
    outer loop
      vertex 10.409 88.609 2
      vertex 10.5165 88.5084 0
      vertex 10.409 88.609 0
    endloop
  endfacet
  facet normal -0.957019 -0.290026 0
    outer loop
      vertex 14.1733 90.7823 0
      vertex 14.1306 90.9232 2
      vertex 14.1306 90.9232 0
    endloop
  endfacet
  facet normal -0.957019 -0.290026 0
    outer loop
      vertex 14.1306 90.9232 2
      vertex 14.1733 90.7823 0
      vertex 14.1733 90.7823 2
    endloop
  endfacet
  facet normal -0.352463 -0.935826 0
    outer loop
      vertex 12.7232 92.3306 0
      vertex 12.861 92.2787 2
      vertex 12.7232 92.3306 2
    endloop
  endfacet
  facet normal -0.352463 -0.935826 -0
    outer loop
      vertex 12.861 92.2787 2
      vertex 12.7232 92.3306 0
      vertex 12.861 92.2787 0
    endloop
  endfacet
  facet normal 0.881976 -0.471293 0
    outer loop
      vertex 9.98204 91.1952 2
      vertex 10.0514 91.325 0
      vertex 10.0514 91.325 2
    endloop
  endfacet
  facet normal 0.881976 -0.471293 0
    outer loop
      vertex 10.0514 91.325 0
      vertex 9.98204 91.1952 2
      vertex 9.98204 91.1952 0
    endloop
  endfacet
  facet normal 0.812769 -0.582586 0
    outer loop
      vertex 10.1292 91.45 2
      vertex 10.215 91.5697 0
      vertex 10.215 91.5697 2
    endloop
  endfacet
  facet normal 0.812769 -0.582586 0
    outer loop
      vertex 10.215 91.5697 0
      vertex 10.1292 91.45 2
      vertex 10.1292 91.45 0
    endloop
  endfacet
  facet normal 0.999464 0.032727 0
    outer loop
      vertex 9.75482 90.0528 2
      vertex 9.75 90.2 0
      vertex 9.75 90.2 2
    endloop
  endfacet
  facet normal 0.999464 0.032727 0
    outer loop
      vertex 9.75 90.2 0
      vertex 9.75482 90.0528 2
      vertex 9.75482 90.0528 0
    endloop
  endfacet
  facet normal -0.881863 0.471505 0
    outer loop
      vertex 13.9486 89.075 0
      vertex 14.018 89.2048 2
      vertex 14.018 89.2048 0
    endloop
  endfacet
  facet normal -0.881863 0.471505 0
    outer loop
      vertex 14.018 89.2048 2
      vertex 13.9486 89.075 0
      vertex 13.9486 89.075 2
    endloop
  endfacet
  facet normal -0.290026 0.957019 0
    outer loop
      vertex 12.7232 88.0694 0
      vertex 12.5823 88.0267 2
      vertex 12.7232 88.0694 2
    endloop
  endfacet
  facet normal -0.290026 0.957019 0
    outer loop
      vertex 12.5823 88.0267 2
      vertex 12.7232 88.0694 0
      vertex 12.5823 88.0267 0
    endloop
  endfacet
  facet normal -0.730151 0.683286 0
    outer loop
      vertex 13.591 88.609 0
      vertex 13.6916 88.7165 2
      vertex 13.6916 88.7165 0
    endloop
  endfacet
  facet normal -0.730151 0.683286 0
    outer loop
      vertex 13.6916 88.7165 2
      vertex 13.591 88.609 0
      vertex 13.591 88.609 2
    endloop
  endfacet
  facet normal -0.812769 0.582586 0
    outer loop
      vertex 13.785 88.8303 0
      vertex 13.8708 88.95 2
      vertex 13.8708 88.95 0
    endloop
  endfacet
  facet normal -0.812769 0.582586 0
    outer loop
      vertex 13.8708 88.95 2
      vertex 13.785 88.8303 0
      vertex 13.785 88.8303 2
    endloop
  endfacet
  facet normal -0.999469 0.0325914 0
    outer loop
      vertex 14.2452 90.0528 0
      vertex 14.25 90.2 2
      vertex 14.25 90.2 0
    endloop
  endfacet
  facet normal -0.999469 0.0325914 0
    outer loop
      vertex 14.25 90.2 2
      vertex 14.2452 90.0528 0
      vertex 14.2452 90.0528 2
    endloop
  endfacet
  facet normal 0.290026 0.957019 -0
    outer loop
      vertex 11.4177 88.0267 0
      vertex 11.2768 88.0694 2
      vertex 11.4177 88.0267 2
    endloop
  endfacet
  facet normal 0.290026 0.957019 0
    outer loop
      vertex 11.2768 88.0694 2
      vertex 11.4177 88.0267 0
      vertex 11.2768 88.0694 0
    endloop
  endfacet
  facet normal 0.956943 0.290275 0
    outer loop
      vertex 9.86941 89.4768 2
      vertex 9.82667 89.6177 0
      vertex 9.82667 89.6177 2
    endloop
  endfacet
  facet normal 0.956943 0.290275 0
    outer loop
      vertex 9.82667 89.6177 0
      vertex 9.86941 89.4768 2
      vertex 9.86941 89.4768 0
    endloop
  endfacet
  facet normal -0.986631 -0.162967 0
    outer loop
      vertex 14.2308 90.4937 0
      vertex 14.2068 90.639 2
      vertex 14.2068 90.639 0
    endloop
  endfacet
  facet normal -0.986631 -0.162967 0
    outer loop
      vertex 14.2068 90.639 2
      vertex 14.2308 90.4937 0
      vertex 14.2308 90.4937 2
    endloop
  endfacet
  facet normal -0.881863 -0.471505 0
    outer loop
      vertex 14.018 91.1952 0
      vertex 13.9486 91.325 2
      vertex 13.9486 91.325 0
    endloop
  endfacet
  facet normal -0.881863 -0.471505 0
    outer loop
      vertex 13.9486 91.325 2
      vertex 14.018 91.1952 0
      vertex 14.018 91.1952 2
    endloop
  endfacet
  facet normal -0.848989 -0.528411 0
    outer loop
      vertex 13.9486 91.325 0
      vertex 13.8708 91.45 2
      vertex 13.8708 91.45 0
    endloop
  endfacet
  facet normal -0.848989 -0.528411 0
    outer loop
      vertex 13.8708 91.45 2
      vertex 13.9486 91.325 0
      vertex 13.9486 91.325 2
    endloop
  endfacet
  facet normal -0.290026 -0.957019 0
    outer loop
      vertex 12.5823 92.3733 0
      vertex 12.7232 92.3306 2
      vertex 12.5823 92.3733 2
    endloop
  endfacet
  facet normal -0.290026 -0.957019 -0
    outer loop
      vertex 12.7232 92.3306 2
      vertex 12.5823 92.3733 0
      vertex 12.7232 92.3306 0
    endloop
  endfacet
  facet normal -0.227638 -0.973746 0
    outer loop
      vertex 12.439 92.4068 0
      vertex 12.5823 92.3733 2
      vertex 12.439 92.4068 2
    endloop
  endfacet
  facet normal -0.227638 -0.973746 -0
    outer loop
      vertex 12.5823 92.3733 2
      vertex 12.439 92.4068 0
      vertex 12.5823 92.3733 0
    endloop
  endfacet
  facet normal -0.634421 -0.772988 0
    outer loop
      vertex 13.3697 91.985 0
      vertex 13.4835 91.8916 2
      vertex 13.3697 91.985 2
    endloop
  endfacet
  facet normal -0.634421 -0.772988 -0
    outer loop
      vertex 13.4835 91.8916 2
      vertex 13.3697 91.985 0
      vertex 13.4835 91.8916 0
    endloop
  endfacet
  facet normal -0.582586 -0.812769 0
    outer loop
      vertex 13.25 92.0708 0
      vertex 13.3697 91.985 2
      vertex 13.25 92.0708 2
    endloop
  endfacet
  facet normal -0.582586 -0.812769 -0
    outer loop
      vertex 13.3697 91.985 2
      vertex 13.25 92.0708 0
      vertex 13.3697 91.985 0
    endloop
  endfacet
  facet normal 0.973836 -0.227251 0
    outer loop
      vertex 9.79323 90.639 2
      vertex 9.82667 90.7823 0
      vertex 9.82667 90.7823 2
    endloop
  endfacet
  facet normal 0.973836 -0.227251 0
    outer loop
      vertex 9.82667 90.7823 0
      vertex 9.79323 90.639 2
      vertex 9.79323 90.639 0
    endloop
  endfacet
  facet normal 0.772988 -0.634421 0
    outer loop
      vertex 10.215 91.5697 2
      vertex 10.3084 91.6835 0
      vertex 10.3084 91.6835 2
    endloop
  endfacet
  facet normal 0.772988 -0.634421 0
    outer loop
      vertex 10.3084 91.6835 0
      vertex 10.215 91.5697 2
      vertex 10.215 91.5697 0
    endloop
  endfacet
  facet normal 0.986653 -0.162835 0
    outer loop
      vertex 9.76925 90.4937 2
      vertex 9.79323 90.639 0
      vertex 9.79323 90.639 2
    endloop
  endfacet
  facet normal 0.986653 -0.162835 0
    outer loop
      vertex 9.79323 90.639 0
      vertex 9.76925 90.4937 2
      vertex 9.76925 90.4937 0
    endloop
  endfacet
  facet normal 0.995184 -0.0980239 0
    outer loop
      vertex 9.75482 90.3472 2
      vertex 9.76925 90.4937 0
      vertex 9.76925 90.4937 2
    endloop
  endfacet
  facet normal 0.995184 -0.0980239 0
    outer loop
      vertex 9.76925 90.4937 0
      vertex 9.75482 90.3472 2
      vertex 9.75482 90.3472 0
    endloop
  endfacet
  facet normal 0.528411 -0.848989 0
    outer loop
      vertex 10.75 92.0708 0
      vertex 10.875 92.1486 2
      vertex 10.75 92.0708 2
    endloop
  endfacet
  facet normal 0.528411 -0.848989 0
    outer loop
      vertex 10.875 92.1486 2
      vertex 10.75 92.0708 0
      vertex 10.875 92.1486 0
    endloop
  endfacet
  facet normal 0.582586 -0.812769 0
    outer loop
      vertex 10.6303 91.985 0
      vertex 10.75 92.0708 2
      vertex 10.6303 91.985 2
    endloop
  endfacet
  facet normal 0.582586 -0.812769 0
    outer loop
      vertex 10.75 92.0708 2
      vertex 10.6303 91.985 0
      vertex 10.75 92.0708 0
    endloop
  endfacet
  facet normal 0.0984948 -0.995138 0
    outer loop
      vertex 11.7063 92.4307 0
      vertex 11.8528 92.4452 2
      vertex 11.7063 92.4307 2
    endloop
  endfacet
  facet normal 0.0984948 -0.995138 0
    outer loop
      vertex 11.8528 92.4452 2
      vertex 11.7063 92.4307 0
      vertex 11.8528 92.4452 0
    endloop
  endfacet
  facet normal 0.162306 -0.98674 0
    outer loop
      vertex 11.561 92.4068 0
      vertex 11.7063 92.4307 2
      vertex 11.561 92.4068 2
    endloop
  endfacet
  facet normal 0.162306 -0.98674 0
    outer loop
      vertex 11.7063 92.4307 2
      vertex 11.561 92.4068 0
      vertex 11.7063 92.4307 0
    endloop
  endfacet
  facet normal -0.227638 0.973746 0
    outer loop
      vertex 12.5823 88.0267 0
      vertex 12.439 87.9932 2
      vertex 12.5823 88.0267 2
    endloop
  endfacet
  facet normal -0.227638 0.973746 0
    outer loop
      vertex 12.439 87.9932 2
      vertex 12.5823 88.0267 0
      vertex 12.439 87.9932 0
    endloop
  endfacet
  facet normal -0.471222 0.882014 0
    outer loop
      vertex 13.125 88.2514 0
      vertex 12.9951 88.182 2
      vertex 13.125 88.2514 2
    endloop
  endfacet
  facet normal -0.471222 0.882014 0
    outer loop
      vertex 12.9951 88.182 2
      vertex 13.125 88.2514 0
      vertex 12.9951 88.182 0
    endloop
  endfacet
  facet normal -0.528411 0.848989 0
    outer loop
      vertex 13.25 88.3292 0
      vertex 13.125 88.2514 2
      vertex 13.25 88.3292 2
    endloop
  endfacet
  facet normal -0.528411 0.848989 0
    outer loop
      vertex 13.125 88.2514 2
      vertex 13.25 88.3292 0
      vertex 13.125 88.2514 0
    endloop
  endfacet
  facet normal -0.772988 0.634421 0
    outer loop
      vertex 13.6916 88.7165 0
      vertex 13.785 88.8303 2
      vertex 13.785 88.8303 0
    endloop
  endfacet
  facet normal -0.772988 0.634421 0
    outer loop
      vertex 13.785 88.8303 2
      vertex 13.6916 88.7165 0
      vertex 13.6916 88.7165 2
    endloop
  endfacet
  facet normal 0.0978221 0.995204 -0
    outer loop
      vertex 11.8528 87.9548 0
      vertex 11.7063 87.9692 2
      vertex 11.8528 87.9548 2
    endloop
  endfacet
  facet normal 0.0978221 0.995204 0
    outer loop
      vertex 11.7063 87.9692 2
      vertex 11.8528 87.9548 0
      vertex 11.7063 87.9692 0
    endloop
  endfacet
  facet normal 0.634421 0.772988 -0
    outer loop
      vertex 10.6303 88.415 0
      vertex 10.5165 88.5084 2
      vertex 10.6303 88.415 2
    endloop
  endfacet
  facet normal 0.634421 0.772988 0
    outer loop
      vertex 10.5165 88.5084 2
      vertex 10.6303 88.415 0
      vertex 10.5165 88.5084 0
    endloop
  endfacet
  facet normal -0.0325914 0.999469 0
    outer loop
      vertex 12.1472 87.9548 0
      vertex 12 87.95 2
      vertex 12.1472 87.9548 2
    endloop
  endfacet
  facet normal -0.0325914 0.999469 0
    outer loop
      vertex 12 87.95 2
      vertex 12.1472 87.9548 0
      vertex 12 87.95 0
    endloop
  endfacet
  facet normal 0.582586 0.812769 -0
    outer loop
      vertex 10.75 88.3292 0
      vertex 10.6303 88.415 2
      vertex 10.75 88.3292 2
    endloop
  endfacet
  facet normal 0.582586 0.812769 0
    outer loop
      vertex 10.6303 88.415 2
      vertex 10.75 88.3292 0
      vertex 10.6303 88.415 0
    endloop
  endfacet
  facet normal 0.881976 0.471293 0
    outer loop
      vertex 10.0514 89.075 2
      vertex 9.98204 89.2048 0
      vertex 9.98204 89.2048 2
    endloop
  endfacet
  facet normal 0.881976 0.471293 0
    outer loop
      vertex 9.98204 89.2048 0
      vertex 10.0514 89.075 2
      vertex 10.0514 89.075 0
    endloop
  endfacet
  facet normal 0.986653 0.162835 0
    outer loop
      vertex 9.79323 89.761 2
      vertex 9.76925 89.9063 0
      vertex 9.76925 89.9063 2
    endloop
  endfacet
  facet normal 0.986653 0.162835 0
    outer loop
      vertex 9.76925 89.9063 0
      vertex 9.79323 89.761 2
      vertex 9.79323 89.761 0
    endloop
  endfacet
  facet normal -0.911132 -0.412114 0
    outer loop
      vertex 14.0787 91.061 0
      vertex 14.018 91.1952 2
      vertex 14.018 91.1952 0
    endloop
  endfacet
  facet normal -0.911132 -0.412114 0
    outer loop
      vertex 14.018 91.1952 2
      vertex 14.0787 91.061 0
      vertex 14.0787 91.061 2
    endloop
  endfacet
  facet normal -0.772988 -0.634421 0
    outer loop
      vertex 13.785 91.5697 0
      vertex 13.6916 91.6835 2
      vertex 13.6916 91.6835 0
    endloop
  endfacet
  facet normal -0.772988 -0.634421 0
    outer loop
      vertex 13.6916 91.6835 2
      vertex 13.785 91.5697 0
      vertex 13.785 91.5697 2
    endloop
  endfacet
  facet normal -0.730151 -0.683286 0
    outer loop
      vertex 13.6916 91.6835 0
      vertex 13.591 91.791 2
      vertex 13.591 91.791 0
    endloop
  endfacet
  facet normal -0.730151 -0.683286 0
    outer loop
      vertex 13.591 91.791 2
      vertex 13.6916 91.6835 0
      vertex 13.6916 91.6835 2
    endloop
  endfacet
  facet normal -0.812769 -0.582586 0
    outer loop
      vertex 13.8708 91.45 0
      vertex 13.785 91.5697 2
      vertex 13.785 91.5697 0
    endloop
  endfacet
  facet normal -0.812769 -0.582586 0
    outer loop
      vertex 13.785 91.5697 2
      vertex 13.8708 91.45 0
      vertex 13.8708 91.45 2
    endloop
  endfacet
  facet normal -0.0984948 -0.995138 0
    outer loop
      vertex 12.1472 92.4452 0
      vertex 12.2937 92.4307 2
      vertex 12.1472 92.4452 2
    endloop
  endfacet
  facet normal -0.0984948 -0.995138 -0
    outer loop
      vertex 12.2937 92.4307 2
      vertex 12.1472 92.4452 0
      vertex 12.2937 92.4307 0
    endloop
  endfacet
  facet normal -0.162306 -0.98674 0
    outer loop
      vertex 12.2937 92.4307 0
      vertex 12.439 92.4068 2
      vertex 12.2937 92.4307 2
    endloop
  endfacet
  facet normal -0.162306 -0.98674 -0
    outer loop
      vertex 12.439 92.4068 2
      vertex 12.2937 92.4307 0
      vertex 12.439 92.4068 0
    endloop
  endfacet
  facet normal -0.0325914 -0.999469 0
    outer loop
      vertex 12 92.45 0
      vertex 12.1472 92.4452 2
      vertex 12 92.45 2
    endloop
  endfacet
  facet normal -0.0325914 -0.999469 -0
    outer loop
      vertex 12.1472 92.4452 2
      vertex 12 92.45 0
      vertex 12.1472 92.4452 0
    endloop
  endfacet
  facet normal -0.471222 -0.882014 0
    outer loop
      vertex 12.9951 92.218 0
      vertex 13.125 92.1486 2
      vertex 12.9951 92.218 2
    endloop
  endfacet
  facet normal -0.471222 -0.882014 -0
    outer loop
      vertex 13.125 92.1486 2
      vertex 12.9951 92.218 0
      vertex 13.125 92.1486 0
    endloop
  endfacet
  facet normal -0.412369 -0.911017 0
    outer loop
      vertex 12.861 92.2787 0
      vertex 12.9951 92.218 2
      vertex 12.861 92.2787 2
    endloop
  endfacet
  facet normal -0.412369 -0.911017 -0
    outer loop
      vertex 12.9951 92.218 2
      vertex 12.861 92.2787 0
      vertex 12.9951 92.218 0
    endloop
  endfacet
  facet normal -0.528411 -0.848989 0
    outer loop
      vertex 13.125 92.1486 0
      vertex 13.25 92.0708 2
      vertex 13.125 92.1486 2
    endloop
  endfacet
  facet normal -0.528411 -0.848989 -0
    outer loop
      vertex 13.25 92.0708 2
      vertex 13.125 92.1486 0
      vertex 13.25 92.0708 0
    endloop
  endfacet
  facet normal 0.935915 -0.352225 0
    outer loop
      vertex 9.86941 90.9232 2
      vertex 9.92127 91.061 0
      vertex 9.92127 91.061 2
    endloop
  endfacet
  facet normal 0.935915 -0.352225 0
    outer loop
      vertex 9.92127 91.061 0
      vertex 9.86941 90.9232 2
      vertex 9.86941 90.9232 0
    endloop
  endfacet
  facet normal 0.634421 -0.772988 0
    outer loop
      vertex 10.5165 91.8916 0
      vertex 10.6303 91.985 2
      vertex 10.5165 91.8916 2
    endloop
  endfacet
  facet normal 0.634421 -0.772988 0
    outer loop
      vertex 10.6303 91.985 2
      vertex 10.5165 91.8916 0
      vertex 10.6303 91.985 0
    endloop
  endfacet
  facet normal 0.683286 -0.730151 0
    outer loop
      vertex 10.409 91.791 0
      vertex 10.5165 91.8916 2
      vertex 10.409 91.791 2
    endloop
  endfacet
  facet normal 0.683286 -0.730151 0
    outer loop
      vertex 10.5165 91.8916 2
      vertex 10.409 91.791 0
      vertex 10.5165 91.8916 0
    endloop
  endfacet
  facet normal 0.290026 -0.957019 0
    outer loop
      vertex 11.2768 92.3306 0
      vertex 11.4177 92.3733 2
      vertex 11.2768 92.3306 2
    endloop
  endfacet
  facet normal 0.290026 -0.957019 0
    outer loop
      vertex 11.4177 92.3733 2
      vertex 11.2768 92.3306 0
      vertex 11.4177 92.3733 0
    endloop
  endfacet
  facet normal 0.352463 -0.935826 0
    outer loop
      vertex 11.139 92.2787 0
      vertex 11.2768 92.3306 2
      vertex 11.139 92.2787 2
    endloop
  endfacet
  facet normal 0.352463 -0.935826 0
    outer loop
      vertex 11.2768 92.3306 2
      vertex 11.139 92.2787 0
      vertex 11.2768 92.3306 0
    endloop
  endfacet
  facet normal 0.227638 -0.973746 0
    outer loop
      vertex 11.4177 92.3733 0
      vertex 11.561 92.4068 2
      vertex 11.4177 92.3733 2
    endloop
  endfacet
  facet normal 0.227638 -0.973746 0
    outer loop
      vertex 11.561 92.4068 2
      vertex 11.4177 92.3733 0
      vertex 11.561 92.4068 0
    endloop
  endfacet
  facet normal -0.957019 0.290026 0
    outer loop
      vertex 14.1306 89.4768 0
      vertex 14.1733 89.6177 2
      vertex 14.1733 89.6177 0
    endloop
  endfacet
  facet normal -0.957019 0.290026 0
    outer loop
      vertex 14.1733 89.6177 2
      vertex 14.1306 89.4768 0
      vertex 14.1306 89.4768 2
    endloop
  endfacet
  facet normal -0.0978221 0.995204 0
    outer loop
      vertex 12.2937 87.9692 0
      vertex 12.1472 87.9548 2
      vertex 12.2937 87.9692 2
    endloop
  endfacet
  facet normal -0.0978221 0.995204 0
    outer loop
      vertex 12.1472 87.9548 2
      vertex 12.2937 87.9692 0
      vertex 12.1472 87.9548 0
    endloop
  endfacet
  facet normal -0.162967 0.986631 0
    outer loop
      vertex 12.439 87.9932 0
      vertex 12.2937 87.9692 2
      vertex 12.439 87.9932 2
    endloop
  endfacet
  facet normal -0.162967 0.986631 0
    outer loop
      vertex 12.2937 87.9692 2
      vertex 12.439 87.9932 0
      vertex 12.2937 87.9692 0
    endloop
  endfacet
  facet normal -0.412369 0.911017 0
    outer loop
      vertex 12.9951 88.182 0
      vertex 12.861 88.1213 2
      vertex 12.9951 88.182 2
    endloop
  endfacet
  facet normal -0.412369 0.911017 0
    outer loop
      vertex 12.861 88.1213 2
      vertex 12.9951 88.182 0
      vertex 12.861 88.1213 0
    endloop
  endfacet
  facet normal -0.352463 0.935826 0
    outer loop
      vertex 12.861 88.1213 0
      vertex 12.7232 88.0694 2
      vertex 12.861 88.1213 2
    endloop
  endfacet
  facet normal -0.352463 0.935826 0
    outer loop
      vertex 12.7232 88.0694 2
      vertex 12.861 88.1213 0
      vertex 12.7232 88.0694 0
    endloop
  endfacet
  facet normal -0.634421 0.772988 0
    outer loop
      vertex 13.4835 88.5084 0
      vertex 13.3697 88.415 2
      vertex 13.4835 88.5084 2
    endloop
  endfacet
  facet normal -0.634421 0.772988 0
    outer loop
      vertex 13.3697 88.415 2
      vertex 13.4835 88.5084 0
      vertex 13.3697 88.415 0
    endloop
  endfacet
  facet normal -0.683286 0.730151 0
    outer loop
      vertex 13.591 88.609 0
      vertex 13.4835 88.5084 2
      vertex 13.591 88.609 2
    endloop
  endfacet
  facet normal -0.683286 0.730151 0
    outer loop
      vertex 13.4835 88.5084 2
      vertex 13.591 88.609 0
      vertex 13.4835 88.5084 0
    endloop
  endfacet
  facet normal -0.935826 0.352463 0
    outer loop
      vertex 14.0787 89.339 0
      vertex 14.1306 89.4768 2
      vertex 14.1306 89.4768 0
    endloop
  endfacet
  facet normal -0.935826 0.352463 0
    outer loop
      vertex 14.1306 89.4768 2
      vertex 14.0787 89.339 0
      vertex 14.0787 89.339 2
    endloop
  endfacet
  facet normal -0.911132 0.412114 0
    outer loop
      vertex 14.018 89.2048 0
      vertex 14.0787 89.339 2
      vertex 14.0787 89.339 0
    endloop
  endfacet
  facet normal -0.911132 0.412114 0
    outer loop
      vertex 14.0787 89.339 2
      vertex 14.018 89.2048 0
      vertex 14.018 89.2048 2
    endloop
  endfacet
  facet normal -0.986631 0.162967 0
    outer loop
      vertex 14.2068 89.761 0
      vertex 14.2308 89.9063 2
      vertex 14.2308 89.9063 0
    endloop
  endfacet
  facet normal -0.986631 0.162967 0
    outer loop
      vertex 14.2308 89.9063 2
      vertex 14.2068 89.761 0
      vertex 14.2068 89.761 2
    endloop
  endfacet
  facet normal 0.162967 0.986631 -0
    outer loop
      vertex 11.7063 87.9692 0
      vertex 11.561 87.9932 2
      vertex 11.7063 87.9692 2
    endloop
  endfacet
  facet normal 0.162967 0.986631 0
    outer loop
      vertex 11.561 87.9932 2
      vertex 11.7063 87.9692 0
      vertex 11.561 87.9932 0
    endloop
  endfacet
  facet normal 0.227638 0.973746 -0
    outer loop
      vertex 11.561 87.9932 0
      vertex 11.4177 88.0267 2
      vertex 11.561 87.9932 2
    endloop
  endfacet
  facet normal 0.227638 0.973746 0
    outer loop
      vertex 11.4177 88.0267 2
      vertex 11.561 87.9932 0
      vertex 11.4177 88.0267 0
    endloop
  endfacet
  facet normal 0.0325914 0.999469 -0
    outer loop
      vertex 12 87.95 0
      vertex 11.8528 87.9548 2
      vertex 12 87.95 2
    endloop
  endfacet
  facet normal 0.0325914 0.999469 0
    outer loop
      vertex 11.8528 87.9548 2
      vertex 12 87.95 0
      vertex 11.8528 87.9548 0
    endloop
  endfacet
  facet normal 0.352463 0.935826 -0
    outer loop
      vertex 11.2768 88.0694 0
      vertex 11.139 88.1213 2
      vertex 11.2768 88.0694 2
    endloop
  endfacet
  facet normal 0.352463 0.935826 0
    outer loop
      vertex 11.139 88.1213 2
      vertex 11.2768 88.0694 0
      vertex 11.139 88.1213 0
    endloop
  endfacet
  facet normal 0.471222 0.882014 -0
    outer loop
      vertex 11.0049 88.182 0
      vertex 10.875 88.2514 2
      vertex 11.0049 88.182 2
    endloop
  endfacet
  facet normal 0.471222 0.882014 0
    outer loop
      vertex 10.875 88.2514 2
      vertex 11.0049 88.182 0
      vertex 10.875 88.2514 0
    endloop
  endfacet
  facet normal 0.412369 0.911017 -0
    outer loop
      vertex 11.139 88.1213 0
      vertex 11.0049 88.182 2
      vertex 11.139 88.1213 2
    endloop
  endfacet
  facet normal 0.412369 0.911017 0
    outer loop
      vertex 11.0049 88.182 2
      vertex 11.139 88.1213 0
      vertex 11.0049 88.182 0
    endloop
  endfacet
  facet normal 0.772988 0.634421 0
    outer loop
      vertex 10.3084 88.7165 2
      vertex 10.215 88.8303 0
      vertex 10.215 88.8303 2
    endloop
  endfacet
  facet normal 0.772988 0.634421 0
    outer loop
      vertex 10.215 88.8303 0
      vertex 10.3084 88.7165 2
      vertex 10.3084 88.7165 0
    endloop
  endfacet
  facet normal 0.848989 0.528411 0
    outer loop
      vertex 10.1292 88.95 2
      vertex 10.0514 89.075 0
      vertex 10.0514 89.075 2
    endloop
  endfacet
  facet normal 0.848989 0.528411 0
    outer loop
      vertex 10.0514 89.075 0
      vertex 10.1292 88.95 2
      vertex 10.1292 88.95 0
    endloop
  endfacet
  facet normal 0.812769 0.582586 0
    outer loop
      vertex 10.215 88.8303 2
      vertex 10.1292 88.95 0
      vertex 10.1292 88.95 2
    endloop
  endfacet
  facet normal 0.812769 0.582586 0
    outer loop
      vertex 10.1292 88.95 0
      vertex 10.215 88.8303 2
      vertex 10.215 88.8303 0
    endloop
  endfacet
  facet normal 0.973836 0.227251 0
    outer loop
      vertex 9.82667 89.6177 2
      vertex 9.79323 89.761 0
      vertex 9.79323 89.761 2
    endloop
  endfacet
  facet normal 0.973836 0.227251 0
    outer loop
      vertex 9.79323 89.761 0
      vertex 9.82667 89.6177 2
      vertex 9.82667 89.6177 0
    endloop
  endfacet
  facet normal 0.995184 0.0980239 0
    outer loop
      vertex 9.76925 89.9063 2
      vertex 9.75482 90.0528 0
      vertex 9.75482 90.0528 2
    endloop
  endfacet
  facet normal 0.995184 0.0980239 0
    outer loop
      vertex 9.75482 90.0528 0
      vertex 9.76925 89.9063 2
      vertex 9.76925 89.9063 0
    endloop
  endfacet
  facet normal 0.910954 0.412509 0
    outer loop
      vertex 9.98204 89.2048 2
      vertex 9.92127 89.339 0
      vertex 9.92127 89.339 2
    endloop
  endfacet
  facet normal 0.910954 0.412509 0
    outer loop
      vertex 9.92127 89.339 0
      vertex 9.98204 89.2048 2
      vertex 9.98204 89.2048 0
    endloop
  endfacet
  facet normal -0.995204 -0.0978221 0
    outer loop
      vertex 14.2452 90.3472 0
      vertex 14.2308 90.4937 2
      vertex 14.2308 90.4937 0
    endloop
  endfacet
  facet normal -0.995204 -0.0978221 0
    outer loop
      vertex 14.2308 90.4937 2
      vertex 14.2452 90.3472 0
      vertex 14.2452 90.3472 2
    endloop
  endfacet
  facet normal -0.935826 -0.352463 0
    outer loop
      vertex 14.1306 90.9232 0
      vertex 14.0787 91.061 2
      vertex 14.0787 91.061 0
    endloop
  endfacet
  facet normal -0.935826 -0.352463 0
    outer loop
      vertex 14.0787 91.061 2
      vertex 14.1306 90.9232 0
      vertex 14.1306 90.9232 2
    endloop
  endfacet
  facet normal 0.848989 -0.528411 0
    outer loop
      vertex 10.0514 91.325 2
      vertex 10.1292 91.45 0
      vertex 10.1292 91.45 2
    endloop
  endfacet
  facet normal 0.848989 -0.528411 0
    outer loop
      vertex 10.1292 91.45 0
      vertex 10.0514 91.325 2
      vertex 10.0514 91.325 0
    endloop
  endfacet
  facet normal 0.910954 -0.412509 0
    outer loop
      vertex 9.92127 91.061 2
      vertex 9.98204 91.1952 0
      vertex 9.98204 91.1952 2
    endloop
  endfacet
  facet normal 0.910954 -0.412509 0
    outer loop
      vertex 9.98204 91.1952 0
      vertex 9.92127 91.061 2
      vertex 9.92127 91.061 0
    endloop
  endfacet
  facet normal 0.999464 -0.032727 0
    outer loop
      vertex 9.75 90.2 2
      vertex 9.75482 90.3472 0
      vertex 9.75482 90.3472 2
    endloop
  endfacet
  facet normal 0.999464 -0.032727 0
    outer loop
      vertex 9.75482 90.3472 0
      vertex 9.75 90.2 2
      vertex 9.75 90.2 0
    endloop
  endfacet
  facet normal 0.956943 -0.290275 0
    outer loop
      vertex 9.82667 90.7823 2
      vertex 9.86941 90.9232 0
      vertex 9.86941 90.9232 2
    endloop
  endfacet
  facet normal 0.956943 -0.290275 0
    outer loop
      vertex 9.86941 90.9232 0
      vertex 9.82667 90.7823 2
      vertex 9.82667 90.7823 0
    endloop
  endfacet
  facet normal 0.471222 -0.882014 0
    outer loop
      vertex 10.875 92.1486 0
      vertex 11.0049 92.218 2
      vertex 10.875 92.1486 2
    endloop
  endfacet
  facet normal 0.471222 -0.882014 0
    outer loop
      vertex 11.0049 92.218 2
      vertex 10.875 92.1486 0
      vertex 11.0049 92.218 0
    endloop
  endfacet
  facet normal -0.582586 0.812769 0
    outer loop
      vertex 13.3697 88.415 0
      vertex 13.25 88.3292 2
      vertex 13.3697 88.415 2
    endloop
  endfacet
  facet normal -0.582586 0.812769 0
    outer loop
      vertex 13.25 88.3292 2
      vertex 13.3697 88.415 0
      vertex 13.25 88.3292 0
    endloop
  endfacet
  facet normal -0.848989 0.528411 0
    outer loop
      vertex 13.8708 88.95 0
      vertex 13.9486 89.075 2
      vertex 13.9486 89.075 0
    endloop
  endfacet
  facet normal -0.848989 0.528411 0
    outer loop
      vertex 13.9486 89.075 2
      vertex 13.8708 88.95 0
      vertex 13.8708 88.95 2
    endloop
  endfacet
  facet normal -0.973746 0.227638 0
    outer loop
      vertex 14.1733 89.6177 0
      vertex 14.2068 89.761 2
      vertex 14.2068 89.761 0
    endloop
  endfacet
  facet normal -0.973746 0.227638 0
    outer loop
      vertex 14.2068 89.761 2
      vertex 14.1733 89.6177 0
      vertex 14.1733 89.6177 2
    endloop
  endfacet
  facet normal 0.528411 0.848989 -0
    outer loop
      vertex 10.875 88.2514 0
      vertex 10.75 88.3292 2
      vertex 10.875 88.2514 2
    endloop
  endfacet
  facet normal 0.528411 0.848989 0
    outer loop
      vertex 10.75 88.3292 2
      vertex 10.875 88.2514 0
      vertex 10.75 88.3292 0
    endloop
  endfacet
  facet normal 0.730151 0.683286 0
    outer loop
      vertex 10.409 88.609 2
      vertex 10.3084 88.7165 0
      vertex 10.3084 88.7165 2
    endloop
  endfacet
  facet normal 0.730151 0.683286 0
    outer loop
      vertex 10.3084 88.7165 0
      vertex 10.409 88.609 2
      vertex 10.409 88.609 0
    endloop
  endfacet
  facet normal 0.935915 0.352225 0
    outer loop
      vertex 9.92127 89.339 2
      vertex 9.86941 89.4768 0
      vertex 9.86941 89.4768 2
    endloop
  endfacet
  facet normal 0.935915 0.352225 0
    outer loop
      vertex 9.86941 89.4768 0
      vertex 9.92127 89.339 2
      vertex 9.92127 89.339 0
    endloop
  endfacet
  facet normal -0.995204 0.0978221 0
    outer loop
      vertex 14.2308 89.9063 0
      vertex 14.2452 90.0528 2
      vertex 14.2452 90.0528 0
    endloop
  endfacet
  facet normal -0.995204 0.0978221 0
    outer loop
      vertex 14.2452 90.0528 2
      vertex 14.2308 89.9063 0
      vertex 14.2308 89.9063 2
    endloop
  endfacet
  facet normal -0.881939 -0.471364 0
    outer loop
      vertex 75.218 -4.00485 0
      vertex 75.1486 -3.875 2
      vertex 75.1486 -3.875 0
    endloop
  endfacet
  facet normal -0.881939 -0.471364 0
    outer loop
      vertex 75.1486 -3.875 2
      vertex 75.218 -4.00485 0
      vertex 75.218 -4.00485 2
    endloop
  endfacet
  facet normal -0.352225 -0.935915 0
    outer loop
      vertex 73.9232 -2.86941 0
      vertex 74.061 -2.92127 2
      vertex 73.9232 -2.86941 2
    endloop
  endfacet
  facet normal -0.352225 -0.935915 -0
    outer loop
      vertex 74.061 -2.92127 2
      vertex 73.9232 -2.86941 0
      vertex 74.061 -2.92127 0
    endloop
  endfacet
  facet normal 0.412509 -0.910954 0
    outer loop
      vertex 72.2048 -2.98204 0
      vertex 72.339 -2.92127 2
      vertex 72.2048 -2.98204 2
    endloop
  endfacet
  facet normal 0.412509 -0.910954 0
    outer loop
      vertex 72.339 -2.92127 2
      vertex 72.2048 -2.98204 0
      vertex 72.339 -2.92127 0
    endloop
  endfacet
  facet normal 0.935826 -0.352463 0
    outer loop
      vertex 71.0694 -4.27676 2
      vertex 71.1213 -4.13896 0
      vertex 71.1213 -4.13896 2
    endloop
  endfacet
  facet normal 0.935826 -0.352463 0
    outer loop
      vertex 71.1213 -4.13896 0
      vertex 71.0694 -4.27676 2
      vertex 71.0694 -4.27676 0
    endloop
  endfacet
  facet normal -0.999468 0.0326002 0
    outer loop
      vertex 75.4452 -5.14716 0
      vertex 75.45 -5 2
      vertex 75.45 -5 0
    endloop
  endfacet
  facet normal -0.999468 0.0326002 0
    outer loop
      vertex 75.45 -5 2
      vertex 75.4452 -5.14716 0
      vertex 75.4452 -5.14716 2
    endloop
  endfacet
  facet normal -0.0980239 -0.995184 0
    outer loop
      vertex 73.3472 -2.75482 0
      vertex 73.4937 -2.76925 2
      vertex 73.3472 -2.75482 2
    endloop
  endfacet
  facet normal -0.0980239 -0.995184 -0
    outer loop
      vertex 73.4937 -2.76925 2
      vertex 73.3472 -2.75482 0
      vertex 73.4937 -2.76925 0
    endloop
  endfacet
  facet normal -0.528166 -0.849141 0
    outer loop
      vertex 74.325 -3.05144 0
      vertex 74.45 -3.12919 2
      vertex 74.325 -3.05144 2
    endloop
  endfacet
  facet normal -0.528166 -0.849141 -0
    outer loop
      vertex 74.45 -3.12919 2
      vertex 74.325 -3.05144 0
      vertex 74.45 -3.12919 0
    endloop
  endfacet
  facet normal 0.995205 -0.0978089 0
    outer loop
      vertex 70.9548 -4.85284 2
      vertex 70.9692 -4.70632 0
      vertex 70.9692 -4.70632 2
    endloop
  endfacet
  facet normal 0.995205 -0.0978089 0
    outer loop
      vertex 70.9692 -4.70632 0
      vertex 70.9548 -4.85284 2
      vertex 70.9548 -4.85284 0
    endloop
  endfacet
  facet normal 0.773043 -0.634354 0
    outer loop
      vertex 71.415 -3.63029 2
      vertex 71.5084 -3.51647 0
      vertex 71.5084 -3.51647 2
    endloop
  endfacet
  facet normal 0.773043 -0.634354 0
    outer loop
      vertex 71.5084 -3.51647 0
      vertex 71.415 -3.63029 2
      vertex 71.415 -3.63029 0
    endloop
  endfacet
  facet normal 0.227251 -0.973836 0
    outer loop
      vertex 72.6177 -2.82667 0
      vertex 72.761 -2.79323 2
      vertex 72.6177 -2.82667 2
    endloop
  endfacet
  facet normal 0.227251 -0.973836 0
    outer loop
      vertex 72.761 -2.79323 2
      vertex 72.6177 -2.82667 0
      vertex 72.761 -2.79323 0
    endloop
  endfacet
  facet normal 0.935826 0.352463 0
    outer loop
      vertex 71.1213 -5.86104 2
      vertex 71.0694 -5.72324 0
      vertex 71.0694 -5.72324 2
    endloop
  endfacet
  facet normal 0.935826 0.352463 0
    outer loop
      vertex 71.0694 -5.72324 0
      vertex 71.1213 -5.86104 2
      vertex 71.1213 -5.86104 0
    endloop
  endfacet
  facet normal -0.995139 -0.0984815 0
    outer loop
      vertex 75.4452 -4.85284 0
      vertex 75.4307 -4.70632 2
      vertex 75.4307 -4.70632 0
    endloop
  endfacet
  facet normal -0.995139 -0.0984815 0
    outer loop
      vertex 75.4307 -4.70632 2
      vertex 75.4452 -4.85284 0
      vertex 75.4452 -4.85284 2
    endloop
  endfacet
  facet normal -0.935826 -0.352463 0
    outer loop
      vertex 75.3306 -4.27676 0
      vertex 75.2787 -4.13896 2
      vertex 75.2787 -4.13896 0
    endloop
  endfacet
  facet normal -0.935826 -0.352463 0
    outer loop
      vertex 75.2787 -4.13896 2
      vertex 75.3306 -4.27676 0
      vertex 75.3306 -4.27676 2
    endloop
  endfacet
  facet normal -0.812723 -0.582651 0
    outer loop
      vertex 75.0708 -3.74997 0
      vertex 74.985 -3.63029 2
      vertex 74.985 -3.63029 0
    endloop
  endfacet
  facet normal -0.812723 -0.582651 0
    outer loop
      vertex 74.985 -3.63029 2
      vertex 75.0708 -3.74997 0
      vertex 75.0708 -3.74997 2
    endloop
  endfacet
  facet normal -0.683467 -0.729982 0
    outer loop
      vertex 74.6835 -3.30836 0
      vertex 74.791 -3.40901 2
      vertex 74.6835 -3.30836 2
    endloop
  endfacet
  facet normal -0.683467 -0.729982 -0
    outer loop
      vertex 74.791 -3.40901 2
      vertex 74.6835 -3.30836 0
      vertex 74.791 -3.40901 0
    endloop
  endfacet
  facet normal 0.032727 -0.999464 0
    outer loop
      vertex 73.0528 -2.75482 0
      vertex 73.2 -2.75 2
      vertex 73.0528 -2.75482 2
    endloop
  endfacet
  facet normal 0.032727 -0.999464 0
    outer loop
      vertex 73.2 -2.75 2
      vertex 73.0528 -2.75482 0
      vertex 73.2 -2.75 0
    endloop
  endfacet
  facet normal -0.162835 -0.986653 0
    outer loop
      vertex 73.4937 -2.76925 0
      vertex 73.639 -2.79323 2
      vertex 73.4937 -2.76925 2
    endloop
  endfacet
  facet normal -0.162835 -0.986653 -0
    outer loop
      vertex 73.639 -2.79323 2
      vertex 73.4937 -2.76925 0
      vertex 73.639 -2.79323 0
    endloop
  endfacet
  facet normal -0.471505 -0.881863 0
    outer loop
      vertex 74.1952 -2.98204 0
      vertex 74.325 -3.05144 2
      vertex 74.1952 -2.98204 2
    endloop
  endfacet
  facet normal -0.471505 -0.881863 -0
    outer loop
      vertex 74.325 -3.05144 2
      vertex 74.1952 -2.98204 0
      vertex 74.325 -3.05144 0
    endloop
  endfacet
  facet normal -0.634461 -0.772955 0
    outer loop
      vertex 74.5697 -3.21495 0
      vertex 74.6835 -3.30836 2
      vertex 74.5697 -3.21495 2
    endloop
  endfacet
  facet normal -0.634461 -0.772955 -0
    outer loop
      vertex 74.6835 -3.30836 2
      vertex 74.5697 -3.21495 0
      vertex 74.6835 -3.30836 0
    endloop
  endfacet
  facet normal 0.999468 0.0326002 0
    outer loop
      vertex 70.9548 -5.14716 2
      vertex 70.95 -5 0
      vertex 70.95 -5 2
    endloop
  endfacet
  facet normal 0.999468 0.0326002 0
    outer loop
      vertex 70.95 -5 0
      vertex 70.9548 -5.14716 2
      vertex 70.9548 -5.14716 0
    endloop
  endfacet
  facet normal 0.986626 -0.163 0
    outer loop
      vertex 70.9692 -4.70632 2
      vertex 70.9932 -4.56105 0
      vertex 70.9932 -4.56105 2
    endloop
  endfacet
  facet normal 0.986626 -0.163 0
    outer loop
      vertex 70.9932 -4.56105 0
      vertex 70.9692 -4.70632 2
      vertex 70.9692 -4.70632 0
    endloop
  endfacet
  facet normal 0.911028 -0.412344 0
    outer loop
      vertex 71.1213 -4.13896 2
      vertex 71.182 -4.00485 0
      vertex 71.182 -4.00485 2
    endloop
  endfacet
  facet normal 0.911028 -0.412344 0
    outer loop
      vertex 71.182 -4.00485 0
      vertex 71.1213 -4.13896 2
      vertex 71.1213 -4.13896 0
    endloop
  endfacet
  facet normal 0.849046 -0.528319 0
    outer loop
      vertex 71.2514 -3.875 2
      vertex 71.3292 -3.74997 0
      vertex 71.3292 -3.74997 2
    endloop
  endfacet
  facet normal 0.849046 -0.528319 0
    outer loop
      vertex 71.3292 -3.74997 0
      vertex 71.2514 -3.875 2
      vertex 71.2514 -3.875 0
    endloop
  endfacet
  facet normal 0.0980239 -0.995184 0
    outer loop
      vertex 72.9063 -2.76925 0
      vertex 73.0528 -2.75482 2
      vertex 72.9063 -2.76925 2
    endloop
  endfacet
  facet normal 0.0980239 -0.995184 0
    outer loop
      vertex 73.0528 -2.75482 2
      vertex 72.9063 -2.76925 0
      vertex 73.0528 -2.75482 0
    endloop
  endfacet
  facet normal 0.352225 -0.935915 0
    outer loop
      vertex 72.339 -2.92127 0
      vertex 72.4768 -2.86941 2
      vertex 72.339 -2.92127 2
    endloop
  endfacet
  facet normal 0.352225 -0.935915 0
    outer loop
      vertex 72.4768 -2.86941 2
      vertex 72.339 -2.92127 0
      vertex 72.4768 -2.86941 0
    endloop
  endfacet
  facet normal 0.582407 -0.812898 0
    outer loop
      vertex 71.8303 -3.21495 0
      vertex 71.95 -3.12919 2
      vertex 71.8303 -3.21495 2
    endloop
  endfacet
  facet normal 0.582407 -0.812898 0
    outer loop
      vertex 71.95 -3.12919 2
      vertex 71.8303 -3.21495 0
      vertex 71.95 -3.12919 0
    endloop
  endfacet
  facet normal 0.471505 -0.881863 0
    outer loop
      vertex 72.075 -3.05144 0
      vertex 72.2048 -2.98204 2
      vertex 72.075 -3.05144 2
    endloop
  endfacet
  facet normal 0.471505 -0.881863 0
    outer loop
      vertex 72.2048 -2.98204 2
      vertex 72.075 -3.05144 0
      vertex 72.2048 -2.98204 0
    endloop
  endfacet
  facet normal 0.730024 -0.683421 0
    outer loop
      vertex 71.5084 -3.51647 2
      vertex 71.609 -3.40901 0
      vertex 71.609 -3.40901 2
    endloop
  endfacet
  facet normal 0.730024 -0.683421 0
    outer loop
      vertex 71.609 -3.40901 0
      vertex 71.5084 -3.51647 2
      vertex 71.5084 -3.51647 0
    endloop
  endfacet
  facet normal -0.999468 -0.0326002 0
    outer loop
      vertex 75.45 -5 0
      vertex 75.4452 -4.85284 2
      vertex 75.4452 -4.85284 0
    endloop
  endfacet
  facet normal -0.999468 -0.0326002 0
    outer loop
      vertex 75.4452 -4.85284 2
      vertex 75.45 -5 0
      vertex 75.45 -5 2
    endloop
  endfacet
  facet normal -0.973778 0.227502 0
    outer loop
      vertex 75.3733 -5.58234 0
      vertex 75.4068 -5.43895 2
      vertex 75.4068 -5.43895 0
    endloop
  endfacet
  facet normal -0.973778 0.227502 0
    outer loop
      vertex 75.4068 -5.43895 2
      vertex 75.3733 -5.58234 0
      vertex 75.3733 -5.58234 2
    endloop
  endfacet
  facet normal -0.352225 0.935915 0
    outer loop
      vertex 74.061 -7.07873 0
      vertex 73.9232 -7.13059 2
      vertex 74.061 -7.07873 2
    endloop
  endfacet
  facet normal -0.352225 0.935915 0
    outer loop
      vertex 73.9232 -7.13059 2
      vertex 74.061 -7.07873 0
      vertex 73.9232 -7.13059 0
    endloop
  endfacet
  facet normal -0.986735 -0.162339 0
    outer loop
      vertex 75.4307 -4.70632 0
      vertex 75.4068 -4.56105 2
      vertex 75.4068 -4.56105 0
    endloop
  endfacet
  facet normal -0.986735 -0.162339 0
    outer loop
      vertex 75.4068 -4.56105 2
      vertex 75.4307 -4.70632 0
      vertex 75.4307 -4.70632 2
    endloop
  endfacet
  facet normal -0.911028 -0.412344 0
    outer loop
      vertex 75.2787 -4.13896 0
      vertex 75.218 -4.00485 2
      vertex 75.218 -4.00485 0
    endloop
  endfacet
  facet normal -0.911028 -0.412344 0
    outer loop
      vertex 75.218 -4.00485 2
      vertex 75.2787 -4.13896 0
      vertex 75.2787 -4.13896 2
    endloop
  endfacet
  facet normal -0.973778 -0.227502 0
    outer loop
      vertex 75.4068 -4.56105 0
      vertex 75.3733 -4.41766 2
      vertex 75.3733 -4.41766 0
    endloop
  endfacet
  facet normal -0.973778 -0.227502 0
    outer loop
      vertex 75.3733 -4.41766 2
      vertex 75.4068 -4.56105 0
      vertex 75.4068 -4.56105 2
    endloop
  endfacet
  facet normal -0.849046 -0.528319 0
    outer loop
      vertex 75.1486 -3.875 0
      vertex 75.0708 -3.74997 2
      vertex 75.0708 -3.74997 0
    endloop
  endfacet
  facet normal -0.849046 -0.528319 0
    outer loop
      vertex 75.0708 -3.74997 2
      vertex 75.1486 -3.875 0
      vertex 75.1486 -3.875 2
    endloop
  endfacet
  facet normal -0.773043 -0.634354 0
    outer loop
      vertex 74.985 -3.63029 0
      vertex 74.8916 -3.51647 2
      vertex 74.8916 -3.51647 0
    endloop
  endfacet
  facet normal -0.773043 -0.634354 0
    outer loop
      vertex 74.8916 -3.51647 2
      vertex 74.985 -3.63029 0
      vertex 74.985 -3.63029 2
    endloop
  endfacet
  facet normal -0.730024 -0.683421 0
    outer loop
      vertex 74.8916 -3.51647 0
      vertex 74.791 -3.40901 2
      vertex 74.791 -3.40901 0
    endloop
  endfacet
  facet normal -0.730024 -0.683421 0
    outer loop
      vertex 74.791 -3.40901 2
      vertex 74.8916 -3.51647 0
      vertex 74.8916 -3.51647 2
    endloop
  endfacet
  facet normal -0.227251 -0.973836 0
    outer loop
      vertex 73.639 -2.79323 0
      vertex 73.7823 -2.82667 2
      vertex 73.639 -2.79323 2
    endloop
  endfacet
  facet normal -0.227251 -0.973836 -0
    outer loop
      vertex 73.7823 -2.82667 2
      vertex 73.639 -2.79323 0
      vertex 73.7823 -2.82667 0
    endloop
  endfacet
  facet normal -0.290275 -0.956943 0
    outer loop
      vertex 73.7823 -2.82667 0
      vertex 73.9232 -2.86941 2
      vertex 73.7823 -2.82667 2
    endloop
  endfacet
  facet normal -0.290275 -0.956943 -0
    outer loop
      vertex 73.9232 -2.86941 2
      vertex 73.7823 -2.82667 0
      vertex 73.9232 -2.86941 0
    endloop
  endfacet
  facet normal -0.032727 -0.999464 0
    outer loop
      vertex 73.2 -2.75 0
      vertex 73.3472 -2.75482 2
      vertex 73.2 -2.75 2
    endloop
  endfacet
  facet normal -0.032727 -0.999464 -0
    outer loop
      vertex 73.3472 -2.75482 2
      vertex 73.2 -2.75 0
      vertex 73.3472 -2.75482 0
    endloop
  endfacet
  facet normal -0.412509 -0.910954 0
    outer loop
      vertex 74.061 -2.92127 0
      vertex 74.1952 -2.98204 2
      vertex 74.061 -2.92127 2
    endloop
  endfacet
  facet normal -0.412509 -0.910954 -0
    outer loop
      vertex 74.1952 -2.98204 2
      vertex 74.061 -2.92127 0
      vertex 74.1952 -2.98204 0
    endloop
  endfacet
  facet normal -0.582407 -0.812898 0
    outer loop
      vertex 74.45 -3.12919 0
      vertex 74.5697 -3.21495 2
      vertex 74.45 -3.12919 2
    endloop
  endfacet
  facet normal -0.582407 -0.812898 -0
    outer loop
      vertex 74.5697 -3.21495 2
      vertex 74.45 -3.12919 0
      vertex 74.5697 -3.21495 0
    endloop
  endfacet
  facet normal 0.973778 -0.227502 0
    outer loop
      vertex 70.9932 -4.56105 2
      vertex 71.0267 -4.41766 0
      vertex 71.0267 -4.41766 2
    endloop
  endfacet
  facet normal 0.973778 -0.227502 0
    outer loop
      vertex 71.0267 -4.41766 0
      vertex 70.9932 -4.56105 2
      vertex 70.9932 -4.56105 0
    endloop
  endfacet
  facet normal 0.957019 -0.290026 0
    outer loop
      vertex 71.0267 -4.41766 2
      vertex 71.0694 -4.27676 0
      vertex 71.0694 -4.27676 2
    endloop
  endfacet
  facet normal 0.957019 -0.290026 0
    outer loop
      vertex 71.0694 -4.27676 0
      vertex 71.0267 -4.41766 2
      vertex 71.0267 -4.41766 0
    endloop
  endfacet
  facet normal 0.999468 -0.0326002 0
    outer loop
      vertex 70.95 -5 2
      vertex 70.9548 -4.85284 0
      vertex 70.9548 -4.85284 2
    endloop
  endfacet
  facet normal 0.999468 -0.0326002 0
    outer loop
      vertex 70.9548 -4.85284 0
      vertex 70.95 -5 2
      vertex 70.95 -5 0
    endloop
  endfacet
  facet normal 0.881939 -0.471364 0
    outer loop
      vertex 71.182 -4.00485 2
      vertex 71.2514 -3.875 0
      vertex 71.2514 -3.875 2
    endloop
  endfacet
  facet normal 0.881939 -0.471364 0
    outer loop
      vertex 71.2514 -3.875 0
      vertex 71.182 -4.00485 2
      vertex 71.182 -4.00485 0
    endloop
  endfacet
  facet normal 0.812723 -0.582651 0
    outer loop
      vertex 71.3292 -3.74997 2
      vertex 71.415 -3.63029 0
      vertex 71.415 -3.63029 2
    endloop
  endfacet
  facet normal 0.812723 -0.582651 0
    outer loop
      vertex 71.415 -3.63029 0
      vertex 71.3292 -3.74997 2
      vertex 71.3292 -3.74997 0
    endloop
  endfacet
  facet normal 0.290275 -0.956943 0
    outer loop
      vertex 72.4768 -2.86941 0
      vertex 72.6177 -2.82667 2
      vertex 72.4768 -2.86941 2
    endloop
  endfacet
  facet normal 0.290275 -0.956943 0
    outer loop
      vertex 72.6177 -2.82667 2
      vertex 72.4768 -2.86941 0
      vertex 72.6177 -2.82667 0
    endloop
  endfacet
  facet normal 0.162835 -0.986653 0
    outer loop
      vertex 72.761 -2.79323 0
      vertex 72.9063 -2.76925 2
      vertex 72.761 -2.79323 2
    endloop
  endfacet
  facet normal 0.162835 -0.986653 0
    outer loop
      vertex 72.9063 -2.76925 2
      vertex 72.761 -2.79323 0
      vertex 72.9063 -2.76925 0
    endloop
  endfacet
  facet normal 0.528166 -0.849141 0
    outer loop
      vertex 71.95 -3.12919 0
      vertex 72.075 -3.05144 2
      vertex 71.95 -3.12919 2
    endloop
  endfacet
  facet normal 0.528166 -0.849141 0
    outer loop
      vertex 72.075 -3.05144 2
      vertex 71.95 -3.12919 0
      vertex 72.075 -3.05144 0
    endloop
  endfacet
  facet normal 0.634461 -0.772955 0
    outer loop
      vertex 71.7165 -3.30836 0
      vertex 71.8303 -3.21495 2
      vertex 71.7165 -3.30836 2
    endloop
  endfacet
  facet normal 0.634461 -0.772955 0
    outer loop
      vertex 71.8303 -3.21495 2
      vertex 71.7165 -3.30836 0
      vertex 71.8303 -3.21495 0
    endloop
  endfacet
  facet normal 0.683467 -0.729982 0
    outer loop
      vertex 71.609 -3.40901 0
      vertex 71.7165 -3.30836 2
      vertex 71.609 -3.40901 2
    endloop
  endfacet
  facet normal 0.683467 -0.729982 0
    outer loop
      vertex 71.7165 -3.30836 2
      vertex 71.609 -3.40901 0
      vertex 71.7165 -3.30836 0
    endloop
  endfacet
  facet normal -0.995139 0.0984815 0
    outer loop
      vertex 75.4307 -5.29368 0
      vertex 75.4452 -5.14716 2
      vertex 75.4452 -5.14716 0
    endloop
  endfacet
  facet normal -0.995139 0.0984815 0
    outer loop
      vertex 75.4452 -5.14716 2
      vertex 75.4307 -5.29368 0
      vertex 75.4307 -5.29368 2
    endloop
  endfacet
  facet normal 0.995205 0.0978089 0
    outer loop
      vertex 70.9692 -5.29368 2
      vertex 70.9548 -5.14716 0
      vertex 70.9548 -5.14716 2
    endloop
  endfacet
  facet normal 0.995205 0.0978089 0
    outer loop
      vertex 70.9548 -5.14716 0
      vertex 70.9692 -5.29368 2
      vertex 70.9692 -5.29368 0
    endloop
  endfacet
  facet normal -0.0980239 0.995184 0
    outer loop
      vertex 73.4937 -7.23075 0
      vertex 73.3472 -7.24518 2
      vertex 73.4937 -7.23075 2
    endloop
  endfacet
  facet normal -0.0980239 0.995184 0
    outer loop
      vertex 73.3472 -7.24518 2
      vertex 73.4937 -7.23075 0
      vertex 73.3472 -7.24518 0
    endloop
  endfacet
  facet normal -0.986735 0.162339 0
    outer loop
      vertex 75.4068 -5.43895 0
      vertex 75.4307 -5.29368 2
      vertex 75.4307 -5.29368 0
    endloop
  endfacet
  facet normal -0.986735 0.162339 0
    outer loop
      vertex 75.4307 -5.29368 2
      vertex 75.4068 -5.43895 0
      vertex 75.4068 -5.43895 2
    endloop
  endfacet
  facet normal -0.881939 0.471364 0
    outer loop
      vertex 75.1486 -6.125 0
      vertex 75.218 -5.99515 2
      vertex 75.218 -5.99515 0
    endloop
  endfacet
  facet normal -0.881939 0.471364 0
    outer loop
      vertex 75.218 -5.99515 2
      vertex 75.1486 -6.125 0
      vertex 75.1486 -6.125 2
    endloop
  endfacet
  facet normal -0.935826 0.352463 0
    outer loop
      vertex 75.2787 -5.86104 0
      vertex 75.3306 -5.72324 2
      vertex 75.3306 -5.72324 0
    endloop
  endfacet
  facet normal -0.935826 0.352463 0
    outer loop
      vertex 75.3306 -5.72324 2
      vertex 75.2787 -5.86104 0
      vertex 75.2787 -5.86104 2
    endloop
  endfacet
  facet normal -0.471505 0.881863 0
    outer loop
      vertex 74.325 -6.94856 0
      vertex 74.1952 -7.01796 2
      vertex 74.325 -6.94856 2
    endloop
  endfacet
  facet normal -0.471505 0.881863 0
    outer loop
      vertex 74.1952 -7.01796 2
      vertex 74.325 -6.94856 0
      vertex 74.1952 -7.01796 0
    endloop
  endfacet
  facet normal -0.773043 0.634354 0
    outer loop
      vertex 74.8916 -6.48353 0
      vertex 74.985 -6.36971 2
      vertex 74.985 -6.36971 0
    endloop
  endfacet
  facet normal -0.773043 0.634354 0
    outer loop
      vertex 74.985 -6.36971 2
      vertex 74.8916 -6.48353 0
      vertex 74.8916 -6.48353 2
    endloop
  endfacet
  facet normal 0.471505 0.881863 -0
    outer loop
      vertex 72.2048 -7.01796 0
      vertex 72.075 -6.94856 2
      vertex 72.2048 -7.01796 2
    endloop
  endfacet
  facet normal 0.471505 0.881863 0
    outer loop
      vertex 72.075 -6.94856 2
      vertex 72.2048 -7.01796 0
      vertex 72.075 -6.94856 0
    endloop
  endfacet
  facet normal 0.032727 0.999464 -0
    outer loop
      vertex 73.2 -7.25 0
      vertex 73.0528 -7.24518 2
      vertex 73.2 -7.25 2
    endloop
  endfacet
  facet normal 0.032727 0.999464 0
    outer loop
      vertex 73.0528 -7.24518 2
      vertex 73.2 -7.25 0
      vertex 73.0528 -7.24518 0
    endloop
  endfacet
  facet normal -0.032727 0.999464 0
    outer loop
      vertex 73.3472 -7.24518 0
      vertex 73.2 -7.25 2
      vertex 73.3472 -7.24518 2
    endloop
  endfacet
  facet normal -0.032727 0.999464 0
    outer loop
      vertex 73.2 -7.25 2
      vertex 73.3472 -7.24518 0
      vertex 73.2 -7.25 0
    endloop
  endfacet
  facet normal 0.986626 0.163 0
    outer loop
      vertex 70.9932 -5.43895 2
      vertex 70.9692 -5.29368 0
      vertex 70.9692 -5.29368 2
    endloop
  endfacet
  facet normal 0.986626 0.163 0
    outer loop
      vertex 70.9692 -5.29368 0
      vertex 70.9932 -5.43895 2
      vertex 70.9932 -5.43895 0
    endloop
  endfacet
  facet normal 0.911028 0.412344 0
    outer loop
      vertex 71.182 -5.99515 2
      vertex 71.1213 -5.86104 0
      vertex 71.1213 -5.86104 2
    endloop
  endfacet
  facet normal 0.911028 0.412344 0
    outer loop
      vertex 71.1213 -5.86104 0
      vertex 71.182 -5.99515 2
      vertex 71.182 -5.99515 0
    endloop
  endfacet
  facet normal -0.162835 0.986653 0
    outer loop
      vertex 73.639 -7.20677 0
      vertex 73.4937 -7.23075 2
      vertex 73.639 -7.20677 2
    endloop
  endfacet
  facet normal -0.162835 0.986653 0
    outer loop
      vertex 73.4937 -7.23075 2
      vertex 73.639 -7.20677 0
      vertex 73.4937 -7.23075 0
    endloop
  endfacet
  facet normal -0.412509 0.910954 0
    outer loop
      vertex 74.1952 -7.01796 0
      vertex 74.061 -7.07873 2
      vertex 74.1952 -7.01796 2
    endloop
  endfacet
  facet normal -0.412509 0.910954 0
    outer loop
      vertex 74.061 -7.07873 2
      vertex 74.1952 -7.01796 0
      vertex 74.061 -7.07873 0
    endloop
  endfacet
  facet normal -0.957019 -0.290026 0
    outer loop
      vertex 75.3733 -4.41766 0
      vertex 75.3306 -4.27676 2
      vertex 75.3306 -4.27676 0
    endloop
  endfacet
  facet normal -0.957019 -0.290026 0
    outer loop
      vertex 75.3306 -4.27676 2
      vertex 75.3733 -4.41766 0
      vertex 75.3733 -4.41766 2
    endloop
  endfacet
  facet normal -0.957019 0.290026 0
    outer loop
      vertex 75.3306 -5.72324 0
      vertex 75.3733 -5.58234 2
      vertex 75.3733 -5.58234 0
    endloop
  endfacet
  facet normal -0.957019 0.290026 0
    outer loop
      vertex 75.3733 -5.58234 2
      vertex 75.3306 -5.72324 0
      vertex 75.3306 -5.72324 2
    endloop
  endfacet
  facet normal -0.911028 0.412344 0
    outer loop
      vertex 75.218 -5.99515 0
      vertex 75.2787 -5.86104 2
      vertex 75.2787 -5.86104 0
    endloop
  endfacet
  facet normal -0.911028 0.412344 0
    outer loop
      vertex 75.2787 -5.86104 2
      vertex 75.218 -5.99515 0
      vertex 75.218 -5.99515 2
    endloop
  endfacet
  facet normal -0.582452 0.812865 0
    outer loop
      vertex 74.5697 -6.78504 0
      vertex 74.45 -6.87081 2
      vertex 74.5697 -6.78504 2
    endloop
  endfacet
  facet normal -0.582452 0.812865 0
    outer loop
      vertex 74.45 -6.87081 2
      vertex 74.5697 -6.78504 0
      vertex 74.45 -6.87081 0
    endloop
  endfacet
  facet normal -0.528166 0.849141 0
    outer loop
      vertex 74.45 -6.87081 0
      vertex 74.325 -6.94856 2
      vertex 74.45 -6.87081 2
    endloop
  endfacet
  facet normal -0.528166 0.849141 0
    outer loop
      vertex 74.325 -6.94856 2
      vertex 74.45 -6.87081 0
      vertex 74.325 -6.94856 0
    endloop
  endfacet
  facet normal -0.730024 0.683421 0
    outer loop
      vertex 74.791 -6.59099 0
      vertex 74.8916 -6.48353 2
      vertex 74.8916 -6.48353 0
    endloop
  endfacet
  facet normal -0.730024 0.683421 0
    outer loop
      vertex 74.8916 -6.48353 2
      vertex 74.791 -6.59099 0
      vertex 74.791 -6.59099 2
    endloop
  endfacet
  facet normal -0.849046 0.528319 0
    outer loop
      vertex 75.0708 -6.25003 0
      vertex 75.1486 -6.125 2
      vertex 75.1486 -6.125 0
    endloop
  endfacet
  facet normal -0.849046 0.528319 0
    outer loop
      vertex 75.1486 -6.125 2
      vertex 75.0708 -6.25003 0
      vertex 75.0708 -6.25003 2
    endloop
  endfacet
  facet normal -0.812723 0.582651 0
    outer loop
      vertex 74.985 -6.36971 0
      vertex 75.0708 -6.25003 2
      vertex 75.0708 -6.25003 0
    endloop
  endfacet
  facet normal -0.812723 0.582651 0
    outer loop
      vertex 75.0708 -6.25003 2
      vertex 74.985 -6.36971 0
      vertex 74.985 -6.36971 2
    endloop
  endfacet
  facet normal 0.634421 0.772988 -0
    outer loop
      vertex 71.8303 -6.78504 0
      vertex 71.7165 -6.69164 2
      vertex 71.8303 -6.78504 2
    endloop
  endfacet
  facet normal 0.634421 0.772988 0
    outer loop
      vertex 71.7165 -6.69164 2
      vertex 71.8303 -6.78504 0
      vertex 71.7165 -6.69164 0
    endloop
  endfacet
  facet normal 0.0980239 0.995184 -0
    outer loop
      vertex 73.0528 -7.24518 0
      vertex 72.9063 -7.23075 2
      vertex 73.0528 -7.24518 2
    endloop
  endfacet
  facet normal 0.0980239 0.995184 0
    outer loop
      vertex 72.9063 -7.23075 2
      vertex 73.0528 -7.24518 0
      vertex 72.9063 -7.23075 0
    endloop
  endfacet
  facet normal 0.881939 0.471364 0
    outer loop
      vertex 71.2514 -6.125 2
      vertex 71.182 -5.99515 0
      vertex 71.182 -5.99515 2
    endloop
  endfacet
  facet normal 0.881939 0.471364 0
    outer loop
      vertex 71.182 -5.99515 0
      vertex 71.2514 -6.125 2
      vertex 71.2514 -6.125 0
    endloop
  endfacet
  facet normal 0.812723 0.582651 0
    outer loop
      vertex 71.415 -6.36971 2
      vertex 71.3292 -6.25003 0
      vertex 71.3292 -6.25003 2
    endloop
  endfacet
  facet normal 0.812723 0.582651 0
    outer loop
      vertex 71.3292 -6.25003 0
      vertex 71.415 -6.36971 2
      vertex 71.415 -6.36971 0
    endloop
  endfacet
  facet normal 0.683467 0.729982 -0
    outer loop
      vertex 71.7165 -6.69164 0
      vertex 71.609 -6.59099 2
      vertex 71.7165 -6.69164 2
    endloop
  endfacet
  facet normal 0.683467 0.729982 0
    outer loop
      vertex 71.609 -6.59099 2
      vertex 71.7165 -6.69164 0
      vertex 71.609 -6.59099 0
    endloop
  endfacet
  facet normal 0.730024 0.683421 0
    outer loop
      vertex 71.609 -6.59099 2
      vertex 71.5084 -6.48353 0
      vertex 71.5084 -6.48353 2
    endloop
  endfacet
  facet normal 0.730024 0.683421 0
    outer loop
      vertex 71.5084 -6.48353 0
      vertex 71.609 -6.59099 2
      vertex 71.609 -6.59099 0
    endloop
  endfacet
  facet normal 0.973778 0.227502 0
    outer loop
      vertex 71.0267 -5.58234 2
      vertex 70.9932 -5.43895 0
      vertex 70.9932 -5.43895 2
    endloop
  endfacet
  facet normal 0.973778 0.227502 0
    outer loop
      vertex 70.9932 -5.43895 0
      vertex 71.0267 -5.58234 2
      vertex 71.0267 -5.58234 0
    endloop
  endfacet
  facet normal 0.957019 0.290026 0
    outer loop
      vertex 71.0694 -5.72324 2
      vertex 71.0267 -5.58234 0
      vertex 71.0267 -5.58234 2
    endloop
  endfacet
  facet normal 0.957019 0.290026 0
    outer loop
      vertex 71.0267 -5.58234 0
      vertex 71.0694 -5.72324 2
      vertex 71.0694 -5.72324 0
    endloop
  endfacet
  facet normal -0.290275 0.956943 0
    outer loop
      vertex 73.9232 -7.13059 0
      vertex 73.7823 -7.17333 2
      vertex 73.9232 -7.13059 2
    endloop
  endfacet
  facet normal -0.290275 0.956943 0
    outer loop
      vertex 73.7823 -7.17333 2
      vertex 73.9232 -7.13059 0
      vertex 73.7823 -7.17333 0
    endloop
  endfacet
  facet normal -0.227251 0.973836 0
    outer loop
      vertex 73.7823 -7.17333 0
      vertex 73.639 -7.20677 2
      vertex 73.7823 -7.17333 2
    endloop
  endfacet
  facet normal -0.227251 0.973836 0
    outer loop
      vertex 73.639 -7.20677 2
      vertex 73.7823 -7.17333 0
      vertex 73.639 -7.20677 0
    endloop
  endfacet
  facet normal -0.683467 0.729982 0
    outer loop
      vertex 74.791 -6.59099 0
      vertex 74.6835 -6.69164 2
      vertex 74.791 -6.59099 2
    endloop
  endfacet
  facet normal -0.683467 0.729982 0
    outer loop
      vertex 74.6835 -6.69164 2
      vertex 74.791 -6.59099 0
      vertex 74.6835 -6.69164 0
    endloop
  endfacet
  facet normal -0.634421 0.772988 0
    outer loop
      vertex 74.6835 -6.69164 0
      vertex 74.5697 -6.78504 2
      vertex 74.6835 -6.69164 2
    endloop
  endfacet
  facet normal -0.634421 0.772988 0
    outer loop
      vertex 74.5697 -6.78504 2
      vertex 74.6835 -6.69164 0
      vertex 74.5697 -6.78504 0
    endloop
  endfacet
  facet normal 0.528166 0.849141 -0
    outer loop
      vertex 72.075 -6.94856 0
      vertex 71.95 -6.87081 2
      vertex 72.075 -6.94856 2
    endloop
  endfacet
  facet normal 0.528166 0.849141 0
    outer loop
      vertex 71.95 -6.87081 2
      vertex 72.075 -6.94856 0
      vertex 71.95 -6.87081 0
    endloop
  endfacet
  facet normal 0.582452 0.812865 -0
    outer loop
      vertex 71.95 -6.87081 0
      vertex 71.8303 -6.78504 2
      vertex 71.95 -6.87081 2
    endloop
  endfacet
  facet normal 0.582452 0.812865 0
    outer loop
      vertex 71.8303 -6.78504 2
      vertex 71.95 -6.87081 0
      vertex 71.8303 -6.78504 0
    endloop
  endfacet
  facet normal 0.352225 0.935915 -0
    outer loop
      vertex 72.4768 -7.13059 0
      vertex 72.339 -7.07873 2
      vertex 72.4768 -7.13059 2
    endloop
  endfacet
  facet normal 0.352225 0.935915 0
    outer loop
      vertex 72.339 -7.07873 2
      vertex 72.4768 -7.13059 0
      vertex 72.339 -7.07873 0
    endloop
  endfacet
  facet normal 0.227251 0.973836 -0
    outer loop
      vertex 72.761 -7.20677 0
      vertex 72.6177 -7.17333 2
      vertex 72.761 -7.20677 2
    endloop
  endfacet
  facet normal 0.227251 0.973836 0
    outer loop
      vertex 72.6177 -7.17333 2
      vertex 72.761 -7.20677 0
      vertex 72.6177 -7.17333 0
    endloop
  endfacet
  facet normal 0.162835 0.986653 -0
    outer loop
      vertex 72.9063 -7.23075 0
      vertex 72.761 -7.20677 2
      vertex 72.9063 -7.23075 2
    endloop
  endfacet
  facet normal 0.162835 0.986653 0
    outer loop
      vertex 72.761 -7.20677 2
      vertex 72.9063 -7.23075 0
      vertex 72.761 -7.20677 0
    endloop
  endfacet
  facet normal 0.849046 0.528319 0
    outer loop
      vertex 71.3292 -6.25003 2
      vertex 71.2514 -6.125 0
      vertex 71.2514 -6.125 2
    endloop
  endfacet
  facet normal 0.849046 0.528319 0
    outer loop
      vertex 71.2514 -6.125 0
      vertex 71.3292 -6.25003 2
      vertex 71.3292 -6.25003 0
    endloop
  endfacet
  facet normal 0.773043 0.634354 0
    outer loop
      vertex 71.5084 -6.48353 2
      vertex 71.415 -6.36971 0
      vertex 71.415 -6.36971 2
    endloop
  endfacet
  facet normal 0.773043 0.634354 0
    outer loop
      vertex 71.415 -6.36971 0
      vertex 71.5084 -6.48353 2
      vertex 71.5084 -6.48353 0
    endloop
  endfacet
  facet normal 0.412509 0.910954 -0
    outer loop
      vertex 72.339 -7.07873 0
      vertex 72.2048 -7.01796 2
      vertex 72.339 -7.07873 2
    endloop
  endfacet
  facet normal 0.412509 0.910954 0
    outer loop
      vertex 72.2048 -7.01796 2
      vertex 72.339 -7.07873 0
      vertex 72.2048 -7.01796 0
    endloop
  endfacet
  facet normal 0.290275 0.956943 -0
    outer loop
      vertex 72.6177 -7.17333 0
      vertex 72.4768 -7.13059 2
      vertex 72.6177 -7.17333 2
    endloop
  endfacet
  facet normal 0.290275 0.956943 0
    outer loop
      vertex 72.4768 -7.13059 2
      vertex 72.6177 -7.17333 0
      vertex 72.4768 -7.13059 0
    endloop
  endfacet
  facet normal -0.582586 -0.812769 0
    outer loop
      vertex 74.45 92.0708 0
      vertex 74.5697 91.985 2
      vertex 74.45 92.0708 2
    endloop
  endfacet
  facet normal -0.582586 -0.812769 -0
    outer loop
      vertex 74.5697 91.985 2
      vertex 74.45 92.0708 0
      vertex 74.5697 91.985 0
    endloop
  endfacet
  facet normal 0.412114 -0.911132 0
    outer loop
      vertex 72.2048 92.218 0
      vertex 72.339 92.2787 2
      vertex 72.2048 92.218 2
    endloop
  endfacet
  facet normal 0.412114 -0.911132 0
    outer loop
      vertex 72.339 92.2787 2
      vertex 72.2048 92.218 0
      vertex 72.339 92.2787 0
    endloop
  endfacet
  facet normal 0.935826 -0.352463 0
    outer loop
      vertex 71.0694 90.9232 2
      vertex 71.1213 91.061 0
      vertex 71.1213 91.061 2
    endloop
  endfacet
  facet normal 0.935826 -0.352463 0
    outer loop
      vertex 71.1213 91.061 0
      vertex 71.0694 90.9232 2
      vertex 71.0694 90.9232 0
    endloop
  endfacet
  facet normal -0.999469 0.0325914 0
    outer loop
      vertex 75.4452 90.0528 0
      vertex 75.45 90.2 2
      vertex 75.45 90.2 0
    endloop
  endfacet
  facet normal -0.999469 0.0325914 0
    outer loop
      vertex 75.45 90.2 2
      vertex 75.4452 90.0528 0
      vertex 75.4452 90.0528 2
    endloop
  endfacet
  facet normal -0.352463 -0.935826 0
    outer loop
      vertex 73.9232 92.3306 0
      vertex 74.061 92.2787 2
      vertex 73.9232 92.3306 2
    endloop
  endfacet
  facet normal -0.352463 -0.935826 -0
    outer loop
      vertex 74.061 92.2787 2
      vertex 73.9232 92.3306 0
      vertex 74.061 92.2787 0
    endloop
  endfacet
  facet normal 0.995204 -0.0978221 0
    outer loop
      vertex 70.9548 90.3472 2
      vertex 70.9692 90.4937 0
      vertex 70.9692 90.4937 2
    endloop
  endfacet
  facet normal 0.995204 -0.0978221 0
    outer loop
      vertex 70.9692 90.4937 0
      vertex 70.9548 90.3472 2
      vertex 70.9548 90.3472 0
    endloop
  endfacet
  facet normal 0.772988 -0.634421 0
    outer loop
      vertex 71.415 91.5697 2
      vertex 71.5084 91.6835 0
      vertex 71.5084 91.6835 2
    endloop
  endfacet
  facet normal 0.772988 -0.634421 0
    outer loop
      vertex 71.5084 91.6835 0
      vertex 71.415 91.5697 2
      vertex 71.415 91.5697 0
    endloop
  endfacet
  facet normal 0.227638 -0.973746 0
    outer loop
      vertex 72.6177 92.3733 0
      vertex 72.761 92.4068 2
      vertex 72.6177 92.3733 2
    endloop
  endfacet
  facet normal 0.227638 -0.973746 0
    outer loop
      vertex 72.761 92.4068 2
      vertex 72.6177 92.3733 0
      vertex 72.761 92.4068 0
    endloop
  endfacet
  facet normal -0.412114 0.911132 0
    outer loop
      vertex 74.1952 88.182 0
      vertex 74.061 88.1213 2
      vertex 74.1952 88.182 2
    endloop
  endfacet
  facet normal -0.412114 0.911132 0
    outer loop
      vertex 74.061 88.1213 2
      vertex 74.1952 88.182 0
      vertex 74.061 88.1213 0
    endloop
  endfacet
  facet normal 0.0978221 0.995204 -0
    outer loop
      vertex 73.0528 87.9548 0
      vertex 72.9063 87.9692 2
      vertex 73.0528 87.9548 2
    endloop
  endfacet
  facet normal 0.0978221 0.995204 0
    outer loop
      vertex 72.9063 87.9692 2
      vertex 73.0528 87.9548 0
      vertex 72.9063 87.9692 0
    endloop
  endfacet
  facet normal 0.634421 0.772988 -0
    outer loop
      vertex 71.8303 88.415 0
      vertex 71.7165 88.5084 2
      vertex 71.8303 88.415 2
    endloop
  endfacet
  facet normal 0.634421 0.772988 0
    outer loop
      vertex 71.7165 88.5084 2
      vertex 71.8303 88.415 0
      vertex 71.7165 88.5084 0
    endloop
  endfacet
  facet normal 0.772988 0.634421 0
    outer loop
      vertex 71.5084 88.7165 2
      vertex 71.415 88.8303 0
      vertex 71.415 88.8303 2
    endloop
  endfacet
  facet normal 0.772988 0.634421 0
    outer loop
      vertex 71.415 88.8303 0
      vertex 71.5084 88.7165 2
      vertex 71.5084 88.7165 0
    endloop
  endfacet
  facet normal -0.98674 -0.162306 0
    outer loop
      vertex 75.4307 90.4937 0
      vertex 75.4068 90.639 2
      vertex 75.4068 90.639 0
    endloop
  endfacet
  facet normal -0.98674 -0.162306 0
    outer loop
      vertex 75.4068 90.639 2
      vertex 75.4307 90.4937 0
      vertex 75.4307 90.4937 2
    endloop
  endfacet
  facet normal -0.957019 -0.290026 0
    outer loop
      vertex 75.3733 90.7823 0
      vertex 75.3306 90.9232 2
      vertex 75.3306 90.9232 0
    endloop
  endfacet
  facet normal -0.957019 -0.290026 0
    outer loop
      vertex 75.3306 90.9232 2
      vertex 75.3733 90.7823 0
      vertex 75.3733 90.7823 2
    endloop
  endfacet
  facet normal -0.812769 -0.582586 0
    outer loop
      vertex 75.0708 91.45 0
      vertex 74.985 91.5697 2
      vertex 74.985 91.5697 0
    endloop
  endfacet
  facet normal -0.812769 -0.582586 0
    outer loop
      vertex 74.985 91.5697 2
      vertex 75.0708 91.45 0
      vertex 75.0708 91.45 2
    endloop
  endfacet
  facet normal -0.848989 -0.528411 0
    outer loop
      vertex 75.1486 91.325 0
      vertex 75.0708 91.45 2
      vertex 75.0708 91.45 0
    endloop
  endfacet
  facet normal -0.848989 -0.528411 0
    outer loop
      vertex 75.0708 91.45 2
      vertex 75.1486 91.325 0
      vertex 75.1486 91.325 2
    endloop
  endfacet
  facet normal -0.683286 -0.730151 0
    outer loop
      vertex 74.6835 91.8916 0
      vertex 74.791 91.791 2
      vertex 74.6835 91.8916 2
    endloop
  endfacet
  facet normal -0.683286 -0.730151 -0
    outer loop
      vertex 74.791 91.791 2
      vertex 74.6835 91.8916 0
      vertex 74.791 91.791 0
    endloop
  endfacet
  facet normal -0.528411 -0.848989 0
    outer loop
      vertex 74.325 92.1486 0
      vertex 74.45 92.0708 2
      vertex 74.325 92.1486 2
    endloop
  endfacet
  facet normal -0.528411 -0.848989 -0
    outer loop
      vertex 74.45 92.0708 2
      vertex 74.325 92.1486 0
      vertex 74.45 92.0708 0
    endloop
  endfacet
  facet normal 0.0325914 -0.999469 0
    outer loop
      vertex 73.0528 92.4452 0
      vertex 73.2 92.45 2
      vertex 73.0528 92.4452 2
    endloop
  endfacet
  facet normal 0.0325914 -0.999469 0
    outer loop
      vertex 73.2 92.45 2
      vertex 73.0528 92.4452 0
      vertex 73.2 92.45 0
    endloop
  endfacet
  facet normal -0.471505 -0.881863 0
    outer loop
      vertex 74.1952 92.218 0
      vertex 74.325 92.1486 2
      vertex 74.1952 92.218 2
    endloop
  endfacet
  facet normal -0.471505 -0.881863 -0
    outer loop
      vertex 74.325 92.1486 2
      vertex 74.1952 92.218 0
      vertex 74.325 92.1486 0
    endloop
  endfacet
  facet normal -0.0325914 -0.999469 0
    outer loop
      vertex 73.2 92.45 0
      vertex 73.3472 92.4452 2
      vertex 73.2 92.45 2
    endloop
  endfacet
  facet normal -0.0325914 -0.999469 -0
    outer loop
      vertex 73.3472 92.4452 2
      vertex 73.2 92.45 0
      vertex 73.3472 92.4452 0
    endloop
  endfacet
  facet normal -0.290026 -0.957019 0
    outer loop
      vertex 73.7823 92.3733 0
      vertex 73.9232 92.3306 2
      vertex 73.7823 92.3733 2
    endloop
  endfacet
  facet normal -0.290026 -0.957019 -0
    outer loop
      vertex 73.9232 92.3306 2
      vertex 73.7823 92.3733 0
      vertex 73.9232 92.3306 0
    endloop
  endfacet
  facet normal -0.227638 -0.973746 0
    outer loop
      vertex 73.639 92.4068 0
      vertex 73.7823 92.3733 2
      vertex 73.639 92.4068 2
    endloop
  endfacet
  facet normal -0.227638 -0.973746 -0
    outer loop
      vertex 73.7823 92.3733 2
      vertex 73.639 92.4068 0
      vertex 73.7823 92.3733 0
    endloop
  endfacet
  facet normal 0.999469 0.0325914 0
    outer loop
      vertex 70.9548 90.0528 2
      vertex 70.95 90.2 0
      vertex 70.95 90.2 2
    endloop
  endfacet
  facet normal 0.999469 0.0325914 0
    outer loop
      vertex 70.95 90.2 0
      vertex 70.9548 90.0528 2
      vertex 70.9548 90.0528 0
    endloop
  endfacet
  facet normal 0.973746 -0.227638 0
    outer loop
      vertex 70.9932 90.639 2
      vertex 71.0267 90.7823 0
      vertex 71.0267 90.7823 2
    endloop
  endfacet
  facet normal 0.973746 -0.227638 0
    outer loop
      vertex 71.0267 90.7823 0
      vertex 70.9932 90.639 2
      vertex 70.9932 90.639 0
    endloop
  endfacet
  facet normal 0.986631 -0.162967 0
    outer loop
      vertex 70.9692 90.4937 2
      vertex 70.9932 90.639 0
      vertex 70.9932 90.639 2
    endloop
  endfacet
  facet normal 0.986631 -0.162967 0
    outer loop
      vertex 70.9932 90.639 0
      vertex 70.9692 90.4937 2
      vertex 70.9692 90.4937 0
    endloop
  endfacet
  facet normal 0.881863 -0.471505 0
    outer loop
      vertex 71.182 91.1952 2
      vertex 71.2514 91.325 0
      vertex 71.2514 91.325 2
    endloop
  endfacet
  facet normal 0.881863 -0.471505 0
    outer loop
      vertex 71.2514 91.325 0
      vertex 71.182 91.1952 2
      vertex 71.182 91.1952 0
    endloop
  endfacet
  facet normal 0.848989 -0.528411 0
    outer loop
      vertex 71.2514 91.325 2
      vertex 71.3292 91.45 0
      vertex 71.3292 91.45 2
    endloop
  endfacet
  facet normal 0.848989 -0.528411 0
    outer loop
      vertex 71.3292 91.45 0
      vertex 71.2514 91.325 2
      vertex 71.2514 91.325 0
    endloop
  endfacet
  facet normal 0.352463 -0.935826 0
    outer loop
      vertex 72.339 92.2787 0
      vertex 72.4768 92.3306 2
      vertex 72.339 92.2787 2
    endloop
  endfacet
  facet normal 0.352463 -0.935826 0
    outer loop
      vertex 72.4768 92.3306 2
      vertex 72.339 92.2787 0
      vertex 72.4768 92.3306 0
    endloop
  endfacet
  facet normal 0.0984948 -0.995138 0
    outer loop
      vertex 72.9063 92.4307 0
      vertex 73.0528 92.4452 2
      vertex 72.9063 92.4307 2
    endloop
  endfacet
  facet normal 0.0984948 -0.995138 0
    outer loop
      vertex 73.0528 92.4452 2
      vertex 72.9063 92.4307 0
      vertex 73.0528 92.4452 0
    endloop
  endfacet
  facet normal 0.582586 -0.812769 0
    outer loop
      vertex 71.8303 91.985 0
      vertex 71.95 92.0708 2
      vertex 71.8303 91.985 2
    endloop
  endfacet
  facet normal 0.582586 -0.812769 0
    outer loop
      vertex 71.95 92.0708 2
      vertex 71.8303 91.985 0
      vertex 71.95 92.0708 0
    endloop
  endfacet
  facet normal 0.471505 -0.881863 0
    outer loop
      vertex 72.075 92.1486 0
      vertex 72.2048 92.218 2
      vertex 72.075 92.1486 2
    endloop
  endfacet
  facet normal 0.471505 -0.881863 0
    outer loop
      vertex 72.2048 92.218 2
      vertex 72.075 92.1486 0
      vertex 72.2048 92.218 0
    endloop
  endfacet
  facet normal 0.730151 -0.683286 0
    outer loop
      vertex 71.5084 91.6835 2
      vertex 71.609 91.791 0
      vertex 71.609 91.791 2
    endloop
  endfacet
  facet normal 0.730151 -0.683286 0
    outer loop
      vertex 71.609 91.791 0
      vertex 71.5084 91.6835 2
      vertex 71.5084 91.6835 0
    endloop
  endfacet
  facet normal -0.999469 -0.0325914 0
    outer loop
      vertex 75.45 90.2 0
      vertex 75.4452 90.3472 2
      vertex 75.4452 90.3472 0
    endloop
  endfacet
  facet normal -0.999469 -0.0325914 0
    outer loop
      vertex 75.4452 90.3472 2
      vertex 75.45 90.2 0
      vertex 75.45 90.2 2
    endloop
  endfacet
  facet normal -0.227638 0.973746 0
    outer loop
      vertex 73.7823 88.0267 0
      vertex 73.639 87.9932 2
      vertex 73.7823 88.0267 2
    endloop
  endfacet
  facet normal -0.227638 0.973746 0
    outer loop
      vertex 73.639 87.9932 2
      vertex 73.7823 88.0267 0
      vertex 73.639 87.9932 0
    endloop
  endfacet
  facet normal -0.957019 0.290026 0
    outer loop
      vertex 75.3306 89.4768 0
      vertex 75.3733 89.6177 2
      vertex 75.3733 89.6177 0
    endloop
  endfacet
  facet normal -0.957019 0.290026 0
    outer loop
      vertex 75.3733 89.6177 2
      vertex 75.3306 89.4768 0
      vertex 75.3306 89.4768 2
    endloop
  endfacet
  facet normal -0.772988 0.634421 0
    outer loop
      vertex 74.8916 88.7165 0
      vertex 74.985 88.8303 2
      vertex 74.985 88.8303 0
    endloop
  endfacet
  facet normal -0.772988 0.634421 0
    outer loop
      vertex 74.985 88.8303 2
      vertex 74.8916 88.7165 0
      vertex 74.8916 88.7165 2
    endloop
  endfacet
  facet normal -0.911132 0.412114 0
    outer loop
      vertex 75.218 89.2048 0
      vertex 75.2787 89.339 2
      vertex 75.2787 89.339 0
    endloop
  endfacet
  facet normal -0.911132 0.412114 0
    outer loop
      vertex 75.2787 89.339 2
      vertex 75.218 89.2048 0
      vertex 75.218 89.2048 2
    endloop
  endfacet
  facet normal -0.290026 0.957019 0
    outer loop
      vertex 73.9232 88.0694 0
      vertex 73.7823 88.0267 2
      vertex 73.9232 88.0694 2
    endloop
  endfacet
  facet normal -0.290026 0.957019 0
    outer loop
      vertex 73.7823 88.0267 2
      vertex 73.9232 88.0694 0
      vertex 73.7823 88.0267 0
    endloop
  endfacet
  facet normal -0.582586 0.812769 0
    outer loop
      vertex 74.5697 88.415 0
      vertex 74.45 88.3292 2
      vertex 74.5697 88.415 2
    endloop
  endfacet
  facet normal -0.582586 0.812769 0
    outer loop
      vertex 74.45 88.3292 2
      vertex 74.5697 88.415 0
      vertex 74.45 88.3292 0
    endloop
  endfacet
  facet normal -0.471505 0.881863 0
    outer loop
      vertex 74.325 88.2514 0
      vertex 74.1952 88.182 2
      vertex 74.325 88.2514 2
    endloop
  endfacet
  facet normal -0.471505 0.881863 0
    outer loop
      vertex 74.1952 88.182 2
      vertex 74.325 88.2514 0
      vertex 74.1952 88.182 0
    endloop
  endfacet
  facet normal -0.0325914 0.999469 0
    outer loop
      vertex 73.3472 87.9548 0
      vertex 73.2 87.95 2
      vertex 73.3472 87.9548 2
    endloop
  endfacet
  facet normal -0.0325914 0.999469 0
    outer loop
      vertex 73.2 87.95 2
      vertex 73.3472 87.9548 0
      vertex 73.2 87.95 0
    endloop
  endfacet
  facet normal 0.528411 0.848989 -0
    outer loop
      vertex 72.075 88.2514 0
      vertex 71.95 88.3292 2
      vertex 72.075 88.2514 2
    endloop
  endfacet
  facet normal 0.528411 0.848989 0
    outer loop
      vertex 71.95 88.3292 2
      vertex 72.075 88.2514 0
      vertex 71.95 88.3292 0
    endloop
  endfacet
  facet normal 0.881863 0.471505 0
    outer loop
      vertex 71.2514 89.075 2
      vertex 71.182 89.2048 0
      vertex 71.182 89.2048 2
    endloop
  endfacet
  facet normal 0.881863 0.471505 0
    outer loop
      vertex 71.182 89.2048 0
      vertex 71.2514 89.075 2
      vertex 71.2514 89.075 0
    endloop
  endfacet
  facet normal -0.995138 -0.0984948 0
    outer loop
      vertex 75.4452 90.3472 0
      vertex 75.4307 90.4937 2
      vertex 75.4307 90.4937 0
    endloop
  endfacet
  facet normal -0.995138 -0.0984948 0
    outer loop
      vertex 75.4307 90.4937 2
      vertex 75.4452 90.3472 0
      vertex 75.4452 90.3472 2
    endloop
  endfacet
  facet normal -0.973746 -0.227638 0
    outer loop
      vertex 75.4068 90.639 0
      vertex 75.3733 90.7823 2
      vertex 75.3733 90.7823 0
    endloop
  endfacet
  facet normal -0.973746 -0.227638 0
    outer loop
      vertex 75.3733 90.7823 2
      vertex 75.4068 90.639 0
      vertex 75.4068 90.639 2
    endloop
  endfacet
  facet normal -0.911132 -0.412114 0
    outer loop
      vertex 75.2787 91.061 0
      vertex 75.218 91.1952 2
      vertex 75.218 91.1952 0
    endloop
  endfacet
  facet normal -0.911132 -0.412114 0
    outer loop
      vertex 75.218 91.1952 2
      vertex 75.2787 91.061 0
      vertex 75.2787 91.061 2
    endloop
  endfacet
  facet normal -0.935826 -0.352463 0
    outer loop
      vertex 75.3306 90.9232 0
      vertex 75.2787 91.061 2
      vertex 75.2787 91.061 0
    endloop
  endfacet
  facet normal -0.935826 -0.352463 0
    outer loop
      vertex 75.2787 91.061 2
      vertex 75.3306 90.9232 0
      vertex 75.3306 90.9232 2
    endloop
  endfacet
  facet normal -0.772988 -0.634421 0
    outer loop
      vertex 74.985 91.5697 0
      vertex 74.8916 91.6835 2
      vertex 74.8916 91.6835 0
    endloop
  endfacet
  facet normal -0.772988 -0.634421 0
    outer loop
      vertex 74.8916 91.6835 2
      vertex 74.985 91.5697 0
      vertex 74.985 91.5697 2
    endloop
  endfacet
  facet normal -0.730151 -0.683286 0
    outer loop
      vertex 74.8916 91.6835 0
      vertex 74.791 91.791 2
      vertex 74.791 91.791 0
    endloop
  endfacet
  facet normal -0.730151 -0.683286 0
    outer loop
      vertex 74.791 91.791 2
      vertex 74.8916 91.6835 0
      vertex 74.8916 91.6835 2
    endloop
  endfacet
  facet normal -0.162306 -0.98674 0
    outer loop
      vertex 73.4937 92.4307 0
      vertex 73.639 92.4068 2
      vertex 73.4937 92.4307 2
    endloop
  endfacet
  facet normal -0.162306 -0.98674 -0
    outer loop
      vertex 73.639 92.4068 2
      vertex 73.4937 92.4307 0
      vertex 73.639 92.4068 0
    endloop
  endfacet
  facet normal 0.528411 -0.848989 0
    outer loop
      vertex 71.95 92.0708 0
      vertex 72.075 92.1486 2
      vertex 71.95 92.0708 2
    endloop
  endfacet
  facet normal 0.528411 -0.848989 0
    outer loop
      vertex 72.075 92.1486 2
      vertex 71.95 92.0708 0
      vertex 72.075 92.1486 0
    endloop
  endfacet
  facet normal 0.634421 -0.772988 0
    outer loop
      vertex 71.7165 91.8916 0
      vertex 71.8303 91.985 2
      vertex 71.7165 91.8916 2
    endloop
  endfacet
  facet normal 0.634421 -0.772988 0
    outer loop
      vertex 71.8303 91.985 2
      vertex 71.7165 91.8916 0
      vertex 71.8303 91.985 0
    endloop
  endfacet
  facet normal 0.683286 -0.730151 0
    outer loop
      vertex 71.609 91.791 0
      vertex 71.7165 91.8916 2
      vertex 71.609 91.791 2
    endloop
  endfacet
  facet normal 0.683286 -0.730151 0
    outer loop
      vertex 71.7165 91.8916 2
      vertex 71.609 91.791 0
      vertex 71.7165 91.8916 0
    endloop
  endfacet
  facet normal -0.0978221 0.995204 0
    outer loop
      vertex 73.4937 87.9692 0
      vertex 73.3472 87.9548 2
      vertex 73.4937 87.9692 2
    endloop
  endfacet
  facet normal -0.0978221 0.995204 0
    outer loop
      vertex 73.3472 87.9548 2
      vertex 73.4937 87.9692 0
      vertex 73.3472 87.9548 0
    endloop
  endfacet
  facet normal -0.995138 0.0984948 0
    outer loop
      vertex 75.4307 89.9063 0
      vertex 75.4452 90.0528 2
      vertex 75.4452 90.0528 0
    endloop
  endfacet
  facet normal -0.995138 0.0984948 0
    outer loop
      vertex 75.4452 90.0528 2
      vertex 75.4307 89.9063 0
      vertex 75.4307 89.9063 2
    endloop
  endfacet
  facet normal -0.162967 0.986631 0
    outer loop
      vertex 73.639 87.9932 0
      vertex 73.4937 87.9692 2
      vertex 73.639 87.9932 2
    endloop
  endfacet
  facet normal -0.162967 0.986631 0
    outer loop
      vertex 73.4937 87.9692 2
      vertex 73.639 87.9932 0
      vertex 73.4937 87.9692 0
    endloop
  endfacet
  facet normal -0.352463 0.935826 0
    outer loop
      vertex 74.061 88.1213 0
      vertex 73.9232 88.0694 2
      vertex 74.061 88.1213 2
    endloop
  endfacet
  facet normal -0.352463 0.935826 0
    outer loop
      vertex 73.9232 88.0694 2
      vertex 74.061 88.1213 0
      vertex 73.9232 88.0694 0
    endloop
  endfacet
  facet normal -0.730151 0.683286 0
    outer loop
      vertex 74.791 88.609 0
      vertex 74.8916 88.7165 2
      vertex 74.8916 88.7165 0
    endloop
  endfacet
  facet normal -0.730151 0.683286 0
    outer loop
      vertex 74.8916 88.7165 2
      vertex 74.791 88.609 0
      vertex 74.791 88.609 2
    endloop
  endfacet
  facet normal -0.634421 0.772988 0
    outer loop
      vertex 74.6835 88.5084 0
      vertex 74.5697 88.415 2
      vertex 74.6835 88.5084 2
    endloop
  endfacet
  facet normal -0.634421 0.772988 0
    outer loop
      vertex 74.5697 88.415 2
      vertex 74.6835 88.5084 0
      vertex 74.5697 88.415 0
    endloop
  endfacet
  facet normal -0.683286 0.730151 0
    outer loop
      vertex 74.791 88.609 0
      vertex 74.6835 88.5084 2
      vertex 74.791 88.609 2
    endloop
  endfacet
  facet normal -0.683286 0.730151 0
    outer loop
      vertex 74.6835 88.5084 2
      vertex 74.791 88.609 0
      vertex 74.6835 88.5084 0
    endloop
  endfacet
  facet normal -0.528411 0.848989 0
    outer loop
      vertex 74.45 88.3292 0
      vertex 74.325 88.2514 2
      vertex 74.45 88.3292 2
    endloop
  endfacet
  facet normal -0.528411 0.848989 0
    outer loop
      vertex 74.325 88.2514 2
      vertex 74.45 88.3292 0
      vertex 74.325 88.2514 0
    endloop
  endfacet
  facet normal 0.162967 0.986631 -0
    outer loop
      vertex 72.9063 87.9692 0
      vertex 72.761 87.9932 2
      vertex 72.9063 87.9692 2
    endloop
  endfacet
  facet normal 0.162967 0.986631 0
    outer loop
      vertex 72.761 87.9932 2
      vertex 72.9063 87.9692 0
      vertex 72.761 87.9932 0
    endloop
  endfacet
  facet normal 0.290026 0.957019 -0
    outer loop
      vertex 72.6177 88.0267 0
      vertex 72.4768 88.0694 2
      vertex 72.6177 88.0267 2
    endloop
  endfacet
  facet normal 0.290026 0.957019 0
    outer loop
      vertex 72.4768 88.0694 2
      vertex 72.6177 88.0267 0
      vertex 72.4768 88.0694 0
    endloop
  endfacet
  facet normal 0.0325914 0.999469 -0
    outer loop
      vertex 73.2 87.95 0
      vertex 73.0528 87.9548 2
      vertex 73.2 87.95 2
    endloop
  endfacet
  facet normal 0.0325914 0.999469 0
    outer loop
      vertex 73.0528 87.9548 2
      vertex 73.2 87.95 0
      vertex 73.0528 87.9548 0
    endloop
  endfacet
  facet normal 0.227638 0.973746 -0
    outer loop
      vertex 72.761 87.9932 0
      vertex 72.6177 88.0267 2
      vertex 72.761 87.9932 2
    endloop
  endfacet
  facet normal 0.227638 0.973746 0
    outer loop
      vertex 72.6177 88.0267 2
      vertex 72.761 87.9932 0
      vertex 72.6177 88.0267 0
    endloop
  endfacet
  facet normal 0.352463 0.935826 -0
    outer loop
      vertex 72.4768 88.0694 0
      vertex 72.339 88.1213 2
      vertex 72.4768 88.0694 2
    endloop
  endfacet
  facet normal 0.352463 0.935826 0
    outer loop
      vertex 72.339 88.1213 2
      vertex 72.4768 88.0694 0
      vertex 72.339 88.1213 0
    endloop
  endfacet
  facet normal 0.471505 0.881863 -0
    outer loop
      vertex 72.2048 88.182 0
      vertex 72.075 88.2514 2
      vertex 72.2048 88.182 2
    endloop
  endfacet
  facet normal 0.471505 0.881863 0
    outer loop
      vertex 72.075 88.2514 2
      vertex 72.2048 88.182 0
      vertex 72.075 88.2514 0
    endloop
  endfacet
  facet normal 0.412114 0.911132 -0
    outer loop
      vertex 72.339 88.1213 0
      vertex 72.2048 88.182 2
      vertex 72.339 88.1213 2
    endloop
  endfacet
  facet normal 0.412114 0.911132 0
    outer loop
      vertex 72.2048 88.182 2
      vertex 72.339 88.1213 0
      vertex 72.2048 88.182 0
    endloop
  endfacet
  facet normal 0.582586 0.812769 -0
    outer loop
      vertex 71.95 88.3292 0
      vertex 71.8303 88.415 2
      vertex 71.95 88.3292 2
    endloop
  endfacet
  facet normal 0.582586 0.812769 0
    outer loop
      vertex 71.8303 88.415 2
      vertex 71.95 88.3292 0
      vertex 71.8303 88.415 0
    endloop
  endfacet
  facet normal 0.911132 0.412114 0
    outer loop
      vertex 71.182 89.2048 2
      vertex 71.1213 89.339 0
      vertex 71.1213 89.339 2
    endloop
  endfacet
  facet normal 0.911132 0.412114 0
    outer loop
      vertex 71.1213 89.339 0
      vertex 71.182 89.2048 2
      vertex 71.182 89.2048 0
    endloop
  endfacet
  facet normal 0.957019 0.290026 0
    outer loop
      vertex 71.0694 89.4768 2
      vertex 71.0267 89.6177 0
      vertex 71.0267 89.6177 2
    endloop
  endfacet
  facet normal 0.957019 0.290026 0
    outer loop
      vertex 71.0267 89.6177 0
      vertex 71.0694 89.4768 2
      vertex 71.0694 89.4768 0
    endloop
  endfacet
  facet normal 0.935826 0.352463 0
    outer loop
      vertex 71.1213 89.339 2
      vertex 71.0694 89.4768 0
      vertex 71.0694 89.4768 2
    endloop
  endfacet
  facet normal 0.935826 0.352463 0
    outer loop
      vertex 71.0694 89.4768 0
      vertex 71.1213 89.339 2
      vertex 71.1213 89.339 0
    endloop
  endfacet
  facet normal 0.995204 0.0978221 0
    outer loop
      vertex 70.9692 89.9063 2
      vertex 70.9548 90.0528 0
      vertex 70.9548 90.0528 2
    endloop
  endfacet
  facet normal 0.995204 0.0978221 0
    outer loop
      vertex 70.9548 90.0528 0
      vertex 70.9692 89.9063 2
      vertex 70.9692 89.9063 0
    endloop
  endfacet
  facet normal 0.973746 0.227638 0
    outer loop
      vertex 71.0267 89.6177 2
      vertex 70.9932 89.761 0
      vertex 70.9932 89.761 2
    endloop
  endfacet
  facet normal 0.973746 0.227638 0
    outer loop
      vertex 70.9932 89.761 0
      vertex 71.0267 89.6177 2
      vertex 71.0267 89.6177 0
    endloop
  endfacet
  facet normal 0.848989 0.528411 0
    outer loop
      vertex 71.3292 88.95 2
      vertex 71.2514 89.075 0
      vertex 71.2514 89.075 2
    endloop
  endfacet
  facet normal 0.848989 0.528411 0
    outer loop
      vertex 71.2514 89.075 0
      vertex 71.3292 88.95 2
      vertex 71.3292 88.95 0
    endloop
  endfacet
  facet normal 0.683286 0.730151 -0
    outer loop
      vertex 71.7165 88.5084 0
      vertex 71.609 88.609 2
      vertex 71.7165 88.5084 2
    endloop
  endfacet
  facet normal 0.683286 0.730151 0
    outer loop
      vertex 71.609 88.609 2
      vertex 71.7165 88.5084 0
      vertex 71.609 88.609 0
    endloop
  endfacet
  facet normal -0.881863 -0.471505 0
    outer loop
      vertex 75.218 91.1952 0
      vertex 75.1486 91.325 2
      vertex 75.1486 91.325 0
    endloop
  endfacet
  facet normal -0.881863 -0.471505 0
    outer loop
      vertex 75.1486 91.325 2
      vertex 75.218 91.1952 0
      vertex 75.218 91.1952 2
    endloop
  endfacet
  facet normal -0.634421 -0.772988 0
    outer loop
      vertex 74.5697 91.985 0
      vertex 74.6835 91.8916 2
      vertex 74.5697 91.985 2
    endloop
  endfacet
  facet normal -0.634421 -0.772988 -0
    outer loop
      vertex 74.6835 91.8916 2
      vertex 74.5697 91.985 0
      vertex 74.6835 91.8916 0
    endloop
  endfacet
  facet normal -0.412114 -0.911132 0
    outer loop
      vertex 74.061 92.2787 0
      vertex 74.1952 92.218 2
      vertex 74.061 92.2787 2
    endloop
  endfacet
  facet normal -0.412114 -0.911132 -0
    outer loop
      vertex 74.1952 92.218 2
      vertex 74.061 92.2787 0
      vertex 74.1952 92.218 0
    endloop
  endfacet
  facet normal -0.0984948 -0.995138 0
    outer loop
      vertex 73.3472 92.4452 0
      vertex 73.4937 92.4307 2
      vertex 73.3472 92.4452 2
    endloop
  endfacet
  facet normal -0.0984948 -0.995138 -0
    outer loop
      vertex 73.4937 92.4307 2
      vertex 73.3472 92.4452 0
      vertex 73.4937 92.4307 0
    endloop
  endfacet
  facet normal 0.999469 -0.0325914 0
    outer loop
      vertex 70.95 90.2 2
      vertex 70.9548 90.3472 0
      vertex 70.9548 90.3472 2
    endloop
  endfacet
  facet normal 0.999469 -0.0325914 0
    outer loop
      vertex 70.9548 90.3472 0
      vertex 70.95 90.2 2
      vertex 70.95 90.2 0
    endloop
  endfacet
  facet normal 0.957019 -0.290026 0
    outer loop
      vertex 71.0267 90.7823 2
      vertex 71.0694 90.9232 0
      vertex 71.0694 90.9232 2
    endloop
  endfacet
  facet normal 0.957019 -0.290026 0
    outer loop
      vertex 71.0694 90.9232 0
      vertex 71.0267 90.7823 2
      vertex 71.0267 90.7823 0
    endloop
  endfacet
  facet normal 0.911132 -0.412114 0
    outer loop
      vertex 71.1213 91.061 2
      vertex 71.182 91.1952 0
      vertex 71.182 91.1952 2
    endloop
  endfacet
  facet normal 0.911132 -0.412114 0
    outer loop
      vertex 71.182 91.1952 0
      vertex 71.1213 91.061 2
      vertex 71.1213 91.061 0
    endloop
  endfacet
  facet normal 0.812769 -0.582586 0
    outer loop
      vertex 71.3292 91.45 2
      vertex 71.415 91.5697 0
      vertex 71.415 91.5697 2
    endloop
  endfacet
  facet normal 0.812769 -0.582586 0
    outer loop
      vertex 71.415 91.5697 0
      vertex 71.3292 91.45 2
      vertex 71.3292 91.45 0
    endloop
  endfacet
  facet normal 0.290026 -0.957019 0
    outer loop
      vertex 72.4768 92.3306 0
      vertex 72.6177 92.3733 2
      vertex 72.4768 92.3306 2
    endloop
  endfacet
  facet normal 0.290026 -0.957019 0
    outer loop
      vertex 72.6177 92.3733 2
      vertex 72.4768 92.3306 0
      vertex 72.6177 92.3733 0
    endloop
  endfacet
  facet normal 0.162306 -0.98674 0
    outer loop
      vertex 72.761 92.4068 0
      vertex 72.9063 92.4307 2
      vertex 72.761 92.4068 2
    endloop
  endfacet
  facet normal 0.162306 -0.98674 0
    outer loop
      vertex 72.9063 92.4307 2
      vertex 72.761 92.4068 0
      vertex 72.9063 92.4307 0
    endloop
  endfacet
  facet normal -0.973746 0.227638 0
    outer loop
      vertex 75.3733 89.6177 0
      vertex 75.4068 89.761 2
      vertex 75.4068 89.761 0
    endloop
  endfacet
  facet normal -0.973746 0.227638 0
    outer loop
      vertex 75.4068 89.761 2
      vertex 75.3733 89.6177 0
      vertex 75.3733 89.6177 2
    endloop
  endfacet
  facet normal -0.935826 0.352463 0
    outer loop
      vertex 75.2787 89.339 0
      vertex 75.3306 89.4768 2
      vertex 75.3306 89.4768 0
    endloop
  endfacet
  facet normal -0.935826 0.352463 0
    outer loop
      vertex 75.3306 89.4768 2
      vertex 75.2787 89.339 0
      vertex 75.2787 89.339 2
    endloop
  endfacet
  facet normal 0.986631 0.162967 0
    outer loop
      vertex 70.9932 89.761 2
      vertex 70.9692 89.9063 0
      vertex 70.9692 89.9063 2
    endloop
  endfacet
  facet normal 0.986631 0.162967 0
    outer loop
      vertex 70.9692 89.9063 0
      vertex 70.9932 89.761 2
      vertex 70.9932 89.761 0
    endloop
  endfacet
  facet normal 0.812769 0.582586 0
    outer loop
      vertex 71.415 88.8303 2
      vertex 71.3292 88.95 0
      vertex 71.3292 88.95 2
    endloop
  endfacet
  facet normal 0.812769 0.582586 0
    outer loop
      vertex 71.3292 88.95 0
      vertex 71.415 88.8303 2
      vertex 71.415 88.8303 0
    endloop
  endfacet
  facet normal 0.730151 0.683286 0
    outer loop
      vertex 71.609 88.609 2
      vertex 71.5084 88.7165 0
      vertex 71.5084 88.7165 2
    endloop
  endfacet
  facet normal 0.730151 0.683286 0
    outer loop
      vertex 71.5084 88.7165 0
      vertex 71.609 88.609 2
      vertex 71.609 88.609 0
    endloop
  endfacet
  facet normal -0.98674 0.162306 0
    outer loop
      vertex 75.4068 89.761 0
      vertex 75.4307 89.9063 2
      vertex 75.4307 89.9063 0
    endloop
  endfacet
  facet normal -0.98674 0.162306 0
    outer loop
      vertex 75.4307 89.9063 2
      vertex 75.4068 89.761 0
      vertex 75.4068 89.761 2
    endloop
  endfacet
  facet normal -0.848989 0.528411 0
    outer loop
      vertex 75.0708 88.95 0
      vertex 75.1486 89.075 2
      vertex 75.1486 89.075 0
    endloop
  endfacet
  facet normal -0.848989 0.528411 0
    outer loop
      vertex 75.1486 89.075 2
      vertex 75.0708 88.95 0
      vertex 75.0708 88.95 2
    endloop
  endfacet
  facet normal -0.881863 0.471505 0
    outer loop
      vertex 75.1486 89.075 0
      vertex 75.218 89.2048 2
      vertex 75.218 89.2048 0
    endloop
  endfacet
  facet normal -0.881863 0.471505 0
    outer loop
      vertex 75.218 89.2048 2
      vertex 75.1486 89.075 0
      vertex 75.1486 89.075 2
    endloop
  endfacet
  facet normal -0.812769 0.582586 0
    outer loop
      vertex 74.985 88.8303 0
      vertex 75.0708 88.95 2
      vertex 75.0708 88.95 0
    endloop
  endfacet
  facet normal -0.812769 0.582586 0
    outer loop
      vertex 75.0708 88.95 2
      vertex 74.985 88.8303 0
      vertex 74.985 88.8303 2
    endloop
  endfacet
endsolid OpenSCAD_Model
