solid OpenSCAD_Model
  facet normal -1 0 0
    outer loop
      vertex 0 0 0
      vertex 0 32 6
      vertex 0 32 0
    endloop
  endfacet
  facet normal -1 -0 0
    outer loop
      vertex 0 32 6
      vertex 0 0 0
      vertex 0 0 6
    endloop
  endfacet
  facet normal -0 0 1
    outer loop
      vertex 15.2 32 6
      vertex 20 0 6
      vertex 20 32 6
    endloop
  endfacet
  facet normal 0 0 1
    outer loop
      vertex 20 0 6
      vertex 15.2 32 6
      vertex 15.2 0 6
    endloop
  endfacet
  facet normal -0 0 1
    outer loop
      vertex 3.92929 4.52562 6
      vertex 4.8 0 6
      vertex 4.8 32 6
    endloop
  endfacet
  facet normal -0 0 1
    outer loop
      vertex 3.93725 4.39882 6
      vertex 4.8 0 6
      vertex 3.93756 4.41591 6
    endloop
  endfacet
  facet normal 0 0 1
    outer loop
      vertex 4.8 0 6
      vertex 3.93664 4.45384 6
      vertex 3.93756 4.41591 6
    endloop
  endfacet
  facet normal 0 0 1
    outer loop
      vertex 4.8 0 6
      vertex 3.93388 4.4904 6
      vertex 3.93664 4.45384 6
    endloop
  endfacet
  facet normal 0 0 1
    outer loop
      vertex 4.8 0 6
      vertex 3.92929 4.52562 6
      vertex 3.93388 4.4904 6
    endloop
  endfacet
  facet normal 0 0 1
    outer loop
      vertex 4.8 32 6
      vertex 3.92285 4.55948 6
      vertex 3.92929 4.52562 6
    endloop
  endfacet
  facet normal 0 0 1
    outer loop
      vertex 4.8 32 6
      vertex 3.91458 4.59196 6
      vertex 3.92285 4.55948 6
    endloop
  endfacet
  facet normal 0 0 1
    outer loop
      vertex 4.8 32 6
      vertex 3.90448 4.62311 6
      vertex 3.91458 4.59196 6
    endloop
  endfacet
  facet normal 0 0 1
    outer loop
      vertex 4.8 32 6
      vertex 3.89253 4.65291 6
      vertex 3.90448 4.62311 6
    endloop
  endfacet
  facet normal 0 0 1
    outer loop
      vertex 4.8 32 6
      vertex 3.87875 4.68134 6
      vertex 3.89253 4.65291 6
    endloop
  endfacet
  facet normal 0 0 1
    outer loop
      vertex 4.8 32 6
      vertex 3.86312 4.7084 6
      vertex 3.87875 4.68134 6
    endloop
  endfacet
  facet normal 0 0 1
    outer loop
      vertex 4.8 32 6
      vertex 3.84567 4.73412 6
      vertex 3.86312 4.7084 6
    endloop
  endfacet
  facet normal 0 0 1
    outer loop
      vertex 4.8 32 6
      vertex 3.82637 4.75848 6
      vertex 3.84567 4.73412 6
    endloop
  endfacet
  facet normal 0 0 1
    outer loop
      vertex 4.8 32 6
      vertex 3.80523 4.78148 6
      vertex 3.82637 4.75848 6
    endloop
  endfacet
  facet normal 0 0 1
    outer loop
      vertex 4.8 32 6
      vertex 3.78225 4.80313 6
      vertex 3.80523 4.78148 6
    endloop
  endfacet
  facet normal 0 0 1
    outer loop
      vertex 4.8 32 6
      vertex 3.75758 4.82329 6
      vertex 3.78225 4.80313 6
    endloop
  endfacet
  facet normal 0 0 1
    outer loop
      vertex 4.8 32 6
      vertex 3.73132 4.84184 6
      vertex 3.75758 4.82329 6
    endloop
  endfacet
  facet normal 0 0 1
    outer loop
      vertex 4.8 32 6
      vertex 3.70347 4.85878 6
      vertex 3.73132 4.84184 6
    endloop
  endfacet
  facet normal 0 0 1
    outer loop
      vertex 4.8 32 6
      vertex 3.67405 4.8741 6
      vertex 3.70347 4.85878 6
    endloop
  endfacet
  facet normal 0 0 1
    outer loop
      vertex 4.8 32 6
      vertex 3.64305 4.88782 6
      vertex 3.67405 4.8741 6
    endloop
  endfacet
  facet normal 0 0 1
    outer loop
      vertex 4.8 32 6
      vertex 3.61045 4.89992 6
      vertex 3.64305 4.88782 6
    endloop
  endfacet
  facet normal 0 0 1
    outer loop
      vertex 4.8 32 6
      vertex 3.57629 4.9104 6
      vertex 3.61045 4.89992 6
    endloop
  endfacet
  facet normal 0 0 1
    outer loop
      vertex 4.8 32 6
      vertex 3.54055 4.91927 6
      vertex 3.57629 4.9104 6
    endloop
  endfacet
  facet normal 0 0 1
    outer loop
      vertex 4.8 32 6
      vertex 3.50322 4.92653 6
      vertex 3.54055 4.91927 6
    endloop
  endfacet
  facet normal 0 0 1
    outer loop
      vertex 4.8 32 6
      vertex 3.46431 4.93217 6
      vertex 3.50322 4.92653 6
    endloop
  endfacet
  facet normal 0 0 1
    outer loop
      vertex 4.8 32 6
      vertex 3.42382 4.9362 6
      vertex 3.46431 4.93217 6
    endloop
  endfacet
  facet normal 0 0 1
    outer loop
      vertex 4.8 32 6
      vertex 3.38176 4.93863 6
      vertex 3.42382 4.9362 6
    endloop
  endfacet
  facet normal 0 0 1
    outer loop
      vertex 4.8 32 6
      vertex 3.3381 4.93944 6
      vertex 3.38176 4.93863 6
    endloop
  endfacet
  facet normal 0 0 1
    outer loop
      vertex 4.8 32 6
      vertex 3.29818 4.93863 6
      vertex 3.3381 4.93944 6
    endloop
  endfacet
  facet normal 0 0 1
    outer loop
      vertex 4.8 32 6
      vertex 3.2594 4.93622 6
      vertex 3.29818 4.93863 6
    endloop
  endfacet
  facet normal -0 0 1
    outer loop
      vertex 0 32 6
      vertex 3.2594 4.93622 6
      vertex 4.8 32 6
    endloop
  endfacet
  facet normal -0 -0 1
    outer loop
      vertex 1.12803 4.93796 6
      vertex 3.2594 4.93622 6
      vertex 0 32 6
    endloop
  endfacet
  facet normal 0 -0 1
    outer loop
      vertex 1.17685 4.93356 6
      vertex 3.2594 4.93622 6
      vertex 1.12803 4.93796 6
    endloop
  endfacet
  facet normal 0 -0 1
    outer loop
      vertex 1.22357 4.92621 6
      vertex 3.18522 4.92659 6
      vertex 1.17685 4.93356 6
    endloop
  endfacet
  facet normal 0 0 1
    outer loop
      vertex 3.18522 4.92659 6
      vertex 1.22357 4.92621 6
      vertex 3.14984 4.91937 6
    endloop
  endfacet
  facet normal 0 -0 1
    outer loop
      vertex 1.26818 4.91594 6
      vertex 3.14984 4.91937 6
      vertex 1.22357 4.92621 6
    endloop
  endfacet
  facet normal 0 0 1
    outer loop
      vertex 3.14984 4.91937 6
      vertex 1.26818 4.91594 6
      vertex 3.11558 4.91054 6
    endloop
  endfacet
  facet normal 0 0 1
    outer loop
      vertex 3.11558 4.91054 6
      vertex 1.26818 4.91594 6
      vertex 3.08245 4.9001 6
    endloop
  endfacet
  facet normal -0 -0 1
    outer loop
      vertex 1.31071 4.90271 6
      vertex 3.08245 4.9001 6
      vertex 1.26818 4.91594 6
    endloop
  endfacet
  facet normal 0 0 1
    outer loop
      vertex 3.08245 4.9001 6
      vertex 1.31071 4.90271 6
      vertex 3.05047 4.88806 6
    endloop
  endfacet
  facet normal 0 -0 1
    outer loop
      vertex 1.35115 4.88657 6
      vertex 3.05047 4.88806 6
      vertex 1.31071 4.90271 6
    endloop
  endfacet
  facet normal 0 0 1
    outer loop
      vertex 3.05047 4.88806 6
      vertex 1.35115 4.88657 6
      vertex 3.0196 4.87442 6
    endloop
  endfacet
  facet normal 0 0 1
    outer loop
      vertex 3.0196 4.87442 6
      vertex 1.38949 4.86746 6
      vertex 2.98988 4.85918 6
    endloop
  endfacet
  facet normal 0 0 1
    outer loop
      vertex 2.98988 4.85918 6
      vertex 1.38949 4.86746 6
      vertex 2.96128 4.84232 6
    endloop
  endfacet
  facet normal -0 -0 1
    outer loop
      vertex 1.42573 4.84544 6
      vertex 2.96128 4.84232 6
      vertex 1.38949 4.86746 6
    endloop
  endfacet
  facet normal 0 0 1
    outer loop
      vertex 2.96128 4.84232 6
      vertex 1.42573 4.84544 6
      vertex 2.9338 4.82385 6
    endloop
  endfacet
  facet normal 0 -0 1
    outer loop
      vertex 1.45988 4.82047 6
      vertex 2.9338 4.82385 6
      vertex 1.42573 4.84544 6
    endloop
  endfacet
  facet normal 0 -0 1
    outer loop
      vertex 1.49194 4.79257 6
      vertex 2.90748 4.80379 6
      vertex 1.45988 4.82047 6
    endloop
  endfacet
  facet normal 0 0 1
    outer loop
      vertex 2.90748 4.80379 6
      vertex 1.49194 4.79257 6
      vertex 2.88253 4.78238 6
    endloop
  endfacet
  facet normal 0 0 1
    outer loop
      vertex 2.88253 4.78238 6
      vertex 1.49194 4.79257 6
      vertex 2.85926 4.75984 6
    endloop
  endfacet
  facet normal -0 -0 1
    outer loop
      vertex 1.52189 4.76173 6
      vertex 2.85926 4.75984 6
      vertex 1.49194 4.79257 6
    endloop
  endfacet
  facet normal 0 -0 1
    outer loop
      vertex 1.54976 4.72795 6
      vertex 2.83764 4.73622 6
      vertex 1.52189 4.76173 6
    endloop
  endfacet
  facet normal 0 0 1
    outer loop
      vertex 2.83764 4.73622 6
      vertex 1.54976 4.72795 6
      vertex 2.81768 4.71147 6
    endloop
  endfacet
  facet normal 0 -0 1
    outer loop
      vertex 1.57553 4.69124 6
      vertex 2.81768 4.71147 6
      vertex 1.54976 4.72795 6
    endloop
  endfacet
  facet normal 0 0 1
    outer loop
      vertex 2.72403 3.22017 6
      vertex 2.32672 3.29701 6
      vertex 2.71284 3.19643 6
    endloop
  endfacet
  facet normal 0 0 1
    outer loop
      vertex 2.32672 3 6
      vertex 2.70202 3.17223 6
      vertex 2.32672 3.29701 6
    endloop
  endfacet
  facet normal 0 0 1
    outer loop
      vertex 2.71284 3.19643 6
      vertex 2.32672 3.29701 6
      vertex 2.70202 3.17223 6
    endloop
  endfacet
  facet normal 0 0 1
    outer loop
      vertex 2.79939 4.68562 6
      vertex 1.57553 4.69124 6
      vertex 2.78276 4.65868 6
    endloop
  endfacet
  facet normal 0 -0 1
    outer loop
      vertex 1.67538 4.46501 6
      vertex 2.72453 4.50728 6
      vertex 1.65922 4.5159 6
    endloop
  endfacet
  facet normal -0 0 1
    outer loop
      vertex 1.73225 3.81421 6
      vertex 2.32672 3.29701 6
      vertex 1.73526 3.88383 6
    endloop
  endfacet
  facet normal 0 -0 1
    outer loop
      vertex 1.70202 4.35475 6
      vertex 2.71286 4.43896 6
      vertex 1.68965 4.41129 6
    endloop
  endfacet
  facet normal -0 0 1
    outer loop
      vertex 1.73526 3.88383 6
      vertex 2.32672 3.29701 6
      vertex 1.73625 3.95615 6
    endloop
  endfacet
  facet normal 0 0 1
    outer loop
      vertex 2.71286 4.43896 6
      vertex 1.73625 3.95615 6
      vertex 2.32672 3.29701 6
    endloop
  endfacet
  facet normal 0 -0 1
    outer loop
      vertex 1.73625 3.95615 6
      vertex 2.71286 4.43896 6
      vertex 1.7353 4.02965 6
    endloop
  endfacet
  facet normal 0 -0 1
    outer loop
      vertex 1.7353 4.02965 6
      vertex 2.71286 4.43896 6
      vertex 1.73245 4.10031 6
    endloop
  endfacet
  facet normal 0 -0 1
    outer loop
      vertex 1.73245 4.10031 6
      vertex 2.71286 4.43896 6
      vertex 1.72769 4.16817 6
    endloop
  endfacet
  facet normal 0 -0 1
    outer loop
      vertex 1.72769 4.16817 6
      vertex 2.71286 4.43896 6
      vertex 1.72104 4.23318 6
    endloop
  endfacet
  facet normal 0 -0 1
    outer loop
      vertex 1.72104 4.23318 6
      vertex 2.71286 4.43896 6
      vertex 1.71247 4.29538 6
    endloop
  endfacet
  facet normal 0 -0 1
    outer loop
      vertex 1.71247 4.29538 6
      vertex 2.71286 4.43896 6
      vertex 1.70202 4.35475 6
    endloop
  endfacet
  facet normal 0 0 1
    outer loop
      vertex 2.71786 4.47368 6
      vertex 1.68965 4.41129 6
      vertex 2.71286 4.43896 6
    endloop
  endfacet
  facet normal 0 -0 1
    outer loop
      vertex 1.68965 4.41129 6
      vertex 2.71786 4.47368 6
      vertex 1.67538 4.46501 6
    endloop
  endfacet
  facet normal 0 0 1
    outer loop
      vertex 2.72453 4.50728 6
      vertex 1.67538 4.46501 6
      vertex 2.71786 4.47368 6
    endloop
  endfacet
  facet normal 0 0 1
    outer loop
      vertex 2.73285 4.53978 6
      vertex 1.65922 4.5159 6
      vertex 2.72453 4.50728 6
    endloop
  endfacet
  facet normal 0 0 1
    outer loop
      vertex 2.74284 4.57115 6
      vertex 1.65922 4.5159 6
      vertex 2.73285 4.53978 6
    endloop
  endfacet
  facet normal 0 -0 1
    outer loop
      vertex 1.65922 4.5159 6
      vertex 2.74284 4.57115 6
      vertex 1.64116 4.56398 6
    endloop
  endfacet
  facet normal 0 0 1
    outer loop
      vertex 2.75448 4.60144 6
      vertex 1.64116 4.56398 6
      vertex 2.74284 4.57115 6
    endloop
  endfacet
  facet normal 0 -0 1
    outer loop
      vertex 1.64116 4.56398 6
      vertex 2.75448 4.60144 6
      vertex 1.62118 4.60922 6
    endloop
  endfacet
  facet normal 0 0 1
    outer loop
      vertex 2.76779 4.6306 6
      vertex 1.62118 4.60922 6
      vertex 2.75448 4.60144 6
    endloop
  endfacet
  facet normal 0 -0 1
    outer loop
      vertex 1.62118 4.60922 6
      vertex 2.76779 4.6306 6
      vertex 1.5993 4.65164 6
    endloop
  endfacet
  facet normal 0 0 1
    outer loop
      vertex 2.78276 4.65868 6
      vertex 1.5993 4.65164 6
      vertex 2.76779 4.6306 6
    endloop
  endfacet
  facet normal 0 -0 1
    outer loop
      vertex 1.5993 4.65164 6
      vertex 2.78276 4.65868 6
      vertex 1.57553 4.69124 6
    endloop
  endfacet
  facet normal 0 0 1
    outer loop
      vertex 2.81768 4.71147 6
      vertex 1.57553 4.69124 6
      vertex 2.79939 4.68562 6
    endloop
  endfacet
  facet normal 0 0 1
    outer loop
      vertex 2.85926 4.75984 6
      vertex 1.52189 4.76173 6
      vertex 2.83764 4.73622 6
    endloop
  endfacet
  facet normal 0 0 1
    outer loop
      vertex 2.9338 4.82385 6
      vertex 1.45988 4.82047 6
      vertex 2.90748 4.80379 6
    endloop
  endfacet
  facet normal 0 -0 1
    outer loop
      vertex 1.38949 4.86746 6
      vertex 3.0196 4.87442 6
      vertex 1.35115 4.88657 6
    endloop
  endfacet
  facet normal 0 0 1
    outer loop
      vertex 3.22175 4.93221 6
      vertex 1.17685 4.93356 6
      vertex 3.18522 4.92659 6
    endloop
  endfacet
  facet normal 0 0 1
    outer loop
      vertex 3.2594 4.93622 6
      vertex 1.17685 4.93356 6
      vertex 3.22175 4.93221 6
    endloop
  endfacet
  facet normal 0 0 1
    outer loop
      vertex 1.12803 4.93796 6
      vertex 0 32 6
      vertex 1.07713 4.93944 6
    endloop
  endfacet
  facet normal 0 0 1
    outer loop
      vertex 1.07713 4.93944 6
      vertex 0 32 6
      vertex 1.02482 4.93797 6
    endloop
  endfacet
  facet normal 0 0 1
    outer loop
      vertex 1.02482 4.93797 6
      vertex 0 32 6
      vertex 0.974712 4.93362 6
    endloop
  endfacet
  facet normal 0 0 1
    outer loop
      vertex 0.974712 4.93362 6
      vertex 0 32 6
      vertex 0.926815 4.92636 6
    endloop
  endfacet
  facet normal 0 0 1
    outer loop
      vertex 0.926815 4.92636 6
      vertex 0 32 6
      vertex 0.88113 4.9162 6
    endloop
  endfacet
  facet normal 0 0 1
    outer loop
      vertex 0.88113 4.9162 6
      vertex 0 32 6
      vertex 0.837643 4.90312 6
    endloop
  endfacet
  facet normal 0 0 1
    outer loop
      vertex 0.837643 4.90312 6
      vertex 0 32 6
      vertex 0.796368 4.88715 6
    endloop
  endfacet
  facet normal 0 0 1
    outer loop
      vertex 0.796368 4.88715 6
      vertex 0 32 6
      vertex 0.75729 4.86826 6
    endloop
  endfacet
  facet normal 0 0 1
    outer loop
      vertex 0.75729 4.86826 6
      vertex 0 32 6
      vertex 0.720425 4.84647 6
    endloop
  endfacet
  facet normal 0 0 1
    outer loop
      vertex 0.720425 4.84647 6
      vertex 0 32 6
      vertex 0.685772 4.82178 6
    endloop
  endfacet
  facet normal 0 0 1
    outer loop
      vertex 0.685772 4.82178 6
      vertex 0 32 6
      vertex 0.653316 4.79417 6
    endloop
  endfacet
  facet normal 0 0 1
    outer loop
      vertex 0.653316 4.79417 6
      vertex 0 32 6
      vertex 0.623074 4.76367 6
    endloop
  endfacet
  facet normal 0 0 1
    outer loop
      vertex 0.623074 4.76367 6
      vertex 0 32 6
      vertex 0.595043 4.73027 6
    endloop
  endfacet
  facet normal 0 0 1
    outer loop
      vertex 0.595043 4.73027 6
      vertex 0 32 6
      vertex 0.56921 4.69395 6
    endloop
  endfacet
  facet normal 0 0 1
    outer loop
      vertex 0.56921 4.69395 6
      vertex 0 32 6
      vertex 0.545437 4.65472 6
    endloop
  endfacet
  facet normal 0 0 1
    outer loop
      vertex 0.545437 4.65472 6
      vertex 0 32 6
      vertex 0.523556 4.61258 6
    endloop
  endfacet
  facet normal 0 0 1
    outer loop
      vertex 0.523556 4.61258 6
      vertex 0 32 6
      vertex 0.503597 4.5675 6
    endloop
  endfacet
  facet normal 0 0 1
    outer loop
      vertex 0.503597 4.5675 6
      vertex 0 32 6
      vertex 0.485516 4.51952 6
    endloop
  endfacet
  facet normal 0 0 1
    outer loop
      vertex 0.485516 4.51952 6
      vertex 0 32 6
      vertex 0.469357 4.46861 6
    endloop
  endfacet
  facet normal 0 0 1
    outer loop
      vertex 0.469357 4.46861 6
      vertex 0 32 6
      vertex 0.45509 4.41478 6
    endloop
  endfacet
  facet normal 0 0 1
    outer loop
      vertex 0.45509 4.41478 6
      vertex 0 32 6
      vertex 0.44273 4.35802 6
    endloop
  endfacet
  facet normal 0 0 1
    outer loop
      vertex 0.412289 4.10179 6
      vertex 0 0 6
      vertex 0.409435 4.03043 6
    endloop
  endfacet
  facet normal 0 0 1
    outer loop
      vertex 0.417049 4.17023 6
      vertex 0 0 6
      vertex 0.412289 4.10179 6
    endloop
  endfacet
  facet normal 0 0 1
    outer loop
      vertex 0 0 6
      vertex 0.417049 4.17023 6
      vertex 0 32 6
    endloop
  endfacet
  facet normal 0 0 1
    outer loop
      vertex 0.423702 4.23575 6
      vertex 0 32 6
      vertex 0.417049 4.17023 6
    endloop
  endfacet
  facet normal 0 0 1
    outer loop
      vertex 0.432262 4.29834 6
      vertex 0 32 6
      vertex 0.423702 4.23575 6
    endloop
  endfacet
  facet normal 0 0 1
    outer loop
      vertex 0.44273 4.35802 6
      vertex 0 32 6
      vertex 0.432262 4.29834 6
    endloop
  endfacet
  facet normal -0 0 1
    outer loop
      vertex 3.9674 3 6
      vertex 4.8 0 6
      vertex 3.9674 3.20749 6
    endloop
  endfacet
  facet normal -0 0 1
    outer loop
      vertex 2.70202 3 6
      vertex 4.8 0 6
      vertex 3.9674 3 6
    endloop
  endfacet
  facet normal 0 0 1
    outer loop
      vertex 2.70202 3.17223 6
      vertex 2.32672 3 6
      vertex 2.70202 3 6
    endloop
  endfacet
  facet normal 0 0 1
    outer loop
      vertex 2.70202 3 6
      vertex 2.32672 3 6
      vertex 4.8 0 6
    endloop
  endfacet
  facet normal 0 0 1
    outer loop
      vertex 0 0 6
      vertex 2.32672 3 6
      vertex 2.06227 3 6
    endloop
  endfacet
  facet normal 0 0 1
    outer loop
      vertex 2.32672 3.29701 6
      vertex 1.73225 3.81421 6
      vertex 2.06227 3.29701 6
    endloop
  endfacet
  facet normal -0 0 1
    outer loop
      vertex 1.72726 3.74725 6
      vertex 2.06227 3.29701 6
      vertex 1.73225 3.81421 6
    endloop
  endfacet
  facet normal -0 0 1
    outer loop
      vertex 1.72027 3.68297 6
      vertex 2.06227 3.29701 6
      vertex 1.72726 3.74725 6
    endloop
  endfacet
  facet normal -0 0 1
    outer loop
      vertex 1.71127 3.62138 6
      vertex 2.06227 3.29701 6
      vertex 1.72027 3.68297 6
    endloop
  endfacet
  facet normal -0 0 1
    outer loop
      vertex 1.70028 3.56247 6
      vertex 2.06227 3.29701 6
      vertex 1.71127 3.62138 6
    endloop
  endfacet
  facet normal -0 0 1
    outer loop
      vertex 1.6873 3.50624 6
      vertex 2.06227 3.29701 6
      vertex 1.70028 3.56247 6
    endloop
  endfacet
  facet normal -0 0 1
    outer loop
      vertex 1.6723 3.45268 6
      vertex 2.06227 3.29701 6
      vertex 1.6873 3.50624 6
    endloop
  endfacet
  facet normal -0 0 1
    outer loop
      vertex 1.65532 3.40181 6
      vertex 2.06227 3.29701 6
      vertex 1.6723 3.45268 6
    endloop
  endfacet
  facet normal -0 0 1
    outer loop
      vertex 1.63633 3.35362 6
      vertex 2.06227 3.29701 6
      vertex 1.65532 3.40181 6
    endloop
  endfacet
  facet normal -0 0 1
    outer loop
      vertex 1.61535 3.30811 6
      vertex 2.06227 3.29701 6
      vertex 1.63633 3.35362 6
    endloop
  endfacet
  facet normal 0 0 1
    outer loop
      vertex 1.59237 3.26529 6
      vertex 2.06227 3.29701 6
      vertex 1.61535 3.30811 6
    endloop
  endfacet
  facet normal 0 0 1
    outer loop
      vertex 2.06227 3.29701 6
      vertex 1.59237 3.26529 6
      vertex 2.06227 3 6
    endloop
  endfacet
  facet normal -0 0 1
    outer loop
      vertex 1.56739 3.22513 6
      vertex 2.06227 3 6
      vertex 1.59237 3.26529 6
    endloop
  endfacet
  facet normal -0 0 1
    outer loop
      vertex 1.54046 3.18782 6
      vertex 2.06227 3 6
      vertex 1.56739 3.22513 6
    endloop
  endfacet
  facet normal -0 0 1
    outer loop
      vertex 1.51164 3.15349 6
      vertex 2.06227 3 6
      vertex 1.54046 3.18782 6
    endloop
  endfacet
  facet normal -0 0 1
    outer loop
      vertex 1.48091 3.12213 6
      vertex 2.06227 3 6
      vertex 1.51164 3.15349 6
    endloop
  endfacet
  facet normal -0 0 1
    outer loop
      vertex 1.44827 3.09378 6
      vertex 2.06227 3 6
      vertex 1.48091 3.12213 6
    endloop
  endfacet
  facet normal -0 0 1
    outer loop
      vertex 1.41374 3.06841 6
      vertex 2.06227 3 6
      vertex 1.44827 3.09378 6
    endloop
  endfacet
  facet normal -0 0 1
    outer loop
      vertex 1.3773 3.04601 6
      vertex 2.06227 3 6
      vertex 1.41374 3.06841 6
    endloop
  endfacet
  facet normal -0 0 1
    outer loop
      vertex 1.33897 3.02661 6
      vertex 2.06227 3 6
      vertex 1.3773 3.04601 6
    endloop
  endfacet
  facet normal -0 0 1
    outer loop
      vertex 1.29872 3.01019 6
      vertex 2.06227 3 6
      vertex 1.33897 3.02661 6
    endloop
  endfacet
  facet normal 0 0 1
    outer loop
      vertex 1.25659 2.99677 6
      vertex 2.06227 3 6
      vertex 1.29872 3.01019 6
    endloop
  endfacet
  facet normal 0 0 1
    outer loop
      vertex 1.21254 2.98633 6
      vertex 2.06227 3 6
      vertex 1.25659 2.99677 6
    endloop
  endfacet
  facet normal 0 0 1
    outer loop
      vertex 2.06227 3 6
      vertex 1.21254 2.98633 6
      vertex 0 0 6
    endloop
  endfacet
  facet normal 0 0 1
    outer loop
      vertex 0 0 6
      vertex 1.21254 2.98633 6
      vertex 1.16659 2.97885 6
    endloop
  endfacet
  facet normal 0 0 1
    outer loop
      vertex 0 0 6
      vertex 1.16659 2.97885 6
      vertex 1.11874 2.97438 6
    endloop
  endfacet
  facet normal 0 0 1
    outer loop
      vertex 0 0 6
      vertex 1.11874 2.97438 6
      vertex 1.069 2.97289 6
    endloop
  endfacet
  facet normal 0 0 1
    outer loop
      vertex 0 0 6
      vertex 1.069 2.97289 6
      vertex 1.01925 2.97437 6
    endloop
  endfacet
  facet normal 0 0 1
    outer loop
      vertex 0 0 6
      vertex 1.01925 2.97437 6
      vertex 0.971462 2.97882 6
    endloop
  endfacet
  facet normal 0 0 1
    outer loop
      vertex 0 0 6
      vertex 0.971462 2.97882 6
      vertex 0.925625 2.98625 6
    endloop
  endfacet
  facet normal 0 0 1
    outer loop
      vertex 0 0 6
      vertex 0.925625 2.98625 6
      vertex 0.88171 2.99664 6
    endloop
  endfacet
  facet normal 0 0 1
    outer loop
      vertex 0 0 6
      vertex 0.88171 2.99664 6
      vertex 0.839748 3.00999 6
    endloop
  endfacet
  facet normal 0 0 1
    outer loop
      vertex 0 0 6
      vertex 0.839748 3.00999 6
      vertex 0.799725 3.02632 6
    endloop
  endfacet
  facet normal 0 0 1
    outer loop
      vertex 0 0 6
      vertex 0.799725 3.02632 6
      vertex 0.761639 3.04562 6
    endloop
  endfacet
  facet normal 0 0 1
    outer loop
      vertex 0 0 6
      vertex 0.761639 3.04562 6
      vertex 0.725506 3.06789 6
    endloop
  endfacet
  facet normal 0 0 1
    outer loop
      vertex 0 0 6
      vertex 0.725506 3.06789 6
      vertex 0.691311 3.09312 6
    endloop
  endfacet
  facet normal 0 0 1
    outer loop
      vertex 0.409435 4.03043 6
      vertex 0 0 6
      vertex 0.408489 3.95615 6
    endloop
  endfacet
  facet normal 0 0 1
    outer loop
      vertex 2.32672 3 6
      vertex 0 0 6
      vertex 4.8 0 6
    endloop
  endfacet
  facet normal 0 0 1
    outer loop
      vertex 0.659054 3.12134 6
      vertex 0 0 6
      vertex 0.691311 3.09312 6
    endloop
  endfacet
  facet normal 0 0 1
    outer loop
      vertex 0.62875 3.15251 6
      vertex 0 0 6
      vertex 0.659054 3.12134 6
    endloop
  endfacet
  facet normal 0 0 1
    outer loop
      vertex 0.600384 3.18666 6
      vertex 0 0 6
      vertex 0.62875 3.15251 6
    endloop
  endfacet
  facet normal 0 0 1
    outer loop
      vertex 0.573956 3.22377 6
      vertex 0 0 6
      vertex 0.600384 3.18666 6
    endloop
  endfacet
  facet normal 0 0 1
    outer loop
      vertex 0.54948 3.26373 6
      vertex 0 0 6
      vertex 0.573956 3.22377 6
    endloop
  endfacet
  facet normal 0 0 1
    outer loop
      vertex 0.526958 3.30643 6
      vertex 0 0 6
      vertex 0.54948 3.26373 6
    endloop
  endfacet
  facet normal 0 0 1
    outer loop
      vertex 0.50639 3.35185 6
      vertex 0 0 6
      vertex 0.526958 3.30643 6
    endloop
  endfacet
  facet normal 0 0 1
    outer loop
      vertex 0.487789 3.40001 6
      vertex 0 0 6
      vertex 0.50639 3.35185 6
    endloop
  endfacet
  facet normal 0 0 1
    outer loop
      vertex 0.471157 3.45088 6
      vertex 0 0 6
      vertex 0.487789 3.40001 6
    endloop
  endfacet
  facet normal 0 0 1
    outer loop
      vertex 0.456463 3.50449 6
      vertex 0 0 6
      vertex 0.471157 3.45088 6
    endloop
  endfacet
  facet normal 0 0 1
    outer loop
      vertex 0.443737 3.56082 6
      vertex 0 0 6
      vertex 0.456463 3.50449 6
    endloop
  endfacet
  facet normal 0 0 1
    outer loop
      vertex 0.432964 3.61989 6
      vertex 0 0 6
      vertex 0.443737 3.56082 6
    endloop
  endfacet
  facet normal 0 0 1
    outer loop
      vertex 0.42416 3.68169 6
      vertex 0 0 6
      vertex 0.432964 3.61989 6
    endloop
  endfacet
  facet normal 0 0 1
    outer loop
      vertex 0.417309 3.74622 6
      vertex 0 0 6
      vertex 0.42416 3.68169 6
    endloop
  endfacet
  facet normal 0 0 1
    outer loop
      vertex 0.412411 3.81346 6
      vertex 0 0 6
      vertex 0.417309 3.74622 6
    endloop
  endfacet
  facet normal 0 0 1
    outer loop
      vertex 0.409466 3.88344 6
      vertex 0 0 6
      vertex 0.412411 3.81346 6
    endloop
  endfacet
  facet normal 0 0 1
    outer loop
      vertex 0.408489 3.95615 6
      vertex 0 0 6
      vertex 0.409466 3.88344 6
    endloop
  endfacet
  facet normal 0 0 1
    outer loop
      vertex 4.8 0 6
      vertex 3.93725 4.39882 6
      vertex 3.9674 3.20749 6
    endloop
  endfacet
  facet normal -0 0 1
    outer loop
      vertex 3.93635 4.38173 6
      vertex 3.9674 3.20749 6
      vertex 3.93725 4.39882 6
    endloop
  endfacet
  facet normal -0 0 1
    outer loop
      vertex 3.93484 4.36465 6
      vertex 3.9674 3.20749 6
      vertex 3.93635 4.38173 6
    endloop
  endfacet
  facet normal -0 0 1
    outer loop
      vertex 3.93274 4.34761 6
      vertex 3.9674 3.20749 6
      vertex 3.93484 4.36465 6
    endloop
  endfacet
  facet normal -0 0 1
    outer loop
      vertex 3.93003 4.33057 6
      vertex 3.9674 3.20749 6
      vertex 3.93274 4.34761 6
    endloop
  endfacet
  facet normal -0 0 1
    outer loop
      vertex 3.92672 4.31355 6
      vertex 3.9674 3.20749 6
      vertex 3.93003 4.33057 6
    endloop
  endfacet
  facet normal -0 0 1
    outer loop
      vertex 3.9228 4.29655 6
      vertex 3.9674 3.20749 6
      vertex 3.92672 4.31355 6
    endloop
  endfacet
  facet normal -0 0 1
    outer loop
      vertex 3.9183 4.27956 6
      vertex 3.9674 3.20749 6
      vertex 3.9228 4.29655 6
    endloop
  endfacet
  facet normal -0 0 1
    outer loop
      vertex 3.91317 4.26259 6
      vertex 3.9674 3.20749 6
      vertex 3.9183 4.27956 6
    endloop
  endfacet
  facet normal -0 0 1
    outer loop
      vertex 3.90747 4.24562 6
      vertex 3.9674 3.20749 6
      vertex 3.91317 4.26259 6
    endloop
  endfacet
  facet normal -0 0 1
    outer loop
      vertex 3.90113 4.22868 6
      vertex 3.9674 3.20749 6
      vertex 3.90747 4.24562 6
    endloop
  endfacet
  facet normal -0 0 1
    outer loop
      vertex 3.89422 4.21176 6
      vertex 3.9674 3.20749 6
      vertex 3.90113 4.22868 6
    endloop
  endfacet
  facet normal -0 0 1
    outer loop
      vertex 3.8867 4.19485 6
      vertex 3.9674 3.20749 6
      vertex 3.89422 4.21176 6
    endloop
  endfacet
  facet normal -0 0 1
    outer loop
      vertex 3.87858 4.17795 6
      vertex 3.9674 3.20749 6
      vertex 3.8867 4.19485 6
    endloop
  endfacet
  facet normal -0 0 1
    outer loop
      vertex 3.86987 4.16106 6
      vertex 3.9674 3.20749 6
      vertex 3.87858 4.17795 6
    endloop
  endfacet
  facet normal -0 0 1
    outer loop
      vertex 3.86059 4.14415 6
      vertex 3.9674 3.20749 6
      vertex 3.86987 4.16106 6
    endloop
  endfacet
  facet normal -0 0 1
    outer loop
      vertex 3.8507 4.12724 6
      vertex 3.9674 3.20749 6
      vertex 3.86059 4.14415 6
    endloop
  endfacet
  facet normal -0 0 1
    outer loop
      vertex 3.84025 4.11035 6
      vertex 3.9674 3.20749 6
      vertex 3.8507 4.12724 6
    endloop
  endfacet
  facet normal -0 0 1
    outer loop
      vertex 3.8292 4.09344 6
      vertex 3.9674 3.20749 6
      vertex 3.84025 4.11035 6
    endloop
  endfacet
  facet normal -0 0 1
    outer loop
      vertex 3.81758 4.07654 6
      vertex 3.9674 3.20749 6
      vertex 3.8292 4.09344 6
    endloop
  endfacet
  facet normal -0 0 1
    outer loop
      vertex 3.80536 4.05965 6
      vertex 3.9674 3.20749 6
      vertex 3.81758 4.07654 6
    endloop
  endfacet
  facet normal -0 0 1
    outer loop
      vertex 3.79255 4.04274 6
      vertex 3.9674 3.20749 6
      vertex 3.80536 4.05965 6
    endloop
  endfacet
  facet normal -0 0 1
    outer loop
      vertex 3.77916 4.02583 6
      vertex 3.9674 3.20749 6
      vertex 3.79255 4.04274 6
    endloop
  endfacet
  facet normal -0 0 1
    outer loop
      vertex 3.76518 4.00894 6
      vertex 3.9674 3.20749 6
      vertex 3.77916 4.02583 6
    endloop
  endfacet
  facet normal -0 0 1
    outer loop
      vertex 3.75062 3.99203 6
      vertex 3.9674 3.20749 6
      vertex 3.76518 4.00894 6
    endloop
  endfacet
  facet normal -0 0 1
    outer loop
      vertex 3.73547 3.97513 6
      vertex 3.9674 3.20749 6
      vertex 3.75062 3.99203 6
    endloop
  endfacet
  facet normal -0 0 1
    outer loop
      vertex 3.71896 3.95752 6
      vertex 3.9674 3.20749 6
      vertex 3.73547 3.97513 6
    endloop
  endfacet
  facet normal -0 0 1
    outer loop
      vertex 3.70027 3.93848 6
      vertex 3.9674 3.20749 6
      vertex 3.71896 3.95752 6
    endloop
  endfacet
  facet normal -0 0 1
    outer loop
      vertex 3.67941 3.918 6
      vertex 3.9674 3.20749 6
      vertex 3.70027 3.93848 6
    endloop
  endfacet
  facet normal -0 0 1
    outer loop
      vertex 3.65638 3.8961 6
      vertex 3.9674 3.20749 6
      vertex 3.67941 3.918 6
    endloop
  endfacet
  facet normal -0 0 1
    outer loop
      vertex 3.63119 3.87277 6
      vertex 3.9674 3.20749 6
      vertex 3.65638 3.8961 6
    endloop
  endfacet
  facet normal -0 0 1
    outer loop
      vertex 3.60383 3.84801 6
      vertex 3.9674 3.20749 6
      vertex 3.63119 3.87277 6
    endloop
  endfacet
  facet normal -0 0 1
    outer loop
      vertex 3.57431 3.82182 6
      vertex 3.9674 3.20749 6
      vertex 3.60383 3.84801 6
    endloop
  endfacet
  facet normal -0 0 1
    outer loop
      vertex 3.54261 3.7942 6
      vertex 3.9674 3.20749 6
      vertex 3.57431 3.82182 6
    endloop
  endfacet
  facet normal -0 0 1
    outer loop
      vertex 3.50875 3.76517 6
      vertex 3.9674 3.20749 6
      vertex 3.54261 3.7942 6
    endloop
  endfacet
  facet normal -0 0 1
    outer loop
      vertex 3.47273 3.7347 6
      vertex 3.9674 3.20749 6
      vertex 3.50875 3.76517 6
    endloop
  endfacet
  facet normal -0 0 1
    outer loop
      vertex 3.43454 3.7028 6
      vertex 3.9674 3.20749 6
      vertex 3.47273 3.7347 6
    endloop
  endfacet
  facet normal -0 0 1
    outer loop
      vertex 3.39418 3.66946 6
      vertex 3.9674 3.20749 6
      vertex 3.43454 3.7028 6
    endloop
  endfacet
  facet normal -0 0 1
    outer loop
      vertex 3.35165 3.63472 6
      vertex 3.9674 3.20749 6
      vertex 3.39418 3.66946 6
    endloop
  endfacet
  facet normal -0 0 1
    outer loop
      vertex 3.32803 3.61525 6
      vertex 3.9674 3.20749 6
      vertex 3.35165 3.63472 6
    endloop
  endfacet
  facet normal -0 0 1
    outer loop
      vertex 3.30517 3.59608 6
      vertex 3.9674 3.20749 6
      vertex 3.32803 3.61525 6
    endloop
  endfacet
  facet normal -0 0 1
    outer loop
      vertex 3.28306 3.57721 6
      vertex 3.9674 3.20749 6
      vertex 3.30517 3.59608 6
    endloop
  endfacet
  facet normal -0 0 1
    outer loop
      vertex 3.2617 3.55864 6
      vertex 3.9674 3.20749 6
      vertex 3.28306 3.57721 6
    endloop
  endfacet
  facet normal -0 0 1
    outer loop
      vertex 3.2411 3.54036 6
      vertex 3.9674 3.20749 6
      vertex 3.2617 3.55864 6
    endloop
  endfacet
  facet normal -0 0 1
    outer loop
      vertex 3.22126 3.52238 6
      vertex 3.9674 3.20749 6
      vertex 3.2411 3.54036 6
    endloop
  endfacet
  facet normal -0 0 1
    outer loop
      vertex 3.20216 3.5047 6
      vertex 3.9674 3.20749 6
      vertex 3.22126 3.52238 6
    endloop
  endfacet
  facet normal -0 0 1
    outer loop
      vertex 3.18382 3.4873 6
      vertex 3.9674 3.20749 6
      vertex 3.20216 3.5047 6
    endloop
  endfacet
  facet normal -0 0 1
    outer loop
      vertex 3.16624 3.47021 6
      vertex 3.9674 3.20749 6
      vertex 3.18382 3.4873 6
    endloop
  endfacet
  facet normal -0 0 1
    outer loop
      vertex 3.14941 3.45343 6
      vertex 3.9674 3.20749 6
      vertex 3.16624 3.47021 6
    endloop
  endfacet
  facet normal -0 0 1
    outer loop
      vertex 3.13334 3.43694 6
      vertex 3.9674 3.20749 6
      vertex 3.14941 3.45343 6
    endloop
  endfacet
  facet normal -0 0 1
    outer loop
      vertex 3.11802 3.42073 6
      vertex 3.9674 3.20749 6
      vertex 3.13334 3.43694 6
    endloop
  endfacet
  facet normal -0 0 1
    outer loop
      vertex 3.10345 3.40483 6
      vertex 3.9674 3.20749 6
      vertex 3.11802 3.42073 6
    endloop
  endfacet
  facet normal -0 0 1
    outer loop
      vertex 3.08958 3.38913 6
      vertex 3.9674 3.20749 6
      vertex 3.10345 3.40483 6
    endloop
  endfacet
  facet normal -0 0 1
    outer loop
      vertex 3.07631 3.3735 6
      vertex 3.9674 3.20749 6
      vertex 3.08958 3.38913 6
    endloop
  endfacet
  facet normal -0 0 1
    outer loop
      vertex 3.06364 3.35797 6
      vertex 3.9674 3.20749 6
      vertex 3.07631 3.3735 6
    endloop
  endfacet
  facet normal -0 0 1
    outer loop
      vertex 3.05159 3.34253 6
      vertex 3.9674 3.20749 6
      vertex 3.06364 3.35797 6
    endloop
  endfacet
  facet normal -0 0 1
    outer loop
      vertex 3.04014 3.32716 6
      vertex 3.9674 3.20749 6
      vertex 3.05159 3.34253 6
    endloop
  endfacet
  facet normal -0 0 1
    outer loop
      vertex 3.02931 3.3119 6
      vertex 3.9674 3.20749 6
      vertex 3.04014 3.32716 6
    endloop
  endfacet
  facet normal -0 0 1
    outer loop
      vertex 3.01908 3.29672 6
      vertex 3.9674 3.20749 6
      vertex 3.02931 3.3119 6
    endloop
  endfacet
  facet normal -0 0 1
    outer loop
      vertex 3.00947 3.28163 6
      vertex 3.9674 3.20749 6
      vertex 3.01908 3.29672 6
    endloop
  endfacet
  facet normal -0 0 1
    outer loop
      vertex 3.00047 3.26662 6
      vertex 3.9674 3.20749 6
      vertex 3.00947 3.28163 6
    endloop
  endfacet
  facet normal -0 0 1
    outer loop
      vertex 2.99208 3.25171 6
      vertex 3.9674 3.20749 6
      vertex 3.00047 3.26662 6
    endloop
  endfacet
  facet normal -0 0 1
    outer loop
      vertex 2.98429 3.23688 6
      vertex 3.9674 3.20749 6
      vertex 2.99208 3.25171 6
    endloop
  endfacet
  facet normal -0 0 1
    outer loop
      vertex 2.97712 3.22214 6
      vertex 3.9674 3.20749 6
      vertex 2.98429 3.23688 6
    endloop
  endfacet
  facet normal 0 0 1
    outer loop
      vertex 3.9674 3.20749 6
      vertex 2.97712 3.22214 6
      vertex 2.97056 3.20749 6
    endloop
  endfacet
  facet normal 0 0 1
    outer loop
      vertex 3.38688 4.73666 6
      vertex 3.68666 4.40778 6
      vertex 3.68611 4.43156 6
    endloop
  endfacet
  facet normal 0 0 1
    outer loop
      vertex 3.68666 4.40778 6
      vertex 3.38688 4.73666 6
      vertex 3.68634 4.38997 6
    endloop
  endfacet
  facet normal 0 0 1
    outer loop
      vertex 3.41 4.73409 6
      vertex 3.68611 4.43156 6
      vertex 3.68447 4.45451 6
    endloop
  endfacet
  facet normal 0 0 1
    outer loop
      vertex 3.36291 4.7382 6
      vertex 3.68634 4.38997 6
      vertex 3.38688 4.73666 6
    endloop
  endfacet
  facet normal 0 0 1
    outer loop
      vertex 3.43228 4.7305 6
      vertex 3.68447 4.45451 6
      vertex 3.68174 4.47664 6
    endloop
  endfacet
  facet normal 0 0 1
    outer loop
      vertex 3.68634 4.38997 6
      vertex 3.36291 4.7382 6
      vertex 3.68539 4.37247 6
    endloop
  endfacet
  facet normal 0 0 1
    outer loop
      vertex 3.68539 4.37247 6
      vertex 3.36291 4.7382 6
      vertex 3.6838 4.35524 6
    endloop
  endfacet
  facet normal 0 0 1
    outer loop
      vertex 3.4537 4.72588 6
      vertex 3.68174 4.47664 6
      vertex 3.67793 4.49792 6
    endloop
  endfacet
  facet normal 0 0 1
    outer loop
      vertex 3.68611 4.43156 6
      vertex 3.41 4.73409 6
      vertex 3.38688 4.73666 6
    endloop
  endfacet
  facet normal 0 0 1
    outer loop
      vertex 3.47425 4.72021 6
      vertex 3.67793 4.49792 6
      vertex 3.67302 4.51837 6
    endloop
  endfacet
  facet normal 0 0 1
    outer loop
      vertex 3.3381 4.73871 6
      vertex 3.6838 4.35524 6
      vertex 3.36291 4.7382 6
    endloop
  endfacet
  facet normal 0 0 1
    outer loop
      vertex 3.47425 4.72021 6
      vertex 3.67302 4.51837 6
      vertex 3.667 4.53798 6
    endloop
  endfacet
  facet normal 0 0 1
    outer loop
      vertex 3.6838 4.35524 6
      vertex 3.3381 4.73871 6
      vertex 3.68158 4.33832 6
    endloop
  endfacet
  facet normal 0 0 1
    outer loop
      vertex 3.68158 4.33832 6
      vertex 3.3381 4.73871 6
      vertex 3.67872 4.32167 6
    endloop
  endfacet
  facet normal 0 0 1
    outer loop
      vertex 3.47425 4.72021 6
      vertex 3.667 4.53798 6
      vertex 3.65991 4.55676 6
    endloop
  endfacet
  facet normal 0 0 1
    outer loop
      vertex 3.67872 4.32167 6
      vertex 3.3381 4.73871 6
      vertex 3.67524 4.30531 6
    endloop
  endfacet
  facet normal 0 0 1
    outer loop
      vertex 3.47425 4.72021 6
      vertex 3.65991 4.55676 6
      vertex 3.65173 4.57471 6
    endloop
  endfacet
  facet normal 0 0 1
    outer loop
      vertex 3.68447 4.45451 6
      vertex 3.43228 4.7305 6
      vertex 3.41 4.73409 6
    endloop
  endfacet
  facet normal 0 0 1
    outer loop
      vertex 3.47425 4.72021 6
      vertex 3.65173 4.57471 6
      vertex 3.64245 4.59181 6
    endloop
  endfacet
  facet normal 0 0 1
    outer loop
      vertex 3.67524 4.30531 6
      vertex 3.3381 4.73871 6
      vertex 3.67112 4.28925 6
    endloop
  endfacet
  facet normal -0 0 1
    outer loop
      vertex 3.31442 4.7382 6
      vertex 3.67112 4.28925 6
      vertex 3.3381 4.73871 6
    endloop
  endfacet
  facet normal 0 0 1
    outer loop
      vertex 3.47425 4.72021 6
      vertex 3.64245 4.59181 6
      vertex 3.63208 4.60809 6
    endloop
  endfacet
  facet normal 0 0 1
    outer loop
      vertex 3.67112 4.28925 6
      vertex 3.31442 4.7382 6
      vertex 3.66636 4.27347 6
    endloop
  endfacet
  facet normal 0 0 1
    outer loop
      vertex 3.47425 4.72021 6
      vertex 3.63208 4.60809 6
      vertex 3.62062 4.62354 6
    endloop
  endfacet
  facet normal 0 0 1
    outer loop
      vertex 3.66636 4.27347 6
      vertex 3.31442 4.7382 6
      vertex 3.66098 4.25798 6
    endloop
  endfacet
  facet normal 0 0 1
    outer loop
      vertex 3.47425 4.72021 6
      vertex 3.62062 4.62354 6
      vertex 3.60806 4.63814 6
    endloop
  endfacet
  facet normal 0 0 1
    outer loop
      vertex 3.68174 4.47664 6
      vertex 3.4537 4.72588 6
      vertex 3.43228 4.7305 6
    endloop
  endfacet
  facet normal 0 0 1
    outer loop
      vertex 3.66098 4.25798 6
      vertex 3.31442 4.7382 6
      vertex 3.65495 4.24278 6
    endloop
  endfacet
  facet normal 0 0 1
    outer loop
      vertex 3.47425 4.72021 6
      vertex 3.60806 4.63814 6
      vertex 3.59442 4.65192 6
    endloop
  endfacet
  facet normal 0 0 1
    outer loop
      vertex 3.65495 4.24278 6
      vertex 3.31442 4.7382 6
      vertex 3.6483 4.22787 6
    endloop
  endfacet
  facet normal 0 0 1
    outer loop
      vertex 3.47425 4.72021 6
      vertex 3.59442 4.65192 6
      vertex 3.5798 4.66475 6
    endloop
  endfacet
  facet normal 0 0 1
    outer loop
      vertex 3.6483 4.22787 6
      vertex 3.31442 4.7382 6
      vertex 3.641 4.21324 6
    endloop
  endfacet
  facet normal 0 0 1
    outer loop
      vertex 3.641 4.21324 6
      vertex 3.31442 4.7382 6
      vertex 3.63308 4.19891 6
    endloop
  endfacet
  facet normal 0 0 1
    outer loop
      vertex 3.47425 4.72021 6
      vertex 3.5798 4.66475 6
      vertex 3.56434 4.67656 6
    endloop
  endfacet
  facet normal 0 0 1
    outer loop
      vertex 3.67793 4.49792 6
      vertex 3.47425 4.72021 6
      vertex 3.4537 4.72588 6
    endloop
  endfacet
  facet normal 0 0 1
    outer loop
      vertex 3.47425 4.72021 6
      vertex 3.56434 4.67656 6
      vertex 3.54803 4.68735 6
    endloop
  endfacet
  facet normal -0 0 1
    outer loop
      vertex 3.29141 4.73671 6
      vertex 3.63308 4.19891 6
      vertex 3.31442 4.7382 6
    endloop
  endfacet
  facet normal 0 0 1
    outer loop
      vertex 3.63308 4.19891 6
      vertex 3.29141 4.73671 6
      vertex 3.62463 4.18477 6
    endloop
  endfacet
  facet normal 0 0 1
    outer loop
      vertex 3.51284 4.70584 6
      vertex 3.54803 4.68735 6
      vertex 3.53086 4.69711 6
    endloop
  endfacet
  facet normal 0 0 1
    outer loop
      vertex 3.49398 4.71355 6
      vertex 3.54803 4.68735 6
      vertex 3.51284 4.70584 6
    endloop
  endfacet
  facet normal 0 0 1
    outer loop
      vertex 3.47425 4.72021 6
      vertex 3.54803 4.68735 6
      vertex 3.49398 4.71355 6
    endloop
  endfacet
  facet normal -0 0 1
    outer loop
      vertex 2.96241 4.41591 6
      vertex 3.62463 4.18477 6
      vertex 3.29141 4.73671 6
    endloop
  endfacet
  facet normal 0 0 1
    outer loop
      vertex 3.62463 4.18477 6
      vertex 2.96241 4.41591 6
      vertex 3.61581 4.17073 6
    endloop
  endfacet
  facet normal 0 0 1
    outer loop
      vertex 3.61581 4.17073 6
      vertex 2.96241 4.41591 6
      vertex 3.60658 4.15678 6
    endloop
  endfacet
  facet normal 0 0 1
    outer loop
      vertex 3.60658 4.15678 6
      vertex 2.96241 4.41591 6
      vertex 3.59697 4.14293 6
    endloop
  endfacet
  facet normal 0 0 1
    outer loop
      vertex 3.58694 4.12918 6
      vertex 2.96241 4.41591 6
      vertex 3.57653 4.11551 6
    endloop
  endfacet
  facet normal 0 0 1
    outer loop
      vertex 3.57653 4.11551 6
      vertex 2.96241 4.41591 6
      vertex 3.56575 4.10196 6
    endloop
  endfacet
  facet normal 0 0 1
    outer loop
      vertex 3.56575 4.10196 6
      vertex 2.96241 4.41591 6
      vertex 3.55455 4.08849 6
    endloop
  endfacet
  facet normal 0 0 1
    outer loop
      vertex 3.55455 4.08849 6
      vertex 2.96241 4.41591 6
      vertex 3.54296 4.07512 6
    endloop
  endfacet
  facet normal 0 0 1
    outer loop
      vertex 3.54296 4.07512 6
      vertex 2.96241 4.41591 6
      vertex 3.53099 4.06184 6
    endloop
  endfacet
  facet normal 0 0 1
    outer loop
      vertex 3.51861 4.04866 6
      vertex 2.96241 4.41591 6
      vertex 3.50586 4.03558 6
    endloop
  endfacet
  facet normal 0 0 1
    outer loop
      vertex 3.50586 4.03558 6
      vertex 2.96241 4.41591 6
      vertex 3.4927 4.0226 6
    endloop
  endfacet
  facet normal 0 0 1
    outer loop
      vertex 3.47921 4.00966 6
      vertex 2.96241 4.41591 6
      vertex 3.4655 3.99672 6
    endloop
  endfacet
  facet normal 0 0 1
    outer loop
      vertex 3.4655 3.99672 6
      vertex 2.96241 4.41591 6
      vertex 3.45152 3.98378 6
    endloop
  endfacet
  facet normal 0 0 1
    outer loop
      vertex 3.4373 3.97086 6
      vertex 2.96241 4.41591 6
      vertex 3.42282 3.95792 6
    endloop
  endfacet
  facet normal 0 0 1
    outer loop
      vertex 3.42282 3.95792 6
      vertex 2.96241 4.41591 6
      vertex 3.40809 3.94498 6
    endloop
  endfacet
  facet normal 0 0 1
    outer loop
      vertex 3.40809 3.94498 6
      vertex 2.96241 4.41591 6
      vertex 3.39312 3.93204 6
    endloop
  endfacet
  facet normal 0 0 1
    outer loop
      vertex 3.45152 3.98378 6
      vertex 2.96241 4.41591 6
      vertex 3.4373 3.97086 6
    endloop
  endfacet
  facet normal 0 0 1
    outer loop
      vertex 3.39312 3.93204 6
      vertex 2.96241 4.41591 6
      vertex 3.37791 3.91911 6
    endloop
  endfacet
  facet normal 0 0 1
    outer loop
      vertex 3.37791 3.91911 6
      vertex 2.96241 4.41591 6
      vertex 3.36244 3.90617 6
    endloop
  endfacet
  facet normal 0 0 1
    outer loop
      vertex 3.4927 4.0226 6
      vertex 2.96241 4.41591 6
      vertex 3.47921 4.00966 6
    endloop
  endfacet
  facet normal 0 0 1
    outer loop
      vertex 3.36244 3.90617 6
      vertex 2.96241 4.41591 6
      vertex 3.34672 3.89323 6
    endloop
  endfacet
  facet normal 0 0 1
    outer loop
      vertex 3.34672 3.89323 6
      vertex 2.96241 4.41591 6
      vertex 3.33076 3.88031 6
    endloop
  endfacet
  facet normal 0 0 1
    outer loop
      vertex 3.53099 4.06184 6
      vertex 2.96241 4.41591 6
      vertex 3.51861 4.04866 6
    endloop
  endfacet
  facet normal 0 0 1
    outer loop
      vertex 3.59697 4.14293 6
      vertex 2.96241 4.41591 6
      vertex 3.58694 4.12918 6
    endloop
  endfacet
  facet normal 0 0 1
    outer loop
      vertex 3.33076 3.88031 6
      vertex 2.96241 4.41591 6
      vertex 3.31454 3.86737 6
    endloop
  endfacet
  facet normal 0 0 1
    outer loop
      vertex 2.96241 4.41591 6
      vertex 3.29141 4.73671 6
      vertex 3.26902 4.73419 6
    endloop
  endfacet
  facet normal 0 0 1
    outer loop
      vertex 3.31454 3.86737 6
      vertex 2.96241 4.41591 6
      vertex 3.28148 3.84142 6
    endloop
  endfacet
  facet normal 0 0 1
    outer loop
      vertex 3.28148 3.84142 6
      vertex 2.96241 4.41591 6
      vertex 3.26486 3.82822 6
    endloop
  endfacet
  facet normal 0 0 1
    outer loop
      vertex 2.96241 4.41591 6
      vertex 3.26902 4.73419 6
      vertex 3.24731 4.73068 6
    endloop
  endfacet
  facet normal 0 0 1
    outer loop
      vertex 3.26486 3.82822 6
      vertex 2.96241 4.41591 6
      vertex 3.24821 3.81487 6
    endloop
  endfacet
  facet normal 0 0 1
    outer loop
      vertex 2.96241 4.41591 6
      vertex 3.24731 4.73068 6
      vertex 3.22624 4.72617 6
    endloop
  endfacet
  facet normal 0 0 1
    outer loop
      vertex 3.24821 3.81487 6
      vertex 2.96241 4.41591 6
      vertex 3.23153 3.80135 6
    endloop
  endfacet
  facet normal 0 0 1
    outer loop
      vertex 2.96241 4.41591 6
      vertex 3.22624 4.72617 6
      vertex 3.20582 4.72066 6
    endloop
  endfacet
  facet normal 0 0 1
    outer loop
      vertex 3.23153 3.80135 6
      vertex 2.96241 4.41591 6
      vertex 3.21484 3.78764 6
    endloop
  endfacet
  facet normal 0 0 1
    outer loop
      vertex 2.96241 4.41591 6
      vertex 3.20582 4.72066 6
      vertex 3.18605 4.71413 6
    endloop
  endfacet
  facet normal 0 0 1
    outer loop
      vertex 3.21484 3.78764 6
      vertex 2.96241 4.41591 6
      vertex 3.19812 3.77379 6
    endloop
  endfacet
  facet normal 0 0 1
    outer loop
      vertex 2.96241 4.41591 6
      vertex 3.18605 4.71413 6
      vertex 3.16693 4.7066 6
    endloop
  endfacet
  facet normal 0 0 1
    outer loop
      vertex 3.19812 3.77379 6
      vertex 2.96241 4.41591 6
      vertex 3.18138 3.75975 6
    endloop
  endfacet
  facet normal 0 0 1
    outer loop
      vertex 2.96241 4.41591 6
      vertex 3.16693 4.7066 6
      vertex 3.14845 4.69807 6
    endloop
  endfacet
  facet normal 0 0 1
    outer loop
      vertex 3.18138 3.75975 6
      vertex 2.96241 4.41591 6
      vertex 3.16461 3.74554 6
    endloop
  endfacet
  facet normal 0 0 1
    outer loop
      vertex 3.16461 3.74554 6
      vertex 2.96241 4.41591 6
      vertex 3.14781 3.73119 6
    endloop
  endfacet
  facet normal 0 0 1
    outer loop
      vertex 2.96241 4.41591 6
      vertex 3.14845 4.69807 6
      vertex 3.13064 4.68855 6
    endloop
  endfacet
  facet normal 0 0 1
    outer loop
      vertex 3.14781 3.73119 6
      vertex 2.96241 4.41591 6
      vertex 3.13099 3.71664 6
    endloop
  endfacet
  facet normal 0 0 1
    outer loop
      vertex 2.96241 4.41591 6
      vertex 3.13064 4.68855 6
      vertex 3.11346 4.67801 6
    endloop
  endfacet
  facet normal 0 0 1
    outer loop
      vertex 3.13099 3.71664 6
      vertex 2.96241 4.41591 6
      vertex 3.11415 3.70193 6
    endloop
  endfacet
  facet normal 0 0 1
    outer loop
      vertex 2.96241 4.41591 6
      vertex 3.11346 4.67801 6
      vertex 3.09695 4.66647 6
    endloop
  endfacet
  facet normal 0 0 1
    outer loop
      vertex 2.96241 4.41591 6
      vertex 3.09695 4.66647 6
      vertex 3.08108 4.65393 6
    endloop
  endfacet
  facet normal 0 0 1
    outer loop
      vertex 3.11415 3.70193 6
      vertex 2.96241 4.41591 6
      vertex 3.09729 3.68706 6
    endloop
  endfacet
  facet normal 0 0 1
    outer loop
      vertex 2.96241 4.41591 6
      vertex 3.08108 4.65393 6
      vertex 3.06602 4.64049 6
    endloop
  endfacet
  facet normal 0 0 1
    outer loop
      vertex 3.09729 3.68706 6
      vertex 2.96241 4.41591 6
      vertex 3.08039 3.67201 6
    endloop
  endfacet
  facet normal 0 0 1
    outer loop
      vertex 2.96241 4.41591 6
      vertex 3.06602 4.64049 6
      vertex 3.05197 4.62624 6
    endloop
  endfacet
  facet normal 0 0 1
    outer loop
      vertex 2.71286 4.43896 6
      vertex 3.08039 3.67201 6
      vertex 2.96241 4.41591 6
    endloop
  endfacet
  facet normal 0 0 1
    outer loop
      vertex 2.96241 4.41591 6
      vertex 3.05197 4.62624 6
      vertex 3.03889 4.61116 6
    endloop
  endfacet
  facet normal 0 0 1
    outer loop
      vertex 3.08039 3.67201 6
      vertex 2.71286 4.43896 6
      vertex 3.06356 3.65675 6
    endloop
  endfacet
  facet normal 0 0 1
    outer loop
      vertex 2.96241 4.41591 6
      vertex 3.03889 4.61116 6
      vertex 3.02679 4.59529 6
    endloop
  endfacet
  facet normal 0 0 1
    outer loop
      vertex 2.96241 4.41591 6
      vertex 3.02679 4.59529 6
      vertex 3.0157 4.5786 6
    endloop
  endfacet
  facet normal 0 0 1
    outer loop
      vertex 3.06356 3.65675 6
      vertex 2.71286 4.43896 6
      vertex 3.04684 3.64122 6
    endloop
  endfacet
  facet normal 0 0 1
    outer loop
      vertex 2.96241 4.41591 6
      vertex 3.0157 4.5786 6
      vertex 3.00558 4.5611 6
    endloop
  endfacet
  facet normal 0 0 1
    outer loop
      vertex 3.04684 3.64122 6
      vertex 2.71286 4.43896 6
      vertex 3.03024 3.62541 6
    endloop
  endfacet
  facet normal 0 0 1
    outer loop
      vertex 2.96241 4.41591 6
      vertex 3.00558 4.5611 6
      vertex 2.99646 4.54279 6
    endloop
  endfacet
  facet normal 0 0 1
    outer loop
      vertex 2.96241 4.41591 6
      vertex 2.99646 4.54279 6
      vertex 2.98831 4.52367 6
    endloop
  endfacet
  facet normal 0 0 1
    outer loop
      vertex 3.03024 3.62541 6
      vertex 2.71286 4.43896 6
      vertex 3.01376 3.60933 6
    endloop
  endfacet
  facet normal 0 0 1
    outer loop
      vertex 2.96241 4.41591 6
      vertex 2.98831 4.52367 6
      vertex 2.98115 4.50374 6
    endloop
  endfacet
  facet normal 0 0 1
    outer loop
      vertex 2.96241 4.41591 6
      vertex 2.98115 4.50374 6
      vertex 2.97499 4.483 6
    endloop
  endfacet
  facet normal 0 0 1
    outer loop
      vertex 2.96241 4.41591 6
      vertex 2.97499 4.483 6
      vertex 2.96981 4.46144 6
    endloop
  endfacet
  facet normal 0 0 1
    outer loop
      vertex 2.96241 4.41591 6
      vertex 2.96981 4.46144 6
      vertex 2.96562 4.43909 6
    endloop
  endfacet
  facet normal 0 0 1
    outer loop
      vertex 3.01376 3.60933 6
      vertex 2.71286 4.43896 6
      vertex 2.9974 3.59297 6
    endloop
  endfacet
  facet normal 0 0 1
    outer loop
      vertex 2.9974 3.59297 6
      vertex 2.71286 4.43896 6
      vertex 2.98117 3.57634 6
    endloop
  endfacet
  facet normal 0 0 1
    outer loop
      vertex 2.98117 3.57634 6
      vertex 2.71286 4.43896 6
      vertex 2.96505 3.55943 6
    endloop
  endfacet
  facet normal 0 0 1
    outer loop
      vertex 2.96505 3.55943 6
      vertex 2.71286 4.43896 6
      vertex 2.94905 3.54227 6
    endloop
  endfacet
  facet normal 0 0 1
    outer loop
      vertex 2.94905 3.54227 6
      vertex 2.71286 4.43896 6
      vertex 2.93316 3.52481 6
    endloop
  endfacet
  facet normal 0 0 1
    outer loop
      vertex 2.93316 3.52481 6
      vertex 2.71286 4.43896 6
      vertex 2.91742 3.5071 6
    endloop
  endfacet
  facet normal 0 0 1
    outer loop
      vertex 2.91742 3.5071 6
      vertex 2.71286 4.43896 6
      vertex 2.90178 3.48911 6
    endloop
  endfacet
  facet normal 0 0 1
    outer loop
      vertex 2.32672 3.29701 6
      vertex 2.90178 3.48911 6
      vertex 2.71286 4.43896 6
    endloop
  endfacet
  facet normal 0 0 1
    outer loop
      vertex 2.90178 3.48911 6
      vertex 2.32672 3.29701 6
      vertex 2.88626 3.47083 6
    endloop
  endfacet
  facet normal 0 0 1
    outer loop
      vertex 2.88626 3.47083 6
      vertex 2.32672 3.29701 6
      vertex 2.87086 3.45229 6
    endloop
  endfacet
  facet normal 0 0 1
    outer loop
      vertex 2.87086 3.45229 6
      vertex 2.32672 3.29701 6
      vertex 2.85569 3.4334 6
    endloop
  endfacet
  facet normal 0 0 1
    outer loop
      vertex 2.85569 3.4334 6
      vertex 2.32672 3.29701 6
      vertex 2.84091 3.41406 6
    endloop
  endfacet
  facet normal 0 0 1
    outer loop
      vertex 2.84091 3.41406 6
      vertex 2.32672 3.29701 6
      vertex 2.82647 3.39429 6
    endloop
  endfacet
  facet normal 0 0 1
    outer loop
      vertex 2.82647 3.39429 6
      vertex 2.32672 3.29701 6
      vertex 2.8124 3.37407 6
    endloop
  endfacet
  facet normal 0 0 1
    outer loop
      vertex 2.8124 3.37407 6
      vertex 2.32672 3.29701 6
      vertex 2.79869 3.35341 6
    endloop
  endfacet
  facet normal 0 0 1
    outer loop
      vertex 2.79869 3.35341 6
      vertex 2.32672 3.29701 6
      vertex 2.78535 3.33231 6
    endloop
  endfacet
  facet normal 0 0 1
    outer loop
      vertex 2.78535 3.33231 6
      vertex 2.32672 3.29701 6
      vertex 2.77235 3.31076 6
    endloop
  endfacet
  facet normal 0 0 1
    outer loop
      vertex 2.77235 3.31076 6
      vertex 2.32672 3.29701 6
      vertex 2.75973 3.28877 6
    endloop
  endfacet
  facet normal 0 0 1
    outer loop
      vertex 2.75973 3.28877 6
      vertex 2.32672 3.29701 6
      vertex 2.74746 3.26636 6
    endloop
  endfacet
  facet normal 0 0 1
    outer loop
      vertex 2.74746 3.26636 6
      vertex 2.32672 3.29701 6
      vertex 2.73556 3.24348 6
    endloop
  endfacet
  facet normal 0 0 1
    outer loop
      vertex 2.73556 3.24348 6
      vertex 2.32672 3.29701 6
      vertex 2.72403 3.22017 6
    endloop
  endfacet
  facet normal 0 0 1
    outer loop
      vertex 0.655331 3.95615 6
      vertex 1.48808 3.95615 6
      vertex 1.4875 4.01845 6
    endloop
  endfacet
  facet normal -0 0 1
    outer loop
      vertex 0.65591 4.01923 6
      vertex 1.4875 4.01845 6
      vertex 1.48581 4.07803 6
    endloop
  endfacet
  facet normal 0 0 1
    outer loop
      vertex 1.48808 3.95615 6
      vertex 0.655331 3.95615 6
      vertex 1.48748 3.89603 6
    endloop
  endfacet
  facet normal -0 0 1
    outer loop
      vertex 0.657665 4.07951 6
      vertex 1.48581 4.07803 6
      vertex 1.48298 4.13493 6
    endloop
  endfacet
  facet normal 0 -0 1
    outer loop
      vertex 0.655926 3.89485 6
      vertex 1.48748 3.89603 6
      vertex 0.655331 3.95615 6
    endloop
  endfacet
  facet normal -0 0 1
    outer loop
      vertex 0.660564 4.13701 6
      vertex 1.48298 4.13493 6
      vertex 1.47902 4.18913 6
    endloop
  endfacet
  facet normal 0 0 1
    outer loop
      vertex 1.48748 3.89603 6
      vertex 0.655926 3.89485 6
      vertex 1.4857 3.83835 6
    endloop
  endfacet
  facet normal -0 0 1
    outer loop
      vertex 0.664639 4.19171 6
      vertex 1.47902 4.18913 6
      vertex 1.47393 4.24065 6
    endloop
  endfacet
  facet normal 0 -0 1
    outer loop
      vertex 0.657696 3.83612 6
      vertex 1.4857 3.83835 6
      vertex 0.655926 3.89485 6
    endloop
  endfacet
  facet normal -0 0 1
    outer loop
      vertex 0.669872 4.24361 6
      vertex 1.47393 4.24065 6
      vertex 1.46771 4.28946 6
    endloop
  endfacet
  facet normal 0 0 1
    outer loop
      vertex 1.4857 3.83835 6
      vertex 0.657696 3.83612 6
      vertex 1.48272 3.7831 6
    endloop
  endfacet
  facet normal -0 0 1
    outer loop
      vertex 0.676281 4.29272 6
      vertex 1.46771 4.28946 6
      vertex 1.46035 4.33557 6
    endloop
  endfacet
  facet normal 0 -0 1
    outer loop
      vertex 0.660641 3.77998 6
      vertex 1.48272 3.7831 6
      vertex 0.657696 3.83612 6
    endloop
  endfacet
  facet normal -0 0 1
    outer loop
      vertex 0.683834 4.33905 6
      vertex 1.46035 4.33557 6
      vertex 1.45185 4.37898 6
    endloop
  endfacet
  facet normal 0 0 1
    outer loop
      vertex 1.48272 3.7831 6
      vertex 0.660641 3.77998 6
      vertex 1.47857 3.73029 6
    endloop
  endfacet
  facet normal -0 0 1
    outer loop
      vertex 0.692562 4.38257 6
      vertex 1.45185 4.37898 6
      vertex 1.44224 4.41971 6
    endloop
  endfacet
  facet normal 0 -0 1
    outer loop
      vertex 0.664776 3.72644 6
      vertex 1.47857 3.73029 6
      vertex 0.660641 3.77998 6
    endloop
  endfacet
  facet normal -0 0 1
    outer loop
      vertex 0.70245 4.42331 6
      vertex 1.44224 4.41971 6
      vertex 1.43148 4.45772 6
    endloop
  endfacet
  facet normal 0 0 1
    outer loop
      vertex 1.47857 3.73029 6
      vertex 0.664776 3.72644 6
      vertex 1.47323 3.67992 6
    endloop
  endfacet
  facet normal -0 0 1
    outer loop
      vertex 0.713512 4.46124 6
      vertex 1.43148 4.45772 6
      vertex 1.41961 4.49306 6
    endloop
  endfacet
  facet normal 0 -0 1
    outer loop
      vertex 0.670071 3.67548 6
      vertex 1.47323 3.67992 6
      vertex 0.664776 3.72644 6
    endloop
  endfacet
  facet normal -0 0 1
    outer loop
      vertex 0.725719 4.4964 6
      vertex 1.41961 4.49306 6
      vertex 1.4066 4.52568 6
    endloop
  endfacet
  facet normal 0 0 1
    outer loop
      vertex 1.47323 3.67992 6
      vertex 0.670071 3.67548 6
      vertex 1.46669 3.632 6
    endloop
  endfacet
  facet normal 0 0 1
    outer loop
      vertex 1.07713 4.74141 6
      vertex 1.4066 4.52568 6
      vertex 1.39245 4.55562 6
    endloop
  endfacet
  facet normal 0 -0 1
    outer loop
      vertex 0.676571 3.62709 6
      vertex 1.46669 3.632 6
      vertex 0.670071 3.67548 6
    endloop
  endfacet
  facet normal 0 0 1
    outer loop
      vertex 1.1102 4.74031 6
      vertex 1.39245 4.55562 6
      vertex 1.37701 4.5831 6
    endloop
  endfacet
  facet normal 0 0 1
    outer loop
      vertex 1.46669 3.632 6
      vertex 0.676571 3.62709 6
      vertex 1.45898 3.5865 6
    endloop
  endfacet
  facet normal 0 0 1
    outer loop
      vertex 1.1418 4.73701 6
      vertex 1.37701 4.5831 6
      vertex 1.36009 4.60838 6
    endloop
  endfacet
  facet normal 0 -0 1
    outer loop
      vertex 0.684231 3.58128 6
      vertex 1.45898 3.5865 6
      vertex 0.676571 3.62709 6
    endloop
  endfacet
  facet normal 0 0 1
    outer loop
      vertex 1.17192 4.73152 6
      vertex 1.36009 4.60838 6
      vertex 1.34172 4.63147 6
    endloop
  endfacet
  facet normal 0 0 1
    outer loop
      vertex 1.45898 3.5865 6
      vertex 0.684231 3.58128 6
      vertex 1.45007 3.54346 6
    endloop
  endfacet
  facet normal 0 0 1
    outer loop
      vertex 1.17192 4.73152 6
      vertex 1.34172 4.63147 6
      vertex 1.32187 4.65236 6
    endloop
  endfacet
  facet normal 0 -0 1
    outer loop
      vertex 0.693081 3.53807 6
      vertex 1.45007 3.54346 6
      vertex 0.684231 3.58128 6
    endloop
  endfacet
  facet normal 0 0 1
    outer loop
      vertex 1.17192 4.73152 6
      vertex 1.32187 4.65236 6
      vertex 1.30055 4.67105 6
    endloop
  endfacet
  facet normal 0 0 1
    outer loop
      vertex 1.45007 3.54346 6
      vertex 0.693081 3.53807 6
      vertex 1.43997 3.50285 6
    endloop
  endfacet
  facet normal 0 0 1
    outer loop
      vertex 1.17192 4.73152 6
      vertex 1.30055 4.67105 6
      vertex 1.27775 4.68755 6
    endloop
  endfacet
  facet normal 0 -0 1
    outer loop
      vertex 0.703106 3.49744 6
      vertex 1.43997 3.50285 6
      vertex 0.693081 3.53807 6
    endloop
  endfacet
  facet normal 0 0 1
    outer loop
      vertex 1.17192 4.73152 6
      vertex 1.27775 4.68755 6
      vertex 1.25351 4.70183 6
    endloop
  endfacet
  facet normal 0 0 1
    outer loop
      vertex 1.43997 3.50285 6
      vertex 0.703106 3.49744 6
      vertex 1.42869 3.46468 6
    endloop
  endfacet
  facet normal 0 0 1
    outer loop
      vertex 1.17192 4.73152 6
      vertex 1.25351 4.70183 6
      vertex 1.22778 4.71393 6
    endloop
  endfacet
  facet normal 0 -0 1
    outer loop
      vertex 0.714321 3.4594 6
      vertex 1.42869 3.46468 6
      vertex 0.703106 3.49744 6
    endloop
  endfacet
  facet normal 0 0 1
    outer loop
      vertex 1.17192 4.73152 6
      vertex 1.22778 4.71393 6
      vertex 1.20059 4.72382 6
    endloop
  endfacet
  facet normal 0 0 1
    outer loop
      vertex 1.42869 3.46468 6
      vertex 0.714321 3.4594 6
      vertex 1.41621 3.42896 6
    endloop
  endfacet
  facet normal 0 0 1
    outer loop
      vertex 1.36009 4.60838 6
      vertex 1.17192 4.73152 6
      vertex 1.1418 4.73701 6
    endloop
  endfacet
  facet normal 0 -0 1
    outer loop
      vertex 0.726696 3.42392 6
      vertex 1.41621 3.42896 6
      vertex 0.714321 3.4594 6
    endloop
  endfacet
  facet normal 0 0 1
    outer loop
      vertex 1.37701 4.5831 6
      vertex 1.1418 4.73701 6
      vertex 1.1102 4.74031 6
    endloop
  endfacet
  facet normal 0 0 1
    outer loop
      vertex 1.41621 3.42896 6
      vertex 0.726696 3.42392 6
      vertex 1.40255 3.39566 6
    endloop
  endfacet
  facet normal 0 0 1
    outer loop
      vertex 1.39245 4.55562 6
      vertex 1.1102 4.74031 6
      vertex 1.07713 4.74141 6
    endloop
  endfacet
  facet normal 0 -0 1
    outer loop
      vertex 0.740261 3.39105 6
      vertex 1.40255 3.39566 6
      vertex 0.726696 3.42392 6
    endloop
  endfacet
  facet normal 0 0 1
    outer loop
      vertex 1.4066 4.52568 6
      vertex 1.07713 4.74141 6
      vertex 0.725719 4.4964 6
    endloop
  endfacet
  facet normal 0 0 1
    outer loop
      vertex 1.40255 3.39566 6
      vertex 0.740261 3.39105 6
      vertex 1.38771 3.36481 6
    endloop
  endfacet
  facet normal 0 0 1
    outer loop
      vertex 0.725719 4.4964 6
      vertex 1.07713 4.74141 6
      vertex 1.04324 4.74033 6
    endloop
  endfacet
  facet normal 0 -0 1
    outer loop
      vertex 1.0717 3.17223 6
      vertex 1.38771 3.36481 6
      vertex 0.740261 3.39105 6
    endloop
  endfacet
  facet normal 0 0 1
    outer loop
      vertex 0.739101 4.52875 6
      vertex 1.04324 4.74033 6
      vertex 1.01086 4.73708 6
    endloop
  endfacet
  facet normal 0 0 1
    outer loop
      vertex 1.38771 3.36481 6
      vertex 1.0717 3.17223 6
      vertex 1.37159 3.33632 6
    endloop
  endfacet
  facet normal 0 0 1
    outer loop
      vertex 0.753658 4.55832 6
      vertex 1.01086 4.73708 6
      vertex 0.979977 4.73166 6
    endloop
  endfacet
  facet normal 0 -0 1
    outer loop
      vertex 1.10418 3.17337 6
      vertex 1.37159 3.33632 6
      vertex 1.0717 3.17223 6
    endloop
  endfacet
  facet normal 0 0 1
    outer loop
      vertex 0.753658 4.55832 6
      vertex 0.979977 4.73166 6
      vertex 0.950588 4.72408 6
    endloop
  endfacet
  facet normal 0 -0 1
    outer loop
      vertex 1.13533 3.17679 6
      vertex 1.35411 3.31012 6
      vertex 1.10418 3.17337 6
    endloop
  endfacet
  facet normal 0 0 1
    outer loop
      vertex 0.753658 4.55832 6
      vertex 0.950588 4.72408 6
      vertex 0.92271 4.71432 6
    endloop
  endfacet
  facet normal 0 0 1
    outer loop
      vertex 1.35411 3.31012 6
      vertex 1.13533 3.17679 6
      vertex 1.33525 3.28618 6
    endloop
  endfacet
  facet normal 0 0 1
    outer loop
      vertex 1.33525 3.28618 6
      vertex 1.13533 3.17679 6
      vertex 1.31503 3.26454 6
    endloop
  endfacet
  facet normal 0 0 1
    outer loop
      vertex 0.753658 4.55832 6
      vertex 0.92271 4.71432 6
      vertex 0.896328 4.70241 6
    endloop
  endfacet
  facet normal 0 -0 1
    outer loop
      vertex 1.16508 3.1825 6
      vertex 1.31503 3.26454 6
      vertex 1.13533 3.17679 6
    endloop
  endfacet
  facet normal 0 0 1
    outer loop
      vertex 0.753658 4.55832 6
      vertex 0.896328 4.70241 6
      vertex 0.871441 4.68832 6
    endloop
  endfacet
  facet normal 0 0 1
    outer loop
      vertex 1.29345 3.24516 6
      vertex 1.16508 3.1825 6
      vertex 1.2705 3.22807 6
    endloop
  endfacet
  facet normal 0 0 1
    outer loop
      vertex 0.753658 4.55832 6
      vertex 0.871441 4.68832 6
      vertex 0.848049 4.67207 6
    endloop
  endfacet
  facet normal 0 0 1
    outer loop
      vertex 1.2462 3.21326 6
      vertex 1.16508 3.1825 6
      vertex 1.22053 3.20071 6
    endloop
  endfacet
  facet normal 0 0 1
    outer loop
      vertex 0.753658 4.55832 6
      vertex 0.848049 4.67207 6
      vertex 0.826168 4.65366 6
    endloop
  endfacet
  facet normal 0 0 1
    outer loop
      vertex 1.22053 3.20071 6
      vertex 1.16508 3.1825 6
      vertex 1.19349 3.19046 6
    endloop
  endfacet
  facet normal 0 0 1
    outer loop
      vertex 0.753658 4.55832 6
      vertex 0.826168 4.65366 6
      vertex 0.805798 4.63307 6
    endloop
  endfacet
  facet normal 0 0 1
    outer loop
      vertex 1.2705 3.22807 6
      vertex 1.16508 3.1825 6
      vertex 1.2462 3.21326 6
    endloop
  endfacet
  facet normal 0 0 1
    outer loop
      vertex 0.753658 4.55832 6
      vertex 0.805798 4.63307 6
      vertex 0.786907 4.61032 6
    endloop
  endfacet
  facet normal 0 0 1
    outer loop
      vertex 1.31503 3.26454 6
      vertex 1.16508 3.1825 6
      vertex 1.29345 3.24516 6
    endloop
  endfacet
  facet normal 0 0 1
    outer loop
      vertex 0.753658 4.55832 6
      vertex 0.786907 4.61032 6
      vertex 0.769527 4.5854 6
    endloop
  endfacet
  facet normal 0 0 1
    outer loop
      vertex 1.37159 3.33632 6
      vertex 1.10418 3.17337 6
      vertex 1.35411 3.31012 6
    endloop
  endfacet
  facet normal 0 0 1
    outer loop
      vertex 1.01086 4.73708 6
      vertex 0.753658 4.55832 6
      vertex 0.739101 4.52875 6
    endloop
  endfacet
  facet normal -0 -0 1
    outer loop
      vertex 0.755016 3.36075 6
      vertex 1.0717 3.17223 6
      vertex 0.740261 3.39105 6
    endloop
  endfacet
  facet normal 0 0 1
    outer loop
      vertex 1.04324 4.74033 6
      vertex 0.739101 4.52875 6
      vertex 0.725719 4.4964 6
    endloop
  endfacet
  facet normal -0 -0 1
    outer loop
      vertex 0.771038 3.33287 6
      vertex 1.039 3.17336 6
      vertex 0.755016 3.36075 6
    endloop
  endfacet
  facet normal 0 0 1
    outer loop
      vertex 1.41961 4.49306 6
      vertex 0.725719 4.4964 6
      vertex 0.713512 4.46124 6
    endloop
  endfacet
  facet normal 0 0 1
    outer loop
      vertex 1.039 3.17336 6
      vertex 0.771038 3.33287 6
      vertex 1.0077 3.1767 6
    endloop
  endfacet
  facet normal 0 0 1
    outer loop
      vertex 1.43148 4.45772 6
      vertex 0.713512 4.46124 6
      vertex 0.70245 4.42331 6
    endloop
  endfacet
  facet normal 0 0 1
    outer loop
      vertex 1.0077 3.1767 6
      vertex 0.771038 3.33287 6
      vertex 0.977779 3.18227 6
    endloop
  endfacet
  facet normal 0 0 1
    outer loop
      vertex 1.44224 4.41971 6
      vertex 0.70245 4.42331 6
      vertex 0.692562 4.38257 6
    endloop
  endfacet
  facet normal 0 0 1
    outer loop
      vertex 0.977779 3.18227 6
      vertex 0.771038 3.33287 6
      vertex 0.949261 3.19008 6
    endloop
  endfacet
  facet normal 0 0 1
    outer loop
      vertex 1.45185 4.37898 6
      vertex 0.692562 4.38257 6
      vertex 0.683834 4.33905 6
    endloop
  endfacet
  facet normal 0 0 1
    outer loop
      vertex 0.949261 3.19008 6
      vertex 0.771038 3.33287 6
      vertex 0.922131 3.20012 6
    endloop
  endfacet
  facet normal 0 0 1
    outer loop
      vertex 1.46035 4.33557 6
      vertex 0.683834 4.33905 6
      vertex 0.676281 4.29272 6
    endloop
  endfacet
  facet normal 0 0 1
    outer loop
      vertex 0.872021 3.2269 6
      vertex 0.771038 3.33287 6
      vertex 0.849041 3.24362 6
    endloop
  endfacet
  facet normal 0 0 1
    outer loop
      vertex 1.46771 4.28946 6
      vertex 0.676281 4.29272 6
      vertex 0.669872 4.24361 6
    endloop
  endfacet
  facet normal 0 0 1
    outer loop
      vertex 0.849041 3.24362 6
      vertex 0.771038 3.33287 6
      vertex 0.827465 3.26259 6
    endloop
  endfacet
  facet normal 0 0 1
    outer loop
      vertex 1.47393 4.24065 6
      vertex 0.669872 4.24361 6
      vertex 0.664639 4.19171 6
    endloop
  endfacet
  facet normal 0 0 1
    outer loop
      vertex 0.827465 3.26259 6
      vertex 0.771038 3.33287 6
      vertex 0.788464 3.30721 6
    endloop
  endfacet
  facet normal 0 0 1
    outer loop
      vertex 1.47902 4.18913 6
      vertex 0.664639 4.19171 6
      vertex 0.660564 4.13701 6
    endloop
  endfacet
  facet normal 0 0 1
    outer loop
      vertex 0.827465 3.26259 6
      vertex 0.788464 3.30721 6
      vertex 0.807262 3.28378 6
    endloop
  endfacet
  facet normal 0 0 1
    outer loop
      vertex 1.48298 4.13493 6
      vertex 0.660564 4.13701 6
      vertex 0.657665 4.07951 6
    endloop
  endfacet
  facet normal 0 0 1
    outer loop
      vertex 0.896374 3.21239 6
      vertex 0.771038 3.33287 6
      vertex 0.872021 3.2269 6
    endloop
  endfacet
  facet normal 0 0 1
    outer loop
      vertex 1.48581 4.07803 6
      vertex 0.657665 4.07951 6
      vertex 0.65591 4.01923 6
    endloop
  endfacet
  facet normal 0 0 1
    outer loop
      vertex 0.922131 3.20012 6
      vertex 0.771038 3.33287 6
      vertex 0.896374 3.21239 6
    endloop
  endfacet
  facet normal 0 0 1
    outer loop
      vertex 1.4875 4.01845 6
      vertex 0.65591 4.01923 6
      vertex 0.655331 3.95615 6
    endloop
  endfacet
  facet normal 0 0 1
    outer loop
      vertex 1.0717 3.17223 6
      vertex 0.755016 3.36075 6
      vertex 1.039 3.17336 6
    endloop
  endfacet
  facet normal 1 -0 0
    outer loop
      vertex 20 0 6
      vertex 20 32 0
      vertex 20 32 6
    endloop
  endfacet
  facet normal 1 0 0
    outer loop
      vertex 20 32 0
      vertex 20 0 6
      vertex 20 0 0
    endloop
  endfacet
  facet normal 0 1 0
    outer loop
      vertex 20 32 6
      vertex 15.2 32 2
      vertex 15.2 32 6
    endloop
  endfacet
  facet normal 0 1 0
    outer loop
      vertex 15.2 32 2
      vertex 20 32 0
      vertex 4.8 32 2
    endloop
  endfacet
  facet normal 0 1 -0
    outer loop
      vertex 20 32 0
      vertex 15.2 32 2
      vertex 20 32 6
    endloop
  endfacet
  facet normal 0 1 -0
    outer loop
      vertex 4.8 32 2
      vertex 0 32 6
      vertex 4.8 32 6
    endloop
  endfacet
  facet normal 0 1 0
    outer loop
      vertex 4.8 32 2
      vertex 0 32 0
      vertex 0 32 6
    endloop
  endfacet
  facet normal 0 1 0
    outer loop
      vertex 0 32 0
      vertex 4.8 32 2
      vertex 20 32 0
    endloop
  endfacet
  facet normal 0 0 -1
    outer loop
      vertex 0 0 0
      vertex 20 32 0
      vertex 20 0 0
    endloop
  endfacet
  facet normal -0 0 -1
    outer loop
      vertex 20 32 0
      vertex 0 0 0
      vertex 0 32 0
    endloop
  endfacet
  facet normal 0 -1 0
    outer loop
      vertex 0 0 6
      vertex 4.8 0 2
      vertex 4.8 0 6
    endloop
  endfacet
  facet normal 0 -1 -0
    outer loop
      vertex 4.8 0 2
      vertex 0 0 0
      vertex 15.2 0 2
    endloop
  endfacet
  facet normal 0 -1 0
    outer loop
      vertex 0 0 0
      vertex 4.8 0 2
      vertex 0 0 6
    endloop
  endfacet
  facet normal 0 -1 0
    outer loop
      vertex 15.2 0 2
      vertex 20 0 6
      vertex 15.2 0 6
    endloop
  endfacet
  facet normal 0 -1 0
    outer loop
      vertex 15.2 0 2
      vertex 20 0 0
      vertex 20 0 6
    endloop
  endfacet
  facet normal 0 -1 0
    outer loop
      vertex 20 0 0
      vertex 15.2 0 2
      vertex 0 0 0
    endloop
  endfacet
  facet normal 1 -0 0
    outer loop
      vertex 4.8 0 6
      vertex 4.8 32 2
      vertex 4.8 32 6
    endloop
  endfacet
  facet normal 1 0 0
    outer loop
      vertex 4.8 32 2
      vertex 4.8 0 6
      vertex 4.8 0 2
    endloop
  endfacet
  facet normal -1 0 0
    outer loop
      vertex 15.2 0 2
      vertex 15.2 32 6
      vertex 15.2 32 2
    endloop
  endfacet
  facet normal -1 -0 0
    outer loop
      vertex 15.2 32 6
      vertex 15.2 0 2
      vertex 15.2 0 6
    endloop
  endfacet
  facet normal -0 0 1
    outer loop
      vertex 4.8 32 2
      vertex 15.2 0 2
      vertex 15.2 32 2
    endloop
  endfacet
  facet normal 0 0 1
    outer loop
      vertex 15.2 0 2
      vertex 4.8 32 2
      vertex 4.8 0 2
    endloop
  endfacet
  facet normal 0 0 1
    outer loop
      vertex 1.73625 3.95615 6.5
      vertex 1.4875 4.01845 6.5
      vertex 1.48808 3.95615 6.5
    endloop
  endfacet
  facet normal 0 0 1
    outer loop
      vertex 1.52189 4.76173 6.5
      vertex 1.48581 4.07803 6.5
      vertex 1.4875 4.01845 6.5
    endloop
  endfacet
  facet normal 0 0 1
    outer loop
      vertex 1.52189 4.76173 6.5
      vertex 1.48298 4.13493 6.5
      vertex 1.48581 4.07803 6.5
    endloop
  endfacet
  facet normal 0 0 1
    outer loop
      vertex 1.52189 4.76173 6.5
      vertex 1.47902 4.18913 6.5
      vertex 1.48298 4.13493 6.5
    endloop
  endfacet
  facet normal 0 0 1
    outer loop
      vertex 1.52189 4.76173 6.5
      vertex 1.47393 4.24065 6.5
      vertex 1.47902 4.18913 6.5
    endloop
  endfacet
  facet normal 0 0 1
    outer loop
      vertex 1.52189 4.76173 6.5
      vertex 1.46771 4.28946 6.5
      vertex 1.47393 4.24065 6.5
    endloop
  endfacet
  facet normal 0 0 1
    outer loop
      vertex 1.52189 4.76173 6.5
      vertex 1.46035 4.33557 6.5
      vertex 1.46771 4.28946 6.5
    endloop
  endfacet
  facet normal 0 0 1
    outer loop
      vertex 1.32187 4.65236 6.5
      vertex 1.49194 4.79257 6.5
      vertex 1.45988 4.82047 6.5
    endloop
  endfacet
  facet normal 0 0 1
    outer loop
      vertex 1.52189 4.76173 6.5
      vertex 1.45185 4.37898 6.5
      vertex 1.46035 4.33557 6.5
    endloop
  endfacet
  facet normal 0 0 1
    outer loop
      vertex 1.52189 4.76173 6.5
      vertex 1.44224 4.41971 6.5
      vertex 1.45185 4.37898 6.5
    endloop
  endfacet
  facet normal 0 0 1
    outer loop
      vertex 1.52189 4.76173 6.5
      vertex 1.43148 4.45772 6.5
      vertex 1.44224 4.41971 6.5
    endloop
  endfacet
  facet normal 0 0 1
    outer loop
      vertex 1.30055 4.67105 6.5
      vertex 1.45988 4.82047 6.5
      vertex 1.42573 4.84544 6.5
    endloop
  endfacet
  facet normal 0 0 1
    outer loop
      vertex 1.52189 4.76173 6.5
      vertex 1.41961 4.49306 6.5
      vertex 1.43148 4.45772 6.5
    endloop
  endfacet
  facet normal 0 0 1
    outer loop
      vertex 1.52189 4.76173 6.5
      vertex 1.4066 4.52568 6.5
      vertex 1.41961 4.49306 6.5
    endloop
  endfacet
  facet normal 0 0 1
    outer loop
      vertex 1.52189 4.76173 6.5
      vertex 1.39245 4.55562 6.5
      vertex 1.4066 4.52568 6.5
    endloop
  endfacet
  facet normal 0 0 1
    outer loop
      vertex 1.30055 4.67105 6.5
      vertex 1.42573 4.84544 6.5
      vertex 1.38949 4.86746 6.5
    endloop
  endfacet
  facet normal 0 0 1
    outer loop
      vertex 1.52189 4.76173 6.5
      vertex 1.37701 4.5831 6.5
      vertex 1.39245 4.55562 6.5
    endloop
  endfacet
  facet normal 0 0 1
    outer loop
      vertex 1.52189 4.76173 6.5
      vertex 1.36009 4.60838 6.5
      vertex 1.37701 4.5831 6.5
    endloop
  endfacet
  facet normal 0 0 1
    outer loop
      vertex 1.27775 4.68755 6.5
      vertex 1.38949 4.86746 6.5
      vertex 1.35115 4.88657 6.5
    endloop
  endfacet
  facet normal 0 0 1
    outer loop
      vertex 1.52189 4.76173 6.5
      vertex 1.34172 4.63147 6.5
      vertex 1.36009 4.60838 6.5
    endloop
  endfacet
  facet normal 0 0 1
    outer loop
      vertex 1.49194 4.79257 6.5
      vertex 1.32187 4.65236 6.5
      vertex 1.34172 4.63147 6.5
    endloop
  endfacet
  facet normal 0 0 1
    outer loop
      vertex 1.25351 4.70183 6.5
      vertex 1.35115 4.88657 6.5
      vertex 1.31071 4.90271 6.5
    endloop
  endfacet
  facet normal 0 0 1
    outer loop
      vertex 1.45988 4.82047 6.5
      vertex 1.30055 4.67105 6.5
      vertex 1.32187 4.65236 6.5
    endloop
  endfacet
  facet normal 0 0 1
    outer loop
      vertex 1.38949 4.86746 6.5
      vertex 1.27775 4.68755 6.5
      vertex 1.30055 4.67105 6.5
    endloop
  endfacet
  facet normal 0 0 1
    outer loop
      vertex 1.22778 4.71393 6.5
      vertex 1.31071 4.90271 6.5
      vertex 1.26818 4.91594 6.5
    endloop
  endfacet
  facet normal 0 0 1
    outer loop
      vertex 1.35115 4.88657 6.5
      vertex 1.25351 4.70183 6.5
      vertex 1.27775 4.68755 6.5
    endloop
  endfacet
  facet normal 0 0 1
    outer loop
      vertex 1.31071 4.90271 6.5
      vertex 1.22778 4.71393 6.5
      vertex 1.25351 4.70183 6.5
    endloop
  endfacet
  facet normal 0 0 1
    outer loop
      vertex 1.20059 4.72382 6.5
      vertex 1.26818 4.91594 6.5
      vertex 1.22357 4.92621 6.5
    endloop
  endfacet
  facet normal 0 0 1
    outer loop
      vertex 1.26818 4.91594 6.5
      vertex 1.20059 4.72382 6.5
      vertex 1.22778 4.71393 6.5
    endloop
  endfacet
  facet normal 0 0 1
    outer loop
      vertex 1.17192 4.73152 6.5
      vertex 1.22357 4.92621 6.5
      vertex 1.17685 4.93356 6.5
    endloop
  endfacet
  facet normal 0 0 1
    outer loop
      vertex 1.22357 4.92621 6.5
      vertex 1.17192 4.73152 6.5
      vertex 1.20059 4.72382 6.5
    endloop
  endfacet
  facet normal 0 0 1
    outer loop
      vertex 1.17685 4.93356 6.5
      vertex 1.1418 4.73701 6.5
      vertex 1.17192 4.73152 6.5
    endloop
  endfacet
  facet normal 0 0 1
    outer loop
      vertex 1.12803 4.93796 6.5
      vertex 1.1418 4.73701 6.5
      vertex 1.17685 4.93356 6.5
    endloop
  endfacet
  facet normal 0 0 1
    outer loop
      vertex 1.12803 4.93796 6.5
      vertex 1.1102 4.74031 6.5
      vertex 1.1418 4.73701 6.5
    endloop
  endfacet
  facet normal 0 0 1
    outer loop
      vertex 1.07713 4.93944 6.5
      vertex 1.1102 4.74031 6.5
      vertex 1.12803 4.93796 6.5
    endloop
  endfacet
  facet normal 0 0 1
    outer loop
      vertex 1.07713 4.93944 6.5
      vertex 1.07713 4.74141 6.5
      vertex 1.1102 4.74031 6.5
    endloop
  endfacet
  facet normal 0 0 1
    outer loop
      vertex 1.07713 4.93944 6.5
      vertex 1.04324 4.74033 6.5
      vertex 1.07713 4.74141 6.5
    endloop
  endfacet
  facet normal -0 0 1
    outer loop
      vertex 1.02482 4.93797 6.5
      vertex 1.04324 4.74033 6.5
      vertex 1.07713 4.93944 6.5
    endloop
  endfacet
  facet normal 0 0 1
    outer loop
      vertex 1.02482 4.93797 6.5
      vertex 1.01086 4.73708 6.5
      vertex 1.04324 4.74033 6.5
    endloop
  endfacet
  facet normal -0 0 1
    outer loop
      vertex 0.974712 4.93362 6.5
      vertex 1.01086 4.73708 6.5
      vertex 1.02482 4.93797 6.5
    endloop
  endfacet
  facet normal 0 0 1
    outer loop
      vertex 1.01086 4.73708 6.5
      vertex 0.974712 4.93362 6.5
      vertex 0.979977 4.73166 6.5
    endloop
  endfacet
  facet normal -0 0 1
    outer loop
      vertex 0.926815 4.92636 6.5
      vertex 0.979977 4.73166 6.5
      vertex 0.974712 4.93362 6.5
    endloop
  endfacet
  facet normal 0 0 1
    outer loop
      vertex 0.979977 4.73166 6.5
      vertex 0.926815 4.92636 6.5
      vertex 0.950588 4.72408 6.5
    endloop
  endfacet
  facet normal -0 0 1
    outer loop
      vertex 0.88113 4.9162 6.5
      vertex 0.950588 4.72408 6.5
      vertex 0.926815 4.92636 6.5
    endloop
  endfacet
  facet normal 0 0 1
    outer loop
      vertex 0.950588 4.72408 6.5
      vertex 0.88113 4.9162 6.5
      vertex 0.92271 4.71432 6.5
    endloop
  endfacet
  facet normal -0 0 1
    outer loop
      vertex 0.837643 4.90312 6.5
      vertex 0.92271 4.71432 6.5
      vertex 0.88113 4.9162 6.5
    endloop
  endfacet
  facet normal 0 0 1
    outer loop
      vertex 0.92271 4.71432 6.5
      vertex 0.837643 4.90312 6.5
      vertex 0.896328 4.70241 6.5
    endloop
  endfacet
  facet normal -0 0 1
    outer loop
      vertex 0.796368 4.88715 6.5
      vertex 0.896328 4.70241 6.5
      vertex 0.837643 4.90312 6.5
    endloop
  endfacet
  facet normal 0 0 1
    outer loop
      vertex 0.896328 4.70241 6.5
      vertex 0.796368 4.88715 6.5
      vertex 0.871441 4.68832 6.5
    endloop
  endfacet
  facet normal -0 0 1
    outer loop
      vertex 0.75729 4.86826 6.5
      vertex 0.871441 4.68832 6.5
      vertex 0.796368 4.88715 6.5
    endloop
  endfacet
  facet normal 0 0 1
    outer loop
      vertex 0.871441 4.68832 6.5
      vertex 0.75729 4.86826 6.5
      vertex 0.848049 4.67207 6.5
    endloop
  endfacet
  facet normal -0 0 1
    outer loop
      vertex 0.720425 4.84647 6.5
      vertex 0.848049 4.67207 6.5
      vertex 0.75729 4.86826 6.5
    endloop
  endfacet
  facet normal 0 0 1
    outer loop
      vertex 0.848049 4.67207 6.5
      vertex 0.720425 4.84647 6.5
      vertex 0.826168 4.65366 6.5
    endloop
  endfacet
  facet normal -0 0 1
    outer loop
      vertex 0.685772 4.82178 6.5
      vertex 0.826168 4.65366 6.5
      vertex 0.720425 4.84647 6.5
    endloop
  endfacet
  facet normal -0 0 1
    outer loop
      vertex 0.653316 4.79417 6.5
      vertex 0.826168 4.65366 6.5
      vertex 0.685772 4.82178 6.5
    endloop
  endfacet
  facet normal 0 0 1
    outer loop
      vertex 0.826168 4.65366 6.5
      vertex 0.653316 4.79417 6.5
      vertex 0.805798 4.63307 6.5
    endloop
  endfacet
  facet normal -0 0 1
    outer loop
      vertex 0.623074 4.76367 6.5
      vertex 0.805798 4.63307 6.5
      vertex 0.653316 4.79417 6.5
    endloop
  endfacet
  facet normal 0 0 1
    outer loop
      vertex 0.805798 4.63307 6.5
      vertex 0.623074 4.76367 6.5
      vertex 0.786907 4.61032 6.5
    endloop
  endfacet
  facet normal -0 0 1
    outer loop
      vertex 0.595043 4.73027 6.5
      vertex 0.786907 4.61032 6.5
      vertex 0.623074 4.76367 6.5
    endloop
  endfacet
  facet normal 0 0 1
    outer loop
      vertex 0.786907 4.61032 6.5
      vertex 0.595043 4.73027 6.5
      vertex 0.769527 4.5854 6.5
    endloop
  endfacet
  facet normal -0 0 1
    outer loop
      vertex 0.56921 4.69395 6.5
      vertex 0.769527 4.5854 6.5
      vertex 0.595043 4.73027 6.5
    endloop
  endfacet
  facet normal 0 0 1
    outer loop
      vertex 0.769527 4.5854 6.5
      vertex 0.56921 4.69395 6.5
      vertex 0.753658 4.55832 6.5
    endloop
  endfacet
  facet normal -0 0 1
    outer loop
      vertex 0.545437 4.65472 6.5
      vertex 0.753658 4.55832 6.5
      vertex 0.56921 4.69395 6.5
    endloop
  endfacet
  facet normal 0 0 1
    outer loop
      vertex 0.753658 4.55832 6.5
      vertex 0.545437 4.65472 6.5
      vertex 0.739101 4.52875 6.5
    endloop
  endfacet
  facet normal -0 0 1
    outer loop
      vertex 0.523556 4.61258 6.5
      vertex 0.739101 4.52875 6.5
      vertex 0.545437 4.65472 6.5
    endloop
  endfacet
  facet normal 0 0 1
    outer loop
      vertex 0.739101 4.52875 6.5
      vertex 0.523556 4.61258 6.5
      vertex 0.725719 4.4964 6.5
    endloop
  endfacet
  facet normal -0 0 1
    outer loop
      vertex 0.503597 4.5675 6.5
      vertex 0.725719 4.4964 6.5
      vertex 0.523556 4.61258 6.5
    endloop
  endfacet
  facet normal 0 0 1
    outer loop
      vertex 0.725719 4.4964 6.5
      vertex 0.503597 4.5675 6.5
      vertex 0.713512 4.46124 6.5
    endloop
  endfacet
  facet normal -0 0 1
    outer loop
      vertex 0.485516 4.51952 6.5
      vertex 0.713512 4.46124 6.5
      vertex 0.503597 4.5675 6.5
    endloop
  endfacet
  facet normal -0 0 1
    outer loop
      vertex 0.44273 4.35802 6.5
      vertex 0.683834 4.33905 6.5
      vertex 0.45509 4.41478 6.5
    endloop
  endfacet
  facet normal 0 0 1
    outer loop
      vertex 0.692562 4.38257 6.5
      vertex 0.45509 4.41478 6.5
      vertex 0.683834 4.33905 6.5
    endloop
  endfacet
  facet normal 0 0 1
    outer loop
      vertex 0.713512 4.46124 6.5
      vertex 0.485516 4.51952 6.5
      vertex 0.70245 4.42331 6.5
    endloop
  endfacet
  facet normal -0 0 1
    outer loop
      vertex 1.4875 4.01845 6.5
      vertex 1.73625 3.95615 6.5
      vertex 1.7353 4.02965 6.5
    endloop
  endfacet
  facet normal 0 0 1
    outer loop
      vertex 1.4875 4.01845 6.5
      vertex 1.7353 4.02965 6.5
      vertex 1.73245 4.10031 6.5
    endloop
  endfacet
  facet normal 0 0 1
    outer loop
      vertex 1.48748 3.89603 6.5
      vertex 1.73625 3.95615 6.5
      vertex 1.48808 3.95615 6.5
    endloop
  endfacet
  facet normal 0 0 1
    outer loop
      vertex 1.4875 4.01845 6.5
      vertex 1.73245 4.10031 6.5
      vertex 1.72769 4.16817 6.5
    endloop
  endfacet
  facet normal 0 0 1
    outer loop
      vertex 1.73625 3.95615 6.5
      vertex 1.48748 3.89603 6.5
      vertex 1.73526 3.88383 6.5
    endloop
  endfacet
  facet normal 0 0 1
    outer loop
      vertex 1.4875 4.01845 6.5
      vertex 1.72769 4.16817 6.5
      vertex 1.72104 4.23318 6.5
    endloop
  endfacet
  facet normal 0 0 1
    outer loop
      vertex 1.4857 3.83835 6.5
      vertex 1.73526 3.88383 6.5
      vertex 1.48748 3.89603 6.5
    endloop
  endfacet
  facet normal 0 0 1
    outer loop
      vertex 1.4875 4.01845 6.5
      vertex 1.72104 4.23318 6.5
      vertex 1.71247 4.29538 6.5
    endloop
  endfacet
  facet normal 0 0 1
    outer loop
      vertex 1.73526 3.88383 6.5
      vertex 1.4857 3.83835 6.5
      vertex 1.73225 3.81421 6.5
    endloop
  endfacet
  facet normal 0 0 1
    outer loop
      vertex 1.4875 4.01845 6.5
      vertex 1.71247 4.29538 6.5
      vertex 1.70202 4.35475 6.5
    endloop
  endfacet
  facet normal 0 0 1
    outer loop
      vertex 1.48272 3.7831 6.5
      vertex 1.73225 3.81421 6.5
      vertex 1.4857 3.83835 6.5
    endloop
  endfacet
  facet normal 0 0 1
    outer loop
      vertex 1.4875 4.01845 6.5
      vertex 1.70202 4.35475 6.5
      vertex 1.68965 4.41129 6.5
    endloop
  endfacet
  facet normal 0 0 1
    outer loop
      vertex 1.73225 3.81421 6.5
      vertex 1.48272 3.7831 6.5
      vertex 1.72726 3.74725 6.5
    endloop
  endfacet
  facet normal 0 0 1
    outer loop
      vertex 1.4875 4.01845 6.5
      vertex 1.68965 4.41129 6.5
      vertex 1.67538 4.46501 6.5
    endloop
  endfacet
  facet normal 0 0 1
    outer loop
      vertex 1.47857 3.73029 6.5
      vertex 1.72726 3.74725 6.5
      vertex 1.48272 3.7831 6.5
    endloop
  endfacet
  facet normal 0 0 1
    outer loop
      vertex 1.4875 4.01845 6.5
      vertex 1.67538 4.46501 6.5
      vertex 1.65922 4.5159 6.5
    endloop
  endfacet
  facet normal 0 0 1
    outer loop
      vertex 1.72726 3.74725 6.5
      vertex 1.47857 3.73029 6.5
      vertex 1.72027 3.68297 6.5
    endloop
  endfacet
  facet normal 0 0 1
    outer loop
      vertex 1.4875 4.01845 6.5
      vertex 1.65922 4.5159 6.5
      vertex 1.64116 4.56398 6.5
    endloop
  endfacet
  facet normal 0 0 1
    outer loop
      vertex 1.47323 3.67992 6.5
      vertex 1.72027 3.68297 6.5
      vertex 1.47857 3.73029 6.5
    endloop
  endfacet
  facet normal 0 0 1
    outer loop
      vertex 1.4875 4.01845 6.5
      vertex 1.64116 4.56398 6.5
      vertex 1.62118 4.60922 6.5
    endloop
  endfacet
  facet normal 0 0 1
    outer loop
      vertex 1.72027 3.68297 6.5
      vertex 1.47323 3.67992 6.5
      vertex 1.71127 3.62138 6.5
    endloop
  endfacet
  facet normal 0 0 1
    outer loop
      vertex 1.4875 4.01845 6.5
      vertex 1.62118 4.60922 6.5
      vertex 1.5993 4.65164 6.5
    endloop
  endfacet
  facet normal -0 0 1
    outer loop
      vertex 1.46669 3.632 6.5
      vertex 1.71127 3.62138 6.5
      vertex 1.47323 3.67992 6.5
    endloop
  endfacet
  facet normal 0 0 1
    outer loop
      vertex 1.4875 4.01845 6.5
      vertex 1.5993 4.65164 6.5
      vertex 1.57553 4.69124 6.5
    endloop
  endfacet
  facet normal 0 0 1
    outer loop
      vertex 1.71127 3.62138 6.5
      vertex 1.46669 3.632 6.5
      vertex 1.70028 3.56247 6.5
    endloop
  endfacet
  facet normal 0 0 1
    outer loop
      vertex 1.4875 4.01845 6.5
      vertex 1.57553 4.69124 6.5
      vertex 1.54976 4.72795 6.5
    endloop
  endfacet
  facet normal -0 0 1
    outer loop
      vertex 1.45898 3.5865 6.5
      vertex 1.70028 3.56247 6.5
      vertex 1.46669 3.632 6.5
    endloop
  endfacet
  facet normal 0 0 1
    outer loop
      vertex 1.4875 4.01845 6.5
      vertex 1.54976 4.72795 6.5
      vertex 1.52189 4.76173 6.5
    endloop
  endfacet
  facet normal 0 0 1
    outer loop
      vertex 1.70028 3.56247 6.5
      vertex 1.45898 3.5865 6.5
      vertex 1.6873 3.50624 6.5
    endloop
  endfacet
  facet normal 0 0 1
    outer loop
      vertex 1.34172 4.63147 6.5
      vertex 1.52189 4.76173 6.5
      vertex 1.49194 4.79257 6.5
    endloop
  endfacet
  facet normal -0 0 1
    outer loop
      vertex 1.45007 3.54346 6.5
      vertex 1.6873 3.50624 6.5
      vertex 1.45898 3.5865 6.5
    endloop
  endfacet
  facet normal 0 0 1
    outer loop
      vertex 1.6873 3.50624 6.5
      vertex 1.45007 3.54346 6.5
      vertex 1.6723 3.45268 6.5
    endloop
  endfacet
  facet normal -0 0 1
    outer loop
      vertex 1.43997 3.50285 6.5
      vertex 1.6723 3.45268 6.5
      vertex 1.45007 3.54346 6.5
    endloop
  endfacet
  facet normal 0 0 1
    outer loop
      vertex 1.6723 3.45268 6.5
      vertex 1.43997 3.50285 6.5
      vertex 1.65532 3.40181 6.5
    endloop
  endfacet
  facet normal -0 0 1
    outer loop
      vertex 1.42869 3.46468 6.5
      vertex 1.65532 3.40181 6.5
      vertex 1.43997 3.50285 6.5
    endloop
  endfacet
  facet normal 0 0 1
    outer loop
      vertex 1.65532 3.40181 6.5
      vertex 1.42869 3.46468 6.5
      vertex 1.63633 3.35362 6.5
    endloop
  endfacet
  facet normal -0 0 1
    outer loop
      vertex 1.41621 3.42896 6.5
      vertex 1.63633 3.35362 6.5
      vertex 1.42869 3.46468 6.5
    endloop
  endfacet
  facet normal 0 0 1
    outer loop
      vertex 1.63633 3.35362 6.5
      vertex 1.41621 3.42896 6.5
      vertex 1.61535 3.30811 6.5
    endloop
  endfacet
  facet normal -0 0 1
    outer loop
      vertex 1.40255 3.39566 6.5
      vertex 1.61535 3.30811 6.5
      vertex 1.41621 3.42896 6.5
    endloop
  endfacet
  facet normal 0 0 1
    outer loop
      vertex 1.61535 3.30811 6.5
      vertex 1.40255 3.39566 6.5
      vertex 1.59237 3.26529 6.5
    endloop
  endfacet
  facet normal -0 0 1
    outer loop
      vertex 1.38771 3.36481 6.5
      vertex 1.59237 3.26529 6.5
      vertex 1.40255 3.39566 6.5
    endloop
  endfacet
  facet normal 0 0 1
    outer loop
      vertex 1.59237 3.26529 6.5
      vertex 1.38771 3.36481 6.5
      vertex 1.56739 3.22513 6.5
    endloop
  endfacet
  facet normal -0 0 1
    outer loop
      vertex 1.37159 3.33632 6.5
      vertex 1.56739 3.22513 6.5
      vertex 1.38771 3.36481 6.5
    endloop
  endfacet
  facet normal 0 0 1
    outer loop
      vertex 1.56739 3.22513 6.5
      vertex 1.37159 3.33632 6.5
      vertex 1.54046 3.18782 6.5
    endloop
  endfacet
  facet normal -0 0 1
    outer loop
      vertex 1.35411 3.31012 6.5
      vertex 1.54046 3.18782 6.5
      vertex 1.37159 3.33632 6.5
    endloop
  endfacet
  facet normal 0 0 1
    outer loop
      vertex 1.54046 3.18782 6.5
      vertex 1.35411 3.31012 6.5
      vertex 1.51164 3.15349 6.5
    endloop
  endfacet
  facet normal -0 0 1
    outer loop
      vertex 1.33525 3.28618 6.5
      vertex 1.51164 3.15349 6.5
      vertex 1.35411 3.31012 6.5
    endloop
  endfacet
  facet normal 0 0 1
    outer loop
      vertex 1.51164 3.15349 6.5
      vertex 1.33525 3.28618 6.5
      vertex 1.48091 3.12213 6.5
    endloop
  endfacet
  facet normal -0 0 1
    outer loop
      vertex 1.31503 3.26454 6.5
      vertex 1.48091 3.12213 6.5
      vertex 1.33525 3.28618 6.5
    endloop
  endfacet
  facet normal 0 0 1
    outer loop
      vertex 1.48091 3.12213 6.5
      vertex 1.31503 3.26454 6.5
      vertex 1.44827 3.09378 6.5
    endloop
  endfacet
  facet normal -0 0 1
    outer loop
      vertex 1.29345 3.24516 6.5
      vertex 1.44827 3.09378 6.5
      vertex 1.31503 3.26454 6.5
    endloop
  endfacet
  facet normal 0 0 1
    outer loop
      vertex 1.44827 3.09378 6.5
      vertex 1.29345 3.24516 6.5
      vertex 1.41374 3.06841 6.5
    endloop
  endfacet
  facet normal -0 0 1
    outer loop
      vertex 1.2705 3.22807 6.5
      vertex 1.41374 3.06841 6.5
      vertex 1.29345 3.24516 6.5
    endloop
  endfacet
  facet normal 0 0 1
    outer loop
      vertex 1.41374 3.06841 6.5
      vertex 1.2705 3.22807 6.5
      vertex 1.3773 3.04601 6.5
    endloop
  endfacet
  facet normal -0 0 1
    outer loop
      vertex 1.2462 3.21326 6.5
      vertex 1.3773 3.04601 6.5
      vertex 1.2705 3.22807 6.5
    endloop
  endfacet
  facet normal 0 0 1
    outer loop
      vertex 1.3773 3.04601 6.5
      vertex 1.2462 3.21326 6.5
      vertex 1.33897 3.02661 6.5
    endloop
  endfacet
  facet normal 0 0 1
    outer loop
      vertex 1.33897 3.02661 6.5
      vertex 1.2462 3.21326 6.5
      vertex 1.29872 3.01019 6.5
    endloop
  endfacet
  facet normal -0 0 1
    outer loop
      vertex 1.22053 3.20071 6.5
      vertex 1.29872 3.01019 6.5
      vertex 1.2462 3.21326 6.5
    endloop
  endfacet
  facet normal 0 0 1
    outer loop
      vertex 1.29872 3.01019 6.5
      vertex 1.22053 3.20071 6.5
      vertex 1.25659 2.99677 6.5
    endloop
  endfacet
  facet normal -0 0 1
    outer loop
      vertex 1.19349 3.19046 6.5
      vertex 1.25659 2.99677 6.5
      vertex 1.22053 3.20071 6.5
    endloop
  endfacet
  facet normal 0 0 1
    outer loop
      vertex 1.25659 2.99677 6.5
      vertex 1.19349 3.19046 6.5
      vertex 1.21254 2.98633 6.5
    endloop
  endfacet
  facet normal -0 0 1
    outer loop
      vertex 1.16508 3.1825 6.5
      vertex 1.21254 2.98633 6.5
      vertex 1.19349 3.19046 6.5
    endloop
  endfacet
  facet normal 0 0 1
    outer loop
      vertex 1.21254 2.98633 6.5
      vertex 1.16508 3.1825 6.5
      vertex 1.16659 2.97885 6.5
    endloop
  endfacet
  facet normal -0 0 1
    outer loop
      vertex 1.13533 3.17679 6.5
      vertex 1.16659 2.97885 6.5
      vertex 1.16508 3.1825 6.5
    endloop
  endfacet
  facet normal 0 0 1
    outer loop
      vertex 1.13533 3.17679 6.5
      vertex 1.11874 2.97438 6.5
      vertex 1.16659 2.97885 6.5
    endloop
  endfacet
  facet normal -0 0 1
    outer loop
      vertex 1.10418 3.17337 6.5
      vertex 1.11874 2.97438 6.5
      vertex 1.13533 3.17679 6.5
    endloop
  endfacet
  facet normal -0 0 1
    outer loop
      vertex 1.0717 3.17223 6.5
      vertex 1.11874 2.97438 6.5
      vertex 1.10418 3.17337 6.5
    endloop
  endfacet
  facet normal 0 0 1
    outer loop
      vertex 1.0717 3.17223 6.5
      vertex 1.069 2.97289 6.5
      vertex 1.11874 2.97438 6.5
    endloop
  endfacet
  facet normal 0 0 1
    outer loop
      vertex 1.039 3.17336 6.5
      vertex 1.069 2.97289 6.5
      vertex 1.0717 3.17223 6.5
    endloop
  endfacet
  facet normal 0 0 1
    outer loop
      vertex 1.039 3.17336 6.5
      vertex 1.01925 2.97437 6.5
      vertex 1.069 2.97289 6.5
    endloop
  endfacet
  facet normal 0 0 1
    outer loop
      vertex 1.0077 3.1767 6.5
      vertex 1.01925 2.97437 6.5
      vertex 1.039 3.17336 6.5
    endloop
  endfacet
  facet normal 0 0 1
    outer loop
      vertex 0.971462 2.97882 6.5
      vertex 1.0077 3.1767 6.5
      vertex 0.977779 3.18227 6.5
    endloop
  endfacet
  facet normal 0 0 1
    outer loop
      vertex 1.0077 3.1767 6.5
      vertex 0.971462 2.97882 6.5
      vertex 1.01925 2.97437 6.5
    endloop
  endfacet
  facet normal 0 0 1
    outer loop
      vertex 0.925625 2.98625 6.5
      vertex 0.977779 3.18227 6.5
      vertex 0.949261 3.19008 6.5
    endloop
  endfacet
  facet normal 0 0 1
    outer loop
      vertex 0.977779 3.18227 6.5
      vertex 0.925625 2.98625 6.5
      vertex 0.971462 2.97882 6.5
    endloop
  endfacet
  facet normal 0 0 1
    outer loop
      vertex 0.88171 2.99664 6.5
      vertex 0.949261 3.19008 6.5
      vertex 0.922131 3.20012 6.5
    endloop
  endfacet
  facet normal 0 0 1
    outer loop
      vertex 0.839748 3.00999 6.5
      vertex 0.922131 3.20012 6.5
      vertex 0.896374 3.21239 6.5
    endloop
  endfacet
  facet normal 0 0 1
    outer loop
      vertex 0.949261 3.19008 6.5
      vertex 0.88171 2.99664 6.5
      vertex 0.925625 2.98625 6.5
    endloop
  endfacet
  facet normal 0 0 1
    outer loop
      vertex 0.799725 3.02632 6.5
      vertex 0.896374 3.21239 6.5
      vertex 0.872021 3.2269 6.5
    endloop
  endfacet
  facet normal 0 0 1
    outer loop
      vertex 0.725506 3.06789 6.5
      vertex 0.872021 3.2269 6.5
      vertex 0.849041 3.24362 6.5
    endloop
  endfacet
  facet normal 0 0 1
    outer loop
      vertex 0.922131 3.20012 6.5
      vertex 0.839748 3.00999 6.5
      vertex 0.88171 2.99664 6.5
    endloop
  endfacet
  facet normal 0 0 1
    outer loop
      vertex 0.691311 3.09312 6.5
      vertex 0.849041 3.24362 6.5
      vertex 0.827465 3.26259 6.5
    endloop
  endfacet
  facet normal 0 0 1
    outer loop
      vertex 0.659054 3.12134 6.5
      vertex 0.827465 3.26259 6.5
      vertex 0.807262 3.28378 6.5
    endloop
  endfacet
  facet normal 0 0 1
    outer loop
      vertex 0.896374 3.21239 6.5
      vertex 0.799725 3.02632 6.5
      vertex 0.839748 3.00999 6.5
    endloop
  endfacet
  facet normal 0 0 1
    outer loop
      vertex 0.62875 3.15251 6.5
      vertex 0.807262 3.28378 6.5
      vertex 0.788464 3.30721 6.5
    endloop
  endfacet
  facet normal 0 0 1
    outer loop
      vertex 0.600384 3.18666 6.5
      vertex 0.788464 3.30721 6.5
      vertex 0.771038 3.33287 6.5
    endloop
  endfacet
  facet normal 0 0 1
    outer loop
      vertex 0.872021 3.2269 6.5
      vertex 0.761639 3.04562 6.5
      vertex 0.799725 3.02632 6.5
    endloop
  endfacet
  facet normal 0 0 1
    outer loop
      vertex 0.573956 3.22377 6.5
      vertex 0.771038 3.33287 6.5
      vertex 0.755016 3.36075 6.5
    endloop
  endfacet
  facet normal 0 0 1
    outer loop
      vertex 0.54948 3.26373 6.5
      vertex 0.755016 3.36075 6.5
      vertex 0.740261 3.39105 6.5
    endloop
  endfacet
  facet normal 0 0 1
    outer loop
      vertex 0.526958 3.30643 6.5
      vertex 0.740261 3.39105 6.5
      vertex 0.726696 3.42392 6.5
    endloop
  endfacet
  facet normal 0 0 1
    outer loop
      vertex 0.872021 3.2269 6.5
      vertex 0.725506 3.06789 6.5
      vertex 0.761639 3.04562 6.5
    endloop
  endfacet
  facet normal 0 0 1
    outer loop
      vertex 0.50639 3.35185 6.5
      vertex 0.726696 3.42392 6.5
      vertex 0.714321 3.4594 6.5
    endloop
  endfacet
  facet normal 0 0 1
    outer loop
      vertex 0.487789 3.40001 6.5
      vertex 0.714321 3.4594 6.5
      vertex 0.703106 3.49744 6.5
    endloop
  endfacet
  facet normal 0 0 1
    outer loop
      vertex 0.471157 3.45088 6.5
      vertex 0.703106 3.49744 6.5
      vertex 0.693081 3.53807 6.5
    endloop
  endfacet
  facet normal 0 0 1
    outer loop
      vertex 0.849041 3.24362 6.5
      vertex 0.691311 3.09312 6.5
      vertex 0.725506 3.06789 6.5
    endloop
  endfacet
  facet normal 0 0 1
    outer loop
      vertex 0.456463 3.50449 6.5
      vertex 0.693081 3.53807 6.5
      vertex 0.684231 3.58128 6.5
    endloop
  endfacet
  facet normal 0 0 1
    outer loop
      vertex 0.443737 3.56082 6.5
      vertex 0.684231 3.58128 6.5
      vertex 0.676571 3.62709 6.5
    endloop
  endfacet
  facet normal 0 0 1
    outer loop
      vertex 0.432964 3.61989 6.5
      vertex 0.676571 3.62709 6.5
      vertex 0.670071 3.67548 6.5
    endloop
  endfacet
  facet normal -0 0 1
    outer loop
      vertex 0.42416 3.68169 6.5
      vertex 0.670071 3.67548 6.5
      vertex 0.664776 3.72644 6.5
    endloop
  endfacet
  facet normal -0 0 1
    outer loop
      vertex 0.417309 3.74622 6.5
      vertex 0.664776 3.72644 6.5
      vertex 0.660641 3.77998 6.5
    endloop
  endfacet
  facet normal 0 0 1
    outer loop
      vertex 0.827465 3.26259 6.5
      vertex 0.659054 3.12134 6.5
      vertex 0.691311 3.09312 6.5
    endloop
  endfacet
  facet normal -0 0 1
    outer loop
      vertex 0.412411 3.81346 6.5
      vertex 0.660641 3.77998 6.5
      vertex 0.657696 3.83612 6.5
    endloop
  endfacet
  facet normal -0 0 1
    outer loop
      vertex 0.409466 3.88344 6.5
      vertex 0.657696 3.83612 6.5
      vertex 0.655926 3.89485 6.5
    endloop
  endfacet
  facet normal -0 0 1
    outer loop
      vertex 0.408489 3.95615 6.5
      vertex 0.655926 3.89485 6.5
      vertex 0.655331 3.95615 6.5
    endloop
  endfacet
  facet normal 0 0 1
    outer loop
      vertex 0.807262 3.28378 6.5
      vertex 0.62875 3.15251 6.5
      vertex 0.659054 3.12134 6.5
    endloop
  endfacet
  facet normal 0 0 1
    outer loop
      vertex 0.683834 4.33905 6.5
      vertex 0.44273 4.35802 6.5
      vertex 0.676281 4.29272 6.5
    endloop
  endfacet
  facet normal -0 0 1
    outer loop
      vertex 0.469357 4.46861 6.5
      vertex 0.70245 4.42331 6.5
      vertex 0.485516 4.51952 6.5
    endloop
  endfacet
  facet normal 0 0 1
    outer loop
      vertex 0.655926 3.89485 6.5
      vertex 0.408489 3.95615 6.5
      vertex 0.409466 3.88344 6.5
    endloop
  endfacet
  facet normal 0 0 1
    outer loop
      vertex 0.70245 4.42331 6.5
      vertex 0.469357 4.46861 6.5
      vertex 0.692562 4.38257 6.5
    endloop
  endfacet
  facet normal 0 0 1
    outer loop
      vertex 0.657696 3.83612 6.5
      vertex 0.409466 3.88344 6.5
      vertex 0.412411 3.81346 6.5
    endloop
  endfacet
  facet normal -0 0 1
    outer loop
      vertex 0.45509 4.41478 6.5
      vertex 0.692562 4.38257 6.5
      vertex 0.469357 4.46861 6.5
    endloop
  endfacet
  facet normal 0 0 1
    outer loop
      vertex 0.660641 3.77998 6.5
      vertex 0.412411 3.81346 6.5
      vertex 0.417309 3.74622 6.5
    endloop
  endfacet
  facet normal -0 0 1
    outer loop
      vertex 0.432262 4.29834 6.5
      vertex 0.676281 4.29272 6.5
      vertex 0.44273 4.35802 6.5
    endloop
  endfacet
  facet normal 0 0 1
    outer loop
      vertex 0.664776 3.72644 6.5
      vertex 0.417309 3.74622 6.5
      vertex 0.42416 3.68169 6.5
    endloop
  endfacet
  facet normal 0 0 1
    outer loop
      vertex 0.676281 4.29272 6.5
      vertex 0.432262 4.29834 6.5
      vertex 0.669872 4.24361 6.5
    endloop
  endfacet
  facet normal 0 0 1
    outer loop
      vertex 0.670071 3.67548 6.5
      vertex 0.42416 3.68169 6.5
      vertex 0.432964 3.61989 6.5
    endloop
  endfacet
  facet normal 0 0 1
    outer loop
      vertex 0.423702 4.23575 6.5
      vertex 0.669872 4.24361 6.5
      vertex 0.432262 4.29834 6.5
    endloop
  endfacet
  facet normal 0 0 1
    outer loop
      vertex 0.676571 3.62709 6.5
      vertex 0.432964 3.61989 6.5
      vertex 0.443737 3.56082 6.5
    endloop
  endfacet
  facet normal 0 0 1
    outer loop
      vertex 0.669872 4.24361 6.5
      vertex 0.423702 4.23575 6.5
      vertex 0.664639 4.19171 6.5
    endloop
  endfacet
  facet normal 0 0 1
    outer loop
      vertex 0.693081 3.53807 6.5
      vertex 0.456463 3.50449 6.5
      vertex 0.471157 3.45088 6.5
    endloop
  endfacet
  facet normal 0 0 1
    outer loop
      vertex 0.417049 4.17023 6.5
      vertex 0.664639 4.19171 6.5
      vertex 0.423702 4.23575 6.5
    endloop
  endfacet
  facet normal 0 0 1
    outer loop
      vertex 0.703106 3.49744 6.5
      vertex 0.471157 3.45088 6.5
      vertex 0.487789 3.40001 6.5
    endloop
  endfacet
  facet normal 0 0 1
    outer loop
      vertex 0.664639 4.19171 6.5
      vertex 0.417049 4.17023 6.5
      vertex 0.660564 4.13701 6.5
    endloop
  endfacet
  facet normal 0 0 1
    outer loop
      vertex 0.726696 3.42392 6.5
      vertex 0.50639 3.35185 6.5
      vertex 0.526958 3.30643 6.5
    endloop
  endfacet
  facet normal 0 0 1
    outer loop
      vertex 0.412289 4.10179 6.5
      vertex 0.660564 4.13701 6.5
      vertex 0.417049 4.17023 6.5
    endloop
  endfacet
  facet normal 0 0 1
    outer loop
      vertex 0.788464 3.30721 6.5
      vertex 0.600384 3.18666 6.5
      vertex 0.62875 3.15251 6.5
    endloop
  endfacet
  facet normal 0 0 1
    outer loop
      vertex 0.660564 4.13701 6.5
      vertex 0.412289 4.10179 6.5
      vertex 0.657665 4.07951 6.5
    endloop
  endfacet
  facet normal 0 0 1
    outer loop
      vertex 0.771038 3.33287 6.5
      vertex 0.573956 3.22377 6.5
      vertex 0.600384 3.18666 6.5
    endloop
  endfacet
  facet normal 0 0 1
    outer loop
      vertex 0.409435 4.03043 6.5
      vertex 0.657665 4.07951 6.5
      vertex 0.412289 4.10179 6.5
    endloop
  endfacet
  facet normal 0 0 1
    outer loop
      vertex 0.755016 3.36075 6.5
      vertex 0.54948 3.26373 6.5
      vertex 0.573956 3.22377 6.5
    endloop
  endfacet
  facet normal 0 0 1
    outer loop
      vertex 0.657665 4.07951 6.5
      vertex 0.409435 4.03043 6.5
      vertex 0.65591 4.01923 6.5
    endloop
  endfacet
  facet normal 0 0 1
    outer loop
      vertex 0.740261 3.39105 6.5
      vertex 0.526958 3.30643 6.5
      vertex 0.54948 3.26373 6.5
    endloop
  endfacet
  facet normal 0 0 1
    outer loop
      vertex 0.408489 3.95615 6.5
      vertex 0.65591 4.01923 6.5
      vertex 0.409435 4.03043 6.5
    endloop
  endfacet
  facet normal 0 0 1
    outer loop
      vertex 0.714321 3.4594 6.5
      vertex 0.487789 3.40001 6.5
      vertex 0.50639 3.35185 6.5
    endloop
  endfacet
  facet normal 0 0 1
    outer loop
      vertex 0.65591 4.01923 6.5
      vertex 0.408489 3.95615 6.5
      vertex 0.655331 3.95615 6.5
    endloop
  endfacet
  facet normal 0 0 1
    outer loop
      vertex 0.684231 3.58128 6.5
      vertex 0.443737 3.56082 6.5
      vertex 0.456463 3.50449 6.5
    endloop
  endfacet
  facet normal -0 0 1
    outer loop
      vertex 3.68611 4.43156 6.5
      vertex 3.93756 4.41591 6.5
      vertex 3.93664 4.45384 6.5
    endloop
  endfacet
  facet normal 0 -0 1
    outer loop
      vertex 3.68666 4.40778 6.5
      vertex 3.93756 4.41591 6.5
      vertex 3.68611 4.43156 6.5
    endloop
  endfacet
  facet normal 0 0 1
    outer loop
      vertex 3.93725 4.39882 6.5
      vertex 3.68666 4.40778 6.5
      vertex 3.93635 4.38173 6.5
    endloop
  endfacet
  facet normal -0 0 1
    outer loop
      vertex 3.68447 4.45451 6.5
      vertex 3.93664 4.45384 6.5
      vertex 3.93388 4.4904 6.5
    endloop
  endfacet
  facet normal 0 0 1
    outer loop
      vertex 3.93756 4.41591 6.5
      vertex 3.68666 4.40778 6.5
      vertex 3.93725 4.39882 6.5
    endloop
  endfacet
  facet normal 0 0 1
    outer loop
      vertex 3.93635 4.38173 6.5
      vertex 3.68634 4.38997 6.5
      vertex 3.93484 4.36465 6.5
    endloop
  endfacet
  facet normal 0 0 1
    outer loop
      vertex 3.68174 4.47664 6.5
      vertex 3.93388 4.4904 6.5
      vertex 3.92929 4.52562 6.5
    endloop
  endfacet
  facet normal -0 0 1
    outer loop
      vertex 3.68634 4.38997 6.5
      vertex 3.93635 4.38173 6.5
      vertex 3.68666 4.40778 6.5
    endloop
  endfacet
  facet normal 0 0 1
    outer loop
      vertex 3.67793 4.49792 6.5
      vertex 3.92929 4.52562 6.5
      vertex 3.92285 4.55948 6.5
    endloop
  endfacet
  facet normal -0 0 1
    outer loop
      vertex 3.68539 4.37247 6.5
      vertex 3.93484 4.36465 6.5
      vertex 3.68634 4.38997 6.5
    endloop
  endfacet
  facet normal 0 0 1
    outer loop
      vertex 3.93484 4.36465 6.5
      vertex 3.68539 4.37247 6.5
      vertex 3.93274 4.34761 6.5
    endloop
  endfacet
  facet normal 0 0 1
    outer loop
      vertex 3.67302 4.51837 6.5
      vertex 3.92285 4.55948 6.5
      vertex 3.91458 4.59196 6.5
    endloop
  endfacet
  facet normal 0 0 1
    outer loop
      vertex 3.93274 4.34761 6.5
      vertex 3.68539 4.37247 6.5
      vertex 3.93003 4.33057 6.5
    endloop
  endfacet
  facet normal -0 0 1
    outer loop
      vertex 3.6838 4.35524 6.5
      vertex 3.93003 4.33057 6.5
      vertex 3.68539 4.37247 6.5
    endloop
  endfacet
  facet normal 0 0 1
    outer loop
      vertex 3.667 4.53798 6.5
      vertex 3.91458 4.59196 6.5
      vertex 3.90448 4.62311 6.5
    endloop
  endfacet
  facet normal 0 0 1
    outer loop
      vertex 3.93003 4.33057 6.5
      vertex 3.6838 4.35524 6.5
      vertex 3.92672 4.31355 6.5
    endloop
  endfacet
  facet normal -0 0 1
    outer loop
      vertex 3.68158 4.33832 6.5
      vertex 3.9228 4.29655 6.5
      vertex 3.6838 4.35524 6.5
    endloop
  endfacet
  facet normal 0 0 1
    outer loop
      vertex 3.667 4.53798 6.5
      vertex 3.90448 4.62311 6.5
      vertex 3.89253 4.65291 6.5
    endloop
  endfacet
  facet normal 0 0 1
    outer loop
      vertex 3.92672 4.31355 6.5
      vertex 3.6838 4.35524 6.5
      vertex 3.9228 4.29655 6.5
    endloop
  endfacet
  facet normal 0 0 1
    outer loop
      vertex 3.65991 4.55676 6.5
      vertex 3.89253 4.65291 6.5
      vertex 3.87875 4.68134 6.5
    endloop
  endfacet
  facet normal 0 0 1
    outer loop
      vertex 3.9228 4.29655 6.5
      vertex 3.68158 4.33832 6.5
      vertex 3.9183 4.27956 6.5
    endloop
  endfacet
  facet normal -0 0 1
    outer loop
      vertex 3.67872 4.32167 6.5
      vertex 3.9183 4.27956 6.5
      vertex 3.68158 4.33832 6.5
    endloop
  endfacet
  facet normal 0 0 1
    outer loop
      vertex 3.65173 4.57471 6.5
      vertex 3.87875 4.68134 6.5
      vertex 3.86312 4.7084 6.5
    endloop
  endfacet
  facet normal 0 0 1
    outer loop
      vertex 3.9183 4.27956 6.5
      vertex 3.67872 4.32167 6.5
      vertex 3.91317 4.26259 6.5
    endloop
  endfacet
  facet normal -0 0 1
    outer loop
      vertex 3.67524 4.30531 6.5
      vertex 3.90747 4.24562 6.5
      vertex 3.67872 4.32167 6.5
    endloop
  endfacet
  facet normal 0 0 1
    outer loop
      vertex 3.64245 4.59181 6.5
      vertex 3.86312 4.7084 6.5
      vertex 3.84567 4.73412 6.5
    endloop
  endfacet
  facet normal 0 0 1
    outer loop
      vertex 3.91317 4.26259 6.5
      vertex 3.67872 4.32167 6.5
      vertex 3.90747 4.24562 6.5
    endloop
  endfacet
  facet normal -0 0 1
    outer loop
      vertex 3.67112 4.28925 6.5
      vertex 3.90113 4.22868 6.5
      vertex 3.67524 4.30531 6.5
    endloop
  endfacet
  facet normal 0 0 1
    outer loop
      vertex 3.63208 4.60809 6.5
      vertex 3.84567 4.73412 6.5
      vertex 3.82637 4.75848 6.5
    endloop
  endfacet
  facet normal 0 0 1
    outer loop
      vertex 3.90113 4.22868 6.5
      vertex 3.67112 4.28925 6.5
      vertex 3.89422 4.21176 6.5
    endloop
  endfacet
  facet normal 0 0 1
    outer loop
      vertex 3.89422 4.21176 6.5
      vertex 3.67112 4.28925 6.5
      vertex 3.8867 4.19485 6.5
    endloop
  endfacet
  facet normal 0 0 1
    outer loop
      vertex 3.63208 4.60809 6.5
      vertex 3.82637 4.75848 6.5
      vertex 3.80523 4.78148 6.5
    endloop
  endfacet
  facet normal -0 0 1
    outer loop
      vertex 3.66636 4.27347 6.5
      vertex 3.8867 4.19485 6.5
      vertex 3.67112 4.28925 6.5
    endloop
  endfacet
  facet normal 0 0 1
    outer loop
      vertex 3.62062 4.62354 6.5
      vertex 3.80523 4.78148 6.5
      vertex 3.78225 4.80313 6.5
    endloop
  endfacet
  facet normal 0 0 1
    outer loop
      vertex 3.8867 4.19485 6.5
      vertex 3.66636 4.27347 6.5
      vertex 3.87858 4.17795 6.5
    endloop
  endfacet
  facet normal -0 0 1
    outer loop
      vertex 3.66098 4.25798 6.5
      vertex 3.87858 4.17795 6.5
      vertex 3.66636 4.27347 6.5
    endloop
  endfacet
  facet normal 0 0 1
    outer loop
      vertex 3.60806 4.63814 6.5
      vertex 3.78225 4.80313 6.5
      vertex 3.75758 4.82329 6.5
    endloop
  endfacet
  facet normal 0 0 1
    outer loop
      vertex 3.87858 4.17795 6.5
      vertex 3.66098 4.25798 6.5
      vertex 3.86987 4.16106 6.5
    endloop
  endfacet
  facet normal 0 0 1
    outer loop
      vertex 3.86987 4.16106 6.5
      vertex 3.66098 4.25798 6.5
      vertex 3.86059 4.14415 6.5
    endloop
  endfacet
  facet normal 0 0 1
    outer loop
      vertex 3.59442 4.65192 6.5
      vertex 3.75758 4.82329 6.5
      vertex 3.73132 4.84184 6.5
    endloop
  endfacet
  facet normal -0 0 1
    outer loop
      vertex 3.65495 4.24278 6.5
      vertex 3.86059 4.14415 6.5
      vertex 3.66098 4.25798 6.5
    endloop
  endfacet
  facet normal 0 0 1
    outer loop
      vertex 3.5798 4.66475 6.5
      vertex 3.73132 4.84184 6.5
      vertex 3.70347 4.85878 6.5
    endloop
  endfacet
  facet normal 0 0 1
    outer loop
      vertex 3.86059 4.14415 6.5
      vertex 3.65495 4.24278 6.5
      vertex 3.8507 4.12724 6.5
    endloop
  endfacet
  facet normal -0 0 1
    outer loop
      vertex 3.6483 4.22787 6.5
      vertex 3.8507 4.12724 6.5
      vertex 3.65495 4.24278 6.5
    endloop
  endfacet
  facet normal 0 0 1
    outer loop
      vertex 3.90747 4.24562 6.5
      vertex 3.67524 4.30531 6.5
      vertex 3.90113 4.22868 6.5
    endloop
  endfacet
  facet normal 0 0 1
    outer loop
      vertex 3.93664 4.45384 6.5
      vertex 3.68447 4.45451 6.5
      vertex 3.68611 4.43156 6.5
    endloop
  endfacet
  facet normal 0 0 1
    outer loop
      vertex 3.93388 4.4904 6.5
      vertex 3.68174 4.47664 6.5
      vertex 3.68447 4.45451 6.5
    endloop
  endfacet
  facet normal 0 0 1
    outer loop
      vertex 3.92929 4.52562 6.5
      vertex 3.67793 4.49792 6.5
      vertex 3.68174 4.47664 6.5
    endloop
  endfacet
  facet normal 0 0 1
    outer loop
      vertex 3.56434 4.67656 6.5
      vertex 3.70347 4.85878 6.5
      vertex 3.67405 4.8741 6.5
    endloop
  endfacet
  facet normal 0 0 1
    outer loop
      vertex 3.92285 4.55948 6.5
      vertex 3.67302 4.51837 6.5
      vertex 3.67793 4.49792 6.5
    endloop
  endfacet
  facet normal 0 0 1
    outer loop
      vertex 3.91458 4.59196 6.5
      vertex 3.667 4.53798 6.5
      vertex 3.67302 4.51837 6.5
    endloop
  endfacet
  facet normal 0 0 1
    outer loop
      vertex 3.89253 4.65291 6.5
      vertex 3.65991 4.55676 6.5
      vertex 3.667 4.53798 6.5
    endloop
  endfacet
  facet normal 0 0 1
    outer loop
      vertex 3.87875 4.68134 6.5
      vertex 3.65173 4.57471 6.5
      vertex 3.65991 4.55676 6.5
    endloop
  endfacet
  facet normal 0 0 1
    outer loop
      vertex 3.54803 4.68735 6.5
      vertex 3.67405 4.8741 6.5
      vertex 3.64305 4.88782 6.5
    endloop
  endfacet
  facet normal 0 0 1
    outer loop
      vertex 3.86312 4.7084 6.5
      vertex 3.64245 4.59181 6.5
      vertex 3.65173 4.57471 6.5
    endloop
  endfacet
  facet normal 0 0 1
    outer loop
      vertex 3.84567 4.73412 6.5
      vertex 3.63208 4.60809 6.5
      vertex 3.64245 4.59181 6.5
    endloop
  endfacet
  facet normal 0 0 1
    outer loop
      vertex 3.80523 4.78148 6.5
      vertex 3.62062 4.62354 6.5
      vertex 3.63208 4.60809 6.5
    endloop
  endfacet
  facet normal 0 0 1
    outer loop
      vertex 3.53086 4.69711 6.5
      vertex 3.64305 4.88782 6.5
      vertex 3.61045 4.89992 6.5
    endloop
  endfacet
  facet normal 0 0 1
    outer loop
      vertex 3.78225 4.80313 6.5
      vertex 3.60806 4.63814 6.5
      vertex 3.62062 4.62354 6.5
    endloop
  endfacet
  facet normal 0 0 1
    outer loop
      vertex 3.75758 4.82329 6.5
      vertex 3.59442 4.65192 6.5
      vertex 3.60806 4.63814 6.5
    endloop
  endfacet
  facet normal 0 0 1
    outer loop
      vertex 3.73132 4.84184 6.5
      vertex 3.5798 4.66475 6.5
      vertex 3.59442 4.65192 6.5
    endloop
  endfacet
  facet normal 0 0 1
    outer loop
      vertex 3.51284 4.70584 6.5
      vertex 3.61045 4.89992 6.5
      vertex 3.57629 4.9104 6.5
    endloop
  endfacet
  facet normal 0 0 1
    outer loop
      vertex 3.70347 4.85878 6.5
      vertex 3.56434 4.67656 6.5
      vertex 3.5798 4.66475 6.5
    endloop
  endfacet
  facet normal 0 0 1
    outer loop
      vertex 3.67405 4.8741 6.5
      vertex 3.54803 4.68735 6.5
      vertex 3.56434 4.67656 6.5
    endloop
  endfacet
  facet normal 0 0 1
    outer loop
      vertex 3.49398 4.71355 6.5
      vertex 3.57629 4.9104 6.5
      vertex 3.54055 4.91927 6.5
    endloop
  endfacet
  facet normal 0 0 1
    outer loop
      vertex 3.64305 4.88782 6.5
      vertex 3.53086 4.69711 6.5
      vertex 3.54803 4.68735 6.5
    endloop
  endfacet
  facet normal 0 0 1
    outer loop
      vertex 3.61045 4.89992 6.5
      vertex 3.51284 4.70584 6.5
      vertex 3.53086 4.69711 6.5
    endloop
  endfacet
  facet normal 0 0 1
    outer loop
      vertex 3.47425 4.72021 6.5
      vertex 3.54055 4.91927 6.5
      vertex 3.50322 4.92653 6.5
    endloop
  endfacet
  facet normal 0 0 1
    outer loop
      vertex 3.57629 4.9104 6.5
      vertex 3.49398 4.71355 6.5
      vertex 3.51284 4.70584 6.5
    endloop
  endfacet
  facet normal 0 0 1
    outer loop
      vertex 3.54055 4.91927 6.5
      vertex 3.47425 4.72021 6.5
      vertex 3.49398 4.71355 6.5
    endloop
  endfacet
  facet normal 0 0 1
    outer loop
      vertex 3.4537 4.72588 6.5
      vertex 3.50322 4.92653 6.5
      vertex 3.46431 4.93217 6.5
    endloop
  endfacet
  facet normal 0 0 1
    outer loop
      vertex 3.50322 4.92653 6.5
      vertex 3.4537 4.72588 6.5
      vertex 3.47425 4.72021 6.5
    endloop
  endfacet
  facet normal 0 0 1
    outer loop
      vertex 3.46431 4.93217 6.5
      vertex 3.43228 4.7305 6.5
      vertex 3.4537 4.72588 6.5
    endloop
  endfacet
  facet normal 0 0 1
    outer loop
      vertex 3.41 4.73409 6.5
      vertex 3.46431 4.93217 6.5
      vertex 3.42382 4.9362 6.5
    endloop
  endfacet
  facet normal 0 0 1
    outer loop
      vertex 3.46431 4.93217 6.5
      vertex 3.41 4.73409 6.5
      vertex 3.43228 4.7305 6.5
    endloop
  endfacet
  facet normal 0 0 1
    outer loop
      vertex 3.42382 4.9362 6.5
      vertex 3.38688 4.73666 6.5
      vertex 3.41 4.73409 6.5
    endloop
  endfacet
  facet normal 0 0 1
    outer loop
      vertex 3.38176 4.93863 6.5
      vertex 3.38688 4.73666 6.5
      vertex 3.42382 4.9362 6.5
    endloop
  endfacet
  facet normal 0 0 1
    outer loop
      vertex 3.38176 4.93863 6.5
      vertex 3.36291 4.7382 6.5
      vertex 3.38688 4.73666 6.5
    endloop
  endfacet
  facet normal 0 0 1
    outer loop
      vertex 3.3381 4.93944 6.5
      vertex 3.36291 4.7382 6.5
      vertex 3.38176 4.93863 6.5
    endloop
  endfacet
  facet normal 0 0 1
    outer loop
      vertex 3.3381 4.93944 6.5
      vertex 3.3381 4.73871 6.5
      vertex 3.36291 4.7382 6.5
    endloop
  endfacet
  facet normal 0 0 1
    outer loop
      vertex 3.3381 4.93944 6.5
      vertex 3.31442 4.7382 6.5
      vertex 3.3381 4.73871 6.5
    endloop
  endfacet
  facet normal -0 0 1
    outer loop
      vertex 3.29818 4.93863 6.5
      vertex 3.31442 4.7382 6.5
      vertex 3.3381 4.93944 6.5
    endloop
  endfacet
  facet normal 0 0 1
    outer loop
      vertex 3.29818 4.93863 6.5
      vertex 3.29141 4.73671 6.5
      vertex 3.31442 4.7382 6.5
    endloop
  endfacet
  facet normal -0 0 1
    outer loop
      vertex 3.2594 4.93622 6.5
      vertex 3.29141 4.73671 6.5
      vertex 3.29818 4.93863 6.5
    endloop
  endfacet
  facet normal 0 0 1
    outer loop
      vertex 3.29141 4.73671 6.5
      vertex 3.2594 4.93622 6.5
      vertex 3.26902 4.73419 6.5
    endloop
  endfacet
  facet normal -0 0 1
    outer loop
      vertex 3.22175 4.93221 6.5
      vertex 3.26902 4.73419 6.5
      vertex 3.2594 4.93622 6.5
    endloop
  endfacet
  facet normal 0 0 1
    outer loop
      vertex 3.26902 4.73419 6.5
      vertex 3.22175 4.93221 6.5
      vertex 3.24731 4.73068 6.5
    endloop
  endfacet
  facet normal -0 0 1
    outer loop
      vertex 3.18522 4.92659 6.5
      vertex 3.24731 4.73068 6.5
      vertex 3.22175 4.93221 6.5
    endloop
  endfacet
  facet normal 0 0 1
    outer loop
      vertex 3.24731 4.73068 6.5
      vertex 3.18522 4.92659 6.5
      vertex 3.22624 4.72617 6.5
    endloop
  endfacet
  facet normal 0 0 1
    outer loop
      vertex 3.22624 4.72617 6.5
      vertex 3.18522 4.92659 6.5
      vertex 3.20582 4.72066 6.5
    endloop
  endfacet
  facet normal -0 0 1
    outer loop
      vertex 3.14984 4.91937 6.5
      vertex 3.20582 4.72066 6.5
      vertex 3.18522 4.92659 6.5
    endloop
  endfacet
  facet normal 0 0 1
    outer loop
      vertex 3.20582 4.72066 6.5
      vertex 3.14984 4.91937 6.5
      vertex 3.18605 4.71413 6.5
    endloop
  endfacet
  facet normal -0 0 1
    outer loop
      vertex 3.11558 4.91054 6.5
      vertex 3.18605 4.71413 6.5
      vertex 3.14984 4.91937 6.5
    endloop
  endfacet
  facet normal 0 0 1
    outer loop
      vertex 3.18605 4.71413 6.5
      vertex 3.11558 4.91054 6.5
      vertex 3.16693 4.7066 6.5
    endloop
  endfacet
  facet normal -0 0 1
    outer loop
      vertex 3.08245 4.9001 6.5
      vertex 3.16693 4.7066 6.5
      vertex 3.11558 4.91054 6.5
    endloop
  endfacet
  facet normal 0 0 1
    outer loop
      vertex 3.16693 4.7066 6.5
      vertex 3.08245 4.9001 6.5
      vertex 3.14845 4.69807 6.5
    endloop
  endfacet
  facet normal -0 0 1
    outer loop
      vertex 3.05047 4.88806 6.5
      vertex 3.14845 4.69807 6.5
      vertex 3.08245 4.9001 6.5
    endloop
  endfacet
  facet normal 0 0 1
    outer loop
      vertex 3.14845 4.69807 6.5
      vertex 3.05047 4.88806 6.5
      vertex 3.13064 4.68855 6.5
    endloop
  endfacet
  facet normal -0 0 1
    outer loop
      vertex 3.0196 4.87442 6.5
      vertex 3.13064 4.68855 6.5
      vertex 3.05047 4.88806 6.5
    endloop
  endfacet
  facet normal 0 0 1
    outer loop
      vertex 3.13064 4.68855 6.5
      vertex 3.0196 4.87442 6.5
      vertex 3.11346 4.67801 6.5
    endloop
  endfacet
  facet normal -0 0 1
    outer loop
      vertex 2.98988 4.85918 6.5
      vertex 3.11346 4.67801 6.5
      vertex 3.0196 4.87442 6.5
    endloop
  endfacet
  facet normal 0 0 1
    outer loop
      vertex 3.11346 4.67801 6.5
      vertex 2.98988 4.85918 6.5
      vertex 3.09695 4.66647 6.5
    endloop
  endfacet
  facet normal -0 0 1
    outer loop
      vertex 2.96128 4.84232 6.5
      vertex 3.09695 4.66647 6.5
      vertex 2.98988 4.85918 6.5
    endloop
  endfacet
  facet normal 0 0 1
    outer loop
      vertex 3.09695 4.66647 6.5
      vertex 2.96128 4.84232 6.5
      vertex 3.08108 4.65393 6.5
    endloop
  endfacet
  facet normal -0 0 1
    outer loop
      vertex 2.9338 4.82385 6.5
      vertex 3.08108 4.65393 6.5
      vertex 2.96128 4.84232 6.5
    endloop
  endfacet
  facet normal 0 0 1
    outer loop
      vertex 3.08108 4.65393 6.5
      vertex 2.9338 4.82385 6.5
      vertex 3.06602 4.64049 6.5
    endloop
  endfacet
  facet normal -0 0 1
    outer loop
      vertex 2.90748 4.80379 6.5
      vertex 3.06602 4.64049 6.5
      vertex 2.9338 4.82385 6.5
    endloop
  endfacet
  facet normal 0 0 1
    outer loop
      vertex 3.06602 4.64049 6.5
      vertex 2.90748 4.80379 6.5
      vertex 3.05197 4.62624 6.5
    endloop
  endfacet
  facet normal -0 0 1
    outer loop
      vertex 2.88253 4.78238 6.5
      vertex 3.05197 4.62624 6.5
      vertex 2.90748 4.80379 6.5
    endloop
  endfacet
  facet normal 0 0 1
    outer loop
      vertex 3.05197 4.62624 6.5
      vertex 2.88253 4.78238 6.5
      vertex 3.03889 4.61116 6.5
    endloop
  endfacet
  facet normal -0 0 1
    outer loop
      vertex 2.85926 4.75984 6.5
      vertex 3.03889 4.61116 6.5
      vertex 2.88253 4.78238 6.5
    endloop
  endfacet
  facet normal 0 0 1
    outer loop
      vertex 3.03889 4.61116 6.5
      vertex 2.85926 4.75984 6.5
      vertex 3.02679 4.59529 6.5
    endloop
  endfacet
  facet normal -0 0 1
    outer loop
      vertex 2.83764 4.73622 6.5
      vertex 3.02679 4.59529 6.5
      vertex 2.85926 4.75984 6.5
    endloop
  endfacet
  facet normal 0 0 1
    outer loop
      vertex 3.02679 4.59529 6.5
      vertex 2.83764 4.73622 6.5
      vertex 3.0157 4.5786 6.5
    endloop
  endfacet
  facet normal -0 0 1
    outer loop
      vertex 2.81768 4.71147 6.5
      vertex 3.0157 4.5786 6.5
      vertex 2.83764 4.73622 6.5
    endloop
  endfacet
  facet normal 0 0 1
    outer loop
      vertex 3.0157 4.5786 6.5
      vertex 2.81768 4.71147 6.5
      vertex 3.00558 4.5611 6.5
    endloop
  endfacet
  facet normal -0 0 1
    outer loop
      vertex 2.79939 4.68562 6.5
      vertex 3.00558 4.5611 6.5
      vertex 2.81768 4.71147 6.5
    endloop
  endfacet
  facet normal -0 0 1
    outer loop
      vertex 2.78276 4.65868 6.5
      vertex 3.00558 4.5611 6.5
      vertex 2.79939 4.68562 6.5
    endloop
  endfacet
  facet normal 0 0 1
    outer loop
      vertex 3.00558 4.5611 6.5
      vertex 2.78276 4.65868 6.5
      vertex 2.99646 4.54279 6.5
    endloop
  endfacet
  facet normal -0 0 1
    outer loop
      vertex 2.76779 4.6306 6.5
      vertex 2.99646 4.54279 6.5
      vertex 2.78276 4.65868 6.5
    endloop
  endfacet
  facet normal 0 0 1
    outer loop
      vertex 2.99646 4.54279 6.5
      vertex 2.76779 4.6306 6.5
      vertex 2.98831 4.52367 6.5
    endloop
  endfacet
  facet normal -0 0 1
    outer loop
      vertex 2.75448 4.60144 6.5
      vertex 2.98831 4.52367 6.5
      vertex 2.76779 4.6306 6.5
    endloop
  endfacet
  facet normal 0 0 1
    outer loop
      vertex 2.98831 4.52367 6.5
      vertex 2.75448 4.60144 6.5
      vertex 2.98115 4.50374 6.5
    endloop
  endfacet
  facet normal -0 0 1
    outer loop
      vertex 2.74284 4.57115 6.5
      vertex 2.98115 4.50374 6.5
      vertex 2.75448 4.60144 6.5
    endloop
  endfacet
  facet normal 0 0 1
    outer loop
      vertex 2.98115 4.50374 6.5
      vertex 2.74284 4.57115 6.5
      vertex 2.97499 4.483 6.5
    endloop
  endfacet
  facet normal -0 0 1
    outer loop
      vertex 2.73285 4.53978 6.5
      vertex 2.97499 4.483 6.5
      vertex 2.74284 4.57115 6.5
    endloop
  endfacet
  facet normal 0 0 1
    outer loop
      vertex 2.97499 4.483 6.5
      vertex 2.73285 4.53978 6.5
      vertex 2.96981 4.46144 6.5
    endloop
  endfacet
  facet normal -0 0 1
    outer loop
      vertex 2.72453 4.50728 6.5
      vertex 2.96981 4.46144 6.5
      vertex 2.73285 4.53978 6.5
    endloop
  endfacet
  facet normal 0 0 1
    outer loop
      vertex 2.96981 4.46144 6.5
      vertex 2.72453 4.50728 6.5
      vertex 2.96562 4.43909 6.5
    endloop
  endfacet
  facet normal -0 0 1
    outer loop
      vertex 2.71786 4.47368 6.5
      vertex 2.96562 4.43909 6.5
      vertex 2.72453 4.50728 6.5
    endloop
  endfacet
  facet normal 0 0 1
    outer loop
      vertex 2.96562 4.43909 6.5
      vertex 2.71786 4.47368 6.5
      vertex 2.96241 4.41591 6.5
    endloop
  endfacet
  facet normal 0 0 1
    outer loop
      vertex 2.96241 4.41591 6.5
      vertex 2.71786 4.47368 6.5
      vertex 2.71286 4.43896 6.5
    endloop
  endfacet
  facet normal 0 0 1
    outer loop
      vertex 3.8507 4.12724 6.5
      vertex 3.6483 4.22787 6.5
      vertex 3.84025 4.11035 6.5
    endloop
  endfacet
  facet normal -0 0 1
    outer loop
      vertex 3.641 4.21324 6.5
      vertex 3.84025 4.11035 6.5
      vertex 3.6483 4.22787 6.5
    endloop
  endfacet
  facet normal 0 0 1
    outer loop
      vertex 3.84025 4.11035 6.5
      vertex 3.641 4.21324 6.5
      vertex 3.8292 4.09344 6.5
    endloop
  endfacet
  facet normal -0 0 1
    outer loop
      vertex 3.63308 4.19891 6.5
      vertex 3.8292 4.09344 6.5
      vertex 3.641 4.21324 6.5
    endloop
  endfacet
  facet normal 0 0 1
    outer loop
      vertex 3.8292 4.09344 6.5
      vertex 3.63308 4.19891 6.5
      vertex 3.81758 4.07654 6.5
    endloop
  endfacet
  facet normal -0 0 1
    outer loop
      vertex 3.62463 4.18477 6.5
      vertex 3.81758 4.07654 6.5
      vertex 3.63308 4.19891 6.5
    endloop
  endfacet
  facet normal 0 0 1
    outer loop
      vertex 3.81758 4.07654 6.5
      vertex 3.62463 4.18477 6.5
      vertex 3.80536 4.05965 6.5
    endloop
  endfacet
  facet normal -0 0 1
    outer loop
      vertex 3.61581 4.17073 6.5
      vertex 3.80536 4.05965 6.5
      vertex 3.62463 4.18477 6.5
    endloop
  endfacet
  facet normal 0 0 1
    outer loop
      vertex 3.80536 4.05965 6.5
      vertex 3.61581 4.17073 6.5
      vertex 3.79255 4.04274 6.5
    endloop
  endfacet
  facet normal -0 0 1
    outer loop
      vertex 3.60658 4.15678 6.5
      vertex 3.79255 4.04274 6.5
      vertex 3.61581 4.17073 6.5
    endloop
  endfacet
  facet normal 0 0 1
    outer loop
      vertex 3.79255 4.04274 6.5
      vertex 3.60658 4.15678 6.5
      vertex 3.77916 4.02583 6.5
    endloop
  endfacet
  facet normal -0 0 1
    outer loop
      vertex 3.59697 4.14293 6.5
      vertex 3.77916 4.02583 6.5
      vertex 3.60658 4.15678 6.5
    endloop
  endfacet
  facet normal 0 0 1
    outer loop
      vertex 3.77916 4.02583 6.5
      vertex 3.59697 4.14293 6.5
      vertex 3.76518 4.00894 6.5
    endloop
  endfacet
  facet normal -0 0 1
    outer loop
      vertex 3.58694 4.12918 6.5
      vertex 3.76518 4.00894 6.5
      vertex 3.59697 4.14293 6.5
    endloop
  endfacet
  facet normal 0 0 1
    outer loop
      vertex 3.76518 4.00894 6.5
      vertex 3.58694 4.12918 6.5
      vertex 3.75062 3.99203 6.5
    endloop
  endfacet
  facet normal -0 0 1
    outer loop
      vertex 3.57653 4.11551 6.5
      vertex 3.75062 3.99203 6.5
      vertex 3.58694 4.12918 6.5
    endloop
  endfacet
  facet normal 0 0 1
    outer loop
      vertex 3.75062 3.99203 6.5
      vertex 3.57653 4.11551 6.5
      vertex 3.73547 3.97513 6.5
    endloop
  endfacet
  facet normal -0 0 1
    outer loop
      vertex 3.56575 4.10196 6.5
      vertex 3.73547 3.97513 6.5
      vertex 3.57653 4.11551 6.5
    endloop
  endfacet
  facet normal 0 0 1
    outer loop
      vertex 3.73547 3.97513 6.5
      vertex 3.56575 4.10196 6.5
      vertex 3.71896 3.95752 6.5
    endloop
  endfacet
  facet normal -0 0 1
    outer loop
      vertex 3.55455 4.08849 6.5
      vertex 3.71896 3.95752 6.5
      vertex 3.56575 4.10196 6.5
    endloop
  endfacet
  facet normal 0 0 1
    outer loop
      vertex 3.71896 3.95752 6.5
      vertex 3.55455 4.08849 6.5
      vertex 3.70027 3.93848 6.5
    endloop
  endfacet
  facet normal -0 0 1
    outer loop
      vertex 3.54296 4.07512 6.5
      vertex 3.70027 3.93848 6.5
      vertex 3.55455 4.08849 6.5
    endloop
  endfacet
  facet normal 0 0 1
    outer loop
      vertex 3.70027 3.93848 6.5
      vertex 3.54296 4.07512 6.5
      vertex 3.67941 3.918 6.5
    endloop
  endfacet
  facet normal -0 0 1
    outer loop
      vertex 3.53099 4.06184 6.5
      vertex 3.67941 3.918 6.5
      vertex 3.54296 4.07512 6.5
    endloop
  endfacet
  facet normal -0 0 1
    outer loop
      vertex 3.51861 4.04866 6.5
      vertex 3.67941 3.918 6.5
      vertex 3.53099 4.06184 6.5
    endloop
  endfacet
  facet normal 0 0 1
    outer loop
      vertex 3.67941 3.918 6.5
      vertex 3.51861 4.04866 6.5
      vertex 3.65638 3.8961 6.5
    endloop
  endfacet
  facet normal -0 0 1
    outer loop
      vertex 3.50586 4.03558 6.5
      vertex 3.65638 3.8961 6.5
      vertex 3.51861 4.04866 6.5
    endloop
  endfacet
  facet normal 0 0 1
    outer loop
      vertex 3.65638 3.8961 6.5
      vertex 3.50586 4.03558 6.5
      vertex 3.63119 3.87277 6.5
    endloop
  endfacet
  facet normal -0 0 1
    outer loop
      vertex 3.4927 4.0226 6.5
      vertex 3.63119 3.87277 6.5
      vertex 3.50586 4.03558 6.5
    endloop
  endfacet
  facet normal -0 0 1
    outer loop
      vertex 3.47921 4.00966 6.5
      vertex 3.63119 3.87277 6.5
      vertex 3.4927 4.0226 6.5
    endloop
  endfacet
  facet normal 0 0 1
    outer loop
      vertex 3.63119 3.87277 6.5
      vertex 3.47921 4.00966 6.5
      vertex 3.60383 3.84801 6.5
    endloop
  endfacet
  facet normal -0 0 1
    outer loop
      vertex 3.4655 3.99672 6.5
      vertex 3.60383 3.84801 6.5
      vertex 3.47921 4.00966 6.5
    endloop
  endfacet
  facet normal -0 0 1
    outer loop
      vertex 3.45152 3.98378 6.5
      vertex 3.60383 3.84801 6.5
      vertex 3.4655 3.99672 6.5
    endloop
  endfacet
  facet normal 0 0 1
    outer loop
      vertex 3.60383 3.84801 6.5
      vertex 3.45152 3.98378 6.5
      vertex 3.57431 3.82182 6.5
    endloop
  endfacet
  facet normal -0 0 1
    outer loop
      vertex 3.4373 3.97086 6.5
      vertex 3.57431 3.82182 6.5
      vertex 3.45152 3.98378 6.5
    endloop
  endfacet
  facet normal -0 0 1
    outer loop
      vertex 3.42282 3.95792 6.5
      vertex 3.57431 3.82182 6.5
      vertex 3.4373 3.97086 6.5
    endloop
  endfacet
  facet normal 0 0 1
    outer loop
      vertex 3.57431 3.82182 6.5
      vertex 3.42282 3.95792 6.5
      vertex 3.54261 3.7942 6.5
    endloop
  endfacet
  facet normal -0 0 1
    outer loop
      vertex 3.40809 3.94498 6.5
      vertex 3.54261 3.7942 6.5
      vertex 3.42282 3.95792 6.5
    endloop
  endfacet
  facet normal -0 0 1
    outer loop
      vertex 3.39312 3.93204 6.5
      vertex 3.54261 3.7942 6.5
      vertex 3.40809 3.94498 6.5
    endloop
  endfacet
  facet normal 0 0 1
    outer loop
      vertex 3.54261 3.7942 6.5
      vertex 3.39312 3.93204 6.5
      vertex 3.50875 3.76517 6.5
    endloop
  endfacet
  facet normal -0 0 1
    outer loop
      vertex 3.37791 3.91911 6.5
      vertex 3.50875 3.76517 6.5
      vertex 3.39312 3.93204 6.5
    endloop
  endfacet
  facet normal -0 0 1
    outer loop
      vertex 3.36244 3.90617 6.5
      vertex 3.50875 3.76517 6.5
      vertex 3.37791 3.91911 6.5
    endloop
  endfacet
  facet normal 0 0 1
    outer loop
      vertex 3.50875 3.76517 6.5
      vertex 3.36244 3.90617 6.5
      vertex 3.47273 3.7347 6.5
    endloop
  endfacet
  facet normal -0 0 1
    outer loop
      vertex 3.34672 3.89323 6.5
      vertex 3.47273 3.7347 6.5
      vertex 3.36244 3.90617 6.5
    endloop
  endfacet
  facet normal -0 0 1
    outer loop
      vertex 3.33076 3.88031 6.5
      vertex 3.47273 3.7347 6.5
      vertex 3.34672 3.89323 6.5
    endloop
  endfacet
  facet normal 0 0 1
    outer loop
      vertex 3.47273 3.7347 6.5
      vertex 3.33076 3.88031 6.5
      vertex 3.43454 3.7028 6.5
    endloop
  endfacet
  facet normal -0 0 1
    outer loop
      vertex 3.31454 3.86737 6.5
      vertex 3.43454 3.7028 6.5
      vertex 3.33076 3.88031 6.5
    endloop
  endfacet
  facet normal -0 0 1
    outer loop
      vertex 3.28148 3.84142 6.5
      vertex 3.43454 3.7028 6.5
      vertex 3.31454 3.86737 6.5
    endloop
  endfacet
  facet normal 0 0 1
    outer loop
      vertex 3.43454 3.7028 6.5
      vertex 3.28148 3.84142 6.5
      vertex 3.39418 3.66946 6.5
    endloop
  endfacet
  facet normal -0 0 1
    outer loop
      vertex 3.26486 3.82822 6.5
      vertex 3.39418 3.66946 6.5
      vertex 3.28148 3.84142 6.5
    endloop
  endfacet
  facet normal -0 0 1
    outer loop
      vertex 3.24821 3.81487 6.5
      vertex 3.39418 3.66946 6.5
      vertex 3.26486 3.82822 6.5
    endloop
  endfacet
  facet normal 0 0 1
    outer loop
      vertex 3.39418 3.66946 6.5
      vertex 3.24821 3.81487 6.5
      vertex 3.35165 3.63472 6.5
    endloop
  endfacet
  facet normal -0 0 1
    outer loop
      vertex 3.23153 3.80135 6.5
      vertex 3.35165 3.63472 6.5
      vertex 3.24821 3.81487 6.5
    endloop
  endfacet
  facet normal -0 0 1
    outer loop
      vertex 3.21484 3.78764 6.5
      vertex 3.35165 3.63472 6.5
      vertex 3.23153 3.80135 6.5
    endloop
  endfacet
  facet normal 0 0 1
    outer loop
      vertex 3.35165 3.63472 6.5
      vertex 3.21484 3.78764 6.5
      vertex 3.32803 3.61525 6.5
    endloop
  endfacet
  facet normal -0 0 1
    outer loop
      vertex 3.19812 3.77379 6.5
      vertex 3.32803 3.61525 6.5
      vertex 3.21484 3.78764 6.5
    endloop
  endfacet
  facet normal -0 0 1
    outer loop
      vertex 3.18138 3.75975 6.5
      vertex 3.32803 3.61525 6.5
      vertex 3.19812 3.77379 6.5
    endloop
  endfacet
  facet normal 0 0 1
    outer loop
      vertex 3.32803 3.61525 6.5
      vertex 3.18138 3.75975 6.5
      vertex 3.30517 3.59608 6.5
    endloop
  endfacet
  facet normal -0 0 1
    outer loop
      vertex 3.16461 3.74554 6.5
      vertex 3.30517 3.59608 6.5
      vertex 3.18138 3.75975 6.5
    endloop
  endfacet
  facet normal 0 0 1
    outer loop
      vertex 3.30517 3.59608 6.5
      vertex 3.16461 3.74554 6.5
      vertex 3.28306 3.57721 6.5
    endloop
  endfacet
  facet normal -0 0 1
    outer loop
      vertex 3.14781 3.73119 6.5
      vertex 3.28306 3.57721 6.5
      vertex 3.16461 3.74554 6.5
    endloop
  endfacet
  facet normal -0 0 1
    outer loop
      vertex 3.13099 3.71664 6.5
      vertex 3.28306 3.57721 6.5
      vertex 3.14781 3.73119 6.5
    endloop
  endfacet
  facet normal 0 0 1
    outer loop
      vertex 3.28306 3.57721 6.5
      vertex 3.13099 3.71664 6.5
      vertex 3.2617 3.55864 6.5
    endloop
  endfacet
  facet normal -0 0 1
    outer loop
      vertex 3.11415 3.70193 6.5
      vertex 3.2617 3.55864 6.5
      vertex 3.13099 3.71664 6.5
    endloop
  endfacet
  facet normal 0 0 1
    outer loop
      vertex 3.2617 3.55864 6.5
      vertex 3.11415 3.70193 6.5
      vertex 3.2411 3.54036 6.5
    endloop
  endfacet
  facet normal -0 0 1
    outer loop
      vertex 3.09729 3.68706 6.5
      vertex 3.2411 3.54036 6.5
      vertex 3.11415 3.70193 6.5
    endloop
  endfacet
  facet normal 0 0 1
    outer loop
      vertex 3.2411 3.54036 6.5
      vertex 3.09729 3.68706 6.5
      vertex 3.22126 3.52238 6.5
    endloop
  endfacet
  facet normal -0 0 1
    outer loop
      vertex 3.08039 3.67201 6.5
      vertex 3.22126 3.52238 6.5
      vertex 3.09729 3.68706 6.5
    endloop
  endfacet
  facet normal 0 0 1
    outer loop
      vertex 3.22126 3.52238 6.5
      vertex 3.08039 3.67201 6.5
      vertex 3.20216 3.5047 6.5
    endloop
  endfacet
  facet normal -0 0 1
    outer loop
      vertex 3.06356 3.65675 6.5
      vertex 3.20216 3.5047 6.5
      vertex 3.08039 3.67201 6.5
    endloop
  endfacet
  facet normal -0 0 1
    outer loop
      vertex 3.04684 3.64122 6.5
      vertex 3.20216 3.5047 6.5
      vertex 3.06356 3.65675 6.5
    endloop
  endfacet
  facet normal 0 0 1
    outer loop
      vertex 3.20216 3.5047 6.5
      vertex 3.04684 3.64122 6.5
      vertex 3.18382 3.4873 6.5
    endloop
  endfacet
  facet normal -0 0 1
    outer loop
      vertex 3.03024 3.62541 6.5
      vertex 3.18382 3.4873 6.5
      vertex 3.04684 3.64122 6.5
    endloop
  endfacet
  facet normal 0 0 1
    outer loop
      vertex 3.18382 3.4873 6.5
      vertex 3.03024 3.62541 6.5
      vertex 3.16624 3.47021 6.5
    endloop
  endfacet
  facet normal -0 0 1
    outer loop
      vertex 3.01376 3.60933 6.5
      vertex 3.16624 3.47021 6.5
      vertex 3.03024 3.62541 6.5
    endloop
  endfacet
  facet normal 0 0 1
    outer loop
      vertex 3.16624 3.47021 6.5
      vertex 3.01376 3.60933 6.5
      vertex 3.14941 3.45343 6.5
    endloop
  endfacet
  facet normal -0 0 1
    outer loop
      vertex 2.9974 3.59297 6.5
      vertex 3.14941 3.45343 6.5
      vertex 3.01376 3.60933 6.5
    endloop
  endfacet
  facet normal 0 0 1
    outer loop
      vertex 3.14941 3.45343 6.5
      vertex 2.9974 3.59297 6.5
      vertex 3.13334 3.43694 6.5
    endloop
  endfacet
  facet normal -0 0 1
    outer loop
      vertex 2.98117 3.57634 6.5
      vertex 3.13334 3.43694 6.5
      vertex 2.9974 3.59297 6.5
    endloop
  endfacet
  facet normal 0 0 1
    outer loop
      vertex 3.13334 3.43694 6.5
      vertex 2.98117 3.57634 6.5
      vertex 3.11802 3.42073 6.5
    endloop
  endfacet
  facet normal -0 0 1
    outer loop
      vertex 2.96505 3.55943 6.5
      vertex 3.11802 3.42073 6.5
      vertex 2.98117 3.57634 6.5
    endloop
  endfacet
  facet normal 0 0 1
    outer loop
      vertex 3.11802 3.42073 6.5
      vertex 2.96505 3.55943 6.5
      vertex 3.10345 3.40483 6.5
    endloop
  endfacet
  facet normal -0 0 1
    outer loop
      vertex 2.94905 3.54227 6.5
      vertex 3.10345 3.40483 6.5
      vertex 2.96505 3.55943 6.5
    endloop
  endfacet
  facet normal 0 0 1
    outer loop
      vertex 3.10345 3.40483 6.5
      vertex 2.94905 3.54227 6.5
      vertex 3.08958 3.38913 6.5
    endloop
  endfacet
  facet normal -0 0 1
    outer loop
      vertex 2.93316 3.52481 6.5
      vertex 3.08958 3.38913 6.5
      vertex 2.94905 3.54227 6.5
    endloop
  endfacet
  facet normal 0 0 1
    outer loop
      vertex 3.08958 3.38913 6.5
      vertex 2.93316 3.52481 6.5
      vertex 3.07631 3.3735 6.5
    endloop
  endfacet
  facet normal -0 0 1
    outer loop
      vertex 2.91742 3.5071 6.5
      vertex 3.07631 3.3735 6.5
      vertex 2.93316 3.52481 6.5
    endloop
  endfacet
  facet normal 0 0 1
    outer loop
      vertex 3.07631 3.3735 6.5
      vertex 2.91742 3.5071 6.5
      vertex 3.06364 3.35797 6.5
    endloop
  endfacet
  facet normal -0 0 1
    outer loop
      vertex 2.90178 3.48911 6.5
      vertex 3.06364 3.35797 6.5
      vertex 2.91742 3.5071 6.5
    endloop
  endfacet
  facet normal 0 0 1
    outer loop
      vertex 3.06364 3.35797 6.5
      vertex 2.90178 3.48911 6.5
      vertex 3.05159 3.34253 6.5
    endloop
  endfacet
  facet normal -0 0 1
    outer loop
      vertex 2.88626 3.47083 6.5
      vertex 3.05159 3.34253 6.5
      vertex 2.90178 3.48911 6.5
    endloop
  endfacet
  facet normal 0 0 1
    outer loop
      vertex 3.05159 3.34253 6.5
      vertex 2.88626 3.47083 6.5
      vertex 3.04014 3.32716 6.5
    endloop
  endfacet
  facet normal -0 0 1
    outer loop
      vertex 2.87086 3.45229 6.5
      vertex 3.04014 3.32716 6.5
      vertex 2.88626 3.47083 6.5
    endloop
  endfacet
  facet normal 0 0 1
    outer loop
      vertex 3.04014 3.32716 6.5
      vertex 2.87086 3.45229 6.5
      vertex 3.02931 3.3119 6.5
    endloop
  endfacet
  facet normal -0 0 1
    outer loop
      vertex 2.85569 3.4334 6.5
      vertex 3.02931 3.3119 6.5
      vertex 2.87086 3.45229 6.5
    endloop
  endfacet
  facet normal -0 0 1
    outer loop
      vertex 2.97056 3.20749 6.5
      vertex 3.9674 3 6.5
      vertex 3.9674 3.20749 6.5
    endloop
  endfacet
  facet normal 0 0 1
    outer loop
      vertex 3.02931 3.3119 6.5
      vertex 2.85569 3.4334 6.5
      vertex 3.01908 3.29672 6.5
    endloop
  endfacet
  facet normal -0 0 1
    outer loop
      vertex 2.84091 3.41406 6.5
      vertex 3.01908 3.29672 6.5
      vertex 2.85569 3.4334 6.5
    endloop
  endfacet
  facet normal 0 0 1
    outer loop
      vertex 3.01908 3.29672 6.5
      vertex 2.84091 3.41406 6.5
      vertex 3.00947 3.28163 6.5
    endloop
  endfacet
  facet normal -0 0 1
    outer loop
      vertex 2.82647 3.39429 6.5
      vertex 3.00947 3.28163 6.5
      vertex 2.84091 3.41406 6.5
    endloop
  endfacet
  facet normal 0 0 1
    outer loop
      vertex 3.00947 3.28163 6.5
      vertex 2.82647 3.39429 6.5
      vertex 3.00047 3.26662 6.5
    endloop
  endfacet
  facet normal -0 0 1
    outer loop
      vertex 2.8124 3.37407 6.5
      vertex 3.00047 3.26662 6.5
      vertex 2.82647 3.39429 6.5
    endloop
  endfacet
  facet normal 0 0 1
    outer loop
      vertex 3.00047 3.26662 6.5
      vertex 2.8124 3.37407 6.5
      vertex 2.99208 3.25171 6.5
    endloop
  endfacet
  facet normal -0 0 1
    outer loop
      vertex 2.79869 3.35341 6.5
      vertex 2.99208 3.25171 6.5
      vertex 2.8124 3.37407 6.5
    endloop
  endfacet
  facet normal 0 0 1
    outer loop
      vertex 2.99208 3.25171 6.5
      vertex 2.79869 3.35341 6.5
      vertex 2.98429 3.23688 6.5
    endloop
  endfacet
  facet normal -0 0 1
    outer loop
      vertex 2.78535 3.33231 6.5
      vertex 2.98429 3.23688 6.5
      vertex 2.79869 3.35341 6.5
    endloop
  endfacet
  facet normal 0 0 1
    outer loop
      vertex 2.98429 3.23688 6.5
      vertex 2.78535 3.33231 6.5
      vertex 2.97712 3.22214 6.5
    endloop
  endfacet
  facet normal -0 0 1
    outer loop
      vertex 2.77235 3.31076 6.5
      vertex 2.97712 3.22214 6.5
      vertex 2.78535 3.33231 6.5
    endloop
  endfacet
  facet normal 0 0 1
    outer loop
      vertex 2.97712 3.22214 6.5
      vertex 2.77235 3.31076 6.5
      vertex 2.97056 3.20749 6.5
    endloop
  endfacet
  facet normal -0 0 1
    outer loop
      vertex 2.75973 3.28877 6.5
      vertex 2.97056 3.20749 6.5
      vertex 2.77235 3.31076 6.5
    endloop
  endfacet
  facet normal -0 0 1
    outer loop
      vertex 2.74746 3.26636 6.5
      vertex 2.97056 3.20749 6.5
      vertex 2.75973 3.28877 6.5
    endloop
  endfacet
  facet normal -0 0 1
    outer loop
      vertex 2.73556 3.24348 6.5
      vertex 2.97056 3.20749 6.5
      vertex 2.74746 3.26636 6.5
    endloop
  endfacet
  facet normal -0 0 1
    outer loop
      vertex 2.72403 3.22017 6.5
      vertex 2.97056 3.20749 6.5
      vertex 2.73556 3.24348 6.5
    endloop
  endfacet
  facet normal 0 0 1
    outer loop
      vertex 2.71284 3.19643 6.5
      vertex 2.97056 3.20749 6.5
      vertex 2.72403 3.22017 6.5
    endloop
  endfacet
  facet normal 0 0 1
    outer loop
      vertex 2.70202 3.17223 6.5
      vertex 2.97056 3.20749 6.5
      vertex 2.71284 3.19643 6.5
    endloop
  endfacet
  facet normal 0 0 1
    outer loop
      vertex 2.97056 3.20749 6.5
      vertex 2.70202 3.17223 6.5
      vertex 2.70202 3 6.5
    endloop
  endfacet
  facet normal 0 0 1
    outer loop
      vertex 2.97056 3.20749 6.5
      vertex 2.70202 3 6.5
      vertex 3.9674 3 6.5
    endloop
  endfacet
  facet normal -0 0 1
    outer loop
      vertex 2.06227 3.29701 6.5
      vertex 2.32672 3 6.5
      vertex 2.32672 3.29701 6.5
    endloop
  endfacet
  facet normal 0 0 1
    outer loop
      vertex 2.32672 3 6.5
      vertex 2.06227 3.29701 6.5
      vertex 2.06227 3 6.5
    endloop
  endfacet
  facet normal 0.093012 -0.995665 0
    outer loop
      vertex 1.11874 2.97438 6
      vertex 1.16659 2.97885 6.5
      vertex 1.11874 2.97438 6.5
    endloop
  endfacet
  facet normal 0.093012 -0.995665 0
    outer loop
      vertex 1.16659 2.97885 6.5
      vertex 1.11874 2.97438 6
      vertex 1.16659 2.97885 6
    endloop
  endfacet
  facet normal 0.160671 -0.987008 0
    outer loop
      vertex 1.16659 2.97885 6
      vertex 1.21254 2.98633 6.5
      vertex 1.16659 2.97885 6.5
    endloop
  endfacet
  facet normal 0.160671 -0.987008 0
    outer loop
      vertex 1.21254 2.98633 6.5
      vertex 1.16659 2.97885 6
      vertex 1.21254 2.98633 6
    endloop
  endfacet
  facet normal 0.230615 -0.973045 0
    outer loop
      vertex 1.21254 2.98633 6
      vertex 1.25659 2.99677 6.5
      vertex 1.21254 2.98633 6.5
    endloop
  endfacet
  facet normal 0.230615 -0.973045 0
    outer loop
      vertex 1.25659 2.99677 6.5
      vertex 1.21254 2.98633 6
      vertex 1.25659 2.99677 6
    endloop
  endfacet
  facet normal 0.303512 -0.952828 0
    outer loop
      vertex 1.25659 2.99677 6
      vertex 1.29872 3.01019 6.5
      vertex 1.25659 2.99677 6.5
    endloop
  endfacet
  facet normal 0.303512 -0.952828 0
    outer loop
      vertex 1.29872 3.01019 6.5
      vertex 1.25659 2.99677 6
      vertex 1.29872 3.01019 6
    endloop
  endfacet
  facet normal 0.377728 -0.925917 0
    outer loop
      vertex 1.29872 3.01019 6
      vertex 1.33897 3.02661 6.5
      vertex 1.29872 3.01019 6.5
    endloop
  endfacet
  facet normal 0.377728 -0.925917 0
    outer loop
      vertex 1.33897 3.02661 6.5
      vertex 1.29872 3.01019 6
      vertex 1.33897 3.02661 6
    endloop
  endfacet
  facet normal 0.451584 -0.892228 0
    outer loop
      vertex 1.33897 3.02661 6
      vertex 1.3773 3.04601 6.5
      vertex 1.33897 3.02661 6.5
    endloop
  endfacet
  facet normal 0.451584 -0.892228 0
    outer loop
      vertex 1.3773 3.04601 6.5
      vertex 1.33897 3.02661 6
      vertex 1.3773 3.04601 6
    endloop
  endfacet
  facet normal 0.52368 -0.851915 0
    outer loop
      vertex 1.3773 3.04601 6
      vertex 1.41374 3.06841 6.5
      vertex 1.3773 3.04601 6.5
    endloop
  endfacet
  facet normal 0.52368 -0.851915 0
    outer loop
      vertex 1.41374 3.06841 6.5
      vertex 1.3773 3.04601 6
      vertex 1.41374 3.06841 6
    endloop
  endfacet
  facet normal 0.592092 -0.80587 0
    outer loop
      vertex 1.41374 3.06841 6
      vertex 1.44827 3.09378 6.5
      vertex 1.41374 3.06841 6.5
    endloop
  endfacet
  facet normal 0.592092 -0.80587 0
    outer loop
      vertex 1.44827 3.09378 6.5
      vertex 1.41374 3.06841 6
      vertex 1.44827 3.09378 6
    endloop
  endfacet
  facet normal 0.655749 -0.754979 0
    outer loop
      vertex 1.44827 3.09378 6
      vertex 1.48091 3.12213 6.5
      vertex 1.44827 3.09378 6.5
    endloop
  endfacet
  facet normal 0.655749 -0.754979 0
    outer loop
      vertex 1.48091 3.12213 6.5
      vertex 1.44827 3.09378 6
      vertex 1.48091 3.12213 6
    endloop
  endfacet
  facet normal 0.714245 -0.699896 0
    outer loop
      vertex 1.48091 3.12213 6.5
      vertex 1.51164 3.15349 6
      vertex 1.51164 3.15349 6.5
    endloop
  endfacet
  facet normal 0.714245 -0.699896 0
    outer loop
      vertex 1.51164 3.15349 6
      vertex 1.48091 3.12213 6.5
      vertex 1.48091 3.12213 6
    endloop
  endfacet
  facet normal 0.765894 -0.642967 0
    outer loop
      vertex 1.51164 3.15349 6.5
      vertex 1.54046 3.18782 6
      vertex 1.54046 3.18782 6.5
    endloop
  endfacet
  facet normal 0.765894 -0.642967 0
    outer loop
      vertex 1.54046 3.18782 6
      vertex 1.51164 3.15349 6.5
      vertex 1.51164 3.15349 6
    endloop
  endfacet
  facet normal 0.810845 -0.58526 0
    outer loop
      vertex 1.54046 3.18782 6.5
      vertex 1.56739 3.22513 6
      vertex 1.56739 3.22513 6.5
    endloop
  endfacet
  facet normal 0.810845 -0.58526 0
    outer loop
      vertex 1.56739 3.22513 6
      vertex 1.54046 3.18782 6.5
      vertex 1.54046 3.18782 6
    endloop
  endfacet
  facet normal 0.849137 -0.528173 0
    outer loop
      vertex 1.56739 3.22513 6.5
      vertex 1.59237 3.26529 6
      vertex 1.59237 3.26529 6.5
    endloop
  endfacet
  facet normal 0.849137 -0.528173 0
    outer loop
      vertex 1.59237 3.26529 6
      vertex 1.56739 3.22513 6.5
      vertex 1.56739 3.22513 6
    endloop
  endfacet
  facet normal 0.881131 -0.472872 0
    outer loop
      vertex 1.59237 3.26529 6.5
      vertex 1.61535 3.30811 6
      vertex 1.61535 3.30811 6.5
    endloop
  endfacet
  facet normal 0.881131 -0.472872 0
    outer loop
      vertex 1.61535 3.30811 6
      vertex 1.59237 3.26529 6.5
      vertex 1.59237 3.26529 6
    endloop
  endfacet
  facet normal 0.908146 -0.418653 0
    outer loop
      vertex 1.61535 3.30811 6.5
      vertex 1.63633 3.35362 6
      vertex 1.63633 3.35362 6.5
    endloop
  endfacet
  facet normal 0.908146 -0.418653 0
    outer loop
      vertex 1.63633 3.35362 6
      vertex 1.61535 3.30811 6.5
      vertex 1.61535 3.30811 6
    endloop
  endfacet
  facet normal 0.930368 -0.366626 0
    outer loop
      vertex 1.63633 3.35362 6.5
      vertex 1.65532 3.40181 6
      vertex 1.65532 3.40181 6.5
    endloop
  endfacet
  facet normal 0.930368 -0.366626 0
    outer loop
      vertex 1.65532 3.40181 6
      vertex 1.63633 3.35362 6.5
      vertex 1.63633 3.35362 6
    endloop
  endfacet
  facet normal 0.948553 -0.316619 0
    outer loop
      vertex 1.65532 3.40181 6.5
      vertex 1.6723 3.45268 6
      vertex 1.6723 3.45268 6.5
    endloop
  endfacet
  facet normal 0.948553 -0.316619 0
    outer loop
      vertex 1.6723 3.45268 6
      vertex 1.65532 3.40181 6.5
      vertex 1.65532 3.40181 6
    endloop
  endfacet
  facet normal 0.962949 -0.269683 0
    outer loop
      vertex 1.6723 3.45268 6.5
      vertex 1.6873 3.50624 6
      vertex 1.6873 3.50624 6.5
    endloop
  endfacet
  facet normal 0.962949 -0.269683 0
    outer loop
      vertex 1.6873 3.50624 6
      vertex 1.6723 3.45268 6.5
      vertex 1.6723 3.45268 6
    endloop
  endfacet
  facet normal 0.974377 -0.224923 0
    outer loop
      vertex 1.6873 3.50624 6.5
      vertex 1.70028 3.56247 6
      vertex 1.70028 3.56247 6.5
    endloop
  endfacet
  facet normal 0.974377 -0.224923 0
    outer loop
      vertex 1.70028 3.56247 6
      vertex 1.6873 3.50624 6.5
      vertex 1.6873 3.50624 6
    endloop
  endfacet
  facet normal 0.98304 -0.183392 0
    outer loop
      vertex 1.70028 3.56247 6.5
      vertex 1.71127 3.62138 6
      vertex 1.71127 3.62138 6.5
    endloop
  endfacet
  facet normal 0.98304 -0.183392 0
    outer loop
      vertex 1.71127 3.62138 6
      vertex 1.70028 3.56247 6.5
      vertex 1.70028 3.56247 6
    endloop
  endfacet
  facet normal 0.989491 -0.144592 0
    outer loop
      vertex 1.71127 3.62138 6.5
      vertex 1.72027 3.68297 6
      vertex 1.72027 3.68297 6.5
    endloop
  endfacet
  facet normal 0.989491 -0.144592 0
    outer loop
      vertex 1.72027 3.68297 6
      vertex 1.71127 3.62138 6.5
      vertex 1.71127 3.62138 6
    endloop
  endfacet
  facet normal 0.994139 -0.108106 0
    outer loop
      vertex 1.72027 3.68297 6.5
      vertex 1.72726 3.74725 6
      vertex 1.72726 3.74725 6.5
    endloop
  endfacet
  facet normal 0.994139 -0.108106 0
    outer loop
      vertex 1.72726 3.74725 6
      vertex 1.72027 3.68297 6.5
      vertex 1.72027 3.68297 6
    endloop
  endfacet
  facet normal 0.997235 -0.074316 0
    outer loop
      vertex 1.72726 3.74725 6.5
      vertex 1.73225 3.81421 6
      vertex 1.73225 3.81421 6.5
    endloop
  endfacet
  facet normal 0.997235 -0.074316 0
    outer loop
      vertex 1.73225 3.81421 6
      vertex 1.72726 3.74725 6.5
      vertex 1.72726 3.74725 6
    endloop
  endfacet
  facet normal 0.999067 -0.0431944 0
    outer loop
      vertex 1.73225 3.81421 6.5
      vertex 1.73526 3.88383 6
      vertex 1.73526 3.88383 6.5
    endloop
  endfacet
  facet normal 0.999067 -0.0431944 0
    outer loop
      vertex 1.73526 3.88383 6
      vertex 1.73225 3.81421 6.5
      vertex 1.73225 3.81421 6
    endloop
  endfacet
  facet normal 0.999906 -0.0136879 0
    outer loop
      vertex 1.73526 3.88383 6.5
      vertex 1.73625 3.95615 6
      vertex 1.73625 3.95615 6.5
    endloop
  endfacet
  facet normal 0.999906 -0.0136879 0
    outer loop
      vertex 1.73625 3.95615 6
      vertex 1.73526 3.88383 6.5
      vertex 1.73526 3.88383 6
    endloop
  endfacet
  facet normal 0.999916 0.0129241 0
    outer loop
      vertex 1.73625 3.95615 6.5
      vertex 1.7353 4.02965 6
      vertex 1.7353 4.02965 6.5
    endloop
  endfacet
  facet normal 0.999916 0.0129241 0
    outer loop
      vertex 1.7353 4.02965 6
      vertex 1.73625 3.95615 6.5
      vertex 1.73625 3.95615 6
    endloop
  endfacet
  facet normal 0.999188 0.0403012 0
    outer loop
      vertex 1.7353 4.02965 6.5
      vertex 1.73245 4.10031 6
      vertex 1.73245 4.10031 6.5
    endloop
  endfacet
  facet normal 0.999188 0.0403012 0
    outer loop
      vertex 1.73245 4.10031 6
      vertex 1.7353 4.02965 6.5
      vertex 1.7353 4.02965 6
    endloop
  endfacet
  facet normal 0.997549 0.0699725 0
    outer loop
      vertex 1.73245 4.10031 6.5
      vertex 1.72769 4.16817 6
      vertex 1.72769 4.16817 6.5
    endloop
  endfacet
  facet normal 0.997549 0.0699725 0
    outer loop
      vertex 1.72769 4.16817 6
      vertex 1.73245 4.10031 6.5
      vertex 1.73245 4.10031 6
    endloop
  endfacet
  facet normal 0.994809 0.101761 0
    outer loop
      vertex 1.72769 4.16817 6.5
      vertex 1.72104 4.23318 6
      vertex 1.72104 4.23318 6.5
    endloop
  endfacet
  facet normal 0.994809 0.101761 0
    outer loop
      vertex 1.72104 4.23318 6
      vertex 1.72769 4.16817 6.5
      vertex 1.72769 4.16817 6
    endloop
  endfacet
  facet normal 0.990641 0.136492 0
    outer loop
      vertex 1.72104 4.23318 6.5
      vertex 1.71247 4.29538 6
      vertex 1.71247 4.29538 6.5
    endloop
  endfacet
  facet normal 0.990641 0.136492 0
    outer loop
      vertex 1.71247 4.29538 6
      vertex 1.72104 4.23318 6.5
      vertex 1.72104 4.23318 6
    endloop
  endfacet
  facet normal 0.98486 0.17335 0
    outer loop
      vertex 1.71247 4.29538 6.5
      vertex 1.70202 4.35475 6
      vertex 1.70202 4.35475 6.5
    endloop
  endfacet
  facet normal 0.98486 0.17335 0
    outer loop
      vertex 1.70202 4.35475 6
      vertex 1.71247 4.29538 6.5
      vertex 1.71247 4.29538 6
    endloop
  endfacet
  facet normal 0.976893 0.213728 0
    outer loop
      vertex 1.70202 4.35475 6.5
      vertex 1.68965 4.41129 6
      vertex 1.68965 4.41129 6.5
    endloop
  endfacet
  facet normal 0.976893 0.213728 0
    outer loop
      vertex 1.68965 4.41129 6
      vertex 1.70202 4.35475 6.5
      vertex 1.70202 4.35475 6
    endloop
  endfacet
  facet normal 0.966482 0.256733 0
    outer loop
      vertex 1.68965 4.41129 6.5
      vertex 1.67538 4.46501 6
      vertex 1.67538 4.46501 6.5
    endloop
  endfacet
  facet normal 0.966482 0.256733 0
    outer loop
      vertex 1.67538 4.46501 6
      vertex 1.68965 4.41129 6.5
      vertex 1.68965 4.41129 6
    endloop
  endfacet
  facet normal 0.9531 0.302655 0
    outer loop
      vertex 1.67538 4.46501 6.5
      vertex 1.65922 4.5159 6
      vertex 1.65922 4.5159 6.5
    endloop
  endfacet
  facet normal 0.9531 0.302655 0
    outer loop
      vertex 1.65922 4.5159 6
      vertex 1.67538 4.46501 6.5
      vertex 1.67538 4.46501 6
    endloop
  endfacet
  facet normal 0.936137 0.351635 0
    outer loop
      vertex 1.65922 4.5159 6.5
      vertex 1.64116 4.56398 6
      vertex 1.64116 4.56398 6.5
    endloop
  endfacet
  facet normal 0.936137 0.351635 0
    outer loop
      vertex 1.64116 4.56398 6
      vertex 1.65922 4.5159 6.5
      vertex 1.65922 4.5159 6
    endloop
  endfacet
  facet normal 0.91476 0.403999 0
    outer loop
      vertex 1.64116 4.56398 6.5
      vertex 1.62118 4.60922 6
      vertex 1.62118 4.60922 6.5
    endloop
  endfacet
  facet normal 0.91476 0.403999 0
    outer loop
      vertex 1.62118 4.60922 6
      vertex 1.64116 4.56398 6.5
      vertex 1.64116 4.56398 6
    endloop
  endfacet
  facet normal 0.888742 0.458408 0
    outer loop
      vertex 1.62118 4.60922 6.5
      vertex 1.5993 4.65164 6
      vertex 1.5993 4.65164 6.5
    endloop
  endfacet
  facet normal 0.888742 0.458408 0
    outer loop
      vertex 1.5993 4.65164 6
      vertex 1.62118 4.60922 6.5
      vertex 1.62118 4.60922 6
    endloop
  endfacet
  facet normal 0.857397 0.514655 0
    outer loop
      vertex 1.5993 4.65164 6.5
      vertex 1.57553 4.69124 6
      vertex 1.57553 4.69124 6.5
    endloop
  endfacet
  facet normal 0.857397 0.514655 0
    outer loop
      vertex 1.57553 4.69124 6
      vertex 1.5993 4.65164 6.5
      vertex 1.5993 4.65164 6
    endloop
  endfacet
  facet normal 0.818467 0.574554 0
    outer loop
      vertex 1.57553 4.69124 6.5
      vertex 1.54976 4.72795 6
      vertex 1.54976 4.72795 6.5
    endloop
  endfacet
  facet normal 0.818467 0.574554 0
    outer loop
      vertex 1.54976 4.72795 6
      vertex 1.57553 4.69124 6.5
      vertex 1.57553 4.69124 6
    endloop
  endfacet
  facet normal 0.771356 0.636403 0
    outer loop
      vertex 1.54976 4.72795 6.5
      vertex 1.52189 4.76173 6
      vertex 1.52189 4.76173 6.5
    endloop
  endfacet
  facet normal 0.771356 0.636403 0
    outer loop
      vertex 1.52189 4.76173 6
      vertex 1.54976 4.72795 6.5
      vertex 1.54976 4.72795 6
    endloop
  endfacet
  facet normal 0.717382 0.69668 0
    outer loop
      vertex 1.52189 4.76173 6.5
      vertex 1.49194 4.79257 6
      vertex 1.49194 4.79257 6.5
    endloop
  endfacet
  facet normal 0.717382 0.69668 0
    outer loop
      vertex 1.49194 4.79257 6
      vertex 1.52189 4.76173 6.5
      vertex 1.52189 4.76173 6
    endloop
  endfacet
  facet normal 0.65647 0.754352 -0
    outer loop
      vertex 1.49194 4.79257 6
      vertex 1.45988 4.82047 6.5
      vertex 1.49194 4.79257 6.5
    endloop
  endfacet
  facet normal 0.65647 0.754352 0
    outer loop
      vertex 1.45988 4.82047 6.5
      vertex 1.49194 4.79257 6
      vertex 1.45988 4.82047 6
    endloop
  endfacet
  facet normal 0.590236 0.807231 -0
    outer loop
      vertex 1.45988 4.82047 6
      vertex 1.42573 4.84544 6.5
      vertex 1.45988 4.82047 6.5
    endloop
  endfacet
  facet normal 0.590236 0.807231 0
    outer loop
      vertex 1.42573 4.84544 6.5
      vertex 1.45988 4.82047 6
      vertex 1.42573 4.84544 6
    endloop
  endfacet
  facet normal 0.519273 0.854608 -0
    outer loop
      vertex 1.42573 4.84544 6
      vertex 1.38949 4.86746 6.5
      vertex 1.42573 4.84544 6.5
    endloop
  endfacet
  facet normal 0.519273 0.854608 0
    outer loop
      vertex 1.38949 4.86746 6.5
      vertex 1.42573 4.84544 6
      vertex 1.38949 4.86746 6
    endloop
  endfacet
  facet normal 0.446093 0.894987 -0
    outer loop
      vertex 1.38949 4.86746 6
      vertex 1.35115 4.88657 6.5
      vertex 1.38949 4.86746 6.5
    endloop
  endfacet
  facet normal 0.446093 0.894987 0
    outer loop
      vertex 1.35115 4.88657 6.5
      vertex 1.38949 4.86746 6
      vertex 1.35115 4.88657 6
    endloop
  endfacet
  facet normal 0.370678 0.928762 -0
    outer loop
      vertex 1.35115 4.88657 6
      vertex 1.31071 4.90271 6.5
      vertex 1.35115 4.88657 6.5
    endloop
  endfacet
  facet normal 0.370678 0.928762 0
    outer loop
      vertex 1.31071 4.90271 6.5
      vertex 1.35115 4.88657 6
      vertex 1.31071 4.90271 6
    endloop
  endfacet
  facet normal 0.297035 0.954867 -0
    outer loop
      vertex 1.31071 4.90271 6
      vertex 1.26818 4.91594 6.5
      vertex 1.31071 4.90271 6.5
    endloop
  endfacet
  facet normal 0.297035 0.954867 0
    outer loop
      vertex 1.26818 4.91594 6.5
      vertex 1.31071 4.90271 6
      vertex 1.26818 4.91594 6
    endloop
  endfacet
  facet normal 0.224349 0.974509 -0
    outer loop
      vertex 1.26818 4.91594 6
      vertex 1.22357 4.92621 6.5
      vertex 1.26818 4.91594 6.5
    endloop
  endfacet
  facet normal 0.224349 0.974509 0
    outer loop
      vertex 1.22357 4.92621 6.5
      vertex 1.26818 4.91594 6
      vertex 1.22357 4.92621 6
    endloop
  endfacet
  facet normal 0.155409 0.98785 -0
    outer loop
      vertex 1.22357 4.92621 6
      vertex 1.17685 4.93356 6.5
      vertex 1.22357 4.92621 6.5
    endloop
  endfacet
  facet normal 0.155409 0.98785 0
    outer loop
      vertex 1.17685 4.93356 6.5
      vertex 1.22357 4.92621 6
      vertex 1.17685 4.93356 6
    endloop
  endfacet
  facet normal 0.0897632 0.995963 -0
    outer loop
      vertex 1.17685 4.93356 6
      vertex 1.12803 4.93796 6.5
      vertex 1.17685 4.93356 6.5
    endloop
  endfacet
  facet normal 0.0897632 0.995963 0
    outer loop
      vertex 1.12803 4.93796 6.5
      vertex 1.17685 4.93356 6
      vertex 1.12803 4.93796 6
    endloop
  endfacet
  facet normal 0.0290643 0.999578 -0
    outer loop
      vertex 1.12803 4.93796 6
      vertex 1.07713 4.93944 6.5
      vertex 1.12803 4.93796 6.5
    endloop
  endfacet
  facet normal 0.0290643 0.999578 0
    outer loop
      vertex 1.07713 4.93944 6.5
      vertex 1.12803 4.93796 6
      vertex 1.07713 4.93944 6
    endloop
  endfacet
  facet normal -0.0280906 0.999605 0
    outer loop
      vertex 1.07713 4.93944 6
      vertex 1.02482 4.93797 6.5
      vertex 1.07713 4.93944 6.5
    endloop
  endfacet
  facet normal -0.0280906 0.999605 0
    outer loop
      vertex 1.02482 4.93797 6.5
      vertex 1.07713 4.93944 6
      vertex 1.02482 4.93797 6
    endloop
  endfacet
  facet normal -0.0864872 0.996253 0
    outer loop
      vertex 1.02482 4.93797 6
      vertex 0.974712 4.93362 6.5
      vertex 1.02482 4.93797 6.5
    endloop
  endfacet
  facet normal -0.0864872 0.996253 0
    outer loop
      vertex 0.974712 4.93362 6.5
      vertex 1.02482 4.93797 6
      vertex 0.974712 4.93362 6
    endloop
  endfacet
  facet normal -0.149863 0.988707 0
    outer loop
      vertex 0.974712 4.93362 6
      vertex 0.926815 4.92636 6.5
      vertex 0.974712 4.93362 6.5
    endloop
  endfacet
  facet normal -0.149863 0.988707 0
    outer loop
      vertex 0.926815 4.92636 6.5
      vertex 0.974712 4.93362 6
      vertex 0.926815 4.92636 6
    endloop
  endfacet
  facet normal -0.217089 0.976152 0
    outer loop
      vertex 0.926815 4.92636 6
      vertex 0.88113 4.9162 6.5
      vertex 0.926815 4.92636 6.5
    endloop
  endfacet
  facet normal -0.217089 0.976152 0
    outer loop
      vertex 0.88113 4.9162 6.5
      vertex 0.926815 4.92636 6
      vertex 0.88113 4.9162 6
    endloop
  endfacet
  facet normal -0.288033 0.957621 0
    outer loop
      vertex 0.88113 4.9162 6
      vertex 0.837643 4.90312 6.5
      vertex 0.88113 4.9162 6.5
    endloop
  endfacet
  facet normal -0.288033 0.957621 0
    outer loop
      vertex 0.837643 4.90312 6.5
      vertex 0.88113 4.9162 6
      vertex 0.837643 4.90312 6
    endloop
  endfacet
  facet normal -0.360848 0.932625 0
    outer loop
      vertex 0.837643 4.90312 6
      vertex 0.796368 4.88715 6.5
      vertex 0.837643 4.90312 6.5
    endloop
  endfacet
  facet normal -0.360848 0.932625 0
    outer loop
      vertex 0.796368 4.88715 6.5
      vertex 0.837643 4.90312 6
      vertex 0.796368 4.88715 6
    endloop
  endfacet
  facet normal -0.435212 0.900328 0
    outer loop
      vertex 0.796368 4.88715 6
      vertex 0.75729 4.86826 6.5
      vertex 0.796368 4.88715 6.5
    endloop
  endfacet
  facet normal -0.435212 0.900328 0
    outer loop
      vertex 0.75729 4.86826 6.5
      vertex 0.796368 4.88715 6
      vertex 0.75729 4.86826 6
    endloop
  endfacet
  facet normal -0.508836 0.860864 0
    outer loop
      vertex 0.75729 4.86826 6
      vertex 0.720425 4.84647 6.5
      vertex 0.75729 4.86826 6.5
    endloop
  endfacet
  facet normal -0.508836 0.860864 0
    outer loop
      vertex 0.720425 4.84647 6.5
      vertex 0.75729 4.86826 6
      vertex 0.720425 4.84647 6
    endloop
  endfacet
  facet normal -0.580271 0.814424 0
    outer loop
      vertex 0.720425 4.84647 6
      vertex 0.685772 4.82178 6.5
      vertex 0.720425 4.84647 6.5
    endloop
  endfacet
  facet normal -0.580271 0.814424 0
    outer loop
      vertex 0.685772 4.82178 6.5
      vertex 0.720425 4.84647 6
      vertex 0.685772 4.82178 6
    endloop
  endfacet
  facet normal -0.647954 0.76168 0
    outer loop
      vertex 0.685772 4.82178 6
      vertex 0.653316 4.79417 6.5
      vertex 0.685772 4.82178 6.5
    endloop
  endfacet
  facet normal -0.647954 0.76168 0
    outer loop
      vertex 0.653316 4.79417 6.5
      vertex 0.685772 4.82178 6
      vertex 0.653316 4.79417 6
    endloop
  endfacet
  facet normal -0.710104 0.704097 0
    outer loop
      vertex 0.623074 4.76367 6
      vertex 0.653316 4.79417 6.5
      vertex 0.653316 4.79417 6
    endloop
  endfacet
  facet normal -0.710104 0.704097 0
    outer loop
      vertex 0.653316 4.79417 6.5
      vertex 0.623074 4.76367 6
      vertex 0.623074 4.76367 6.5
    endloop
  endfacet
  facet normal -0.765987 0.642856 0
    outer loop
      vertex 0.595043 4.73027 6
      vertex 0.623074 4.76367 6.5
      vertex 0.623074 4.76367 6
    endloop
  endfacet
  facet normal -0.765987 0.642856 0
    outer loop
      vertex 0.623074 4.76367 6.5
      vertex 0.595043 4.73027 6
      vertex 0.595043 4.73027 6.5
    endloop
  endfacet
  facet normal -0.814898 0.579605 0
    outer loop
      vertex 0.56921 4.69395 6
      vertex 0.595043 4.73027 6.5
      vertex 0.595043 4.73027 6
    endloop
  endfacet
  facet normal -0.814898 0.579605 0
    outer loop
      vertex 0.595043 4.73027 6.5
      vertex 0.56921 4.69395 6
      vertex 0.56921 4.69395 6.5
    endloop
  endfacet
  facet normal -0.855224 0.518258 0
    outer loop
      vertex 0.545437 4.65472 6
      vertex 0.56921 4.69395 6.5
      vertex 0.56921 4.69395 6
    endloop
  endfacet
  facet normal -0.855224 0.518258 0
    outer loop
      vertex 0.56921 4.69395 6.5
      vertex 0.545437 4.65472 6
      vertex 0.545437 4.65472 6.5
    endloop
  endfacet
  facet normal -0.887491 0.460825 0
    outer loop
      vertex 0.523556 4.61258 6
      vertex 0.545437 4.65472 6.5
      vertex 0.545437 4.65472 6
    endloop
  endfacet
  facet normal -0.887491 0.460825 0
    outer loop
      vertex 0.545437 4.65472 6.5
      vertex 0.523556 4.61258 6
      vertex 0.523556 4.61258 6.5
    endloop
  endfacet
  facet normal -0.914387 0.404841 0
    outer loop
      vertex 0.503597 4.5675 6
      vertex 0.523556 4.61258 6.5
      vertex 0.523556 4.61258 6
    endloop
  endfacet
  facet normal -0.914387 0.404841 0
    outer loop
      vertex 0.523556 4.61258 6.5
      vertex 0.503597 4.5675 6
      vertex 0.503597 4.5675 6.5
    endloop
  endfacet
  facet normal -0.93576 0.352636 0
    outer loop
      vertex 0.485516 4.51952 6
      vertex 0.503597 4.5675 6.5
      vertex 0.503597 4.5675 6
    endloop
  endfacet
  facet normal -0.93576 0.352636 0
    outer loop
      vertex 0.503597 4.5675 6.5
      vertex 0.485516 4.51952 6
      vertex 0.485516 4.51952 6.5
    endloop
  endfacet
  facet normal -0.95314 0.30253 0
    outer loop
      vertex 0.469357 4.46861 6
      vertex 0.485516 4.51952 6.5
      vertex 0.485516 4.51952 6
    endloop
  endfacet
  facet normal -0.95314 0.30253 0
    outer loop
      vertex 0.485516 4.51952 6.5
      vertex 0.469357 4.46861 6
      vertex 0.469357 4.46861 6.5
    endloop
  endfacet
  facet normal -0.966626 0.256193 0
    outer loop
      vertex 0.45509 4.41478 6
      vertex 0.469357 4.46861 6.5
      vertex 0.469357 4.46861 6
    endloop
  endfacet
  facet normal -0.966626 0.256193 0
    outer loop
      vertex 0.469357 4.46861 6.5
      vertex 0.45509 4.41478 6
      vertex 0.45509 4.41478 6.5
    endloop
  endfacet
  facet normal -0.977102 0.212773 0
    outer loop
      vertex 0.44273 4.35802 6
      vertex 0.45509 4.41478 6.5
      vertex 0.45509 4.41478 6
    endloop
  endfacet
  facet normal -0.977102 0.212773 0
    outer loop
      vertex 0.45509 4.41478 6.5
      vertex 0.44273 4.35802 6
      vertex 0.44273 4.35802 6.5
    endloop
  endfacet
  facet normal -0.984963 0.172765 0
    outer loop
      vertex 0.432262 4.29834 6
      vertex 0.44273 4.35802 6.5
      vertex 0.44273 4.35802 6
    endloop
  endfacet
  facet normal -0.984963 0.172765 0
    outer loop
      vertex 0.44273 4.35802 6.5
      vertex 0.432262 4.29834 6
      vertex 0.432262 4.29834 6.5
    endloop
  endfacet
  facet normal -0.990777 0.135502 0
    outer loop
      vertex 0.423702 4.23575 6
      vertex 0.432262 4.29834 6.5
      vertex 0.432262 4.29834 6
    endloop
  endfacet
  facet normal -0.990777 0.135502 0
    outer loop
      vertex 0.432262 4.29834 6.5
      vertex 0.423702 4.23575 6
      vertex 0.423702 4.23575 6.5
    endloop
  endfacet
  facet normal -0.994884 0.101022 0
    outer loop
      vertex 0.417049 4.17023 6
      vertex 0.423702 4.23575 6.5
      vertex 0.423702 4.23575 6
    endloop
  endfacet
  facet normal -0.994884 0.101022 0
    outer loop
      vertex 0.423702 4.23575 6.5
      vertex 0.417049 4.17023 6
      vertex 0.417049 4.17023 6.5
    endloop
  endfacet
  facet normal -0.99759 0.0693824 0
    outer loop
      vertex 0.412289 4.10179 6
      vertex 0.417049 4.17023 6.5
      vertex 0.417049 4.17023 6
    endloop
  endfacet
  facet normal -0.99759 0.0693824 0
    outer loop
      vertex 0.417049 4.17023 6.5
      vertex 0.412289 4.10179 6
      vertex 0.412289 4.10179 6.5
    endloop
  endfacet
  facet normal -0.999201 0.0399624 0
    outer loop
      vertex 0.409435 4.03043 6
      vertex 0.412289 4.10179 6.5
      vertex 0.412289 4.10179 6
    endloop
  endfacet
  facet normal -0.999201 0.0399624 0
    outer loop
      vertex 0.412289 4.10179 6.5
      vertex 0.409435 4.03043 6
      vertex 0.409435 4.03043 6.5
    endloop
  endfacet
  facet normal -0.999919 0.0127346 0
    outer loop
      vertex 0.408489 3.95615 6
      vertex 0.409435 4.03043 6.5
      vertex 0.409435 4.03043 6
    endloop
  endfacet
  facet normal -0.999919 0.0127346 0
    outer loop
      vertex 0.409435 4.03043 6.5
      vertex 0.408489 3.95615 6
      vertex 0.408489 3.95615 6.5
    endloop
  endfacet
  facet normal -0.99991 -0.0134357 0
    outer loop
      vertex 0.409466 3.88344 6
      vertex 0.408489 3.95615 6.5
      vertex 0.408489 3.95615 6
    endloop
  endfacet
  facet normal -0.99991 -0.0134357 0
    outer loop
      vertex 0.408489 3.95615 6.5
      vertex 0.409466 3.88344 6
      vertex 0.409466 3.88344 6.5
    endloop
  endfacet
  facet normal -0.999116 -0.0420462 0
    outer loop
      vertex 0.412411 3.81346 6
      vertex 0.409466 3.88344 6.5
      vertex 0.409466 3.88344 6
    endloop
  endfacet
  facet normal -0.999116 -0.0420462 0
    outer loop
      vertex 0.409466 3.88344 6.5
      vertex 0.412411 3.81346 6
      vertex 0.412411 3.81346 6.5
    endloop
  endfacet
  facet normal -0.997357 -0.0726511 0
    outer loop
      vertex 0.417309 3.74622 6
      vertex 0.412411 3.81346 6.5
      vertex 0.412411 3.81346 6
    endloop
  endfacet
  facet normal -0.997357 -0.0726511 0
    outer loop
      vertex 0.412411 3.81346 6.5
      vertex 0.417309 3.74622 6
      vertex 0.417309 3.74622 6.5
    endloop
  endfacet
  facet normal -0.994411 -0.105574 0
    outer loop
      vertex 0.42416 3.68169 6
      vertex 0.417309 3.74622 6.5
      vertex 0.417309 3.74622 6
    endloop
  endfacet
  facet normal -0.994411 -0.105574 0
    outer loop
      vertex 0.417309 3.74622 6.5
      vertex 0.42416 3.68169 6
      vertex 0.42416 3.68169 6.5
    endloop
  endfacet
  facet normal -0.990005 -0.141036 0
    outer loop
      vertex 0.432964 3.61989 6
      vertex 0.42416 3.68169 6.5
      vertex 0.42416 3.68169 6
    endloop
  endfacet
  facet normal -0.990005 -0.141036 0
    outer loop
      vertex 0.42416 3.68169 6.5
      vertex 0.432964 3.61989 6
      vertex 0.432964 3.61989 6.5
    endloop
  endfacet
  facet normal -0.983773 -0.179417 0
    outer loop
      vertex 0.443737 3.56082 6
      vertex 0.432964 3.61989 6.5
      vertex 0.432964 3.61989 6
    endloop
  endfacet
  facet normal -0.983773 -0.179417 0
    outer loop
      vertex 0.432964 3.61989 6.5
      vertex 0.443737 3.56082 6
      vertex 0.443737 3.56082 6.5
    endloop
  endfacet
  facet normal -0.975417 -0.220365 0
    outer loop
      vertex 0.456463 3.50449 6
      vertex 0.443737 3.56082 6.5
      vertex 0.443737 3.56082 6
    endloop
  endfacet
  facet normal -0.975417 -0.220365 0
    outer loop
      vertex 0.443737 3.56082 6.5
      vertex 0.456463 3.50449 6
      vertex 0.456463 3.50449 6.5
    endloop
  endfacet
  facet normal -0.964429 -0.264341 0
    outer loop
      vertex 0.471157 3.45088 6
      vertex 0.456463 3.50449 6.5
      vertex 0.456463 3.50449 6
    endloop
  endfacet
  facet normal -0.964429 -0.264341 0
    outer loop
      vertex 0.456463 3.50449 6.5
      vertex 0.471157 3.45088 6
      vertex 0.471157 3.45088 6.5
    endloop
  endfacet
  facet normal -0.950487 -0.310763 0
    outer loop
      vertex 0.487789 3.40001 6
      vertex 0.471157 3.45088 6.5
      vertex 0.471157 3.45088 6
    endloop
  endfacet
  facet normal -0.950487 -0.310763 0
    outer loop
      vertex 0.471157 3.45088 6.5
      vertex 0.487789 3.40001 6
      vertex 0.487789 3.40001 6.5
    endloop
  endfacet
  facet normal -0.932839 -0.360294 0
    outer loop
      vertex 0.50639 3.35185 6
      vertex 0.487789 3.40001 6.5
      vertex 0.487789 3.40001 6
    endloop
  endfacet
  facet normal -0.932839 -0.360294 0
    outer loop
      vertex 0.487789 3.40001 6.5
      vertex 0.50639 3.35185 6
      vertex 0.50639 3.35185 6.5
    endloop
  endfacet
  facet normal -0.910951 -0.412515 0
    outer loop
      vertex 0.526958 3.30643 6
      vertex 0.50639 3.35185 6.5
      vertex 0.50639 3.35185 6
    endloop
  endfacet
  facet normal -0.910951 -0.412515 0
    outer loop
      vertex 0.50639 3.35185 6.5
      vertex 0.526958 3.30643 6
      vertex 0.526958 3.30643 6.5
    endloop
  endfacet
  facet normal -0.884505 -0.46653 0
    outer loop
      vertex 0.54948 3.26373 6
      vertex 0.526958 3.30643 6.5
      vertex 0.526958 3.30643 6
    endloop
  endfacet
  facet normal -0.884505 -0.46653 0
    outer loop
      vertex 0.526958 3.30643 6.5
      vertex 0.54948 3.26373 6
      vertex 0.54948 3.26373 6.5
    endloop
  endfacet
  facet normal -0.85275 -0.52232 0
    outer loop
      vertex 0.573956 3.22377 6
      vertex 0.54948 3.26373 6.5
      vertex 0.54948 3.26373 6
    endloop
  endfacet
  facet normal -0.85275 -0.52232 0
    outer loop
      vertex 0.54948 3.26373 6.5
      vertex 0.573956 3.22377 6
      vertex 0.573956 3.22377 6.5
    endloop
  endfacet
  facet normal -0.814554 -0.580087 0
    outer loop
      vertex 0.600384 3.18666 6
      vertex 0.573956 3.22377 6.5
      vertex 0.573956 3.22377 6
    endloop
  endfacet
  facet normal -0.814554 -0.580087 0
    outer loop
      vertex 0.573956 3.22377 6.5
      vertex 0.600384 3.18666 6
      vertex 0.600384 3.18666 6.5
    endloop
  endfacet
  facet normal -0.769243 -0.638956 0
    outer loop
      vertex 0.62875 3.15251 6
      vertex 0.600384 3.18666 6.5
      vertex 0.600384 3.18666 6
    endloop
  endfacet
  facet normal -0.769243 -0.638956 0
    outer loop
      vertex 0.600384 3.18666 6.5
      vertex 0.62875 3.15251 6
      vertex 0.62875 3.15251 6.5
    endloop
  endfacet
  facet normal -0.716997 -0.697076 0
    outer loop
      vertex 0.659054 3.12134 6
      vertex 0.62875 3.15251 6.5
      vertex 0.62875 3.15251 6
    endloop
  endfacet
  facet normal -0.716997 -0.697076 0
    outer loop
      vertex 0.62875 3.15251 6.5
      vertex 0.659054 3.12134 6
      vertex 0.659054 3.12134 6.5
    endloop
  endfacet
  facet normal -0.65844 -0.752633 0
    outer loop
      vertex 0.659054 3.12134 6
      vertex 0.691311 3.09312 6.5
      vertex 0.659054 3.12134 6.5
    endloop
  endfacet
  facet normal -0.65844 -0.752633 -0
    outer loop
      vertex 0.691311 3.09312 6.5
      vertex 0.659054 3.12134 6
      vertex 0.691311 3.09312 6
    endloop
  endfacet
  facet normal -0.593713 -0.804677 0
    outer loop
      vertex 0.691311 3.09312 6
      vertex 0.725506 3.06789 6.5
      vertex 0.691311 3.09312 6.5
    endloop
  endfacet
  facet normal -0.593713 -0.804677 -0
    outer loop
      vertex 0.725506 3.06789 6.5
      vertex 0.691311 3.09312 6
      vertex 0.725506 3.06789 6
    endloop
  endfacet
  facet normal -0.524684 -0.851297 0
    outer loop
      vertex 0.725506 3.06789 6
      vertex 0.761639 3.04562 6.5
      vertex 0.725506 3.06789 6.5
    endloop
  endfacet
  facet normal -0.524684 -0.851297 -0
    outer loop
      vertex 0.761639 3.04562 6.5
      vertex 0.725506 3.06789 6
      vertex 0.761639 3.04562 6
    endloop
  endfacet
  facet normal -0.452022 -0.892007 0
    outer loop
      vertex 0.761639 3.04562 6
      vertex 0.799725 3.02632 6.5
      vertex 0.761639 3.04562 6.5
    endloop
  endfacet
  facet normal -0.452022 -0.892007 -0
    outer loop
      vertex 0.799725 3.02632 6.5
      vertex 0.761639 3.04562 6
      vertex 0.799725 3.02632 6
    endloop
  endfacet
  facet normal -0.37778 -0.925896 0
    outer loop
      vertex 0.799725 3.02632 6
      vertex 0.839748 3.00999 6.5
      vertex 0.799725 3.02632 6.5
    endloop
  endfacet
  facet normal -0.37778 -0.925896 -0
    outer loop
      vertex 0.839748 3.00999 6.5
      vertex 0.799725 3.02632 6
      vertex 0.839748 3.00999 6
    endloop
  endfacet
  facet normal -0.303172 -0.952936 0
    outer loop
      vertex 0.839748 3.00999 6
      vertex 0.88171 2.99664 6.5
      vertex 0.839748 3.00999 6.5
    endloop
  endfacet
  facet normal -0.303172 -0.952936 -0
    outer loop
      vertex 0.88171 2.99664 6.5
      vertex 0.839748 3.00999 6
      vertex 0.88171 2.99664 6
    endloop
  endfacet
  facet normal -0.230237 -0.973135 0
    outer loop
      vertex 0.88171 2.99664 6
      vertex 0.925625 2.98625 6.5
      vertex 0.88171 2.99664 6.5
    endloop
  endfacet
  facet normal -0.230237 -0.973135 -0
    outer loop
      vertex 0.925625 2.98625 6.5
      vertex 0.88171 2.99664 6
      vertex 0.925625 2.98625 6
    endloop
  endfacet
  facet normal -0.160008 -0.987116 0
    outer loop
      vertex 0.925625 2.98625 6
      vertex 0.971462 2.97882 6.5
      vertex 0.925625 2.98625 6.5
    endloop
  endfacet
  facet normal -0.160008 -0.987116 -0
    outer loop
      vertex 0.971462 2.97882 6.5
      vertex 0.925625 2.98625 6
      vertex 0.971462 2.97882 6
    endloop
  endfacet
  facet normal -0.0927185 -0.995692 0
    outer loop
      vertex 0.971462 2.97882 6
      vertex 1.01925 2.97437 6.5
      vertex 0.971462 2.97882 6.5
    endloop
  endfacet
  facet normal -0.0927185 -0.995692 -0
    outer loop
      vertex 1.01925 2.97437 6.5
      vertex 0.971462 2.97882 6
      vertex 1.01925 2.97437 6
    endloop
  endfacet
  facet normal -0.0297356 -0.999558 0
    outer loop
      vertex 1.01925 2.97437 6
      vertex 1.069 2.97289 6.5
      vertex 1.01925 2.97437 6.5
    endloop
  endfacet
  facet normal -0.0297356 -0.999558 -0
    outer loop
      vertex 1.069 2.97289 6.5
      vertex 1.01925 2.97437 6
      vertex 1.069 2.97289 6
    endloop
  endfacet
  facet normal 0.0299423 -0.999552 0
    outer loop
      vertex 1.069 2.97289 6
      vertex 1.11874 2.97438 6.5
      vertex 1.069 2.97289 6.5
    endloop
  endfacet
  facet normal 0.0299423 -0.999552 0
    outer loop
      vertex 1.11874 2.97438 6.5
      vertex 1.069 2.97289 6
      vertex 1.11874 2.97438 6
    endloop
  endfacet
  facet normal 0.106107 0.994355 -0
    outer loop
      vertex 1.039 3.17336 6
      vertex 1.0077 3.1767 6.5
      vertex 1.039 3.17336 6.5
    endloop
  endfacet
  facet normal 0.106107 0.994355 0
    outer loop
      vertex 1.0077 3.1767 6.5
      vertex 1.039 3.17336 6
      vertex 1.0077 3.1767 6
    endloop
  endfacet
  facet normal 0.183013 0.983111 -0
    outer loop
      vertex 1.0077 3.1767 6
      vertex 0.977779 3.18227 6.5
      vertex 1.0077 3.1767 6.5
    endloop
  endfacet
  facet normal 0.183013 0.983111 0
    outer loop
      vertex 0.977779 3.18227 6.5
      vertex 1.0077 3.1767 6
      vertex 0.977779 3.18227 6
    endloop
  endfacet
  facet normal 0.264136 0.964485 -0
    outer loop
      vertex 0.977779 3.18227 6
      vertex 0.949261 3.19008 6.5
      vertex 0.977779 3.18227 6.5
    endloop
  endfacet
  facet normal 0.264136 0.964485 0
    outer loop
      vertex 0.949261 3.19008 6.5
      vertex 0.977779 3.18227 6
      vertex 0.949261 3.19008 6
    endloop
  endfacet
  facet normal 0.347067 0.93784 -0
    outer loop
      vertex 0.949261 3.19008 6
      vertex 0.922131 3.20012 6.5
      vertex 0.949261 3.19008 6.5
    endloop
  endfacet
  facet normal 0.347067 0.93784 0
    outer loop
      vertex 0.922131 3.20012 6.5
      vertex 0.949261 3.19008 6
      vertex 0.922131 3.20012 6
    endloop
  endfacet
  facet normal 0.43007 0.902796 -0
    outer loop
      vertex 0.922131 3.20012 6
      vertex 0.896374 3.21239 6.5
      vertex 0.922131 3.20012 6.5
    endloop
  endfacet
  facet normal 0.43007 0.902796 0
    outer loop
      vertex 0.896374 3.21239 6.5
      vertex 0.922131 3.20012 6
      vertex 0.896374 3.21239 6
    endloop
  endfacet
  facet normal 0.511853 0.859073 -0
    outer loop
      vertex 0.896374 3.21239 6
      vertex 0.872021 3.2269 6.5
      vertex 0.896374 3.21239 6.5
    endloop
  endfacet
  facet normal 0.511853 0.859073 0
    outer loop
      vertex 0.872021 3.2269 6.5
      vertex 0.896374 3.21239 6
      vertex 0.872021 3.2269 6
    endloop
  endfacet
  facet normal 0.588339 0.808614 -0
    outer loop
      vertex 0.872021 3.2269 6
      vertex 0.849041 3.24362 6.5
      vertex 0.872021 3.2269 6.5
    endloop
  endfacet
  facet normal 0.588339 0.808614 0
    outer loop
      vertex 0.849041 3.24362 6.5
      vertex 0.872021 3.2269 6
      vertex 0.849041 3.24362 6
    endloop
  endfacet
  facet normal 0.660297 0.751005 -0
    outer loop
      vertex 0.849041 3.24362 6
      vertex 0.827465 3.26259 6.5
      vertex 0.849041 3.24362 6.5
    endloop
  endfacet
  facet normal 0.660297 0.751005 0
    outer loop
      vertex 0.827465 3.26259 6.5
      vertex 0.849041 3.24362 6
      vertex 0.827465 3.26259 6
    endloop
  endfacet
  facet normal 0.723762 0.69005 0
    outer loop
      vertex 0.827465 3.26259 6.5
      vertex 0.807262 3.28378 6
      vertex 0.807262 3.28378 6.5
    endloop
  endfacet
  facet normal 0.723762 0.69005 0
    outer loop
      vertex 0.807262 3.28378 6
      vertex 0.827465 3.26259 6.5
      vertex 0.827465 3.26259 6
    endloop
  endfacet
  facet normal 0.779991 0.625791 0
    outer loop
      vertex 0.807262 3.28378 6.5
      vertex 0.788464 3.30721 6
      vertex 0.788464 3.30721 6.5
    endloop
  endfacet
  facet normal 0.779991 0.625791 0
    outer loop
      vertex 0.788464 3.30721 6
      vertex 0.807262 3.28378 6.5
      vertex 0.807262 3.28378 6
    endloop
  endfacet
  facet normal 0.827268 0.561807 0
    outer loop
      vertex 0.788464 3.30721 6.5
      vertex 0.771038 3.33287 6
      vertex 0.771038 3.33287 6.5
    endloop
  endfacet
  facet normal 0.827268 0.561807 0
    outer loop
      vertex 0.771038 3.33287 6
      vertex 0.788464 3.30721 6.5
      vertex 0.788464 3.30721 6
    endloop
  endfacet
  facet normal 0.867027 0.498261 0
    outer loop
      vertex 0.771038 3.33287 6.5
      vertex 0.755016 3.36075 6
      vertex 0.755016 3.36075 6.5
    endloop
  endfacet
  facet normal 0.867027 0.498261 0
    outer loop
      vertex 0.755016 3.36075 6
      vertex 0.771038 3.33287 6.5
      vertex 0.771038 3.33287 6
    endloop
  endfacet
  facet normal 0.899066 0.437813 0
    outer loop
      vertex 0.755016 3.36075 6.5
      vertex 0.740261 3.39105 6
      vertex 0.740261 3.39105 6.5
    endloop
  endfacet
  facet normal 0.899066 0.437813 0
    outer loop
      vertex 0.740261 3.39105 6
      vertex 0.755016 3.36075 6.5
      vertex 0.755016 3.36075 6
    endloop
  endfacet
  facet normal 0.924378 0.381478 0
    outer loop
      vertex 0.740261 3.39105 6.5
      vertex 0.726696 3.42392 6
      vertex 0.726696 3.42392 6.5
    endloop
  endfacet
  facet normal 0.924378 0.381478 0
    outer loop
      vertex 0.726696 3.42392 6
      vertex 0.740261 3.39105 6.5
      vertex 0.740261 3.39105 6
    endloop
  endfacet
  facet normal 0.944215 0.329331 0
    outer loop
      vertex 0.726696 3.42392 6.5
      vertex 0.714321 3.4594 6
      vertex 0.714321 3.4594 6.5
    endloop
  endfacet
  facet normal 0.944215 0.329331 0
    outer loop
      vertex 0.714321 3.4594 6
      vertex 0.726696 3.42392 6.5
      vertex 0.726696 3.42392 6
    endloop
  endfacet
  facet normal 0.959183 0.282787 0
    outer loop
      vertex 0.714321 3.4594 6.5
      vertex 0.703106 3.49744 6
      vertex 0.703106 3.49744 6.5
    endloop
  endfacet
  facet normal 0.959183 0.282787 0
    outer loop
      vertex 0.703106 3.49744 6
      vertex 0.714321 3.4594 6.5
      vertex 0.714321 3.4594 6
    endloop
  endfacet
  facet normal 0.970883 0.239555 0
    outer loop
      vertex 0.703106 3.49744 6.5
      vertex 0.693081 3.53807 6
      vertex 0.693081 3.53807 6.5
    endloop
  endfacet
  facet normal 0.970883 0.239555 0
    outer loop
      vertex 0.693081 3.53807 6
      vertex 0.703106 3.49744 6.5
      vertex 0.703106 3.49744 6
    endloop
  endfacet
  facet normal 0.979663 0.200648 0
    outer loop
      vertex 0.693081 3.53807 6.5
      vertex 0.684231 3.58128 6
      vertex 0.684231 3.58128 6.5
    endloop
  endfacet
  facet normal 0.979663 0.200648 0
    outer loop
      vertex 0.684231 3.58128 6
      vertex 0.693081 3.53807 6.5
      vertex 0.693081 3.53807 6
    endloop
  endfacet
  facet normal 0.986306 0.164923 0
    outer loop
      vertex 0.684231 3.58128 6.5
      vertex 0.676571 3.62709 6
      vertex 0.676571 3.62709 6.5
    endloop
  endfacet
  facet normal 0.986306 0.164923 0
    outer loop
      vertex 0.676571 3.62709 6
      vertex 0.684231 3.58128 6.5
      vertex 0.684231 3.58128 6
    endloop
  endfacet
  facet normal 0.991099 0.13313 0
    outer loop
      vertex 0.676571 3.62709 6.5
      vertex 0.670071 3.67548 6
      vertex 0.670071 3.67548 6.5
    endloop
  endfacet
  facet normal 0.991099 0.13313 0
    outer loop
      vertex 0.670071 3.67548 6
      vertex 0.676571 3.62709 6.5
      vertex 0.676571 3.62709 6
    endloop
  endfacet
  facet normal 0.994645 0.103349 0
    outer loop
      vertex 0.670071 3.67548 6.5
      vertex 0.664776 3.72644 6
      vertex 0.664776 3.72644 6.5
    endloop
  endfacet
  facet normal 0.994645 0.103349 0
    outer loop
      vertex 0.664776 3.72644 6
      vertex 0.670071 3.67548 6.5
      vertex 0.670071 3.67548 6
    endloop
  endfacet
  facet normal 0.997031 0.0770027 0
    outer loop
      vertex 0.664776 3.72644 6.5
      vertex 0.660641 3.77998 6
      vertex 0.660641 3.77998 6.5
    endloop
  endfacet
  facet normal 0.997031 0.0770027 0
    outer loop
      vertex 0.660641 3.77998 6
      vertex 0.664776 3.72644 6.5
      vertex 0.664776 3.72644 6
    endloop
  endfacet
  facet normal 0.998627 0.0523861 0
    outer loop
      vertex 0.660641 3.77998 6.5
      vertex 0.657696 3.83612 6
      vertex 0.657696 3.83612 6.5
    endloop
  endfacet
  facet normal 0.998627 0.0523861 0
    outer loop
      vertex 0.657696 3.83612 6
      vertex 0.660641 3.77998 6.5
      vertex 0.660641 3.77998 6
    endloop
  endfacet
  facet normal 0.999546 0.0301242 0
    outer loop
      vertex 0.657696 3.83612 6.5
      vertex 0.655926 3.89485 6
      vertex 0.655926 3.89485 6.5
    endloop
  endfacet
  facet normal 0.999546 0.0301242 0
    outer loop
      vertex 0.655926 3.89485 6
      vertex 0.657696 3.83612 6.5
      vertex 0.657696 3.83612 6
    endloop
  endfacet
  facet normal 0.999953 0.0097059 0
    outer loop
      vertex 0.655926 3.89485 6.5
      vertex 0.655331 3.95615 6
      vertex 0.655331 3.95615 6.5
    endloop
  endfacet
  facet normal 0.999953 0.0097059 0
    outer loop
      vertex 0.655331 3.95615 6
      vertex 0.655926 3.89485 6.5
      vertex 0.655926 3.89485 6
    endloop
  endfacet
  facet normal 0.999958 -0.00917843 0
    outer loop
      vertex 0.655331 3.95615 6.5
      vertex 0.65591 4.01923 6
      vertex 0.65591 4.01923 6.5
    endloop
  endfacet
  facet normal 0.999958 -0.00917843 0
    outer loop
      vertex 0.65591 4.01923 6
      vertex 0.655331 3.95615 6.5
      vertex 0.655331 3.95615 6
    endloop
  endfacet
  facet normal 0.999576 -0.0291018 0
    outer loop
      vertex 0.65591 4.01923 6.5
      vertex 0.657665 4.07951 6
      vertex 0.657665 4.07951 6.5
    endloop
  endfacet
  facet normal 0.999576 -0.0291018 0
    outer loop
      vertex 0.657665 4.07951 6
      vertex 0.65591 4.01923 6.5
      vertex 0.65591 4.01923 6
    endloop
  endfacet
  facet normal 0.998731 -0.0503534 0
    outer loop
      vertex 0.657665 4.07951 6.5
      vertex 0.660564 4.13701 6
      vertex 0.660564 4.13701 6.5
    endloop
  endfacet
  facet normal 0.998731 -0.0503534 0
    outer loop
      vertex 0.660564 4.13701 6
      vertex 0.657665 4.07951 6.5
      vertex 0.657665 4.07951 6
    endloop
  endfacet
  facet normal 0.997237 -0.0742914 0
    outer loop
      vertex 0.660564 4.13701 6.5
      vertex 0.664639 4.19171 6
      vertex 0.664639 4.19171 6.5
    endloop
  endfacet
  facet normal 0.997237 -0.0742914 0
    outer loop
      vertex 0.664639 4.19171 6
      vertex 0.660564 4.13701 6.5
      vertex 0.660564 4.13701 6
    endloop
  endfacet
  facet normal 0.994955 -0.10032 0
    outer loop
      vertex 0.664639 4.19171 6.5
      vertex 0.669872 4.24361 6
      vertex 0.669872 4.24361 6.5
    endloop
  endfacet
  facet normal 0.994955 -0.10032 0
    outer loop
      vertex 0.669872 4.24361 6
      vertex 0.664639 4.19171 6.5
      vertex 0.664639 4.19171 6
    endloop
  endfacet
  facet normal 0.991592 -0.129406 0
    outer loop
      vertex 0.669872 4.24361 6.5
      vertex 0.676281 4.29272 6
      vertex 0.676281 4.29272 6.5
    endloop
  endfacet
  facet normal 0.991592 -0.129406 0
    outer loop
      vertex 0.676281 4.29272 6
      vertex 0.669872 4.24361 6.5
      vertex 0.669872 4.24361 6
    endloop
  endfacet
  facet normal 0.98697 -0.160902 0
    outer loop
      vertex 0.676281 4.29272 6.5
      vertex 0.683834 4.33905 6
      vertex 0.683834 4.33905 6.5
    endloop
  endfacet
  facet normal 0.98697 -0.160902 0
    outer loop
      vertex 0.683834 4.33905 6
      vertex 0.676281 4.29272 6.5
      vertex 0.676281 4.29272 6
    endloop
  endfacet
  facet normal 0.980477 -0.196636 0
    outer loop
      vertex 0.683834 4.33905 6.5
      vertex 0.692562 4.38257 6
      vertex 0.692562 4.38257 6.5
    endloop
  endfacet
  facet normal 0.980477 -0.196636 0
    outer loop
      vertex 0.692562 4.38257 6
      vertex 0.683834 4.33905 6.5
      vertex 0.683834 4.33905 6
    endloop
  endfacet
  facet normal 0.971787 -0.235862 0
    outer loop
      vertex 0.692562 4.38257 6.5
      vertex 0.70245 4.42331 6
      vertex 0.70245 4.42331 6.5
    endloop
  endfacet
  facet normal 0.971787 -0.235862 0
    outer loop
      vertex 0.70245 4.42331 6
      vertex 0.692562 4.38257 6.5
      vertex 0.692562 4.38257 6
    endloop
  endfacet
  facet normal 0.960006 -0.279979 0
    outer loop
      vertex 0.70245 4.42331 6.5
      vertex 0.713512 4.46124 6
      vertex 0.713512 4.46124 6.5
    endloop
  endfacet
  facet normal 0.960006 -0.279979 0
    outer loop
      vertex 0.713512 4.46124 6
      vertex 0.70245 4.42331 6.5
      vertex 0.70245 4.42331 6
    endloop
  endfacet
  facet normal 0.944685 -0.32798 0
    outer loop
      vertex 0.713512 4.46124 6.5
      vertex 0.725719 4.4964 6
      vertex 0.725719 4.4964 6.5
    endloop
  endfacet
  facet normal 0.944685 -0.32798 0
    outer loop
      vertex 0.725719 4.4964 6
      vertex 0.713512 4.46124 6.5
      vertex 0.713512 4.46124 6
    endloop
  endfacet
  facet normal 0.924059 -0.382249 0
    outer loop
      vertex 0.725719 4.4964 6.5
      vertex 0.739101 4.52875 6
      vertex 0.739101 4.52875 6.5
    endloop
  endfacet
  facet normal 0.924059 -0.382249 0
    outer loop
      vertex 0.739101 4.52875 6
      vertex 0.725719 4.4964 6.5
      vertex 0.725719 4.4964 6
    endloop
  endfacet
  facet normal 0.897177 -0.441671 0
    outer loop
      vertex 0.739101 4.52875 6.5
      vertex 0.753658 4.55832 6
      vertex 0.753658 4.55832 6.5
    endloop
  endfacet
  facet normal 0.897177 -0.441671 0
    outer loop
      vertex 0.753658 4.55832 6
      vertex 0.739101 4.52875 6.5
      vertex 0.739101 4.52875 6
    endloop
  endfacet
  facet normal 0.862774 -0.505589 0
    outer loop
      vertex 0.753658 4.55832 6.5
      vertex 0.769527 4.5854 6
      vertex 0.769527 4.5854 6.5
    endloop
  endfacet
  facet normal 0.862774 -0.505589 0
    outer loop
      vertex 0.769527 4.5854 6
      vertex 0.753658 4.55832 6.5
      vertex 0.753658 4.55832 6
    endloop
  endfacet
  facet normal 0.82022 -0.572048 0
    outer loop
      vertex 0.769527 4.5854 6.5
      vertex 0.786907 4.61032 6
      vertex 0.786907 4.61032 6.5
    endloop
  endfacet
  facet normal 0.82022 -0.572048 0
    outer loop
      vertex 0.786907 4.61032 6
      vertex 0.769527 4.5854 6.5
      vertex 0.769527 4.5854 6
    endloop
  endfacet
  facet normal 0.76934 -0.63884 0
    outer loop
      vertex 0.786907 4.61032 6.5
      vertex 0.805798 4.63307 6
      vertex 0.805798 4.63307 6.5
    endloop
  endfacet
  facet normal 0.76934 -0.63884 0
    outer loop
      vertex 0.805798 4.63307 6
      vertex 0.786907 4.61032 6.5
      vertex 0.786907 4.61032 6
    endloop
  endfacet
  facet normal 0.710894 -0.703299 0
    outer loop
      vertex 0.805798 4.63307 6.5
      vertex 0.826168 4.65366 6
      vertex 0.826168 4.65366 6.5
    endloop
  endfacet
  facet normal 0.710894 -0.703299 0
    outer loop
      vertex 0.826168 4.65366 6
      vertex 0.805798 4.63307 6.5
      vertex 0.805798 4.63307 6
    endloop
  endfacet
  facet normal 0.643806 -0.765189 0
    outer loop
      vertex 0.826168 4.65366 6
      vertex 0.848049 4.67207 6.5
      vertex 0.826168 4.65366 6.5
    endloop
  endfacet
  facet normal 0.643806 -0.765189 0
    outer loop
      vertex 0.848049 4.67207 6.5
      vertex 0.826168 4.65366 6
      vertex 0.848049 4.67207 6
    endloop
  endfacet
  facet normal 0.570527 -0.821279 0
    outer loop
      vertex 0.848049 4.67207 6
      vertex 0.871441 4.68832 6.5
      vertex 0.848049 4.67207 6.5
    endloop
  endfacet
  facet normal 0.570527 -0.821279 0
    outer loop
      vertex 0.871441 4.68832 6.5
      vertex 0.848049 4.67207 6
      vertex 0.871441 4.68832 6
    endloop
  endfacet
  facet normal 0.492678 -0.870212 0
    outer loop
      vertex 0.871441 4.68832 6
      vertex 0.896328 4.70241 6.5
      vertex 0.871441 4.68832 6.5
    endloop
  endfacet
  facet normal 0.492678 -0.870212 0
    outer loop
      vertex 0.896328 4.70241 6.5
      vertex 0.871441 4.68832 6
      vertex 0.896328 4.70241 6
    endloop
  endfacet
  facet normal 0.411459 -0.911428 0
    outer loop
      vertex 0.896328 4.70241 6
      vertex 0.92271 4.71432 6.5
      vertex 0.896328 4.70241 6.5
    endloop
  endfacet
  facet normal 0.411459 -0.911428 0
    outer loop
      vertex 0.92271 4.71432 6.5
      vertex 0.896328 4.70241 6
      vertex 0.92271 4.71432 6
    endloop
  endfacet
  facet normal 0.330432 -0.94383 0
    outer loop
      vertex 0.92271 4.71432 6
      vertex 0.950588 4.72408 6.5
      vertex 0.92271 4.71432 6.5
    endloop
  endfacet
  facet normal 0.330432 -0.94383 0
    outer loop
      vertex 0.950588 4.72408 6.5
      vertex 0.92271 4.71432 6
      vertex 0.950588 4.72408 6
    endloop
  endfacet
  facet normal 0.249746 -0.968311 0
    outer loop
      vertex 0.950588 4.72408 6
      vertex 0.979977 4.73166 6.5
      vertex 0.950588 4.72408 6.5
    endloop
  endfacet
  facet normal 0.249746 -0.968311 0
    outer loop
      vertex 0.979977 4.73166 6.5
      vertex 0.950588 4.72408 6
      vertex 0.979977 4.73166 6
    endloop
  endfacet
  facet normal 0.172859 -0.984947 0
    outer loop
      vertex 0.979977 4.73166 6
      vertex 1.01086 4.73708 6.5
      vertex 0.979977 4.73166 6.5
    endloop
  endfacet
  facet normal 0.172859 -0.984947 0
    outer loop
      vertex 1.01086 4.73708 6.5
      vertex 0.979977 4.73166 6
      vertex 1.01086 4.73708 6
    endloop
  endfacet
  facet normal 0.0998688 -0.995001 0
    outer loop
      vertex 1.01086 4.73708 6
      vertex 1.04324 4.74033 6.5
      vertex 1.01086 4.73708 6.5
    endloop
  endfacet
  facet normal 0.0998688 -0.995001 0
    outer loop
      vertex 1.04324 4.74033 6.5
      vertex 1.01086 4.73708 6
      vertex 1.04324 4.74033 6
    endloop
  endfacet
  facet normal 0.0318516 -0.999493 0
    outer loop
      vertex 1.04324 4.74033 6
      vertex 1.07713 4.74141 6.5
      vertex 1.04324 4.74033 6.5
    endloop
  endfacet
  facet normal 0.0318516 -0.999493 0
    outer loop
      vertex 1.07713 4.74141 6.5
      vertex 1.04324 4.74033 6
      vertex 1.07713 4.74141 6
    endloop
  endfacet
  facet normal -0.0332444 -0.999447 0
    outer loop
      vertex 1.07713 4.74141 6
      vertex 1.1102 4.74031 6.5
      vertex 1.07713 4.74141 6.5
    endloop
  endfacet
  facet normal -0.0332444 -0.999447 -0
    outer loop
      vertex 1.1102 4.74031 6.5
      vertex 1.07713 4.74141 6
      vertex 1.1102 4.74031 6
    endloop
  endfacet
  facet normal -0.103866 -0.994591 0
    outer loop
      vertex 1.1102 4.74031 6
      vertex 1.1418 4.73701 6.5
      vertex 1.1102 4.74031 6.5
    endloop
  endfacet
  facet normal -0.103866 -0.994591 -0
    outer loop
      vertex 1.1418 4.73701 6.5
      vertex 1.1102 4.74031 6
      vertex 1.1418 4.73701 6
    endloop
  endfacet
  facet normal -0.179317 -0.983791 0
    outer loop
      vertex 1.1418 4.73701 6
      vertex 1.17192 4.73152 6.5
      vertex 1.1418 4.73701 6.5
    endloop
  endfacet
  facet normal -0.179317 -0.983791 -0
    outer loop
      vertex 1.17192 4.73152 6.5
      vertex 1.1418 4.73701 6
      vertex 1.17192 4.73152 6
    endloop
  endfacet
  facet normal -0.259381 -0.965775 0
    outer loop
      vertex 1.17192 4.73152 6
      vertex 1.20059 4.72382 6.5
      vertex 1.17192 4.73152 6.5
    endloop
  endfacet
  facet normal -0.259381 -0.965775 -0
    outer loop
      vertex 1.20059 4.72382 6.5
      vertex 1.17192 4.73152 6
      vertex 1.20059 4.72382 6
    endloop
  endfacet
  facet normal -0.341826 -0.939763 0
    outer loop
      vertex 1.20059 4.72382 6
      vertex 1.22778 4.71393 6.5
      vertex 1.20059 4.72382 6.5
    endloop
  endfacet
  facet normal -0.341826 -0.939763 -0
    outer loop
      vertex 1.22778 4.71393 6.5
      vertex 1.20059 4.72382 6
      vertex 1.22778 4.71393 6
    endloop
  endfacet
  facet normal -0.42556 -0.90493 0
    outer loop
      vertex 1.22778 4.71393 6
      vertex 1.25351 4.70183 6.5
      vertex 1.22778 4.71393 6.5
    endloop
  endfacet
  facet normal -0.42556 -0.90493 -0
    outer loop
      vertex 1.25351 4.70183 6.5
      vertex 1.22778 4.71393 6
      vertex 1.25351 4.70183 6
    endloop
  endfacet
  facet normal -0.507579 -0.861605 0
    outer loop
      vertex 1.25351 4.70183 6
      vertex 1.27775 4.68755 6.5
      vertex 1.25351 4.70183 6.5
    endloop
  endfacet
  facet normal -0.507579 -0.861605 -0
    outer loop
      vertex 1.27775 4.68755 6.5
      vertex 1.25351 4.70183 6
      vertex 1.27775 4.68755 6
    endloop
  endfacet
  facet normal -0.586269 -0.810117 0
    outer loop
      vertex 1.27775 4.68755 6
      vertex 1.30055 4.67105 6.5
      vertex 1.27775 4.68755 6.5
    endloop
  endfacet
  facet normal -0.586269 -0.810117 -0
    outer loop
      vertex 1.30055 4.67105 6.5
      vertex 1.27775 4.68755 6
      vertex 1.30055 4.67105 6
    endloop
  endfacet
  facet normal -0.659203 -0.751965 0
    outer loop
      vertex 1.30055 4.67105 6
      vertex 1.32187 4.65236 6.5
      vertex 1.30055 4.67105 6.5
    endloop
  endfacet
  facet normal -0.659203 -0.751965 -0
    outer loop
      vertex 1.32187 4.65236 6.5
      vertex 1.30055 4.67105 6
      vertex 1.32187 4.65236 6
    endloop
  endfacet
  facet normal -0.724921 -0.688832 0
    outer loop
      vertex 1.34172 4.63147 6
      vertex 1.32187 4.65236 6.5
      vertex 1.32187 4.65236 6
    endloop
  endfacet
  facet normal -0.724921 -0.688832 0
    outer loop
      vertex 1.32187 4.65236 6.5
      vertex 1.34172 4.63147 6
      vertex 1.34172 4.63147 6.5
    endloop
  endfacet
  facet normal -0.782552 -0.622585 0
    outer loop
      vertex 1.36009 4.60838 6
      vertex 1.34172 4.63147 6.5
      vertex 1.34172 4.63147 6
    endloop
  endfacet
  facet normal -0.782552 -0.622585 0
    outer loop
      vertex 1.34172 4.63147 6.5
      vertex 1.36009 4.60838 6
      vertex 1.36009 4.60838 6.5
    endloop
  endfacet
  facet normal -0.831037 -0.556217 0
    outer loop
      vertex 1.37701 4.5831 6
      vertex 1.36009 4.60838 6.5
      vertex 1.36009 4.60838 6
    endloop
  endfacet
  facet normal -0.831037 -0.556217 0
    outer loop
      vertex 1.36009 4.60838 6.5
      vertex 1.37701 4.5831 6
      vertex 1.37701 4.5831 6.5
    endloop
  endfacet
  facet normal -0.871813 -0.489839 0
    outer loop
      vertex 1.39245 4.55562 6
      vertex 1.37701 4.5831 6.5
      vertex 1.37701 4.5831 6
    endloop
  endfacet
  facet normal -0.871813 -0.489839 0
    outer loop
      vertex 1.37701 4.5831 6.5
      vertex 1.39245 4.55562 6
      vertex 1.39245 4.55562 6.5
    endloop
  endfacet
  facet normal -0.904113 -0.427294 0
    outer loop
      vertex 1.4066 4.52568 6
      vertex 1.39245 4.55562 6.5
      vertex 1.39245 4.55562 6
    endloop
  endfacet
  facet normal -0.904113 -0.427294 0
    outer loop
      vertex 1.39245 4.55562 6.5
      vertex 1.4066 4.52568 6
      vertex 1.4066 4.52568 6.5
    endloop
  endfacet
  facet normal -0.928849 -0.370458 0
    outer loop
      vertex 1.41961 4.49306 6
      vertex 1.4066 4.52568 6.5
      vertex 1.4066 4.52568 6
    endloop
  endfacet
  facet normal -0.928849 -0.370458 0
    outer loop
      vertex 1.4066 4.52568 6.5
      vertex 1.41961 4.49306 6
      vertex 1.41961 4.49306 6.5
    endloop
  endfacet
  facet normal -0.947957 -0.3184 0
    outer loop
      vertex 1.43148 4.45772 6
      vertex 1.41961 4.49306 6.5
      vertex 1.41961 4.49306 6
    endloop
  endfacet
  facet normal -0.947957 -0.3184 0
    outer loop
      vertex 1.41961 4.49306 6.5
      vertex 1.43148 4.45772 6
      vertex 1.43148 4.45772 6.5
    endloop
  endfacet
  facet normal -0.96219 -0.27238 0
    outer loop
      vertex 1.44224 4.41971 6
      vertex 1.43148 4.45772 6.5
      vertex 1.43148 4.45772 6
    endloop
  endfacet
  facet normal -0.96219 -0.27238 0
    outer loop
      vertex 1.43148 4.45772 6.5
      vertex 1.44224 4.41971 6
      vertex 1.44224 4.41971 6.5
    endloop
  endfacet
  facet normal -0.973276 -0.229639 0
    outer loop
      vertex 1.45185 4.37898 6
      vertex 1.44224 4.41971 6.5
      vertex 1.44224 4.41971 6
    endloop
  endfacet
  facet normal -0.973276 -0.229639 0
    outer loop
      vertex 1.44224 4.41971 6.5
      vertex 1.45185 4.37898 6
      vertex 1.45185 4.37898 6.5
    endloop
  endfacet
  facet normal -0.981364 -0.192158 0
    outer loop
      vertex 1.46035 4.33557 6
      vertex 1.45185 4.37898 6.5
      vertex 1.45185 4.37898 6
    endloop
  endfacet
  facet normal -0.981364 -0.192158 0
    outer loop
      vertex 1.45185 4.37898 6.5
      vertex 1.46035 4.33557 6
      vertex 1.46035 4.33557 6.5
    endloop
  endfacet
  facet normal -0.987499 -0.157623 0
    outer loop
      vertex 1.46771 4.28946 6
      vertex 1.46035 4.33557 6.5
      vertex 1.46035 4.33557 6
    endloop
  endfacet
  facet normal -0.987499 -0.157623 0
    outer loop
      vertex 1.46035 4.33557 6.5
      vertex 1.46771 4.28946 6
      vertex 1.46771 4.28946 6.5
    endloop
  endfacet
  facet normal -0.991978 -0.126411 0
    outer loop
      vertex 1.47393 4.24065 6
      vertex 1.46771 4.28946 6.5
      vertex 1.46771 4.28946 6
    endloop
  endfacet
  facet normal -0.991978 -0.126411 0
    outer loop
      vertex 1.46771 4.28946 6.5
      vertex 1.47393 4.24065 6
      vertex 1.47393 4.24065 6.5
    endloop
  endfacet
  facet normal -0.995155 -0.0983179 0
    outer loop
      vertex 1.47902 4.18913 6
      vertex 1.47393 4.24065 6.5
      vertex 1.47393 4.24065 6
    endloop
  endfacet
  facet normal -0.995155 -0.0983179 0
    outer loop
      vertex 1.47393 4.24065 6.5
      vertex 1.47902 4.18913 6
      vertex 1.47902 4.18913 6.5
    endloop
  endfacet
  facet normal -0.997342 -0.0728685 0
    outer loop
      vertex 1.48298 4.13493 6
      vertex 1.47902 4.18913 6.5
      vertex 1.47902 4.18913 6
    endloop
  endfacet
  facet normal -0.997342 -0.0728685 0
    outer loop
      vertex 1.47902 4.18913 6.5
      vertex 1.48298 4.13493 6
      vertex 1.48298 4.13493 6.5
    endloop
  endfacet
  facet normal -0.998765 -0.049675 0
    outer loop
      vertex 1.48581 4.07803 6
      vertex 1.48298 4.13493 6.5
      vertex 1.48298 4.13493 6
    endloop
  endfacet
  facet normal -0.998765 -0.049675 0
    outer loop
      vertex 1.48298 4.13493 6.5
      vertex 1.48581 4.07803 6
      vertex 1.48581 4.07803 6.5
    endloop
  endfacet
  facet normal -0.999598 -0.0283538 0
    outer loop
      vertex 1.4875 4.01845 6
      vertex 1.48581 4.07803 6.5
      vertex 1.48581 4.07803 6
    endloop
  endfacet
  facet normal -0.999598 -0.0283538 0
    outer loop
      vertex 1.48581 4.07803 6.5
      vertex 1.4875 4.01845 6
      vertex 1.4875 4.01845 6.5
    endloop
  endfacet
  facet normal -0.999957 -0.00930939 0
    outer loop
      vertex 1.48808 3.95615 6
      vertex 1.4875 4.01845 6.5
      vertex 1.4875 4.01845 6
    endloop
  endfacet
  facet normal -0.999957 -0.00930939 0
    outer loop
      vertex 1.4875 4.01845 6.5
      vertex 1.48808 3.95615 6
      vertex 1.48808 3.95615 6.5
    endloop
  endfacet
  facet normal -0.99995 0.00997954 0
    outer loop
      vertex 1.48748 3.89603 6
      vertex 1.48808 3.95615 6.5
      vertex 1.48808 3.95615 6
    endloop
  endfacet
  facet normal -0.99995 0.00997954 0
    outer loop
      vertex 1.48808 3.95615 6.5
      vertex 1.48748 3.89603 6
      vertex 1.48748 3.89603 6.5
    endloop
  endfacet
  facet normal -0.999524 0.0308452 0
    outer loop
      vertex 1.4857 3.83835 6
      vertex 1.48748 3.89603 6.5
      vertex 1.48748 3.89603 6
    endloop
  endfacet
  facet normal -0.999524 0.0308452 0
    outer loop
      vertex 1.48748 3.89603 6.5
      vertex 1.4857 3.83835 6
      vertex 1.4857 3.83835 6.5
    endloop
  endfacet
  facet normal -0.998549 0.0538584 0
    outer loop
      vertex 1.48272 3.7831 6
      vertex 1.4857 3.83835 6.5
      vertex 1.4857 3.83835 6
    endloop
  endfacet
  facet normal -0.998549 0.0538584 0
    outer loop
      vertex 1.4857 3.83835 6.5
      vertex 1.48272 3.7831 6
      vertex 1.48272 3.7831 6.5
    endloop
  endfacet
  facet normal -0.996927 0.0783421 0
    outer loop
      vertex 1.47857 3.73029 6
      vertex 1.48272 3.7831 6.5
      vertex 1.48272 3.7831 6
    endloop
  endfacet
  facet normal -0.996927 0.0783421 0
    outer loop
      vertex 1.48272 3.7831 6.5
      vertex 1.47857 3.73029 6
      vertex 1.47857 3.73029 6.5
    endloop
  endfacet
  facet normal -0.994427 0.105425 0
    outer loop
      vertex 1.47323 3.67992 6
      vertex 1.47857 3.73029 6.5
      vertex 1.47857 3.73029 6
    endloop
  endfacet
  facet normal -0.994427 0.105425 0
    outer loop
      vertex 1.47857 3.73029 6.5
      vertex 1.47323 3.67992 6
      vertex 1.47323 3.67992 6.5
    endloop
  endfacet
  facet normal -0.990815 0.135224 0
    outer loop
      vertex 1.46669 3.632 6
      vertex 1.47323 3.67992 6.5
      vertex 1.47323 3.67992 6
    endloop
  endfacet
  facet normal -0.990815 0.135224 0
    outer loop
      vertex 1.47323 3.67992 6.5
      vertex 1.46669 3.632 6
      vertex 1.46669 3.632 6.5
    endloop
  endfacet
  facet normal -0.985945 0.167069 0
    outer loop
      vertex 1.45898 3.5865 6
      vertex 1.46669 3.632 6.5
      vertex 1.46669 3.632 6
    endloop
  endfacet
  facet normal -0.985945 0.167069 0
    outer loop
      vertex 1.46669 3.632 6.5
      vertex 1.45898 3.5865 6
      vertex 1.45898 3.5865 6.5
    endloop
  endfacet
  facet normal -0.979237 0.202718 0
    outer loop
      vertex 1.45007 3.54346 6
      vertex 1.45898 3.5865 6.5
      vertex 1.45898 3.5865 6
    endloop
  endfacet
  facet normal -0.979237 0.202718 0
    outer loop
      vertex 1.45898 3.5865 6.5
      vertex 1.45007 3.54346 6
      vertex 1.45007 3.54346 6.5
    endloop
  endfacet
  facet normal -0.970437 0.241355 0
    outer loop
      vertex 1.43997 3.50285 6
      vertex 1.45007 3.54346 6.5
      vertex 1.45007 3.54346 6
    endloop
  endfacet
  facet normal -0.970437 0.241355 0
    outer loop
      vertex 1.45007 3.54346 6.5
      vertex 1.43997 3.50285 6
      vertex 1.43997 3.50285 6.5
    endloop
  endfacet
  facet normal -0.959001 0.283404 0
    outer loop
      vertex 1.42869 3.46468 6
      vertex 1.43997 3.50285 6.5
      vertex 1.43997 3.50285 6
    endloop
  endfacet
  facet normal -0.959001 0.283404 0
    outer loop
      vertex 1.43997 3.50285 6.5
      vertex 1.42869 3.46468 6
      vertex 1.42869 3.46468 6.5
    endloop
  endfacet
  facet normal -0.94404 0.329832 0
    outer loop
      vertex 1.41621 3.42896 6
      vertex 1.42869 3.46468 6.5
      vertex 1.42869 3.46468 6
    endloop
  endfacet
  facet normal -0.94404 0.329832 0
    outer loop
      vertex 1.42869 3.46468 6.5
      vertex 1.41621 3.42896 6
      vertex 1.41621 3.42896 6.5
    endloop
  endfacet
  facet normal -0.925184 0.37952 0
    outer loop
      vertex 1.40255 3.39566 6
      vertex 1.41621 3.42896 6.5
      vertex 1.41621 3.42896 6
    endloop
  endfacet
  facet normal -0.925184 0.37952 0
    outer loop
      vertex 1.41621 3.42896 6.5
      vertex 1.40255 3.39566 6
      vertex 1.40255 3.39566 6.5
    endloop
  endfacet
  facet normal -0.901158 0.433491 0
    outer loop
      vertex 1.38771 3.36481 6
      vertex 1.40255 3.39566 6.5
      vertex 1.40255 3.39566 6
    endloop
  endfacet
  facet normal -0.901158 0.433491 0
    outer loop
      vertex 1.40255 3.39566 6.5
      vertex 1.38771 3.36481 6
      vertex 1.38771 3.36481 6.5
    endloop
  endfacet
  facet normal -0.870341 0.49245 0
    outer loop
      vertex 1.37159 3.33632 6
      vertex 1.38771 3.36481 6.5
      vertex 1.38771 3.36481 6
    endloop
  endfacet
  facet normal -0.870341 0.49245 0
    outer loop
      vertex 1.38771 3.36481 6.5
      vertex 1.37159 3.33632 6
      vertex 1.37159 3.33632 6.5
    endloop
  endfacet
  facet normal -0.831855 0.554993 0
    outer loop
      vertex 1.35411 3.31012 6
      vertex 1.37159 3.33632 6.5
      vertex 1.37159 3.33632 6
    endloop
  endfacet
  facet normal -0.831855 0.554993 0
    outer loop
      vertex 1.37159 3.33632 6.5
      vertex 1.35411 3.31012 6
      vertex 1.35411 3.31012 6.5
    endloop
  endfacet
  facet normal -0.785521 0.618835 0
    outer loop
      vertex 1.33525 3.28618 6
      vertex 1.35411 3.31012 6.5
      vertex 1.35411 3.31012 6
    endloop
  endfacet
  facet normal -0.785521 0.618835 0
    outer loop
      vertex 1.35411 3.31012 6.5
      vertex 1.33525 3.28618 6
      vertex 1.33525 3.28618 6.5
    endloop
  endfacet
  facet normal -0.730673 0.682727 0
    outer loop
      vertex 1.31503 3.26454 6
      vertex 1.33525 3.28618 6.5
      vertex 1.33525 3.28618 6
    endloop
  endfacet
  facet normal -0.730673 0.682727 0
    outer loop
      vertex 1.33525 3.28618 6.5
      vertex 1.31503 3.26454 6
      vertex 1.31503 3.26454 6.5
    endloop
  endfacet
  facet normal -0.668164 0.744014 0
    outer loop
      vertex 1.31503 3.26454 6
      vertex 1.29345 3.24516 6.5
      vertex 1.31503 3.26454 6.5
    endloop
  endfacet
  facet normal -0.668164 0.744014 0
    outer loop
      vertex 1.29345 3.24516 6.5
      vertex 1.31503 3.26454 6
      vertex 1.29345 3.24516 6
    endloop
  endfacet
  facet normal -0.597257 0.80205 0
    outer loop
      vertex 1.29345 3.24516 6
      vertex 1.2705 3.22807 6.5
      vertex 1.29345 3.24516 6.5
    endloop
  endfacet
  facet normal -0.597257 0.80205 0
    outer loop
      vertex 1.2705 3.22807 6.5
      vertex 1.29345 3.24516 6
      vertex 1.2705 3.22807 6
    endloop
  endfacet
  facet normal -0.520426 0.853907 0
    outer loop
      vertex 1.2705 3.22807 6
      vertex 1.2462 3.21326 6.5
      vertex 1.2705 3.22807 6.5
    endloop
  endfacet
  facet normal -0.520426 0.853907 0
    outer loop
      vertex 1.2462 3.21326 6.5
      vertex 1.2705 3.22807 6
      vertex 1.2462 3.21326 6
    endloop
  endfacet
  facet normal -0.439216 0.898381 0
    outer loop
      vertex 1.2462 3.21326 6
      vertex 1.22053 3.20071 6.5
      vertex 1.2462 3.21326 6.5
    endloop
  endfacet
  facet normal -0.439216 0.898381 0
    outer loop
      vertex 1.22053 3.20071 6.5
      vertex 1.2462 3.21326 6
      vertex 1.22053 3.20071 6
    endloop
  endfacet
  facet normal -0.354456 0.935073 0
    outer loop
      vertex 1.22053 3.20071 6
      vertex 1.19349 3.19046 6.5
      vertex 1.22053 3.20071 6.5
    endloop
  endfacet
  facet normal -0.354456 0.935073 0
    outer loop
      vertex 1.19349 3.19046 6.5
      vertex 1.22053 3.20071 6
      vertex 1.19349 3.19046 6
    endloop
  endfacet
  facet normal -0.269793 0.962918 0
    outer loop
      vertex 1.19349 3.19046 6
      vertex 1.16508 3.1825 6.5
      vertex 1.19349 3.19046 6.5
    endloop
  endfacet
  facet normal -0.269793 0.962918 0
    outer loop
      vertex 1.16508 3.1825 6.5
      vertex 1.19349 3.19046 6
      vertex 1.16508 3.1825 6
    endloop
  endfacet
  facet normal -0.188492 0.982075 0
    outer loop
      vertex 1.16508 3.1825 6
      vertex 1.13533 3.17679 6.5
      vertex 1.16508 3.1825 6.5
    endloop
  endfacet
  facet normal -0.188492 0.982075 0
    outer loop
      vertex 1.13533 3.17679 6.5
      vertex 1.16508 3.1825 6
      vertex 1.13533 3.17679 6
    endloop
  endfacet
  facet normal -0.109136 0.994027 0
    outer loop
      vertex 1.13533 3.17679 6
      vertex 1.10418 3.17337 6.5
      vertex 1.13533 3.17679 6.5
    endloop
  endfacet
  facet normal -0.109136 0.994027 0
    outer loop
      vertex 1.10418 3.17337 6.5
      vertex 1.13533 3.17679 6
      vertex 1.10418 3.17337 6
    endloop
  endfacet
  facet normal -0.0350769 0.999385 0
    outer loop
      vertex 1.10418 3.17337 6
      vertex 1.0717 3.17223 6.5
      vertex 1.10418 3.17337 6.5
    endloop
  endfacet
  facet normal -0.0350769 0.999385 0
    outer loop
      vertex 1.0717 3.17223 6.5
      vertex 1.10418 3.17337 6
      vertex 1.0717 3.17223 6
    endloop
  endfacet
  facet normal 0.034536 0.999403 -0
    outer loop
      vertex 1.0717 3.17223 6
      vertex 1.039 3.17336 6.5
      vertex 1.0717 3.17223 6.5
    endloop
  endfacet
  facet normal 0.034536 0.999403 0
    outer loop
      vertex 1.039 3.17336 6.5
      vertex 1.0717 3.17223 6
      vertex 1.039 3.17336 6
    endloop
  endfacet
  facet normal 0 1 -0
    outer loop
      vertex 3.9674 3.20749 6
      vertex 2.97056 3.20749 6.5
      vertex 3.9674 3.20749 6.5
    endloop
  endfacet
  facet normal 0 1 0
    outer loop
      vertex 2.97056 3.20749 6.5
      vertex 3.9674 3.20749 6
      vertex 2.97056 3.20749 6
    endloop
  endfacet
  facet normal 0.912678 -0.40868 0
    outer loop
      vertex 2.97056 3.20749 6.5
      vertex 2.97712 3.22214 6
      vertex 2.97712 3.22214 6.5
    endloop
  endfacet
  facet normal 0.912678 -0.40868 0
    outer loop
      vertex 2.97712 3.22214 6
      vertex 2.97056 3.20749 6.5
      vertex 2.97056 3.20749 6
    endloop
  endfacet
  facet normal 0.899255 -0.437426 0
    outer loop
      vertex 2.97712 3.22214 6.5
      vertex 2.98429 3.23688 6
      vertex 2.98429 3.23688 6.5
    endloop
  endfacet
  facet normal 0.899255 -0.437426 0
    outer loop
      vertex 2.98429 3.23688 6
      vertex 2.97712 3.22214 6.5
      vertex 2.97712 3.22214 6
    endloop
  endfacet
  facet normal 0.885293 -0.465033 0
    outer loop
      vertex 2.98429 3.23688 6.5
      vertex 2.99208 3.25171 6
      vertex 2.99208 3.25171 6.5
    endloop
  endfacet
  facet normal 0.885293 -0.465033 0
    outer loop
      vertex 2.99208 3.25171 6
      vertex 2.98429 3.23688 6.5
      vertex 2.98429 3.23688 6
    endloop
  endfacet
  facet normal 0.871497 -0.4904 0
    outer loop
      vertex 2.99208 3.25171 6.5
      vertex 3.00047 3.26662 6
      vertex 3.00047 3.26662 6.5
    endloop
  endfacet
  facet normal 0.871497 -0.4904 0
    outer loop
      vertex 3.00047 3.26662 6
      vertex 2.99208 3.25171 6.5
      vertex 2.99208 3.25171 6
    endloop
  endfacet
  facet normal 0.857644 -0.514244 0
    outer loop
      vertex 3.00047 3.26662 6.5
      vertex 3.00947 3.28163 6
      vertex 3.00947 3.28163 6.5
    endloop
  endfacet
  facet normal 0.857644 -0.514244 0
    outer loop
      vertex 3.00947 3.28163 6
      vertex 3.00047 3.26662 6.5
      vertex 3.00047 3.26662 6
    endloop
  endfacet
  facet normal 0.843477 -0.537165 0
    outer loop
      vertex 3.00947 3.28163 6.5
      vertex 3.01908 3.29672 6
      vertex 3.01908 3.29672 6.5
    endloop
  endfacet
  facet normal 0.843477 -0.537165 0
    outer loop
      vertex 3.01908 3.29672 6
      vertex 3.00947 3.28163 6.5
      vertex 3.00947 3.28163 6
    endloop
  endfacet
  facet normal 0.829266 -0.558853 0
    outer loop
      vertex 3.01908 3.29672 6.5
      vertex 3.02931 3.3119 6
      vertex 3.02931 3.3119 6.5
    endloop
  endfacet
  facet normal 0.829266 -0.558853 0
    outer loop
      vertex 3.02931 3.3119 6
      vertex 3.01908 3.29672 6.5
      vertex 3.01908 3.29672 6
    endloop
  endfacet
  facet normal 0.815499 -0.578758 0
    outer loop
      vertex 3.02931 3.3119 6.5
      vertex 3.04014 3.32716 6
      vertex 3.04014 3.32716 6.5
    endloop
  endfacet
  facet normal 0.815499 -0.578758 0
    outer loop
      vertex 3.04014 3.32716 6
      vertex 3.02931 3.3119 6.5
      vertex 3.02931 3.3119 6
    endloop
  endfacet
  facet normal 0.801937 -0.597409 0
    outer loop
      vertex 3.04014 3.32716 6.5
      vertex 3.05159 3.34253 6
      vertex 3.05159 3.34253 6.5
    endloop
  endfacet
  facet normal 0.801937 -0.597409 0
    outer loop
      vertex 3.05159 3.34253 6
      vertex 3.04014 3.32716 6.5
      vertex 3.04014 3.32716 6
    endloop
  endfacet
  facet normal 0.788334 -0.615248 0
    outer loop
      vertex 3.05159 3.34253 6.5
      vertex 3.06364 3.35797 6
      vertex 3.06364 3.35797 6.5
    endloop
  endfacet
  facet normal 0.788334 -0.615248 0
    outer loop
      vertex 3.06364 3.35797 6
      vertex 3.05159 3.34253 6.5
      vertex 3.05159 3.34253 6
    endloop
  endfacet
  facet normal 0.774846 -0.63215 0
    outer loop
      vertex 3.06364 3.35797 6.5
      vertex 3.07631 3.3735 6
      vertex 3.07631 3.3735 6.5
    endloop
  endfacet
  facet normal 0.774846 -0.63215 0
    outer loop
      vertex 3.07631 3.3735 6
      vertex 3.06364 3.35797 6.5
      vertex 3.06364 3.35797 6
    endloop
  endfacet
  facet normal 0.762312 -0.647209 0
    outer loop
      vertex 3.07631 3.3735 6.5
      vertex 3.08958 3.38913 6
      vertex 3.08958 3.38913 6.5
    endloop
  endfacet
  facet normal 0.762312 -0.647209 0
    outer loop
      vertex 3.08958 3.38913 6
      vertex 3.07631 3.3735 6.5
      vertex 3.07631 3.3735 6
    endloop
  endfacet
  facet normal 0.749434 -0.662079 0
    outer loop
      vertex 3.08958 3.38913 6.5
      vertex 3.10345 3.40483 6
      vertex 3.10345 3.40483 6.5
    endloop
  endfacet
  facet normal 0.749434 -0.662079 0
    outer loop
      vertex 3.10345 3.40483 6
      vertex 3.08958 3.38913 6.5
      vertex 3.08958 3.38913 6
    endloop
  endfacet
  facet normal 0.73727 -0.675599 0
    outer loop
      vertex 3.10345 3.40483 6.5
      vertex 3.11802 3.42073 6
      vertex 3.11802 3.42073 6.5
    endloop
  endfacet
  facet normal 0.73727 -0.675599 0
    outer loop
      vertex 3.11802 3.42073 6
      vertex 3.10345 3.40483 6.5
      vertex 3.10345 3.40483 6
    endloop
  endfacet
  facet normal 0.726777 -0.686874 0
    outer loop
      vertex 3.11802 3.42073 6.5
      vertex 3.13334 3.43694 6
      vertex 3.13334 3.43694 6.5
    endloop
  endfacet
  facet normal 0.726777 -0.686874 0
    outer loop
      vertex 3.13334 3.43694 6
      vertex 3.11802 3.42073 6.5
      vertex 3.11802 3.42073 6
    endloop
  endfacet
  facet normal 0.716168 -0.697928 0
    outer loop
      vertex 3.13334 3.43694 6.5
      vertex 3.14941 3.45343 6
      vertex 3.14941 3.45343 6.5
    endloop
  endfacet
  facet normal 0.716168 -0.697928 0
    outer loop
      vertex 3.14941 3.45343 6
      vertex 3.13334 3.43694 6.5
      vertex 3.13334 3.43694 6
    endloop
  endfacet
  facet normal 0.706054 -0.708158 0
    outer loop
      vertex 3.14941 3.45343 6
      vertex 3.16624 3.47021 6.5
      vertex 3.14941 3.45343 6.5
    endloop
  endfacet
  facet normal 0.706054 -0.708158 0
    outer loop
      vertex 3.16624 3.47021 6.5
      vertex 3.14941 3.45343 6
      vertex 3.16624 3.47021 6
    endloop
  endfacet
  facet normal 0.697043 -0.717029 0
    outer loop
      vertex 3.16624 3.47021 6
      vertex 3.18382 3.4873 6.5
      vertex 3.16624 3.47021 6.5
    endloop
  endfacet
  facet normal 0.697043 -0.717029 0
    outer loop
      vertex 3.18382 3.4873 6.5
      vertex 3.16624 3.47021 6
      vertex 3.18382 3.4873 6
    endloop
  endfacet
  facet normal 0.688271 -0.725454 0
    outer loop
      vertex 3.18382 3.4873 6
      vertex 3.20216 3.5047 6.5
      vertex 3.18382 3.4873 6.5
    endloop
  endfacet
  facet normal 0.688271 -0.725454 0
    outer loop
      vertex 3.20216 3.5047 6.5
      vertex 3.18382 3.4873 6
      vertex 3.20216 3.5047 6
    endloop
  endfacet
  facet normal 0.679301 -0.73386 0
    outer loop
      vertex 3.20216 3.5047 6
      vertex 3.22126 3.52238 6.5
      vertex 3.20216 3.5047 6.5
    endloop
  endfacet
  facet normal 0.679301 -0.73386 0
    outer loop
      vertex 3.22126 3.52238 6.5
      vertex 3.20216 3.5047 6
      vertex 3.22126 3.52238 6
    endloop
  endfacet
  facet normal 0.671519 -0.740987 0
    outer loop
      vertex 3.22126 3.52238 6
      vertex 3.2411 3.54036 6.5
      vertex 3.22126 3.52238 6.5
    endloop
  endfacet
  facet normal 0.671519 -0.740987 0
    outer loop
      vertex 3.2411 3.54036 6.5
      vertex 3.22126 3.52238 6
      vertex 3.2411 3.54036 6
    endloop
  endfacet
  facet normal 0.663733 -0.74797 0
    outer loop
      vertex 3.2411 3.54036 6
      vertex 3.2617 3.55864 6.5
      vertex 3.2411 3.54036 6.5
    endloop
  endfacet
  facet normal 0.663733 -0.74797 0
    outer loop
      vertex 3.2617 3.55864 6.5
      vertex 3.2411 3.54036 6
      vertex 3.2617 3.55864 6
    endloop
  endfacet
  facet normal 0.6561 -0.754674 0
    outer loop
      vertex 3.2617 3.55864 6
      vertex 3.28306 3.57721 6.5
      vertex 3.2617 3.55864 6.5
    endloop
  endfacet
  facet normal 0.6561 -0.754674 0
    outer loop
      vertex 3.28306 3.57721 6.5
      vertex 3.2617 3.55864 6
      vertex 3.28306 3.57721 6
    endloop
  endfacet
  facet normal 0.649175 -0.760639 0
    outer loop
      vertex 3.28306 3.57721 6
      vertex 3.30517 3.59608 6.5
      vertex 3.28306 3.57721 6.5
    endloop
  endfacet
  facet normal 0.649175 -0.760639 0
    outer loop
      vertex 3.30517 3.59608 6.5
      vertex 3.28306 3.57721 6
      vertex 3.30517 3.59608 6
    endloop
  endfacet
  facet normal 0.642555 -0.766239 0
    outer loop
      vertex 3.30517 3.59608 6
      vertex 3.32803 3.61525 6.5
      vertex 3.30517 3.59608 6.5
    endloop
  endfacet
  facet normal 0.642555 -0.766239 0
    outer loop
      vertex 3.32803 3.61525 6.5
      vertex 3.30517 3.59608 6
      vertex 3.32803 3.61525 6
    endloop
  endfacet
  facet normal 0.636062 -0.771638 0
    outer loop
      vertex 3.32803 3.61525 6
      vertex 3.35165 3.63472 6.5
      vertex 3.32803 3.61525 6.5
    endloop
  endfacet
  facet normal 0.636062 -0.771638 0
    outer loop
      vertex 3.35165 3.63472 6.5
      vertex 3.32803 3.61525 6
      vertex 3.35165 3.63472 6
    endloop
  endfacet
  facet normal 0.632613 -0.774468 0
    outer loop
      vertex 3.35165 3.63472 6
      vertex 3.39418 3.66946 6.5
      vertex 3.35165 3.63472 6.5
    endloop
  endfacet
  facet normal 0.632613 -0.774468 0
    outer loop
      vertex 3.39418 3.66946 6.5
      vertex 3.35165 3.63472 6
      vertex 3.39418 3.66946 6
    endloop
  endfacet
  facet normal 0.636872 -0.77097 0
    outer loop
      vertex 3.39418 3.66946 6
      vertex 3.43454 3.7028 6.5
      vertex 3.39418 3.66946 6.5
    endloop
  endfacet
  facet normal 0.636872 -0.77097 0
    outer loop
      vertex 3.43454 3.7028 6.5
      vertex 3.39418 3.66946 6
      vertex 3.43454 3.7028 6
    endloop
  endfacet
  facet normal 0.641073 -0.76748 0
    outer loop
      vertex 3.43454 3.7028 6
      vertex 3.47273 3.7347 6.5
      vertex 3.43454 3.7028 6.5
    endloop
  endfacet
  facet normal 0.641073 -0.76748 0
    outer loop
      vertex 3.47273 3.7347 6.5
      vertex 3.43454 3.7028 6
      vertex 3.47273 3.7347 6
    endloop
  endfacet
  facet normal 0.645838 -0.763475 0
    outer loop
      vertex 3.47273 3.7347 6
      vertex 3.50875 3.76517 6.5
      vertex 3.47273 3.7347 6.5
    endloop
  endfacet
  facet normal 0.645838 -0.763475 0
    outer loop
      vertex 3.50875 3.76517 6.5
      vertex 3.47273 3.7347 6
      vertex 3.50875 3.76517 6
    endloop
  endfacet
  facet normal 0.650884 -0.759177 0
    outer loop
      vertex 3.50875 3.76517 6
      vertex 3.54261 3.7942 6.5
      vertex 3.50875 3.76517 6.5
    endloop
  endfacet
  facet normal 0.650884 -0.759177 0
    outer loop
      vertex 3.54261 3.7942 6.5
      vertex 3.50875 3.76517 6
      vertex 3.54261 3.7942 6
    endloop
  endfacet
  facet normal 0.65692 -0.75396 0
    outer loop
      vertex 3.54261 3.7942 6
      vertex 3.57431 3.82182 6.5
      vertex 3.54261 3.7942 6.5
    endloop
  endfacet
  facet normal 0.65692 -0.75396 0
    outer loop
      vertex 3.57431 3.82182 6.5
      vertex 3.54261 3.7942 6
      vertex 3.57431 3.82182 6
    endloop
  endfacet
  facet normal 0.663656 -0.748038 0
    outer loop
      vertex 3.57431 3.82182 6
      vertex 3.60383 3.84801 6.5
      vertex 3.57431 3.82182 6.5
    endloop
  endfacet
  facet normal 0.663656 -0.748038 0
    outer loop
      vertex 3.60383 3.84801 6.5
      vertex 3.57431 3.82182 6
      vertex 3.60383 3.84801 6
    endloop
  endfacet
  facet normal 0.670998 -0.741459 0
    outer loop
      vertex 3.60383 3.84801 6
      vertex 3.63119 3.87277 6.5
      vertex 3.60383 3.84801 6.5
    endloop
  endfacet
  facet normal 0.670998 -0.741459 0
    outer loop
      vertex 3.63119 3.87277 6.5
      vertex 3.60383 3.84801 6
      vertex 3.63119 3.87277 6
    endloop
  endfacet
  facet normal 0.679501 -0.733675 0
    outer loop
      vertex 3.63119 3.87277 6
      vertex 3.65638 3.8961 6.5
      vertex 3.63119 3.87277 6.5
    endloop
  endfacet
  facet normal 0.679501 -0.733675 0
    outer loop
      vertex 3.65638 3.8961 6.5
      vertex 3.63119 3.87277 6
      vertex 3.65638 3.8961 6
    endloop
  endfacet
  facet normal 0.689105 -0.724662 0
    outer loop
      vertex 3.65638 3.8961 6
      vertex 3.67941 3.918 6.5
      vertex 3.65638 3.8961 6.5
    endloop
  endfacet
  facet normal 0.689105 -0.724662 0
    outer loop
      vertex 3.67941 3.918 6.5
      vertex 3.65638 3.8961 6
      vertex 3.67941 3.918 6
    endloop
  endfacet
  facet normal 0.700577 -0.713576 0
    outer loop
      vertex 3.67941 3.918 6
      vertex 3.70027 3.93848 6.5
      vertex 3.67941 3.918 6.5
    endloop
  endfacet
  facet normal 0.700577 -0.713576 0
    outer loop
      vertex 3.70027 3.93848 6.5
      vertex 3.67941 3.918 6
      vertex 3.70027 3.93848 6
    endloop
  endfacet
  facet normal 0.713636 -0.700517 0
    outer loop
      vertex 3.70027 3.93848 6.5
      vertex 3.71896 3.95752 6
      vertex 3.71896 3.95752 6.5
    endloop
  endfacet
  facet normal 0.713636 -0.700517 0
    outer loop
      vertex 3.71896 3.95752 6
      vertex 3.70027 3.93848 6.5
      vertex 3.70027 3.93848 6
    endloop
  endfacet
  facet normal 0.729524 -0.683955 0
    outer loop
      vertex 3.71896 3.95752 6.5
      vertex 3.73547 3.97513 6
      vertex 3.73547 3.97513 6.5
    endloop
  endfacet
  facet normal 0.729524 -0.683955 0
    outer loop
      vertex 3.73547 3.97513 6
      vertex 3.71896 3.95752 6.5
      vertex 3.71896 3.95752 6
    endloop
  endfacet
  facet normal 0.744607 -0.667503 0
    outer loop
      vertex 3.73547 3.97513 6.5
      vertex 3.75062 3.99203 6
      vertex 3.75062 3.99203 6.5
    endloop
  endfacet
  facet normal 0.744607 -0.667503 0
    outer loop
      vertex 3.75062 3.99203 6
      vertex 3.73547 3.97513 6.5
      vertex 3.73547 3.97513 6
    endloop
  endfacet
  facet normal 0.7578 -0.652487 0
    outer loop
      vertex 3.75062 3.99203 6.5
      vertex 3.76518 4.00894 6
      vertex 3.76518 4.00894 6.5
    endloop
  endfacet
  facet normal 0.7578 -0.652487 0
    outer loop
      vertex 3.76518 4.00894 6
      vertex 3.75062 3.99203 6.5
      vertex 3.75062 3.99203 6
    endloop
  endfacet
  facet normal 0.770348 -0.637624 0
    outer loop
      vertex 3.76518 4.00894 6.5
      vertex 3.77916 4.02583 6
      vertex 3.77916 4.02583 6.5
    endloop
  endfacet
  facet normal 0.770348 -0.637624 0
    outer loop
      vertex 3.77916 4.02583 6
      vertex 3.76518 4.00894 6.5
      vertex 3.76518 4.00894 6
    endloop
  endfacet
  facet normal 0.78398 -0.620786 0
    outer loop
      vertex 3.77916 4.02583 6.5
      vertex 3.79255 4.04274 6
      vertex 3.79255 4.04274 6.5
    endloop
  endfacet
  facet normal 0.78398 -0.620786 0
    outer loop
      vertex 3.79255 4.04274 6
      vertex 3.77916 4.02583 6.5
      vertex 3.77916 4.02583 6
    endloop
  endfacet
  facet normal 0.797106 -0.60384 0
    outer loop
      vertex 3.79255 4.04274 6.5
      vertex 3.80536 4.05965 6
      vertex 3.80536 4.05965 6.5
    endloop
  endfacet
  facet normal 0.797106 -0.60384 0
    outer loop
      vertex 3.80536 4.05965 6
      vertex 3.79255 4.04274 6.5
      vertex 3.79255 4.04274 6
    endloop
  endfacet
  facet normal 0.810186 -0.586173 0
    outer loop
      vertex 3.80536 4.05965 6.5
      vertex 3.81758 4.07654 6
      vertex 3.81758 4.07654 6.5
    endloop
  endfacet
  facet normal 0.810186 -0.586173 0
    outer loop
      vertex 3.81758 4.07654 6
      vertex 3.80536 4.05965 6.5
      vertex 3.80536 4.05965 6
    endloop
  endfacet
  facet normal 0.824013 -0.56657 0
    outer loop
      vertex 3.81758 4.07654 6.5
      vertex 3.8292 4.09344 6
      vertex 3.8292 4.09344 6.5
    endloop
  endfacet
  facet normal 0.824013 -0.56657 0
    outer loop
      vertex 3.8292 4.09344 6
      vertex 3.81758 4.07654 6.5
      vertex 3.81758 4.07654 6
    endloop
  endfacet
  facet normal 0.837118 -0.547023 0
    outer loop
      vertex 3.8292 4.09344 6.5
      vertex 3.84025 4.11035 6
      vertex 3.84025 4.11035 6.5
    endloop
  endfacet
  facet normal 0.837118 -0.547023 0
    outer loop
      vertex 3.84025 4.11035 6
      vertex 3.8292 4.09344 6.5
      vertex 3.8292 4.09344 6
    endloop
  endfacet
  facet normal 0.850394 -0.526147 0
    outer loop
      vertex 3.84025 4.11035 6.5
      vertex 3.8507 4.12724 6
      vertex 3.8507 4.12724 6.5
    endloop
  endfacet
  facet normal 0.850394 -0.526147 0
    outer loop
      vertex 3.8507 4.12724 6
      vertex 3.84025 4.11035 6.5
      vertex 3.84025 4.11035 6
    endloop
  endfacet
  facet normal 0.863204 -0.504855 0
    outer loop
      vertex 3.8507 4.12724 6.5
      vertex 3.86059 4.14415 6
      vertex 3.86059 4.14415 6.5
    endloop
  endfacet
  facet normal 0.863204 -0.504855 0
    outer loop
      vertex 3.86059 4.14415 6
      vertex 3.8507 4.12724 6.5
      vertex 3.8507 4.12724 6
    endloop
  endfacet
  facet normal 0.876664 -0.481103 0
    outer loop
      vertex 3.86059 4.14415 6.5
      vertex 3.86987 4.16106 6
      vertex 3.86987 4.16106 6.5
    endloop
  endfacet
  facet normal 0.876664 -0.481103 0
    outer loop
      vertex 3.86987 4.16106 6
      vertex 3.86059 4.14415 6.5
      vertex 3.86059 4.14415 6
    endloop
  endfacet
  facet normal 0.88878 -0.458335 0
    outer loop
      vertex 3.86987 4.16106 6.5
      vertex 3.87858 4.17795 6
      vertex 3.87858 4.17795 6.5
    endloop
  endfacet
  facet normal 0.88878 -0.458335 0
    outer loop
      vertex 3.87858 4.17795 6
      vertex 3.86987 4.16106 6.5
      vertex 3.86987 4.16106 6
    endloop
  endfacet
  facet normal 0.901357 -0.433078 0
    outer loop
      vertex 3.87858 4.17795 6.5
      vertex 3.8867 4.19485 6
      vertex 3.8867 4.19485 6.5
    endloop
  endfacet
  facet normal 0.901357 -0.433078 0
    outer loop
      vertex 3.8867 4.19485 6
      vertex 3.87858 4.17795 6.5
      vertex 3.87858 4.17795 6
    endloop
  endfacet
  facet normal 0.913722 -0.406339 0
    outer loop
      vertex 3.8867 4.19485 6.5
      vertex 3.89422 4.21176 6
      vertex 3.89422 4.21176 6.5
    endloop
  endfacet
  facet normal 0.913722 -0.406339 0
    outer loop
      vertex 3.89422 4.21176 6
      vertex 3.8867 4.19485 6.5
      vertex 3.8867 4.19485 6
    endloop
  endfacet
  facet normal 0.925773 -0.378079 0
    outer loop
      vertex 3.89422 4.21176 6.5
      vertex 3.90113 4.22868 6
      vertex 3.90113 4.22868 6.5
    endloop
  endfacet
  facet normal 0.925773 -0.378079 0
    outer loop
      vertex 3.90113 4.22868 6
      vertex 3.89422 4.21176 6.5
      vertex 3.89422 4.21176 6
    endloop
  endfacet
  facet normal 0.936556 -0.350517 0
    outer loop
      vertex 3.90113 4.22868 6.5
      vertex 3.90747 4.24562 6
      vertex 3.90747 4.24562 6.5
    endloop
  endfacet
  facet normal 0.936556 -0.350517 0
    outer loop
      vertex 3.90747 4.24562 6
      vertex 3.90113 4.22868 6.5
      vertex 3.90113 4.22868 6
    endloop
  endfacet
  facet normal 0.947955 -0.318405 0
    outer loop
      vertex 3.90747 4.24562 6.5
      vertex 3.91317 4.26259 6
      vertex 3.91317 4.26259 6.5
    endloop
  endfacet
  facet normal 0.947955 -0.318405 0
    outer loop
      vertex 3.91317 4.26259 6
      vertex 3.90747 4.24562 6.5
      vertex 3.90747 4.24562 6
    endloop
  endfacet
  facet normal 0.957219 -0.289365 0
    outer loop
      vertex 3.91317 4.26259 6.5
      vertex 3.9183 4.27956 6
      vertex 3.9183 4.27956 6.5
    endloop
  endfacet
  facet normal 0.957219 -0.289365 0
    outer loop
      vertex 3.9183 4.27956 6
      vertex 3.91317 4.26259 6.5
      vertex 3.91317 4.26259 6
    endloop
  endfacet
  facet normal 0.966668 -0.256033 0
    outer loop
      vertex 3.9183 4.27956 6.5
      vertex 3.9228 4.29655 6
      vertex 3.9228 4.29655 6.5
    endloop
  endfacet
  facet normal 0.966668 -0.256033 0
    outer loop
      vertex 3.9228 4.29655 6
      vertex 3.9183 4.27956 6.5
      vertex 3.9183 4.27956 6
    endloop
  endfacet
  facet normal 0.97443 -0.224692 0
    outer loop
      vertex 3.9228 4.29655 6.5
      vertex 3.92672 4.31355 6
      vertex 3.92672 4.31355 6.5
    endloop
  endfacet
  facet normal 0.97443 -0.224692 0
    outer loop
      vertex 3.92672 4.31355 6
      vertex 3.9228 4.29655 6.5
      vertex 3.9228 4.29655 6
    endloop
  endfacet
  facet normal 0.981609 -0.190901 0
    outer loop
      vertex 3.92672 4.31355 6.5
      vertex 3.93003 4.33057 6
      vertex 3.93003 4.33057 6.5
    endloop
  endfacet
  facet normal 0.981609 -0.190901 0
    outer loop
      vertex 3.93003 4.33057 6
      vertex 3.92672 4.31355 6.5
      vertex 3.92672 4.31355 6
    endloop
  endfacet
  facet normal 0.987588 -0.157064 0
    outer loop
      vertex 3.93003 4.33057 6.5
      vertex 3.93274 4.34761 6
      vertex 3.93274 4.34761 6.5
    endloop
  endfacet
  facet normal 0.987588 -0.157064 0
    outer loop
      vertex 3.93274 4.34761 6
      vertex 3.93003 4.33057 6.5
      vertex 3.93003 4.33057 6
    endloop
  endfacet
  facet normal 0.992491 -0.122314 0
    outer loop
      vertex 3.93274 4.34761 6.5
      vertex 3.93484 4.36465 6
      vertex 3.93484 4.36465 6.5
    endloop
  endfacet
  facet normal 0.992491 -0.122314 0
    outer loop
      vertex 3.93484 4.36465 6
      vertex 3.93274 4.34761 6.5
      vertex 3.93274 4.34761 6
    endloop
  endfacet
  facet normal 0.996115 -0.088064 0
    outer loop
      vertex 3.93484 4.36465 6.5
      vertex 3.93635 4.38173 6
      vertex 3.93635 4.38173 6.5
    endloop
  endfacet
  facet normal 0.996115 -0.088064 0
    outer loop
      vertex 3.93635 4.38173 6
      vertex 3.93484 4.36465 6.5
      vertex 3.93484 4.36465 6
    endloop
  endfacet
  facet normal 0.998616 -0.0525895 0
    outer loop
      vertex 3.93635 4.38173 6.5
      vertex 3.93725 4.39882 6
      vertex 3.93725 4.39882 6.5
    endloop
  endfacet
  facet normal 0.998616 -0.0525895 0
    outer loop
      vertex 3.93725 4.39882 6
      vertex 3.93635 4.38173 6.5
      vertex 3.93635 4.38173 6
    endloop
  endfacet
  facet normal 0.999836 -0.0181363 0
    outer loop
      vertex 3.93725 4.39882 6.5
      vertex 3.93756 4.41591 6
      vertex 3.93756 4.41591 6.5
    endloop
  endfacet
  facet normal 0.999836 -0.0181363 0
    outer loop
      vertex 3.93756 4.41591 6
      vertex 3.93725 4.39882 6.5
      vertex 3.93725 4.39882 6
    endloop
  endfacet
  facet normal 0.999706 0.0242481 0
    outer loop
      vertex 3.93756 4.41591 6.5
      vertex 3.93664 4.45384 6
      vertex 3.93664 4.45384 6.5
    endloop
  endfacet
  facet normal 0.999706 0.0242481 0
    outer loop
      vertex 3.93664 4.45384 6
      vertex 3.93756 4.41591 6.5
      vertex 3.93756 4.41591 6
    endloop
  endfacet
  facet normal 0.997163 0.0752781 0
    outer loop
      vertex 3.93664 4.45384 6.5
      vertex 3.93388 4.4904 6
      vertex 3.93388 4.4904 6.5
    endloop
  endfacet
  facet normal 0.997163 0.0752781 0
    outer loop
      vertex 3.93388 4.4904 6
      vertex 3.93664 4.45384 6.5
      vertex 3.93664 4.45384 6
    endloop
  endfacet
  facet normal 0.991615 0.129231 0
    outer loop
      vertex 3.93388 4.4904 6.5
      vertex 3.92929 4.52562 6
      vertex 3.92929 4.52562 6.5
    endloop
  endfacet
  facet normal 0.991615 0.129231 0
    outer loop
      vertex 3.92929 4.52562 6
      vertex 3.93388 4.4904 6.5
      vertex 3.93388 4.4904 6
    endloop
  endfacet
  facet normal 0.982389 0.186845 0
    outer loop
      vertex 3.92929 4.52562 6.5
      vertex 3.92285 4.55948 6
      vertex 3.92285 4.55948 6.5
    endloop
  endfacet
  facet normal 0.982389 0.186845 0
    outer loop
      vertex 3.92285 4.55948 6
      vertex 3.92929 4.52562 6.5
      vertex 3.92929 4.52562 6
    endloop
  endfacet
  facet normal 0.96908 0.246746 0
    outer loop
      vertex 3.92285 4.55948 6.5
      vertex 3.91458 4.59196 6
      vertex 3.91458 4.59196 6.5
    endloop
  endfacet
  facet normal 0.96908 0.246746 0
    outer loop
      vertex 3.91458 4.59196 6
      vertex 3.92285 4.55948 6.5
      vertex 3.92285 4.55948 6
    endloop
  endfacet
  facet normal 0.951247 0.30843 0
    outer loop
      vertex 3.91458 4.59196 6.5
      vertex 3.90448 4.62311 6
      vertex 3.90448 4.62311 6.5
    endloop
  endfacet
  facet normal 0.951247 0.30843 0
    outer loop
      vertex 3.90448 4.62311 6
      vertex 3.91458 4.59196 6.5
      vertex 3.91458 4.59196 6
    endloop
  endfacet
  facet normal 0.928154 0.372196 0
    outer loop
      vertex 3.90448 4.62311 6.5
      vertex 3.89253 4.65291 6
      vertex 3.89253 4.65291 6.5
    endloop
  endfacet
  facet normal 0.928154 0.372196 0
    outer loop
      vertex 3.89253 4.65291 6
      vertex 3.90448 4.62311 6.5
      vertex 3.90448 4.62311 6
    endloop
  endfacet
  facet normal 0.899867 0.436165 0
    outer loop
      vertex 3.89253 4.65291 6.5
      vertex 3.87875 4.68134 6
      vertex 3.87875 4.68134 6.5
    endloop
  endfacet
  facet normal 0.899867 0.436165 0
    outer loop
      vertex 3.87875 4.68134 6
      vertex 3.89253 4.65291 6.5
      vertex 3.89253 4.65291 6
    endloop
  endfacet
  facet normal 0.86593 0.500166 0
    outer loop
      vertex 3.87875 4.68134 6.5
      vertex 3.86312 4.7084 6
      vertex 3.86312 4.7084 6.5
    endloop
  endfacet
  facet normal 0.86593 0.500166 0
    outer loop
      vertex 3.86312 4.7084 6
      vertex 3.87875 4.68134 6.5
      vertex 3.87875 4.68134 6
    endloop
  endfacet
  facet normal 0.827518 0.561438 0
    outer loop
      vertex 3.86312 4.7084 6.5
      vertex 3.84567 4.73412 6
      vertex 3.84567 4.73412 6.5
    endloop
  endfacet
  facet normal 0.827518 0.561438 0
    outer loop
      vertex 3.84567 4.73412 6
      vertex 3.86312 4.7084 6.5
      vertex 3.86312 4.7084 6
    endloop
  endfacet
  facet normal 0.783811 0.621 0
    outer loop
      vertex 3.84567 4.73412 6.5
      vertex 3.82637 4.75848 6
      vertex 3.82637 4.75848 6.5
    endloop
  endfacet
  facet normal 0.783811 0.621 0
    outer loop
      vertex 3.82637 4.75848 6
      vertex 3.84567 4.73412 6.5
      vertex 3.84567 4.73412 6
    endloop
  endfacet
  facet normal 0.73625 0.67671 0
    outer loop
      vertex 3.82637 4.75848 6.5
      vertex 3.80523 4.78148 6
      vertex 3.80523 4.78148 6.5
    endloop
  endfacet
  facet normal 0.73625 0.67671 0
    outer loop
      vertex 3.80523 4.78148 6
      vertex 3.82637 4.75848 6.5
      vertex 3.82637 4.75848 6
    endloop
  endfacet
  facet normal 0.68573 0.727856 -0
    outer loop
      vertex 3.80523 4.78148 6
      vertex 3.78225 4.80313 6.5
      vertex 3.80523 4.78148 6.5
    endloop
  endfacet
  facet normal 0.68573 0.727856 0
    outer loop
      vertex 3.78225 4.80313 6.5
      vertex 3.80523 4.78148 6
      vertex 3.78225 4.80313 6
    endloop
  endfacet
  facet normal 0.632776 0.774335 -0
    outer loop
      vertex 3.78225 4.80313 6
      vertex 3.75758 4.82329 6.5
      vertex 3.78225 4.80313 6.5
    endloop
  endfacet
  facet normal 0.632776 0.774335 0
    outer loop
      vertex 3.75758 4.82329 6.5
      vertex 3.78225 4.80313 6
      vertex 3.75758 4.82329 6
    endloop
  endfacet
  facet normal 0.576964 0.81677 -0
    outer loop
      vertex 3.75758 4.82329 6
      vertex 3.73132 4.84184 6.5
      vertex 3.75758 4.82329 6.5
    endloop
  endfacet
  facet normal 0.576964 0.81677 0
    outer loop
      vertex 3.73132 4.84184 6.5
      vertex 3.75758 4.82329 6
      vertex 3.73132 4.84184 6
    endloop
  endfacet
  facet normal 0.519674 0.854364 -0
    outer loop
      vertex 3.73132 4.84184 6
      vertex 3.70347 4.85878 6.5
      vertex 3.73132 4.84184 6.5
    endloop
  endfacet
  facet normal 0.519674 0.854364 0
    outer loop
      vertex 3.70347 4.85878 6.5
      vertex 3.73132 4.84184 6
      vertex 3.70347 4.85878 6
    endloop
  endfacet
  facet normal 0.461865 0.88695 -0
    outer loop
      vertex 3.70347 4.85878 6
      vertex 3.67405 4.8741 6.5
      vertex 3.70347 4.85878 6.5
    endloop
  endfacet
  facet normal 0.461865 0.88695 0
    outer loop
      vertex 3.67405 4.8741 6.5
      vertex 3.70347 4.85878 6
      vertex 3.67405 4.8741 6
    endloop
  endfacet
  facet normal 0.404715 0.914443 -0
    outer loop
      vertex 3.67405 4.8741 6
      vertex 3.64305 4.88782 6.5
      vertex 3.67405 4.8741 6.5
    endloop
  endfacet
  facet normal 0.404715 0.914443 0
    outer loop
      vertex 3.64305 4.88782 6.5
      vertex 3.67405 4.8741 6
      vertex 3.64305 4.88782 6
    endloop
  endfacet
  facet normal 0.34797 0.937506 -0
    outer loop
      vertex 3.64305 4.88782 6
      vertex 3.61045 4.89992 6.5
      vertex 3.64305 4.88782 6.5
    endloop
  endfacet
  facet normal 0.34797 0.937506 0
    outer loop
      vertex 3.61045 4.89992 6.5
      vertex 3.64305 4.88782 6
      vertex 3.61045 4.89992 6
    endloop
  endfacet
  facet normal 0.293299 0.956021 -0
    outer loop
      vertex 3.61045 4.89992 6
      vertex 3.57629 4.9104 6.5
      vertex 3.61045 4.89992 6.5
    endloop
  endfacet
  facet normal 0.293299 0.956021 0
    outer loop
      vertex 3.57629 4.9104 6.5
      vertex 3.61045 4.89992 6
      vertex 3.57629 4.9104 6
    endloop
  endfacet
  facet normal 0.240874 0.970556 -0
    outer loop
      vertex 3.57629 4.9104 6
      vertex 3.54055 4.91927 6.5
      vertex 3.57629 4.9104 6.5
    endloop
  endfacet
  facet normal 0.240874 0.970556 0
    outer loop
      vertex 3.54055 4.91927 6.5
      vertex 3.57629 4.9104 6
      vertex 3.54055 4.91927 6
    endloop
  endfacet
  facet normal 0.190905 0.981609 -0
    outer loop
      vertex 3.54055 4.91927 6
      vertex 3.50322 4.92653 6.5
      vertex 3.54055 4.91927 6.5
    endloop
  endfacet
  facet normal 0.190905 0.981609 0
    outer loop
      vertex 3.50322 4.92653 6.5
      vertex 3.54055 4.91927 6
      vertex 3.50322 4.92653 6
    endloop
  endfacet
  facet normal 0.143451 0.989657 -0
    outer loop
      vertex 3.50322 4.92653 6
      vertex 3.46431 4.93217 6.5
      vertex 3.50322 4.92653 6.5
    endloop
  endfacet
  facet normal 0.143451 0.989657 0
    outer loop
      vertex 3.46431 4.93217 6.5
      vertex 3.50322 4.92653 6
      vertex 3.46431 4.93217 6
    endloop
  endfacet
  facet normal 0.0990414 0.995083 -0
    outer loop
      vertex 3.46431 4.93217 6
      vertex 3.42382 4.9362 6.5
      vertex 3.46431 4.93217 6.5
    endloop
  endfacet
  facet normal 0.0990414 0.995083 0
    outer loop
      vertex 3.42382 4.9362 6.5
      vertex 3.46431 4.93217 6
      vertex 3.42382 4.9362 6
    endloop
  endfacet
  facet normal 0.0576784 0.998335 -0
    outer loop
      vertex 3.42382 4.9362 6
      vertex 3.38176 4.93863 6.5
      vertex 3.42382 4.9362 6.5
    endloop
  endfacet
  facet normal 0.0576784 0.998335 0
    outer loop
      vertex 3.38176 4.93863 6.5
      vertex 3.42382 4.9362 6
      vertex 3.38176 4.93863 6
    endloop
  endfacet
  facet normal 0.0185493 0.999828 -0
    outer loop
      vertex 3.38176 4.93863 6
      vertex 3.3381 4.93944 6.5
      vertex 3.38176 4.93863 6.5
    endloop
  endfacet
  facet normal 0.0185493 0.999828 0
    outer loop
      vertex 3.3381 4.93944 6.5
      vertex 3.38176 4.93863 6
      vertex 3.3381 4.93944 6
    endloop
  endfacet
  facet normal -0.0202864 0.999794 0
    outer loop
      vertex 3.3381 4.93944 6
      vertex 3.29818 4.93863 6.5
      vertex 3.3381 4.93944 6.5
    endloop
  endfacet
  facet normal -0.0202864 0.999794 0
    outer loop
      vertex 3.29818 4.93863 6.5
      vertex 3.3381 4.93944 6
      vertex 3.29818 4.93863 6
    endloop
  endfacet
  facet normal -0.0620258 0.998075 0
    outer loop
      vertex 3.29818 4.93863 6
      vertex 3.2594 4.93622 6.5
      vertex 3.29818 4.93863 6.5
    endloop
  endfacet
  facet normal -0.0620258 0.998075 0
    outer loop
      vertex 3.2594 4.93622 6.5
      vertex 3.29818 4.93863 6
      vertex 3.2594 4.93622 6
    endloop
  endfacet
  facet normal -0.105908 0.994376 0
    outer loop
      vertex 3.2594 4.93622 6
      vertex 3.22175 4.93221 6.5
      vertex 3.2594 4.93622 6.5
    endloop
  endfacet
  facet normal -0.105908 0.994376 0
    outer loop
      vertex 3.22175 4.93221 6.5
      vertex 3.2594 4.93622 6
      vertex 3.22175 4.93221 6
    endloop
  endfacet
  facet normal -0.152057 0.988372 0
    outer loop
      vertex 3.22175 4.93221 6
      vertex 3.18522 4.92659 6.5
      vertex 3.22175 4.93221 6.5
    endloop
  endfacet
  facet normal -0.152057 0.988372 0
    outer loop
      vertex 3.18522 4.92659 6.5
      vertex 3.22175 4.93221 6
      vertex 3.18522 4.92659 6
    endloop
  endfacet
  facet normal -0.199949 0.979806 0
    outer loop
      vertex 3.18522 4.92659 6
      vertex 3.14984 4.91937 6.5
      vertex 3.18522 4.92659 6.5
    endloop
  endfacet
  facet normal -0.199949 0.979806 0
    outer loop
      vertex 3.14984 4.91937 6.5
      vertex 3.18522 4.92659 6
      vertex 3.14984 4.91937 6
    endloop
  endfacet
  facet normal -0.249579 0.968354 0
    outer loop
      vertex 3.14984 4.91937 6
      vertex 3.11558 4.91054 6.5
      vertex 3.14984 4.91937 6.5
    endloop
  endfacet
  facet normal -0.249579 0.968354 0
    outer loop
      vertex 3.11558 4.91054 6.5
      vertex 3.14984 4.91937 6
      vertex 3.11558 4.91054 6
    endloop
  endfacet
  facet normal -0.300553 0.953765 0
    outer loop
      vertex 3.11558 4.91054 6
      vertex 3.08245 4.9001 6.5
      vertex 3.11558 4.91054 6.5
    endloop
  endfacet
  facet normal -0.300553 0.953765 0
    outer loop
      vertex 3.08245 4.9001 6.5
      vertex 3.11558 4.91054 6
      vertex 3.08245 4.9001 6
    endloop
  endfacet
  facet normal -0.352342 0.935871 0
    outer loop
      vertex 3.08245 4.9001 6
      vertex 3.05047 4.88806 6.5
      vertex 3.08245 4.9001 6.5
    endloop
  endfacet
  facet normal -0.352342 0.935871 0
    outer loop
      vertex 3.05047 4.88806 6.5
      vertex 3.08245 4.9001 6
      vertex 3.05047 4.88806 6
    endloop
  endfacet
  facet normal -0.404158 0.914689 0
    outer loop
      vertex 3.05047 4.88806 6
      vertex 3.0196 4.87442 6.5
      vertex 3.05047 4.88806 6.5
    endloop
  endfacet
  facet normal -0.404158 0.914689 0
    outer loop
      vertex 3.0196 4.87442 6.5
      vertex 3.05047 4.88806 6
      vertex 3.0196 4.87442 6
    endloop
  endfacet
  facet normal -0.456292 0.88983 0
    outer loop
      vertex 3.0196 4.87442 6
      vertex 2.98988 4.85918 6.5
      vertex 3.0196 4.87442 6.5
    endloop
  endfacet
  facet normal -0.456292 0.88983 0
    outer loop
      vertex 2.98988 4.85918 6.5
      vertex 3.0196 4.87442 6
      vertex 2.98988 4.85918 6
    endloop
  endfacet
  facet normal -0.507836 0.861454 0
    outer loop
      vertex 2.98988 4.85918 6
      vertex 2.96128 4.84232 6.5
      vertex 2.98988 4.85918 6.5
    endloop
  endfacet
  facet normal -0.507836 0.861454 0
    outer loop
      vertex 2.96128 4.84232 6.5
      vertex 2.98988 4.85918 6
      vertex 2.96128 4.84232 6
    endloop
  endfacet
  facet normal -0.557833 0.829953 0
    outer loop
      vertex 2.96128 4.84232 6
      vertex 2.9338 4.82385 6.5
      vertex 2.96128 4.84232 6.5
    endloop
  endfacet
  facet normal -0.557833 0.829953 0
    outer loop
      vertex 2.9338 4.82385 6.5
      vertex 2.96128 4.84232 6
      vertex 2.9338 4.82385 6
    endloop
  endfacet
  facet normal -0.606171 0.795335 0
    outer loop
      vertex 2.9338 4.82385 6
      vertex 2.90748 4.80379 6.5
      vertex 2.9338 4.82385 6.5
    endloop
  endfacet
  facet normal -0.606171 0.795335 0
    outer loop
      vertex 2.90748 4.80379 6.5
      vertex 2.9338 4.82385 6
      vertex 2.90748 4.80379 6
    endloop
  endfacet
  facet normal -0.651217 0.758891 0
    outer loop
      vertex 2.90748 4.80379 6
      vertex 2.88253 4.78238 6.5
      vertex 2.90748 4.80379 6.5
    endloop
  endfacet
  facet normal -0.651217 0.758891 0
    outer loop
      vertex 2.88253 4.78238 6.5
      vertex 2.90748 4.80379 6
      vertex 2.88253 4.78238 6
    endloop
  endfacet
  facet normal -0.69575 0.718284 0
    outer loop
      vertex 2.88253 4.78238 6
      vertex 2.85926 4.75984 6.5
      vertex 2.88253 4.78238 6.5
    endloop
  endfacet
  facet normal -0.69575 0.718284 0
    outer loop
      vertex 2.85926 4.75984 6.5
      vertex 2.88253 4.78238 6
      vertex 2.85926 4.75984 6
    endloop
  endfacet
  facet normal -0.737647 0.675187 0
    outer loop
      vertex 2.83764 4.73622 6
      vertex 2.85926 4.75984 6.5
      vertex 2.85926 4.75984 6
    endloop
  endfacet
  facet normal -0.737647 0.675187 0
    outer loop
      vertex 2.85926 4.75984 6.5
      vertex 2.83764 4.73622 6
      vertex 2.83764 4.73622 6.5
    endloop
  endfacet
  facet normal -0.778408 0.627759 0
    outer loop
      vertex 2.81768 4.71147 6
      vertex 2.83764 4.73622 6.5
      vertex 2.83764 4.73622 6
    endloop
  endfacet
  facet normal -0.778408 0.627759 0
    outer loop
      vertex 2.83764 4.73622 6.5
      vertex 2.81768 4.71147 6
      vertex 2.81768 4.71147 6.5
    endloop
  endfacet
  facet normal -0.816328 0.577588 0
    outer loop
      vertex 2.79939 4.68562 6
      vertex 2.81768 4.71147 6.5
      vertex 2.81768 4.71147 6
    endloop
  endfacet
  facet normal -0.816328 0.577588 0
    outer loop
      vertex 2.81768 4.71147 6.5
      vertex 2.79939 4.68562 6
      vertex 2.79939 4.68562 6.5
    endloop
  endfacet
  facet normal -0.850931 0.525278 0
    outer loop
      vertex 2.78276 4.65868 6
      vertex 2.79939 4.68562 6.5
      vertex 2.79939 4.68562 6
    endloop
  endfacet
  facet normal -0.850931 0.525278 0
    outer loop
      vertex 2.79939 4.68562 6.5
      vertex 2.78276 4.65868 6
      vertex 2.78276 4.65868 6.5
    endloop
  endfacet
  facet normal -0.882431 0.470441 0
    outer loop
      vertex 2.76779 4.6306 6
      vertex 2.78276 4.65868 6.5
      vertex 2.78276 4.65868 6
    endloop
  endfacet
  facet normal -0.882431 0.470441 0
    outer loop
      vertex 2.78276 4.65868 6.5
      vertex 2.76779 4.6306 6
      vertex 2.76779 4.6306 6.5
    endloop
  endfacet
  facet normal -0.909714 0.415236 0
    outer loop
      vertex 2.75448 4.60144 6
      vertex 2.76779 4.6306 6.5
      vertex 2.76779 4.6306 6
    endloop
  endfacet
  facet normal -0.909714 0.415236 0
    outer loop
      vertex 2.76779 4.6306 6.5
      vertex 2.75448 4.60144 6
      vertex 2.75448 4.60144 6.5
    endloop
  endfacet
  facet normal -0.933449 0.358711 0
    outer loop
      vertex 2.74284 4.57115 6
      vertex 2.75448 4.60144 6.5
      vertex 2.75448 4.60144 6
    endloop
  endfacet
  facet normal -0.933449 0.358711 0
    outer loop
      vertex 2.75448 4.60144 6.5
      vertex 2.74284 4.57115 6
      vertex 2.74284 4.57115 6.5
    endloop
  endfacet
  facet normal -0.95285 0.303442 0
    outer loop
      vertex 2.73285 4.53978 6
      vertex 2.74284 4.57115 6.5
      vertex 2.74284 4.57115 6
    endloop
  endfacet
  facet normal -0.95285 0.303442 0
    outer loop
      vertex 2.74284 4.57115 6.5
      vertex 2.73285 4.53978 6
      vertex 2.73285 4.53978 6.5
    endloop
  endfacet
  facet normal -0.968759 0.248002 0
    outer loop
      vertex 2.72453 4.50728 6
      vertex 2.73285 4.53978 6.5
      vertex 2.73285 4.53978 6
    endloop
  endfacet
  facet normal -0.968759 0.248002 0
    outer loop
      vertex 2.73285 4.53978 6.5
      vertex 2.72453 4.50728 6
      vertex 2.72453 4.50728 6.5
    endloop
  endfacet
  facet normal -0.98086 0.194712 0
    outer loop
      vertex 2.71786 4.47368 6
      vertex 2.72453 4.50728 6.5
      vertex 2.72453 4.50728 6
    endloop
  endfacet
  facet normal -0.98086 0.194712 0
    outer loop
      vertex 2.72453 4.50728 6.5
      vertex 2.71786 4.47368 6
      vertex 2.71786 4.47368 6.5
    endloop
  endfacet
  facet normal -0.989789 0.142539 0
    outer loop
      vertex 2.71286 4.43896 6
      vertex 2.71786 4.47368 6.5
      vertex 2.71786 4.47368 6
    endloop
  endfacet
  facet normal -0.989789 0.142539 0
    outer loop
      vertex 2.71786 4.47368 6.5
      vertex 2.71286 4.43896 6
      vertex 2.71286 4.43896 6.5
    endloop
  endfacet
  facet normal -0.0919748 -0.995761 0
    outer loop
      vertex 2.71286 4.43896 6
      vertex 2.96241 4.41591 6.5
      vertex 2.71286 4.43896 6.5
    endloop
  endfacet
  facet normal -0.0919748 -0.995761 -0
    outer loop
      vertex 2.96241 4.41591 6.5
      vertex 2.71286 4.43896 6
      vertex 2.96241 4.41591 6
    endloop
  endfacet
  facet normal 0.990547 -0.137172 0
    outer loop
      vertex 2.96241 4.41591 6.5
      vertex 2.96562 4.43909 6
      vertex 2.96562 4.43909 6.5
    endloop
  endfacet
  facet normal 0.990547 -0.137172 0
    outer loop
      vertex 2.96562 4.43909 6
      vertex 2.96241 4.41591 6.5
      vertex 2.96241 4.41591 6
    endloop
  endfacet
  facet normal 0.982877 -0.184262 0
    outer loop
      vertex 2.96562 4.43909 6.5
      vertex 2.96981 4.46144 6
      vertex 2.96981 4.46144 6.5
    endloop
  endfacet
  facet normal 0.982877 -0.184262 0
    outer loop
      vertex 2.96981 4.46144 6
      vertex 2.96562 4.43909 6.5
      vertex 2.96562 4.43909 6
    endloop
  endfacet
  facet normal 0.97233 -0.233612 0
    outer loop
      vertex 2.96981 4.46144 6.5
      vertex 2.97499 4.483 6
      vertex 2.97499 4.483 6.5
    endloop
  endfacet
  facet normal 0.97233 -0.233612 0
    outer loop
      vertex 2.97499 4.483 6
      vertex 2.96981 4.46144 6.5
      vertex 2.96981 4.46144 6
    endloop
  endfacet
  facet normal 0.958611 -0.284718 0
    outer loop
      vertex 2.97499 4.483 6.5
      vertex 2.98115 4.50374 6
      vertex 2.98115 4.50374 6.5
    endloop
  endfacet
  facet normal 0.958611 -0.284718 0
    outer loop
      vertex 2.98115 4.50374 6
      vertex 2.97499 4.483 6.5
      vertex 2.97499 4.483 6
    endloop
  endfacet
  facet normal 0.94111 -0.338101 0
    outer loop
      vertex 2.98115 4.50374 6.5
      vertex 2.98831 4.52367 6
      vertex 2.98831 4.52367 6.5
    endloop
  endfacet
  facet normal 0.94111 -0.338101 0
    outer loop
      vertex 2.98831 4.52367 6
      vertex 2.98115 4.50374 6.5
      vertex 2.98115 4.50374 6
    endloop
  endfacet
  facet normal 0.919915 -0.392118 0
    outer loop
      vertex 2.98831 4.52367 6.5
      vertex 2.99646 4.54279 6
      vertex 2.99646 4.54279 6.5
    endloop
  endfacet
  facet normal 0.919915 -0.392118 0
    outer loop
      vertex 2.99646 4.54279 6
      vertex 2.98831 4.52367 6.5
      vertex 2.98831 4.52367 6
    endloop
  endfacet
  facet normal 0.895111 -0.445844 0
    outer loop
      vertex 2.99646 4.54279 6.5
      vertex 3.00558 4.5611 6
      vertex 3.00558 4.5611 6.5
    endloop
  endfacet
  facet normal 0.895111 -0.445844 0
    outer loop
      vertex 3.00558 4.5611 6
      vertex 2.99646 4.54279 6.5
      vertex 2.99646 4.54279 6
    endloop
  endfacet
  facet normal 0.865675 -0.500607 0
    outer loop
      vertex 3.00558 4.5611 6.5
      vertex 3.0157 4.5786 6
      vertex 3.0157 4.5786 6.5
    endloop
  endfacet
  facet normal 0.865675 -0.500607 0
    outer loop
      vertex 3.0157 4.5786 6
      vertex 3.00558 4.5611 6.5
      vertex 3.00558 4.5611 6
    endloop
  endfacet
  facet normal 0.832894 -0.553433 0
    outer loop
      vertex 3.0157 4.5786 6.5
      vertex 3.02679 4.59529 6
      vertex 3.02679 4.59529 6.5
    endloop
  endfacet
  facet normal 0.832894 -0.553433 0
    outer loop
      vertex 3.02679 4.59529 6
      vertex 3.0157 4.5786 6.5
      vertex 3.0157 4.5786 6
    endloop
  endfacet
  facet normal 0.795225 -0.606315 0
    outer loop
      vertex 3.02679 4.59529 6.5
      vertex 3.03889 4.61116 6
      vertex 3.03889 4.61116 6.5
    endloop
  endfacet
  facet normal 0.795225 -0.606315 0
    outer loop
      vertex 3.03889 4.61116 6
      vertex 3.02679 4.59529 6.5
      vertex 3.02679 4.59529 6
    endloop
  endfacet
  facet normal 0.755425 -0.655236 0
    outer loop
      vertex 3.03889 4.61116 6.5
      vertex 3.05197 4.62624 6
      vertex 3.05197 4.62624 6.5
    endloop
  endfacet
  facet normal 0.755425 -0.655236 0
    outer loop
      vertex 3.05197 4.62624 6
      vertex 3.03889 4.61116 6.5
      vertex 3.03889 4.61116 6
    endloop
  endfacet
  facet normal 0.712086 -0.702092 0
    outer loop
      vertex 3.05197 4.62624 6.5
      vertex 3.06602 4.64049 6
      vertex 3.06602 4.64049 6.5
    endloop
  endfacet
  facet normal 0.712086 -0.702092 0
    outer loop
      vertex 3.06602 4.64049 6
      vertex 3.05197 4.62624 6.5
      vertex 3.05197 4.62624 6
    endloop
  endfacet
  facet normal 0.665839 -0.746096 0
    outer loop
      vertex 3.06602 4.64049 6
      vertex 3.08108 4.65393 6.5
      vertex 3.06602 4.64049 6.5
    endloop
  endfacet
  facet normal 0.665839 -0.746096 0
    outer loop
      vertex 3.08108 4.65393 6.5
      vertex 3.06602 4.64049 6
      vertex 3.08108 4.65393 6
    endloop
  endfacet
  facet normal 0.619981 -0.784617 0
    outer loop
      vertex 3.08108 4.65393 6
      vertex 3.09695 4.66647 6.5
      vertex 3.08108 4.65393 6.5
    endloop
  endfacet
  facet normal 0.619981 -0.784617 0
    outer loop
      vertex 3.09695 4.66647 6.5
      vertex 3.08108 4.65393 6
      vertex 3.09695 4.66647 6
    endloop
  endfacet
  facet normal 0.572896 -0.819628 0
    outer loop
      vertex 3.09695 4.66647 6
      vertex 3.11346 4.67801 6.5
      vertex 3.09695 4.66647 6.5
    endloop
  endfacet
  facet normal 0.572896 -0.819628 0
    outer loop
      vertex 3.11346 4.67801 6.5
      vertex 3.09695 4.66647 6
      vertex 3.11346 4.67801 6
    endloop
  endfacet
  facet normal 0.522934 -0.852373 0
    outer loop
      vertex 3.11346 4.67801 6
      vertex 3.13064 4.68855 6.5
      vertex 3.11346 4.67801 6.5
    endloop
  endfacet
  facet normal 0.522934 -0.852373 0
    outer loop
      vertex 3.13064 4.68855 6.5
      vertex 3.11346 4.67801 6
      vertex 3.13064 4.68855 6
    endloop
  endfacet
  facet normal 0.47141 -0.881914 0
    outer loop
      vertex 3.13064 4.68855 6
      vertex 3.14845 4.69807 6.5
      vertex 3.13064 4.68855 6.5
    endloop
  endfacet
  facet normal 0.47141 -0.881914 0
    outer loop
      vertex 3.14845 4.69807 6.5
      vertex 3.13064 4.68855 6
      vertex 3.14845 4.69807 6
    endloop
  endfacet
  facet normal 0.419089 -0.907945 0
    outer loop
      vertex 3.14845 4.69807 6
      vertex 3.16693 4.7066 6.5
      vertex 3.14845 4.69807 6.5
    endloop
  endfacet
  facet normal 0.419089 -0.907945 0
    outer loop
      vertex 3.16693 4.7066 6.5
      vertex 3.14845 4.69807 6
      vertex 3.16693 4.7066 6
    endloop
  endfacet
  facet normal 0.366435 -0.930444 0
    outer loop
      vertex 3.16693 4.7066 6
      vertex 3.18605 4.71413 6.5
      vertex 3.16693 4.7066 6.5
    endloop
  endfacet
  facet normal 0.366435 -0.930444 0
    outer loop
      vertex 3.18605 4.71413 6.5
      vertex 3.16693 4.7066 6
      vertex 3.18605 4.71413 6
    endloop
  endfacet
  facet normal 0.313633 -0.949544 0
    outer loop
      vertex 3.18605 4.71413 6
      vertex 3.20582 4.72066 6.5
      vertex 3.18605 4.71413 6.5
    endloop
  endfacet
  facet normal 0.313633 -0.949544 0
    outer loop
      vertex 3.20582 4.72066 6.5
      vertex 3.18605 4.71413 6
      vertex 3.20582 4.72066 6
    endloop
  endfacet
  facet normal 0.260516 -0.96547 0
    outer loop
      vertex 3.20582 4.72066 6
      vertex 3.22624 4.72617 6.5
      vertex 3.20582 4.72066 6.5
    endloop
  endfacet
  facet normal 0.260516 -0.96547 0
    outer loop
      vertex 3.22624 4.72617 6.5
      vertex 3.20582 4.72066 6
      vertex 3.22624 4.72617 6
    endloop
  endfacet
  facet normal 0.209307 -0.97785 0
    outer loop
      vertex 3.22624 4.72617 6
      vertex 3.24731 4.73068 6.5
      vertex 3.22624 4.72617 6.5
    endloop
  endfacet
  facet normal 0.209307 -0.97785 0
    outer loop
      vertex 3.24731 4.73068 6.5
      vertex 3.22624 4.72617 6
      vertex 3.24731 4.73068 6
    endloop
  endfacet
  facet normal 0.159604 -0.987181 0
    outer loop
      vertex 3.24731 4.73068 6
      vertex 3.26902 4.73419 6.5
      vertex 3.24731 4.73068 6.5
    endloop
  endfacet
  facet normal 0.159604 -0.987181 0
    outer loop
      vertex 3.26902 4.73419 6.5
      vertex 3.24731 4.73068 6
      vertex 3.26902 4.73419 6
    endloop
  endfacet
  facet normal 0.111844 -0.993726 0
    outer loop
      vertex 3.26902 4.73419 6
      vertex 3.29141 4.73671 6.5
      vertex 3.26902 4.73419 6.5
    endloop
  endfacet
  facet normal 0.111844 -0.993726 0
    outer loop
      vertex 3.29141 4.73671 6.5
      vertex 3.26902 4.73419 6
      vertex 3.29141 4.73671 6
    endloop
  endfacet
  facet normal 0.0646191 -0.99791 0
    outer loop
      vertex 3.29141 4.73671 6
      vertex 3.31442 4.7382 6.5
      vertex 3.29141 4.73671 6.5
    endloop
  endfacet
  facet normal 0.0646191 -0.99791 0
    outer loop
      vertex 3.31442 4.7382 6.5
      vertex 3.29141 4.73671 6
      vertex 3.31442 4.7382 6
    endloop
  endfacet
  facet normal 0.0215322 -0.999768 0
    outer loop
      vertex 3.31442 4.7382 6
      vertex 3.3381 4.73871 6.5
      vertex 3.31442 4.7382 6.5
    endloop
  endfacet
  facet normal 0.0215322 -0.999768 0
    outer loop
      vertex 3.3381 4.73871 6.5
      vertex 3.31442 4.7382 6
      vertex 3.3381 4.73871 6
    endloop
  endfacet
  facet normal -0.0205519 -0.999789 0
    outer loop
      vertex 3.3381 4.73871 6
      vertex 3.36291 4.7382 6.5
      vertex 3.3381 4.73871 6.5
    endloop
  endfacet
  facet normal -0.0205519 -0.999789 -0
    outer loop
      vertex 3.36291 4.7382 6.5
      vertex 3.3381 4.73871 6
      vertex 3.36291 4.7382 6
    endloop
  endfacet
  facet normal -0.0641148 -0.997943 0
    outer loop
      vertex 3.36291 4.7382 6
      vertex 3.38688 4.73666 6.5
      vertex 3.36291 4.7382 6.5
    endloop
  endfacet
  facet normal -0.0641148 -0.997943 -0
    outer loop
      vertex 3.38688 4.73666 6.5
      vertex 3.36291 4.7382 6
      vertex 3.38688 4.73666 6
    endloop
  endfacet
  facet normal -0.110479 -0.993878 0
    outer loop
      vertex 3.38688 4.73666 6
      vertex 3.41 4.73409 6.5
      vertex 3.38688 4.73666 6.5
    endloop
  endfacet
  facet normal -0.110479 -0.993878 -0
    outer loop
      vertex 3.41 4.73409 6.5
      vertex 3.38688 4.73666 6
      vertex 3.41 4.73409 6
    endloop
  endfacet
  facet normal -0.159079 -0.987266 0
    outer loop
      vertex 3.41 4.73409 6
      vertex 3.43228 4.7305 6.5
      vertex 3.41 4.73409 6.5
    endloop
  endfacet
  facet normal -0.159079 -0.987266 -0
    outer loop
      vertex 3.43228 4.7305 6.5
      vertex 3.41 4.73409 6
      vertex 3.43228 4.7305 6
    endloop
  endfacet
  facet normal -0.210838 -0.977521 0
    outer loop
      vertex 3.43228 4.7305 6
      vertex 3.4537 4.72588 6.5
      vertex 3.43228 4.7305 6.5
    endloop
  endfacet
  facet normal -0.210838 -0.977521 -0
    outer loop
      vertex 3.4537 4.72588 6.5
      vertex 3.43228 4.7305 6
      vertex 3.4537 4.72588 6
    endloop
  endfacet
  facet normal -0.265974 -0.96398 0
    outer loop
      vertex 3.4537 4.72588 6
      vertex 3.47425 4.72021 6.5
      vertex 3.4537 4.72588 6.5
    endloop
  endfacet
  facet normal -0.265974 -0.96398 -0
    outer loop
      vertex 3.47425 4.72021 6.5
      vertex 3.4537 4.72588 6
      vertex 3.47425 4.72021 6
    endloop
  endfacet
  facet normal -0.319827 -0.947476 0
    outer loop
      vertex 3.47425 4.72021 6
      vertex 3.49398 4.71355 6.5
      vertex 3.47425 4.72021 6.5
    endloop
  endfacet
  facet normal -0.319827 -0.947476 -0
    outer loop
      vertex 3.49398 4.71355 6.5
      vertex 3.47425 4.72021 6
      vertex 3.49398 4.71355 6
    endloop
  endfacet
  facet normal -0.378404 -0.925641 0
    outer loop
      vertex 3.49398 4.71355 6
      vertex 3.51284 4.70584 6.5
      vertex 3.49398 4.71355 6.5
    endloop
  endfacet
  facet normal -0.378404 -0.925641 -0
    outer loop
      vertex 3.51284 4.70584 6.5
      vertex 3.49398 4.71355 6
      vertex 3.51284 4.70584 6
    endloop
  endfacet
  facet normal -0.435992 -0.899951 0
    outer loop
      vertex 3.51284 4.70584 6
      vertex 3.53086 4.69711 6.5
      vertex 3.51284 4.70584 6.5
    endloop
  endfacet
  facet normal -0.435992 -0.899951 -0
    outer loop
      vertex 3.53086 4.69711 6.5
      vertex 3.51284 4.70584 6
      vertex 3.53086 4.69711 6
    endloop
  endfacet
  facet normal -0.494175 -0.869363 0
    outer loop
      vertex 3.53086 4.69711 6
      vertex 3.54803 4.68735 6.5
      vertex 3.53086 4.69711 6.5
    endloop
  endfacet
  facet normal -0.494175 -0.869363 -0
    outer loop
      vertex 3.54803 4.68735 6.5
      vertex 3.53086 4.69711 6
      vertex 3.54803 4.68735 6
    endloop
  endfacet
  facet normal -0.551747 -0.834012 0
    outer loop
      vertex 3.54803 4.68735 6
      vertex 3.56434 4.67656 6.5
      vertex 3.54803 4.68735 6.5
    endloop
  endfacet
  facet normal -0.551747 -0.834012 -0
    outer loop
      vertex 3.56434 4.67656 6.5
      vertex 3.54803 4.68735 6
      vertex 3.56434 4.67656 6
    endloop
  endfacet
  facet normal -0.607049 -0.794664 0
    outer loop
      vertex 3.56434 4.67656 6
      vertex 3.5798 4.66475 6.5
      vertex 3.56434 4.67656 6.5
    endloop
  endfacet
  facet normal -0.607049 -0.794664 -0
    outer loop
      vertex 3.5798 4.66475 6.5
      vertex 3.56434 4.67656 6
      vertex 3.5798 4.66475 6
    endloop
  endfacet
  facet normal -0.659596 -0.75162 0
    outer loop
      vertex 3.5798 4.66475 6
      vertex 3.59442 4.65192 6.5
      vertex 3.5798 4.66475 6.5
    endloop
  endfacet
  facet normal -0.659596 -0.75162 -0
    outer loop
      vertex 3.59442 4.65192 6.5
      vertex 3.5798 4.66475 6
      vertex 3.59442 4.65192 6
    endloop
  endfacet
  facet normal -0.710708 -0.703487 0
    outer loop
      vertex 3.60806 4.63814 6
      vertex 3.59442 4.65192 6.5
      vertex 3.59442 4.65192 6
    endloop
  endfacet
  facet normal -0.710708 -0.703487 0
    outer loop
      vertex 3.59442 4.65192 6.5
      vertex 3.60806 4.63814 6
      vertex 3.60806 4.63814 6.5
    endloop
  endfacet
  facet normal -0.758083 -0.652159 0
    outer loop
      vertex 3.62062 4.62354 6
      vertex 3.60806 4.63814 6.5
      vertex 3.60806 4.63814 6
    endloop
  endfacet
  facet normal -0.758083 -0.652159 0
    outer loop
      vertex 3.60806 4.63814 6.5
      vertex 3.62062 4.62354 6
      vertex 3.62062 4.62354 6.5
    endloop
  endfacet
  facet normal -0.80317 -0.59575 0
    outer loop
      vertex 3.63208 4.60809 6
      vertex 3.62062 4.62354 6.5
      vertex 3.62062 4.62354 6
    endloop
  endfacet
  facet normal -0.80317 -0.59575 0
    outer loop
      vertex 3.62062 4.62354 6.5
      vertex 3.63208 4.60809 6
      vertex 3.63208 4.60809 6.5
    endloop
  endfacet
  facet normal -0.843427 -0.537244 0
    outer loop
      vertex 3.64245 4.59181 6
      vertex 3.63208 4.60809 6.5
      vertex 3.63208 4.60809 6
    endloop
  endfacet
  facet normal -0.843427 -0.537244 0
    outer loop
      vertex 3.63208 4.60809 6.5
      vertex 3.64245 4.59181 6
      vertex 3.64245 4.59181 6.5
    endloop
  endfacet
  facet normal -0.878915 -0.476978 0
    outer loop
      vertex 3.65173 4.57471 6
      vertex 3.64245 4.59181 6.5
      vertex 3.64245 4.59181 6
    endloop
  endfacet
  facet normal -0.878915 -0.476978 0
    outer loop
      vertex 3.64245 4.59181 6.5
      vertex 3.65173 4.57471 6
      vertex 3.65173 4.57471 6.5
    endloop
  endfacet
  facet normal -0.909967 -0.414681 0
    outer loop
      vertex 3.65991 4.55676 6
      vertex 3.65173 4.57471 6.5
      vertex 3.65173 4.57471 6
    endloop
  endfacet
  facet normal -0.909967 -0.414681 0
    outer loop
      vertex 3.65173 4.57471 6.5
      vertex 3.65991 4.55676 6
      vertex 3.65991 4.55676 6.5
    endloop
  endfacet
  facet normal -0.935549 -0.353197 0
    outer loop
      vertex 3.667 4.53798 6
      vertex 3.65991 4.55676 6.5
      vertex 3.65991 4.55676 6
    endloop
  endfacet
  facet normal -0.935549 -0.353197 0
    outer loop
      vertex 3.65991 4.55676 6.5
      vertex 3.667 4.53798 6
      vertex 3.667 4.53798 6.5
    endloop
  endfacet
  facet normal -0.955969 -0.293469 0
    outer loop
      vertex 3.67302 4.51837 6
      vertex 3.667 4.53798 6.5
      vertex 3.667 4.53798 6
    endloop
  endfacet
  facet normal -0.955969 -0.293469 0
    outer loop
      vertex 3.667 4.53798 6.5
      vertex 3.67302 4.51837 6
      vertex 3.67302 4.51837 6.5
    endloop
  endfacet
  facet normal -0.972366 -0.233463 0
    outer loop
      vertex 3.67793 4.49792 6
      vertex 3.67302 4.51837 6.5
      vertex 3.67302 4.51837 6
    endloop
  endfacet
  facet normal -0.972366 -0.233463 0
    outer loop
      vertex 3.67302 4.51837 6.5
      vertex 3.67793 4.49792 6
      vertex 3.67793 4.49792 6.5
    endloop
  endfacet
  facet normal -0.984347 -0.176239 0
    outer loop
      vertex 3.68174 4.47664 6
      vertex 3.67793 4.49792 6.5
      vertex 3.67793 4.49792 6
    endloop
  endfacet
  facet normal -0.984347 -0.176239 0
    outer loop
      vertex 3.67793 4.49792 6.5
      vertex 3.68174 4.47664 6
      vertex 3.68174 4.47664 6.5
    endloop
  endfacet
  facet normal -0.992477 -0.122434 0
    outer loop
      vertex 3.68447 4.45451 6
      vertex 3.68174 4.47664 6.5
      vertex 3.68174 4.47664 6
    endloop
  endfacet
  facet normal -0.992477 -0.122434 0
    outer loop
      vertex 3.68174 4.47664 6.5
      vertex 3.68447 4.45451 6
      vertex 3.68447 4.45451 6.5
    endloop
  endfacet
  facet normal -0.997456 -0.0712779 0
    outer loop
      vertex 3.68611 4.43156 6
      vertex 3.68447 4.45451 6.5
      vertex 3.68447 4.45451 6
    endloop
  endfacet
  facet normal -0.997456 -0.0712779 0
    outer loop
      vertex 3.68447 4.45451 6.5
      vertex 3.68611 4.43156 6
      vertex 3.68611 4.43156 6.5
    endloop
  endfacet
  facet normal -0.999733 -0.0231225 0
    outer loop
      vertex 3.68666 4.40778 6
      vertex 3.68611 4.43156 6.5
      vertex 3.68611 4.43156 6
    endloop
  endfacet
  facet normal -0.999733 -0.0231225 0
    outer loop
      vertex 3.68611 4.43156 6.5
      vertex 3.68666 4.40778 6
      vertex 3.68666 4.40778 6.5
    endloop
  endfacet
  facet normal -0.999839 0.0179645 0
    outer loop
      vertex 3.68634 4.38997 6
      vertex 3.68666 4.40778 6.5
      vertex 3.68666 4.40778 6
    endloop
  endfacet
  facet normal -0.999839 0.0179645 0
    outer loop
      vertex 3.68666 4.40778 6.5
      vertex 3.68634 4.38997 6
      vertex 3.68634 4.38997 6.5
    endloop
  endfacet
  facet normal -0.99853 0.0542059 0
    outer loop
      vertex 3.68539 4.37247 6
      vertex 3.68634 4.38997 6.5
      vertex 3.68634 4.38997 6
    endloop
  endfacet
  facet normal -0.99853 0.0542059 0
    outer loop
      vertex 3.68634 4.38997 6.5
      vertex 3.68539 4.37247 6
      vertex 3.68539 4.37247 6.5
    endloop
  endfacet
  facet normal -0.995769 0.0918905 0
    outer loop
      vertex 3.6838 4.35524 6
      vertex 3.68539 4.37247 6.5
      vertex 3.68539 4.37247 6
    endloop
  endfacet
  facet normal -0.995769 0.0918905 0
    outer loop
      vertex 3.68539 4.37247 6.5
      vertex 3.6838 4.35524 6
      vertex 3.6838 4.35524 6.5
    endloop
  endfacet
  facet normal -0.991502 0.130091 0
    outer loop
      vertex 3.68158 4.33832 6
      vertex 3.6838 4.35524 6.5
      vertex 3.6838 4.35524 6
    endloop
  endfacet
  facet normal -0.991502 0.130091 0
    outer loop
      vertex 3.6838 4.35524 6.5
      vertex 3.68158 4.33832 6
      vertex 3.68158 4.33832 6.5
    endloop
  endfacet
  facet normal -0.985566 0.169292 0
    outer loop
      vertex 3.67872 4.32167 6
      vertex 3.68158 4.33832 6.5
      vertex 3.68158 4.33832 6
    endloop
  endfacet
  facet normal -0.985566 0.169292 0
    outer loop
      vertex 3.68158 4.33832 6.5
      vertex 3.67872 4.32167 6
      vertex 3.67872 4.32167 6.5
    endloop
  endfacet
  facet normal -0.978116 0.208059 0
    outer loop
      vertex 3.67524 4.30531 6
      vertex 3.67872 4.32167 6.5
      vertex 3.67872 4.32167 6
    endloop
  endfacet
  facet normal -0.978116 0.208059 0
    outer loop
      vertex 3.67872 4.32167 6.5
      vertex 3.67524 4.30531 6
      vertex 3.67524 4.30531 6.5
    endloop
  endfacet
  facet normal -0.968634 0.248491 0
    outer loop
      vertex 3.67112 4.28925 6
      vertex 3.67524 4.30531 6.5
      vertex 3.67524 4.30531 6
    endloop
  endfacet
  facet normal -0.968634 0.248491 0
    outer loop
      vertex 3.67524 4.30531 6.5
      vertex 3.67112 4.28925 6
      vertex 3.67112 4.28925 6.5
    endloop
  endfacet
  facet normal -0.957391 0.288795 0
    outer loop
      vertex 3.66636 4.27347 6
      vertex 3.67112 4.28925 6.5
      vertex 3.67112 4.28925 6
    endloop
  endfacet
  facet normal -0.957391 0.288795 0
    outer loop
      vertex 3.67112 4.28925 6.5
      vertex 3.66636 4.27347 6
      vertex 3.66636 4.27347 6.5
    endloop
  endfacet
  facet normal -0.944645 0.328095 0
    outer loop
      vertex 3.66098 4.25798 6
      vertex 3.66636 4.27347 6.5
      vertex 3.66636 4.27347 6
    endloop
  endfacet
  facet normal -0.944645 0.328095 0
    outer loop
      vertex 3.66636 4.27347 6.5
      vertex 3.66098 4.25798 6
      vertex 3.66098 4.25798 6.5
    endloop
  endfacet
  facet normal -0.929527 0.368753 0
    outer loop
      vertex 3.65495 4.24278 6
      vertex 3.66098 4.25798 6.5
      vertex 3.66098 4.25798 6
    endloop
  endfacet
  facet normal -0.929527 0.368753 0
    outer loop
      vertex 3.66098 4.25798 6.5
      vertex 3.65495 4.24278 6
      vertex 3.65495 4.24278 6.5
    endloop
  endfacet
  facet normal -0.91328 0.407332 0
    outer loop
      vertex 3.6483 4.22787 6
      vertex 3.65495 4.24278 6.5
      vertex 3.65495 4.24278 6
    endloop
  endfacet
  facet normal -0.91328 0.407332 0
    outer loop
      vertex 3.65495 4.24278 6.5
      vertex 3.6483 4.22787 6
      vertex 3.6483 4.22787 6.5
    endloop
  endfacet
  facet normal -0.894794 0.44648 0
    outer loop
      vertex 3.641 4.21324 6
      vertex 3.6483 4.22787 6.5
      vertex 3.6483 4.22787 6
    endloop
  endfacet
  facet normal -0.894794 0.44648 0
    outer loop
      vertex 3.6483 4.22787 6.5
      vertex 3.641 4.21324 6
      vertex 3.641 4.21324 6.5
    endloop
  endfacet
  facet normal -0.875221 0.483723 0
    outer loop
      vertex 3.63308 4.19891 6
      vertex 3.641 4.21324 6.5
      vertex 3.641 4.21324 6
    endloop
  endfacet
  facet normal -0.875221 0.483723 0
    outer loop
      vertex 3.641 4.21324 6.5
      vertex 3.63308 4.19891 6
      vertex 3.63308 4.19891 6.5
    endloop
  endfacet
  facet normal -0.858402 0.512977 0
    outer loop
      vertex 3.62463 4.18477 6
      vertex 3.63308 4.19891 6.5
      vertex 3.63308 4.19891 6
    endloop
  endfacet
  facet normal -0.858402 0.512977 0
    outer loop
      vertex 3.63308 4.19891 6.5
      vertex 3.62463 4.18477 6
      vertex 3.62463 4.18477 6.5
    endloop
  endfacet
  facet normal -0.846776 0.531949 0
    outer loop
      vertex 3.61581 4.17073 6
      vertex 3.62463 4.18477 6.5
      vertex 3.62463 4.18477 6
    endloop
  endfacet
  facet normal -0.846776 0.531949 0
    outer loop
      vertex 3.62463 4.18477 6.5
      vertex 3.61581 4.17073 6
      vertex 3.61581 4.17073 6.5
    endloop
  endfacet
  facet normal -0.833977 0.5518 0
    outer loop
      vertex 3.60658 4.15678 6
      vertex 3.61581 4.17073 6.5
      vertex 3.61581 4.17073 6
    endloop
  endfacet
  facet normal -0.833977 0.5518 0
    outer loop
      vertex 3.61581 4.17073 6.5
      vertex 3.60658 4.15678 6
      vertex 3.60658 4.15678 6.5
    endloop
  endfacet
  facet normal -0.821594 0.570073 0
    outer loop
      vertex 3.59697 4.14293 6
      vertex 3.60658 4.15678 6.5
      vertex 3.60658 4.15678 6
    endloop
  endfacet
  facet normal -0.821594 0.570073 0
    outer loop
      vertex 3.60658 4.15678 6.5
      vertex 3.59697 4.14293 6
      vertex 3.59697 4.14293 6.5
    endloop
  endfacet
  facet normal -0.807897 0.589324 0
    outer loop
      vertex 3.58694 4.12918 6
      vertex 3.59697 4.14293 6.5
      vertex 3.59697 4.14293 6
    endloop
  endfacet
  facet normal -0.807897 0.589324 0
    outer loop
      vertex 3.59697 4.14293 6.5
      vertex 3.58694 4.12918 6
      vertex 3.58694 4.12918 6.5
    endloop
  endfacet
  facet normal -0.795579 0.60585 0
    outer loop
      vertex 3.57653 4.11551 6
      vertex 3.58694 4.12918 6.5
      vertex 3.58694 4.12918 6
    endloop
  endfacet
  facet normal -0.795579 0.60585 0
    outer loop
      vertex 3.58694 4.12918 6.5
      vertex 3.57653 4.11551 6
      vertex 3.57653 4.11551 6.5
    endloop
  endfacet
  facet normal -0.782556 0.62258 0
    outer loop
      vertex 3.56575 4.10196 6
      vertex 3.57653 4.11551 6.5
      vertex 3.57653 4.11551 6
    endloop
  endfacet
  facet normal -0.782556 0.62258 0
    outer loop
      vertex 3.57653 4.11551 6.5
      vertex 3.56575 4.10196 6
      vertex 3.56575 4.10196 6.5
    endloop
  endfacet
  facet normal -0.768923 0.639342 0
    outer loop
      vertex 3.55455 4.08849 6
      vertex 3.56575 4.10196 6.5
      vertex 3.56575 4.10196 6
    endloop
  endfacet
  facet normal -0.768923 0.639342 0
    outer loop
      vertex 3.56575 4.10196 6.5
      vertex 3.55455 4.08849 6
      vertex 3.55455 4.08849 6.5
    endloop
  endfacet
  facet normal -0.755614 0.655017 0
    outer loop
      vertex 3.54296 4.07512 6
      vertex 3.55455 4.08849 6.5
      vertex 3.55455 4.08849 6
    endloop
  endfacet
  facet normal -0.755614 0.655017 0
    outer loop
      vertex 3.55455 4.08849 6.5
      vertex 3.54296 4.07512 6
      vertex 3.54296 4.07512 6.5
    endloop
  endfacet
  facet normal -0.742793 0.669521 0
    outer loop
      vertex 3.53099 4.06184 6
      vertex 3.54296 4.07512 6.5
      vertex 3.54296 4.07512 6
    endloop
  endfacet
  facet normal -0.742793 0.669521 0
    outer loop
      vertex 3.54296 4.07512 6.5
      vertex 3.53099 4.06184 6
      vertex 3.53099 4.06184 6.5
    endloop
  endfacet
  facet normal -0.728882 0.68464 0
    outer loop
      vertex 3.51861 4.04866 6
      vertex 3.53099 4.06184 6.5
      vertex 3.53099 4.06184 6
    endloop
  endfacet
  facet normal -0.728882 0.68464 0
    outer loop
      vertex 3.53099 4.06184 6.5
      vertex 3.51861 4.04866 6
      vertex 3.51861 4.04866 6.5
    endloop
  endfacet
  facet normal -0.716082 0.698016 0
    outer loop
      vertex 3.50586 4.03558 6
      vertex 3.51861 4.04866 6.5
      vertex 3.51861 4.04866 6
    endloop
  endfacet
  facet normal -0.716082 0.698016 0
    outer loop
      vertex 3.51861 4.04866 6.5
      vertex 3.50586 4.03558 6
      vertex 3.50586 4.03558 6.5
    endloop
  endfacet
  facet normal -0.702221 0.711959 0
    outer loop
      vertex 3.50586 4.03558 6
      vertex 3.4927 4.0226 6.5
      vertex 3.50586 4.03558 6.5
    endloop
  endfacet
  facet normal -0.702221 0.711959 0
    outer loop
      vertex 3.4927 4.0226 6.5
      vertex 3.50586 4.03558 6
      vertex 3.4927 4.0226 6
    endloop
  endfacet
  facet normal -0.692242 0.721665 0
    outer loop
      vertex 3.4927 4.0226 6
      vertex 3.47921 4.00966 6.5
      vertex 3.4927 4.0226 6.5
    endloop
  endfacet
  facet normal -0.692242 0.721665 0
    outer loop
      vertex 3.47921 4.00966 6.5
      vertex 3.4927 4.0226 6
      vertex 3.47921 4.00966 6
    endloop
  endfacet
  facet normal -0.68639 0.727234 0
    outer loop
      vertex 3.47921 4.00966 6
      vertex 3.4655 3.99672 6.5
      vertex 3.47921 4.00966 6.5
    endloop
  endfacet
  facet normal -0.68639 0.727234 0
    outer loop
      vertex 3.4655 3.99672 6.5
      vertex 3.47921 4.00966 6
      vertex 3.4655 3.99672 6
    endloop
  endfacet
  facet normal -0.679282 0.733877 0
    outer loop
      vertex 3.4655 3.99672 6
      vertex 3.45152 3.98378 6.5
      vertex 3.4655 3.99672 6.5
    endloop
  endfacet
  facet normal -0.679282 0.733877 0
    outer loop
      vertex 3.45152 3.98378 6.5
      vertex 3.4655 3.99672 6
      vertex 3.45152 3.98378 6
    endloop
  endfacet
  facet normal -0.672466 0.740128 0
    outer loop
      vertex 3.45152 3.98378 6
      vertex 3.4373 3.97086 6.5
      vertex 3.45152 3.98378 6.5
    endloop
  endfacet
  facet normal -0.672466 0.740128 0
    outer loop
      vertex 3.4373 3.97086 6.5
      vertex 3.45152 3.98378 6
      vertex 3.4373 3.97086 6
    endloop
  endfacet
  facet normal -0.666343 0.745645 0
    outer loop
      vertex 3.4373 3.97086 6
      vertex 3.42282 3.95792 6.5
      vertex 3.4373 3.97086 6.5
    endloop
  endfacet
  facet normal -0.666343 0.745645 0
    outer loop
      vertex 3.42282 3.95792 6.5
      vertex 3.4373 3.97086 6
      vertex 3.42282 3.95792 6
    endloop
  endfacet
  facet normal -0.659984 0.75128 0
    outer loop
      vertex 3.42282 3.95792 6
      vertex 3.40809 3.94498 6.5
      vertex 3.42282 3.95792 6.5
    endloop
  endfacet
  facet normal -0.659984 0.75128 0
    outer loop
      vertex 3.40809 3.94498 6.5
      vertex 3.42282 3.95792 6
      vertex 3.40809 3.94498 6
    endloop
  endfacet
  facet normal -0.653949 0.756539 0
    outer loop
      vertex 3.40809 3.94498 6
      vertex 3.39312 3.93204 6.5
      vertex 3.40809 3.94498 6.5
    endloop
  endfacet
  facet normal -0.653949 0.756539 0
    outer loop
      vertex 3.39312 3.93204 6.5
      vertex 3.40809 3.94498 6
      vertex 3.39312 3.93204 6
    endloop
  endfacet
  facet normal -0.647692 0.761902 0
    outer loop
      vertex 3.39312 3.93204 6
      vertex 3.37791 3.91911 6.5
      vertex 3.39312 3.93204 6.5
    endloop
  endfacet
  facet normal -0.647692 0.761902 0
    outer loop
      vertex 3.37791 3.91911 6.5
      vertex 3.39312 3.93204 6
      vertex 3.37791 3.91911 6
    endloop
  endfacet
  facet normal -0.641598 0.767041 0
    outer loop
      vertex 3.37791 3.91911 6
      vertex 3.36244 3.90617 6.5
      vertex 3.37791 3.91911 6.5
    endloop
  endfacet
  facet normal -0.641598 0.767041 0
    outer loop
      vertex 3.36244 3.90617 6.5
      vertex 3.37791 3.91911 6
      vertex 3.36244 3.90617 6
    endloop
  endfacet
  facet normal -0.635535 0.772072 0
    outer loop
      vertex 3.36244 3.90617 6
      vertex 3.34672 3.89323 6.5
      vertex 3.36244 3.90617 6.5
    endloop
  endfacet
  facet normal -0.635535 0.772072 0
    outer loop
      vertex 3.34672 3.89323 6.5
      vertex 3.36244 3.90617 6
      vertex 3.34672 3.89323 6
    endloop
  endfacet
  facet normal -0.629198 0.777245 0
    outer loop
      vertex 3.34672 3.89323 6
      vertex 3.33076 3.88031 6.5
      vertex 3.34672 3.89323 6.5
    endloop
  endfacet
  facet normal -0.629198 0.777245 0
    outer loop
      vertex 3.33076 3.88031 6.5
      vertex 3.34672 3.89323 6
      vertex 3.33076 3.88031 6
    endloop
  endfacet
  facet normal -0.623637 0.781714 0
    outer loop
      vertex 3.33076 3.88031 6
      vertex 3.31454 3.86737 6.5
      vertex 3.33076 3.88031 6.5
    endloop
  endfacet
  facet normal -0.623637 0.781714 0
    outer loop
      vertex 3.31454 3.86737 6.5
      vertex 3.33076 3.88031 6
      vertex 3.31454 3.86737 6
    endloop
  endfacet
  facet normal -0.617443 0.786615 0
    outer loop
      vertex 3.31454 3.86737 6
      vertex 3.28148 3.84142 6.5
      vertex 3.31454 3.86737 6.5
    endloop
  endfacet
  facet normal -0.617443 0.786615 0
    outer loop
      vertex 3.28148 3.84142 6.5
      vertex 3.31454 3.86737 6
      vertex 3.28148 3.84142 6
    endloop
  endfacet
  facet normal -0.621933 0.78307 0
    outer loop
      vertex 3.28148 3.84142 6
      vertex 3.26486 3.82822 6.5
      vertex 3.28148 3.84142 6.5
    endloop
  endfacet
  facet normal -0.621933 0.78307 0
    outer loop
      vertex 3.26486 3.82822 6.5
      vertex 3.28148 3.84142 6
      vertex 3.26486 3.82822 6
    endloop
  endfacet
  facet normal -0.625552 0.780183 0
    outer loop
      vertex 3.26486 3.82822 6
      vertex 3.24821 3.81487 6.5
      vertex 3.26486 3.82822 6.5
    endloop
  endfacet
  facet normal -0.625552 0.780183 0
    outer loop
      vertex 3.24821 3.81487 6.5
      vertex 3.26486 3.82822 6
      vertex 3.24821 3.81487 6
    endloop
  endfacet
  facet normal -0.62968 0.776854 0
    outer loop
      vertex 3.24821 3.81487 6
      vertex 3.23153 3.80135 6.5
      vertex 3.24821 3.81487 6.5
    endloop
  endfacet
  facet normal -0.62968 0.776854 0
    outer loop
      vertex 3.23153 3.80135 6.5
      vertex 3.24821 3.81487 6
      vertex 3.23153 3.80135 6
    endloop
  endfacet
  facet normal -0.634749 0.772718 0
    outer loop
      vertex 3.23153 3.80135 6
      vertex 3.21484 3.78764 6.5
      vertex 3.23153 3.80135 6.5
    endloop
  endfacet
  facet normal -0.634749 0.772718 0
    outer loop
      vertex 3.21484 3.78764 6.5
      vertex 3.23153 3.80135 6
      vertex 3.21484 3.78764 6
    endloop
  endfacet
  facet normal -0.637916 0.770106 0
    outer loop
      vertex 3.21484 3.78764 6
      vertex 3.19812 3.77379 6.5
      vertex 3.21484 3.78764 6.5
    endloop
  endfacet
  facet normal -0.637916 0.770106 0
    outer loop
      vertex 3.19812 3.77379 6.5
      vertex 3.21484 3.78764 6
      vertex 3.19812 3.77379 6
    endloop
  endfacet
  facet normal -0.642612 0.766192 0
    outer loop
      vertex 3.19812 3.77379 6
      vertex 3.18138 3.75975 6.5
      vertex 3.19812 3.77379 6.5
    endloop
  endfacet
  facet normal -0.642612 0.766192 0
    outer loop
      vertex 3.18138 3.75975 6.5
      vertex 3.19812 3.77379 6
      vertex 3.18138 3.75975 6
    endloop
  endfacet
  facet normal -0.646472 0.762937 0
    outer loop
      vertex 3.18138 3.75975 6
      vertex 3.16461 3.74554 6.5
      vertex 3.18138 3.75975 6.5
    endloop
  endfacet
  facet normal -0.646472 0.762937 0
    outer loop
      vertex 3.16461 3.74554 6.5
      vertex 3.18138 3.75975 6
      vertex 3.16461 3.74554 6
    endloop
  endfacet
  facet normal -0.649486 0.760374 0
    outer loop
      vertex 3.16461 3.74554 6
      vertex 3.14781 3.73119 6.5
      vertex 3.16461 3.74554 6.5
    endloop
  endfacet
  facet normal -0.649486 0.760374 0
    outer loop
      vertex 3.14781 3.73119 6.5
      vertex 3.16461 3.74554 6
      vertex 3.14781 3.73119 6
    endloop
  endfacet
  facet normal -0.654228 0.756297 0
    outer loop
      vertex 3.14781 3.73119 6
      vertex 3.13099 3.71664 6.5
      vertex 3.14781 3.73119 6.5
    endloop
  endfacet
  facet normal -0.654228 0.756297 0
    outer loop
      vertex 3.13099 3.71664 6.5
      vertex 3.14781 3.73119 6
      vertex 3.13099 3.71664 6
    endloop
  endfacet
  facet normal -0.657871 0.753131 0
    outer loop
      vertex 3.13099 3.71664 6
      vertex 3.11415 3.70193 6.5
      vertex 3.13099 3.71664 6.5
    endloop
  endfacet
  facet normal -0.657871 0.753131 0
    outer loop
      vertex 3.11415 3.70193 6.5
      vertex 3.13099 3.71664 6
      vertex 3.11415 3.70193 6
    endloop
  endfacet
  facet normal -0.66146 0.749981 0
    outer loop
      vertex 3.11415 3.70193 6
      vertex 3.09729 3.68706 6.5
      vertex 3.11415 3.70193 6.5
    endloop
  endfacet
  facet normal -0.66146 0.749981 0
    outer loop
      vertex 3.09729 3.68706 6.5
      vertex 3.11415 3.70193 6
      vertex 3.09729 3.68706 6
    endloop
  endfacet
  facet normal -0.665049 0.746799 0
    outer loop
      vertex 3.09729 3.68706 6
      vertex 3.08039 3.67201 6.5
      vertex 3.09729 3.68706 6.5
    endloop
  endfacet
  facet normal -0.665049 0.746799 0
    outer loop
      vertex 3.08039 3.67201 6.5
      vertex 3.09729 3.68706 6
      vertex 3.08039 3.67201 6
    endloop
  endfacet
  facet normal -0.671708 0.740816 0
    outer loop
      vertex 3.08039 3.67201 6
      vertex 3.06356 3.65675 6.5
      vertex 3.08039 3.67201 6.5
    endloop
  endfacet
  facet normal -0.671708 0.740816 0
    outer loop
      vertex 3.06356 3.65675 6.5
      vertex 3.08039 3.67201 6
      vertex 3.06356 3.65675 6
    endloop
  endfacet
  facet normal -0.680552 0.7327 0
    outer loop
      vertex 3.06356 3.65675 6
      vertex 3.04684 3.64122 6.5
      vertex 3.06356 3.65675 6.5
    endloop
  endfacet
  facet normal -0.680552 0.7327 0
    outer loop
      vertex 3.04684 3.64122 6.5
      vertex 3.06356 3.65675 6
      vertex 3.04684 3.64122 6
    endloop
  endfacet
  facet normal -0.689666 0.724128 0
    outer loop
      vertex 3.04684 3.64122 6
      vertex 3.03024 3.62541 6.5
      vertex 3.04684 3.64122 6.5
    endloop
  endfacet
  facet normal -0.689666 0.724128 0
    outer loop
      vertex 3.03024 3.62541 6.5
      vertex 3.04684 3.64122 6
      vertex 3.03024 3.62541 6
    endloop
  endfacet
  facet normal -0.698367 0.71574 0
    outer loop
      vertex 3.03024 3.62541 6
      vertex 3.01376 3.60933 6.5
      vertex 3.03024 3.62541 6.5
    endloop
  endfacet
  facet normal -0.698367 0.71574 0
    outer loop
      vertex 3.01376 3.60933 6.5
      vertex 3.03024 3.62541 6
      vertex 3.01376 3.60933 6
    endloop
  endfacet
  facet normal -0.707107 0.707107 0
    outer loop
      vertex 2.9974 3.59297 6
      vertex 3.01376 3.60933 6.5
      vertex 3.01376 3.60933 6
    endloop
  endfacet
  facet normal -0.707107 0.707107 0
    outer loop
      vertex 3.01376 3.60933 6.5
      vertex 2.9974 3.59297 6
      vertex 2.9974 3.59297 6.5
    endloop
  endfacet
  facet normal -0.715661 0.698448 0
    outer loop
      vertex 2.98117 3.57634 6
      vertex 2.9974 3.59297 6.5
      vertex 2.9974 3.59297 6
    endloop
  endfacet
  facet normal -0.715661 0.698448 0
    outer loop
      vertex 2.9974 3.59297 6.5
      vertex 2.98117 3.57634 6
      vertex 2.98117 3.57634 6.5
    endloop
  endfacet
  facet normal -0.723812 0.689997 0
    outer loop
      vertex 2.96505 3.55943 6
      vertex 2.98117 3.57634 6.5
      vertex 2.98117 3.57634 6
    endloop
  endfacet
  facet normal -0.723812 0.689997 0
    outer loop
      vertex 2.98117 3.57634 6.5
      vertex 2.96505 3.55943 6
      vertex 2.96505 3.55943 6.5
    endloop
  endfacet
  facet normal -0.731395 0.681954 0
    outer loop
      vertex 2.94905 3.54227 6
      vertex 2.96505 3.55943 6.5
      vertex 2.96505 3.55943 6
    endloop
  endfacet
  facet normal -0.731395 0.681954 0
    outer loop
      vertex 2.96505 3.55943 6.5
      vertex 2.94905 3.54227 6
      vertex 2.94905 3.54227 6.5
    endloop
  endfacet
  facet normal -0.739576 0.673073 0
    outer loop
      vertex 2.93316 3.52481 6
      vertex 2.94905 3.54227 6.5
      vertex 2.94905 3.54227 6
    endloop
  endfacet
  facet normal -0.739576 0.673073 0
    outer loop
      vertex 2.94905 3.54227 6.5
      vertex 2.93316 3.52481 6
      vertex 2.93316 3.52481 6.5
    endloop
  endfacet
  facet normal -0.747456 0.664311 0
    outer loop
      vertex 2.91742 3.5071 6
      vertex 2.93316 3.52481 6.5
      vertex 2.93316 3.52481 6
    endloop
  endfacet
  facet normal -0.747456 0.664311 0
    outer loop
      vertex 2.93316 3.52481 6.5
      vertex 2.91742 3.5071 6
      vertex 2.91742 3.5071 6.5
    endloop
  endfacet
  facet normal -0.754678 0.656096 0
    outer loop
      vertex 2.90178 3.48911 6
      vertex 2.91742 3.5071 6.5
      vertex 2.91742 3.5071 6
    endloop
  endfacet
  facet normal -0.754678 0.656096 0
    outer loop
      vertex 2.91742 3.5071 6.5
      vertex 2.90178 3.48911 6
      vertex 2.90178 3.48911 6.5
    endloop
  endfacet
  facet normal -0.76231 0.647213 0
    outer loop
      vertex 2.88626 3.47083 6
      vertex 2.90178 3.48911 6.5
      vertex 2.90178 3.48911 6
    endloop
  endfacet
  facet normal -0.76231 0.647213 0
    outer loop
      vertex 2.90178 3.48911 6.5
      vertex 2.88626 3.47083 6
      vertex 2.88626 3.47083 6.5
    endloop
  endfacet
  facet normal -0.769241 0.638959 0
    outer loop
      vertex 2.87086 3.45229 6
      vertex 2.88626 3.47083 6.5
      vertex 2.88626 3.47083 6
    endloop
  endfacet
  facet normal -0.769241 0.638959 0
    outer loop
      vertex 2.88626 3.47083 6.5
      vertex 2.87086 3.45229 6
      vertex 2.87086 3.45229 6.5
    endloop
  endfacet
  facet normal -0.7797 0.626154 0
    outer loop
      vertex 2.85569 3.4334 6
      vertex 2.87086 3.45229 6.5
      vertex 2.87086 3.45229 6
    endloop
  endfacet
  facet normal -0.7797 0.626154 0
    outer loop
      vertex 2.87086 3.45229 6.5
      vertex 2.85569 3.4334 6
      vertex 2.85569 3.4334 6.5
    endloop
  endfacet
  facet normal -0.794544 0.607206 0
    outer loop
      vertex 2.84091 3.41406 6
      vertex 2.85569 3.4334 6.5
      vertex 2.85569 3.4334 6
    endloop
  endfacet
  facet normal -0.794544 0.607206 0
    outer loop
      vertex 2.85569 3.4334 6.5
      vertex 2.84091 3.41406 6
      vertex 2.84091 3.41406 6.5
    endloop
  endfacet
  facet normal -0.807533 0.589822 0
    outer loop
      vertex 2.82647 3.39429 6
      vertex 2.84091 3.41406 6.5
      vertex 2.84091 3.41406 6
    endloop
  endfacet
  facet normal -0.807533 0.589822 0
    outer loop
      vertex 2.84091 3.41406 6.5
      vertex 2.82647 3.39429 6
      vertex 2.82647 3.39429 6.5
    endloop
  endfacet
  facet normal -0.820831 0.571172 0
    outer loop
      vertex 2.8124 3.37407 6
      vertex 2.82647 3.39429 6.5
      vertex 2.82647 3.39429 6
    endloop
  endfacet
  facet normal -0.820831 0.571172 0
    outer loop
      vertex 2.82647 3.39429 6.5
      vertex 2.8124 3.37407 6
      vertex 2.8124 3.37407 6.5
    endloop
  endfacet
  facet normal -0.833227 0.552931 0
    outer loop
      vertex 2.79869 3.35341 6
      vertex 2.8124 3.37407 6.5
      vertex 2.8124 3.37407 6
    endloop
  endfacet
  facet normal -0.833227 0.552931 0
    outer loop
      vertex 2.8124 3.37407 6.5
      vertex 2.79869 3.35341 6
      vertex 2.79869 3.35341 6.5
    endloop
  endfacet
  facet normal -0.845241 0.534385 0
    outer loop
      vertex 2.78535 3.33231 6
      vertex 2.79869 3.35341 6.5
      vertex 2.79869 3.35341 6
    endloop
  endfacet
  facet normal -0.845241 0.534385 0
    outer loop
      vertex 2.79869 3.35341 6.5
      vertex 2.78535 3.33231 6
      vertex 2.78535 3.33231 6.5
    endloop
  endfacet
  facet normal -0.856263 0.516539 0
    outer loop
      vertex 2.77235 3.31076 6
      vertex 2.78535 3.33231 6.5
      vertex 2.78535 3.33231 6
    endloop
  endfacet
  facet normal -0.856263 0.516539 0
    outer loop
      vertex 2.78535 3.33231 6.5
      vertex 2.77235 3.31076 6
      vertex 2.77235 3.31076 6.5
    endloop
  endfacet
  facet normal -0.867319 0.497752 0
    outer loop
      vertex 2.75973 3.28877 6
      vertex 2.77235 3.31076 6.5
      vertex 2.77235 3.31076 6
    endloop
  endfacet
  facet normal -0.867319 0.497752 0
    outer loop
      vertex 2.77235 3.31076 6.5
      vertex 2.75973 3.28877 6
      vertex 2.75973 3.28877 6.5
    endloop
  endfacet
  facet normal -0.877132 0.48025 0
    outer loop
      vertex 2.74746 3.26636 6
      vertex 2.75973 3.28877 6.5
      vertex 2.75973 3.28877 6
    endloop
  endfacet
  facet normal -0.877132 0.48025 0
    outer loop
      vertex 2.75973 3.28877 6.5
      vertex 2.74746 3.26636 6
      vertex 2.74746 3.26636 6.5
    endloop
  endfacet
  facet normal -0.887179 0.461426 0
    outer loop
      vertex 2.73556 3.24348 6
      vertex 2.74746 3.26636 6.5
      vertex 2.74746 3.26636 6
    endloop
  endfacet
  facet normal -0.887179 0.461426 0
    outer loop
      vertex 2.74746 3.26636 6.5
      vertex 2.73556 3.24348 6
      vertex 2.73556 3.24348 6.5
    endloop
  endfacet
  facet normal -0.896342 0.443364 0
    outer loop
      vertex 2.72403 3.22017 6
      vertex 2.73556 3.24348 6.5
      vertex 2.73556 3.24348 6
    endloop
  endfacet
  facet normal -0.896342 0.443364 0
    outer loop
      vertex 2.73556 3.24348 6.5
      vertex 2.72403 3.22017 6
      vertex 2.72403 3.22017 6.5
    endloop
  endfacet
  facet normal -0.904551 0.426366 0
    outer loop
      vertex 2.71284 3.19643 6
      vertex 2.72403 3.22017 6.5
      vertex 2.72403 3.22017 6
    endloop
  endfacet
  facet normal -0.904551 0.426366 0
    outer loop
      vertex 2.72403 3.22017 6.5
      vertex 2.71284 3.19643 6
      vertex 2.71284 3.19643 6.5
    endloop
  endfacet
  facet normal -0.912907 0.408168 0
    outer loop
      vertex 2.70202 3.17223 6
      vertex 2.71284 3.19643 6.5
      vertex 2.71284 3.19643 6
    endloop
  endfacet
  facet normal -0.912907 0.408168 0
    outer loop
      vertex 2.71284 3.19643 6.5
      vertex 2.70202 3.17223 6
      vertex 2.70202 3.17223 6.5
    endloop
  endfacet
  facet normal -1 0 0
    outer loop
      vertex 2.70202 3 6
      vertex 2.70202 3.17223 6.5
      vertex 2.70202 3.17223 6
    endloop
  endfacet
  facet normal -1 -0 0
    outer loop
      vertex 2.70202 3.17223 6.5
      vertex 2.70202 3 6
      vertex 2.70202 3 6.5
    endloop
  endfacet
  facet normal 0 -1 0
    outer loop
      vertex 2.70202 3 6
      vertex 3.9674 3 6.5
      vertex 2.70202 3 6.5
    endloop
  endfacet
  facet normal 0 -1 -0
    outer loop
      vertex 3.9674 3 6.5
      vertex 2.70202 3 6
      vertex 3.9674 3 6
    endloop
  endfacet
  facet normal 1 -0 0
    outer loop
      vertex 3.9674 3 6.5
      vertex 3.9674 3.20749 6
      vertex 3.9674 3.20749 6.5
    endloop
  endfacet
  facet normal 1 0 0
    outer loop
      vertex 3.9674 3.20749 6
      vertex 3.9674 3 6.5
      vertex 3.9674 3 6
    endloop
  endfacet
  facet normal 0 1 -0
    outer loop
      vertex 2.32672 3.29701 6
      vertex 2.06227 3.29701 6.5
      vertex 2.32672 3.29701 6.5
    endloop
  endfacet
  facet normal 0 1 0
    outer loop
      vertex 2.06227 3.29701 6.5
      vertex 2.32672 3.29701 6
      vertex 2.06227 3.29701 6
    endloop
  endfacet
  facet normal -1 0 0
    outer loop
      vertex 2.06227 3 6
      vertex 2.06227 3.29701 6.5
      vertex 2.06227 3.29701 6
    endloop
  endfacet
  facet normal -1 -0 0
    outer loop
      vertex 2.06227 3.29701 6.5
      vertex 2.06227 3 6
      vertex 2.06227 3 6.5
    endloop
  endfacet
  facet normal 0 -1 0
    outer loop
      vertex 2.06227 3 6
      vertex 2.32672 3 6.5
      vertex 2.06227 3 6.5
    endloop
  endfacet
  facet normal 0 -1 -0
    outer loop
      vertex 2.32672 3 6.5
      vertex 2.06227 3 6
      vertex 2.32672 3 6
    endloop
  endfacet
  facet normal 1 -0 0
    outer loop
      vertex 2.32672 3 6.5
      vertex 2.32672 3.29701 6
      vertex 2.32672 3.29701 6.5
    endloop
  endfacet
  facet normal 1 0 0
    outer loop
      vertex 2.32672 3.29701 6
      vertex 2.32672 3 6.5
      vertex 2.32672 3 6
    endloop
  endfacet
  facet normal -1 0 0
    outer loop
      vertex 22 0 0
      vertex 22 32 6
      vertex 22 32 0
    endloop
  endfacet
  facet normal -1 -0 0
    outer loop
      vertex 22 32 6
      vertex 22 0 0
      vertex 22 0 6
    endloop
  endfacet
  facet normal -0 0 1
    outer loop
      vertex 37.3 32 6
      vertex 42 0 6
      vertex 42 32 6
    endloop
  endfacet
  facet normal 0 0 1
    outer loop
      vertex 42 0 6
      vertex 37.3 32 6
      vertex 37.3 0 6
    endloop
  endfacet
  facet normal -0 0 1
    outer loop
      vertex 25.9284 4.50452 6
      vertex 26.7 0 6
      vertex 26.7 32 6
    endloop
  endfacet
  facet normal 0 0 1
    outer loop
      vertex 26.7 0 6
      vertex 25.9843 3.55537 6
      vertex 25.985 3.52757 6
    endloop
  endfacet
  facet normal 0 0 1
    outer loop
      vertex 26.7 0 6
      vertex 25.9312 4.46965 6
      vertex 25.9843 3.55537 6
    endloop
  endfacet
  facet normal 0 0 1
    outer loop
      vertex 25.9843 3.55537 6
      vertex 25.9312 4.46965 6
      vertex 25.9822 3.58243 6
    endloop
  endfacet
  facet normal -0 -0 1
    outer loop
      vertex 25.9321 4.43355 6
      vertex 25.9822 3.58243 6
      vertex 25.9312 4.46965 6
    endloop
  endfacet
  facet normal 0 0 1
    outer loop
      vertex 25.9822 3.58243 6
      vertex 25.9321 4.43355 6
      vertex 25.9787 3.60875 6
    endloop
  endfacet
  facet normal -0 0 1
    outer loop
      vertex 25.9315 4.40579 6
      vertex 25.9787 3.60875 6
      vertex 25.9321 4.43355 6
    endloop
  endfacet
  facet normal -0 0 1
    outer loop
      vertex 25.9297 4.37883 6
      vertex 25.9737 3.63434 6
      vertex 25.9315 4.40579 6
    endloop
  endfacet
  facet normal -0 0 1
    outer loop
      vertex 25.9267 4.35269 6
      vertex 25.9737 3.63434 6
      vertex 25.9297 4.37883 6
    endloop
  endfacet
  facet normal 0 0 1
    outer loop
      vertex 25.9737 3.63434 6
      vertex 25.9267 4.35269 6
      vertex 25.9674 3.65919 6
    endloop
  endfacet
  facet normal 0 0 1
    outer loop
      vertex 25.9787 3.60875 6
      vertex 25.9315 4.40579 6
      vertex 25.9737 3.63434 6
    endloop
  endfacet
  facet normal 0 0 1
    outer loop
      vertex 26.7 0 6
      vertex 25.9284 4.50452 6
      vertex 25.9312 4.46965 6
    endloop
  endfacet
  facet normal 0 0 1
    outer loop
      vertex 26.7 32 6
      vertex 25.9237 4.53812 6
      vertex 25.9284 4.50452 6
    endloop
  endfacet
  facet normal 0 0 1
    outer loop
      vertex 26.7 32 6
      vertex 25.917 4.5705 6
      vertex 25.9237 4.53812 6
    endloop
  endfacet
  facet normal 0 0 1
    outer loop
      vertex 26.7 32 6
      vertex 25.9086 4.60162 6
      vertex 25.917 4.5705 6
    endloop
  endfacet
  facet normal 0 0 1
    outer loop
      vertex 26.7 32 6
      vertex 25.8982 4.6315 6
      vertex 25.9086 4.60162 6
    endloop
  endfacet
  facet normal 0 0 1
    outer loop
      vertex 26.7 32 6
      vertex 25.8859 4.66014 6
      vertex 25.8982 4.6315 6
    endloop
  endfacet
  facet normal 0 0 1
    outer loop
      vertex 26.7 32 6
      vertex 25.8718 4.68753 6
      vertex 25.8859 4.66014 6
    endloop
  endfacet
  facet normal 0 0 1
    outer loop
      vertex 26.7 32 6
      vertex 25.8558 4.71368 6
      vertex 25.8718 4.68753 6
    endloop
  endfacet
  facet normal 0 0 1
    outer loop
      vertex 26.7 32 6
      vertex 25.8378 4.73859 6
      vertex 25.8558 4.71368 6
    endloop
  endfacet
  facet normal 0 0 1
    outer loop
      vertex 26.7 32 6
      vertex 25.818 4.76224 6
      vertex 25.8378 4.73859 6
    endloop
  endfacet
  facet normal 0 0 1
    outer loop
      vertex 26.7 32 6
      vertex 25.7964 4.78465 6
      vertex 25.818 4.76224 6
    endloop
  endfacet
  facet normal 0 0 1
    outer loop
      vertex 26.7 32 6
      vertex 25.7728 4.80583 6
      vertex 25.7964 4.78465 6
    endloop
  endfacet
  facet normal 0 0 1
    outer loop
      vertex 26.7 32 6
      vertex 25.7475 4.82559 6
      vertex 25.7728 4.80583 6
    endloop
  endfacet
  facet normal 0 0 1
    outer loop
      vertex 26.7 32 6
      vertex 25.7207 4.84378 6
      vertex 25.7475 4.82559 6
    endloop
  endfacet
  facet normal 0 0 1
    outer loop
      vertex 26.7 32 6
      vertex 25.6924 4.86038 6
      vertex 25.7207 4.84378 6
    endloop
  endfacet
  facet normal 0 0 1
    outer loop
      vertex 26.7 32 6
      vertex 25.6626 4.8754 6
      vertex 25.6924 4.86038 6
    endloop
  endfacet
  facet normal 0 0 1
    outer loop
      vertex 26.7 32 6
      vertex 25.6312 4.88884 6
      vertex 25.6626 4.8754 6
    endloop
  endfacet
  facet normal 0 0 1
    outer loop
      vertex 26.7 32 6
      vertex 25.5984 4.9007 6
      vertex 25.6312 4.88884 6
    endloop
  endfacet
  facet normal 0 0 1
    outer loop
      vertex 26.7 32 6
      vertex 25.564 4.91098 6
      vertex 25.5984 4.9007 6
    endloop
  endfacet
  facet normal 0 0 1
    outer loop
      vertex 26.7 32 6
      vertex 25.5281 4.91966 6
      vertex 25.564 4.91098 6
    endloop
  endfacet
  facet normal 0 0 1
    outer loop
      vertex 26.7 32 6
      vertex 25.4907 4.92679 6
      vertex 25.5281 4.91966 6
    endloop
  endfacet
  facet normal 0 0 1
    outer loop
      vertex 26.7 32 6
      vertex 25.4518 4.93231 6
      vertex 25.4907 4.92679 6
    endloop
  endfacet
  facet normal 0 0 1
    outer loop
      vertex 26.7 32 6
      vertex 25.4113 4.93626 6
      vertex 25.4518 4.93231 6
    endloop
  endfacet
  facet normal 0 0 1
    outer loop
      vertex 26.7 32 6
      vertex 25.3694 4.93864 6
      vertex 25.4113 4.93626 6
    endloop
  endfacet
  facet normal 0 0 1
    outer loop
      vertex 26.7 32 6
      vertex 25.3259 4.93944 6
      vertex 25.3694 4.93864 6
    endloop
  endfacet
  facet normal 0 0 1
    outer loop
      vertex 26.7 32 6
      vertex 25.286 4.93866 6
      vertex 25.3259 4.93944 6
    endloop
  endfacet
  facet normal 0 0 1
    outer loop
      vertex 26.7 32 6
      vertex 25.2472 4.93633 6
      vertex 25.286 4.93866 6
    endloop
  endfacet
  facet normal -0 0 1
    outer loop
      vertex 22 32 6
      vertex 25.2472 4.93633 6
      vertex 26.7 32 6
    endloop
  endfacet
  facet normal -0 -0 1
    outer loop
      vertex 23.128 4.93796 6
      vertex 25.2472 4.93633 6
      vertex 22 32 6
    endloop
  endfacet
  facet normal 0 0 1
    outer loop
      vertex 25.2472 4.93633 6
      vertex 23.1768 4.93356 6
      vertex 25.2095 4.93242 6
    endloop
  endfacet
  facet normal 0 -0 1
    outer loop
      vertex 23.2236 4.92621 6
      vertex 25.173 4.92697 6
      vertex 23.1768 4.93356 6
    endloop
  endfacet
  facet normal 0 0 1
    outer loop
      vertex 25.173 4.92697 6
      vertex 23.2236 4.92621 6
      vertex 25.1376 4.91997 6
    endloop
  endfacet
  facet normal 0 -0 1
    outer loop
      vertex 23.2682 4.91594 6
      vertex 25.1376 4.91997 6
      vertex 23.2236 4.92621 6
    endloop
  endfacet
  facet normal 0 0 1
    outer loop
      vertex 25.1376 4.91997 6
      vertex 23.2682 4.91594 6
      vertex 25.1034 4.91141 6
    endloop
  endfacet
  facet normal 0 0 1
    outer loop
      vertex 25.1034 4.91141 6
      vertex 23.2682 4.91594 6
      vertex 25.0703 4.90129 6
    endloop
  endfacet
  facet normal -0 -0 1
    outer loop
      vertex 23.3107 4.90271 6
      vertex 25.0703 4.90129 6
      vertex 23.2682 4.91594 6
    endloop
  endfacet
  facet normal 0 0 1
    outer loop
      vertex 25.0703 4.90129 6
      vertex 23.3107 4.90271 6
      vertex 25.0383 4.88962 6
    endloop
  endfacet
  facet normal 0 -0 1
    outer loop
      vertex 23.3511 4.88657 6
      vertex 25.0383 4.88962 6
      vertex 23.3107 4.90271 6
    endloop
  endfacet
  facet normal 0 0 1
    outer loop
      vertex 25.0383 4.88962 6
      vertex 23.3511 4.88657 6
      vertex 25.0074 4.87637 6
    endloop
  endfacet
  facet normal -0 -0 1
    outer loop
      vertex 23.3895 4.86746 6
      vertex 24.9777 4.86159 6
      vertex 23.3511 4.88657 6
    endloop
  endfacet
  facet normal 0 0 1
    outer loop
      vertex 24.9777 4.86159 6
      vertex 23.3895 4.86746 6
      vertex 24.9491 4.84525 6
    endloop
  endfacet
  facet normal -0 -0 1
    outer loop
      vertex 23.4257 4.84544 6
      vertex 24.9491 4.84525 6
      vertex 23.3895 4.86746 6
    endloop
  endfacet
  facet normal 0 0 1
    outer loop
      vertex 24.9491 4.84525 6
      vertex 23.4257 4.84544 6
      vertex 24.9216 4.82733 6
    endloop
  endfacet
  facet normal 0 -0 1
    outer loop
      vertex 23.4599 4.82047 6
      vertex 24.9216 4.82733 6
      vertex 23.4257 4.84544 6
    endloop
  endfacet
  facet normal 0 0 1
    outer loop
      vertex 24.8953 4.80788 6
      vertex 23.4599 4.82047 6
      vertex 24.8703 4.78702 6
    endloop
  endfacet
  facet normal -0 -0 1
    outer loop
      vertex 23.4919 4.79257 6
      vertex 24.8703 4.78702 6
      vertex 23.4599 4.82047 6
    endloop
  endfacet
  facet normal 0 0 1
    outer loop
      vertex 24.8703 4.78702 6
      vertex 23.4919 4.79257 6
      vertex 24.8471 4.76495 6
    endloop
  endfacet
  facet normal 0 -0 1
    outer loop
      vertex 23.5219 4.76173 6
      vertex 24.8471 4.76495 6
      vertex 23.4919 4.79257 6
    endloop
  endfacet
  facet normal 0 -0 1
    outer loop
      vertex 23.5498 4.72795 6
      vertex 24.8255 4.74167 6
      vertex 23.5219 4.76173 6
    endloop
  endfacet
  facet normal 0 0 1
    outer loop
      vertex 24.8255 4.74167 6
      vertex 23.5498 4.72795 6
      vertex 24.8055 4.71715 6
    endloop
  endfacet
  facet normal 0 0 1
    outer loop
      vertex 24.8055 4.71715 6
      vertex 23.5498 4.72795 6
      vertex 24.7872 4.69142 6
    endloop
  endfacet
  facet normal -0 0 1
    outer loop
      vertex 23.7362 3.95615 6
      vertex 24.6681 3.49095 6
      vertex 24.7006 4.4417 6
    endloop
  endfacet
  facet normal 0 0 1
    outer loop
      vertex 24.7872 4.69142 6
      vertex 23.5755 4.69124 6
      vertex 24.7706 4.66447 6
    endloop
  endfacet
  facet normal 0 -0 1
    outer loop
      vertex 23.6754 4.46501 6
      vertex 24.7123 4.51144 6
      vertex 23.6592 4.5159 6
    endloop
  endfacet
  facet normal 0 0 1
    outer loop
      vertex 24.6681 3.49095 6
      vertex 23.7323 3.81421 6
      vertex 24.3267 3.29701 6
    endloop
  endfacet
  facet normal 0 -0 1
    outer loop
      vertex 23.702 4.35475 6
      vertex 24.7006 4.4417 6
      vertex 23.6896 4.41129 6
    endloop
  endfacet
  facet normal -0 0 1
    outer loop
      vertex 23.7323 3.81421 6
      vertex 24.6681 3.49095 6
      vertex 23.7353 3.88383 6
    endloop
  endfacet
  facet normal -0 0 1
    outer loop
      vertex 23.7353 3.88383 6
      vertex 24.6681 3.49095 6
      vertex 23.7362 3.95615 6
    endloop
  endfacet
  facet normal 0 -0 1
    outer loop
      vertex 23.7362 3.95615 6
      vertex 24.7006 4.4417 6
      vertex 23.7353 4.02965 6
    endloop
  endfacet
  facet normal 0 -0 1
    outer loop
      vertex 23.7353 4.02965 6
      vertex 24.7006 4.4417 6
      vertex 23.7324 4.10031 6
    endloop
  endfacet
  facet normal 0 -0 1
    outer loop
      vertex 23.7324 4.10031 6
      vertex 24.7006 4.4417 6
      vertex 23.7277 4.16817 6
    endloop
  endfacet
  facet normal 0 -0 1
    outer loop
      vertex 23.7277 4.16817 6
      vertex 24.7006 4.4417 6
      vertex 23.721 4.23318 6
    endloop
  endfacet
  facet normal 0 -0 1
    outer loop
      vertex 23.721 4.23318 6
      vertex 24.7006 4.4417 6
      vertex 23.7125 4.29538 6
    endloop
  endfacet
  facet normal 0 -0 1
    outer loop
      vertex 23.7125 4.29538 6
      vertex 24.7006 4.4417 6
      vertex 23.702 4.35475 6
    endloop
  endfacet
  facet normal 0 0 1
    outer loop
      vertex 24.7057 4.47717 6
      vertex 23.6896 4.41129 6
      vertex 24.7006 4.4417 6
    endloop
  endfacet
  facet normal 0 -0 1
    outer loop
      vertex 23.6896 4.41129 6
      vertex 24.7057 4.47717 6
      vertex 23.6754 4.46501 6
    endloop
  endfacet
  facet normal 0 0 1
    outer loop
      vertex 24.7123 4.51144 6
      vertex 23.6754 4.46501 6
      vertex 24.7057 4.47717 6
    endloop
  endfacet
  facet normal 0 0 1
    outer loop
      vertex 24.7207 4.54449 6
      vertex 23.6592 4.5159 6
      vertex 24.7123 4.51144 6
    endloop
  endfacet
  facet normal 0 0 1
    outer loop
      vertex 24.7306 4.57631 6
      vertex 23.6592 4.5159 6
      vertex 24.7207 4.54449 6
    endloop
  endfacet
  facet normal 0 -0 1
    outer loop
      vertex 23.6592 4.5159 6
      vertex 24.7306 4.57631 6
      vertex 23.6412 4.56398 6
    endloop
  endfacet
  facet normal 0 0 1
    outer loop
      vertex 24.7423 4.60692 6
      vertex 23.6412 4.56398 6
      vertex 24.7306 4.57631 6
    endloop
  endfacet
  facet normal 0 -0 1
    outer loop
      vertex 23.6412 4.56398 6
      vertex 24.7423 4.60692 6
      vertex 23.6212 4.60922 6
    endloop
  endfacet
  facet normal 0 0 1
    outer loop
      vertex 24.7556 4.63631 6
      vertex 23.6212 4.60922 6
      vertex 24.7423 4.60692 6
    endloop
  endfacet
  facet normal 0 -0 1
    outer loop
      vertex 23.6212 4.60922 6
      vertex 24.7556 4.63631 6
      vertex 23.5993 4.65164 6
    endloop
  endfacet
  facet normal 0 0 1
    outer loop
      vertex 24.7706 4.66447 6
      vertex 23.5993 4.65164 6
      vertex 24.7556 4.63631 6
    endloop
  endfacet
  facet normal 0 -0 1
    outer loop
      vertex 23.5993 4.65164 6
      vertex 24.7706 4.66447 6
      vertex 23.5755 4.69124 6
    endloop
  endfacet
  facet normal 0 -0 1
    outer loop
      vertex 23.5755 4.69124 6
      vertex 24.7872 4.69142 6
      vertex 23.5498 4.72795 6
    endloop
  endfacet
  facet normal 0 0 1
    outer loop
      vertex 24.8471 4.76495 6
      vertex 23.5219 4.76173 6
      vertex 24.8255 4.74167 6
    endloop
  endfacet
  facet normal 0 0 1
    outer loop
      vertex 24.9216 4.82733 6
      vertex 23.4599 4.82047 6
      vertex 24.8953 4.80788 6
    endloop
  endfacet
  facet normal 0 0 1
    outer loop
      vertex 25.0074 4.87637 6
      vertex 23.3511 4.88657 6
      vertex 24.9777 4.86159 6
    endloop
  endfacet
  facet normal 0 0 1
    outer loop
      vertex 25.2095 4.93242 6
      vertex 23.1768 4.93356 6
      vertex 25.173 4.92697 6
    endloop
  endfacet
  facet normal 0 -0 1
    outer loop
      vertex 23.1768 4.93356 6
      vertex 25.2472 4.93633 6
      vertex 23.128 4.93796 6
    endloop
  endfacet
  facet normal 0 0 1
    outer loop
      vertex 23.128 4.93796 6
      vertex 22 32 6
      vertex 23.0771 4.93944 6
    endloop
  endfacet
  facet normal 0 0 1
    outer loop
      vertex 23.0771 4.93944 6
      vertex 22 32 6
      vertex 23.0248 4.93797 6
    endloop
  endfacet
  facet normal 0 0 1
    outer loop
      vertex 23.0248 4.93797 6
      vertex 22 32 6
      vertex 22.9747 4.93362 6
    endloop
  endfacet
  facet normal 0 0 1
    outer loop
      vertex 22.9747 4.93362 6
      vertex 22 32 6
      vertex 22.9268 4.92636 6
    endloop
  endfacet
  facet normal 0 0 1
    outer loop
      vertex 22.9268 4.92636 6
      vertex 22 32 6
      vertex 22.8811 4.9162 6
    endloop
  endfacet
  facet normal 0 0 1
    outer loop
      vertex 22.8811 4.9162 6
      vertex 22 32 6
      vertex 22.8376 4.90312 6
    endloop
  endfacet
  facet normal 0 0 1
    outer loop
      vertex 22.8376 4.90312 6
      vertex 22 32 6
      vertex 22.7964 4.88715 6
    endloop
  endfacet
  facet normal 0 0 1
    outer loop
      vertex 22.7964 4.88715 6
      vertex 22 32 6
      vertex 22.7573 4.86826 6
    endloop
  endfacet
  facet normal 0 0 1
    outer loop
      vertex 22.7573 4.86826 6
      vertex 22 32 6
      vertex 22.7204 4.84647 6
    endloop
  endfacet
  facet normal 0 0 1
    outer loop
      vertex 22.7204 4.84647 6
      vertex 22 32 6
      vertex 22.6858 4.82178 6
    endloop
  endfacet
  facet normal 0 0 1
    outer loop
      vertex 22.6858 4.82178 6
      vertex 22 32 6
      vertex 22.6533 4.79417 6
    endloop
  endfacet
  facet normal 0 0 1
    outer loop
      vertex 22.6533 4.79417 6
      vertex 22 32 6
      vertex 22.6231 4.76367 6
    endloop
  endfacet
  facet normal 0 0 1
    outer loop
      vertex 22.6231 4.76367 6
      vertex 22 32 6
      vertex 22.595 4.73027 6
    endloop
  endfacet
  facet normal 0 0 1
    outer loop
      vertex 22.595 4.73027 6
      vertex 22 32 6
      vertex 22.5692 4.69395 6
    endloop
  endfacet
  facet normal 0 0 1
    outer loop
      vertex 22.5692 4.69395 6
      vertex 22 32 6
      vertex 22.5454 4.65472 6
    endloop
  endfacet
  facet normal 0 0 1
    outer loop
      vertex 22.5454 4.65472 6
      vertex 22 32 6
      vertex 22.5236 4.61258 6
    endloop
  endfacet
  facet normal 0 0 1
    outer loop
      vertex 22.5236 4.61258 6
      vertex 22 32 6
      vertex 22.5036 4.5675 6
    endloop
  endfacet
  facet normal 0 0 1
    outer loop
      vertex 22.5036 4.5675 6
      vertex 22 32 6
      vertex 22.4855 4.51952 6
    endloop
  endfacet
  facet normal 0 0 1
    outer loop
      vertex 22.4855 4.51952 6
      vertex 22 32 6
      vertex 22.4694 4.46861 6
    endloop
  endfacet
  facet normal 0 0 1
    outer loop
      vertex 22.4694 4.46861 6
      vertex 22 32 6
      vertex 22.4551 4.41478 6
    endloop
  endfacet
  facet normal 0 0 1
    outer loop
      vertex 22.4551 4.41478 6
      vertex 22 32 6
      vertex 22.4427 4.35802 6
    endloop
  endfacet
  facet normal 0 0 1
    outer loop
      vertex 22.4123 4.10179 6
      vertex 22 0 6
      vertex 22.4094 4.03043 6
    endloop
  endfacet
  facet normal 0 0 1
    outer loop
      vertex 22.417 4.17023 6
      vertex 22 0 6
      vertex 22.4123 4.10179 6
    endloop
  endfacet
  facet normal 0 0 1
    outer loop
      vertex 22 0 6
      vertex 22.417 4.17023 6
      vertex 22 32 6
    endloop
  endfacet
  facet normal 0 0 1
    outer loop
      vertex 22.4237 4.23575 6
      vertex 22 32 6
      vertex 22.417 4.17023 6
    endloop
  endfacet
  facet normal 0 0 1
    outer loop
      vertex 22.4323 4.29834 6
      vertex 22 32 6
      vertex 22.4237 4.23575 6
    endloop
  endfacet
  facet normal 0 0 1
    outer loop
      vertex 22.4427 4.35802 6
      vertex 22 32 6
      vertex 22.4323 4.29834 6
    endloop
  endfacet
  facet normal -0 0 1
    outer loop
      vertex 25.984 3.48759 6
      vertex 26.7 0 6
      vertex 25.985 3.52757 6
    endloop
  endfacet
  facet normal -0 0 1
    outer loop
      vertex 25.981 3.44902 6
      vertex 26.7 0 6
      vertex 25.984 3.48759 6
    endloop
  endfacet
  facet normal -0 0 1
    outer loop
      vertex 25.9761 3.41187 6
      vertex 26.7 0 6
      vertex 25.981 3.44902 6
    endloop
  endfacet
  facet normal -0 0 1
    outer loop
      vertex 25.9691 3.37613 6
      vertex 26.7 0 6
      vertex 25.9761 3.41187 6
    endloop
  endfacet
  facet normal -0 0 1
    outer loop
      vertex 25.9601 3.3418 6
      vertex 26.7 0 6
      vertex 25.9691 3.37613 6
    endloop
  endfacet
  facet normal -0 0 1
    outer loop
      vertex 25.9492 3.30888 6
      vertex 26.7 0 6
      vertex 25.9601 3.3418 6
    endloop
  endfacet
  facet normal -0 0 1
    outer loop
      vertex 25.9363 3.27737 6
      vertex 26.7 0 6
      vertex 25.9492 3.30888 6
    endloop
  endfacet
  facet normal -0 0 1
    outer loop
      vertex 25.9213 3.24728 6
      vertex 26.7 0 6
      vertex 25.9363 3.27737 6
    endloop
  endfacet
  facet normal -0 0 1
    outer loop
      vertex 25.9044 3.2186 6
      vertex 26.7 0 6
      vertex 25.9213 3.24728 6
    endloop
  endfacet
  facet normal -0 0 1
    outer loop
      vertex 25.8855 3.19133 6
      vertex 26.7 0 6
      vertex 25.9044 3.2186 6
    endloop
  endfacet
  facet normal -0 0 1
    outer loop
      vertex 25.8646 3.16547 6
      vertex 26.7 0 6
      vertex 25.8855 3.19133 6
    endloop
  endfacet
  facet normal -0 0 1
    outer loop
      vertex 25.8417 3.14102 6
      vertex 26.7 0 6
      vertex 25.8646 3.16547 6
    endloop
  endfacet
  facet normal -0 0 1
    outer loop
      vertex 25.8168 3.118 6
      vertex 26.7 0 6
      vertex 25.8417 3.14102 6
    endloop
  endfacet
  facet normal -0 0 1
    outer loop
      vertex 25.7901 3.09653 6
      vertex 26.7 0 6
      vertex 25.8168 3.118 6
    endloop
  endfacet
  facet normal -0 0 1
    outer loop
      vertex 25.7617 3.07678 6
      vertex 26.7 0 6
      vertex 25.7901 3.09653 6
    endloop
  endfacet
  facet normal -0 0 1
    outer loop
      vertex 25.7316 3.05875 6
      vertex 26.7 0 6
      vertex 25.7617 3.07678 6
    endloop
  endfacet
  facet normal -0 0 1
    outer loop
      vertex 25.6997 3.04242 6
      vertex 26.7 0 6
      vertex 25.7316 3.05875 6
    endloop
  endfacet
  facet normal -0 0 1
    outer loop
      vertex 25.6662 3.02783 6
      vertex 26.7 0 6
      vertex 25.6997 3.04242 6
    endloop
  endfacet
  facet normal -0 0 1
    outer loop
      vertex 25.631 3.01495 6
      vertex 26.7 0 6
      vertex 25.6662 3.02783 6
    endloop
  endfacet
  facet normal -0 0 1
    outer loop
      vertex 25.5941 3.00378 6
      vertex 26.7 0 6
      vertex 25.631 3.01495 6
    endloop
  endfacet
  facet normal -0 0 1
    outer loop
      vertex 25.5554 2.99435 6
      vertex 26.7 0 6
      vertex 25.5941 3.00378 6
    endloop
  endfacet
  facet normal -0 0 1
    outer loop
      vertex 25.5151 2.98663 6
      vertex 26.7 0 6
      vertex 25.5554 2.99435 6
    endloop
  endfacet
  facet normal -0 0 1
    outer loop
      vertex 25.473 2.98062 6
      vertex 26.7 0 6
      vertex 25.5151 2.98663 6
    endloop
  endfacet
  facet normal -0 0 1
    outer loop
      vertex 25.4293 2.97632 6
      vertex 26.7 0 6
      vertex 25.473 2.98062 6
    endloop
  endfacet
  facet normal -0 0 1
    outer loop
      vertex 25.3839 2.97374 6
      vertex 26.7 0 6
      vertex 25.4293 2.97632 6
    endloop
  endfacet
  facet normal -0 0 1
    outer loop
      vertex 25.3367 2.97289 6
      vertex 26.7 0 6
      vertex 25.3839 2.97374 6
    endloop
  endfacet
  facet normal 0 0 1
    outer loop
      vertex 25.2928 2.97366 6
      vertex 26.7 0 6
      vertex 25.3367 2.97289 6
    endloop
  endfacet
  facet normal 0 0 1
    outer loop
      vertex 25.2502 2.97598 6
      vertex 26.7 0 6
      vertex 25.2928 2.97366 6
    endloop
  endfacet
  facet normal 0 0 1
    outer loop
      vertex 25.209 2.97986 6
      vertex 26.7 0 6
      vertex 25.2502 2.97598 6
    endloop
  endfacet
  facet normal 0 0 1
    outer loop
      vertex 25.1692 2.98528 6
      vertex 26.7 0 6
      vertex 25.209 2.97986 6
    endloop
  endfacet
  facet normal 0 0 1
    outer loop
      vertex 25.1308 2.99225 6
      vertex 26.7 0 6
      vertex 25.1692 2.98528 6
    endloop
  endfacet
  facet normal -0 0 1
    outer loop
      vertex 24.3267 3 6
      vertex 25.1308 2.99225 6
      vertex 25.0938 3.00075 6
    endloop
  endfacet
  facet normal 0 0 1
    outer loop
      vertex 24.3267 3 6
      vertex 25.0938 3.00075 6
      vertex 25.0582 3.01082 6
    endloop
  endfacet
  facet normal 0 0 1
    outer loop
      vertex 24.3267 3 6
      vertex 25.0582 3.01082 6
      vertex 25.024 3.02243 6
    endloop
  endfacet
  facet normal 0 0 1
    outer loop
      vertex 24.3267 3 6
      vertex 25.024 3.02243 6
      vertex 24.9911 3.0356 6
    endloop
  endfacet
  facet normal 0 0 1
    outer loop
      vertex 24.3267 3 6
      vertex 24.9911 3.0356 6
      vertex 24.9596 3.05032 6
    endloop
  endfacet
  facet normal 0 0 1
    outer loop
      vertex 24.3267 3 6
      vertex 24.9596 3.05032 6
      vertex 24.9296 3.06657 6
    endloop
  endfacet
  facet normal 0 0 1
    outer loop
      vertex 24.3267 3 6
      vertex 24.9296 3.06657 6
      vertex 24.9009 3.0844 6
    endloop
  endfacet
  facet normal 0 0 1
    outer loop
      vertex 24.3267 3 6
      vertex 24.9009 3.0844 6
      vertex 24.8736 3.10376 6
    endloop
  endfacet
  facet normal 0 0 1
    outer loop
      vertex 24.3267 3 6
      vertex 24.8736 3.10376 6
      vertex 24.8478 3.12463 6
    endloop
  endfacet
  facet normal 0 0 1
    outer loop
      vertex 24.3267 3 6
      vertex 24.8478 3.12463 6
      vertex 24.8237 3.14699 6
    endloop
  endfacet
  facet normal 0 0 1
    outer loop
      vertex 24.3267 3 6
      vertex 24.8237 3.14699 6
      vertex 24.8012 3.17084 6
    endloop
  endfacet
  facet normal 0 0 1
    outer loop
      vertex 24.3267 3 6
      vertex 24.8012 3.17084 6
      vertex 24.7805 3.19617 6
    endloop
  endfacet
  facet normal 0 0 1
    outer loop
      vertex 24.3267 3 6
      vertex 24.7805 3.19617 6
      vertex 24.7613 3.22299 6
    endloop
  endfacet
  facet normal 0 0 1
    outer loop
      vertex 24.3267 3 6
      vertex 24.7613 3.22299 6
      vertex 24.7439 3.25128 6
    endloop
  endfacet
  facet normal 0 0 1
    outer loop
      vertex 24.3267 3.29701 6
      vertex 24.6739 3.45226 6
      vertex 24.6681 3.49095 6
    endloop
  endfacet
  facet normal 0 0 1
    outer loop
      vertex 24.3267 3.29701 6
      vertex 24.6814 3.41505 6
      vertex 24.6739 3.45226 6
    endloop
  endfacet
  facet normal 0 0 1
    outer loop
      vertex 24.3267 3.29701 6
      vertex 24.6906 3.37933 6
      vertex 24.6814 3.41505 6
    endloop
  endfacet
  facet normal 0 0 1
    outer loop
      vertex 24.3267 3.29701 6
      vertex 24.7014 3.34509 6
      vertex 24.6906 3.37933 6
    endloop
  endfacet
  facet normal 0 0 1
    outer loop
      vertex 24.3267 3.29701 6
      vertex 24.7139 3.31233 6
      vertex 24.7014 3.34509 6
    endloop
  endfacet
  facet normal -0 0 1
    outer loop
      vertex 24.3267 3.29701 6
      vertex 24.7281 3.28107 6
      vertex 24.7139 3.31233 6
    endloop
  endfacet
  facet normal 0 0 1
    outer loop
      vertex 24.3267 3.29701 6
      vertex 24.7439 3.25128 6
      vertex 24.7281 3.28107 6
    endloop
  endfacet
  facet normal 0 0 1
    outer loop
      vertex 24.3267 3 6
      vertex 24.7439 3.25128 6
      vertex 24.3267 3.29701 6
    endloop
  endfacet
  facet normal 0 0 1
    outer loop
      vertex 25.1308 2.99225 6
      vertex 24.3267 3 6
      vertex 26.7 0 6
    endloop
  endfacet
  facet normal 0 0 1
    outer loop
      vertex 22 0 6
      vertex 24.3267 3 6
      vertex 24.0623 3 6
    endloop
  endfacet
  facet normal 0 0 1
    outer loop
      vertex 24.3267 3.29701 6
      vertex 23.7323 3.81421 6
      vertex 24.0623 3.29701 6
    endloop
  endfacet
  facet normal -0 0 1
    outer loop
      vertex 23.7273 3.74725 6
      vertex 24.0623 3.29701 6
      vertex 23.7323 3.81421 6
    endloop
  endfacet
  facet normal -0 0 1
    outer loop
      vertex 23.7203 3.68297 6
      vertex 24.0623 3.29701 6
      vertex 23.7273 3.74725 6
    endloop
  endfacet
  facet normal -0 0 1
    outer loop
      vertex 23.7113 3.62138 6
      vertex 24.0623 3.29701 6
      vertex 23.7203 3.68297 6
    endloop
  endfacet
  facet normal -0 0 1
    outer loop
      vertex 23.7003 3.56247 6
      vertex 24.0623 3.29701 6
      vertex 23.7113 3.62138 6
    endloop
  endfacet
  facet normal -0 0 1
    outer loop
      vertex 23.6873 3.50624 6
      vertex 24.0623 3.29701 6
      vertex 23.7003 3.56247 6
    endloop
  endfacet
  facet normal -0 0 1
    outer loop
      vertex 23.6723 3.45268 6
      vertex 24.0623 3.29701 6
      vertex 23.6873 3.50624 6
    endloop
  endfacet
  facet normal -0 0 1
    outer loop
      vertex 23.6553 3.40181 6
      vertex 24.0623 3.29701 6
      vertex 23.6723 3.45268 6
    endloop
  endfacet
  facet normal -0 0 1
    outer loop
      vertex 23.6363 3.35362 6
      vertex 24.0623 3.29701 6
      vertex 23.6553 3.40181 6
    endloop
  endfacet
  facet normal -0 0 1
    outer loop
      vertex 23.6154 3.30811 6
      vertex 24.0623 3.29701 6
      vertex 23.6363 3.35362 6
    endloop
  endfacet
  facet normal 0 0 1
    outer loop
      vertex 23.5924 3.26529 6
      vertex 24.0623 3.29701 6
      vertex 23.6154 3.30811 6
    endloop
  endfacet
  facet normal 0 0 1
    outer loop
      vertex 24.0623 3.29701 6
      vertex 23.5924 3.26529 6
      vertex 24.0623 3 6
    endloop
  endfacet
  facet normal -0 0 1
    outer loop
      vertex 23.5674 3.22513 6
      vertex 24.0623 3 6
      vertex 23.5924 3.26529 6
    endloop
  endfacet
  facet normal -0 0 1
    outer loop
      vertex 23.5405 3.18782 6
      vertex 24.0623 3 6
      vertex 23.5674 3.22513 6
    endloop
  endfacet
  facet normal -0 0 1
    outer loop
      vertex 23.5116 3.15349 6
      vertex 24.0623 3 6
      vertex 23.5405 3.18782 6
    endloop
  endfacet
  facet normal -0 0 1
    outer loop
      vertex 23.4809 3.12213 6
      vertex 24.0623 3 6
      vertex 23.5116 3.15349 6
    endloop
  endfacet
  facet normal -0 0 1
    outer loop
      vertex 23.4483 3.09378 6
      vertex 24.0623 3 6
      vertex 23.4809 3.12213 6
    endloop
  endfacet
  facet normal -0 0 1
    outer loop
      vertex 23.4137 3.06841 6
      vertex 24.0623 3 6
      vertex 23.4483 3.09378 6
    endloop
  endfacet
  facet normal -0 0 1
    outer loop
      vertex 23.3773 3.04601 6
      vertex 24.0623 3 6
      vertex 23.4137 3.06841 6
    endloop
  endfacet
  facet normal -0 0 1
    outer loop
      vertex 23.339 3.02661 6
      vertex 24.0623 3 6
      vertex 23.3773 3.04601 6
    endloop
  endfacet
  facet normal -0 0 1
    outer loop
      vertex 23.2987 3.01019 6
      vertex 24.0623 3 6
      vertex 23.339 3.02661 6
    endloop
  endfacet
  facet normal 0 0 1
    outer loop
      vertex 23.2566 2.99677 6
      vertex 24.0623 3 6
      vertex 23.2987 3.01019 6
    endloop
  endfacet
  facet normal 0 0 1
    outer loop
      vertex 23.2125 2.98633 6
      vertex 24.0623 3 6
      vertex 23.2566 2.99677 6
    endloop
  endfacet
  facet normal 0 0 1
    outer loop
      vertex 24.0623 3 6
      vertex 23.2125 2.98633 6
      vertex 22 0 6
    endloop
  endfacet
  facet normal 0 0 1
    outer loop
      vertex 22 0 6
      vertex 23.2125 2.98633 6
      vertex 23.1666 2.97885 6
    endloop
  endfacet
  facet normal 0 0 1
    outer loop
      vertex 22 0 6
      vertex 23.1666 2.97885 6
      vertex 23.1187 2.97438 6
    endloop
  endfacet
  facet normal 0 0 1
    outer loop
      vertex 22 0 6
      vertex 23.1187 2.97438 6
      vertex 23.069 2.97289 6
    endloop
  endfacet
  facet normal 0 0 1
    outer loop
      vertex 22 0 6
      vertex 23.069 2.97289 6
      vertex 23.0193 2.97437 6
    endloop
  endfacet
  facet normal 0 0 1
    outer loop
      vertex 22 0 6
      vertex 23.0193 2.97437 6
      vertex 22.9715 2.97882 6
    endloop
  endfacet
  facet normal 0 0 1
    outer loop
      vertex 22 0 6
      vertex 22.9715 2.97882 6
      vertex 22.9256 2.98625 6
    endloop
  endfacet
  facet normal 0 0 1
    outer loop
      vertex 22 0 6
      vertex 22.9256 2.98625 6
      vertex 22.8817 2.99664 6
    endloop
  endfacet
  facet normal 0 0 1
    outer loop
      vertex 22 0 6
      vertex 22.8817 2.99664 6
      vertex 22.8397 3.00999 6
    endloop
  endfacet
  facet normal 0 0 1
    outer loop
      vertex 22 0 6
      vertex 22.8397 3.00999 6
      vertex 22.7997 3.02632 6
    endloop
  endfacet
  facet normal 0 0 1
    outer loop
      vertex 22 0 6
      vertex 22.7997 3.02632 6
      vertex 22.7616 3.04562 6
    endloop
  endfacet
  facet normal 0 0 1
    outer loop
      vertex 22 0 6
      vertex 22.7616 3.04562 6
      vertex 22.7255 3.06789 6
    endloop
  endfacet
  facet normal 0 0 1
    outer loop
      vertex 22 0 6
      vertex 22.7255 3.06789 6
      vertex 22.6913 3.09312 6
    endloop
  endfacet
  facet normal 0 0 1
    outer loop
      vertex 22.4094 4.03043 6
      vertex 22 0 6
      vertex 22.4085 3.95615 6
    endloop
  endfacet
  facet normal 0 0 1
    outer loop
      vertex 24.3267 3 6
      vertex 22 0 6
      vertex 26.7 0 6
    endloop
  endfacet
  facet normal 0 0 1
    outer loop
      vertex 22.6591 3.12134 6
      vertex 22 0 6
      vertex 22.6913 3.09312 6
    endloop
  endfacet
  facet normal 0 0 1
    outer loop
      vertex 22.6287 3.15251 6
      vertex 22 0 6
      vertex 22.6591 3.12134 6
    endloop
  endfacet
  facet normal 0 0 1
    outer loop
      vertex 22.6004 3.18666 6
      vertex 22 0 6
      vertex 22.6287 3.15251 6
    endloop
  endfacet
  facet normal 0 0 1
    outer loop
      vertex 22.574 3.22377 6
      vertex 22 0 6
      vertex 22.6004 3.18666 6
    endloop
  endfacet
  facet normal 0 0 1
    outer loop
      vertex 22.5495 3.26373 6
      vertex 22 0 6
      vertex 22.574 3.22377 6
    endloop
  endfacet
  facet normal 0 0 1
    outer loop
      vertex 22.527 3.30643 6
      vertex 22 0 6
      vertex 22.5495 3.26373 6
    endloop
  endfacet
  facet normal 0 0 1
    outer loop
      vertex 22.5064 3.35185 6
      vertex 22 0 6
      vertex 22.527 3.30643 6
    endloop
  endfacet
  facet normal 0 0 1
    outer loop
      vertex 22.4878 3.40001 6
      vertex 22 0 6
      vertex 22.5064 3.35185 6
    endloop
  endfacet
  facet normal 0 0 1
    outer loop
      vertex 22.4712 3.45088 6
      vertex 22 0 6
      vertex 22.4878 3.40001 6
    endloop
  endfacet
  facet normal 0 0 1
    outer loop
      vertex 22.4565 3.50449 6
      vertex 22 0 6
      vertex 22.4712 3.45088 6
    endloop
  endfacet
  facet normal 0 0 1
    outer loop
      vertex 22.4437 3.56082 6
      vertex 22 0 6
      vertex 22.4565 3.50449 6
    endloop
  endfacet
  facet normal 0 0 1
    outer loop
      vertex 22.433 3.61989 6
      vertex 22 0 6
      vertex 22.4437 3.56082 6
    endloop
  endfacet
  facet normal 0 0 1
    outer loop
      vertex 22.4242 3.68169 6
      vertex 22 0 6
      vertex 22.433 3.61989 6
    endloop
  endfacet
  facet normal 0 0 1
    outer loop
      vertex 22.4173 3.74622 6
      vertex 22 0 6
      vertex 22.4242 3.68169 6
    endloop
  endfacet
  facet normal 0 0 1
    outer loop
      vertex 22.4124 3.81346 6
      vertex 22 0 6
      vertex 22.4173 3.74622 6
    endloop
  endfacet
  facet normal 0 0 1
    outer loop
      vertex 22.4095 3.88344 6
      vertex 22 0 6
      vertex 22.4124 3.81346 6
    endloop
  endfacet
  facet normal 0 0 1
    outer loop
      vertex 22.4085 3.95615 6
      vertex 22 0 6
      vertex 22.4095 3.88344 6
    endloop
  endfacet
  facet normal -0 0 1
    outer loop
      vertex 25.9224 4.32736 6
      vertex 25.9674 3.65919 6
      vertex 25.9267 4.35269 6
    endloop
  endfacet
  facet normal 0 0 1
    outer loop
      vertex 25.9674 3.65919 6
      vertex 25.9224 4.32736 6
      vertex 25.9596 3.68329 6
    endloop
  endfacet
  facet normal -0 0 1
    outer loop
      vertex 25.917 4.30284 6
      vertex 25.9596 3.68329 6
      vertex 25.9224 4.32736 6
    endloop
  endfacet
  facet normal 0 0 1
    outer loop
      vertex 25.9596 3.68329 6
      vertex 25.917 4.30284 6
      vertex 25.9504 3.70667 6
    endloop
  endfacet
  facet normal -0 0 1
    outer loop
      vertex 25.9103 4.27913 6
      vertex 25.9504 3.70667 6
      vertex 25.917 4.30284 6
    endloop
  endfacet
  facet normal 0 0 1
    outer loop
      vertex 25.9504 3.70667 6
      vertex 25.9103 4.27913 6
      vertex 25.9398 3.72929 6
    endloop
  endfacet
  facet normal -0 0 1
    outer loop
      vertex 25.9024 4.25623 6
      vertex 25.9398 3.72929 6
      vertex 25.9103 4.27913 6
    endloop
  endfacet
  facet normal 0 0 1
    outer loop
      vertex 25.9398 3.72929 6
      vertex 25.9024 4.25623 6
      vertex 25.9278 3.75119 6
    endloop
  endfacet
  facet normal -0 0 1
    outer loop
      vertex 25.8934 4.23415 6
      vertex 25.9278 3.75119 6
      vertex 25.9024 4.25623 6
    endloop
  endfacet
  facet normal 0 0 1
    outer loop
      vertex 25.9278 3.75119 6
      vertex 25.8934 4.23415 6
      vertex 25.9144 3.77234 6
    endloop
  endfacet
  facet normal -0 0 1
    outer loop
      vertex 25.8831 4.21286 6
      vertex 25.9144 3.77234 6
      vertex 25.8934 4.23415 6
    endloop
  endfacet
  facet normal 0 0 1
    outer loop
      vertex 25.9144 3.77234 6
      vertex 25.8831 4.21286 6
      vertex 25.8996 3.79276 6
    endloop
  endfacet
  facet normal -0 0 1
    outer loop
      vertex 25.8715 4.1924 6
      vertex 25.8996 3.79276 6
      vertex 25.8831 4.21286 6
    endloop
  endfacet
  facet normal 0 0 1
    outer loop
      vertex 25.8996 3.79276 6
      vertex 25.8715 4.1924 6
      vertex 25.8833 3.81244 6
    endloop
  endfacet
  facet normal -0 0 1
    outer loop
      vertex 25.8588 4.17273 6
      vertex 25.8833 3.81244 6
      vertex 25.8715 4.1924 6
    endloop
  endfacet
  facet normal 0 0 1
    outer loop
      vertex 25.8833 3.81244 6
      vertex 25.8588 4.17273 6
      vertex 25.8657 3.83138 6
    endloop
  endfacet
  facet normal -0 0 1
    outer loop
      vertex 25.8449 4.15388 6
      vertex 25.8657 3.83138 6
      vertex 25.8588 4.17273 6
    endloop
  endfacet
  facet normal 0 0 1
    outer loop
      vertex 25.8657 3.83138 6
      vertex 25.8449 4.15388 6
      vertex 25.8467 3.84937 6
    endloop
  endfacet
  facet normal -0 0 1
    outer loop
      vertex 25.8297 4.13585 6
      vertex 25.8467 3.84937 6
      vertex 25.8449 4.15388 6
    endloop
  endfacet
  facet normal 0 0 1
    outer loop
      vertex 25.8297 4.13585 6
      vertex 25.8267 3.8662 6
      vertex 25.8467 3.84937 6
    endloop
  endfacet
  facet normal -0 0 1
    outer loop
      vertex 25.8134 4.11865 6
      vertex 25.8267 3.8662 6
      vertex 25.8297 4.13585 6
    endloop
  endfacet
  facet normal -0 0 1
    outer loop
      vertex 25.796 4.10234 6
      vertex 25.8267 3.8662 6
      vertex 25.8134 4.11865 6
    endloop
  endfacet
  facet normal 0 0 1
    outer loop
      vertex 25.8267 3.8662 6
      vertex 25.796 4.10234 6
      vertex 25.8055 3.88188 6
    endloop
  endfacet
  facet normal -0 0 1
    outer loop
      vertex 25.7775 4.0869 6
      vertex 25.8055 3.88188 6
      vertex 25.796 4.10234 6
    endloop
  endfacet
  facet normal 0 0 1
    outer loop
      vertex 25.8055 3.88188 6
      vertex 25.7775 4.0869 6
      vertex 25.7832 3.89641 6
    endloop
  endfacet
  facet normal -0 0 1
    outer loop
      vertex 25.7579 4.07233 6
      vertex 25.7832 3.89641 6
      vertex 25.7775 4.0869 6
    endloop
  endfacet
  facet normal 0 0 1
    outer loop
      vertex 25.7832 3.89641 6
      vertex 25.7579 4.07233 6
      vertex 25.7598 3.90977 6
    endloop
  endfacet
  facet normal -0 0 1
    outer loop
      vertex 25.7372 4.05862 6
      vertex 25.7598 3.90977 6
      vertex 25.7579 4.07233 6
    endloop
  endfacet
  facet normal 0 0 1
    outer loop
      vertex 25.7372 4.05862 6
      vertex 25.7353 3.92198 6
      vertex 25.7598 3.90977 6
    endloop
  endfacet
  facet normal -0 0 1
    outer loop
      vertex 25.7154 4.04581 6
      vertex 25.7353 3.92198 6
      vertex 25.7372 4.05862 6
    endloop
  endfacet
  facet normal 0 0 1
    outer loop
      vertex 25.7154 4.04581 6
      vertex 25.7096 3.93304 6
      vertex 25.7353 3.92198 6
    endloop
  endfacet
  facet normal -0 0 1
    outer loop
      vertex 25.6925 4.03386 6
      vertex 25.7096 3.93304 6
      vertex 25.7154 4.04581 6
    endloop
  endfacet
  facet normal 0 0 1
    outer loop
      vertex 25.6925 4.03386 6
      vertex 25.6828 3.94295 6
      vertex 25.7096 3.93304 6
    endloop
  endfacet
  facet normal -0 0 1
    outer loop
      vertex 25.6685 4.0228 6
      vertex 25.6828 3.94295 6
      vertex 25.6925 4.03386 6
    endloop
  endfacet
  facet normal 0 0 1
    outer loop
      vertex 25.6685 4.0228 6
      vertex 25.6549 3.95169 6
      vertex 25.6828 3.94295 6
    endloop
  endfacet
  facet normal -0 0 1
    outer loop
      vertex 25.6434 4.01259 6
      vertex 25.6549 3.95169 6
      vertex 25.6685 4.0228 6
    endloop
  endfacet
  facet normal 0 0 1
    outer loop
      vertex 25.6434 4.01259 6
      vertex 25.6259 3.95929 6
      vertex 25.6549 3.95169 6
    endloop
  endfacet
  facet normal -0 0 1
    outer loop
      vertex 25.6172 4.00327 6
      vertex 25.6259 3.95929 6
      vertex 25.6434 4.01259 6
    endloop
  endfacet
  facet normal 0 0 1
    outer loop
      vertex 25.6172 4.00327 6
      vertex 25.5957 3.96573 6
      vertex 25.6259 3.95929 6
    endloop
  endfacet
  facet normal -0 0 1
    outer loop
      vertex 25.5899 3.99483 6
      vertex 25.5957 3.96573 6
      vertex 25.6172 4.00327 6
    endloop
  endfacet
  facet normal 0 0 1
    outer loop
      vertex 25.5899 3.99483 6
      vertex 25.5644 3.97101 6
      vertex 25.5957 3.96573 6
    endloop
  endfacet
  facet normal -0 0 1
    outer loop
      vertex 25.5615 3.98724 6
      vertex 25.5644 3.97101 6
      vertex 25.5899 3.99483 6
    endloop
  endfacet
  facet normal 0 0 1
    outer loop
      vertex 25.532 3.97513 6
      vertex 25.5615 3.98724 6
      vertex 25.532 3.98055 6
    endloop
  endfacet
  facet normal 0 0 1
    outer loop
      vertex 25.5615 3.98724 6
      vertex 25.532 3.97513 6
      vertex 25.5644 3.97101 6
    endloop
  endfacet
  facet normal 0 0 1
    outer loop
      vertex 25.4941 4.12015 6
      vertex 25.6812 4.40778 6
      vertex 25.6807 4.43097 6
    endloop
  endfacet
  facet normal 0 0 1
    outer loop
      vertex 25.4005 4.73398 6
      vertex 25.6807 4.43097 6
      vertex 25.6791 4.4534 6
    endloop
  endfacet
  facet normal 0 0 1
    outer loop
      vertex 25.6812 4.40778 6
      vertex 25.4941 4.12015 6
      vertex 25.6806 4.38438 6
    endloop
  endfacet
  facet normal 0 0 1
    outer loop
      vertex 25.4242 4.7303 6
      vertex 25.6791 4.4534 6
      vertex 25.6764 4.47508 6
    endloop
  endfacet
  facet normal 0 -0 1
    outer loop
      vertex 25.5149 4.12997 6
      vertex 25.6806 4.38438 6
      vertex 25.4941 4.12015 6
    endloop
  endfacet
  facet normal 0 0 1
    outer loop
      vertex 25.4469 4.72557 6
      vertex 25.6764 4.47508 6
      vertex 25.6727 4.49599 6
    endloop
  endfacet
  facet normal 0 0 1
    outer loop
      vertex 25.6806 4.38438 6
      vertex 25.5149 4.12997 6
      vertex 25.6786 4.36179 6
    endloop
  endfacet
  facet normal 0 0 1
    outer loop
      vertex 25.4469 4.72557 6
      vertex 25.6727 4.49599 6
      vertex 25.6679 4.51613 6
    endloop
  endfacet
  facet normal 0 -0 1
    outer loop
      vertex 25.5345 4.14084 6
      vertex 25.6786 4.36179 6
      vertex 25.5149 4.12997 6
    endloop
  endfacet
  facet normal 0 0 1
    outer loop
      vertex 25.4685 4.71979 6
      vertex 25.6679 4.51613 6
      vertex 25.662 4.53552 6
    endloop
  endfacet
  facet normal 0 -0 1
    outer loop
      vertex 25.5531 4.15276 6
      vertex 25.6753 4.34 6
      vertex 25.5345 4.14084 6
    endloop
  endfacet
  facet normal 0 0 1
    outer loop
      vertex 25.4685 4.71979 6
      vertex 25.662 4.53552 6
      vertex 25.6551 4.55414 6
    endloop
  endfacet
  facet normal 0 0 1
    outer loop
      vertex 25.6764 4.47508 6
      vertex 25.4469 4.72557 6
      vertex 25.4242 4.7303 6
    endloop
  endfacet
  facet normal 0 0 1
    outer loop
      vertex 25.4891 4.71295 6
      vertex 25.6551 4.55414 6
      vertex 25.6471 4.57201 6
    endloop
  endfacet
  facet normal 0 0 1
    outer loop
      vertex 25.6753 4.34 6
      vertex 25.5531 4.15276 6
      vertex 25.6708 4.31898 6
    endloop
  endfacet
  facet normal 0 0 1
    outer loop
      vertex 25.4891 4.71295 6
      vertex 25.6471 4.57201 6
      vertex 25.638 4.5891 6
    endloop
  endfacet
  facet normal 0 0 1
    outer loop
      vertex 25.6679 4.51613 6
      vertex 25.4685 4.71979 6
      vertex 25.4469 4.72557 6
    endloop
  endfacet
  facet normal 0 0 1
    outer loop
      vertex 25.4891 4.71295 6
      vertex 25.638 4.5891 6
      vertex 25.6278 4.60544 6
    endloop
  endfacet
  facet normal 0 0 1
    outer loop
      vertex 25.4891 4.71295 6
      vertex 25.6278 4.60544 6
      vertex 25.6166 4.62102 6
    endloop
  endfacet
  facet normal 0 0 1
    outer loop
      vertex 25.6708 4.31898 6
      vertex 25.5707 4.1657 6
      vertex 25.6649 4.29878 6
    endloop
  endfacet
  facet normal 0 0 1
    outer loop
      vertex 25.5087 4.70506 6
      vertex 25.6166 4.62102 6
      vertex 25.6044 4.63582 6
    endloop
  endfacet
  facet normal 0 0 1
    outer loop
      vertex 25.6394 4.24292 6
      vertex 25.6158 4.20964 6
      vertex 25.6282 4.22588 6
    endloop
  endfacet
  facet normal 0 0 1
    outer loop
      vertex 25.5087 4.70506 6
      vertex 25.6044 4.63582 6
      vertex 25.591 4.64987 6
    endloop
  endfacet
  facet normal 0 0 1
    outer loop
      vertex 25.6551 4.55414 6
      vertex 25.4891 4.71295 6
      vertex 25.4685 4.71979 6
    endloop
  endfacet
  facet normal 0 0 1
    outer loop
      vertex 25.5087 4.70506 6
      vertex 25.591 4.64987 6
      vertex 25.5766 4.66301 6
    endloop
  endfacet
  facet normal 0 0 1
    outer loop
      vertex 25.6394 4.24292 6
      vertex 25.6021 4.1942 6
      vertex 25.6158 4.20964 6
    endloop
  endfacet
  facet normal 0 0 1
    outer loop
      vertex 25.5447 4.68614 6
      vertex 25.5766 4.66301 6
      vertex 25.5612 4.67511 6
    endloop
  endfacet
  facet normal 0 0 1
    outer loop
      vertex 25.5272 4.69614 6
      vertex 25.5766 4.66301 6
      vertex 25.5447 4.68614 6
    endloop
  endfacet
  facet normal 0 0 1
    outer loop
      vertex 25.5087 4.70506 6
      vertex 25.5766 4.66301 6
      vertex 25.5272 4.69614 6
    endloop
  endfacet
  facet normal 0 0 1
    outer loop
      vertex 25.6166 4.62102 6
      vertex 25.5087 4.70506 6
      vertex 25.4891 4.71295 6
    endloop
  endfacet
  facet normal 0 0 1
    outer loop
      vertex 25.6394 4.24292 6
      vertex 25.587 4.17955 6
      vertex 25.6021 4.1942 6
    endloop
  endfacet
  facet normal 0 0 1
    outer loop
      vertex 25.6394 4.24292 6
      vertex 25.5707 4.1657 6
      vertex 25.587 4.17955 6
    endloop
  endfacet
  facet normal 0 0 1
    outer loop
      vertex 25.6492 4.26074 6
      vertex 25.5707 4.1657 6
      vertex 25.6394 4.24292 6
    endloop
  endfacet
  facet normal 0 0 1
    outer loop
      vertex 25.6577 4.27936 6
      vertex 25.5707 4.1657 6
      vertex 25.6492 4.26074 6
    endloop
  endfacet
  facet normal 0 0 1
    outer loop
      vertex 25.6649 4.29878 6
      vertex 25.5707 4.1657 6
      vertex 25.6577 4.27936 6
    endloop
  endfacet
  facet normal 0 -0 1
    outer loop
      vertex 25.5707 4.1657 6
      vertex 25.6708 4.31898 6
      vertex 25.5531 4.15276 6
    endloop
  endfacet
  facet normal 0 0 1
    outer loop
      vertex 25.6786 4.36179 6
      vertex 25.5345 4.14084 6
      vertex 25.6753 4.34 6
    endloop
  endfacet
  facet normal 0 0 1
    outer loop
      vertex 25.6791 4.4534 6
      vertex 25.4242 4.7303 6
      vertex 25.4005 4.73398 6
    endloop
  endfacet
  facet normal 0 0 1
    outer loop
      vertex 25.6807 4.43097 6
      vertex 25.4723 4.11134 6
      vertex 25.4941 4.12015 6
    endloop
  endfacet
  facet normal 0 0 1
    outer loop
      vertex 25.6807 4.43097 6
      vertex 25.4005 4.73398 6
      vertex 25.4723 4.11134 6
    endloop
  endfacet
  facet normal 0 0 1
    outer loop
      vertex 25.4723 4.11134 6
      vertex 25.4005 4.73398 6
      vertex 25.4494 4.10358 6
    endloop
  endfacet
  facet normal 0 0 1
    outer loop
      vertex 25.3758 4.7366 6
      vertex 25.4494 4.10358 6
      vertex 25.4005 4.73398 6
    endloop
  endfacet
  facet normal 0 0 1
    outer loop
      vertex 25.4494 4.10358 6
      vertex 25.3758 4.7366 6
      vertex 25.4255 4.09685 6
    endloop
  endfacet
  facet normal 0 0 1
    outer loop
      vertex 25.4255 4.09685 6
      vertex 25.3758 4.7366 6
      vertex 25.4005 4.09116 6
    endloop
  endfacet
  facet normal 0 0 1
    outer loop
      vertex 25.35 4.73819 6
      vertex 25.4005 4.09116 6
      vertex 25.3758 4.7366 6
    endloop
  endfacet
  facet normal 0 0 1
    outer loop
      vertex 25.4005 4.09116 6
      vertex 25.35 4.73819 6
      vertex 25.3744 4.0865 6
    endloop
  endfacet
  facet normal 0 0 1
    outer loop
      vertex 25.3232 4.73871 6
      vertex 25.3744 4.0865 6
      vertex 25.35 4.73819 6
    endloop
  endfacet
  facet normal 0 0 1
    outer loop
      vertex 25.3744 4.0865 6
      vertex 25.3232 4.73871 6
      vertex 25.3473 4.08287 6
    endloop
  endfacet
  facet normal -0 0 1
    outer loop
      vertex 25.2987 4.73822 6
      vertex 25.3473 4.08287 6
      vertex 25.3232 4.73871 6
    endloop
  endfacet
  facet normal -0 0 1
    outer loop
      vertex 25.275 4.73676 6
      vertex 25.3473 4.08287 6
      vertex 25.2987 4.73822 6
    endloop
  endfacet
  facet normal 0 0 1
    outer loop
      vertex 25.3473 4.08287 6
      vertex 25.275 4.73676 6
      vertex 25.3191 4.08028 6
    endloop
  endfacet
  facet normal -0 0 1
    outer loop
      vertex 25.252 4.7343 6
      vertex 25.3191 4.08028 6
      vertex 25.275 4.73676 6
    endloop
  endfacet
  facet normal -0 0 1
    outer loop
      vertex 25.2297 4.73088 6
      vertex 25.3191 4.08028 6
      vertex 25.252 4.7343 6
    endloop
  endfacet
  facet normal 0 0 1
    outer loop
      vertex 25.3191 4.08028 6
      vertex 25.2297 4.73088 6
      vertex 25.2898 4.07874 6
    endloop
  endfacet
  facet normal -0 0 1
    outer loop
      vertex 25.2082 4.72647 6
      vertex 25.2898 4.07874 6
      vertex 25.2297 4.73088 6
    endloop
  endfacet
  facet normal -0 0 1
    outer loop
      vertex 25.1873 4.72108 6
      vertex 25.2898 4.07874 6
      vertex 25.2082 4.72647 6
    endloop
  endfacet
  facet normal -0 0 1
    outer loop
      vertex 25.1673 4.71472 6
      vertex 25.2898 4.07874 6
      vertex 25.1873 4.72108 6
    endloop
  endfacet
  facet normal -0 0 1
    outer loop
      vertex 25.1479 4.70738 6
      vertex 25.2898 4.07874 6
      vertex 25.1673 4.71472 6
    endloop
  endfacet
  facet normal 0 0 1
    outer loop
      vertex 25.2898 4.07874 6
      vertex 25.1479 4.70738 6
      vertex 25.2594 4.07822 6
    endloop
  endfacet
  facet normal -0 0 1
    outer loop
      vertex 25.1293 4.69905 6
      vertex 25.2594 4.07822 6
      vertex 25.1479 4.70738 6
    endloop
  endfacet
  facet normal -0 0 1
    outer loop
      vertex 24.9461 4.4227 6
      vertex 25.2594 4.07822 6
      vertex 25.1293 4.69905 6
    endloop
  endfacet
  facet normal 0 0 1
    outer loop
      vertex 25.2594 4.07822 6
      vertex 24.9461 4.4227 6
      vertex 25.1265 4.07822 6
    endloop
  endfacet
  facet normal 0 0 1
    outer loop
      vertex 24.9461 4.4227 6
      vertex 25.1293 4.69905 6
      vertex 25.1114 4.68976 6
    endloop
  endfacet
  facet normal 0 0 1
    outer loop
      vertex 25.5719 3.804 6
      vertex 25.7314 3.53571 6
      vertex 25.7307 3.5593 6
    endloop
  endfacet
  facet normal 0 0 1
    outer loop
      vertex 25.7314 3.53571 6
      vertex 25.5503 3.81487 6
      vertex 25.7308 3.5087 6
    endloop
  endfacet
  facet normal 0 0 1
    outer loop
      vertex 25.5923 3.7921 6
      vertex 25.7307 3.5593 6
      vertex 25.7286 3.58208 6
    endloop
  endfacet
  facet normal 0 0 1
    outer loop
      vertex 25.5274 3.82471 6
      vertex 25.7308 3.5087 6
      vertex 25.5503 3.81487 6
    endloop
  endfacet
  facet normal 0 0 1
    outer loop
      vertex 25.6114 3.77916 6
      vertex 25.7286 3.58208 6
      vertex 25.725 3.60405 6
    endloop
  endfacet
  facet normal 0 0 1
    outer loop
      vertex 25.7314 3.53571 6
      vertex 25.5719 3.804 6
      vertex 25.5503 3.81487 6
    endloop
  endfacet
  facet normal 0 0 1
    outer loop
      vertex 25.6291 3.76529 6
      vertex 25.725 3.60405 6
      vertex 25.72 3.6252 6
    endloop
  endfacet
  facet normal 0 0 1
    outer loop
      vertex 25.7308 3.5087 6
      vertex 25.5274 3.82471 6
      vertex 25.7289 3.48271 6
    endloop
  endfacet
  facet normal 0 0 1
    outer loop
      vertex 25.6291 3.76529 6
      vertex 25.72 3.6252 6
      vertex 25.7136 3.64555 6
    endloop
  endfacet
  facet normal 0 0 1
    outer loop
      vertex 25.5033 3.83351 6
      vertex 25.7289 3.48271 6
      vertex 25.5274 3.82471 6
    endloop
  endfacet
  facet normal 0 0 1
    outer loop
      vertex 25.6291 3.76529 6
      vertex 25.7136 3.64555 6
      vertex 25.7058 3.66508 6
    endloop
  endfacet
  facet normal 0 0 1
    outer loop
      vertex 25.7307 3.5593 6
      vertex 25.5923 3.7921 6
      vertex 25.5719 3.804 6
    endloop
  endfacet
  facet normal 0 0 1
    outer loop
      vertex 25.6291 3.76529 6
      vertex 25.7058 3.66508 6
      vertex 25.6966 3.68381 6
    endloop
  endfacet
  facet normal 0 0 1
    outer loop
      vertex 25.4901 3.19431 6
      vertex 25.7289 3.48271 6
      vertex 25.5033 3.83351 6
    endloop
  endfacet
  facet normal 0 0 1
    outer loop
      vertex 25.6291 3.76529 6
      vertex 25.6966 3.68381 6
      vertex 25.6859 3.70174 6
    endloop
  endfacet
  facet normal 0 0 1
    outer loop
      vertex 25.7286 3.58208 6
      vertex 25.6114 3.77916 6
      vertex 25.5923 3.7921 6
    endloop
  endfacet
  facet normal 0 0 1
    outer loop
      vertex 25.6604 3.73512 6
      vertex 25.6859 3.70174 6
      vertex 25.6739 3.71884 6
    endloop
  endfacet
  facet normal 0 0 1
    outer loop
      vertex 25.6455 3.75061 6
      vertex 25.6859 3.70174 6
      vertex 25.6604 3.73512 6
    endloop
  endfacet
  facet normal 0 0 1
    outer loop
      vertex 25.6291 3.76529 6
      vertex 25.6859 3.70174 6
      vertex 25.6455 3.75061 6
    endloop
  endfacet
  facet normal 0 0 1
    outer loop
      vertex 25.725 3.60405 6
      vertex 25.6291 3.76529 6
      vertex 25.6114 3.77916 6
    endloop
  endfacet
  facet normal 0 0 1
    outer loop
      vertex 25.7289 3.48271 6
      vertex 25.4901 3.19431 6
      vertex 25.7258 3.45778 6
    endloop
  endfacet
  facet normal 0 -0 1
    outer loop
      vertex 25.5337 3.20937 6
      vertex 25.7214 3.43388 6
      vertex 25.5124 3.20129 6
    endloop
  endfacet
  facet normal 0 0 1
    outer loop
      vertex 25.7214 3.43388 6
      vertex 25.5337 3.20937 6
      vertex 25.7158 3.41104 6
    endloop
  endfacet
  facet normal 0 -0 1
    outer loop
      vertex 25.5541 3.21851 6
      vertex 25.7158 3.41104 6
      vertex 25.5337 3.20937 6
    endloop
  endfacet
  facet normal 0 -0 1
    outer loop
      vertex 25.5921 3.24001 6
      vertex 25.7009 3.36848 6
      vertex 25.5735 3.22871 6
    endloop
  endfacet
  facet normal 0 0 1
    outer loop
      vertex 25.681 3.33008 6
      vertex 25.6096 3.25237 6
      vertex 25.6692 3.31245 6
    endloop
  endfacet
  facet normal 0 0 1
    outer loop
      vertex 25.6561 3.29587 6
      vertex 25.6263 3.26581 6
      vertex 25.6418 3.28032 6
    endloop
  endfacet
  facet normal 0 0 1
    outer loop
      vertex 25.6561 3.29587 6
      vertex 25.6096 3.25237 6
      vertex 25.6263 3.26581 6
    endloop
  endfacet
  facet normal 0 0 1
    outer loop
      vertex 25.6692 3.31245 6
      vertex 25.6096 3.25237 6
      vertex 25.6561 3.29587 6
    endloop
  endfacet
  facet normal 0 0 1
    outer loop
      vertex 25.6916 3.34875 6
      vertex 25.6096 3.25237 6
      vertex 25.681 3.33008 6
    endloop
  endfacet
  facet normal 0 -0 1
    outer loop
      vertex 25.6096 3.25237 6
      vertex 25.6916 3.34875 6
      vertex 25.5921 3.24001 6
    endloop
  endfacet
  facet normal 0 0 1
    outer loop
      vertex 25.7009 3.36848 6
      vertex 25.5921 3.24001 6
      vertex 25.6916 3.34875 6
    endloop
  endfacet
  facet normal 0 0 1
    outer loop
      vertex 25.709 3.38924 6
      vertex 25.5735 3.22871 6
      vertex 25.7009 3.36848 6
    endloop
  endfacet
  facet normal 0 -0 1
    outer loop
      vertex 25.5735 3.22871 6
      vertex 25.709 3.38924 6
      vertex 25.5541 3.21851 6
    endloop
  endfacet
  facet normal 0 0 1
    outer loop
      vertex 25.7158 3.41104 6
      vertex 25.5541 3.21851 6
      vertex 25.709 3.38924 6
    endloop
  endfacet
  facet normal 0 -0 1
    outer loop
      vertex 25.5124 3.20129 6
      vertex 25.7258 3.45778 6
      vertex 25.4901 3.19431 6
    endloop
  endfacet
  facet normal 0 0 1
    outer loop
      vertex 25.7258 3.45778 6
      vertex 25.5124 3.20129 6
      vertex 25.7214 3.43388 6
    endloop
  endfacet
  facet normal 0 0 1
    outer loop
      vertex 25.4779 3.84126 6
      vertex 25.4901 3.19431 6
      vertex 25.5033 3.83351 6
    endloop
  endfacet
  facet normal 0 0 1
    outer loop
      vertex 25.4779 3.84126 6
      vertex 25.4669 3.1884 6
      vertex 25.4901 3.19431 6
    endloop
  endfacet
  facet normal 0 0 1
    outer loop
      vertex 25.4427 3.18355 6
      vertex 25.4779 3.84126 6
      vertex 25.4512 3.84799 6
    endloop
  endfacet
  facet normal 0 0 1
    outer loop
      vertex 25.4779 3.84126 6
      vertex 25.4427 3.18355 6
      vertex 25.4669 3.1884 6
    endloop
  endfacet
  facet normal 0 0 1
    outer loop
      vertex 25.4176 3.17979 6
      vertex 25.4512 3.84799 6
      vertex 25.4233 3.8537 6
    endloop
  endfacet
  facet normal 0 0 1
    outer loop
      vertex 25.4512 3.84799 6
      vertex 25.4176 3.17979 6
      vertex 25.4427 3.18355 6
    endloop
  endfacet
  facet normal 0 0 1
    outer loop
      vertex 25.3916 3.17711 6
      vertex 25.4233 3.8537 6
      vertex 25.3942 3.85835 6
    endloop
  endfacet
  facet normal 0 0 1
    outer loop
      vertex 25.4233 3.8537 6
      vertex 25.3916 3.17711 6
      vertex 25.4176 3.17979 6
    endloop
  endfacet
  facet normal 0 0 1
    outer loop
      vertex 25.3942 3.85835 6
      vertex 25.3646 3.17549 6
      vertex 25.3916 3.17711 6
    endloop
  endfacet
  facet normal 0 0 1
    outer loop
      vertex 25.3367 3.17496 6
      vertex 25.3942 3.85835 6
      vertex 25.3637 3.86197 6
    endloop
  endfacet
  facet normal 0 0 1
    outer loop
      vertex 25.3942 3.85835 6
      vertex 25.3367 3.17496 6
      vertex 25.3646 3.17549 6
    endloop
  endfacet
  facet normal 0 0 1
    outer loop
      vertex 25.332 3.86456 6
      vertex 25.3367 3.17496 6
      vertex 25.3637 3.86197 6
    endloop
  endfacet
  facet normal 0 0 1
    outer loop
      vertex 25.2821 3.17696 6
      vertex 25.332 3.86456 6
      vertex 25.2991 3.86612 6
    endloop
  endfacet
  facet normal 0 0 1
    outer loop
      vertex 25.332 3.86456 6
      vertex 25.2821 3.17696 6
      vertex 25.3367 3.17496 6
    endloop
  endfacet
  facet normal 0 0 1
    outer loop
      vertex 25.2312 3.18298 6
      vertex 25.2991 3.86612 6
      vertex 25.2649 3.86664 6
    endloop
  endfacet
  facet normal 0 0 1
    outer loop
      vertex 25.2991 3.86612 6
      vertex 25.2312 3.18298 6
      vertex 25.2821 3.17696 6
    endloop
  endfacet
  facet normal 0 0 1
    outer loop
      vertex 25.2649 3.86664 6
      vertex 25.1841 3.19301 6
      vertex 25.2312 3.18298 6
    endloop
  endfacet
  facet normal 0 0 1
    outer loop
      vertex 25.2649 3.86664 6
      vertex 25.1407 3.20705 6
      vertex 25.1841 3.19301 6
    endloop
  endfacet
  facet normal 0 0 1
    outer loop
      vertex 24.9204 3.51401 6
      vertex 25.2649 3.86664 6
      vertex 25.1265 3.86664 6
    endloop
  endfacet
  facet normal 0 -0 1
    outer loop
      vertex 24.9429 3.41771 6
      vertex 25.2649 3.86664 6
      vertex 24.9298 3.46385 6
    endloop
  endfacet
  facet normal 0 0 1
    outer loop
      vertex 24.7006 4.4417 6
      vertex 25.1265 4.07822 6
      vertex 24.9461 4.4227 6
    endloop
  endfacet
  facet normal 0 0 1
    outer loop
      vertex 24.9461 4.4227 6
      vertex 25.1114 4.68976 6
      vertex 25.0942 4.67947 6
    endloop
  endfacet
  facet normal 0 0 1
    outer loop
      vertex 24.9461 4.4227 6
      vertex 25.0942 4.67947 6
      vertex 25.0778 4.66821 6
    endloop
  endfacet
  facet normal 0 0 1
    outer loop
      vertex 25.1265 4.07822 6
      vertex 24.7006 4.4417 6
      vertex 25.1265 3.86664 6
    endloop
  endfacet
  facet normal 0 0 1
    outer loop
      vertex 24.9461 4.4227 6
      vertex 25.0778 4.66821 6
      vertex 25.0621 4.65598 6
    endloop
  endfacet
  facet normal 0 0 1
    outer loop
      vertex 24.9461 4.4227 6
      vertex 25.0621 4.65598 6
      vertex 25.0473 4.64284 6
    endloop
  endfacet
  facet normal 0 0 1
    outer loop
      vertex 24.9461 4.4227 6
      vertex 25.0473 4.64284 6
      vertex 25.0334 4.62892 6
    endloop
  endfacet
  facet normal 0 0 1
    outer loop
      vertex 25.2649 3.86664 6
      vertex 24.9204 3.51401 6
      vertex 24.9298 3.46385 6
    endloop
  endfacet
  facet normal 0 0 1
    outer loop
      vertex 24.9461 4.4227 6
      vertex 25.0334 4.62892 6
      vertex 25.0205 4.61418 6
    endloop
  endfacet
  facet normal 0 0 1
    outer loop
      vertex 24.9461 4.4227 6
      vertex 25.0205 4.61418 6
      vertex 25.0086 4.59865 6
    endloop
  endfacet
  facet normal 0 0 1
    outer loop
      vertex 25.2649 3.86664 6
      vertex 24.9429 3.41771 6
      vertex 25.1407 3.20705 6
    endloop
  endfacet
  facet normal 0 0 1
    outer loop
      vertex 24.9461 4.4227 6
      vertex 25.0086 4.59865 6
      vertex 24.9978 4.58231 6
    endloop
  endfacet
  facet normal 0 0 1
    outer loop
      vertex 24.9461 4.4227 6
      vertex 24.9978 4.58231 6
      vertex 24.9879 4.56517 6
    endloop
  endfacet
  facet normal -0 -0 1
    outer loop
      vertex 24.9599 3.37558 6
      vertex 25.1407 3.20705 6
      vertex 24.9429 3.41771 6
    endloop
  endfacet
  facet normal 0 0 1
    outer loop
      vertex 24.9461 4.4227 6
      vertex 24.9879 4.56517 6
      vertex 24.9789 4.54723 6
    endloop
  endfacet
  facet normal 0 0 1
    outer loop
      vertex 24.9461 4.4227 6
      vertex 24.9789 4.54723 6
      vertex 24.971 4.52847 6
    endloop
  endfacet
  facet normal 0 0 1
    outer loop
      vertex 24.9461 4.4227 6
      vertex 24.971 4.52847 6
      vertex 24.964 4.50893 6
    endloop
  endfacet
  facet normal 0 0 1
    outer loop
      vertex 25.1407 3.20705 6
      vertex 24.9599 3.37558 6
      vertex 25.1012 3.22511 6
    endloop
  endfacet
  facet normal 0 0 1
    outer loop
      vertex 24.9461 4.4227 6
      vertex 24.964 4.50893 6
      vertex 24.9581 4.48857 6
    endloop
  endfacet
  facet normal 0 0 1
    outer loop
      vertex 24.9461 4.4227 6
      vertex 24.9581 4.48857 6
      vertex 24.9531 4.46741 6
    endloop
  endfacet
  facet normal 0 0 1
    outer loop
      vertex 24.9461 4.4227 6
      vertex 24.9531 4.46741 6
      vertex 24.9491 4.44545 6
    endloop
  endfacet
  facet normal 0 0 1
    outer loop
      vertex 25.1012 3.22511 6
      vertex 24.9599 3.37558 6
      vertex 25.0654 3.24718 6
    endloop
  endfacet
  facet normal 0 0 1
    outer loop
      vertex 25.0654 3.24718 6
      vertex 24.9599 3.37558 6
      vertex 25.0333 3.27325 6
    endloop
  endfacet
  facet normal 0 0 1
    outer loop
      vertex 25.0333 3.27325 6
      vertex 24.9806 3.33746 6
      vertex 25.0051 3.30336 6
    endloop
  endfacet
  facet normal 0 0 1
    outer loop
      vertex 25.0333 3.27325 6
      vertex 24.9599 3.37558 6
      vertex 24.9806 3.33746 6
    endloop
  endfacet
  facet normal 0 0 1
    outer loop
      vertex 24.6681 3.49095 6
      vertex 25.1265 3.86664 6
      vertex 24.7006 4.4417 6
    endloop
  endfacet
  facet normal 0 0 1
    outer loop
      vertex 25.1265 3.86664 6
      vertex 24.6681 3.49095 6
      vertex 24.9204 3.51401 6
    endloop
  endfacet
  facet normal 0 0 1
    outer loop
      vertex 22.6553 3.95615 6
      vertex 23.4881 3.95615 6
      vertex 23.4875 4.01845 6
    endloop
  endfacet
  facet normal -0 0 1
    outer loop
      vertex 22.6559 4.01923 6
      vertex 23.4875 4.01845 6
      vertex 23.4858 4.07803 6
    endloop
  endfacet
  facet normal 0 0 1
    outer loop
      vertex 23.4881 3.95615 6
      vertex 22.6553 3.95615 6
      vertex 23.4875 3.89603 6
    endloop
  endfacet
  facet normal -0 0 1
    outer loop
      vertex 22.6577 4.07951 6
      vertex 23.4858 4.07803 6
      vertex 23.483 4.13493 6
    endloop
  endfacet
  facet normal 0 -0 1
    outer loop
      vertex 22.6559 3.89485 6
      vertex 23.4875 3.89603 6
      vertex 22.6553 3.95615 6
    endloop
  endfacet
  facet normal -0 0 1
    outer loop
      vertex 22.6606 4.13701 6
      vertex 23.483 4.13493 6
      vertex 23.479 4.18913 6
    endloop
  endfacet
  facet normal 0 0 1
    outer loop
      vertex 23.4875 3.89603 6
      vertex 22.6559 3.89485 6
      vertex 23.4857 3.83835 6
    endloop
  endfacet
  facet normal -0 0 1
    outer loop
      vertex 22.6646 4.19171 6
      vertex 23.479 4.18913 6
      vertex 23.4739 4.24065 6
    endloop
  endfacet
  facet normal 0 -0 1
    outer loop
      vertex 22.6577 3.83612 6
      vertex 23.4857 3.83835 6
      vertex 22.6559 3.89485 6
    endloop
  endfacet
  facet normal -0 0 1
    outer loop
      vertex 22.6699 4.24361 6
      vertex 23.4739 4.24065 6
      vertex 23.4677 4.28946 6
    endloop
  endfacet
  facet normal 0 0 1
    outer loop
      vertex 23.4857 3.83835 6
      vertex 22.6577 3.83612 6
      vertex 23.4827 3.7831 6
    endloop
  endfacet
  facet normal -0 0 1
    outer loop
      vertex 22.6763 4.29272 6
      vertex 23.4677 4.28946 6
      vertex 23.4604 4.33557 6
    endloop
  endfacet
  facet normal 0 -0 1
    outer loop
      vertex 22.6606 3.77998 6
      vertex 23.4827 3.7831 6
      vertex 22.6577 3.83612 6
    endloop
  endfacet
  facet normal -0 0 1
    outer loop
      vertex 22.6838 4.33905 6
      vertex 23.4604 4.33557 6
      vertex 23.4519 4.37898 6
    endloop
  endfacet
  facet normal 0 0 1
    outer loop
      vertex 23.4827 3.7831 6
      vertex 22.6606 3.77998 6
      vertex 23.4786 3.73029 6
    endloop
  endfacet
  facet normal -0 0 1
    outer loop
      vertex 22.6926 4.38257 6
      vertex 23.4519 4.37898 6
      vertex 23.4422 4.41971 6
    endloop
  endfacet
  facet normal 0 -0 1
    outer loop
      vertex 22.6648 3.72644 6
      vertex 23.4786 3.73029 6
      vertex 22.6606 3.77998 6
    endloop
  endfacet
  facet normal -0 0 1
    outer loop
      vertex 22.7024 4.42331 6
      vertex 23.4422 4.41971 6
      vertex 23.4315 4.45772 6
    endloop
  endfacet
  facet normal 0 0 1
    outer loop
      vertex 23.4786 3.73029 6
      vertex 22.6648 3.72644 6
      vertex 23.4732 3.67992 6
    endloop
  endfacet
  facet normal -0 0 1
    outer loop
      vertex 22.7135 4.46124 6
      vertex 23.4315 4.45772 6
      vertex 23.4196 4.49306 6
    endloop
  endfacet
  facet normal 0 -0 1
    outer loop
      vertex 22.6701 3.67548 6
      vertex 23.4732 3.67992 6
      vertex 22.6648 3.72644 6
    endloop
  endfacet
  facet normal -0 0 1
    outer loop
      vertex 22.7257 4.4964 6
      vertex 23.4196 4.49306 6
      vertex 23.4066 4.52568 6
    endloop
  endfacet
  facet normal 0 0 1
    outer loop
      vertex 23.4732 3.67992 6
      vertex 22.6701 3.67548 6
      vertex 23.4667 3.632 6
    endloop
  endfacet
  facet normal 0 0 1
    outer loop
      vertex 23.0771 4.74141 6
      vertex 23.4066 4.52568 6
      vertex 23.3925 4.55562 6
    endloop
  endfacet
  facet normal 0 -0 1
    outer loop
      vertex 22.6766 3.62709 6
      vertex 23.4667 3.632 6
      vertex 22.6701 3.67548 6
    endloop
  endfacet
  facet normal 0 0 1
    outer loop
      vertex 23.1102 4.74031 6
      vertex 23.3925 4.55562 6
      vertex 23.377 4.5831 6
    endloop
  endfacet
  facet normal 0 0 1
    outer loop
      vertex 23.4667 3.632 6
      vertex 22.6766 3.62709 6
      vertex 23.459 3.5865 6
    endloop
  endfacet
  facet normal 0 0 1
    outer loop
      vertex 23.1418 4.73701 6
      vertex 23.377 4.5831 6
      vertex 23.3601 4.60838 6
    endloop
  endfacet
  facet normal 0 -0 1
    outer loop
      vertex 22.6842 3.58128 6
      vertex 23.459 3.5865 6
      vertex 22.6766 3.62709 6
    endloop
  endfacet
  facet normal 0 0 1
    outer loop
      vertex 23.1719 4.73152 6
      vertex 23.3601 4.60838 6
      vertex 23.3417 4.63147 6
    endloop
  endfacet
  facet normal 0 0 1
    outer loop
      vertex 23.459 3.5865 6
      vertex 22.6842 3.58128 6
      vertex 23.4501 3.54346 6
    endloop
  endfacet
  facet normal 0 0 1
    outer loop
      vertex 23.1719 4.73152 6
      vertex 23.3417 4.63147 6
      vertex 23.3219 4.65236 6
    endloop
  endfacet
  facet normal 0 -0 1
    outer loop
      vertex 22.6931 3.53807 6
      vertex 23.4501 3.54346 6
      vertex 22.6842 3.58128 6
    endloop
  endfacet
  facet normal 0 0 1
    outer loop
      vertex 23.1719 4.73152 6
      vertex 23.3219 4.65236 6
      vertex 23.3005 4.67105 6
    endloop
  endfacet
  facet normal 0 0 1
    outer loop
      vertex 23.4501 3.54346 6
      vertex 22.6931 3.53807 6
      vertex 23.44 3.50285 6
    endloop
  endfacet
  facet normal 0 0 1
    outer loop
      vertex 23.1719 4.73152 6
      vertex 23.3005 4.67105 6
      vertex 23.2778 4.68755 6
    endloop
  endfacet
  facet normal 0 -0 1
    outer loop
      vertex 22.7031 3.49744 6
      vertex 23.44 3.50285 6
      vertex 22.6931 3.53807 6
    endloop
  endfacet
  facet normal 0 0 1
    outer loop
      vertex 23.1719 4.73152 6
      vertex 23.2778 4.68755 6
      vertex 23.2535 4.70183 6
    endloop
  endfacet
  facet normal 0 0 1
    outer loop
      vertex 23.44 3.50285 6
      vertex 22.7031 3.49744 6
      vertex 23.4287 3.46468 6
    endloop
  endfacet
  facet normal 0 0 1
    outer loop
      vertex 23.1719 4.73152 6
      vertex 23.2535 4.70183 6
      vertex 23.2278 4.71393 6
    endloop
  endfacet
  facet normal 0 -0 1
    outer loop
      vertex 22.7143 3.4594 6
      vertex 23.4287 3.46468 6
      vertex 22.7031 3.49744 6
    endloop
  endfacet
  facet normal 0 0 1
    outer loop
      vertex 23.1719 4.73152 6
      vertex 23.2278 4.71393 6
      vertex 23.2006 4.72382 6
    endloop
  endfacet
  facet normal 0 0 1
    outer loop
      vertex 23.4287 3.46468 6
      vertex 22.7143 3.4594 6
      vertex 23.4162 3.42896 6
    endloop
  endfacet
  facet normal 0 0 1
    outer loop
      vertex 23.3601 4.60838 6
      vertex 23.1719 4.73152 6
      vertex 23.1418 4.73701 6
    endloop
  endfacet
  facet normal 0 -0 1
    outer loop
      vertex 22.7267 3.42392 6
      vertex 23.4162 3.42896 6
      vertex 22.7143 3.4594 6
    endloop
  endfacet
  facet normal 0 0 1
    outer loop
      vertex 23.377 4.5831 6
      vertex 23.1418 4.73701 6
      vertex 23.1102 4.74031 6
    endloop
  endfacet
  facet normal 0 0 1
    outer loop
      vertex 23.4162 3.42896 6
      vertex 22.7267 3.42392 6
      vertex 23.4026 3.39566 6
    endloop
  endfacet
  facet normal 0 0 1
    outer loop
      vertex 23.3925 4.55562 6
      vertex 23.1102 4.74031 6
      vertex 23.0771 4.74141 6
    endloop
  endfacet
  facet normal 0 -0 1
    outer loop
      vertex 22.7403 3.39105 6
      vertex 23.4026 3.39566 6
      vertex 22.7267 3.42392 6
    endloop
  endfacet
  facet normal 0 0 1
    outer loop
      vertex 23.4066 4.52568 6
      vertex 23.0771 4.74141 6
      vertex 22.7257 4.4964 6
    endloop
  endfacet
  facet normal 0 0 1
    outer loop
      vertex 23.4026 3.39566 6
      vertex 22.7403 3.39105 6
      vertex 23.3877 3.36481 6
    endloop
  endfacet
  facet normal 0 0 1
    outer loop
      vertex 22.7257 4.4964 6
      vertex 23.0771 4.74141 6
      vertex 23.0432 4.74033 6
    endloop
  endfacet
  facet normal 0 -0 1
    outer loop
      vertex 23.0717 3.17223 6
      vertex 23.3877 3.36481 6
      vertex 22.7403 3.39105 6
    endloop
  endfacet
  facet normal 0 0 1
    outer loop
      vertex 22.7391 4.52875 6
      vertex 23.0432 4.74033 6
      vertex 23.0109 4.73708 6
    endloop
  endfacet
  facet normal 0 0 1
    outer loop
      vertex 23.3877 3.36481 6
      vertex 23.0717 3.17223 6
      vertex 23.3716 3.33632 6
    endloop
  endfacet
  facet normal 0 0 1
    outer loop
      vertex 22.7537 4.55832 6
      vertex 23.0109 4.73708 6
      vertex 22.98 4.73166 6
    endloop
  endfacet
  facet normal 0 -0 1
    outer loop
      vertex 23.1042 3.17337 6
      vertex 23.3716 3.33632 6
      vertex 23.0717 3.17223 6
    endloop
  endfacet
  facet normal 0 0 1
    outer loop
      vertex 22.7537 4.55832 6
      vertex 22.98 4.73166 6
      vertex 22.9506 4.72408 6
    endloop
  endfacet
  facet normal 0 -0 1
    outer loop
      vertex 23.1353 3.17679 6
      vertex 23.3541 3.31012 6
      vertex 23.1042 3.17337 6
    endloop
  endfacet
  facet normal 0 0 1
    outer loop
      vertex 22.7537 4.55832 6
      vertex 22.9506 4.72408 6
      vertex 22.9227 4.71432 6
    endloop
  endfacet
  facet normal 0 0 1
    outer loop
      vertex 23.3541 3.31012 6
      vertex 23.1353 3.17679 6
      vertex 23.3352 3.28618 6
    endloop
  endfacet
  facet normal 0 0 1
    outer loop
      vertex 23.3352 3.28618 6
      vertex 23.1353 3.17679 6
      vertex 23.315 3.26454 6
    endloop
  endfacet
  facet normal 0 0 1
    outer loop
      vertex 22.7537 4.55832 6
      vertex 22.9227 4.71432 6
      vertex 22.8963 4.70241 6
    endloop
  endfacet
  facet normal 0 -0 1
    outer loop
      vertex 23.1651 3.1825 6
      vertex 23.315 3.26454 6
      vertex 23.1353 3.17679 6
    endloop
  endfacet
  facet normal 0 0 1
    outer loop
      vertex 22.7537 4.55832 6
      vertex 22.8963 4.70241 6
      vertex 22.8714 4.68832 6
    endloop
  endfacet
  facet normal 0 0 1
    outer loop
      vertex 23.2935 3.24516 6
      vertex 23.1651 3.1825 6
      vertex 23.2705 3.22807 6
    endloop
  endfacet
  facet normal 0 0 1
    outer loop
      vertex 22.7537 4.55832 6
      vertex 22.8714 4.68832 6
      vertex 22.848 4.67207 6
    endloop
  endfacet
  facet normal 0 0 1
    outer loop
      vertex 23.2462 3.21326 6
      vertex 23.1651 3.1825 6
      vertex 23.2205 3.20071 6
    endloop
  endfacet
  facet normal 0 0 1
    outer loop
      vertex 22.7537 4.55832 6
      vertex 22.848 4.67207 6
      vertex 22.8262 4.65366 6
    endloop
  endfacet
  facet normal 0 0 1
    outer loop
      vertex 23.2205 3.20071 6
      vertex 23.1651 3.1825 6
      vertex 23.1935 3.19046 6
    endloop
  endfacet
  facet normal 0 0 1
    outer loop
      vertex 22.7537 4.55832 6
      vertex 22.8262 4.65366 6
      vertex 22.8058 4.63307 6
    endloop
  endfacet
  facet normal 0 0 1
    outer loop
      vertex 23.2705 3.22807 6
      vertex 23.1651 3.1825 6
      vertex 23.2462 3.21326 6
    endloop
  endfacet
  facet normal 0 0 1
    outer loop
      vertex 22.7537 4.55832 6
      vertex 22.8058 4.63307 6
      vertex 22.7869 4.61032 6
    endloop
  endfacet
  facet normal 0 0 1
    outer loop
      vertex 23.315 3.26454 6
      vertex 23.1651 3.1825 6
      vertex 23.2935 3.24516 6
    endloop
  endfacet
  facet normal 0 0 1
    outer loop
      vertex 22.7537 4.55832 6
      vertex 22.7869 4.61032 6
      vertex 22.7695 4.5854 6
    endloop
  endfacet
  facet normal 0 0 1
    outer loop
      vertex 23.3716 3.33632 6
      vertex 23.1042 3.17337 6
      vertex 23.3541 3.31012 6
    endloop
  endfacet
  facet normal 0 0 1
    outer loop
      vertex 23.0109 4.73708 6
      vertex 22.7537 4.55832 6
      vertex 22.7391 4.52875 6
    endloop
  endfacet
  facet normal -0 -0 1
    outer loop
      vertex 22.755 3.36075 6
      vertex 23.0717 3.17223 6
      vertex 22.7403 3.39105 6
    endloop
  endfacet
  facet normal 0 0 1
    outer loop
      vertex 23.0432 4.74033 6
      vertex 22.7391 4.52875 6
      vertex 22.7257 4.4964 6
    endloop
  endfacet
  facet normal -0 -0 1
    outer loop
      vertex 22.771 3.33287 6
      vertex 23.039 3.17336 6
      vertex 22.755 3.36075 6
    endloop
  endfacet
  facet normal 0 0 1
    outer loop
      vertex 23.4196 4.49306 6
      vertex 22.7257 4.4964 6
      vertex 22.7135 4.46124 6
    endloop
  endfacet
  facet normal 0 0 1
    outer loop
      vertex 23.039 3.17336 6
      vertex 22.771 3.33287 6
      vertex 23.0077 3.1767 6
    endloop
  endfacet
  facet normal 0 0 1
    outer loop
      vertex 23.4315 4.45772 6
      vertex 22.7135 4.46124 6
      vertex 22.7024 4.42331 6
    endloop
  endfacet
  facet normal 0 0 1
    outer loop
      vertex 23.0077 3.1767 6
      vertex 22.771 3.33287 6
      vertex 22.9778 3.18227 6
    endloop
  endfacet
  facet normal 0 0 1
    outer loop
      vertex 23.4422 4.41971 6
      vertex 22.7024 4.42331 6
      vertex 22.6926 4.38257 6
    endloop
  endfacet
  facet normal 0 0 1
    outer loop
      vertex 22.9778 3.18227 6
      vertex 22.771 3.33287 6
      vertex 22.9493 3.19008 6
    endloop
  endfacet
  facet normal 0 0 1
    outer loop
      vertex 23.4519 4.37898 6
      vertex 22.6926 4.38257 6
      vertex 22.6838 4.33905 6
    endloop
  endfacet
  facet normal 0 0 1
    outer loop
      vertex 22.9493 3.19008 6
      vertex 22.771 3.33287 6
      vertex 22.9221 3.20012 6
    endloop
  endfacet
  facet normal 0 0 1
    outer loop
      vertex 23.4604 4.33557 6
      vertex 22.6838 4.33905 6
      vertex 22.6763 4.29272 6
    endloop
  endfacet
  facet normal 0 0 1
    outer loop
      vertex 22.872 3.2269 6
      vertex 22.771 3.33287 6
      vertex 22.849 3.24362 6
    endloop
  endfacet
  facet normal 0 0 1
    outer loop
      vertex 23.4677 4.28946 6
      vertex 22.6763 4.29272 6
      vertex 22.6699 4.24361 6
    endloop
  endfacet
  facet normal 0 0 1
    outer loop
      vertex 22.849 3.24362 6
      vertex 22.771 3.33287 6
      vertex 22.8275 3.26259 6
    endloop
  endfacet
  facet normal 0 0 1
    outer loop
      vertex 23.4739 4.24065 6
      vertex 22.6699 4.24361 6
      vertex 22.6646 4.19171 6
    endloop
  endfacet
  facet normal 0 0 1
    outer loop
      vertex 22.8275 3.26259 6
      vertex 22.771 3.33287 6
      vertex 22.7885 3.30721 6
    endloop
  endfacet
  facet normal 0 0 1
    outer loop
      vertex 23.479 4.18913 6
      vertex 22.6646 4.19171 6
      vertex 22.6606 4.13701 6
    endloop
  endfacet
  facet normal 0 0 1
    outer loop
      vertex 22.8275 3.26259 6
      vertex 22.7885 3.30721 6
      vertex 22.8073 3.28378 6
    endloop
  endfacet
  facet normal 0 0 1
    outer loop
      vertex 23.483 4.13493 6
      vertex 22.6606 4.13701 6
      vertex 22.6577 4.07951 6
    endloop
  endfacet
  facet normal 0 0 1
    outer loop
      vertex 22.8964 3.21239 6
      vertex 22.771 3.33287 6
      vertex 22.872 3.2269 6
    endloop
  endfacet
  facet normal 0 0 1
    outer loop
      vertex 23.4858 4.07803 6
      vertex 22.6577 4.07951 6
      vertex 22.6559 4.01923 6
    endloop
  endfacet
  facet normal 0 0 1
    outer loop
      vertex 22.9221 3.20012 6
      vertex 22.771 3.33287 6
      vertex 22.8964 3.21239 6
    endloop
  endfacet
  facet normal 0 0 1
    outer loop
      vertex 23.4875 4.01845 6
      vertex 22.6559 4.01923 6
      vertex 22.6553 3.95615 6
    endloop
  endfacet
  facet normal 0 0 1
    outer loop
      vertex 23.0717 3.17223 6
      vertex 22.755 3.36075 6
      vertex 23.039 3.17336 6
    endloop
  endfacet
  facet normal 1 -0 0
    outer loop
      vertex 42 0 6
      vertex 42 32 0
      vertex 42 32 6
    endloop
  endfacet
  facet normal 1 0 0
    outer loop
      vertex 42 32 0
      vertex 42 0 6
      vertex 42 0 0
    endloop
  endfacet
  facet normal 0 0 -1
    outer loop
      vertex 22 0 0
      vertex 42 32 0
      vertex 42 0 0
    endloop
  endfacet
  facet normal -0 0 -1
    outer loop
      vertex 42 32 0
      vertex 22 0 0
      vertex 22 32 0
    endloop
  endfacet
  facet normal 0 -1 0
    outer loop
      vertex 22 0 6
      vertex 26.7 0 2
      vertex 26.7 0 6
    endloop
  endfacet
  facet normal 0 -1 -0
    outer loop
      vertex 26.7 0 2
      vertex 22 0 0
      vertex 37.3 0 2
    endloop
  endfacet
  facet normal 0 -1 0
    outer loop
      vertex 22 0 0
      vertex 26.7 0 2
      vertex 22 0 6
    endloop
  endfacet
  facet normal 0 -1 0
    outer loop
      vertex 37.3 0 2
      vertex 42 0 6
      vertex 37.3 0 6
    endloop
  endfacet
  facet normal 0 -1 0
    outer loop
      vertex 37.3 0 2
      vertex 42 0 0
      vertex 42 0 6
    endloop
  endfacet
  facet normal 0 -1 0
    outer loop
      vertex 42 0 0
      vertex 37.3 0 2
      vertex 22 0 0
    endloop
  endfacet
  facet normal 0 1 0
    outer loop
      vertex 42 32 6
      vertex 37.3 32 2
      vertex 37.3 32 6
    endloop
  endfacet
  facet normal 0 1 0
    outer loop
      vertex 37.3 32 2
      vertex 42 32 0
      vertex 26.7 32 2
    endloop
  endfacet
  facet normal 0 1 -0
    outer loop
      vertex 42 32 0
      vertex 37.3 32 2
      vertex 42 32 6
    endloop
  endfacet
  facet normal 0 1 -0
    outer loop
      vertex 26.7 32 2
      vertex 22 32 6
      vertex 26.7 32 6
    endloop
  endfacet
  facet normal 0 1 0
    outer loop
      vertex 26.7 32 2
      vertex 22 32 0
      vertex 22 32 6
    endloop
  endfacet
  facet normal 0 1 0
    outer loop
      vertex 22 32 0
      vertex 26.7 32 2
      vertex 42 32 0
    endloop
  endfacet
  facet normal 1 -0 0
    outer loop
      vertex 26.7 0 6
      vertex 26.7 32 2
      vertex 26.7 32 6
    endloop
  endfacet
  facet normal 1 0 0
    outer loop
      vertex 26.7 32 2
      vertex 26.7 0 6
      vertex 26.7 0 2
    endloop
  endfacet
  facet normal -1 0 0
    outer loop
      vertex 37.3 0 2
      vertex 37.3 32 6
      vertex 37.3 32 2
    endloop
  endfacet
  facet normal -1 -0 0
    outer loop
      vertex 37.3 32 6
      vertex 37.3 0 2
      vertex 37.3 0 6
    endloop
  endfacet
  facet normal -0 0 1
    outer loop
      vertex 26.7 32 2
      vertex 37.3 0 2
      vertex 37.3 32 2
    endloop
  endfacet
  facet normal 0 0 1
    outer loop
      vertex 37.3 0 2
      vertex 26.7 32 2
      vertex 26.7 0 2
    endloop
  endfacet
  facet normal 0 0 1
    outer loop
      vertex 23.7362 3.95615 6.5
      vertex 23.4875 4.01845 6.5
      vertex 23.4881 3.95615 6.5
    endloop
  endfacet
  facet normal 0 0 1
    outer loop
      vertex 23.5219 4.76173 6.5
      vertex 23.4858 4.07803 6.5
      vertex 23.4875 4.01845 6.5
    endloop
  endfacet
  facet normal 0 0 1
    outer loop
      vertex 23.5219 4.76173 6.5
      vertex 23.483 4.13493 6.5
      vertex 23.4858 4.07803 6.5
    endloop
  endfacet
  facet normal 0 0 1
    outer loop
      vertex 23.5219 4.76173 6.5
      vertex 23.479 4.18913 6.5
      vertex 23.483 4.13493 6.5
    endloop
  endfacet
  facet normal 0 0 1
    outer loop
      vertex 23.5219 4.76173 6.5
      vertex 23.4739 4.24065 6.5
      vertex 23.479 4.18913 6.5
    endloop
  endfacet
  facet normal 0 0 1
    outer loop
      vertex 23.5219 4.76173 6.5
      vertex 23.4677 4.28946 6.5
      vertex 23.4739 4.24065 6.5
    endloop
  endfacet
  facet normal 0 0 1
    outer loop
      vertex 23.5219 4.76173 6.5
      vertex 23.4604 4.33557 6.5
      vertex 23.4677 4.28946 6.5
    endloop
  endfacet
  facet normal 0 0 1
    outer loop
      vertex 23.3219 4.65236 6.5
      vertex 23.4919 4.79257 6.5
      vertex 23.4599 4.82047 6.5
    endloop
  endfacet
  facet normal 0 0 1
    outer loop
      vertex 23.5219 4.76173 6.5
      vertex 23.4519 4.37898 6.5
      vertex 23.4604 4.33557 6.5
    endloop
  endfacet
  facet normal 0 0 1
    outer loop
      vertex 23.5219 4.76173 6.5
      vertex 23.4422 4.41971 6.5
      vertex 23.4519 4.37898 6.5
    endloop
  endfacet
  facet normal 0 0 1
    outer loop
      vertex 23.5219 4.76173 6.5
      vertex 23.4315 4.45772 6.5
      vertex 23.4422 4.41971 6.5
    endloop
  endfacet
  facet normal 0 0 1
    outer loop
      vertex 23.3005 4.67105 6.5
      vertex 23.4599 4.82047 6.5
      vertex 23.4257 4.84544 6.5
    endloop
  endfacet
  facet normal 0 0 1
    outer loop
      vertex 23.5219 4.76173 6.5
      vertex 23.4196 4.49306 6.5
      vertex 23.4315 4.45772 6.5
    endloop
  endfacet
  facet normal 0 0 1
    outer loop
      vertex 23.5219 4.76173 6.5
      vertex 23.4066 4.52568 6.5
      vertex 23.4196 4.49306 6.5
    endloop
  endfacet
  facet normal 0 0 1
    outer loop
      vertex 23.5219 4.76173 6.5
      vertex 23.3925 4.55562 6.5
      vertex 23.4066 4.52568 6.5
    endloop
  endfacet
  facet normal 0 0 1
    outer loop
      vertex 23.3005 4.67105 6.5
      vertex 23.4257 4.84544 6.5
      vertex 23.3895 4.86746 6.5
    endloop
  endfacet
  facet normal 0 0 1
    outer loop
      vertex 23.5219 4.76173 6.5
      vertex 23.377 4.5831 6.5
      vertex 23.3925 4.55562 6.5
    endloop
  endfacet
  facet normal 0 0 1
    outer loop
      vertex 23.5219 4.76173 6.5
      vertex 23.3601 4.60838 6.5
      vertex 23.377 4.5831 6.5
    endloop
  endfacet
  facet normal 0 0 1
    outer loop
      vertex 23.2778 4.68755 6.5
      vertex 23.3895 4.86746 6.5
      vertex 23.3511 4.88657 6.5
    endloop
  endfacet
  facet normal 0 0 1
    outer loop
      vertex 23.5219 4.76173 6.5
      vertex 23.3417 4.63147 6.5
      vertex 23.3601 4.60838 6.5
    endloop
  endfacet
  facet normal 0 0 1
    outer loop
      vertex 23.4919 4.79257 6.5
      vertex 23.3219 4.65236 6.5
      vertex 23.3417 4.63147 6.5
    endloop
  endfacet
  facet normal 0 0 1
    outer loop
      vertex 23.2535 4.70183 6.5
      vertex 23.3511 4.88657 6.5
      vertex 23.3107 4.90271 6.5
    endloop
  endfacet
  facet normal 0 0 1
    outer loop
      vertex 23.4599 4.82047 6.5
      vertex 23.3005 4.67105 6.5
      vertex 23.3219 4.65236 6.5
    endloop
  endfacet
  facet normal 0 0 1
    outer loop
      vertex 23.3895 4.86746 6.5
      vertex 23.2778 4.68755 6.5
      vertex 23.3005 4.67105 6.5
    endloop
  endfacet
  facet normal 0 0 1
    outer loop
      vertex 23.2278 4.71393 6.5
      vertex 23.3107 4.90271 6.5
      vertex 23.2682 4.91594 6.5
    endloop
  endfacet
  facet normal 0 0 1
    outer loop
      vertex 23.3511 4.88657 6.5
      vertex 23.2535 4.70183 6.5
      vertex 23.2778 4.68755 6.5
    endloop
  endfacet
  facet normal 0 0 1
    outer loop
      vertex 23.3107 4.90271 6.5
      vertex 23.2278 4.71393 6.5
      vertex 23.2535 4.70183 6.5
    endloop
  endfacet
  facet normal 0 0 1
    outer loop
      vertex 23.2006 4.72382 6.5
      vertex 23.2682 4.91594 6.5
      vertex 23.2236 4.92621 6.5
    endloop
  endfacet
  facet normal 0 0 1
    outer loop
      vertex 23.2682 4.91594 6.5
      vertex 23.2006 4.72382 6.5
      vertex 23.2278 4.71393 6.5
    endloop
  endfacet
  facet normal 0 0 1
    outer loop
      vertex 23.1719 4.73152 6.5
      vertex 23.2236 4.92621 6.5
      vertex 23.1768 4.93356 6.5
    endloop
  endfacet
  facet normal 0 0 1
    outer loop
      vertex 23.2236 4.92621 6.5
      vertex 23.1719 4.73152 6.5
      vertex 23.2006 4.72382 6.5
    endloop
  endfacet
  facet normal 0 0 1
    outer loop
      vertex 23.1768 4.93356 6.5
      vertex 23.1418 4.73701 6.5
      vertex 23.1719 4.73152 6.5
    endloop
  endfacet
  facet normal 0 0 1
    outer loop
      vertex 23.128 4.93796 6.5
      vertex 23.1418 4.73701 6.5
      vertex 23.1768 4.93356 6.5
    endloop
  endfacet
  facet normal 0 0 1
    outer loop
      vertex 23.128 4.93796 6.5
      vertex 23.1102 4.74031 6.5
      vertex 23.1418 4.73701 6.5
    endloop
  endfacet
  facet normal 0 0 1
    outer loop
      vertex 23.0771 4.93944 6.5
      vertex 23.1102 4.74031 6.5
      vertex 23.128 4.93796 6.5
    endloop
  endfacet
  facet normal 0 0 1
    outer loop
      vertex 23.0771 4.93944 6.5
      vertex 23.0771 4.74141 6.5
      vertex 23.1102 4.74031 6.5
    endloop
  endfacet
  facet normal 0 0 1
    outer loop
      vertex 23.0771 4.93944 6.5
      vertex 23.0432 4.74033 6.5
      vertex 23.0771 4.74141 6.5
    endloop
  endfacet
  facet normal -0 0 1
    outer loop
      vertex 23.0248 4.93797 6.5
      vertex 23.0432 4.74033 6.5
      vertex 23.0771 4.93944 6.5
    endloop
  endfacet
  facet normal 0 0 1
    outer loop
      vertex 23.0248 4.93797 6.5
      vertex 23.0109 4.73708 6.5
      vertex 23.0432 4.74033 6.5
    endloop
  endfacet
  facet normal -0 0 1
    outer loop
      vertex 22.9747 4.93362 6.5
      vertex 23.0109 4.73708 6.5
      vertex 23.0248 4.93797 6.5
    endloop
  endfacet
  facet normal 0 0 1
    outer loop
      vertex 23.0109 4.73708 6.5
      vertex 22.9747 4.93362 6.5
      vertex 22.98 4.73166 6.5
    endloop
  endfacet
  facet normal -0 0 1
    outer loop
      vertex 22.9268 4.92636 6.5
      vertex 22.98 4.73166 6.5
      vertex 22.9747 4.93362 6.5
    endloop
  endfacet
  facet normal 0 0 1
    outer loop
      vertex 22.98 4.73166 6.5
      vertex 22.9268 4.92636 6.5
      vertex 22.9506 4.72408 6.5
    endloop
  endfacet
  facet normal -0 0 1
    outer loop
      vertex 22.8811 4.9162 6.5
      vertex 22.9506 4.72408 6.5
      vertex 22.9268 4.92636 6.5
    endloop
  endfacet
  facet normal 0 0 1
    outer loop
      vertex 22.9506 4.72408 6.5
      vertex 22.8811 4.9162 6.5
      vertex 22.9227 4.71432 6.5
    endloop
  endfacet
  facet normal -0 0 1
    outer loop
      vertex 22.8376 4.90312 6.5
      vertex 22.9227 4.71432 6.5
      vertex 22.8811 4.9162 6.5
    endloop
  endfacet
  facet normal 0 0 1
    outer loop
      vertex 22.9227 4.71432 6.5
      vertex 22.8376 4.90312 6.5
      vertex 22.8963 4.70241 6.5
    endloop
  endfacet
  facet normal -0 0 1
    outer loop
      vertex 22.7964 4.88715 6.5
      vertex 22.8963 4.70241 6.5
      vertex 22.8376 4.90312 6.5
    endloop
  endfacet
  facet normal 0 0 1
    outer loop
      vertex 22.8963 4.70241 6.5
      vertex 22.7964 4.88715 6.5
      vertex 22.8714 4.68832 6.5
    endloop
  endfacet
  facet normal -0 0 1
    outer loop
      vertex 22.7573 4.86826 6.5
      vertex 22.8714 4.68832 6.5
      vertex 22.7964 4.88715 6.5
    endloop
  endfacet
  facet normal 0 0 1
    outer loop
      vertex 22.8714 4.68832 6.5
      vertex 22.7573 4.86826 6.5
      vertex 22.848 4.67207 6.5
    endloop
  endfacet
  facet normal -0 0 1
    outer loop
      vertex 22.7204 4.84647 6.5
      vertex 22.848 4.67207 6.5
      vertex 22.7573 4.86826 6.5
    endloop
  endfacet
  facet normal 0 0 1
    outer loop
      vertex 22.848 4.67207 6.5
      vertex 22.7204 4.84647 6.5
      vertex 22.8262 4.65366 6.5
    endloop
  endfacet
  facet normal -0 0 1
    outer loop
      vertex 22.6858 4.82178 6.5
      vertex 22.8262 4.65366 6.5
      vertex 22.7204 4.84647 6.5
    endloop
  endfacet
  facet normal -0 0 1
    outer loop
      vertex 22.6533 4.79417 6.5
      vertex 22.8262 4.65366 6.5
      vertex 22.6858 4.82178 6.5
    endloop
  endfacet
  facet normal 0 0 1
    outer loop
      vertex 22.8262 4.65366 6.5
      vertex 22.6533 4.79417 6.5
      vertex 22.8058 4.63307 6.5
    endloop
  endfacet
  facet normal -0 0 1
    outer loop
      vertex 22.6231 4.76367 6.5
      vertex 22.8058 4.63307 6.5
      vertex 22.6533 4.79417 6.5
    endloop
  endfacet
  facet normal 0 0 1
    outer loop
      vertex 22.8058 4.63307 6.5
      vertex 22.6231 4.76367 6.5
      vertex 22.7869 4.61032 6.5
    endloop
  endfacet
  facet normal -0 0 1
    outer loop
      vertex 22.595 4.73027 6.5
      vertex 22.7869 4.61032 6.5
      vertex 22.6231 4.76367 6.5
    endloop
  endfacet
  facet normal 0 0 1
    outer loop
      vertex 22.7869 4.61032 6.5
      vertex 22.595 4.73027 6.5
      vertex 22.7695 4.5854 6.5
    endloop
  endfacet
  facet normal -0 0 1
    outer loop
      vertex 22.5692 4.69395 6.5
      vertex 22.7695 4.5854 6.5
      vertex 22.595 4.73027 6.5
    endloop
  endfacet
  facet normal 0 0 1
    outer loop
      vertex 22.7695 4.5854 6.5
      vertex 22.5692 4.69395 6.5
      vertex 22.7537 4.55832 6.5
    endloop
  endfacet
  facet normal -0 0 1
    outer loop
      vertex 22.5454 4.65472 6.5
      vertex 22.7537 4.55832 6.5
      vertex 22.5692 4.69395 6.5
    endloop
  endfacet
  facet normal 0 0 1
    outer loop
      vertex 22.7537 4.55832 6.5
      vertex 22.5454 4.65472 6.5
      vertex 22.7391 4.52875 6.5
    endloop
  endfacet
  facet normal -0 0 1
    outer loop
      vertex 22.5236 4.61258 6.5
      vertex 22.7391 4.52875 6.5
      vertex 22.5454 4.65472 6.5
    endloop
  endfacet
  facet normal 0 0 1
    outer loop
      vertex 22.7391 4.52875 6.5
      vertex 22.5236 4.61258 6.5
      vertex 22.7257 4.4964 6.5
    endloop
  endfacet
  facet normal -0 0 1
    outer loop
      vertex 22.5036 4.5675 6.5
      vertex 22.7257 4.4964 6.5
      vertex 22.5236 4.61258 6.5
    endloop
  endfacet
  facet normal 0 0 1
    outer loop
      vertex 22.7257 4.4964 6.5
      vertex 22.5036 4.5675 6.5
      vertex 22.7135 4.46124 6.5
    endloop
  endfacet
  facet normal -0 0 1
    outer loop
      vertex 22.4855 4.51952 6.5
      vertex 22.7135 4.46124 6.5
      vertex 22.5036 4.5675 6.5
    endloop
  endfacet
  facet normal -0 0 1
    outer loop
      vertex 22.4427 4.35802 6.5
      vertex 22.6838 4.33905 6.5
      vertex 22.4551 4.41478 6.5
    endloop
  endfacet
  facet normal 0 0 1
    outer loop
      vertex 22.6926 4.38257 6.5
      vertex 22.4551 4.41478 6.5
      vertex 22.6838 4.33905 6.5
    endloop
  endfacet
  facet normal 0 0 1
    outer loop
      vertex 22.7135 4.46124 6.5
      vertex 22.4855 4.51952 6.5
      vertex 22.7024 4.42331 6.5
    endloop
  endfacet
  facet normal -0 0 1
    outer loop
      vertex 23.4875 4.01845 6.5
      vertex 23.7362 3.95615 6.5
      vertex 23.7353 4.02965 6.5
    endloop
  endfacet
  facet normal 0 0 1
    outer loop
      vertex 23.4875 4.01845 6.5
      vertex 23.7353 4.02965 6.5
      vertex 23.7324 4.10031 6.5
    endloop
  endfacet
  facet normal 0 0 1
    outer loop
      vertex 23.4875 3.89603 6.5
      vertex 23.7362 3.95615 6.5
      vertex 23.4881 3.95615 6.5
    endloop
  endfacet
  facet normal 0 0 1
    outer loop
      vertex 23.4875 4.01845 6.5
      vertex 23.7324 4.10031 6.5
      vertex 23.7277 4.16817 6.5
    endloop
  endfacet
  facet normal 0 0 1
    outer loop
      vertex 23.7362 3.95615 6.5
      vertex 23.4875 3.89603 6.5
      vertex 23.7353 3.88383 6.5
    endloop
  endfacet
  facet normal 0 0 1
    outer loop
      vertex 23.4875 4.01845 6.5
      vertex 23.7277 4.16817 6.5
      vertex 23.721 4.23318 6.5
    endloop
  endfacet
  facet normal 0 0 1
    outer loop
      vertex 23.4857 3.83835 6.5
      vertex 23.7353 3.88383 6.5
      vertex 23.4875 3.89603 6.5
    endloop
  endfacet
  facet normal 0 0 1
    outer loop
      vertex 23.4875 4.01845 6.5
      vertex 23.721 4.23318 6.5
      vertex 23.7125 4.29538 6.5
    endloop
  endfacet
  facet normal 0 0 1
    outer loop
      vertex 23.7353 3.88383 6.5
      vertex 23.4857 3.83835 6.5
      vertex 23.7323 3.81421 6.5
    endloop
  endfacet
  facet normal 0 0 1
    outer loop
      vertex 23.4875 4.01845 6.5
      vertex 23.7125 4.29538 6.5
      vertex 23.702 4.35475 6.5
    endloop
  endfacet
  facet normal 0 0 1
    outer loop
      vertex 23.4827 3.7831 6.5
      vertex 23.7323 3.81421 6.5
      vertex 23.4857 3.83835 6.5
    endloop
  endfacet
  facet normal 0 0 1
    outer loop
      vertex 23.4875 4.01845 6.5
      vertex 23.702 4.35475 6.5
      vertex 23.6896 4.41129 6.5
    endloop
  endfacet
  facet normal 0 0 1
    outer loop
      vertex 23.7323 3.81421 6.5
      vertex 23.4827 3.7831 6.5
      vertex 23.7273 3.74725 6.5
    endloop
  endfacet
  facet normal 0 0 1
    outer loop
      vertex 23.4875 4.01845 6.5
      vertex 23.6896 4.41129 6.5
      vertex 23.6754 4.46501 6.5
    endloop
  endfacet
  facet normal 0 0 1
    outer loop
      vertex 23.4786 3.73029 6.5
      vertex 23.7273 3.74725 6.5
      vertex 23.4827 3.7831 6.5
    endloop
  endfacet
  facet normal 0 0 1
    outer loop
      vertex 23.4875 4.01845 6.5
      vertex 23.6754 4.46501 6.5
      vertex 23.6592 4.5159 6.5
    endloop
  endfacet
  facet normal 0 0 1
    outer loop
      vertex 23.7273 3.74725 6.5
      vertex 23.4786 3.73029 6.5
      vertex 23.7203 3.68297 6.5
    endloop
  endfacet
  facet normal 0 0 1
    outer loop
      vertex 23.4875 4.01845 6.5
      vertex 23.6592 4.5159 6.5
      vertex 23.6412 4.56398 6.5
    endloop
  endfacet
  facet normal 0 0 1
    outer loop
      vertex 23.4732 3.67992 6.5
      vertex 23.7203 3.68297 6.5
      vertex 23.4786 3.73029 6.5
    endloop
  endfacet
  facet normal 0 0 1
    outer loop
      vertex 23.4875 4.01845 6.5
      vertex 23.6412 4.56398 6.5
      vertex 23.6212 4.60922 6.5
    endloop
  endfacet
  facet normal 0 0 1
    outer loop
      vertex 23.7203 3.68297 6.5
      vertex 23.4732 3.67992 6.5
      vertex 23.7113 3.62138 6.5
    endloop
  endfacet
  facet normal 0 0 1
    outer loop
      vertex 23.4875 4.01845 6.5
      vertex 23.6212 4.60922 6.5
      vertex 23.5993 4.65164 6.5
    endloop
  endfacet
  facet normal -0 0 1
    outer loop
      vertex 23.4667 3.632 6.5
      vertex 23.7113 3.62138 6.5
      vertex 23.4732 3.67992 6.5
    endloop
  endfacet
  facet normal 0 0 1
    outer loop
      vertex 23.4875 4.01845 6.5
      vertex 23.5993 4.65164 6.5
      vertex 23.5755 4.69124 6.5
    endloop
  endfacet
  facet normal 0 0 1
    outer loop
      vertex 23.7113 3.62138 6.5
      vertex 23.4667 3.632 6.5
      vertex 23.7003 3.56247 6.5
    endloop
  endfacet
  facet normal 0 0 1
    outer loop
      vertex 23.4875 4.01845 6.5
      vertex 23.5755 4.69124 6.5
      vertex 23.5498 4.72795 6.5
    endloop
  endfacet
  facet normal -0 0 1
    outer loop
      vertex 23.459 3.5865 6.5
      vertex 23.7003 3.56247 6.5
      vertex 23.4667 3.632 6.5
    endloop
  endfacet
  facet normal 0 0 1
    outer loop
      vertex 23.4875 4.01845 6.5
      vertex 23.5498 4.72795 6.5
      vertex 23.5219 4.76173 6.5
    endloop
  endfacet
  facet normal 0 0 1
    outer loop
      vertex 23.7003 3.56247 6.5
      vertex 23.459 3.5865 6.5
      vertex 23.6873 3.50624 6.5
    endloop
  endfacet
  facet normal 0 0 1
    outer loop
      vertex 23.3417 4.63147 6.5
      vertex 23.5219 4.76173 6.5
      vertex 23.4919 4.79257 6.5
    endloop
  endfacet
  facet normal -0 0 1
    outer loop
      vertex 23.4501 3.54346 6.5
      vertex 23.6873 3.50624 6.5
      vertex 23.459 3.5865 6.5
    endloop
  endfacet
  facet normal 0 0 1
    outer loop
      vertex 23.6873 3.50624 6.5
      vertex 23.4501 3.54346 6.5
      vertex 23.6723 3.45268 6.5
    endloop
  endfacet
  facet normal -0 0 1
    outer loop
      vertex 23.44 3.50285 6.5
      vertex 23.6723 3.45268 6.5
      vertex 23.4501 3.54346 6.5
    endloop
  endfacet
  facet normal 0 0 1
    outer loop
      vertex 23.6723 3.45268 6.5
      vertex 23.44 3.50285 6.5
      vertex 23.6553 3.40181 6.5
    endloop
  endfacet
  facet normal -0 0 1
    outer loop
      vertex 23.4287 3.46468 6.5
      vertex 23.6553 3.40181 6.5
      vertex 23.44 3.50285 6.5
    endloop
  endfacet
  facet normal 0 0 1
    outer loop
      vertex 23.6553 3.40181 6.5
      vertex 23.4287 3.46468 6.5
      vertex 23.6363 3.35362 6.5
    endloop
  endfacet
  facet normal -0 0 1
    outer loop
      vertex 23.4162 3.42896 6.5
      vertex 23.6363 3.35362 6.5
      vertex 23.4287 3.46468 6.5
    endloop
  endfacet
  facet normal 0 0 1
    outer loop
      vertex 23.6363 3.35362 6.5
      vertex 23.4162 3.42896 6.5
      vertex 23.6154 3.30811 6.5
    endloop
  endfacet
  facet normal -0 0 1
    outer loop
      vertex 23.4026 3.39566 6.5
      vertex 23.6154 3.30811 6.5
      vertex 23.4162 3.42896 6.5
    endloop
  endfacet
  facet normal 0 0 1
    outer loop
      vertex 23.6154 3.30811 6.5
      vertex 23.4026 3.39566 6.5
      vertex 23.5924 3.26529 6.5
    endloop
  endfacet
  facet normal -0 0 1
    outer loop
      vertex 23.3877 3.36481 6.5
      vertex 23.5924 3.26529 6.5
      vertex 23.4026 3.39566 6.5
    endloop
  endfacet
  facet normal 0 0 1
    outer loop
      vertex 23.5924 3.26529 6.5
      vertex 23.3877 3.36481 6.5
      vertex 23.5674 3.22513 6.5
    endloop
  endfacet
  facet normal -0 0 1
    outer loop
      vertex 23.3716 3.33632 6.5
      vertex 23.5674 3.22513 6.5
      vertex 23.3877 3.36481 6.5
    endloop
  endfacet
  facet normal 0 0 1
    outer loop
      vertex 23.5674 3.22513 6.5
      vertex 23.3716 3.33632 6.5
      vertex 23.5405 3.18782 6.5
    endloop
  endfacet
  facet normal -0 0 1
    outer loop
      vertex 23.3541 3.31012 6.5
      vertex 23.5405 3.18782 6.5
      vertex 23.3716 3.33632 6.5
    endloop
  endfacet
  facet normal 0 0 1
    outer loop
      vertex 23.5405 3.18782 6.5
      vertex 23.3541 3.31012 6.5
      vertex 23.5116 3.15349 6.5
    endloop
  endfacet
  facet normal -0 0 1
    outer loop
      vertex 23.3352 3.28618 6.5
      vertex 23.5116 3.15349 6.5
      vertex 23.3541 3.31012 6.5
    endloop
  endfacet
  facet normal 0 0 1
    outer loop
      vertex 23.5116 3.15349 6.5
      vertex 23.3352 3.28618 6.5
      vertex 23.4809 3.12213 6.5
    endloop
  endfacet
  facet normal -0 0 1
    outer loop
      vertex 23.315 3.26454 6.5
      vertex 23.4809 3.12213 6.5
      vertex 23.3352 3.28618 6.5
    endloop
  endfacet
  facet normal 0 0 1
    outer loop
      vertex 23.4809 3.12213 6.5
      vertex 23.315 3.26454 6.5
      vertex 23.4483 3.09378 6.5
    endloop
  endfacet
  facet normal -0 0 1
    outer loop
      vertex 23.2935 3.24516 6.5
      vertex 23.4483 3.09378 6.5
      vertex 23.315 3.26454 6.5
    endloop
  endfacet
  facet normal 0 0 1
    outer loop
      vertex 23.4483 3.09378 6.5
      vertex 23.2935 3.24516 6.5
      vertex 23.4137 3.06841 6.5
    endloop
  endfacet
  facet normal -0 0 1
    outer loop
      vertex 23.2705 3.22807 6.5
      vertex 23.4137 3.06841 6.5
      vertex 23.2935 3.24516 6.5
    endloop
  endfacet
  facet normal 0 0 1
    outer loop
      vertex 23.4137 3.06841 6.5
      vertex 23.2705 3.22807 6.5
      vertex 23.3773 3.04601 6.5
    endloop
  endfacet
  facet normal -0 0 1
    outer loop
      vertex 23.2462 3.21326 6.5
      vertex 23.3773 3.04601 6.5
      vertex 23.2705 3.22807 6.5
    endloop
  endfacet
  facet normal 0 0 1
    outer loop
      vertex 23.3773 3.04601 6.5
      vertex 23.2462 3.21326 6.5
      vertex 23.339 3.02661 6.5
    endloop
  endfacet
  facet normal 0 0 1
    outer loop
      vertex 23.339 3.02661 6.5
      vertex 23.2462 3.21326 6.5
      vertex 23.2987 3.01019 6.5
    endloop
  endfacet
  facet normal -0 0 1
    outer loop
      vertex 23.2205 3.20071 6.5
      vertex 23.2987 3.01019 6.5
      vertex 23.2462 3.21326 6.5
    endloop
  endfacet
  facet normal 0 0 1
    outer loop
      vertex 23.2987 3.01019 6.5
      vertex 23.2205 3.20071 6.5
      vertex 23.2566 2.99677 6.5
    endloop
  endfacet
  facet normal -0 0 1
    outer loop
      vertex 23.1935 3.19046 6.5
      vertex 23.2566 2.99677 6.5
      vertex 23.2205 3.20071 6.5
    endloop
  endfacet
  facet normal 0 0 1
    outer loop
      vertex 23.2566 2.99677 6.5
      vertex 23.1935 3.19046 6.5
      vertex 23.2125 2.98633 6.5
    endloop
  endfacet
  facet normal -0 0 1
    outer loop
      vertex 23.1651 3.1825 6.5
      vertex 23.2125 2.98633 6.5
      vertex 23.1935 3.19046 6.5
    endloop
  endfacet
  facet normal 0 0 1
    outer loop
      vertex 23.2125 2.98633 6.5
      vertex 23.1651 3.1825 6.5
      vertex 23.1666 2.97885 6.5
    endloop
  endfacet
  facet normal -0 0 1
    outer loop
      vertex 23.1353 3.17679 6.5
      vertex 23.1666 2.97885 6.5
      vertex 23.1651 3.1825 6.5
    endloop
  endfacet
  facet normal 0 0 1
    outer loop
      vertex 23.1353 3.17679 6.5
      vertex 23.1187 2.97438 6.5
      vertex 23.1666 2.97885 6.5
    endloop
  endfacet
  facet normal -0 0 1
    outer loop
      vertex 23.1042 3.17337 6.5
      vertex 23.1187 2.97438 6.5
      vertex 23.1353 3.17679 6.5
    endloop
  endfacet
  facet normal -0 0 1
    outer loop
      vertex 23.0717 3.17223 6.5
      vertex 23.1187 2.97438 6.5
      vertex 23.1042 3.17337 6.5
    endloop
  endfacet
  facet normal 0 0 1
    outer loop
      vertex 23.0717 3.17223 6.5
      vertex 23.069 2.97289 6.5
      vertex 23.1187 2.97438 6.5
    endloop
  endfacet
  facet normal 0 0 1
    outer loop
      vertex 23.039 3.17336 6.5
      vertex 23.069 2.97289 6.5
      vertex 23.0717 3.17223 6.5
    endloop
  endfacet
  facet normal 0 0 1
    outer loop
      vertex 23.039 3.17336 6.5
      vertex 23.0193 2.97437 6.5
      vertex 23.069 2.97289 6.5
    endloop
  endfacet
  facet normal 0 0 1
    outer loop
      vertex 23.0077 3.1767 6.5
      vertex 23.0193 2.97437 6.5
      vertex 23.039 3.17336 6.5
    endloop
  endfacet
  facet normal 0 0 1
    outer loop
      vertex 22.9715 2.97882 6.5
      vertex 23.0077 3.1767 6.5
      vertex 22.9778 3.18227 6.5
    endloop
  endfacet
  facet normal 0 0 1
    outer loop
      vertex 23.0077 3.1767 6.5
      vertex 22.9715 2.97882 6.5
      vertex 23.0193 2.97437 6.5
    endloop
  endfacet
  facet normal 0 0 1
    outer loop
      vertex 22.9256 2.98625 6.5
      vertex 22.9778 3.18227 6.5
      vertex 22.9493 3.19008 6.5
    endloop
  endfacet
  facet normal 0 0 1
    outer loop
      vertex 22.9778 3.18227 6.5
      vertex 22.9256 2.98625 6.5
      vertex 22.9715 2.97882 6.5
    endloop
  endfacet
  facet normal 0 0 1
    outer loop
      vertex 22.8817 2.99664 6.5
      vertex 22.9493 3.19008 6.5
      vertex 22.9221 3.20012 6.5
    endloop
  endfacet
  facet normal 0 0 1
    outer loop
      vertex 22.8397 3.00999 6.5
      vertex 22.9221 3.20012 6.5
      vertex 22.8964 3.21239 6.5
    endloop
  endfacet
  facet normal 0 0 1
    outer loop
      vertex 22.9493 3.19008 6.5
      vertex 22.8817 2.99664 6.5
      vertex 22.9256 2.98625 6.5
    endloop
  endfacet
  facet normal 0 0 1
    outer loop
      vertex 22.7997 3.02632 6.5
      vertex 22.8964 3.21239 6.5
      vertex 22.872 3.2269 6.5
    endloop
  endfacet
  facet normal 0 0 1
    outer loop
      vertex 22.7255 3.06789 6.5
      vertex 22.872 3.2269 6.5
      vertex 22.849 3.24362 6.5
    endloop
  endfacet
  facet normal 0 0 1
    outer loop
      vertex 22.9221 3.20012 6.5
      vertex 22.8397 3.00999 6.5
      vertex 22.8817 2.99664 6.5
    endloop
  endfacet
  facet normal 0 0 1
    outer loop
      vertex 22.6913 3.09312 6.5
      vertex 22.849 3.24362 6.5
      vertex 22.8275 3.26259 6.5
    endloop
  endfacet
  facet normal 0 0 1
    outer loop
      vertex 22.6591 3.12134 6.5
      vertex 22.8275 3.26259 6.5
      vertex 22.8073 3.28378 6.5
    endloop
  endfacet
  facet normal 0 0 1
    outer loop
      vertex 22.8964 3.21239 6.5
      vertex 22.7997 3.02632 6.5
      vertex 22.8397 3.00999 6.5
    endloop
  endfacet
  facet normal 0 0 1
    outer loop
      vertex 22.6287 3.15251 6.5
      vertex 22.8073 3.28378 6.5
      vertex 22.7885 3.30721 6.5
    endloop
  endfacet
  facet normal 0 0 1
    outer loop
      vertex 22.6004 3.18666 6.5
      vertex 22.7885 3.30721 6.5
      vertex 22.771 3.33287 6.5
    endloop
  endfacet
  facet normal 0 0 1
    outer loop
      vertex 22.872 3.2269 6.5
      vertex 22.7616 3.04562 6.5
      vertex 22.7997 3.02632 6.5
    endloop
  endfacet
  facet normal 0 0 1
    outer loop
      vertex 22.574 3.22377 6.5
      vertex 22.771 3.33287 6.5
      vertex 22.755 3.36075 6.5
    endloop
  endfacet
  facet normal 0 0 1
    outer loop
      vertex 22.5495 3.26373 6.5
      vertex 22.755 3.36075 6.5
      vertex 22.7403 3.39105 6.5
    endloop
  endfacet
  facet normal 0 0 1
    outer loop
      vertex 22.527 3.30643 6.5
      vertex 22.7403 3.39105 6.5
      vertex 22.7267 3.42392 6.5
    endloop
  endfacet
  facet normal 0 0 1
    outer loop
      vertex 22.872 3.2269 6.5
      vertex 22.7255 3.06789 6.5
      vertex 22.7616 3.04562 6.5
    endloop
  endfacet
  facet normal 0 0 1
    outer loop
      vertex 22.5064 3.35185 6.5
      vertex 22.7267 3.42392 6.5
      vertex 22.7143 3.4594 6.5
    endloop
  endfacet
  facet normal 0 0 1
    outer loop
      vertex 22.4878 3.40001 6.5
      vertex 22.7143 3.4594 6.5
      vertex 22.7031 3.49744 6.5
    endloop
  endfacet
  facet normal 0 0 1
    outer loop
      vertex 22.4712 3.45088 6.5
      vertex 22.7031 3.49744 6.5
      vertex 22.6931 3.53807 6.5
    endloop
  endfacet
  facet normal 0 0 1
    outer loop
      vertex 22.849 3.24362 6.5
      vertex 22.6913 3.09312 6.5
      vertex 22.7255 3.06789 6.5
    endloop
  endfacet
  facet normal 0 0 1
    outer loop
      vertex 22.4565 3.50449 6.5
      vertex 22.6931 3.53807 6.5
      vertex 22.6842 3.58128 6.5
    endloop
  endfacet
  facet normal 0 0 1
    outer loop
      vertex 22.4437 3.56082 6.5
      vertex 22.6842 3.58128 6.5
      vertex 22.6766 3.62709 6.5
    endloop
  endfacet
  facet normal 0 0 1
    outer loop
      vertex 22.433 3.61989 6.5
      vertex 22.6766 3.62709 6.5
      vertex 22.6701 3.67548 6.5
    endloop
  endfacet
  facet normal -0 0 1
    outer loop
      vertex 22.4242 3.68169 6.5
      vertex 22.6701 3.67548 6.5
      vertex 22.6648 3.72644 6.5
    endloop
  endfacet
  facet normal -0 0 1
    outer loop
      vertex 22.4173 3.74622 6.5
      vertex 22.6648 3.72644 6.5
      vertex 22.6606 3.77998 6.5
    endloop
  endfacet
  facet normal 0 0 1
    outer loop
      vertex 22.8275 3.26259 6.5
      vertex 22.6591 3.12134 6.5
      vertex 22.6913 3.09312 6.5
    endloop
  endfacet
  facet normal -0 0 1
    outer loop
      vertex 22.4124 3.81346 6.5
      vertex 22.6606 3.77998 6.5
      vertex 22.6577 3.83612 6.5
    endloop
  endfacet
  facet normal -0 0 1
    outer loop
      vertex 22.4095 3.88344 6.5
      vertex 22.6577 3.83612 6.5
      vertex 22.6559 3.89485 6.5
    endloop
  endfacet
  facet normal -0 0 1
    outer loop
      vertex 22.4085 3.95615 6.5
      vertex 22.6559 3.89485 6.5
      vertex 22.6553 3.95615 6.5
    endloop
  endfacet
  facet normal 0 0 1
    outer loop
      vertex 22.8073 3.28378 6.5
      vertex 22.6287 3.15251 6.5
      vertex 22.6591 3.12134 6.5
    endloop
  endfacet
  facet normal 0 0 1
    outer loop
      vertex 22.6838 4.33905 6.5
      vertex 22.4427 4.35802 6.5
      vertex 22.6763 4.29272 6.5
    endloop
  endfacet
  facet normal -0 0 1
    outer loop
      vertex 22.4694 4.46861 6.5
      vertex 22.7024 4.42331 6.5
      vertex 22.4855 4.51952 6.5
    endloop
  endfacet
  facet normal 0 0 1
    outer loop
      vertex 22.6559 3.89485 6.5
      vertex 22.4085 3.95615 6.5
      vertex 22.4095 3.88344 6.5
    endloop
  endfacet
  facet normal 0 0 1
    outer loop
      vertex 22.7024 4.42331 6.5
      vertex 22.4694 4.46861 6.5
      vertex 22.6926 4.38257 6.5
    endloop
  endfacet
  facet normal 0 0 1
    outer loop
      vertex 22.6577 3.83612 6.5
      vertex 22.4095 3.88344 6.5
      vertex 22.4124 3.81346 6.5
    endloop
  endfacet
  facet normal -0 0 1
    outer loop
      vertex 22.4551 4.41478 6.5
      vertex 22.6926 4.38257 6.5
      vertex 22.4694 4.46861 6.5
    endloop
  endfacet
  facet normal 0 0 1
    outer loop
      vertex 22.6606 3.77998 6.5
      vertex 22.4124 3.81346 6.5
      vertex 22.4173 3.74622 6.5
    endloop
  endfacet
  facet normal -0 0 1
    outer loop
      vertex 22.4323 4.29834 6.5
      vertex 22.6763 4.29272 6.5
      vertex 22.4427 4.35802 6.5
    endloop
  endfacet
  facet normal 0 0 1
    outer loop
      vertex 22.6648 3.72644 6.5
      vertex 22.4173 3.74622 6.5
      vertex 22.4242 3.68169 6.5
    endloop
  endfacet
  facet normal 0 0 1
    outer loop
      vertex 22.6763 4.29272 6.5
      vertex 22.4323 4.29834 6.5
      vertex 22.6699 4.24361 6.5
    endloop
  endfacet
  facet normal 0 0 1
    outer loop
      vertex 22.6701 3.67548 6.5
      vertex 22.4242 3.68169 6.5
      vertex 22.433 3.61989 6.5
    endloop
  endfacet
  facet normal 0 0 1
    outer loop
      vertex 22.4237 4.23575 6.5
      vertex 22.6699 4.24361 6.5
      vertex 22.4323 4.29834 6.5
    endloop
  endfacet
  facet normal 0 0 1
    outer loop
      vertex 22.6766 3.62709 6.5
      vertex 22.433 3.61989 6.5
      vertex 22.4437 3.56082 6.5
    endloop
  endfacet
  facet normal 0 0 1
    outer loop
      vertex 22.6699 4.24361 6.5
      vertex 22.4237 4.23575 6.5
      vertex 22.6646 4.19171 6.5
    endloop
  endfacet
  facet normal 0 0 1
    outer loop
      vertex 22.6931 3.53807 6.5
      vertex 22.4565 3.50449 6.5
      vertex 22.4712 3.45088 6.5
    endloop
  endfacet
  facet normal 0 0 1
    outer loop
      vertex 22.417 4.17023 6.5
      vertex 22.6646 4.19171 6.5
      vertex 22.4237 4.23575 6.5
    endloop
  endfacet
  facet normal 0 0 1
    outer loop
      vertex 22.7031 3.49744 6.5
      vertex 22.4712 3.45088 6.5
      vertex 22.4878 3.40001 6.5
    endloop
  endfacet
  facet normal 0 0 1
    outer loop
      vertex 22.6646 4.19171 6.5
      vertex 22.417 4.17023 6.5
      vertex 22.6606 4.13701 6.5
    endloop
  endfacet
  facet normal 0 0 1
    outer loop
      vertex 22.7267 3.42392 6.5
      vertex 22.5064 3.35185 6.5
      vertex 22.527 3.30643 6.5
    endloop
  endfacet
  facet normal 0 0 1
    outer loop
      vertex 22.4123 4.10179 6.5
      vertex 22.6606 4.13701 6.5
      vertex 22.417 4.17023 6.5
    endloop
  endfacet
  facet normal 0 0 1
    outer loop
      vertex 22.7885 3.30721 6.5
      vertex 22.6004 3.18666 6.5
      vertex 22.6287 3.15251 6.5
    endloop
  endfacet
  facet normal 0 0 1
    outer loop
      vertex 22.6606 4.13701 6.5
      vertex 22.4123 4.10179 6.5
      vertex 22.6577 4.07951 6.5
    endloop
  endfacet
  facet normal 0 0 1
    outer loop
      vertex 22.771 3.33287 6.5
      vertex 22.574 3.22377 6.5
      vertex 22.6004 3.18666 6.5
    endloop
  endfacet
  facet normal 0 0 1
    outer loop
      vertex 22.4094 4.03043 6.5
      vertex 22.6577 4.07951 6.5
      vertex 22.4123 4.10179 6.5
    endloop
  endfacet
  facet normal 0 0 1
    outer loop
      vertex 22.755 3.36075 6.5
      vertex 22.5495 3.26373 6.5
      vertex 22.574 3.22377 6.5
    endloop
  endfacet
  facet normal 0 0 1
    outer loop
      vertex 22.6577 4.07951 6.5
      vertex 22.4094 4.03043 6.5
      vertex 22.6559 4.01923 6.5
    endloop
  endfacet
  facet normal 0 0 1
    outer loop
      vertex 22.7403 3.39105 6.5
      vertex 22.527 3.30643 6.5
      vertex 22.5495 3.26373 6.5
    endloop
  endfacet
  facet normal 0 0 1
    outer loop
      vertex 22.4085 3.95615 6.5
      vertex 22.6559 4.01923 6.5
      vertex 22.4094 4.03043 6.5
    endloop
  endfacet
  facet normal 0 0 1
    outer loop
      vertex 22.7143 3.4594 6.5
      vertex 22.4878 3.40001 6.5
      vertex 22.5064 3.35185 6.5
    endloop
  endfacet
  facet normal 0 0 1
    outer loop
      vertex 22.6559 4.01923 6.5
      vertex 22.4085 3.95615 6.5
      vertex 22.6553 3.95615 6.5
    endloop
  endfacet
  facet normal 0 0 1
    outer loop
      vertex 22.6842 3.58128 6.5
      vertex 22.4437 3.56082 6.5
      vertex 22.4565 3.50449 6.5
    endloop
  endfacet
  facet normal 0 0 1
    outer loop
      vertex 25.9321 4.43355 6.5
      vertex 25.6807 4.43097 6.5
      vertex 25.6812 4.40778 6.5
    endloop
  endfacet
  facet normal 0 0 1
    outer loop
      vertex 25.7207 4.84378 6.5
      vertex 25.6791 4.4534 6.5
      vertex 25.6807 4.43097 6.5
    endloop
  endfacet
  facet normal 0 0 1
    outer loop
      vertex 25.7207 4.84378 6.5
      vertex 25.6764 4.47508 6.5
      vertex 25.6791 4.4534 6.5
    endloop
  endfacet
  facet normal 0 0 1
    outer loop
      vertex 25.7207 4.84378 6.5
      vertex 25.6727 4.49599 6.5
      vertex 25.6764 4.47508 6.5
    endloop
  endfacet
  facet normal 0 0 1
    outer loop
      vertex 25.7207 4.84378 6.5
      vertex 25.6679 4.51613 6.5
      vertex 25.6727 4.49599 6.5
    endloop
  endfacet
  facet normal 0 0 1
    outer loop
      vertex 25.5612 4.67511 6.5
      vertex 25.6924 4.86038 6.5
      vertex 25.6626 4.8754 6.5
    endloop
  endfacet
  facet normal 0 0 1
    outer loop
      vertex 25.7207 4.84378 6.5
      vertex 25.662 4.53552 6.5
      vertex 25.6679 4.51613 6.5
    endloop
  endfacet
  facet normal 0 0 1
    outer loop
      vertex 25.7207 4.84378 6.5
      vertex 25.6551 4.55414 6.5
      vertex 25.662 4.53552 6.5
    endloop
  endfacet
  facet normal 0 0 1
    outer loop
      vertex 25.7207 4.84378 6.5
      vertex 25.6471 4.57201 6.5
      vertex 25.6551 4.55414 6.5
    endloop
  endfacet
  facet normal 0 0 1
    outer loop
      vertex 25.7207 4.84378 6.5
      vertex 25.638 4.5891 6.5
      vertex 25.6471 4.57201 6.5
    endloop
  endfacet
  facet normal 0 0 1
    outer loop
      vertex 25.5447 4.68614 6.5
      vertex 25.6626 4.8754 6.5
      vertex 25.6312 4.88884 6.5
    endloop
  endfacet
  facet normal 0 0 1
    outer loop
      vertex 25.7207 4.84378 6.5
      vertex 25.6278 4.60544 6.5
      vertex 25.638 4.5891 6.5
    endloop
  endfacet
  facet normal 0 0 1
    outer loop
      vertex 25.7207 4.84378 6.5
      vertex 25.6166 4.62102 6.5
      vertex 25.6278 4.60544 6.5
    endloop
  endfacet
  facet normal 0 0 1
    outer loop
      vertex 25.7207 4.84378 6.5
      vertex 25.6044 4.63582 6.5
      vertex 25.6166 4.62102 6.5
    endloop
  endfacet
  facet normal 0 0 1
    outer loop
      vertex 25.5272 4.69614 6.5
      vertex 25.6312 4.88884 6.5
      vertex 25.5984 4.9007 6.5
    endloop
  endfacet
  facet normal 0 0 1
    outer loop
      vertex 25.7207 4.84378 6.5
      vertex 25.591 4.64987 6.5
      vertex 25.6044 4.63582 6.5
    endloop
  endfacet
  facet normal 0 0 1
    outer loop
      vertex 25.7207 4.84378 6.5
      vertex 25.5766 4.66301 6.5
      vertex 25.591 4.64987 6.5
    endloop
  endfacet
  facet normal 0 0 1
    outer loop
      vertex 25.5087 4.70506 6.5
      vertex 25.5984 4.9007 6.5
      vertex 25.564 4.91098 6.5
    endloop
  endfacet
  facet normal 0 0 1
    outer loop
      vertex 25.6924 4.86038 6.5
      vertex 25.5612 4.67511 6.5
      vertex 25.5766 4.66301 6.5
    endloop
  endfacet
  facet normal 0 0 1
    outer loop
      vertex 25.6626 4.8754 6.5
      vertex 25.5447 4.68614 6.5
      vertex 25.5612 4.67511 6.5
    endloop
  endfacet
  facet normal 0 0 1
    outer loop
      vertex 25.4891 4.71295 6.5
      vertex 25.564 4.91098 6.5
      vertex 25.5281 4.91966 6.5
    endloop
  endfacet
  facet normal 0 0 1
    outer loop
      vertex 25.6312 4.88884 6.5
      vertex 25.5272 4.69614 6.5
      vertex 25.5447 4.68614 6.5
    endloop
  endfacet
  facet normal 0 0 1
    outer loop
      vertex 25.5984 4.9007 6.5
      vertex 25.5087 4.70506 6.5
      vertex 25.5272 4.69614 6.5
    endloop
  endfacet
  facet normal 0 0 1
    outer loop
      vertex 25.4685 4.71979 6.5
      vertex 25.5281 4.91966 6.5
      vertex 25.4907 4.92679 6.5
    endloop
  endfacet
  facet normal 0 0 1
    outer loop
      vertex 25.564 4.91098 6.5
      vertex 25.4891 4.71295 6.5
      vertex 25.5087 4.70506 6.5
    endloop
  endfacet
  facet normal 0 0 1
    outer loop
      vertex 25.5281 4.91966 6.5
      vertex 25.4685 4.71979 6.5
      vertex 25.4891 4.71295 6.5
    endloop
  endfacet
  facet normal 0 0 1
    outer loop
      vertex 25.4469 4.72557 6.5
      vertex 25.4907 4.92679 6.5
      vertex 25.4518 4.93231 6.5
    endloop
  endfacet
  facet normal 0 0 1
    outer loop
      vertex 25.4907 4.92679 6.5
      vertex 25.4469 4.72557 6.5
      vertex 25.4685 4.71979 6.5
    endloop
  endfacet
  facet normal 0 0 1
    outer loop
      vertex 25.4518 4.93231 6.5
      vertex 25.4242 4.7303 6.5
      vertex 25.4469 4.72557 6.5
    endloop
  endfacet
  facet normal 0 0 1
    outer loop
      vertex 25.4005 4.73398 6.5
      vertex 25.4518 4.93231 6.5
      vertex 25.4113 4.93626 6.5
    endloop
  endfacet
  facet normal 0 0 1
    outer loop
      vertex 25.4518 4.93231 6.5
      vertex 25.4005 4.73398 6.5
      vertex 25.4242 4.7303 6.5
    endloop
  endfacet
  facet normal 0 0 1
    outer loop
      vertex 25.4113 4.93626 6.5
      vertex 25.3758 4.7366 6.5
      vertex 25.4005 4.73398 6.5
    endloop
  endfacet
  facet normal 0 0 1
    outer loop
      vertex 25.3694 4.93864 6.5
      vertex 25.3758 4.7366 6.5
      vertex 25.4113 4.93626 6.5
    endloop
  endfacet
  facet normal 0 0 1
    outer loop
      vertex 25.3694 4.93864 6.5
      vertex 25.35 4.73819 6.5
      vertex 25.3758 4.7366 6.5
    endloop
  endfacet
  facet normal 0 0 1
    outer loop
      vertex 25.3259 4.93944 6.5
      vertex 25.35 4.73819 6.5
      vertex 25.3694 4.93864 6.5
    endloop
  endfacet
  facet normal 0 0 1
    outer loop
      vertex 25.3259 4.93944 6.5
      vertex 25.3232 4.73871 6.5
      vertex 25.35 4.73819 6.5
    endloop
  endfacet
  facet normal 0 0 1
    outer loop
      vertex 25.3259 4.93944 6.5
      vertex 25.2987 4.73822 6.5
      vertex 25.3232 4.73871 6.5
    endloop
  endfacet
  facet normal -0 0 1
    outer loop
      vertex 25.286 4.93866 6.5
      vertex 25.2987 4.73822 6.5
      vertex 25.3259 4.93944 6.5
    endloop
  endfacet
  facet normal 0 0 1
    outer loop
      vertex 25.286 4.93866 6.5
      vertex 25.275 4.73676 6.5
      vertex 25.2987 4.73822 6.5
    endloop
  endfacet
  facet normal -0 0 1
    outer loop
      vertex 25.2472 4.93633 6.5
      vertex 25.275 4.73676 6.5
      vertex 25.286 4.93866 6.5
    endloop
  endfacet
  facet normal 0 0 1
    outer loop
      vertex 25.275 4.73676 6.5
      vertex 25.2472 4.93633 6.5
      vertex 25.252 4.7343 6.5
    endloop
  endfacet
  facet normal -0 0 1
    outer loop
      vertex 25.2095 4.93242 6.5
      vertex 25.252 4.7343 6.5
      vertex 25.2472 4.93633 6.5
    endloop
  endfacet
  facet normal 0 0 1
    outer loop
      vertex 25.252 4.7343 6.5
      vertex 25.2095 4.93242 6.5
      vertex 25.2297 4.73088 6.5
    endloop
  endfacet
  facet normal -0 0 1
    outer loop
      vertex 25.173 4.92697 6.5
      vertex 25.2297 4.73088 6.5
      vertex 25.2095 4.93242 6.5
    endloop
  endfacet
  facet normal 0 0 1
    outer loop
      vertex 25.2297 4.73088 6.5
      vertex 25.173 4.92697 6.5
      vertex 25.2082 4.72647 6.5
    endloop
  endfacet
  facet normal -0 0 1
    outer loop
      vertex 25.1376 4.91997 6.5
      vertex 25.2082 4.72647 6.5
      vertex 25.173 4.92697 6.5
    endloop
  endfacet
  facet normal 0 0 1
    outer loop
      vertex 25.2082 4.72647 6.5
      vertex 25.1376 4.91997 6.5
      vertex 25.1873 4.72108 6.5
    endloop
  endfacet
  facet normal 0 0 1
    outer loop
      vertex 25.1873 4.72108 6.5
      vertex 25.1376 4.91997 6.5
      vertex 25.1673 4.71472 6.5
    endloop
  endfacet
  facet normal -0 0 1
    outer loop
      vertex 25.1034 4.91141 6.5
      vertex 25.1673 4.71472 6.5
      vertex 25.1376 4.91997 6.5
    endloop
  endfacet
  facet normal 0 0 1
    outer loop
      vertex 25.1673 4.71472 6.5
      vertex 25.1034 4.91141 6.5
      vertex 25.1479 4.70738 6.5
    endloop
  endfacet
  facet normal -0 0 1
    outer loop
      vertex 25.0703 4.90129 6.5
      vertex 25.1479 4.70738 6.5
      vertex 25.1034 4.91141 6.5
    endloop
  endfacet
  facet normal 0 0 1
    outer loop
      vertex 25.1479 4.70738 6.5
      vertex 25.0703 4.90129 6.5
      vertex 25.1293 4.69905 6.5
    endloop
  endfacet
  facet normal -0 0 1
    outer loop
      vertex 25.0383 4.88962 6.5
      vertex 25.1293 4.69905 6.5
      vertex 25.0703 4.90129 6.5
    endloop
  endfacet
  facet normal 0 0 1
    outer loop
      vertex 25.1293 4.69905 6.5
      vertex 25.0383 4.88962 6.5
      vertex 25.1114 4.68976 6.5
    endloop
  endfacet
  facet normal -0 0 1
    outer loop
      vertex 25.0074 4.87637 6.5
      vertex 25.1114 4.68976 6.5
      vertex 25.0383 4.88962 6.5
    endloop
  endfacet
  facet normal 0 0 1
    outer loop
      vertex 25.1114 4.68976 6.5
      vertex 25.0074 4.87637 6.5
      vertex 25.0942 4.67947 6.5
    endloop
  endfacet
  facet normal -0 0 1
    outer loop
      vertex 24.9777 4.86159 6.5
      vertex 25.0942 4.67947 6.5
      vertex 25.0074 4.87637 6.5
    endloop
  endfacet
  facet normal 0 0 1
    outer loop
      vertex 25.0942 4.67947 6.5
      vertex 24.9777 4.86159 6.5
      vertex 25.0778 4.66821 6.5
    endloop
  endfacet
  facet normal -0 0 1
    outer loop
      vertex 24.9491 4.84525 6.5
      vertex 25.0778 4.66821 6.5
      vertex 24.9777 4.86159 6.5
    endloop
  endfacet
  facet normal 0 0 1
    outer loop
      vertex 25.0778 4.66821 6.5
      vertex 24.9491 4.84525 6.5
      vertex 25.0621 4.65598 6.5
    endloop
  endfacet
  facet normal -0 0 1
    outer loop
      vertex 24.9216 4.82733 6.5
      vertex 25.0621 4.65598 6.5
      vertex 24.9491 4.84525 6.5
    endloop
  endfacet
  facet normal 0 0 1
    outer loop
      vertex 25.0621 4.65598 6.5
      vertex 24.9216 4.82733 6.5
      vertex 25.0473 4.64284 6.5
    endloop
  endfacet
  facet normal -0 0 1
    outer loop
      vertex 24.8953 4.80788 6.5
      vertex 25.0473 4.64284 6.5
      vertex 24.9216 4.82733 6.5
    endloop
  endfacet
  facet normal 0 0 1
    outer loop
      vertex 25.0473 4.64284 6.5
      vertex 24.8953 4.80788 6.5
      vertex 25.0334 4.62892 6.5
    endloop
  endfacet
  facet normal -0 0 1
    outer loop
      vertex 24.8703 4.78702 6.5
      vertex 25.0334 4.62892 6.5
      vertex 24.8953 4.80788 6.5
    endloop
  endfacet
  facet normal 0 0 1
    outer loop
      vertex 25.0334 4.62892 6.5
      vertex 24.8703 4.78702 6.5
      vertex 25.0205 4.61418 6.5
    endloop
  endfacet
  facet normal -0 0 1
    outer loop
      vertex 24.8471 4.76495 6.5
      vertex 25.0205 4.61418 6.5
      vertex 24.8703 4.78702 6.5
    endloop
  endfacet
  facet normal 0 0 1
    outer loop
      vertex 25.0205 4.61418 6.5
      vertex 24.8471 4.76495 6.5
      vertex 25.0086 4.59865 6.5
    endloop
  endfacet
  facet normal -0 0 1
    outer loop
      vertex 24.8255 4.74167 6.5
      vertex 25.0086 4.59865 6.5
      vertex 24.8471 4.76495 6.5
    endloop
  endfacet
  facet normal 0 0 1
    outer loop
      vertex 25.0086 4.59865 6.5
      vertex 24.8255 4.74167 6.5
      vertex 24.9978 4.58231 6.5
    endloop
  endfacet
  facet normal -0 0 1
    outer loop
      vertex 24.8055 4.71715 6.5
      vertex 24.9978 4.58231 6.5
      vertex 24.8255 4.74167 6.5
    endloop
  endfacet
  facet normal -0 0 1
    outer loop
      vertex 24.7872 4.69142 6.5
      vertex 24.9978 4.58231 6.5
      vertex 24.8055 4.71715 6.5
    endloop
  endfacet
  facet normal 0 0 1
    outer loop
      vertex 24.9978 4.58231 6.5
      vertex 24.7872 4.69142 6.5
      vertex 24.9879 4.56517 6.5
    endloop
  endfacet
  facet normal -0 0 1
    outer loop
      vertex 24.7706 4.66447 6.5
      vertex 24.9879 4.56517 6.5
      vertex 24.7872 4.69142 6.5
    endloop
  endfacet
  facet normal 0 0 1
    outer loop
      vertex 24.9879 4.56517 6.5
      vertex 24.7706 4.66447 6.5
      vertex 24.9789 4.54723 6.5
    endloop
  endfacet
  facet normal -0 0 1
    outer loop
      vertex 24.7556 4.63631 6.5
      vertex 24.9789 4.54723 6.5
      vertex 24.7706 4.66447 6.5
    endloop
  endfacet
  facet normal 0 0 1
    outer loop
      vertex 24.9789 4.54723 6.5
      vertex 24.7556 4.63631 6.5
      vertex 24.971 4.52847 6.5
    endloop
  endfacet
  facet normal -0 0 1
    outer loop
      vertex 24.7423 4.60692 6.5
      vertex 24.971 4.52847 6.5
      vertex 24.7556 4.63631 6.5
    endloop
  endfacet
  facet normal 0 0 1
    outer loop
      vertex 24.971 4.52847 6.5
      vertex 24.7423 4.60692 6.5
      vertex 24.964 4.50893 6.5
    endloop
  endfacet
  facet normal -0 0 1
    outer loop
      vertex 24.7306 4.57631 6.5
      vertex 24.964 4.50893 6.5
      vertex 24.7423 4.60692 6.5
    endloop
  endfacet
  facet normal 0 0 1
    outer loop
      vertex 24.964 4.50893 6.5
      vertex 24.7306 4.57631 6.5
      vertex 24.9581 4.48857 6.5
    endloop
  endfacet
  facet normal -0 0 1
    outer loop
      vertex 24.7207 4.54449 6.5
      vertex 24.9581 4.48857 6.5
      vertex 24.7306 4.57631 6.5
    endloop
  endfacet
  facet normal 0 0 1
    outer loop
      vertex 24.9581 4.48857 6.5
      vertex 24.7207 4.54449 6.5
      vertex 24.9531 4.46741 6.5
    endloop
  endfacet
  facet normal -0 0 1
    outer loop
      vertex 24.7123 4.51144 6.5
      vertex 24.9531 4.46741 6.5
      vertex 24.7207 4.54449 6.5
    endloop
  endfacet
  facet normal 0 0 1
    outer loop
      vertex 24.9531 4.46741 6.5
      vertex 24.7123 4.51144 6.5
      vertex 24.9491 4.44545 6.5
    endloop
  endfacet
  facet normal -0 0 1
    outer loop
      vertex 24.7057 4.47717 6.5
      vertex 24.9491 4.44545 6.5
      vertex 24.7123 4.51144 6.5
    endloop
  endfacet
  facet normal 0 0 1
    outer loop
      vertex 24.9491 4.44545 6.5
      vertex 24.7057 4.47717 6.5
      vertex 24.9461 4.4227 6.5
    endloop
  endfacet
  facet normal 0 0 1
    outer loop
      vertex 24.9461 4.4227 6.5
      vertex 24.7057 4.47717 6.5
      vertex 24.7006 4.4417 6.5
    endloop
  endfacet
  facet normal 0 0 1
    outer loop
      vertex 25.6807 4.43097 6.5
      vertex 25.9321 4.43355 6.5
      vertex 25.9312 4.46965 6.5
    endloop
  endfacet
  facet normal 0 0 1
    outer loop
      vertex 25.9321 4.43355 6.5
      vertex 25.6812 4.40778 6.5
      vertex 25.9315 4.40579 6.5
    endloop
  endfacet
  facet normal 0 0 1
    outer loop
      vertex 25.6807 4.43097 6.5
      vertex 25.9312 4.46965 6.5
      vertex 25.9284 4.50452 6.5
    endloop
  endfacet
  facet normal 0 0 1
    outer loop
      vertex 25.9315 4.40579 6.5
      vertex 25.6812 4.40778 6.5
      vertex 25.9297 4.37883 6.5
    endloop
  endfacet
  facet normal 0 0 1
    outer loop
      vertex 25.6807 4.43097 6.5
      vertex 25.9284 4.50452 6.5
      vertex 25.9237 4.53812 6.5
    endloop
  endfacet
  facet normal -0 0 1
    outer loop
      vertex 25.6806 4.38438 6.5
      vertex 25.9297 4.37883 6.5
      vertex 25.6812 4.40778 6.5
    endloop
  endfacet
  facet normal 0 0 1
    outer loop
      vertex 25.6807 4.43097 6.5
      vertex 25.9237 4.53812 6.5
      vertex 25.917 4.5705 6.5
    endloop
  endfacet
  facet normal 0 0 1
    outer loop
      vertex 25.9297 4.37883 6.5
      vertex 25.6806 4.38438 6.5
      vertex 25.9267 4.35269 6.5
    endloop
  endfacet
  facet normal -0 0 1
    outer loop
      vertex 25.6786 4.36179 6.5
      vertex 25.9267 4.35269 6.5
      vertex 25.6806 4.38438 6.5
    endloop
  endfacet
  facet normal 0 0 1
    outer loop
      vertex 25.6807 4.43097 6.5
      vertex 25.917 4.5705 6.5
      vertex 25.9086 4.60162 6.5
    endloop
  endfacet
  facet normal 0 0 1
    outer loop
      vertex 25.9267 4.35269 6.5
      vertex 25.6786 4.36179 6.5
      vertex 25.9224 4.32736 6.5
    endloop
  endfacet
  facet normal 0 0 1
    outer loop
      vertex 25.6807 4.43097 6.5
      vertex 25.9086 4.60162 6.5
      vertex 25.8982 4.6315 6.5
    endloop
  endfacet
  facet normal 0 0 1
    outer loop
      vertex 25.9224 4.32736 6.5
      vertex 25.6786 4.36179 6.5
      vertex 25.917 4.30284 6.5
    endloop
  endfacet
  facet normal 0 0 1
    outer loop
      vertex 25.6807 4.43097 6.5
      vertex 25.8982 4.6315 6.5
      vertex 25.8859 4.66014 6.5
    endloop
  endfacet
  facet normal -0 0 1
    outer loop
      vertex 25.6753 4.34 6.5
      vertex 25.917 4.30284 6.5
      vertex 25.6786 4.36179 6.5
    endloop
  endfacet
  facet normal 0 0 1
    outer loop
      vertex 25.6807 4.43097 6.5
      vertex 25.8859 4.66014 6.5
      vertex 25.8718 4.68753 6.5
    endloop
  endfacet
  facet normal 0 0 1
    outer loop
      vertex 25.917 4.30284 6.5
      vertex 25.6753 4.34 6.5
      vertex 25.9103 4.27913 6.5
    endloop
  endfacet
  facet normal 0 0 1
    outer loop
      vertex 25.9103 4.27913 6.5
      vertex 25.6753 4.34 6.5
      vertex 25.9024 4.25623 6.5
    endloop
  endfacet
  facet normal 0 0 1
    outer loop
      vertex 25.6807 4.43097 6.5
      vertex 25.8718 4.68753 6.5
      vertex 25.8558 4.71368 6.5
    endloop
  endfacet
  facet normal -0 0 1
    outer loop
      vertex 25.6708 4.31898 6.5
      vertex 25.9024 4.25623 6.5
      vertex 25.6753 4.34 6.5
    endloop
  endfacet
  facet normal 0 0 1
    outer loop
      vertex 25.6807 4.43097 6.5
      vertex 25.8558 4.71368 6.5
      vertex 25.8378 4.73859 6.5
    endloop
  endfacet
  facet normal 0 0 1
    outer loop
      vertex 25.9024 4.25623 6.5
      vertex 25.6708 4.31898 6.5
      vertex 25.8934 4.23415 6.5
    endloop
  endfacet
  facet normal 0 0 1
    outer loop
      vertex 25.6807 4.43097 6.5
      vertex 25.8378 4.73859 6.5
      vertex 25.818 4.76224 6.5
    endloop
  endfacet
  facet normal 0 0 1
    outer loop
      vertex 25.8934 4.23415 6.5
      vertex 25.6708 4.31898 6.5
      vertex 25.8831 4.21286 6.5
    endloop
  endfacet
  facet normal 0 0 1
    outer loop
      vertex 25.6807 4.43097 6.5
      vertex 25.818 4.76224 6.5
      vertex 25.7964 4.78465 6.5
    endloop
  endfacet
  facet normal -0 0 1
    outer loop
      vertex 25.6649 4.29878 6.5
      vertex 25.8831 4.21286 6.5
      vertex 25.6708 4.31898 6.5
    endloop
  endfacet
  facet normal 0 0 1
    outer loop
      vertex 25.8831 4.21286 6.5
      vertex 25.6649 4.29878 6.5
      vertex 25.8715 4.1924 6.5
    endloop
  endfacet
  facet normal 0 0 1
    outer loop
      vertex 25.6807 4.43097 6.5
      vertex 25.7964 4.78465 6.5
      vertex 25.7728 4.80583 6.5
    endloop
  endfacet
  facet normal -0 0 1
    outer loop
      vertex 25.6577 4.27936 6.5
      vertex 25.8715 4.1924 6.5
      vertex 25.6649 4.29878 6.5
    endloop
  endfacet
  facet normal 0 0 1
    outer loop
      vertex 25.6807 4.43097 6.5
      vertex 25.7728 4.80583 6.5
      vertex 25.7475 4.82559 6.5
    endloop
  endfacet
  facet normal 0 0 1
    outer loop
      vertex 25.8715 4.1924 6.5
      vertex 25.6577 4.27936 6.5
      vertex 25.8588 4.17273 6.5
    endloop
  endfacet
  facet normal 0 0 1
    outer loop
      vertex 25.6807 4.43097 6.5
      vertex 25.7475 4.82559 6.5
      vertex 25.7207 4.84378 6.5
    endloop
  endfacet
  facet normal 0 0 1
    outer loop
      vertex 25.8588 4.17273 6.5
      vertex 25.6577 4.27936 6.5
      vertex 25.8449 4.15388 6.5
    endloop
  endfacet
  facet normal -0 0 1
    outer loop
      vertex 25.6492 4.26074 6.5
      vertex 25.8449 4.15388 6.5
      vertex 25.6577 4.27936 6.5
    endloop
  endfacet
  facet normal 0 0 1
    outer loop
      vertex 25.5766 4.66301 6.5
      vertex 25.7207 4.84378 6.5
      vertex 25.6924 4.86038 6.5
    endloop
  endfacet
  facet normal 0 0 1
    outer loop
      vertex 25.8449 4.15388 6.5
      vertex 25.6492 4.26074 6.5
      vertex 25.8297 4.13585 6.5
    endloop
  endfacet
  facet normal 0 0 1
    outer loop
      vertex 25.8297 4.13585 6.5
      vertex 25.6492 4.26074 6.5
      vertex 25.8134 4.11865 6.5
    endloop
  endfacet
  facet normal -0 0 1
    outer loop
      vertex 25.6394 4.24292 6.5
      vertex 25.8134 4.11865 6.5
      vertex 25.6492 4.26074 6.5
    endloop
  endfacet
  facet normal 0 0 1
    outer loop
      vertex 25.8134 4.11865 6.5
      vertex 25.6394 4.24292 6.5
      vertex 25.796 4.10234 6.5
    endloop
  endfacet
  facet normal -0 0 1
    outer loop
      vertex 25.6282 4.22588 6.5
      vertex 25.796 4.10234 6.5
      vertex 25.6394 4.24292 6.5
    endloop
  endfacet
  facet normal 0 0 1
    outer loop
      vertex 25.796 4.10234 6.5
      vertex 25.6282 4.22588 6.5
      vertex 25.7775 4.0869 6.5
    endloop
  endfacet
  facet normal 0 0 1
    outer loop
      vertex 25.7775 4.0869 6.5
      vertex 25.6282 4.22588 6.5
      vertex 25.7579 4.07233 6.5
    endloop
  endfacet
  facet normal -0 0 1
    outer loop
      vertex 25.6158 4.20964 6.5
      vertex 25.7579 4.07233 6.5
      vertex 25.6282 4.22588 6.5
    endloop
  endfacet
  facet normal 0 0 1
    outer loop
      vertex 25.7579 4.07233 6.5
      vertex 25.6158 4.20964 6.5
      vertex 25.7372 4.05862 6.5
    endloop
  endfacet
  facet normal -0 0 1
    outer loop
      vertex 25.6021 4.1942 6.5
      vertex 25.7372 4.05862 6.5
      vertex 25.6158 4.20964 6.5
    endloop
  endfacet
  facet normal 0 0 1
    outer loop
      vertex 25.7372 4.05862 6.5
      vertex 25.6021 4.1942 6.5
      vertex 25.7154 4.04581 6.5
    endloop
  endfacet
  facet normal 0 0 1
    outer loop
      vertex 25.7154 4.04581 6.5
      vertex 25.6021 4.1942 6.5
      vertex 25.6925 4.03386 6.5
    endloop
  endfacet
  facet normal -0 0 1
    outer loop
      vertex 25.587 4.17955 6.5
      vertex 25.6925 4.03386 6.5
      vertex 25.6021 4.1942 6.5
    endloop
  endfacet
  facet normal 0 0 1
    outer loop
      vertex 25.6925 4.03386 6.5
      vertex 25.587 4.17955 6.5
      vertex 25.6685 4.0228 6.5
    endloop
  endfacet
  facet normal -0 0 1
    outer loop
      vertex 25.5707 4.1657 6.5
      vertex 25.6685 4.0228 6.5
      vertex 25.587 4.17955 6.5
    endloop
  endfacet
  facet normal 0 0 1
    outer loop
      vertex 25.6685 4.0228 6.5
      vertex 25.5707 4.1657 6.5
      vertex 25.6434 4.01259 6.5
    endloop
  endfacet
  facet normal -0 0 1
    outer loop
      vertex 25.5531 4.15276 6.5
      vertex 25.6434 4.01259 6.5
      vertex 25.5707 4.1657 6.5
    endloop
  endfacet
  facet normal 0 0 1
    outer loop
      vertex 25.6434 4.01259 6.5
      vertex 25.5531 4.15276 6.5
      vertex 25.6172 4.00327 6.5
    endloop
  endfacet
  facet normal -0 0 1
    outer loop
      vertex 25.5345 4.14084 6.5
      vertex 25.6172 4.00327 6.5
      vertex 25.5531 4.15276 6.5
    endloop
  endfacet
  facet normal 0 0 1
    outer loop
      vertex 25.6172 4.00327 6.5
      vertex 25.5345 4.14084 6.5
      vertex 25.5899 3.99483 6.5
    endloop
  endfacet
  facet normal -0 0 1
    outer loop
      vertex 25.5149 4.12997 6.5
      vertex 25.5899 3.99483 6.5
      vertex 25.5345 4.14084 6.5
    endloop
  endfacet
  facet normal 0 0 1
    outer loop
      vertex 25.5899 3.99483 6.5
      vertex 25.5149 4.12997 6.5
      vertex 25.5615 3.98724 6.5
    endloop
  endfacet
  facet normal 0 0 1
    outer loop
      vertex 25.4005 4.09116 6.5
      vertex 25.532 3.97513 6.5
      vertex 25.532 3.98055 6.5
    endloop
  endfacet
  facet normal -0 0 1
    outer loop
      vertex 25.4941 4.12015 6.5
      vertex 25.5615 3.98724 6.5
      vertex 25.5149 4.12997 6.5
    endloop
  endfacet
  facet normal 0 0 1
    outer loop
      vertex 25.5615 3.98724 6.5
      vertex 25.4941 4.12015 6.5
      vertex 25.532 3.98055 6.5
    endloop
  endfacet
  facet normal -0 0 1
    outer loop
      vertex 25.4723 4.11134 6.5
      vertex 25.532 3.98055 6.5
      vertex 25.4941 4.12015 6.5
    endloop
  endfacet
  facet normal 0 0 1
    outer loop
      vertex 25.532 3.97513 6.5
      vertex 25.5033 3.83351 6.5
      vertex 25.5274 3.82471 6.5
    endloop
  endfacet
  facet normal -0 0 1
    outer loop
      vertex 25.4494 4.10358 6.5
      vertex 25.532 3.98055 6.5
      vertex 25.4723 4.11134 6.5
    endloop
  endfacet
  facet normal 0 0 1
    outer loop
      vertex 25.532 3.97513 6.5
      vertex 25.4779 3.84126 6.5
      vertex 25.5033 3.83351 6.5
    endloop
  endfacet
  facet normal -0 0 1
    outer loop
      vertex 25.4255 4.09685 6.5
      vertex 25.532 3.98055 6.5
      vertex 25.4494 4.10358 6.5
    endloop
  endfacet
  facet normal 0 0 1
    outer loop
      vertex 25.532 3.97513 6.5
      vertex 25.4512 3.84799 6.5
      vertex 25.4779 3.84126 6.5
    endloop
  endfacet
  facet normal -0 0 1
    outer loop
      vertex 25.4005 4.09116 6.5
      vertex 25.532 3.98055 6.5
      vertex 25.4255 4.09685 6.5
    endloop
  endfacet
  facet normal 0 0 1
    outer loop
      vertex 25.532 3.97513 6.5
      vertex 25.4233 3.8537 6.5
      vertex 25.4512 3.84799 6.5
    endloop
  endfacet
  facet normal 0 0 1
    outer loop
      vertex 25.532 3.97513 6.5
      vertex 25.4005 4.09116 6.5
      vertex 25.3942 3.85835 6.5
    endloop
  endfacet
  facet normal 0 0 1
    outer loop
      vertex 25.532 3.97513 6.5
      vertex 25.3942 3.85835 6.5
      vertex 25.4233 3.8537 6.5
    endloop
  endfacet
  facet normal -0 0 1
    outer loop
      vertex 25.3744 4.0865 6.5
      vertex 25.3942 3.85835 6.5
      vertex 25.4005 4.09116 6.5
    endloop
  endfacet
  facet normal 0 0 1
    outer loop
      vertex 25.3744 4.0865 6.5
      vertex 25.3637 3.86197 6.5
      vertex 25.3942 3.85835 6.5
    endloop
  endfacet
  facet normal -0 0 1
    outer loop
      vertex 25.3473 4.08287 6.5
      vertex 25.3637 3.86197 6.5
      vertex 25.3744 4.0865 6.5
    endloop
  endfacet
  facet normal 0 0 1
    outer loop
      vertex 25.3473 4.08287 6.5
      vertex 25.332 3.86456 6.5
      vertex 25.3637 3.86197 6.5
    endloop
  endfacet
  facet normal -0 0 1
    outer loop
      vertex 25.3191 4.08028 6.5
      vertex 25.332 3.86456 6.5
      vertex 25.3473 4.08287 6.5
    endloop
  endfacet
  facet normal 0 0 1
    outer loop
      vertex 25.3191 4.08028 6.5
      vertex 25.2991 3.86612 6.5
      vertex 25.332 3.86456 6.5
    endloop
  endfacet
  facet normal -0 0 1
    outer loop
      vertex 25.2898 4.07874 6.5
      vertex 25.2991 3.86612 6.5
      vertex 25.3191 4.08028 6.5
    endloop
  endfacet
  facet normal 0 0 1
    outer loop
      vertex 25.2898 4.07874 6.5
      vertex 25.2649 3.86664 6.5
      vertex 25.2991 3.86612 6.5
    endloop
  endfacet
  facet normal -0 0 1
    outer loop
      vertex 25.2594 4.07822 6.5
      vertex 25.2649 3.86664 6.5
      vertex 25.2898 4.07874 6.5
    endloop
  endfacet
  facet normal 0 0 1
    outer loop
      vertex 25.1265 3.86664 6.5
      vertex 25.2594 4.07822 6.5
      vertex 25.1265 4.07822 6.5
    endloop
  endfacet
  facet normal 0 0 1
    outer loop
      vertex 25.2594 4.07822 6.5
      vertex 25.1265 3.86664 6.5
      vertex 25.2649 3.86664 6.5
    endloop
  endfacet
  facet normal -0 0 1
    outer loop
      vertex 25.7314 3.53571 6.5
      vertex 25.985 3.52757 6.5
      vertex 25.9843 3.55537 6.5
    endloop
  endfacet
  facet normal -0 0 1
    outer loop
      vertex 25.7307 3.5593 6.5
      vertex 25.9843 3.55537 6.5
      vertex 25.9822 3.58243 6.5
    endloop
  endfacet
  facet normal 0 0 1
    outer loop
      vertex 25.7308 3.5087 6.5
      vertex 25.985 3.52757 6.5
      vertex 25.7314 3.53571 6.5
    endloop
  endfacet
  facet normal 0 0 1
    outer loop
      vertex 25.7307 3.5593 6.5
      vertex 25.9822 3.58243 6.5
      vertex 25.9787 3.60875 6.5
    endloop
  endfacet
  facet normal 0 0 1
    outer loop
      vertex 25.985 3.52757 6.5
      vertex 25.7308 3.5087 6.5
      vertex 25.984 3.48759 6.5
    endloop
  endfacet
  facet normal 0 0 1
    outer loop
      vertex 25.7286 3.58208 6.5
      vertex 25.9787 3.60875 6.5
      vertex 25.9737 3.63434 6.5
    endloop
  endfacet
  facet normal 0 0 1
    outer loop
      vertex 25.7289 3.48271 6.5
      vertex 25.984 3.48759 6.5
      vertex 25.7308 3.5087 6.5
    endloop
  endfacet
  facet normal 0 0 1
    outer loop
      vertex 25.725 3.60405 6.5
      vertex 25.9737 3.63434 6.5
      vertex 25.9674 3.65919 6.5
    endloop
  endfacet
  facet normal -0 0 1
    outer loop
      vertex 25.7258 3.45778 6.5
      vertex 25.981 3.44902 6.5
      vertex 25.7289 3.48271 6.5
    endloop
  endfacet
  facet normal 0 0 1
    outer loop
      vertex 25.725 3.60405 6.5
      vertex 25.9674 3.65919 6.5
      vertex 25.9596 3.68329 6.5
    endloop
  endfacet
  facet normal 0 0 1
    outer loop
      vertex 25.72 3.6252 6.5
      vertex 25.9596 3.68329 6.5
      vertex 25.9504 3.70667 6.5
    endloop
  endfacet
  facet normal 0 0 1
    outer loop
      vertex 25.984 3.48759 6.5
      vertex 25.7289 3.48271 6.5
      vertex 25.981 3.44902 6.5
    endloop
  endfacet
  facet normal 0 0 1
    outer loop
      vertex 25.72 3.6252 6.5
      vertex 25.9504 3.70667 6.5
      vertex 25.9398 3.72929 6.5
    endloop
  endfacet
  facet normal -0 0 1
    outer loop
      vertex 25.7214 3.43388 6.5
      vertex 25.9761 3.41187 6.5
      vertex 25.7258 3.45778 6.5
    endloop
  endfacet
  facet normal 0 0 1
    outer loop
      vertex 25.7136 3.64555 6.5
      vertex 25.9398 3.72929 6.5
      vertex 25.9278 3.75119 6.5
    endloop
  endfacet
  facet normal 0 0 1
    outer loop
      vertex 25.9761 3.41187 6.5
      vertex 25.7214 3.43388 6.5
      vertex 25.9691 3.37613 6.5
    endloop
  endfacet
  facet normal 0 0 1
    outer loop
      vertex 25.7136 3.64555 6.5
      vertex 25.9278 3.75119 6.5
      vertex 25.9144 3.77234 6.5
    endloop
  endfacet
  facet normal 0 0 1
    outer loop
      vertex 25.9691 3.37613 6.5
      vertex 25.7214 3.43388 6.5
      vertex 25.9601 3.3418 6.5
    endloop
  endfacet
  facet normal 0 0 1
    outer loop
      vertex 25.7058 3.66508 6.5
      vertex 25.9144 3.77234 6.5
      vertex 25.8996 3.79276 6.5
    endloop
  endfacet
  facet normal -0 0 1
    outer loop
      vertex 25.7158 3.41104 6.5
      vertex 25.9601 3.3418 6.5
      vertex 25.7214 3.43388 6.5
    endloop
  endfacet
  facet normal 0 0 1
    outer loop
      vertex 25.6966 3.68381 6.5
      vertex 25.8996 3.79276 6.5
      vertex 25.8833 3.81244 6.5
    endloop
  endfacet
  facet normal 0 0 1
    outer loop
      vertex 25.6966 3.68381 6.5
      vertex 25.8833 3.81244 6.5
      vertex 25.8657 3.83138 6.5
    endloop
  endfacet
  facet normal 0 0 1
    outer loop
      vertex 25.981 3.44902 6.5
      vertex 25.7258 3.45778 6.5
      vertex 25.9761 3.41187 6.5
    endloop
  endfacet
  facet normal 0 0 1
    outer loop
      vertex 25.6859 3.70174 6.5
      vertex 25.8657 3.83138 6.5
      vertex 25.8467 3.84937 6.5
    endloop
  endfacet
  facet normal 0 0 1
    outer loop
      vertex 25.9601 3.3418 6.5
      vertex 25.7158 3.41104 6.5
      vertex 25.9492 3.30888 6.5
    endloop
  endfacet
  facet normal 0 0 1
    outer loop
      vertex 25.6739 3.71884 6.5
      vertex 25.8467 3.84937 6.5
      vertex 25.8267 3.8662 6.5
    endloop
  endfacet
  facet normal -0 0 1
    outer loop
      vertex 25.709 3.38924 6.5
      vertex 25.9492 3.30888 6.5
      vertex 25.7158 3.41104 6.5
    endloop
  endfacet
  facet normal 0 0 1
    outer loop
      vertex 25.6739 3.71884 6.5
      vertex 25.8267 3.8662 6.5
      vertex 25.8055 3.88188 6.5
    endloop
  endfacet
  facet normal 0 0 1
    outer loop
      vertex 25.9492 3.30888 6.5
      vertex 25.709 3.38924 6.5
      vertex 25.9363 3.27737 6.5
    endloop
  endfacet
  facet normal 0 0 1
    outer loop
      vertex 25.6604 3.73512 6.5
      vertex 25.8055 3.88188 6.5
      vertex 25.7832 3.89641 6.5
    endloop
  endfacet
  facet normal -0 0 1
    outer loop
      vertex 25.7009 3.36848 6.5
      vertex 25.9363 3.27737 6.5
      vertex 25.709 3.38924 6.5
    endloop
  endfacet
  facet normal 0 0 1
    outer loop
      vertex 25.6455 3.75061 6.5
      vertex 25.7832 3.89641 6.5
      vertex 25.7598 3.90977 6.5
    endloop
  endfacet
  facet normal 0 0 1
    outer loop
      vertex 25.6455 3.75061 6.5
      vertex 25.7598 3.90977 6.5
      vertex 25.7353 3.92198 6.5
    endloop
  endfacet
  facet normal 0 0 1
    outer loop
      vertex 25.9363 3.27737 6.5
      vertex 25.7009 3.36848 6.5
      vertex 25.9213 3.24728 6.5
    endloop
  endfacet
  facet normal -0 0 1
    outer loop
      vertex 25.6916 3.34875 6.5
      vertex 25.9213 3.24728 6.5
      vertex 25.7009 3.36848 6.5
    endloop
  endfacet
  facet normal 0 0 1
    outer loop
      vertex 25.9843 3.55537 6.5
      vertex 25.7307 3.5593 6.5
      vertex 25.7314 3.53571 6.5
    endloop
  endfacet
  facet normal 0 0 1
    outer loop
      vertex 25.9787 3.60875 6.5
      vertex 25.7286 3.58208 6.5
      vertex 25.7307 3.5593 6.5
    endloop
  endfacet
  facet normal 0 0 1
    outer loop
      vertex 25.9737 3.63434 6.5
      vertex 25.725 3.60405 6.5
      vertex 25.7286 3.58208 6.5
    endloop
  endfacet
  facet normal 0 0 1
    outer loop
      vertex 25.9596 3.68329 6.5
      vertex 25.72 3.6252 6.5
      vertex 25.725 3.60405 6.5
    endloop
  endfacet
  facet normal 0 0 1
    outer loop
      vertex 25.9398 3.72929 6.5
      vertex 25.7136 3.64555 6.5
      vertex 25.72 3.6252 6.5
    endloop
  endfacet
  facet normal 0 0 1
    outer loop
      vertex 25.6291 3.76529 6.5
      vertex 25.7353 3.92198 6.5
      vertex 25.7096 3.93304 6.5
    endloop
  endfacet
  facet normal 0 0 1
    outer loop
      vertex 25.9144 3.77234 6.5
      vertex 25.7058 3.66508 6.5
      vertex 25.7136 3.64555 6.5
    endloop
  endfacet
  facet normal 0 0 1
    outer loop
      vertex 25.8996 3.79276 6.5
      vertex 25.6966 3.68381 6.5
      vertex 25.7058 3.66508 6.5
    endloop
  endfacet
  facet normal 0 0 1
    outer loop
      vertex 25.8657 3.83138 6.5
      vertex 25.6859 3.70174 6.5
      vertex 25.6966 3.68381 6.5
    endloop
  endfacet
  facet normal 0 0 1
    outer loop
      vertex 25.6114 3.77916 6.5
      vertex 25.7096 3.93304 6.5
      vertex 25.6828 3.94295 6.5
    endloop
  endfacet
  facet normal 0 0 1
    outer loop
      vertex 25.8467 3.84937 6.5
      vertex 25.6739 3.71884 6.5
      vertex 25.6859 3.70174 6.5
    endloop
  endfacet
  facet normal 0 0 1
    outer loop
      vertex 25.8055 3.88188 6.5
      vertex 25.6604 3.73512 6.5
      vertex 25.6739 3.71884 6.5
    endloop
  endfacet
  facet normal 0 0 1
    outer loop
      vertex 25.5923 3.7921 6.5
      vertex 25.6828 3.94295 6.5
      vertex 25.6549 3.95169 6.5
    endloop
  endfacet
  facet normal 0 0 1
    outer loop
      vertex 25.7832 3.89641 6.5
      vertex 25.6455 3.75061 6.5
      vertex 25.6604 3.73512 6.5
    endloop
  endfacet
  facet normal 0 0 1
    outer loop
      vertex 25.7353 3.92198 6.5
      vertex 25.6291 3.76529 6.5
      vertex 25.6455 3.75061 6.5
    endloop
  endfacet
  facet normal 0 0 1
    outer loop
      vertex 25.5719 3.804 6.5
      vertex 25.6549 3.95169 6.5
      vertex 25.6259 3.95929 6.5
    endloop
  endfacet
  facet normal 0 0 1
    outer loop
      vertex 25.7096 3.93304 6.5
      vertex 25.6114 3.77916 6.5
      vertex 25.6291 3.76529 6.5
    endloop
  endfacet
  facet normal 0 0 1
    outer loop
      vertex 25.5503 3.81487 6.5
      vertex 25.6259 3.95929 6.5
      vertex 25.5957 3.96573 6.5
    endloop
  endfacet
  facet normal 0 0 1
    outer loop
      vertex 25.6828 3.94295 6.5
      vertex 25.5923 3.7921 6.5
      vertex 25.6114 3.77916 6.5
    endloop
  endfacet
  facet normal 0 0 1
    outer loop
      vertex 25.6549 3.95169 6.5
      vertex 25.5719 3.804 6.5
      vertex 25.5923 3.7921 6.5
    endloop
  endfacet
  facet normal 0 0 1
    outer loop
      vertex 25.5274 3.82471 6.5
      vertex 25.5957 3.96573 6.5
      vertex 25.5644 3.97101 6.5
    endloop
  endfacet
  facet normal 0 0 1
    outer loop
      vertex 25.6259 3.95929 6.5
      vertex 25.5503 3.81487 6.5
      vertex 25.5719 3.804 6.5
    endloop
  endfacet
  facet normal 0 0 1
    outer loop
      vertex 25.5274 3.82471 6.5
      vertex 25.5644 3.97101 6.5
      vertex 25.532 3.97513 6.5
    endloop
  endfacet
  facet normal 0 0 1
    outer loop
      vertex 25.5957 3.96573 6.5
      vertex 25.5274 3.82471 6.5
      vertex 25.5503 3.81487 6.5
    endloop
  endfacet
  facet normal 0 0 1
    outer loop
      vertex 25.9213 3.24728 6.5
      vertex 25.6916 3.34875 6.5
      vertex 25.9044 3.2186 6.5
    endloop
  endfacet
  facet normal -0 0 1
    outer loop
      vertex 25.681 3.33008 6.5
      vertex 25.9044 3.2186 6.5
      vertex 25.6916 3.34875 6.5
    endloop
  endfacet
  facet normal 0 0 1
    outer loop
      vertex 25.9044 3.2186 6.5
      vertex 25.681 3.33008 6.5
      vertex 25.8855 3.19133 6.5
    endloop
  endfacet
  facet normal 0 0 1
    outer loop
      vertex 25.8855 3.19133 6.5
      vertex 25.681 3.33008 6.5
      vertex 25.8646 3.16547 6.5
    endloop
  endfacet
  facet normal -0 0 1
    outer loop
      vertex 25.6692 3.31245 6.5
      vertex 25.8646 3.16547 6.5
      vertex 25.681 3.33008 6.5
    endloop
  endfacet
  facet normal 0 0 1
    outer loop
      vertex 25.8646 3.16547 6.5
      vertex 25.6692 3.31245 6.5
      vertex 25.8417 3.14102 6.5
    endloop
  endfacet
  facet normal -0 0 1
    outer loop
      vertex 25.6561 3.29587 6.5
      vertex 25.8417 3.14102 6.5
      vertex 25.6692 3.31245 6.5
    endloop
  endfacet
  facet normal 0 0 1
    outer loop
      vertex 25.8417 3.14102 6.5
      vertex 25.6561 3.29587 6.5
      vertex 25.8168 3.118 6.5
    endloop
  endfacet
  facet normal -0 0 1
    outer loop
      vertex 25.6418 3.28032 6.5
      vertex 25.8168 3.118 6.5
      vertex 25.6561 3.29587 6.5
    endloop
  endfacet
  facet normal 0 0 1
    outer loop
      vertex 25.8168 3.118 6.5
      vertex 25.6418 3.28032 6.5
      vertex 25.7901 3.09653 6.5
    endloop
  endfacet
  facet normal -0 0 1
    outer loop
      vertex 25.6263 3.26581 6.5
      vertex 25.7901 3.09653 6.5
      vertex 25.6418 3.28032 6.5
    endloop
  endfacet
  facet normal 0 0 1
    outer loop
      vertex 25.7901 3.09653 6.5
      vertex 25.6263 3.26581 6.5
      vertex 25.7617 3.07678 6.5
    endloop
  endfacet
  facet normal -0 0 1
    outer loop
      vertex 25.6096 3.25237 6.5
      vertex 25.7617 3.07678 6.5
      vertex 25.6263 3.26581 6.5
    endloop
  endfacet
  facet normal 0 0 1
    outer loop
      vertex 25.7617 3.07678 6.5
      vertex 25.6096 3.25237 6.5
      vertex 25.7316 3.05875 6.5
    endloop
  endfacet
  facet normal -0 0 1
    outer loop
      vertex 25.5921 3.24001 6.5
      vertex 25.7316 3.05875 6.5
      vertex 25.6096 3.25237 6.5
    endloop
  endfacet
  facet normal 0 0 1
    outer loop
      vertex 25.7316 3.05875 6.5
      vertex 25.5921 3.24001 6.5
      vertex 25.6997 3.04242 6.5
    endloop
  endfacet
  facet normal -0 0 1
    outer loop
      vertex 25.5735 3.22871 6.5
      vertex 25.6997 3.04242 6.5
      vertex 25.5921 3.24001 6.5
    endloop
  endfacet
  facet normal 0 0 1
    outer loop
      vertex 25.6997 3.04242 6.5
      vertex 25.5735 3.22871 6.5
      vertex 25.6662 3.02783 6.5
    endloop
  endfacet
  facet normal -0 0 1
    outer loop
      vertex 25.5541 3.21851 6.5
      vertex 25.6662 3.02783 6.5
      vertex 25.5735 3.22871 6.5
    endloop
  endfacet
  facet normal 0 0 1
    outer loop
      vertex 25.6662 3.02783 6.5
      vertex 25.5541 3.21851 6.5
      vertex 25.631 3.01495 6.5
    endloop
  endfacet
  facet normal -0 0 1
    outer loop
      vertex 25.5337 3.20937 6.5
      vertex 25.631 3.01495 6.5
      vertex 25.5541 3.21851 6.5
    endloop
  endfacet
  facet normal 0 0 1
    outer loop
      vertex 25.631 3.01495 6.5
      vertex 25.5337 3.20937 6.5
      vertex 25.5941 3.00378 6.5
    endloop
  endfacet
  facet normal -0 0 1
    outer loop
      vertex 25.5124 3.20129 6.5
      vertex 25.5941 3.00378 6.5
      vertex 25.5337 3.20937 6.5
    endloop
  endfacet
  facet normal 0 0 1
    outer loop
      vertex 25.5941 3.00378 6.5
      vertex 25.5124 3.20129 6.5
      vertex 25.5554 2.99435 6.5
    endloop
  endfacet
  facet normal -0 0 1
    outer loop
      vertex 25.4901 3.19431 6.5
      vertex 25.5554 2.99435 6.5
      vertex 25.5124 3.20129 6.5
    endloop
  endfacet
  facet normal 0 0 1
    outer loop
      vertex 25.5554 2.99435 6.5
      vertex 25.4901 3.19431 6.5
      vertex 25.5151 2.98663 6.5
    endloop
  endfacet
  facet normal -0 0 1
    outer loop
      vertex 25.4669 3.1884 6.5
      vertex 25.5151 2.98663 6.5
      vertex 25.4901 3.19431 6.5
    endloop
  endfacet
  facet normal 0 0 1
    outer loop
      vertex 25.5151 2.98663 6.5
      vertex 25.4669 3.1884 6.5
      vertex 25.473 2.98062 6.5
    endloop
  endfacet
  facet normal -0 0 1
    outer loop
      vertex 25.4427 3.18355 6.5
      vertex 25.473 2.98062 6.5
      vertex 25.4669 3.1884 6.5
    endloop
  endfacet
  facet normal -0 0 1
    outer loop
      vertex 25.4176 3.17979 6.5
      vertex 25.473 2.98062 6.5
      vertex 25.4427 3.18355 6.5
    endloop
  endfacet
  facet normal 0 0 1
    outer loop
      vertex 25.473 2.98062 6.5
      vertex 25.4176 3.17979 6.5
      vertex 25.4293 2.97632 6.5
    endloop
  endfacet
  facet normal -0 0 1
    outer loop
      vertex 25.3916 3.17711 6.5
      vertex 25.4293 2.97632 6.5
      vertex 25.4176 3.17979 6.5
    endloop
  endfacet
  facet normal 0 0 1
    outer loop
      vertex 25.3916 3.17711 6.5
      vertex 25.3839 2.97374 6.5
      vertex 25.4293 2.97632 6.5
    endloop
  endfacet
  facet normal -0 0 1
    outer loop
      vertex 25.3646 3.17549 6.5
      vertex 25.3839 2.97374 6.5
      vertex 25.3916 3.17711 6.5
    endloop
  endfacet
  facet normal 0 0 1
    outer loop
      vertex 25.3367 2.97289 6.5
      vertex 25.3646 3.17549 6.5
      vertex 25.3367 3.17496 6.5
    endloop
  endfacet
  facet normal 0 0 1
    outer loop
      vertex 25.3646 3.17549 6.5
      vertex 25.3367 2.97289 6.5
      vertex 25.3839 2.97374 6.5
    endloop
  endfacet
  facet normal 0 0 1
    outer loop
      vertex 25.3367 3.17496 6.5
      vertex 25.2928 2.97366 6.5
      vertex 25.3367 2.97289 6.5
    endloop
  endfacet
  facet normal 0 0 1
    outer loop
      vertex 25.2821 3.17696 6.5
      vertex 25.2928 2.97366 6.5
      vertex 25.3367 3.17496 6.5
    endloop
  endfacet
  facet normal 0 0 1
    outer loop
      vertex 25.2821 3.17696 6.5
      vertex 25.2502 2.97598 6.5
      vertex 25.2928 2.97366 6.5
    endloop
  endfacet
  facet normal 0 0 1
    outer loop
      vertex 25.2312 3.18298 6.5
      vertex 25.2502 2.97598 6.5
      vertex 25.2821 3.17696 6.5
    endloop
  endfacet
  facet normal 0 0 1
    outer loop
      vertex 25.2312 3.18298 6.5
      vertex 25.209 2.97986 6.5
      vertex 25.2502 2.97598 6.5
    endloop
  endfacet
  facet normal 0 0 1
    outer loop
      vertex 25.1692 2.98528 6.5
      vertex 25.2312 3.18298 6.5
      vertex 25.1841 3.19301 6.5
    endloop
  endfacet
  facet normal 0 0 1
    outer loop
      vertex 25.2312 3.18298 6.5
      vertex 25.1692 2.98528 6.5
      vertex 25.209 2.97986 6.5
    endloop
  endfacet
  facet normal 0 0 1
    outer loop
      vertex 25.0938 3.00075 6.5
      vertex 25.1841 3.19301 6.5
      vertex 25.1407 3.20705 6.5
    endloop
  endfacet
  facet normal 0 0 1
    outer loop
      vertex 25.1841 3.19301 6.5
      vertex 25.1308 2.99225 6.5
      vertex 25.1692 2.98528 6.5
    endloop
  endfacet
  facet normal 0 0 1
    outer loop
      vertex 25.0582 3.01082 6.5
      vertex 25.1407 3.20705 6.5
      vertex 25.1012 3.22511 6.5
    endloop
  endfacet
  facet normal 0 0 1
    outer loop
      vertex 25.1841 3.19301 6.5
      vertex 25.0938 3.00075 6.5
      vertex 25.1308 2.99225 6.5
    endloop
  endfacet
  facet normal 0 0 1
    outer loop
      vertex 24.9911 3.0356 6.5
      vertex 25.1012 3.22511 6.5
      vertex 25.0654 3.24718 6.5
    endloop
  endfacet
  facet normal 0 0 1
    outer loop
      vertex 25.1407 3.20705 6.5
      vertex 25.0582 3.01082 6.5
      vertex 25.0938 3.00075 6.5
    endloop
  endfacet
  facet normal 0 0 1
    outer loop
      vertex 24.9296 3.06657 6.5
      vertex 25.0654 3.24718 6.5
      vertex 25.0333 3.27325 6.5
    endloop
  endfacet
  facet normal 0 0 1
    outer loop
      vertex 25.1012 3.22511 6.5
      vertex 25.024 3.02243 6.5
      vertex 25.0582 3.01082 6.5
    endloop
  endfacet
  facet normal 0 0 1
    outer loop
      vertex 24.8478 3.12463 6.5
      vertex 25.0333 3.27325 6.5
      vertex 25.0051 3.30336 6.5
    endloop
  endfacet
  facet normal 0 0 1
    outer loop
      vertex 25.1012 3.22511 6.5
      vertex 24.9911 3.0356 6.5
      vertex 25.024 3.02243 6.5
    endloop
  endfacet
  facet normal 0 0 1
    outer loop
      vertex 24.8012 3.17084 6.5
      vertex 25.0051 3.30336 6.5
      vertex 24.9806 3.33746 6.5
    endloop
  endfacet
  facet normal 0 0 1
    outer loop
      vertex 24.7613 3.22299 6.5
      vertex 24.9806 3.33746 6.5
      vertex 24.9599 3.37558 6.5
    endloop
  endfacet
  facet normal 0 0 1
    outer loop
      vertex 25.0654 3.24718 6.5
      vertex 24.9596 3.05032 6.5
      vertex 24.9911 3.0356 6.5
    endloop
  endfacet
  facet normal 0 0 1
    outer loop
      vertex 24.7139 3.31233 6.5
      vertex 24.9599 3.37558 6.5
      vertex 24.9429 3.41771 6.5
    endloop
  endfacet
  facet normal 0 0 1
    outer loop
      vertex 24.6906 3.37933 6.5
      vertex 24.9429 3.41771 6.5
      vertex 24.9298 3.46385 6.5
    endloop
  endfacet
  facet normal 0 0 1
    outer loop
      vertex 25.0654 3.24718 6.5
      vertex 24.9296 3.06657 6.5
      vertex 24.9596 3.05032 6.5
    endloop
  endfacet
  facet normal 0 0 1
    outer loop
      vertex 24.6739 3.45226 6.5
      vertex 24.9298 3.46385 6.5
      vertex 24.9204 3.51401 6.5
    endloop
  endfacet
  facet normal 0 0 1
    outer loop
      vertex 25.0333 3.27325 6.5
      vertex 24.9009 3.0844 6.5
      vertex 24.9296 3.06657 6.5
    endloop
  endfacet
  facet normal 0 0 1
    outer loop
      vertex 25.0333 3.27325 6.5
      vertex 24.8736 3.10376 6.5
      vertex 24.9009 3.0844 6.5
    endloop
  endfacet
  facet normal 0 0 1
    outer loop
      vertex 25.0333 3.27325 6.5
      vertex 24.8478 3.12463 6.5
      vertex 24.8736 3.10376 6.5
    endloop
  endfacet
  facet normal 0 0 1
    outer loop
      vertex 25.0051 3.30336 6.5
      vertex 24.8237 3.14699 6.5
      vertex 24.8478 3.12463 6.5
    endloop
  endfacet
  facet normal 0 0 1
    outer loop
      vertex 25.0051 3.30336 6.5
      vertex 24.8012 3.17084 6.5
      vertex 24.8237 3.14699 6.5
    endloop
  endfacet
  facet normal 0 0 1
    outer loop
      vertex 24.9806 3.33746 6.5
      vertex 24.7805 3.19617 6.5
      vertex 24.8012 3.17084 6.5
    endloop
  endfacet
  facet normal 0 0 1
    outer loop
      vertex 24.9806 3.33746 6.5
      vertex 24.7613 3.22299 6.5
      vertex 24.7805 3.19617 6.5
    endloop
  endfacet
  facet normal 0 0 1
    outer loop
      vertex 24.9599 3.37558 6.5
      vertex 24.7439 3.25128 6.5
      vertex 24.7613 3.22299 6.5
    endloop
  endfacet
  facet normal 0 0 1
    outer loop
      vertex 24.9599 3.37558 6.5
      vertex 24.7281 3.28107 6.5
      vertex 24.7439 3.25128 6.5
    endloop
  endfacet
  facet normal 0 0 1
    outer loop
      vertex 24.9599 3.37558 6.5
      vertex 24.7139 3.31233 6.5
      vertex 24.7281 3.28107 6.5
    endloop
  endfacet
  facet normal 0 0 1
    outer loop
      vertex 24.9429 3.41771 6.5
      vertex 24.7014 3.34509 6.5
      vertex 24.7139 3.31233 6.5
    endloop
  endfacet
  facet normal 0 0 1
    outer loop
      vertex 24.9429 3.41771 6.5
      vertex 24.6906 3.37933 6.5
      vertex 24.7014 3.34509 6.5
    endloop
  endfacet
  facet normal 0 0 1
    outer loop
      vertex 24.9298 3.46385 6.5
      vertex 24.6814 3.41505 6.5
      vertex 24.6906 3.37933 6.5
    endloop
  endfacet
  facet normal 0 0 1
    outer loop
      vertex 24.9298 3.46385 6.5
      vertex 24.6739 3.45226 6.5
      vertex 24.6814 3.41505 6.5
    endloop
  endfacet
  facet normal 0 -0 1
    outer loop
      vertex 24.6739 3.45226 6.5
      vertex 24.9204 3.51401 6.5
      vertex 24.6681 3.49095 6.5
    endloop
  endfacet
  facet normal -0 0 1
    outer loop
      vertex 24.0623 3.29701 6.5
      vertex 24.3267 3 6.5
      vertex 24.3267 3.29701 6.5
    endloop
  endfacet
  facet normal 0 0 1
    outer loop
      vertex 24.3267 3 6.5
      vertex 24.0623 3.29701 6.5
      vertex 24.0623 3 6.5
    endloop
  endfacet
  facet normal 0.0929157 -0.995674 0
    outer loop
      vertex 23.1187 2.97438 6
      vertex 23.1666 2.97885 6.5
      vertex 23.1187 2.97438 6.5
    endloop
  endfacet
  facet normal 0.0929157 -0.995674 0
    outer loop
      vertex 23.1666 2.97885 6.5
      vertex 23.1187 2.97438 6
      vertex 23.1666 2.97885 6
    endloop
  endfacet
  facet normal 0.160841 -0.98698 0
    outer loop
      vertex 23.1666 2.97885 6
      vertex 23.2125 2.98633 6.5
      vertex 23.1666 2.97885 6.5
    endloop
  endfacet
  facet normal 0.160841 -0.98698 0
    outer loop
      vertex 23.2125 2.98633 6.5
      vertex 23.1666 2.97885 6
      vertex 23.2125 2.98633 6
    endloop
  endfacet
  facet normal 0.230367 -0.973104 0
    outer loop
      vertex 23.2125 2.98633 6
      vertex 23.2566 2.99677 6.5
      vertex 23.2125 2.98633 6.5
    endloop
  endfacet
  facet normal 0.230367 -0.973104 0
    outer loop
      vertex 23.2566 2.99677 6.5
      vertex 23.2125 2.98633 6
      vertex 23.2566 2.99677 6
    endloop
  endfacet
  facet normal 0.303708 -0.952765 0
    outer loop
      vertex 23.2566 2.99677 6
      vertex 23.2987 3.01019 6.5
      vertex 23.2566 2.99677 6.5
    endloop
  endfacet
  facet normal 0.303708 -0.952765 0
    outer loop
      vertex 23.2987 3.01019 6.5
      vertex 23.2566 2.99677 6
      vertex 23.2987 3.01019 6
    endloop
  endfacet
  facet normal 0.377326 -0.92608 0
    outer loop
      vertex 23.2987 3.01019 6
      vertex 23.339 3.02661 6.5
      vertex 23.2987 3.01019 6.5
    endloop
  endfacet
  facet normal 0.377326 -0.92608 0
    outer loop
      vertex 23.339 3.02661 6.5
      vertex 23.2987 3.01019 6
      vertex 23.339 3.02661 6
    endloop
  endfacet
  facet normal 0.451866 -0.892086 0
    outer loop
      vertex 23.339 3.02661 6
      vertex 23.3773 3.04601 6.5
      vertex 23.339 3.02661 6.5
    endloop
  endfacet
  facet normal 0.451866 -0.892086 0
    outer loop
      vertex 23.3773 3.04601 6.5
      vertex 23.339 3.02661 6
      vertex 23.3773 3.04601 6
    endloop
  endfacet
  facet normal 0.524097 -0.851658 0
    outer loop
      vertex 23.3773 3.04601 6
      vertex 23.4137 3.06841 6.5
      vertex 23.3773 3.04601 6.5
    endloop
  endfacet
  facet normal 0.524097 -0.851658 0
    outer loop
      vertex 23.4137 3.06841 6.5
      vertex 23.3773 3.04601 6
      vertex 23.4137 3.06841 6
    endloop
  endfacet
  facet normal 0.591313 -0.806442 0
    outer loop
      vertex 23.4137 3.06841 6
      vertex 23.4483 3.09378 6.5
      vertex 23.4137 3.06841 6.5
    endloop
  endfacet
  facet normal 0.591313 -0.806442 0
    outer loop
      vertex 23.4483 3.09378 6.5
      vertex 23.4137 3.06841 6
      vertex 23.4483 3.09378 6
    endloop
  endfacet
  facet normal 0.656207 -0.754581 0
    outer loop
      vertex 23.4483 3.09378 6
      vertex 23.4809 3.12213 6.5
      vertex 23.4483 3.09378 6.5
    endloop
  endfacet
  facet normal 0.656207 -0.754581 0
    outer loop
      vertex 23.4809 3.12213 6.5
      vertex 23.4483 3.09378 6
      vertex 23.4809 3.12213 6
    endloop
  endfacet
  facet normal 0.714586 -0.699547 0
    outer loop
      vertex 23.4809 3.12213 6.5
      vertex 23.5116 3.15349 6
      vertex 23.5116 3.15349 6.5
    endloop
  endfacet
  facet normal 0.714586 -0.699547 0
    outer loop
      vertex 23.5116 3.15349 6
      vertex 23.4809 3.12213 6.5
      vertex 23.4809 3.12213 6
    endloop
  endfacet
  facet normal 0.765015 -0.644012 0
    outer loop
      vertex 23.5116 3.15349 6.5
      vertex 23.5405 3.18782 6
      vertex 23.5405 3.18782 6.5
    endloop
  endfacet
  facet normal 0.765015 -0.644012 0
    outer loop
      vertex 23.5405 3.18782 6
      vertex 23.5116 3.15349 6.5
      vertex 23.5116 3.15349 6
    endloop
  endfacet
  facet normal 0.811155 -0.584832 0
    outer loop
      vertex 23.5405 3.18782 6.5
      vertex 23.5674 3.22513 6
      vertex 23.5674 3.22513 6.5
    endloop
  endfacet
  facet normal 0.811155 -0.584832 0
    outer loop
      vertex 23.5674 3.22513 6
      vertex 23.5405 3.18782 6.5
      vertex 23.5405 3.18782 6
    endloop
  endfacet
  facet normal 0.848947 -0.528478 0
    outer loop
      vertex 23.5674 3.22513 6.5
      vertex 23.5924 3.26529 6
      vertex 23.5924 3.26529 6.5
    endloop
  endfacet
  facet normal 0.848947 -0.528478 0
    outer loop
      vertex 23.5924 3.26529 6
      vertex 23.5674 3.22513 6.5
      vertex 23.5674 3.22513 6
    endloop
  endfacet
  facet normal 0.880959 -0.473192 0
    outer loop
      vertex 23.5924 3.26529 6.5
      vertex 23.6154 3.30811 6
      vertex 23.6154 3.30811 6.5
    endloop
  endfacet
  facet normal 0.880959 -0.473192 0
    outer loop
      vertex 23.6154 3.30811 6
      vertex 23.5924 3.26529 6.5
      vertex 23.5924 3.26529 6
    endloop
  endfacet
  facet normal 0.908753 -0.417335 0
    outer loop
      vertex 23.6154 3.30811 6.5
      vertex 23.6363 3.35362 6
      vertex 23.6363 3.35362 6.5
    endloop
  endfacet
  facet normal 0.908753 -0.417335 0
    outer loop
      vertex 23.6363 3.35362 6
      vertex 23.6154 3.30811 6.5
      vertex 23.6154 3.30811 6
    endloop
  endfacet
  facet normal 0.930303 -0.366793 0
    outer loop
      vertex 23.6363 3.35362 6.5
      vertex 23.6553 3.40181 6
      vertex 23.6553 3.40181 6.5
    endloop
  endfacet
  facet normal 0.930303 -0.366793 0
    outer loop
      vertex 23.6553 3.40181 6
      vertex 23.6363 3.35362 6.5
      vertex 23.6363 3.35362 6
    endloop
  endfacet
  facet normal 0.948441 -0.316955 0
    outer loop
      vertex 23.6553 3.40181 6.5
      vertex 23.6723 3.45268 6
      vertex 23.6723 3.45268 6.5
    endloop
  endfacet
  facet normal 0.948441 -0.316955 0
    outer loop
      vertex 23.6723 3.45268 6
      vertex 23.6553 3.40181 6.5
      vertex 23.6553 3.40181 6
    endloop
  endfacet
  facet normal 0.962949 -0.269683 0
    outer loop
      vertex 23.6723 3.45268 6.5
      vertex 23.6873 3.50624 6
      vertex 23.6873 3.50624 6.5
    endloop
  endfacet
  facet normal 0.962949 -0.269683 0
    outer loop
      vertex 23.6873 3.50624 6
      vertex 23.6723 3.45268 6.5
      vertex 23.6723 3.45268 6
    endloop
  endfacet
  facet normal 0.974301 -0.225252 0
    outer loop
      vertex 23.6873 3.50624 6.5
      vertex 23.7003 3.56247 6
      vertex 23.7003 3.56247 6.5
    endloop
  endfacet
  facet normal 0.974301 -0.225252 0
    outer loop
      vertex 23.7003 3.56247 6
      vertex 23.6873 3.50624 6.5
      vertex 23.6873 3.50624 6
    endloop
  endfacet
  facet normal 0.98301 -0.183553 0
    outer loop
      vertex 23.7003 3.56247 6.5
      vertex 23.7113 3.62138 6
      vertex 23.7113 3.62138 6.5
    endloop
  endfacet
  facet normal 0.98301 -0.183553 0
    outer loop
      vertex 23.7113 3.62138 6
      vertex 23.7003 3.56247 6.5
      vertex 23.7003 3.56247 6
    endloop
  endfacet
  facet normal 0.989491 -0.144592 0
    outer loop
      vertex 23.7113 3.62138 6.5
      vertex 23.7203 3.68297 6
      vertex 23.7203 3.68297 6.5
    endloop
  endfacet
  facet normal 0.989491 -0.144592 0
    outer loop
      vertex 23.7203 3.68297 6
      vertex 23.7113 3.62138 6.5
      vertex 23.7113 3.62138 6
    endloop
  endfacet
  facet normal 0.994123 -0.108259 0
    outer loop
      vertex 23.7203 3.68297 6.5
      vertex 23.7273 3.74725 6
      vertex 23.7273 3.74725 6.5
    endloop
  endfacet
  facet normal 0.994123 -0.108259 0
    outer loop
      vertex 23.7273 3.74725 6
      vertex 23.7203 3.68297 6.5
      vertex 23.7203 3.68297 6
    endloop
  endfacet
  facet normal 0.997224 -0.0744641 0
    outer loop
      vertex 23.7273 3.74725 6.5
      vertex 23.7323 3.81421 6
      vertex 23.7323 3.81421 6.5
    endloop
  endfacet
  facet normal 0.997224 -0.0744641 0
    outer loop
      vertex 23.7323 3.81421 6
      vertex 23.7273 3.74725 6.5
      vertex 23.7273 3.74725 6
    endloop
  endfacet
  facet normal 0.999073 -0.0430511 0
    outer loop
      vertex 23.7323 3.81421 6.5
      vertex 23.7353 3.88383 6
      vertex 23.7353 3.88383 6.5
    endloop
  endfacet
  facet normal 0.999073 -0.0430511 0
    outer loop
      vertex 23.7353 3.88383 6
      vertex 23.7323 3.81421 6.5
      vertex 23.7323 3.81421 6
    endloop
  endfacet
  facet normal 0.999923 -0.0124437 0
    outer loop
      vertex 23.7353 3.88383 6.5
      vertex 23.7362 3.95615 6
      vertex 23.7362 3.95615 6.5
    endloop
  endfacet
  facet normal 0.999923 -0.0124437 0
    outer loop
      vertex 23.7362 3.95615 6
      vertex 23.7353 3.88383 6.5
      vertex 23.7353 3.88383 6
    endloop
  endfacet
  facet normal 0.999925 0.012244 0
    outer loop
      vertex 23.7362 3.95615 6.5
      vertex 23.7353 4.02965 6
      vertex 23.7353 4.02965 6.5
    endloop
  endfacet
  facet normal 0.999925 0.012244 0
    outer loop
      vertex 23.7353 4.02965 6
      vertex 23.7362 3.95615 6.5
      vertex 23.7362 3.95615 6
    endloop
  endfacet
  facet normal 0.999159 0.0410071 0
    outer loop
      vertex 23.7353 4.02965 6.5
      vertex 23.7324 4.10031 6
      vertex 23.7324 4.10031 6.5
    endloop
  endfacet
  facet normal 0.999159 0.0410071 0
    outer loop
      vertex 23.7324 4.10031 6
      vertex 23.7353 4.02965 6.5
      vertex 23.7353 4.02965 6
    endloop
  endfacet
  facet normal 0.99761 0.0690947 0
    outer loop
      vertex 23.7324 4.10031 6.5
      vertex 23.7277 4.16817 6
      vertex 23.7277 4.16817 6.5
    endloop
  endfacet
  facet normal 0.99761 0.0690947 0
    outer loop
      vertex 23.7277 4.16817 6
      vertex 23.7324 4.10031 6.5
      vertex 23.7324 4.10031 6
    endloop
  endfacet
  facet normal 0.994731 0.102518 0
    outer loop
      vertex 23.7277 4.16817 6.5
      vertex 23.721 4.23318 6
      vertex 23.721 4.23318 6.5
    endloop
  endfacet
  facet normal 0.994731 0.102518 0
    outer loop
      vertex 23.721 4.23318 6
      vertex 23.7277 4.16817 6.5
      vertex 23.7277 4.16817 6
    endloop
  endfacet
  facet normal 0.990791 0.135398 0
    outer loop
      vertex 23.721 4.23318 6.5
      vertex 23.7125 4.29538 6
      vertex 23.7125 4.29538 6.5
    endloop
  endfacet
  facet normal 0.990791 0.135398 0
    outer loop
      vertex 23.7125 4.29538 6
      vertex 23.721 4.23318 6.5
      vertex 23.721 4.23318 6
    endloop
  endfacet
  facet normal 0.984718 0.174154 0
    outer loop
      vertex 23.7125 4.29538 6.5
      vertex 23.702 4.35475 6
      vertex 23.702 4.35475 6.5
    endloop
  endfacet
  facet normal 0.984718 0.174154 0
    outer loop
      vertex 23.702 4.35475 6
      vertex 23.7125 4.29538 6.5
      vertex 23.7125 4.29538 6
    endloop
  endfacet
  facet normal 0.976785 0.214222 0
    outer loop
      vertex 23.702 4.35475 6.5
      vertex 23.6896 4.41129 6
      vertex 23.6896 4.41129 6.5
    endloop
  endfacet
  facet normal 0.976785 0.214222 0
    outer loop
      vertex 23.6896 4.41129 6
      vertex 23.702 4.35475 6.5
      vertex 23.702 4.35475 6
    endloop
  endfacet
  facet normal 0.966794 0.255556 0
    outer loop
      vertex 23.6896 4.41129 6.5
      vertex 23.6754 4.46501 6
      vertex 23.6754 4.46501 6.5
    endloop
  endfacet
  facet normal 0.966794 0.255556 0
    outer loop
      vertex 23.6754 4.46501 6
      vertex 23.6896 4.41129 6.5
      vertex 23.6896 4.41129 6
    endloop
  endfacet
  facet normal 0.952884 0.303335 0
    outer loop
      vertex 23.6754 4.46501 6.5
      vertex 23.6592 4.5159 6
      vertex 23.6592 4.5159 6.5
    endloop
  endfacet
  facet normal 0.952884 0.303335 0
    outer loop
      vertex 23.6592 4.5159 6
      vertex 23.6754 4.46501 6.5
      vertex 23.6754 4.46501 6
    endloop
  endfacet
  facet normal 0.936521 0.350611 0
    outer loop
      vertex 23.6592 4.5159 6.5
      vertex 23.6412 4.56398 6
      vertex 23.6412 4.56398 6.5
    endloop
  endfacet
  facet normal 0.936521 0.350611 0
    outer loop
      vertex 23.6412 4.56398 6
      vertex 23.6592 4.5159 6.5
      vertex 23.6592 4.5159 6
    endloop
  endfacet
  facet normal 0.91461 0.404337 0
    outer loop
      vertex 23.6412 4.56398 6.5
      vertex 23.6212 4.60922 6
      vertex 23.6212 4.60922 6.5
    endloop
  endfacet
  facet normal 0.91461 0.404337 0
    outer loop
      vertex 23.6212 4.60922 6
      vertex 23.6412 4.56398 6.5
      vertex 23.6412 4.56398 6
    endloop
  endfacet
  facet normal 0.888571 0.458739 0
    outer loop
      vertex 23.6212 4.60922 6.5
      vertex 23.5993 4.65164 6
      vertex 23.5993 4.65164 6.5
    endloop
  endfacet
  facet normal 0.888571 0.458739 0
    outer loop
      vertex 23.5993 4.65164 6
      vertex 23.6212 4.60922 6.5
      vertex 23.6212 4.60922 6
    endloop
  endfacet
  facet normal 0.857111 0.515132 0
    outer loop
      vertex 23.5993 4.65164 6.5
      vertex 23.5755 4.69124 6
      vertex 23.5755 4.69124 6.5
    endloop
  endfacet
  facet normal 0.857111 0.515132 0
    outer loop
      vertex 23.5755 4.69124 6
      vertex 23.5993 4.65164 6.5
      vertex 23.5993 4.65164 6
    endloop
  endfacet
  facet normal 0.8192 0.573507 0
    outer loop
      vertex 23.5755 4.69124 6.5
      vertex 23.5498 4.72795 6
      vertex 23.5498 4.72795 6.5
    endloop
  endfacet
  facet normal 0.8192 0.573507 0
    outer loop
      vertex 23.5498 4.72795 6
      vertex 23.5755 4.69124 6.5
      vertex 23.5755 4.69124 6
    endloop
  endfacet
  facet normal 0.77102 0.636811 0
    outer loop
      vertex 23.5498 4.72795 6.5
      vertex 23.5219 4.76173 6
      vertex 23.5219 4.76173 6.5
    endloop
  endfacet
  facet normal 0.77102 0.636811 0
    outer loop
      vertex 23.5219 4.76173 6
      vertex 23.5498 4.72795 6.5
      vertex 23.5498 4.72795 6
    endloop
  endfacet
  facet normal 0.716801 0.697278 0
    outer loop
      vertex 23.5219 4.76173 6.5
      vertex 23.4919 4.79257 6
      vertex 23.4919 4.79257 6.5
    endloop
  endfacet
  facet normal 0.716801 0.697278 0
    outer loop
      vertex 23.4919 4.79257 6
      vertex 23.5219 4.76173 6.5
      vertex 23.5219 4.76173 6
    endloop
  endfacet
  facet normal 0.65717 0.753743 -0
    outer loop
      vertex 23.4919 4.79257 6
      vertex 23.4599 4.82047 6.5
      vertex 23.4919 4.79257 6.5
    endloop
  endfacet
  facet normal 0.65717 0.753743 0
    outer loop
      vertex 23.4599 4.82047 6.5
      vertex 23.4919 4.79257 6
      vertex 23.4599 4.82047 6
    endloop
  endfacet
  facet normal 0.589673 0.807642 -0
    outer loop
      vertex 23.4599 4.82047 6
      vertex 23.4257 4.84544 6.5
      vertex 23.4599 4.82047 6.5
    endloop
  endfacet
  facet normal 0.589673 0.807642 0
    outer loop
      vertex 23.4257 4.84544 6.5
      vertex 23.4599 4.82047 6
      vertex 23.4257 4.84544 6
    endloop
  endfacet
  facet normal 0.519692 0.854353 -0
    outer loop
      vertex 23.4257 4.84544 6
      vertex 23.3895 4.86746 6.5
      vertex 23.4257 4.84544 6.5
    endloop
  endfacet
  facet normal 0.519692 0.854353 0
    outer loop
      vertex 23.3895 4.86746 6.5
      vertex 23.4257 4.84544 6
      vertex 23.3895 4.86746 6
    endloop
  endfacet
  facet normal 0.445534 0.895265 -0
    outer loop
      vertex 23.3895 4.86746 6
      vertex 23.3511 4.88657 6.5
      vertex 23.3895 4.86746 6.5
    endloop
  endfacet
  facet normal 0.445534 0.895265 0
    outer loop
      vertex 23.3511 4.88657 6.5
      vertex 23.3895 4.86746 6
      vertex 23.3511 4.88657 6
    endloop
  endfacet
  facet normal 0.370994 0.928635 -0
    outer loop
      vertex 23.3511 4.88657 6
      vertex 23.3107 4.90271 6.5
      vertex 23.3511 4.88657 6.5
    endloop
  endfacet
  facet normal 0.370994 0.928635 0
    outer loop
      vertex 23.3107 4.90271 6.5
      vertex 23.3511 4.88657 6
      vertex 23.3107 4.90271 6
    endloop
  endfacet
  facet normal 0.297226 0.954807 -0
    outer loop
      vertex 23.3107 4.90271 6
      vertex 23.2682 4.91594 6.5
      vertex 23.3107 4.90271 6.5
    endloop
  endfacet
  facet normal 0.297226 0.954807 0
    outer loop
      vertex 23.2682 4.91594 6.5
      vertex 23.3107 4.90271 6
      vertex 23.2682 4.91594 6
    endloop
  endfacet
  facet normal 0.224397 0.974498 -0
    outer loop
      vertex 23.2682 4.91594 6
      vertex 23.2236 4.92621 6.5
      vertex 23.2682 4.91594 6.5
    endloop
  endfacet
  facet normal 0.224397 0.974498 0
    outer loop
      vertex 23.2236 4.92621 6.5
      vertex 23.2682 4.91594 6
      vertex 23.2236 4.92621 6
    endloop
  endfacet
  facet normal 0.15515 0.987891 -0
    outer loop
      vertex 23.2236 4.92621 6
      vertex 23.1768 4.93356 6.5
      vertex 23.2236 4.92621 6.5
    endloop
  endfacet
  facet normal 0.15515 0.987891 0
    outer loop
      vertex 23.1768 4.93356 6.5
      vertex 23.2236 4.92621 6
      vertex 23.1768 4.93356 6
    endloop
  endfacet
  facet normal 0.0897997 0.99596 -0
    outer loop
      vertex 23.1768 4.93356 6
      vertex 23.128 4.93796 6.5
      vertex 23.1768 4.93356 6.5
    endloop
  endfacet
  facet normal 0.0897997 0.99596 0
    outer loop
      vertex 23.128 4.93796 6.5
      vertex 23.1768 4.93356 6
      vertex 23.128 4.93796 6
    endloop
  endfacet
  facet normal 0.0290643 0.999578 -0
    outer loop
      vertex 23.128 4.93796 6
      vertex 23.0771 4.93944 6.5
      vertex 23.128 4.93796 6.5
    endloop
  endfacet
  facet normal 0.0290643 0.999578 0
    outer loop
      vertex 23.0771 4.93944 6.5
      vertex 23.128 4.93796 6
      vertex 23.0771 4.93944 6
    endloop
  endfacet
  facet normal -0.028096 0.999605 0
    outer loop
      vertex 23.0771 4.93944 6
      vertex 23.0248 4.93797 6.5
      vertex 23.0771 4.93944 6.5
    endloop
  endfacet
  facet normal -0.028096 0.999605 0
    outer loop
      vertex 23.0248 4.93797 6.5
      vertex 23.0771 4.93944 6
      vertex 23.0248 4.93797 6
    endloop
  endfacet
  facet normal -0.0865009 0.996252 0
    outer loop
      vertex 23.0248 4.93797 6
      vertex 22.9747 4.93362 6.5
      vertex 23.0248 4.93797 6.5
    endloop
  endfacet
  facet normal -0.0865009 0.996252 0
    outer loop
      vertex 22.9747 4.93362 6.5
      vertex 23.0248 4.93797 6
      vertex 22.9747 4.93362 6
    endloop
  endfacet
  facet normal -0.149854 0.988708 0
    outer loop
      vertex 22.9747 4.93362 6
      vertex 22.9268 4.92636 6.5
      vertex 22.9747 4.93362 6.5
    endloop
  endfacet
  facet normal -0.149854 0.988708 0
    outer loop
      vertex 22.9268 4.92636 6.5
      vertex 22.9747 4.93362 6
      vertex 22.9268 4.92636 6
    endloop
  endfacet
  facet normal -0.217021 0.976167 0
    outer loop
      vertex 22.9268 4.92636 6
      vertex 22.8811 4.9162 6.5
      vertex 22.9268 4.92636 6.5
    endloop
  endfacet
  facet normal -0.217021 0.976167 0
    outer loop
      vertex 22.8811 4.9162 6.5
      vertex 22.9268 4.92636 6
      vertex 22.8811 4.9162 6
    endloop
  endfacet
  facet normal -0.287954 0.957644 0
    outer loop
      vertex 22.8811 4.9162 6
      vertex 22.8376 4.90312 6.5
      vertex 22.8811 4.9162 6.5
    endloop
  endfacet
  facet normal -0.287954 0.957644 0
    outer loop
      vertex 22.8376 4.90312 6.5
      vertex 22.8811 4.9162 6
      vertex 22.8376 4.90312 6
    endloop
  endfacet
  facet normal -0.361419 0.932403 0
    outer loop
      vertex 22.8376 4.90312 6
      vertex 22.7964 4.88715 6.5
      vertex 22.8376 4.90312 6.5
    endloop
  endfacet
  facet normal -0.361419 0.932403 0
    outer loop
      vertex 22.7964 4.88715 6.5
      vertex 22.8376 4.90312 6
      vertex 22.7964 4.88715 6
    endloop
  endfacet
  facet normal -0.435013 0.900424 0
    outer loop
      vertex 22.7964 4.88715 6
      vertex 22.7573 4.86826 6.5
      vertex 22.7964 4.88715 6.5
    endloop
  endfacet
  facet normal -0.435013 0.900424 0
    outer loop
      vertex 22.7573 4.86826 6.5
      vertex 22.7964 4.88715 6
      vertex 22.7573 4.86826 6
    endloop
  endfacet
  facet normal -0.508478 0.861075 0
    outer loop
      vertex 22.7573 4.86826 6
      vertex 22.7204 4.84647 6.5
      vertex 22.7573 4.86826 6.5
    endloop
  endfacet
  facet normal -0.508478 0.861075 0
    outer loop
      vertex 22.7204 4.84647 6.5
      vertex 22.7573 4.86826 6
      vertex 22.7204 4.84647 6
    endloop
  endfacet
  facet normal -0.58086 0.814004 0
    outer loop
      vertex 22.7204 4.84647 6
      vertex 22.6858 4.82178 6.5
      vertex 22.7204 4.84647 6.5
    endloop
  endfacet
  facet normal -0.58086 0.814004 0
    outer loop
      vertex 22.6858 4.82178 6.5
      vertex 22.7204 4.84647 6
      vertex 22.6858 4.82178 6
    endloop
  endfacet
  facet normal -0.647444 0.762113 0
    outer loop
      vertex 22.6858 4.82178 6
      vertex 22.6533 4.79417 6.5
      vertex 22.6858 4.82178 6.5
    endloop
  endfacet
  facet normal -0.647444 0.762113 0
    outer loop
      vertex 22.6533 4.79417 6.5
      vertex 22.6858 4.82178 6
      vertex 22.6533 4.79417 6
    endloop
  endfacet
  facet normal -0.710593 0.703603 0
    outer loop
      vertex 22.6231 4.76367 6
      vertex 22.6533 4.79417 6.5
      vertex 22.6533 4.79417 6
    endloop
  endfacet
  facet normal -0.710593 0.703603 0
    outer loop
      vertex 22.6533 4.79417 6.5
      vertex 22.6231 4.76367 6
      vertex 22.6231 4.76367 6.5
    endloop
  endfacet
  facet normal -0.765208 0.643783 0
    outer loop
      vertex 22.595 4.73027 6
      vertex 22.6231 4.76367 6.5
      vertex 22.6231 4.76367 6
    endloop
  endfacet
  facet normal -0.765208 0.643783 0
    outer loop
      vertex 22.6231 4.76367 6.5
      vertex 22.595 4.73027 6
      vertex 22.595 4.73027 6.5
    endloop
  endfacet
  facet normal -0.815247 0.579113 0
    outer loop
      vertex 22.5692 4.69395 6
      vertex 22.595 4.73027 6.5
      vertex 22.595 4.73027 6
    endloop
  endfacet
  facet normal -0.815247 0.579113 0
    outer loop
      vertex 22.595 4.73027 6.5
      vertex 22.5692 4.69395 6
      vertex 22.5692 4.69395 6.5
    endloop
  endfacet
  facet normal -0.854964 0.518688 0
    outer loop
      vertex 22.5454 4.65472 6
      vertex 22.5692 4.69395 6.5
      vertex 22.5692 4.69395 6
    endloop
  endfacet
  facet normal -0.854964 0.518688 0
    outer loop
      vertex 22.5692 4.69395 6.5
      vertex 22.5454 4.65472 6
      vertex 22.5454 4.65472 6.5
    endloop
  endfacet
  facet normal -0.888188 0.45948 0
    outer loop
      vertex 22.5236 4.61258 6
      vertex 22.5454 4.65472 6.5
      vertex 22.5454 4.65472 6
    endloop
  endfacet
  facet normal -0.888188 0.45948 0
    outer loop
      vertex 22.5454 4.65472 6.5
      vertex 22.5236 4.61258 6
      vertex 22.5236 4.61258 6.5
    endloop
  endfacet
  facet normal -0.914079 0.405536 0
    outer loop
      vertex 22.5036 4.5675 6
      vertex 22.5236 4.61258 6.5
      vertex 22.5236 4.61258 6
    endloop
  endfacet
  facet normal -0.914079 0.405536 0
    outer loop
      vertex 22.5236 4.61258 6.5
      vertex 22.5036 4.5675 6
      vertex 22.5036 4.5675 6.5
    endloop
  endfacet
  facet normal -0.935638 0.352961 0
    outer loop
      vertex 22.4855 4.51952 6
      vertex 22.5036 4.5675 6.5
      vertex 22.5036 4.5675 6
    endloop
  endfacet
  facet normal -0.935638 0.352961 0
    outer loop
      vertex 22.5036 4.5675 6.5
      vertex 22.4855 4.51952 6
      vertex 22.4855 4.51952 6.5
    endloop
  endfacet
  facet normal -0.953458 0.301526 0
    outer loop
      vertex 22.4694 4.46861 6
      vertex 22.4855 4.51952 6.5
      vertex 22.4855 4.51952 6
    endloop
  endfacet
  facet normal -0.953458 0.301526 0
    outer loop
      vertex 22.4855 4.51952 6.5
      vertex 22.4694 4.46861 6
      vertex 22.4694 4.46861 6.5
    endloop
  endfacet
  facet normal -0.966479 0.256746 0
    outer loop
      vertex 22.4551 4.41478 6
      vertex 22.4694 4.46861 6.5
      vertex 22.4694 4.46861 6
    endloop
  endfacet
  facet normal -0.966479 0.256746 0
    outer loop
      vertex 22.4694 4.46861 6.5
      vertex 22.4551 4.41478 6
      vertex 22.4551 4.41478 6.5
    endloop
  endfacet
  facet normal -0.976958 0.21343 0
    outer loop
      vertex 22.4427 4.35802 6
      vertex 22.4551 4.41478 6.5
      vertex 22.4551 4.41478 6
    endloop
  endfacet
  facet normal -0.976958 0.21343 0
    outer loop
      vertex 22.4551 4.41478 6.5
      vertex 22.4427 4.35802 6
      vertex 22.4427 4.35802 6.5
    endloop
  endfacet
  facet normal -0.985154 0.171676 0
    outer loop
      vertex 22.4323 4.29834 6
      vertex 22.4427 4.35802 6.5
      vertex 22.4427 4.35802 6
    endloop
  endfacet
  facet normal -0.985154 0.171676 0
    outer loop
      vertex 22.4427 4.35802 6.5
      vertex 22.4323 4.29834 6
      vertex 22.4323 4.29834 6.5
    endloop
  endfacet
  facet normal -0.990692 0.136123 0
    outer loop
      vertex 22.4237 4.23575 6
      vertex 22.4323 4.29834 6.5
      vertex 22.4323 4.29834 6
    endloop
  endfacet
  facet normal -0.990692 0.136123 0
    outer loop
      vertex 22.4323 4.29834 6.5
      vertex 22.4237 4.23575 6
      vertex 22.4237 4.23575 6.5
    endloop
  endfacet
  facet normal -0.994812 0.101728 0
    outer loop
      vertex 22.417 4.17023 6
      vertex 22.4237 4.23575 6.5
      vertex 22.4237 4.23575 6
    endloop
  endfacet
  facet normal -0.994812 0.101728 0
    outer loop
      vertex 22.4237 4.23575 6.5
      vertex 22.417 4.17023 6
      vertex 22.417 4.17023 6.5
    endloop
  endfacet
  facet normal -0.99765 0.0685119 0
    outer loop
      vertex 22.4123 4.10179 6
      vertex 22.417 4.17023 6.5
      vertex 22.417 4.17023 6
    endloop
  endfacet
  facet normal -0.99765 0.0685119 0
    outer loop
      vertex 22.417 4.17023 6.5
      vertex 22.4123 4.10179 6
      vertex 22.4123 4.10179 6.5
    endloop
  endfacet
  facet normal -0.999175 0.0406055 0
    outer loop
      vertex 22.4094 4.03043 6
      vertex 22.4123 4.10179 6.5
      vertex 22.4123 4.10179 6
    endloop
  endfacet
  facet normal -0.999175 0.0406055 0
    outer loop
      vertex 22.4123 4.10179 6.5
      vertex 22.4094 4.03043 6
      vertex 22.4094 4.03043 6.5
    endloop
  endfacet
  facet normal -0.999927 0.0121154 0
    outer loop
      vertex 22.4085 3.95615 6
      vertex 22.4094 4.03043 6.5
      vertex 22.4094 4.03043 6
    endloop
  endfacet
  facet normal -0.999927 0.0121154 0
    outer loop
      vertex 22.4094 4.03043 6.5
      vertex 22.4085 3.95615 6
      vertex 22.4085 3.95615 6.5
    endloop
  endfacet
  facet normal -0.999905 -0.013752 0
    outer loop
      vertex 22.4095 3.88344 6
      vertex 22.4085 3.95615 6.5
      vertex 22.4085 3.95615 6
    endloop
  endfacet
  facet normal -0.999905 -0.013752 0
    outer loop
      vertex 22.4085 3.95615 6.5
      vertex 22.4095 3.88344 6
      vertex 22.4095 3.88344 6.5
    endloop
  endfacet
  facet normal -0.999142 -0.0414049 0
    outer loop
      vertex 22.4124 3.81346 6
      vertex 22.4095 3.88344 6.5
      vertex 22.4095 3.88344 6
    endloop
  endfacet
  facet normal -0.999142 -0.0414049 0
    outer loop
      vertex 22.4095 3.88344 6.5
      vertex 22.4124 3.81346 6
      vertex 22.4124 3.81346 6.5
    endloop
  endfacet
  facet normal -0.997355 -0.0726806 0
    outer loop
      vertex 22.4173 3.74622 6
      vertex 22.4124 3.81346 6.5
      vertex 22.4124 3.81346 6
    endloop
  endfacet
  facet normal -0.997355 -0.0726806 0
    outer loop
      vertex 22.4124 3.81346 6.5
      vertex 22.4173 3.74622 6
      vertex 22.4173 3.74622 6.5
    endloop
  endfacet
  facet normal -0.994332 -0.106321 0
    outer loop
      vertex 22.4242 3.68169 6
      vertex 22.4173 3.74622 6.5
      vertex 22.4173 3.74622 6
    endloop
  endfacet
  facet normal -0.994332 -0.106321 0
    outer loop
      vertex 22.4173 3.74622 6.5
      vertex 22.4242 3.68169 6
      vertex 22.4242 3.68169 6.5
    endloop
  endfacet
  facet normal -0.990013 -0.140973 0
    outer loop
      vertex 22.433 3.61989 6
      vertex 22.4242 3.68169 6.5
      vertex 22.4242 3.68169 6
    endloop
  endfacet
  facet normal -0.990013 -0.140973 0
    outer loop
      vertex 22.4242 3.68169 6.5
      vertex 22.433 3.61989 6
      vertex 22.433 3.61989 6.5
    endloop
  endfacet
  facet normal -0.983987 -0.17824 0
    outer loop
      vertex 22.4437 3.56082 6
      vertex 22.433 3.61989 6.5
      vertex 22.433 3.61989 6
    endloop
  endfacet
  facet normal -0.983987 -0.17824 0
    outer loop
      vertex 22.433 3.61989 6.5
      vertex 22.4437 3.56082 6
      vertex 22.4437 3.56082 6.5
    endloop
  endfacet
  facet normal -0.975141 -0.221584 0
    outer loop
      vertex 22.4565 3.50449 6
      vertex 22.4437 3.56082 6.5
      vertex 22.4437 3.56082 6
    endloop
  endfacet
  facet normal -0.975141 -0.221584 0
    outer loop
      vertex 22.4437 3.56082 6.5
      vertex 22.4565 3.50449 6
      vertex 22.4565 3.50449 6.5
    endloop
  endfacet
  facet normal -0.964402 -0.264441 0
    outer loop
      vertex 22.4712 3.45088 6
      vertex 22.4565 3.50449 6.5
      vertex 22.4565 3.50449 6
    endloop
  endfacet
  facet normal -0.964402 -0.264441 0
    outer loop
      vertex 22.4565 3.50449 6.5
      vertex 22.4712 3.45088 6
      vertex 22.4712 3.45088 6.5
    endloop
  endfacet
  facet normal -0.950664 -0.310223 0
    outer loop
      vertex 22.4878 3.40001 6
      vertex 22.4712 3.45088 6.5
      vertex 22.4712 3.45088 6
    endloop
  endfacet
  facet normal -0.950664 -0.310223 0
    outer loop
      vertex 22.4712 3.45088 6.5
      vertex 22.4878 3.40001 6
      vertex 22.4878 3.40001 6.5
    endloop
  endfacet
  facet normal -0.932845 -0.360277 0
    outer loop
      vertex 22.5064 3.35185 6
      vertex 22.4878 3.40001 6.5
      vertex 22.4878 3.40001 6
    endloop
  endfacet
  facet normal -0.932845 -0.360277 0
    outer loop
      vertex 22.4878 3.40001 6.5
      vertex 22.5064 3.35185 6
      vertex 22.5064 3.35185 6.5
    endloop
  endfacet
  facet normal -0.91071 -0.413047 0
    outer loop
      vertex 22.527 3.30643 6
      vertex 22.5064 3.35185 6.5
      vertex 22.5064 3.35185 6
    endloop
  endfacet
  facet normal -0.91071 -0.413047 0
    outer loop
      vertex 22.5064 3.35185 6.5
      vertex 22.527 3.30643 6
      vertex 22.527 3.30643 6.5
    endloop
  endfacet
  facet normal -0.884693 -0.466173 0
    outer loop
      vertex 22.5495 3.26373 6
      vertex 22.527 3.30643 6.5
      vertex 22.527 3.30643 6
    endloop
  endfacet
  facet normal -0.884693 -0.466173 0
    outer loop
      vertex 22.527 3.30643 6.5
      vertex 22.5495 3.26373 6
      vertex 22.5495 3.26373 6.5
    endloop
  endfacet
  facet normal -0.852522 -0.522692 0
    outer loop
      vertex 22.574 3.22377 6
      vertex 22.5495 3.26373 6.5
      vertex 22.5495 3.26373 6
    endloop
  endfacet
  facet normal -0.852522 -0.522692 0
    outer loop
      vertex 22.5495 3.26373 6.5
      vertex 22.574 3.22377 6
      vertex 22.574 3.22377 6.5
    endloop
  endfacet
  facet normal -0.814845 -0.579679 0
    outer loop
      vertex 22.6004 3.18666 6
      vertex 22.574 3.22377 6.5
      vertex 22.574 3.22377 6
    endloop
  endfacet
  facet normal -0.814845 -0.579679 0
    outer loop
      vertex 22.574 3.22377 6.5
      vertex 22.6004 3.18666 6
      vertex 22.6004 3.18666 6.5
    endloop
  endfacet
  facet normal -0.769974 -0.638075 0
    outer loop
      vertex 22.6287 3.15251 6
      vertex 22.6004 3.18666 6.5
      vertex 22.6004 3.18666 6
    endloop
  endfacet
  facet normal -0.769974 -0.638075 0
    outer loop
      vertex 22.6004 3.18666 6.5
      vertex 22.6287 3.15251 6
      vertex 22.6287 3.15251 6.5
    endloop
  endfacet
  facet normal -0.715894 -0.698209 0
    outer loop
      vertex 22.6591 3.12134 6
      vertex 22.6287 3.15251 6.5
      vertex 22.6287 3.15251 6
    endloop
  endfacet
  facet normal -0.715894 -0.698209 0
    outer loop
      vertex 22.6287 3.15251 6.5
      vertex 22.6591 3.12134 6
      vertex 22.6591 3.12134 6.5
    endloop
  endfacet
  facet normal -0.6591 -0.752056 0
    outer loop
      vertex 22.6591 3.12134 6
      vertex 22.6913 3.09312 6.5
      vertex 22.6591 3.12134 6.5
    endloop
  endfacet
  facet normal -0.6591 -0.752056 -0
    outer loop
      vertex 22.6913 3.09312 6.5
      vertex 22.6591 3.12134 6
      vertex 22.6913 3.09312 6
    endloop
  endfacet
  facet normal -0.593656 -0.804719 0
    outer loop
      vertex 22.6913 3.09312 6
      vertex 22.7255 3.06789 6.5
      vertex 22.6913 3.09312 6.5
    endloop
  endfacet
  facet normal -0.593656 -0.804719 -0
    outer loop
      vertex 22.7255 3.06789 6.5
      vertex 22.6913 3.09312 6
      vertex 22.7255 3.06789 6
    endloop
  endfacet
  facet normal -0.525031 -0.851083 0
    outer loop
      vertex 22.7255 3.06789 6
      vertex 22.7616 3.04562 6.5
      vertex 22.7255 3.06789 6.5
    endloop
  endfacet
  facet normal -0.525031 -0.851083 -0
    outer loop
      vertex 22.7616 3.04562 6.5
      vertex 22.7255 3.06789 6
      vertex 22.7616 3.04562 6
    endloop
  endfacet
  facet normal -0.45189 -0.892074 0
    outer loop
      vertex 22.7616 3.04562 6
      vertex 22.7997 3.02632 6.5
      vertex 22.7616 3.04562 6.5
    endloop
  endfacet
  facet normal -0.45189 -0.892074 -0
    outer loop
      vertex 22.7997 3.02632 6.5
      vertex 22.7616 3.04562 6
      vertex 22.7997 3.02632 6
    endloop
  endfacet
  facet normal -0.377966 -0.92582 0
    outer loop
      vertex 22.7997 3.02632 6
      vertex 22.8397 3.00999 6.5
      vertex 22.7997 3.02632 6.5
    endloop
  endfacet
  facet normal -0.377966 -0.92582 -0
    outer loop
      vertex 22.8397 3.00999 6.5
      vertex 22.7997 3.02632 6
      vertex 22.8397 3.00999 6
    endloop
  endfacet
  facet normal -0.302923 -0.953015 0
    outer loop
      vertex 22.8397 3.00999 6
      vertex 22.8817 2.99664 6.5
      vertex 22.8397 3.00999 6.5
    endloop
  endfacet
  facet normal -0.302923 -0.953015 -0
    outer loop
      vertex 22.8817 2.99664 6.5
      vertex 22.8397 3.00999 6
      vertex 22.8817 2.99664 6
    endloop
  endfacet
  facet normal -0.230312 -0.973117 0
    outer loop
      vertex 22.8817 2.99664 6
      vertex 22.9256 2.98625 6.5
      vertex 22.8817 2.99664 6.5
    endloop
  endfacet
  facet normal -0.230312 -0.973117 -0
    outer loop
      vertex 22.9256 2.98625 6.5
      vertex 22.8817 2.99664 6
      vertex 22.9256 2.98625 6
    endloop
  endfacet
  facet normal -0.159794 -0.98715 0
    outer loop
      vertex 22.9256 2.98625 6
      vertex 22.9715 2.97882 6.5
      vertex 22.9256 2.98625 6.5
    endloop
  endfacet
  facet normal -0.159794 -0.98715 -0
    outer loop
      vertex 22.9715 2.97882 6.5
      vertex 22.9256 2.98625 6
      vertex 22.9715 2.97882 6
    endloop
  endfacet
  facet normal -0.0926954 -0.995695 0
    outer loop
      vertex 22.9715 2.97882 6
      vertex 23.0193 2.97437 6.5
      vertex 22.9715 2.97882 6.5
    endloop
  endfacet
  facet normal -0.0926954 -0.995695 -0
    outer loop
      vertex 23.0193 2.97437 6.5
      vertex 22.9715 2.97882 6
      vertex 23.0193 2.97437 6
    endloop
  endfacet
  facet normal -0.0297655 -0.999557 0
    outer loop
      vertex 23.0193 2.97437 6
      vertex 23.069 2.97289 6.5
      vertex 23.0193 2.97437 6.5
    endloop
  endfacet
  facet normal -0.0297655 -0.999557 -0
    outer loop
      vertex 23.069 2.97289 6.5
      vertex 23.0193 2.97437 6
      vertex 23.069 2.97289 6
    endloop
  endfacet
  facet normal 0.0299664 -0.999551 0
    outer loop
      vertex 23.069 2.97289 6
      vertex 23.1187 2.97438 6.5
      vertex 23.069 2.97289 6.5
    endloop
  endfacet
  facet normal 0.0299664 -0.999551 0
    outer loop
      vertex 23.1187 2.97438 6.5
      vertex 23.069 2.97289 6
      vertex 23.1187 2.97438 6
    endloop
  endfacet
  facet normal 0.106107 0.994355 -0
    outer loop
      vertex 23.039 3.17336 6
      vertex 23.0077 3.1767 6.5
      vertex 23.039 3.17336 6.5
    endloop
  endfacet
  facet normal 0.106107 0.994355 0
    outer loop
      vertex 23.0077 3.1767 6.5
      vertex 23.039 3.17336 6
      vertex 23.0077 3.1767 6
    endloop
  endfacet
  facet normal 0.183137 0.983087 -0
    outer loop
      vertex 23.0077 3.1767 6
      vertex 22.9778 3.18227 6.5
      vertex 23.0077 3.1767 6.5
    endloop
  endfacet
  facet normal 0.183137 0.983087 0
    outer loop
      vertex 22.9778 3.18227 6.5
      vertex 23.0077 3.1767 6
      vertex 22.9778 3.18227 6
    endloop
  endfacet
  facet normal 0.264291 0.964443 -0
    outer loop
      vertex 22.9778 3.18227 6
      vertex 22.9493 3.19008 6.5
      vertex 22.9778 3.18227 6.5
    endloop
  endfacet
  facet normal 0.264291 0.964443 0
    outer loop
      vertex 22.9493 3.19008 6.5
      vertex 22.9778 3.18227 6
      vertex 22.9493 3.19008 6
    endloop
  endfacet
  facet normal 0.346281 0.938131 -0
    outer loop
      vertex 22.9493 3.19008 6
      vertex 22.9221 3.20012 6.5
      vertex 22.9493 3.19008 6.5
    endloop
  endfacet
  facet normal 0.346281 0.938131 0
    outer loop
      vertex 22.9221 3.20012 6.5
      vertex 22.9493 3.19008 6
      vertex 22.9221 3.20012 6
    endloop
  endfacet
  facet normal 0.430847 0.902425 -0
    outer loop
      vertex 22.9221 3.20012 6
      vertex 22.8964 3.21239 6.5
      vertex 22.9221 3.20012 6.5
    endloop
  endfacet
  facet normal 0.430847 0.902425 0
    outer loop
      vertex 22.8964 3.21239 6.5
      vertex 22.9221 3.20012 6
      vertex 22.8964 3.21239 6
    endloop
  endfacet
  facet normal 0.511125 0.859507 -0
    outer loop
      vertex 22.8964 3.21239 6
      vertex 22.872 3.2269 6.5
      vertex 22.8964 3.21239 6.5
    endloop
  endfacet
  facet normal 0.511125 0.859507 0
    outer loop
      vertex 22.872 3.2269 6.5
      vertex 22.8964 3.21239 6
      vertex 22.872 3.2269 6
    endloop
  endfacet
  facet normal 0.588004 0.808858 -0
    outer loop
      vertex 22.872 3.2269 6
      vertex 22.849 3.24362 6.5
      vertex 22.872 3.2269 6.5
    endloop
  endfacet
  facet normal 0.588004 0.808858 0
    outer loop
      vertex 22.849 3.24362 6.5
      vertex 22.872 3.2269 6
      vertex 22.849 3.24362 6
    endloop
  endfacet
  facet normal 0.66161 0.749848 -0
    outer loop
      vertex 22.849 3.24362 6
      vertex 22.8275 3.26259 6.5
      vertex 22.849 3.24362 6.5
    endloop
  endfacet
  facet normal 0.66161 0.749848 0
    outer loop
      vertex 22.8275 3.26259 6.5
      vertex 22.849 3.24362 6
      vertex 22.8275 3.26259 6
    endloop
  endfacet
  facet normal 0.723813 0.689996 0
    outer loop
      vertex 22.8275 3.26259 6.5
      vertex 22.8073 3.28378 6
      vertex 22.8073 3.28378 6.5
    endloop
  endfacet
  facet normal 0.723813 0.689996 0
    outer loop
      vertex 22.8073 3.28378 6
      vertex 22.8275 3.26259 6.5
      vertex 22.8275 3.26259 6
    endloop
  endfacet
  facet normal 0.779959 0.625831 0
    outer loop
      vertex 22.8073 3.28378 6.5
      vertex 22.7885 3.30721 6
      vertex 22.7885 3.30721 6.5
    endloop
  endfacet
  facet normal 0.779959 0.625831 0
    outer loop
      vertex 22.7885 3.30721 6
      vertex 22.8073 3.28378 6.5
      vertex 22.8073 3.28378 6
    endloop
  endfacet
  facet normal 0.826159 0.563437 0
    outer loop
      vertex 22.7885 3.30721 6.5
      vertex 22.771 3.33287 6
      vertex 22.771 3.33287 6.5
    endloop
  endfacet
  facet normal 0.826159 0.563437 0
    outer loop
      vertex 22.771 3.33287 6
      vertex 22.7885 3.30721 6.5
      vertex 22.7885 3.30721 6
    endloop
  endfacet
  facet normal 0.867323 0.497746 0
    outer loop
      vertex 22.771 3.33287 6.5
      vertex 22.755 3.36075 6
      vertex 22.755 3.36075 6.5
    endloop
  endfacet
  facet normal 0.867323 0.497746 0
    outer loop
      vertex 22.755 3.36075 6
      vertex 22.771 3.33287 6.5
      vertex 22.771 3.33287 6
    endloop
  endfacet
  facet normal 0.899708 0.436492 0
    outer loop
      vertex 22.755 3.36075 6.5
      vertex 22.7403 3.39105 6
      vertex 22.7403 3.39105 6.5
    endloop
  endfacet
  facet normal 0.899708 0.436492 0
    outer loop
      vertex 22.7403 3.39105 6
      vertex 22.755 3.36075 6.5
      vertex 22.755 3.36075 6
    endloop
  endfacet
  facet normal 0.924031 0.382319 0
    outer loop
      vertex 22.7403 3.39105 6.5
      vertex 22.7267 3.42392 6
      vertex 22.7267 3.42392 6.5
    endloop
  endfacet
  facet normal 0.924031 0.382319 0
    outer loop
      vertex 22.7267 3.42392 6
      vertex 22.7403 3.39105 6.5
      vertex 22.7403 3.39105 6
    endloop
  endfacet
  facet normal 0.944008 0.329924 0
    outer loop
      vertex 22.7267 3.42392 6.5
      vertex 22.7143 3.4594 6
      vertex 22.7143 3.4594 6.5
    endloop
  endfacet
  facet normal 0.944008 0.329924 0
    outer loop
      vertex 22.7143 3.4594 6
      vertex 22.7267 3.42392 6.5
      vertex 22.7267 3.42392 6
    endloop
  endfacet
  facet normal 0.959285 0.282439 0
    outer loop
      vertex 22.7143 3.4594 6.5
      vertex 22.7031 3.49744 6
      vertex 22.7031 3.49744 6.5
    endloop
  endfacet
  facet normal 0.959285 0.282439 0
    outer loop
      vertex 22.7031 3.49744 6
      vertex 22.7143 3.4594 6.5
      vertex 22.7143 3.4594 6
    endloop
  endfacet
  facet normal 0.971022 0.238991 0
    outer loop
      vertex 22.7031 3.49744 6.5
      vertex 22.6931 3.53807 6
      vertex 22.6931 3.53807 6.5
    endloop
  endfacet
  facet normal 0.971022 0.238991 0
    outer loop
      vertex 22.6931 3.53807 6
      vertex 22.7031 3.49744 6.5
      vertex 22.7031 3.49744 6
    endloop
  endfacet
  facet normal 0.97944 0.201736 0
    outer loop
      vertex 22.6931 3.53807 6.5
      vertex 22.6842 3.58128 6
      vertex 22.6842 3.58128 6.5
    endloop
  endfacet
  facet normal 0.97944 0.201736 0
    outer loop
      vertex 22.6842 3.58128 6
      vertex 22.6931 3.53807 6.5
      vertex 22.6931 3.53807 6
    endloop
  endfacet
  facet normal 0.986516 0.163666 0
    outer loop
      vertex 22.6842 3.58128 6.5
      vertex 22.6766 3.62709 6
      vertex 22.6766 3.62709 6.5
    endloop
  endfacet
  facet normal 0.986516 0.163666 0
    outer loop
      vertex 22.6766 3.62709 6
      vertex 22.6842 3.58128 6.5
      vertex 22.6842 3.58128 6
    endloop
  endfacet
  facet normal 0.991099 0.13313 0
    outer loop
      vertex 22.6766 3.62709 6.5
      vertex 22.6701 3.67548 6
      vertex 22.6701 3.67548 6.5
    endloop
  endfacet
  facet normal 0.991099 0.13313 0
    outer loop
      vertex 22.6701 3.67548 6
      vertex 22.6766 3.62709 6.5
      vertex 22.6766 3.62709 6
    endloop
  endfacet
  facet normal 0.994635 0.103445 0
    outer loop
      vertex 22.6701 3.67548 6.5
      vertex 22.6648 3.72644 6
      vertex 22.6648 3.72644 6.5
    endloop
  endfacet
  facet normal 0.994635 0.103445 0
    outer loop
      vertex 22.6648 3.72644 6
      vertex 22.6701 3.67548 6.5
      vertex 22.6701 3.67548 6
    endloop
  endfacet
  facet normal 0.996937 0.0782058 0
    outer loop
      vertex 22.6648 3.72644 6.5
      vertex 22.6606 3.77998 6
      vertex 22.6606 3.77998 6.5
    endloop
  endfacet
  facet normal 0.996937 0.0782058 0
    outer loop
      vertex 22.6606 3.77998 6
      vertex 22.6648 3.72644 6.5
      vertex 22.6648 3.72644 6
    endloop
  endfacet
  facet normal 0.998668 0.0515878 0
    outer loop
      vertex 22.6606 3.77998 6.5
      vertex 22.6577 3.83612 6
      vertex 22.6577 3.83612 6.5
    endloop
  endfacet
  facet normal 0.998668 0.0515878 0
    outer loop
      vertex 22.6577 3.83612 6
      vertex 22.6606 3.77998 6.5
      vertex 22.6606 3.77998 6
    endloop
  endfacet
  facet normal 0.999531 0.0306343 0
    outer loop
      vertex 22.6577 3.83612 6.5
      vertex 22.6559 3.89485 6
      vertex 22.6559 3.89485 6.5
    endloop
  endfacet
  facet normal 0.999531 0.0306343 0
    outer loop
      vertex 22.6559 3.89485 6
      vertex 22.6577 3.83612 6.5
      vertex 22.6577 3.83612 6
    endloop
  endfacet
  facet normal 0.999952 0.00978746 0
    outer loop
      vertex 22.6559 3.89485 6.5
      vertex 22.6553 3.95615 6
      vertex 22.6553 3.95615 6.5
    endloop
  endfacet
  facet normal 0.999952 0.00978746 0
    outer loop
      vertex 22.6553 3.95615 6
      vertex 22.6559 3.89485 6.5
      vertex 22.6559 3.89485 6
    endloop
  endfacet
  facet normal 0.999955 -0.0095113 0
    outer loop
      vertex 22.6553 3.95615 6.5
      vertex 22.6559 4.01923 6
      vertex 22.6559 4.01923 6.5
    endloop
  endfacet
  facet normal 0.999955 -0.0095113 0
    outer loop
      vertex 22.6559 4.01923 6
      vertex 22.6553 3.95615 6.5
      vertex 22.6553 3.95615 6
    endloop
  endfacet
  facet normal 0.999554 -0.0298473 0
    outer loop
      vertex 22.6559 4.01923 6.5
      vertex 22.6577 4.07951 6
      vertex 22.6577 4.07951 6.5
    endloop
  endfacet
  facet normal 0.999554 -0.0298473 0
    outer loop
      vertex 22.6577 4.07951 6
      vertex 22.6559 4.01923 6.5
      vertex 22.6559 4.01923 6
    endloop
  endfacet
  facet normal 0.998731 -0.0503708 0
    outer loop
      vertex 22.6577 4.07951 6.5
      vertex 22.6606 4.13701 6
      vertex 22.6606 4.13701 6.5
    endloop
  endfacet
  facet normal 0.998731 -0.0503708 0
    outer loop
      vertex 22.6606 4.13701 6
      vertex 22.6577 4.07951 6.5
      vertex 22.6577 4.07951 6
    endloop
  endfacet
  facet normal 0.997337 -0.0729314 0
    outer loop
      vertex 22.6606 4.13701 6.5
      vertex 22.6646 4.19171 6
      vertex 22.6646 4.19171 6.5
    endloop
  endfacet
  facet normal 0.997337 -0.0729314 0
    outer loop
      vertex 22.6646 4.19171 6
      vertex 22.6606 4.13701 6.5
      vertex 22.6606 4.13701 6
    endloop
  endfacet
  facet normal 0.994826 -0.101591 0
    outer loop
      vertex 22.6646 4.19171 6.5
      vertex 22.6699 4.24361 6
      vertex 22.6699 4.24361 6.5
    endloop
  endfacet
  facet normal 0.994826 -0.101591 0
    outer loop
      vertex 22.6699 4.24361 6
      vertex 22.6646 4.19171 6.5
      vertex 22.6646 4.19171 6
    endloop
  endfacet
  facet normal 0.991615 -0.129227 0
    outer loop
      vertex 22.6699 4.24361 6.5
      vertex 22.6763 4.29272 6
      vertex 22.6763 4.29272 6.5
    endloop
  endfacet
  facet normal 0.991615 -0.129227 0
    outer loop
      vertex 22.6763 4.29272 6
      vertex 22.6699 4.24361 6.5
      vertex 22.6699 4.24361 6
    endloop
  endfacet
  facet normal 0.987149 -0.159802 0
    outer loop
      vertex 22.6763 4.29272 6.5
      vertex 22.6838 4.33905 6
      vertex 22.6838 4.33905 6.5
    endloop
  endfacet
  facet normal 0.987149 -0.159802 0
    outer loop
      vertex 22.6838 4.33905 6
      vertex 22.6763 4.29272 6.5
      vertex 22.6763 4.29272 6
    endloop
  endfacet
  facet normal 0.980163 -0.198195 0
    outer loop
      vertex 22.6838 4.33905 6.5
      vertex 22.6926 4.38257 6
      vertex 22.6926 4.38257 6.5
    endloop
  endfacet
  facet normal 0.980163 -0.198195 0
    outer loop
      vertex 22.6926 4.38257 6
      vertex 22.6838 4.33905 6.5
      vertex 22.6838 4.33905 6
    endloop
  endfacet
  facet normal 0.972266 -0.233878 0
    outer loop
      vertex 22.6926 4.38257 6.5
      vertex 22.7024 4.42331 6
      vertex 22.7024 4.42331 6.5
    endloop
  endfacet
  facet normal 0.972266 -0.233878 0
    outer loop
      vertex 22.7024 4.42331 6
      vertex 22.6926 4.38257 6.5
      vertex 22.6926 4.38257 6
    endloop
  endfacet
  facet normal 0.959747 -0.280865 0
    outer loop
      vertex 22.7024 4.42331 6.5
      vertex 22.7135 4.46124 6
      vertex 22.7135 4.46124 6.5
    endloop
  endfacet
  facet normal 0.959747 -0.280865 0
    outer loop
      vertex 22.7135 4.46124 6
      vertex 22.7024 4.42331 6.5
      vertex 22.7024 4.42331 6
    endloop
  endfacet
  facet normal 0.944743 -0.327812 0
    outer loop
      vertex 22.7135 4.46124 6.5
      vertex 22.7257 4.4964 6
      vertex 22.7257 4.4964 6.5
    endloop
  endfacet
  facet normal 0.944743 -0.327812 0
    outer loop
      vertex 22.7257 4.4964 6
      vertex 22.7135 4.46124 6.5
      vertex 22.7135 4.46124 6
    endloop
  endfacet
  facet normal 0.923878 -0.382688 0
    outer loop
      vertex 22.7257 4.4964 6.5
      vertex 22.7391 4.52875 6
      vertex 22.7391 4.52875 6.5
    endloop
  endfacet
  facet normal 0.923878 -0.382688 0
    outer loop
      vertex 22.7391 4.52875 6
      vertex 22.7257 4.4964 6.5
      vertex 22.7257 4.4964 6
    endloop
  endfacet
  facet normal 0.89666 -0.44272 0
    outer loop
      vertex 22.7391 4.52875 6.5
      vertex 22.7537 4.55832 6
      vertex 22.7537 4.55832 6.5
    endloop
  endfacet
  facet normal 0.89666 -0.44272 0
    outer loop
      vertex 22.7537 4.55832 6
      vertex 22.7391 4.52875 6.5
      vertex 22.7391 4.52875 6
    endloop
  endfacet
  facet normal 0.863733 -0.50395 0
    outer loop
      vertex 22.7537 4.55832 6.5
      vertex 22.7695 4.5854 6
      vertex 22.7695 4.5854 6.5
    endloop
  endfacet
  facet normal 0.863733 -0.50395 0
    outer loop
      vertex 22.7695 4.5854 6
      vertex 22.7537 4.55832 6.5
      vertex 22.7537 4.55832 6
    endloop
  endfacet
  facet normal 0.819911 -0.57249 0
    outer loop
      vertex 22.7695 4.5854 6.5
      vertex 22.7869 4.61032 6
      vertex 22.7869 4.61032 6.5
    endloop
  endfacet
  facet normal 0.819911 -0.57249 0
    outer loop
      vertex 22.7869 4.61032 6
      vertex 22.7695 4.5854 6.5
      vertex 22.7695 4.5854 6
    endloop
  endfacet
  facet normal 0.76919 -0.63902 0
    outer loop
      vertex 22.7869 4.61032 6.5
      vertex 22.8058 4.63307 6
      vertex 22.8058 4.63307 6.5
    endloop
  endfacet
  facet normal 0.76919 -0.63902 0
    outer loop
      vertex 22.8058 4.63307 6
      vertex 22.7869 4.61032 6.5
      vertex 22.7869 4.61032 6
    endloop
  endfacet
  facet normal 0.710377 -0.703822 0
    outer loop
      vertex 22.8058 4.63307 6.5
      vertex 22.8262 4.65366 6
      vertex 22.8262 4.65366 6.5
    endloop
  endfacet
  facet normal 0.710377 -0.703822 0
    outer loop
      vertex 22.8262 4.65366 6
      vertex 22.8058 4.63307 6.5
      vertex 22.8058 4.63307 6
    endloop
  endfacet
  facet normal 0.645204 -0.764011 0
    outer loop
      vertex 22.8262 4.65366 6
      vertex 22.848 4.67207 6.5
      vertex 22.8262 4.65366 6.5
    endloop
  endfacet
  facet normal 0.645204 -0.764011 0
    outer loop
      vertex 22.848 4.67207 6.5
      vertex 22.8262 4.65366 6
      vertex 22.848 4.67207 6
    endloop
  endfacet
  facet normal 0.570396 -0.82137 0
    outer loop
      vertex 22.848 4.67207 6
      vertex 22.8714 4.68832 6.5
      vertex 22.848 4.67207 6.5
    endloop
  endfacet
  facet normal 0.570396 -0.82137 0
    outer loop
      vertex 22.8714 4.68832 6.5
      vertex 22.848 4.67207 6
      vertex 22.8714 4.68832 6
    endloop
  endfacet
  facet normal 0.492483 -0.870322 0
    outer loop
      vertex 22.8714 4.68832 6
      vertex 22.8963 4.70241 6.5
      vertex 22.8714 4.68832 6.5
    endloop
  endfacet
  facet normal 0.492483 -0.870322 0
    outer loop
      vertex 22.8963 4.70241 6.5
      vertex 22.8714 4.68832 6
      vertex 22.8963 4.70241 6
    endloop
  endfacet
  facet normal 0.411226 -0.911533 0
    outer loop
      vertex 22.8963 4.70241 6
      vertex 22.9227 4.71432 6.5
      vertex 22.8963 4.70241 6.5
    endloop
  endfacet
  facet normal 0.411226 -0.911533 0
    outer loop
      vertex 22.9227 4.71432 6.5
      vertex 22.8963 4.70241 6
      vertex 22.9227 4.71432 6
    endloop
  endfacet
  facet normal 0.3302 -0.943911 0
    outer loop
      vertex 22.9227 4.71432 6
      vertex 22.9506 4.72408 6.5
      vertex 22.9227 4.71432 6.5
    endloop
  endfacet
  facet normal 0.3302 -0.943911 0
    outer loop
      vertex 22.9506 4.72408 6.5
      vertex 22.9227 4.71432 6
      vertex 22.9506 4.72408 6
    endloop
  endfacet
  facet normal 0.249659 -0.968334 0
    outer loop
      vertex 22.9506 4.72408 6
      vertex 22.98 4.73166 6.5
      vertex 22.9506 4.72408 6.5
    endloop
  endfacet
  facet normal 0.249659 -0.968334 0
    outer loop
      vertex 22.98 4.73166 6.5
      vertex 22.9506 4.72408 6
      vertex 22.98 4.73166 6
    endloop
  endfacet
  facet normal 0.172767 -0.984963 0
    outer loop
      vertex 22.98 4.73166 6
      vertex 23.0109 4.73708 6.5
      vertex 22.98 4.73166 6.5
    endloop
  endfacet
  facet normal 0.172767 -0.984963 0
    outer loop
      vertex 23.0109 4.73708 6.5
      vertex 22.98 4.73166 6
      vertex 23.0109 4.73708 6
    endloop
  endfacet
  facet normal 0.100114 -0.994976 0
    outer loop
      vertex 23.0109 4.73708 6
      vertex 23.0432 4.74033 6.5
      vertex 23.0109 4.73708 6.5
    endloop
  endfacet
  facet normal 0.100114 -0.994976 0
    outer loop
      vertex 23.0432 4.74033 6.5
      vertex 23.0109 4.73708 6
      vertex 23.0432 4.74033 6
    endloop
  endfacet
  facet normal 0.0318423 -0.999493 0
    outer loop
      vertex 23.0432 4.74033 6
      vertex 23.0771 4.74141 6.5
      vertex 23.0432 4.74033 6.5
    endloop
  endfacet
  facet normal 0.0318423 -0.999493 0
    outer loop
      vertex 23.0771 4.74141 6.5
      vertex 23.0432 4.74033 6
      vertex 23.0771 4.74141 6
    endloop
  endfacet
  facet normal -0.0332143 -0.999448 0
    outer loop
      vertex 23.0771 4.74141 6
      vertex 23.1102 4.74031 6.5
      vertex 23.0771 4.74141 6.5
    endloop
  endfacet
  facet normal -0.0332143 -0.999448 -0
    outer loop
      vertex 23.1102 4.74031 6.5
      vertex 23.0771 4.74141 6
      vertex 23.1102 4.74031 6
    endloop
  endfacet
  facet normal -0.103866 -0.994591 0
    outer loop
      vertex 23.1102 4.74031 6
      vertex 23.1418 4.73701 6.5
      vertex 23.1102 4.74031 6.5
    endloop
  endfacet
  facet normal -0.103866 -0.994591 -0
    outer loop
      vertex 23.1418 4.73701 6.5
      vertex 23.1102 4.74031 6
      vertex 23.1418 4.73701 6
    endloop
  endfacet
  facet normal -0.179432 -0.98377 0
    outer loop
      vertex 23.1418 4.73701 6
      vertex 23.1719 4.73152 6.5
      vertex 23.1418 4.73701 6.5
    endloop
  endfacet
  facet normal -0.179432 -0.98377 -0
    outer loop
      vertex 23.1719 4.73152 6.5
      vertex 23.1418 4.73701 6
      vertex 23.1719 4.73152 6
    endloop
  endfacet
  facet normal -0.259129 -0.965843 0
    outer loop
      vertex 23.1719 4.73152 6
      vertex 23.2006 4.72382 6.5
      vertex 23.1719 4.73152 6.5
    endloop
  endfacet
  facet normal -0.259129 -0.965843 -0
    outer loop
      vertex 23.2006 4.72382 6.5
      vertex 23.1719 4.73152 6
      vertex 23.2006 4.72382 6
    endloop
  endfacet
  facet normal -0.341715 -0.939804 0
    outer loop
      vertex 23.2006 4.72382 6
      vertex 23.2278 4.71393 6.5
      vertex 23.2006 4.72382 6.5
    endloop
  endfacet
  facet normal -0.341715 -0.939804 -0
    outer loop
      vertex 23.2278 4.71393 6.5
      vertex 23.2006 4.72382 6
      vertex 23.2278 4.71393 6
    endloop
  endfacet
  facet normal -0.425967 -0.904739 0
    outer loop
      vertex 23.2278 4.71393 6
      vertex 23.2535 4.70183 6.5
      vertex 23.2278 4.71393 6.5
    endloop
  endfacet
  facet normal -0.425967 -0.904739 -0
    outer loop
      vertex 23.2535 4.70183 6.5
      vertex 23.2278 4.71393 6
      vertex 23.2535 4.70183 6
    endloop
  endfacet
  facet normal -0.506648 -0.862153 0
    outer loop
      vertex 23.2535 4.70183 6
      vertex 23.2778 4.68755 6.5
      vertex 23.2535 4.70183 6.5
    endloop
  endfacet
  facet normal -0.506648 -0.862153 -0
    outer loop
      vertex 23.2778 4.68755 6.5
      vertex 23.2535 4.70183 6
      vertex 23.2778 4.68755 6
    endloop
  endfacet
  facet normal -0.58796 -0.80889 0
    outer loop
      vertex 23.2778 4.68755 6
      vertex 23.3005 4.67105 6.5
      vertex 23.2778 4.68755 6.5
    endloop
  endfacet
  facet normal -0.58796 -0.80889 -0
    outer loop
      vertex 23.3005 4.67105 6.5
      vertex 23.2778 4.68755 6
      vertex 23.3005 4.67105 6
    endloop
  endfacet
  facet normal -0.657807 -0.753187 0
    outer loop
      vertex 23.3005 4.67105 6
      vertex 23.3219 4.65236 6.5
      vertex 23.3005 4.67105 6.5
    endloop
  endfacet
  facet normal -0.657807 -0.753187 -0
    outer loop
      vertex 23.3219 4.65236 6.5
      vertex 23.3005 4.67105 6
      vertex 23.3219 4.65236 6
    endloop
  endfacet
  facet normal -0.725788 -0.687918 0
    outer loop
      vertex 23.3417 4.63147 6
      vertex 23.3219 4.65236 6.5
      vertex 23.3219 4.65236 6
    endloop
  endfacet
  facet normal -0.725788 -0.687918 0
    outer loop
      vertex 23.3219 4.65236 6.5
      vertex 23.3417 4.63147 6
      vertex 23.3417 4.63147 6.5
    endloop
  endfacet
  facet normal -0.782057 -0.623207 0
    outer loop
      vertex 23.3601 4.60838 6
      vertex 23.3417 4.63147 6.5
      vertex 23.3417 4.63147 6
    endloop
  endfacet
  facet normal -0.782057 -0.623207 0
    outer loop
      vertex 23.3417 4.63147 6.5
      vertex 23.3601 4.60838 6
      vertex 23.3601 4.60838 6.5
    endloop
  endfacet
  facet normal -0.831341 -0.555762 0
    outer loop
      vertex 23.377 4.5831 6
      vertex 23.3601 4.60838 6.5
      vertex 23.3601 4.60838 6
    endloop
  endfacet
  facet normal -0.831341 -0.555762 0
    outer loop
      vertex 23.3601 4.60838 6.5
      vertex 23.377 4.5831 6
      vertex 23.377 4.5831 6.5
    endloop
  endfacet
  facet normal -0.870999 -0.491284 0
    outer loop
      vertex 23.3925 4.55562 6
      vertex 23.377 4.5831 6.5
      vertex 23.377 4.5831 6
    endloop
  endfacet
  facet normal -0.870999 -0.491284 0
    outer loop
      vertex 23.377 4.5831 6.5
      vertex 23.3925 4.55562 6
      vertex 23.3925 4.55562 6.5
    endloop
  endfacet
  facet normal -0.904695 -0.426059 0
    outer loop
      vertex 23.4066 4.52568 6
      vertex 23.3925 4.55562 6.5
      vertex 23.3925 4.55562 6
    endloop
  endfacet
  facet normal -0.904695 -0.426059 0
    outer loop
      vertex 23.3925 4.55562 6.5
      vertex 23.4066 4.52568 6
      vertex 23.4066 4.52568 6.5
    endloop
  endfacet
  facet normal -0.928947 -0.370212 0
    outer loop
      vertex 23.4196 4.49306 6
      vertex 23.4066 4.52568 6.5
      vertex 23.4066 4.52568 6
    endloop
  endfacet
  facet normal -0.928947 -0.370212 0
    outer loop
      vertex 23.4066 4.52568 6.5
      vertex 23.4196 4.49306 6
      vertex 23.4196 4.49306 6.5
    endloop
  endfacet
  facet normal -0.947713 -0.319123 0
    outer loop
      vertex 23.4315 4.45772 6
      vertex 23.4196 4.49306 6.5
      vertex 23.4196 4.49306 6
    endloop
  endfacet
  facet normal -0.947713 -0.319123 0
    outer loop
      vertex 23.4196 4.49306 6.5
      vertex 23.4315 4.45772 6
      vertex 23.4315 4.45772 6.5
    endloop
  endfacet
  facet normal -0.962587 -0.270973 0
    outer loop
      vertex 23.4422 4.41971 6
      vertex 23.4315 4.45772 6.5
      vertex 23.4315 4.45772 6
    endloop
  endfacet
  facet normal -0.962587 -0.270973 0
    outer loop
      vertex 23.4315 4.45772 6.5
      vertex 23.4422 4.41971 6
      vertex 23.4422 4.41971 6.5
    endloop
  endfacet
  facet normal -0.972793 -0.231674 0
    outer loop
      vertex 23.4519 4.37898 6
      vertex 23.4422 4.41971 6.5
      vertex 23.4422 4.41971 6
    endloop
  endfacet
  facet normal -0.972793 -0.231674 0
    outer loop
      vertex 23.4422 4.41971 6.5
      vertex 23.4519 4.37898 6
      vertex 23.4519 4.37898 6.5
    endloop
  endfacet
  facet normal -0.981364 -0.192158 0
    outer loop
      vertex 23.4604 4.33557 6
      vertex 23.4519 4.37898 6.5
      vertex 23.4519 4.37898 6
    endloop
  endfacet
  facet normal -0.981364 -0.192158 0
    outer loop
      vertex 23.4519 4.37898 6.5
      vertex 23.4604 4.33557 6
      vertex 23.4604 4.33557 6.5
    endloop
  endfacet
  facet normal -0.987699 -0.15637 0
    outer loop
      vertex 23.4677 4.28946 6
      vertex 23.4604 4.33557 6.5
      vertex 23.4604 4.33557 6
    endloop
  endfacet
  facet normal -0.987699 -0.15637 0
    outer loop
      vertex 23.4604 4.33557 6.5
      vertex 23.4677 4.28946 6
      vertex 23.4677 4.28946 6.5
    endloop
  endfacet
  facet normal -0.992029 -0.126011 0
    outer loop
      vertex 23.4739 4.24065 6
      vertex 23.4677 4.28946 6.5
      vertex 23.4677 4.28946 6
    endloop
  endfacet
  facet normal -0.992029 -0.126011 0
    outer loop
      vertex 23.4677 4.28946 6.5
      vertex 23.4739 4.24065 6
      vertex 23.4739 4.24065 6.5
    endloop
  endfacet
  facet normal -0.995136 -0.0985092 0
    outer loop
      vertex 23.479 4.18913 6
      vertex 23.4739 4.24065 6.5
      vertex 23.4739 4.24065 6
    endloop
  endfacet
  facet normal -0.995136 -0.0985092 0
    outer loop
      vertex 23.4739 4.24065 6.5
      vertex 23.479 4.18913 6
      vertex 23.479 4.18913 6.5
    endloop
  endfacet
  facet normal -0.997288 -0.0736006 0
    outer loop
      vertex 23.483 4.13493 6
      vertex 23.479 4.18913 6.5
      vertex 23.479 4.18913 6
    endloop
  endfacet
  facet normal -0.997288 -0.0736006 0
    outer loop
      vertex 23.479 4.18913 6.5
      vertex 23.483 4.13493 6
      vertex 23.483 4.13493 6.5
    endloop
  endfacet
  facet normal -0.998791 -0.0491497 0
    outer loop
      vertex 23.4858 4.07803 6
      vertex 23.483 4.13493 6.5
      vertex 23.483 4.13493 6
    endloop
  endfacet
  facet normal -0.998791 -0.0491497 0
    outer loop
      vertex 23.483 4.13493 6.5
      vertex 23.4858 4.07803 6
      vertex 23.4858 4.07803 6.5
    endloop
  endfacet
  facet normal -0.999593 -0.0285215 0
    outer loop
      vertex 23.4875 4.01845 6
      vertex 23.4858 4.07803 6.5
      vertex 23.4858 4.07803 6
    endloop
  endfacet
  facet normal -0.999593 -0.0285215 0
    outer loop
      vertex 23.4858 4.07803 6.5
      vertex 23.4875 4.01845 6
      vertex 23.4875 4.01845 6.5
    endloop
  endfacet
  facet normal -0.999954 -0.00963037 0
    outer loop
      vertex 23.4881 3.95615 6
      vertex 23.4875 4.01845 6.5
      vertex 23.4875 4.01845 6
    endloop
  endfacet
  facet normal -0.999954 -0.00963037 0
    outer loop
      vertex 23.4875 4.01845 6.5
      vertex 23.4881 3.95615 6
      vertex 23.4881 3.95615 6.5
    endloop
  endfacet
  facet normal -0.99995 0.00997954 0
    outer loop
      vertex 23.4875 3.89603 6
      vertex 23.4881 3.95615 6.5
      vertex 23.4881 3.95615 6
    endloop
  endfacet
  facet normal -0.99995 0.00997954 0
    outer loop
      vertex 23.4881 3.95615 6.5
      vertex 23.4875 3.89603 6
      vertex 23.4875 3.89603 6.5
    endloop
  endfacet
  facet normal -0.999513 0.0311915 0
    outer loop
      vertex 23.4857 3.83835 6
      vertex 23.4875 3.89603 6.5
      vertex 23.4875 3.89603 6
    endloop
  endfacet
  facet normal -0.999513 0.0311915 0
    outer loop
      vertex 23.4875 3.89603 6.5
      vertex 23.4857 3.83835 6
      vertex 23.4857 3.83835 6.5
    endloop
  endfacet
  facet normal -0.998529 0.0542188 0
    outer loop
      vertex 23.4827 3.7831 6
      vertex 23.4857 3.83835 6.5
      vertex 23.4857 3.83835 6
    endloop
  endfacet
  facet normal -0.998529 0.0542188 0
    outer loop
      vertex 23.4857 3.83835 6.5
      vertex 23.4827 3.7831 6
      vertex 23.4827 3.7831 6.5
    endloop
  endfacet
  facet normal -0.997 0.0774039 0
    outer loop
      vertex 23.4786 3.73029 6
      vertex 23.4827 3.7831 6.5
      vertex 23.4827 3.7831 6
    endloop
  endfacet
  facet normal -0.997 0.0774039 0
    outer loop
      vertex 23.4827 3.7831 6.5
      vertex 23.4786 3.73029 6
      vertex 23.4786 3.73029 6.5
    endloop
  endfacet
  facet normal -0.994302 0.106596 0
    outer loop
      vertex 23.4732 3.67992 6
      vertex 23.4786 3.73029 6.5
      vertex 23.4786 3.73029 6
    endloop
  endfacet
  facet normal -0.994302 0.106596 0
    outer loop
      vertex 23.4786 3.73029 6.5
      vertex 23.4732 3.67992 6
      vertex 23.4732 3.67992 6.5
    endloop
  endfacet
  facet normal -0.990926 0.134412 0
    outer loop
      vertex 23.4667 3.632 6
      vertex 23.4732 3.67992 6.5
      vertex 23.4732 3.67992 6
    endloop
  endfacet
  facet normal -0.990926 0.134412 0
    outer loop
      vertex 23.4732 3.67992 6.5
      vertex 23.4667 3.632 6
      vertex 23.4667 3.632 6.5
    endloop
  endfacet
  facet normal -0.985981 0.166858 0
    outer loop
      vertex 23.459 3.5865 6
      vertex 23.4667 3.632 6.5
      vertex 23.4667 3.632 6
    endloop
  endfacet
  facet normal -0.985981 0.166858 0
    outer loop
      vertex 23.4667 3.632 6.5
      vertex 23.459 3.5865 6
      vertex 23.459 3.5865 6.5
    endloop
  endfacet
  facet normal -0.979282 0.2025 0
    outer loop
      vertex 23.4501 3.54346 6
      vertex 23.459 3.5865 6.5
      vertex 23.459 3.5865 6
    endloop
  endfacet
  facet normal -0.979282 0.2025 0
    outer loop
      vertex 23.459 3.5865 6.5
      vertex 23.4501 3.54346 6
      vertex 23.4501 3.54346 6.5
    endloop
  endfacet
  facet normal -0.970437 0.241355 0
    outer loop
      vertex 23.44 3.50285 6
      vertex 23.4501 3.54346 6.5
      vertex 23.4501 3.54346 6
    endloop
  endfacet
  facet normal -0.970437 0.241355 0
    outer loop
      vertex 23.4501 3.54346 6.5
      vertex 23.44 3.50285 6
      vertex 23.44 3.50285 6.5
    endloop
  endfacet
  facet normal -0.958864 0.283866 0
    outer loop
      vertex 23.4287 3.46468 6
      vertex 23.44 3.50285 6.5
      vertex 23.44 3.50285 6
    endloop
  endfacet
  facet normal -0.958864 0.283866 0
    outer loop
      vertex 23.44 3.50285 6.5
      vertex 23.4287 3.46468 6
      vertex 23.4287 3.46468 6.5
    endloop
  endfacet
  facet normal -0.943875 0.330303 0
    outer loop
      vertex 23.4162 3.42896 6
      vertex 23.4287 3.46468 6.5
      vertex 23.4287 3.46468 6
    endloop
  endfacet
  facet normal -0.943875 0.330303 0
    outer loop
      vertex 23.4287 3.46468 6.5
      vertex 23.4162 3.42896 6
      vertex 23.4162 3.42896 6.5
    endloop
  endfacet
  facet normal -0.925768 0.378092 0
    outer loop
      vertex 23.4026 3.39566 6
      vertex 23.4162 3.42896 6.5
      vertex 23.4162 3.42896 6
    endloop
  endfacet
  facet normal -0.925768 0.378092 0
    outer loop
      vertex 23.4162 3.42896 6.5
      vertex 23.4026 3.39566 6
      vertex 23.4026 3.39566 6.5
    endloop
  endfacet
  facet normal -0.900473 0.434912 0
    outer loop
      vertex 23.3877 3.36481 6
      vertex 23.4026 3.39566 6.5
      vertex 23.4026 3.39566 6
    endloop
  endfacet
  facet normal -0.900473 0.434912 0
    outer loop
      vertex 23.4026 3.39566 6.5
      vertex 23.3877 3.36481 6
      vertex 23.3877 3.36481 6.5
    endloop
  endfacet
  facet normal -0.870603 0.491987 0
    outer loop
      vertex 23.3716 3.33632 6
      vertex 23.3877 3.36481 6.5
      vertex 23.3877 3.36481 6
    endloop
  endfacet
  facet normal -0.870603 0.491987 0
    outer loop
      vertex 23.3877 3.36481 6.5
      vertex 23.3716 3.33632 6
      vertex 23.3716 3.33632 6.5
    endloop
  endfacet
  facet normal -0.831562 0.555432 0
    outer loop
      vertex 23.3541 3.31012 6
      vertex 23.3716 3.33632 6.5
      vertex 23.3716 3.33632 6
    endloop
  endfacet
  facet normal -0.831562 0.555432 0
    outer loop
      vertex 23.3716 3.33632 6.5
      vertex 23.3541 3.31012 6
      vertex 23.3541 3.31012 6.5
    endloop
  endfacet
  facet normal -0.784883 0.619644 0
    outer loop
      vertex 23.3352 3.28618 6
      vertex 23.3541 3.31012 6.5
      vertex 23.3541 3.31012 6
    endloop
  endfacet
  facet normal -0.784883 0.619644 0
    outer loop
      vertex 23.3541 3.31012 6.5
      vertex 23.3352 3.28618 6
      vertex 23.3352 3.28618 6.5
    endloop
  endfacet
  facet normal -0.73101 0.682366 0
    outer loop
      vertex 23.315 3.26454 6
      vertex 23.3352 3.28618 6.5
      vertex 23.3352 3.28618 6
    endloop
  endfacet
  facet normal -0.73101 0.682366 0
    outer loop
      vertex 23.3352 3.28618 6.5
      vertex 23.315 3.26454 6
      vertex 23.315 3.26454 6.5
    endloop
  endfacet
  facet normal -0.669537 0.742779 0
    outer loop
      vertex 23.315 3.26454 6
      vertex 23.2935 3.24516 6.5
      vertex 23.315 3.26454 6.5
    endloop
  endfacet
  facet normal -0.669537 0.742779 0
    outer loop
      vertex 23.2935 3.24516 6.5
      vertex 23.315 3.26454 6
      vertex 23.2935 3.24516 6
    endloop
  endfacet
  facet normal -0.59642 0.802672 0
    outer loop
      vertex 23.2935 3.24516 6
      vertex 23.2705 3.22807 6.5
      vertex 23.2935 3.24516 6.5
    endloop
  endfacet
  facet normal -0.59642 0.802672 0
    outer loop
      vertex 23.2705 3.22807 6.5
      vertex 23.2935 3.24516 6
      vertex 23.2705 3.22807 6
    endloop
  endfacet
  facet normal -0.520426 0.853907 0
    outer loop
      vertex 23.2705 3.22807 6
      vertex 23.2462 3.21326 6.5
      vertex 23.2705 3.22807 6.5
    endloop
  endfacet
  facet normal -0.520426 0.853907 0
    outer loop
      vertex 23.2462 3.21326 6.5
      vertex 23.2705 3.22807 6
      vertex 23.2462 3.21326 6
    endloop
  endfacet
  facet normal -0.438802 0.898584 0
    outer loop
      vertex 23.2462 3.21326 6
      vertex 23.2205 3.20071 6.5
      vertex 23.2462 3.21326 6.5
    endloop
  endfacet
  facet normal -0.438802 0.898584 0
    outer loop
      vertex 23.2205 3.20071 6.5
      vertex 23.2462 3.21326 6
      vertex 23.2205 3.20071 6
    endloop
  endfacet
  facet normal -0.354915 0.934899 0
    outer loop
      vertex 23.2205 3.20071 6
      vertex 23.1935 3.19046 6.5
      vertex 23.2205 3.20071 6.5
    endloop
  endfacet
  facet normal -0.354915 0.934899 0
    outer loop
      vertex 23.1935 3.19046 6.5
      vertex 23.2205 3.20071 6
      vertex 23.1935 3.19046 6
    endloop
  endfacet
  facet normal -0.269881 0.962894 0
    outer loop
      vertex 23.1935 3.19046 6
      vertex 23.1651 3.1825 6.5
      vertex 23.1935 3.19046 6.5
    endloop
  endfacet
  facet normal -0.269881 0.962894 0
    outer loop
      vertex 23.1651 3.1825 6.5
      vertex 23.1935 3.19046 6
      vertex 23.1651 3.1825 6
    endloop
  endfacet
  facet normal -0.188187 0.982133 0
    outer loop
      vertex 23.1651 3.1825 6
      vertex 23.1353 3.17679 6.5
      vertex 23.1651 3.1825 6.5
    endloop
  endfacet
  facet normal -0.188187 0.982133 0
    outer loop
      vertex 23.1353 3.17679 6.5
      vertex 23.1651 3.1825 6
      vertex 23.1353 3.17679 6
    endloop
  endfacet
  facet normal -0.109309 0.994008 0
    outer loop
      vertex 23.1353 3.17679 6
      vertex 23.1042 3.17337 6.5
      vertex 23.1353 3.17679 6.5
    endloop
  endfacet
  facet normal -0.109309 0.994008 0
    outer loop
      vertex 23.1042 3.17337 6.5
      vertex 23.1353 3.17679 6
      vertex 23.1042 3.17337 6
    endloop
  endfacet
  facet normal -0.0350554 0.999385 0
    outer loop
      vertex 23.1042 3.17337 6
      vertex 23.0717 3.17223 6.5
      vertex 23.1042 3.17337 6.5
    endloop
  endfacet
  facet normal -0.0350554 0.999385 0
    outer loop
      vertex 23.0717 3.17223 6.5
      vertex 23.1042 3.17337 6
      vertex 23.0717 3.17223 6
    endloop
  endfacet
  facet normal 0.034536 0.999403 -0
    outer loop
      vertex 23.0717 3.17223 6
      vertex 23.039 3.17336 6.5
      vertex 23.0717 3.17223 6.5
    endloop
  endfacet
  facet normal 0.034536 0.999403 0
    outer loop
      vertex 23.039 3.17336 6.5
      vertex 23.0717 3.17223 6
      vertex 23.039 3.17336 6
    endloop
  endfacet
  facet normal 0.0567367 -0.998389 0
    outer loop
      vertex 25.3839 2.97374 6
      vertex 25.4293 2.97632 6.5
      vertex 25.3839 2.97374 6.5
    endloop
  endfacet
  facet normal 0.0567367 -0.998389 0
    outer loop
      vertex 25.4293 2.97632 6.5
      vertex 25.3839 2.97374 6
      vertex 25.4293 2.97632 6
    endloop
  endfacet
  facet normal 0.0979252 -0.995194 0
    outer loop
      vertex 25.4293 2.97632 6
      vertex 25.473 2.98062 6.5
      vertex 25.4293 2.97632 6.5
    endloop
  endfacet
  facet normal 0.0979252 -0.995194 0
    outer loop
      vertex 25.473 2.98062 6.5
      vertex 25.4293 2.97632 6
      vertex 25.473 2.98062 6
    endloop
  endfacet
  facet normal 0.141323 -0.989964 0
    outer loop
      vertex 25.473 2.98062 6
      vertex 25.5151 2.98663 6.5
      vertex 25.473 2.98062 6.5
    endloop
  endfacet
  facet normal 0.141323 -0.989964 0
    outer loop
      vertex 25.5151 2.98663 6.5
      vertex 25.473 2.98062 6
      vertex 25.5151 2.98663 6
    endloop
  endfacet
  facet normal 0.188142 -0.982142 0
    outer loop
      vertex 25.5151 2.98663 6
      vertex 25.5554 2.99435 6.5
      vertex 25.5151 2.98663 6.5
    endloop
  endfacet
  facet normal 0.188142 -0.982142 0
    outer loop
      vertex 25.5554 2.99435 6.5
      vertex 25.5151 2.98663 6
      vertex 25.5554 2.99435 6
    endloop
  endfacet
  facet normal 0.236742 -0.971572 0
    outer loop
      vertex 25.5554 2.99435 6
      vertex 25.5941 3.00378 6.5
      vertex 25.5554 2.99435 6.5
    endloop
  endfacet
  facet normal 0.236742 -0.971572 0
    outer loop
      vertex 25.5941 3.00378 6.5
      vertex 25.5554 2.99435 6
      vertex 25.5941 3.00378 6
    endloop
  endfacet
  facet normal 0.289727 -0.957109 0
    outer loop
      vertex 25.5941 3.00378 6
      vertex 25.631 3.01495 6.5
      vertex 25.5941 3.00378 6.5
    endloop
  endfacet
  facet normal 0.289727 -0.957109 0
    outer loop
      vertex 25.631 3.01495 6.5
      vertex 25.5941 3.00378 6
      vertex 25.631 3.01495 6
    endloop
  endfacet
  facet normal 0.343627 -0.939106 0
    outer loop
      vertex 25.631 3.01495 6
      vertex 25.6662 3.02783 6.5
      vertex 25.631 3.01495 6.5
    endloop
  endfacet
  facet normal 0.343627 -0.939106 0
    outer loop
      vertex 25.6662 3.02783 6.5
      vertex 25.631 3.01495 6
      vertex 25.6662 3.02783 6
    endloop
  endfacet
  facet normal 0.399296 -0.916822 0
    outer loop
      vertex 25.6662 3.02783 6
      vertex 25.6997 3.04242 6.5
      vertex 25.6662 3.02783 6.5
    endloop
  endfacet
  facet normal 0.399296 -0.916822 0
    outer loop
      vertex 25.6997 3.04242 6.5
      vertex 25.6662 3.02783 6
      vertex 25.6997 3.04242 6
    endloop
  endfacet
  facet normal 0.455676 -0.890146 0
    outer loop
      vertex 25.6997 3.04242 6
      vertex 25.7316 3.05875 6.5
      vertex 25.6997 3.04242 6.5
    endloop
  endfacet
  facet normal 0.455676 -0.890146 0
    outer loop
      vertex 25.7316 3.05875 6.5
      vertex 25.6997 3.04242 6
      vertex 25.7316 3.05875 6
    endloop
  endfacet
  facet normal 0.513867 -0.85787 0
    outer loop
      vertex 25.7316 3.05875 6
      vertex 25.7617 3.07678 6.5
      vertex 25.7316 3.05875 6.5
    endloop
  endfacet
  facet normal 0.513867 -0.85787 0
    outer loop
      vertex 25.7617 3.07678 6.5
      vertex 25.7316 3.05875 6
      vertex 25.7617 3.07678 6
    endloop
  endfacet
  facet normal 0.570937 -0.820994 0
    outer loop
      vertex 25.7617 3.07678 6
      vertex 25.7901 3.09653 6.5
      vertex 25.7617 3.07678 6.5
    endloop
  endfacet
  facet normal 0.570937 -0.820994 0
    outer loop
      vertex 25.7901 3.09653 6.5
      vertex 25.7617 3.07678 6
      vertex 25.7901 3.09653 6
    endloop
  endfacet
  facet normal 0.626651 -0.7793 0
    outer loop
      vertex 25.7901 3.09653 6
      vertex 25.8168 3.118 6.5
      vertex 25.7901 3.09653 6.5
    endloop
  endfacet
  facet normal 0.626651 -0.7793 0
    outer loop
      vertex 25.8168 3.118 6.5
      vertex 25.7901 3.09653 6
      vertex 25.8168 3.118 6
    endloop
  endfacet
  facet normal 0.678843 -0.734283 0
    outer loop
      vertex 25.8168 3.118 6
      vertex 25.8417 3.14102 6.5
      vertex 25.8168 3.118 6.5
    endloop
  endfacet
  facet normal 0.678843 -0.734283 0
    outer loop
      vertex 25.8417 3.14102 6.5
      vertex 25.8168 3.118 6
      vertex 25.8417 3.14102 6
    endloop
  endfacet
  facet normal 0.729863 -0.683594 0
    outer loop
      vertex 25.8417 3.14102 6.5
      vertex 25.8646 3.16547 6
      vertex 25.8646 3.16547 6.5
    endloop
  endfacet
  facet normal 0.729863 -0.683594 0
    outer loop
      vertex 25.8646 3.16547 6
      vertex 25.8417 3.14102 6.5
      vertex 25.8417 3.14102 6
    endloop
  endfacet
  facet normal 0.777749 -0.628575 0
    outer loop
      vertex 25.8646 3.16547 6.5
      vertex 25.8855 3.19133 6
      vertex 25.8855 3.19133 6.5
    endloop
  endfacet
  facet normal 0.777749 -0.628575 0
    outer loop
      vertex 25.8855 3.19133 6
      vertex 25.8646 3.16547 6.5
      vertex 25.8646 3.16547 6
    endloop
  endfacet
  facet normal 0.821899 -0.569633 0
    outer loop
      vertex 25.8855 3.19133 6.5
      vertex 25.9044 3.2186 6
      vertex 25.9044 3.2186 6.5
    endloop
  endfacet
  facet normal 0.821899 -0.569633 0
    outer loop
      vertex 25.9044 3.2186 6
      vertex 25.8855 3.19133 6.5
      vertex 25.8855 3.19133 6
    endloop
  endfacet
  facet normal 0.861548 -0.507676 0
    outer loop
      vertex 25.9044 3.2186 6.5
      vertex 25.9213 3.24728 6
      vertex 25.9213 3.24728 6.5
    endloop
  endfacet
  facet normal 0.861548 -0.507676 0
    outer loop
      vertex 25.9213 3.24728 6
      vertex 25.9044 3.2186 6.5
      vertex 25.9044 3.2186 6
    endloop
  endfacet
  facet normal 0.894962 -0.446143 0
    outer loop
      vertex 25.9213 3.24728 6.5
      vertex 25.9363 3.27737 6
      vertex 25.9363 3.27737 6.5
    endloop
  endfacet
  facet normal 0.894962 -0.446143 0
    outer loop
      vertex 25.9363 3.27737 6
      vertex 25.9213 3.24728 6.5
      vertex 25.9213 3.24728 6
    endloop
  endfacet
  facet normal 0.925449 -0.378873 0
    outer loop
      vertex 25.9363 3.27737 6.5
      vertex 25.9492 3.30888 6
      vertex 25.9492 3.30888 6.5
    endloop
  endfacet
  facet normal 0.925449 -0.378873 0
    outer loop
      vertex 25.9492 3.30888 6
      vertex 25.9363 3.27737 6.5
      vertex 25.9363 3.27737 6
    endloop
  endfacet
  facet normal 0.949316 -0.314324 0
    outer loop
      vertex 25.9492 3.30888 6.5
      vertex 25.9601 3.3418 6
      vertex 25.9601 3.3418 6.5
    endloop
  endfacet
  facet normal 0.949316 -0.314324 0
    outer loop
      vertex 25.9601 3.3418 6
      vertex 25.9492 3.30888 6.5
      vertex 25.9492 3.30888 6
    endloop
  endfacet
  facet normal 0.967311 -0.253592 0
    outer loop
      vertex 25.9601 3.3418 6.5
      vertex 25.9691 3.37613 6
      vertex 25.9691 3.37613 6.5
    endloop
  endfacet
  facet normal 0.967311 -0.253592 0
    outer loop
      vertex 25.9691 3.37613 6
      vertex 25.9601 3.3418 6.5
      vertex 25.9601 3.3418 6
    endloop
  endfacet
  facet normal 0.981354 -0.192207 0
    outer loop
      vertex 25.9691 3.37613 6.5
      vertex 25.9761 3.41187 6
      vertex 25.9761 3.41187 6.5
    endloop
  endfacet
  facet normal 0.981354 -0.192207 0
    outer loop
      vertex 25.9761 3.41187 6
      vertex 25.9691 3.37613 6.5
      vertex 25.9691 3.37613 6
    endloop
  endfacet
  facet normal 0.991413 -0.130765 0
    outer loop
      vertex 25.9761 3.41187 6.5
      vertex 25.981 3.44902 6
      vertex 25.981 3.44902 6.5
    endloop
  endfacet
  facet normal 0.991413 -0.130765 0
    outer loop
      vertex 25.981 3.44902 6
      vertex 25.9761 3.41187 6.5
      vertex 25.9761 3.41187 6
    endloop
  endfacet
  facet normal 0.996989 -0.0775464 0
    outer loop
      vertex 25.981 3.44902 6.5
      vertex 25.984 3.48759 6
      vertex 25.984 3.48759 6.5
    endloop
  endfacet
  facet normal 0.996989 -0.0775464 0
    outer loop
      vertex 25.984 3.48759 6
      vertex 25.981 3.44902 6.5
      vertex 25.981 3.44902 6
    endloop
  endfacet
  facet normal 0.999687 -0.0250047 0
    outer loop
      vertex 25.984 3.48759 6.5
      vertex 25.985 3.52757 6
      vertex 25.985 3.52757 6.5
    endloop
  endfacet
  facet normal 0.999687 -0.0250047 0
    outer loop
      vertex 25.985 3.52757 6
      vertex 25.984 3.48759 6.5
      vertex 25.984 3.48759 6
    endloop
  endfacet
  facet normal 0.999683 0.0251719 0
    outer loop
      vertex 25.985 3.52757 6.5
      vertex 25.9843 3.55537 6
      vertex 25.9843 3.55537 6.5
    endloop
  endfacet
  facet normal 0.999683 0.0251719 0
    outer loop
      vertex 25.9843 3.55537 6
      vertex 25.985 3.52757 6.5
      vertex 25.985 3.52757 6
    endloop
  endfacet
  facet normal 0.997002 0.0773727 0
    outer loop
      vertex 25.9843 3.55537 6.5
      vertex 25.9822 3.58243 6
      vertex 25.9822 3.58243 6.5
    endloop
  endfacet
  facet normal 0.997002 0.0773727 0
    outer loop
      vertex 25.9822 3.58243 6
      vertex 25.9843 3.55537 6.5
      vertex 25.9843 3.55537 6
    endloop
  endfacet
  facet normal 0.991274 0.131818 0
    outer loop
      vertex 25.9822 3.58243 6.5
      vertex 25.9787 3.60875 6
      vertex 25.9787 3.60875 6.5
    endloop
  endfacet
  facet normal 0.991274 0.131818 0
    outer loop
      vertex 25.9787 3.60875 6
      vertex 25.9822 3.58243 6.5
      vertex 25.9822 3.58243 6
    endloop
  endfacet
  facet normal 0.981441 0.191763 0
    outer loop
      vertex 25.9787 3.60875 6.5
      vertex 25.9737 3.63434 6
      vertex 25.9737 3.63434 6.5
    endloop
  endfacet
  facet normal 0.981441 0.191763 0
    outer loop
      vertex 25.9737 3.63434 6
      vertex 25.9787 3.60875 6.5
      vertex 25.9787 3.60875 6
    endloop
  endfacet
  facet normal 0.969334 0.245747 0
    outer loop
      vertex 25.9737 3.63434 6.5
      vertex 25.9674 3.65919 6
      vertex 25.9674 3.65919 6.5
    endloop
  endfacet
  facet normal 0.969334 0.245747 0
    outer loop
      vertex 25.9674 3.65919 6
      vertex 25.9737 3.63434 6.5
      vertex 25.9737 3.63434 6
    endloop
  endfacet
  facet normal 0.951411 0.307925 0
    outer loop
      vertex 25.9674 3.65919 6.5
      vertex 25.9596 3.68329 6
      vertex 25.9596 3.68329 6.5
    endloop
  endfacet
  facet normal 0.951411 0.307925 0
    outer loop
      vertex 25.9596 3.68329 6
      vertex 25.9674 3.65919 6.5
      vertex 25.9674 3.65919 6
    endloop
  endfacet
  facet normal 0.930548 0.36617 0
    outer loop
      vertex 25.9596 3.68329 6.5
      vertex 25.9504 3.70667 6
      vertex 25.9504 3.70667 6.5
    endloop
  endfacet
  facet normal 0.930548 0.36617 0
    outer loop
      vertex 25.9504 3.70667 6
      vertex 25.9596 3.68329 6.5
      vertex 25.9596 3.68329 6
    endloop
  endfacet
  facet normal 0.905507 0.424331 0
    outer loop
      vertex 25.9504 3.70667 6.5
      vertex 25.9398 3.72929 6
      vertex 25.9398 3.72929 6.5
    endloop
  endfacet
  facet normal 0.905507 0.424331 0
    outer loop
      vertex 25.9398 3.72929 6
      vertex 25.9504 3.70667 6.5
      vertex 25.9504 3.70667 6
    endloop
  endfacet
  facet normal 0.876976 0.480535 0
    outer loop
      vertex 25.9398 3.72929 6.5
      vertex 25.9278 3.75119 6
      vertex 25.9278 3.75119 6.5
    endloop
  endfacet
  facet normal 0.876976 0.480535 0
    outer loop
      vertex 25.9278 3.75119 6
      vertex 25.9398 3.72929 6.5
      vertex 25.9398 3.72929 6
    endloop
  endfacet
  facet normal 0.844729 0.535195 0
    outer loop
      vertex 25.9278 3.75119 6.5
      vertex 25.9144 3.77234 6
      vertex 25.9144 3.77234 6.5
    endloop
  endfacet
  facet normal 0.844729 0.535195 0
    outer loop
      vertex 25.9144 3.77234 6
      vertex 25.9278 3.75119 6.5
      vertex 25.9278 3.75119 6
    endloop
  endfacet
  facet normal 0.809695 0.586851 0
    outer loop
      vertex 25.9144 3.77234 6.5
      vertex 25.8996 3.79276 6
      vertex 25.8996 3.79276 6.5
    endloop
  endfacet
  facet normal 0.809695 0.586851 0
    outer loop
      vertex 25.8996 3.79276 6
      vertex 25.9144 3.77234 6.5
      vertex 25.9144 3.77234 6
    endloop
  endfacet
  facet normal 0.770142 0.637872 0
    outer loop
      vertex 25.8996 3.79276 6.5
      vertex 25.8833 3.81244 6
      vertex 25.8833 3.81244 6.5
    endloop
  endfacet
  facet normal 0.770142 0.637872 0
    outer loop
      vertex 25.8833 3.81244 6
      vertex 25.8996 3.79276 6.5
      vertex 25.8996 3.79276 6
    endloop
  endfacet
  facet normal 0.732545 0.680718 0
    outer loop
      vertex 25.8833 3.81244 6.5
      vertex 25.8657 3.83138 6
      vertex 25.8657 3.83138 6.5
    endloop
  endfacet
  facet normal 0.732545 0.680718 0
    outer loop
      vertex 25.8657 3.83138 6
      vertex 25.8833 3.81244 6.5
      vertex 25.8833 3.81244 6
    endloop
  endfacet
  facet normal 0.687543 0.726143 -0
    outer loop
      vertex 25.8657 3.83138 6
      vertex 25.8467 3.84937 6.5
      vertex 25.8657 3.83138 6.5
    endloop
  endfacet
  facet normal 0.687543 0.726143 0
    outer loop
      vertex 25.8467 3.84937 6.5
      vertex 25.8657 3.83138 6
      vertex 25.8467 3.84937 6
    endloop
  endfacet
  facet normal 0.643865 0.765139 -0
    outer loop
      vertex 25.8467 3.84937 6
      vertex 25.8267 3.8662 6.5
      vertex 25.8467 3.84937 6.5
    endloop
  endfacet
  facet normal 0.643865 0.765139 0
    outer loop
      vertex 25.8267 3.8662 6.5
      vertex 25.8467 3.84937 6
      vertex 25.8267 3.8662 6
    endloop
  endfacet
  facet normal 0.594647 0.803987 -0
    outer loop
      vertex 25.8267 3.8662 6
      vertex 25.8055 3.88188 6.5
      vertex 25.8267 3.8662 6.5
    endloop
  endfacet
  facet normal 0.594647 0.803987 0
    outer loop
      vertex 25.8055 3.88188 6.5
      vertex 25.8267 3.8662 6
      vertex 25.8055 3.88188 6
    endloop
  endfacet
  facet normal 0.545912 0.837842 -0
    outer loop
      vertex 25.8055 3.88188 6
      vertex 25.7832 3.89641 6.5
      vertex 25.8055 3.88188 6.5
    endloop
  endfacet
  facet normal 0.545912 0.837842 0
    outer loop
      vertex 25.7832 3.89641 6.5
      vertex 25.8055 3.88188 6
      vertex 25.7832 3.89641 6
    endloop
  endfacet
  facet normal 0.495819 0.868426 -0
    outer loop
      vertex 25.7832 3.89641 6
      vertex 25.7598 3.90977 6.5
      vertex 25.7832 3.89641 6.5
    endloop
  endfacet
  facet normal 0.495819 0.868426 0
    outer loop
      vertex 25.7598 3.90977 6.5
      vertex 25.7832 3.89641 6
      vertex 25.7598 3.90977 6
    endloop
  endfacet
  facet normal 0.446044 0.895011 -0
    outer loop
      vertex 25.7598 3.90977 6
      vertex 25.7353 3.92198 6.5
      vertex 25.7598 3.90977 6.5
    endloop
  endfacet
  facet normal 0.446044 0.895011 0
    outer loop
      vertex 25.7353 3.92198 6.5
      vertex 25.7598 3.90977 6
      vertex 25.7353 3.92198 6
    endloop
  endfacet
  facet normal 0.395299 0.918552 -0
    outer loop
      vertex 25.7353 3.92198 6
      vertex 25.7096 3.93304 6.5
      vertex 25.7353 3.92198 6.5
    endloop
  endfacet
  facet normal 0.395299 0.918552 0
    outer loop
      vertex 25.7096 3.93304 6.5
      vertex 25.7353 3.92198 6
      vertex 25.7096 3.93304 6
    endloop
  endfacet
  facet normal 0.346824 0.93793 -0
    outer loop
      vertex 25.7096 3.93304 6
      vertex 25.6828 3.94295 6.5
      vertex 25.7096 3.93304 6.5
    endloop
  endfacet
  facet normal 0.346824 0.93793 0
    outer loop
      vertex 25.6828 3.94295 6.5
      vertex 25.7096 3.93304 6
      vertex 25.6828 3.94295 6
    endloop
  endfacet
  facet normal 0.298937 0.954273 -0
    outer loop
      vertex 25.6828 3.94295 6
      vertex 25.6549 3.95169 6.5
      vertex 25.6828 3.94295 6.5
    endloop
  endfacet
  facet normal 0.298937 0.954273 0
    outer loop
      vertex 25.6549 3.95169 6.5
      vertex 25.6828 3.94295 6
      vertex 25.6549 3.95169 6
    endloop
  endfacet
  facet normal 0.253508 0.967333 -0
    outer loop
      vertex 25.6549 3.95169 6
      vertex 25.6259 3.95929 6.5
      vertex 25.6549 3.95169 6.5
    endloop
  endfacet
  facet normal 0.253508 0.967333 0
    outer loop
      vertex 25.6259 3.95929 6.5
      vertex 25.6549 3.95169 6
      vertex 25.6259 3.95929 6
    endloop
  endfacet
  facet normal 0.208556 0.97801 -0
    outer loop
      vertex 25.6259 3.95929 6
      vertex 25.5957 3.96573 6.5
      vertex 25.6259 3.95929 6.5
    endloop
  endfacet
  facet normal 0.208556 0.97801 0
    outer loop
      vertex 25.5957 3.96573 6.5
      vertex 25.6259 3.95929 6
      vertex 25.5957 3.96573 6
    endloop
  endfacet
  facet normal 0.16634 0.986068 -0
    outer loop
      vertex 25.5957 3.96573 6
      vertex 25.5644 3.97101 6.5
      vertex 25.5957 3.96573 6.5
    endloop
  endfacet
  facet normal 0.16634 0.986068 0
    outer loop
      vertex 25.5644 3.97101 6.5
      vertex 25.5957 3.96573 6
      vertex 25.5644 3.97101 6
    endloop
  endfacet
  facet normal 0.126145 0.992012 -0
    outer loop
      vertex 25.5644 3.97101 6
      vertex 25.532 3.97513 6.5
      vertex 25.5644 3.97101 6.5
    endloop
  endfacet
  facet normal 0.126145 0.992012 0
    outer loop
      vertex 25.532 3.97513 6.5
      vertex 25.5644 3.97101 6
      vertex 25.532 3.97513 6
    endloop
  endfacet
  facet normal 1 -0 0
    outer loop
      vertex 25.532 3.97513 6.5
      vertex 25.532 3.98055 6
      vertex 25.532 3.98055 6.5
    endloop
  endfacet
  facet normal 1 0 0
    outer loop
      vertex 25.532 3.98055 6
      vertex 25.532 3.97513 6.5
      vertex 25.532 3.97513 6
    endloop
  endfacet
  facet normal 0.221164 -0.975237 0
    outer loop
      vertex 25.532 3.98055 6
      vertex 25.5615 3.98724 6.5
      vertex 25.532 3.98055 6.5
    endloop
  endfacet
  facet normal 0.221164 -0.975237 0
    outer loop
      vertex 25.5615 3.98724 6.5
      vertex 25.532 3.98055 6
      vertex 25.5615 3.98724 6
    endloop
  endfacet
  facet normal 0.258192 -0.966094 0
    outer loop
      vertex 25.5615 3.98724 6
      vertex 25.5899 3.99483 6.5
      vertex 25.5615 3.98724 6.5
    endloop
  endfacet
  facet normal 0.258192 -0.966094 0
    outer loop
      vertex 25.5899 3.99483 6.5
      vertex 25.5615 3.98724 6
      vertex 25.5899 3.99483 6
    endloop
  endfacet
  facet normal 0.295364 -0.955385 0
    outer loop
      vertex 25.5899 3.99483 6
      vertex 25.6172 4.00327 6.5
      vertex 25.5899 3.99483 6.5
    endloop
  endfacet
  facet normal 0.295364 -0.955385 0
    outer loop
      vertex 25.6172 4.00327 6.5
      vertex 25.5899 3.99483 6
      vertex 25.6172 4.00327 6
    endloop
  endfacet
  facet normal 0.335152 -0.942164 0
    outer loop
      vertex 25.6172 4.00327 6
      vertex 25.6434 4.01259 6.5
      vertex 25.6172 4.00327 6.5
    endloop
  endfacet
  facet normal 0.335152 -0.942164 0
    outer loop
      vertex 25.6434 4.01259 6.5
      vertex 25.6172 4.00327 6
      vertex 25.6434 4.01259 6
    endloop
  endfacet
  facet normal 0.376793 -0.926298 0
    outer loop
      vertex 25.6434 4.01259 6
      vertex 25.6685 4.0228 6.5
      vertex 25.6434 4.01259 6.5
    endloop
  endfacet
  facet normal 0.376793 -0.926298 0
    outer loop
      vertex 25.6685 4.0228 6.5
      vertex 25.6434 4.01259 6
      vertex 25.6685 4.0228 6
    endloop
  endfacet
  facet normal 0.41853 -0.908203 0
    outer loop
      vertex 25.6685 4.0228 6
      vertex 25.6925 4.03386 6.5
      vertex 25.6685 4.0228 6.5
    endloop
  endfacet
  facet normal 0.41853 -0.908203 0
    outer loop
      vertex 25.6925 4.03386 6.5
      vertex 25.6685 4.0228 6
      vertex 25.6925 4.03386 6
    endloop
  endfacet
  facet normal 0.462632 -0.88655 0
    outer loop
      vertex 25.6925 4.03386 6
      vertex 25.7154 4.04581 6.5
      vertex 25.6925 4.03386 6.5
    endloop
  endfacet
  facet normal 0.462632 -0.88655 0
    outer loop
      vertex 25.7154 4.04581 6.5
      vertex 25.6925 4.03386 6
      vertex 25.7154 4.04581 6
    endloop
  endfacet
  facet normal 0.506623 -0.862168 0
    outer loop
      vertex 25.7154 4.04581 6
      vertex 25.7372 4.05862 6.5
      vertex 25.7154 4.04581 6.5
    endloop
  endfacet
  facet normal 0.506623 -0.862168 0
    outer loop
      vertex 25.7372 4.05862 6.5
      vertex 25.7154 4.04581 6
      vertex 25.7372 4.05862 6
    endloop
  endfacet
  facet normal 0.552188 -0.83372 0
    outer loop
      vertex 25.7372 4.05862 6
      vertex 25.7579 4.07233 6.5
      vertex 25.7372 4.05862 6.5
    endloop
  endfacet
  facet normal 0.552188 -0.83372 0
    outer loop
      vertex 25.7579 4.07233 6.5
      vertex 25.7372 4.05862 6
      vertex 25.7579 4.07233 6
    endloop
  endfacet
  facet normal 0.596588 -0.802548 0
    outer loop
      vertex 25.7579 4.07233 6
      vertex 25.7775 4.0869 6.5
      vertex 25.7579 4.07233 6.5
    endloop
  endfacet
  facet normal 0.596588 -0.802548 0
    outer loop
      vertex 25.7775 4.0869 6.5
      vertex 25.7579 4.07233 6
      vertex 25.7775 4.0869 6
    endloop
  endfacet
  facet normal 0.640756 -0.767745 0
    outer loop
      vertex 25.7775 4.0869 6
      vertex 25.796 4.10234 6.5
      vertex 25.7775 4.0869 6.5
    endloop
  endfacet
  facet normal 0.640756 -0.767745 0
    outer loop
      vertex 25.796 4.10234 6.5
      vertex 25.7775 4.0869 6
      vertex 25.796 4.10234 6
    endloop
  endfacet
  facet normal 0.683885 -0.72959 0
    outer loop
      vertex 25.796 4.10234 6
      vertex 25.8134 4.11865 6.5
      vertex 25.796 4.10234 6.5
    endloop
  endfacet
  facet normal 0.683885 -0.72959 0
    outer loop
      vertex 25.8134 4.11865 6.5
      vertex 25.796 4.10234 6
      vertex 25.8134 4.11865 6
    endloop
  endfacet
  facet normal 0.725842 -0.687862 0
    outer loop
      vertex 25.8134 4.11865 6.5
      vertex 25.8297 4.13585 6
      vertex 25.8297 4.13585 6.5
    endloop
  endfacet
  facet normal 0.725842 -0.687862 0
    outer loop
      vertex 25.8297 4.13585 6
      vertex 25.8134 4.11865 6.5
      vertex 25.8134 4.11865 6
    endloop
  endfacet
  facet normal 0.764559 -0.644554 0
    outer loop
      vertex 25.8297 4.13585 6.5
      vertex 25.8449 4.15388 6
      vertex 25.8449 4.15388 6.5
    endloop
  endfacet
  facet normal 0.764559 -0.644554 0
    outer loop
      vertex 25.8449 4.15388 6
      vertex 25.8297 4.13585 6.5
      vertex 25.8297 4.13585 6
    endloop
  endfacet
  facet normal 0.804841 -0.59349 0
    outer loop
      vertex 25.8449 4.15388 6.5
      vertex 25.8588 4.17273 6
      vertex 25.8588 4.17273 6.5
    endloop
  endfacet
  facet normal 0.804841 -0.59349 0
    outer loop
      vertex 25.8588 4.17273 6
      vertex 25.8449 4.15388 6.5
      vertex 25.8449 4.15388 6
    endloop
  endfacet
  facet normal 0.840108 -0.542419 0
    outer loop
      vertex 25.8588 4.17273 6.5
      vertex 25.8715 4.1924 6
      vertex 25.8715 4.1924 6.5
    endloop
  endfacet
  facet normal 0.840108 -0.542419 0
    outer loop
      vertex 25.8715 4.1924 6
      vertex 25.8588 4.17273 6.5
      vertex 25.8588 4.17273 6
    endloop
  endfacet
  facet normal 0.869913 -0.493206 0
    outer loop
      vertex 25.8715 4.1924 6.5
      vertex 25.8831 4.21286 6
      vertex 25.8831 4.21286 6.5
    endloop
  endfacet
  facet normal 0.869913 -0.493206 0
    outer loop
      vertex 25.8831 4.21286 6
      vertex 25.8715 4.1924 6.5
      vertex 25.8715 4.1924 6
    endloop
  endfacet
  facet normal 0.900186 -0.435506 0
    outer loop
      vertex 25.8831 4.21286 6.5
      vertex 25.8934 4.23415 6
      vertex 25.8934 4.23415 6.5
    endloop
  endfacet
  facet normal 0.900186 -0.435506 0
    outer loop
      vertex 25.8934 4.23415 6
      vertex 25.8831 4.21286 6.5
      vertex 25.8831 4.21286 6
    endloop
  endfacet
  facet normal 0.926027 -0.377457 0
    outer loop
      vertex 25.8934 4.23415 6.5
      vertex 25.9024 4.25623 6
      vertex 25.9024 4.25623 6.5
    endloop
  endfacet
  facet normal 0.926027 -0.377457 0
    outer loop
      vertex 25.9024 4.25623 6
      vertex 25.8934 4.23415 6.5
      vertex 25.8934 4.23415 6
    endloop
  endfacet
  facet normal 0.945329 -0.326118 0
    outer loop
      vertex 25.9024 4.25623 6.5
      vertex 25.9103 4.27913 6
      vertex 25.9103 4.27913 6.5
    endloop
  endfacet
  facet normal 0.945329 -0.326118 0
    outer loop
      vertex 25.9103 4.27913 6
      vertex 25.9024 4.25623 6.5
      vertex 25.9024 4.25623 6
    endloop
  endfacet
  facet normal 0.962316 -0.271932 0
    outer loop
      vertex 25.9103 4.27913 6.5
      vertex 25.917 4.30284 6
      vertex 25.917 4.30284 6.5
    endloop
  endfacet
  facet normal 0.962316 -0.271932 0
    outer loop
      vertex 25.917 4.30284 6
      vertex 25.9103 4.27913 6.5
      vertex 25.9103 4.27913 6
    endloop
  endfacet
  facet normal 0.976598 -0.215075 0
    outer loop
      vertex 25.917 4.30284 6.5
      vertex 25.9224 4.32736 6
      vertex 25.9224 4.32736 6.5
    endloop
  endfacet
  facet normal 0.976598 -0.215075 0
    outer loop
      vertex 25.9224 4.32736 6
      vertex 25.917 4.30284 6.5
      vertex 25.917 4.30284 6
    endloop
  endfacet
  facet normal 0.985895 -0.167365 0
    outer loop
      vertex 25.9224 4.32736 6.5
      vertex 25.9267 4.35269 6
      vertex 25.9267 4.35269 6.5
    endloop
  endfacet
  facet normal 0.985895 -0.167365 0
    outer loop
      vertex 25.9267 4.35269 6
      vertex 25.9224 4.32736 6.5
      vertex 25.9224 4.32736 6
    endloop
  endfacet
  facet normal 0.993479 -0.114018 0
    outer loop
      vertex 25.9267 4.35269 6.5
      vertex 25.9297 4.37883 6
      vertex 25.9297 4.37883 6.5
    endloop
  endfacet
  facet normal 0.993479 -0.114018 0
    outer loop
      vertex 25.9297 4.37883 6
      vertex 25.9267 4.35269 6.5
      vertex 25.9267 4.35269 6
    endloop
  endfacet
  facet normal 0.997779 -0.0666173 0
    outer loop
      vertex 25.9297 4.37883 6.5
      vertex 25.9315 4.40579 6
      vertex 25.9315 4.40579 6.5
    endloop
  endfacet
  facet normal 0.997779 -0.0666173 0
    outer loop
      vertex 25.9315 4.40579 6
      vertex 25.9297 4.37883 6.5
      vertex 25.9297 4.37883 6
    endloop
  endfacet
  facet normal 0.999767 -0.0216088 0
    outer loop
      vertex 25.9315 4.40579 6.5
      vertex 25.9321 4.43355 6
      vertex 25.9321 4.43355 6.5
    endloop
  endfacet
  facet normal 0.999767 -0.0216088 0
    outer loop
      vertex 25.9321 4.43355 6
      vertex 25.9315 4.40579 6.5
      vertex 25.9315 4.40579 6
    endloop
  endfacet
  facet normal 0.999689 0.024923 0
    outer loop
      vertex 25.9321 4.43355 6.5
      vertex 25.9312 4.46965 6
      vertex 25.9312 4.46965 6.5
    endloop
  endfacet
  facet normal 0.999689 0.024923 0
    outer loop
      vertex 25.9312 4.46965 6
      vertex 25.9321 4.43355 6.5
      vertex 25.9321 4.43355 6
    endloop
  endfacet
  facet normal 0.996792 0.0800406 0
    outer loop
      vertex 25.9312 4.46965 6.5
      vertex 25.9284 4.50452 6
      vertex 25.9284 4.50452 6.5
    endloop
  endfacet
  facet normal 0.996792 0.0800406 0
    outer loop
      vertex 25.9284 4.50452 6
      vertex 25.9312 4.46965 6.5
      vertex 25.9312 4.46965 6
    endloop
  endfacet
  facet normal 0.990358 0.138532 0
    outer loop
      vertex 25.9284 4.50452 6.5
      vertex 25.9237 4.53812 6
      vertex 25.9237 4.53812 6.5
    endloop
  endfacet
  facet normal 0.990358 0.138532 0
    outer loop
      vertex 25.9237 4.53812 6
      vertex 25.9284 4.50452 6.5
      vertex 25.9284 4.50452 6
    endloop
  endfacet
  facet normal 0.979256 0.202626 0
    outer loop
      vertex 25.9237 4.53812 6.5
      vertex 25.917 4.5705 6
      vertex 25.917 4.5705 6.5
    endloop
  endfacet
  facet normal 0.979256 0.202626 0
    outer loop
      vertex 25.917 4.5705 6
      vertex 25.9237 4.53812 6.5
      vertex 25.9237 4.53812 6
    endloop
  endfacet
  facet normal 0.965448 0.260596 0
    outer loop
      vertex 25.917 4.5705 6.5
      vertex 25.9086 4.60162 6
      vertex 25.9086 4.60162 6.5
    endloop
  endfacet
  facet normal 0.965448 0.260596 0
    outer loop
      vertex 25.9086 4.60162 6
      vertex 25.917 4.5705 6.5
      vertex 25.917 4.5705 6
    endloop
  endfacet
  facet normal 0.944429 0.328717 0
    outer loop
      vertex 25.9086 4.60162 6.5
      vertex 25.8982 4.6315 6
      vertex 25.8982 4.6315 6.5
    endloop
  endfacet
  facet normal 0.944429 0.328717 0
    outer loop
      vertex 25.8982 4.6315 6
      vertex 25.9086 4.60162 6.5
      vertex 25.9086 4.60162 6
    endloop
  endfacet
  facet normal 0.918846 0.394616 0
    outer loop
      vertex 25.8982 4.6315 6.5
      vertex 25.8859 4.66014 6
      vertex 25.8859 4.66014 6.5
    endloop
  endfacet
  facet normal 0.918846 0.394616 0
    outer loop
      vertex 25.8859 4.66014 6
      vertex 25.8982 4.6315 6.5
      vertex 25.8982 4.6315 6
    endloop
  endfacet
  facet normal 0.889107 0.4577 0
    outer loop
      vertex 25.8859 4.66014 6.5
      vertex 25.8718 4.68753 6
      vertex 25.8718 4.68753 6.5
    endloop
  endfacet
  facet normal 0.889107 0.4577 0
    outer loop
      vertex 25.8718 4.68753 6
      vertex 25.8859 4.66014 6.5
      vertex 25.8859 4.66014 6
    endloop
  endfacet
  facet normal 0.852999 0.521912 0
    outer loop
      vertex 25.8718 4.68753 6.5
      vertex 25.8558 4.71368 6
      vertex 25.8558 4.71368 6.5
    endloop
  endfacet
  facet normal 0.852999 0.521912 0
    outer loop
      vertex 25.8558 4.71368 6
      vertex 25.8718 4.68753 6.5
      vertex 25.8718 4.68753 6
    endloop
  endfacet
  facet normal 0.810533 0.585692 0
    outer loop
      vertex 25.8558 4.71368 6.5
      vertex 25.8378 4.73859 6
      vertex 25.8378 4.73859 6.5
    endloop
  endfacet
  facet normal 0.810533 0.585692 0
    outer loop
      vertex 25.8378 4.73859 6
      vertex 25.8558 4.71368 6.5
      vertex 25.8558 4.71368 6
    endloop
  endfacet
  facet normal 0.766758 0.641937 0
    outer loop
      vertex 25.8378 4.73859 6.5
      vertex 25.818 4.76224 6
      vertex 25.818 4.76224 6.5
    endloop
  endfacet
  facet normal 0.766758 0.641937 0
    outer loop
      vertex 25.818 4.76224 6
      vertex 25.8378 4.73859 6.5
      vertex 25.8378 4.73859 6
    endloop
  endfacet
  facet normal 0.719999 0.693975 0
    outer loop
      vertex 25.818 4.76224 6.5
      vertex 25.7964 4.78465 6
      vertex 25.7964 4.78465 6.5
    endloop
  endfacet
  facet normal 0.719999 0.693975 0
    outer loop
      vertex 25.7964 4.78465 6
      vertex 25.818 4.76224 6.5
      vertex 25.818 4.76224 6
    endloop
  endfacet
  facet normal 0.667919 0.744234 -0
    outer loop
      vertex 25.7964 4.78465 6
      vertex 25.7728 4.80583 6.5
      vertex 25.7964 4.78465 6.5
    endloop
  endfacet
  facet normal 0.667919 0.744234 0
    outer loop
      vertex 25.7728 4.80583 6.5
      vertex 25.7964 4.78465 6
      vertex 25.7728 4.80583 6
    endloop
  endfacet
  facet normal 0.615535 0.788109 -0
    outer loop
      vertex 25.7728 4.80583 6
      vertex 25.7475 4.82559 6.5
      vertex 25.7728 4.80583 6.5
    endloop
  endfacet
  facet normal 0.615535 0.788109 0
    outer loop
      vertex 25.7475 4.82559 6.5
      vertex 25.7728 4.80583 6
      vertex 25.7475 4.82559 6
    endloop
  endfacet
  facet normal 0.561592 0.827414 -0
    outer loop
      vertex 25.7475 4.82559 6
      vertex 25.7207 4.84378 6.5
      vertex 25.7475 4.82559 6.5
    endloop
  endfacet
  facet normal 0.561592 0.827414 0
    outer loop
      vertex 25.7207 4.84378 6.5
      vertex 25.7475 4.82559 6
      vertex 25.7207 4.84378 6
    endloop
  endfacet
  facet normal 0.505954 0.86256 -0
    outer loop
      vertex 25.7207 4.84378 6
      vertex 25.6924 4.86038 6.5
      vertex 25.7207 4.84378 6.5
    endloop
  endfacet
  facet normal 0.505954 0.86256 0
    outer loop
      vertex 25.6924 4.86038 6.5
      vertex 25.7207 4.84378 6
      vertex 25.6924 4.86038 6
    endloop
  endfacet
  facet normal 0.450088 0.892984 -0
    outer loop
      vertex 25.6924 4.86038 6
      vertex 25.6626 4.8754 6.5
      vertex 25.6924 4.86038 6.5
    endloop
  endfacet
  facet normal 0.450088 0.892984 0
    outer loop
      vertex 25.6626 4.8754 6.5
      vertex 25.6924 4.86038 6
      vertex 25.6626 4.8754 6
    endloop
  endfacet
  facet normal 0.393495 0.919327 -0
    outer loop
      vertex 25.6626 4.8754 6
      vertex 25.6312 4.88884 6.5
      vertex 25.6626 4.8754 6.5
    endloop
  endfacet
  facet normal 0.393495 0.919327 0
    outer loop
      vertex 25.6312 4.88884 6.5
      vertex 25.6626 4.8754 6
      vertex 25.6312 4.88884 6
    endloop
  endfacet
  facet normal 0.340039 0.940411 -0
    outer loop
      vertex 25.6312 4.88884 6
      vertex 25.5984 4.9007 6.5
      vertex 25.6312 4.88884 6.5
    endloop
  endfacet
  facet normal 0.340039 0.940411 0
    outer loop
      vertex 25.5984 4.9007 6.5
      vertex 25.6312 4.88884 6
      vertex 25.5984 4.9007 6
    endloop
  endfacet
  facet normal 0.286326 0.958132 -0
    outer loop
      vertex 25.5984 4.9007 6
      vertex 25.564 4.91098 6.5
      vertex 25.5984 4.9007 6.5
    endloop
  endfacet
  facet normal 0.286326 0.958132 0
    outer loop
      vertex 25.564 4.91098 6.5
      vertex 25.5984 4.9007 6
      vertex 25.564 4.91098 6
    endloop
  endfacet
  facet normal 0.235011 0.971993 -0
    outer loop
      vertex 25.564 4.91098 6
      vertex 25.5281 4.91966 6.5
      vertex 25.564 4.91098 6.5
    endloop
  endfacet
  facet normal 0.235011 0.971993 0
    outer loop
      vertex 25.5281 4.91966 6.5
      vertex 25.564 4.91098 6
      vertex 25.5281 4.91966 6
    endloop
  endfacet
  facet normal 0.187269 0.982309 -0
    outer loop
      vertex 25.5281 4.91966 6
      vertex 25.4907 4.92679 6.5
      vertex 25.5281 4.91966 6.5
    endloop
  endfacet
  facet normal 0.187269 0.982309 0
    outer loop
      vertex 25.4907 4.92679 6.5
      vertex 25.5281 4.91966 6
      vertex 25.4907 4.92679 6
    endloop
  endfacet
  facet normal 0.140495 0.990081 -0
    outer loop
      vertex 25.4907 4.92679 6
      vertex 25.4518 4.93231 6.5
      vertex 25.4907 4.92679 6.5
    endloop
  endfacet
  facet normal 0.140495 0.990081 0
    outer loop
      vertex 25.4518 4.93231 6.5
      vertex 25.4907 4.92679 6
      vertex 25.4518 4.93231 6
    endloop
  endfacet
  facet normal 0.0970703 0.995278 -0
    outer loop
      vertex 25.4518 4.93231 6
      vertex 25.4113 4.93626 6.5
      vertex 25.4518 4.93231 6.5
    endloop
  endfacet
  facet normal 0.0970703 0.995278 0
    outer loop
      vertex 25.4113 4.93626 6.5
      vertex 25.4518 4.93231 6
      vertex 25.4113 4.93626 6
    endloop
  endfacet
  facet normal 0.0567105 0.998391 -0
    outer loop
      vertex 25.4113 4.93626 6
      vertex 25.3694 4.93864 6.5
      vertex 25.4113 4.93626 6.5
    endloop
  endfacet
  facet normal 0.0567105 0.998391 0
    outer loop
      vertex 25.3694 4.93864 6.5
      vertex 25.4113 4.93626 6
      vertex 25.3694 4.93864 6
    endloop
  endfacet
  facet normal 0.0183877 0.999831 -0
    outer loop
      vertex 25.3694 4.93864 6
      vertex 25.3259 4.93944 6.5
      vertex 25.3694 4.93864 6.5
    endloop
  endfacet
  facet normal 0.0183877 0.999831 0
    outer loop
      vertex 25.3259 4.93944 6.5
      vertex 25.3694 4.93864 6
      vertex 25.3259 4.93944 6
    endloop
  endfacet
  facet normal -0.0195451 0.999809 0
    outer loop
      vertex 25.3259 4.93944 6
      vertex 25.286 4.93866 6.5
      vertex 25.3259 4.93944 6.5
    endloop
  endfacet
  facet normal -0.0195451 0.999809 0
    outer loop
      vertex 25.286 4.93866 6.5
      vertex 25.3259 4.93944 6
      vertex 25.286 4.93866 6
    endloop
  endfacet
  facet normal -0.0599436 0.998202 0
    outer loop
      vertex 25.286 4.93866 6
      vertex 25.2472 4.93633 6.5
      vertex 25.286 4.93866 6.5
    endloop
  endfacet
  facet normal -0.0599436 0.998202 0
    outer loop
      vertex 25.2472 4.93633 6.5
      vertex 25.286 4.93866 6
      vertex 25.2472 4.93633 6
    endloop
  endfacet
  facet normal -0.10316 0.994665 0
    outer loop
      vertex 25.2472 4.93633 6
      vertex 25.2095 4.93242 6.5
      vertex 25.2472 4.93633 6.5
    endloop
  endfacet
  facet normal -0.10316 0.994665 0
    outer loop
      vertex 25.2095 4.93242 6.5
      vertex 25.2472 4.93633 6
      vertex 25.2095 4.93242 6
    endloop
  endfacet
  facet normal -0.147678 0.989036 0
    outer loop
      vertex 25.2095 4.93242 6
      vertex 25.173 4.92697 6.5
      vertex 25.2095 4.93242 6.5
    endloop
  endfacet
  facet normal -0.147678 0.989036 0
    outer loop
      vertex 25.173 4.92697 6.5
      vertex 25.2095 4.93242 6
      vertex 25.173 4.92697 6
    endloop
  endfacet
  facet normal -0.193984 0.981005 0
    outer loop
      vertex 25.173 4.92697 6
      vertex 25.1376 4.91997 6.5
      vertex 25.173 4.92697 6.5
    endloop
  endfacet
  facet normal -0.193984 0.981005 0
    outer loop
      vertex 25.1376 4.91997 6.5
      vertex 25.173 4.92697 6
      vertex 25.1376 4.91997 6
    endloop
  endfacet
  facet normal -0.242803 0.970076 0
    outer loop
      vertex 25.1376 4.91997 6
      vertex 25.1034 4.91141 6.5
      vertex 25.1376 4.91997 6.5
    endloop
  endfacet
  facet normal -0.242803 0.970076 0
    outer loop
      vertex 25.1034 4.91141 6.5
      vertex 25.1376 4.91997 6
      vertex 25.1034 4.91141 6
    endloop
  endfacet
  facet normal -0.29238 0.956302 0
    outer loop
      vertex 25.1034 4.91141 6
      vertex 25.0703 4.90129 6.5
      vertex 25.1034 4.91141 6.5
    endloop
  endfacet
  facet normal -0.29238 0.956302 0
    outer loop
      vertex 25.0703 4.90129 6.5
      vertex 25.1034 4.91141 6
      vertex 25.0703 4.90129 6
    endloop
  endfacet
  facet normal -0.342615 0.939476 0
    outer loop
      vertex 25.0703 4.90129 6
      vertex 25.0383 4.88962 6.5
      vertex 25.0703 4.90129 6.5
    endloop
  endfacet
  facet normal -0.342615 0.939476 0
    outer loop
      vertex 25.0383 4.88962 6.5
      vertex 25.0703 4.90129 6
      vertex 25.0383 4.88962 6
    endloop
  endfacet
  facet normal -0.394099 0.919068 0
    outer loop
      vertex 25.0383 4.88962 6
      vertex 25.0074 4.87637 6.5
      vertex 25.0383 4.88962 6.5
    endloop
  endfacet
  facet normal -0.394099 0.919068 0
    outer loop
      vertex 25.0074 4.87637 6.5
      vertex 25.0383 4.88962 6
      vertex 25.0074 4.87637 6
    endloop
  endfacet
  facet normal -0.445525 0.89527 0
    outer loop
      vertex 25.0074 4.87637 6
      vertex 24.9777 4.86159 6.5
      vertex 25.0074 4.87637 6.5
    endloop
  endfacet
  facet normal -0.445525 0.89527 0
    outer loop
      vertex 24.9777 4.86159 6.5
      vertex 25.0074 4.87637 6
      vertex 24.9777 4.86159 6
    endloop
  endfacet
  facet normal -0.496074 0.868281 0
    outer loop
      vertex 24.9777 4.86159 6
      vertex 24.9491 4.84525 6.5
      vertex 24.9777 4.86159 6.5
    endloop
  endfacet
  facet normal -0.496074 0.868281 0
    outer loop
      vertex 24.9491 4.84525 6.5
      vertex 24.9777 4.86159 6
      vertex 24.9491 4.84525 6
    endloop
  endfacet
  facet normal -0.545952 0.837817 0
    outer loop
      vertex 24.9491 4.84525 6
      vertex 24.9216 4.82733 6.5
      vertex 24.9491 4.84525 6.5
    endloop
  endfacet
  facet normal -0.545952 0.837817 0
    outer loop
      vertex 24.9216 4.82733 6.5
      vertex 24.9491 4.84525 6
      vertex 24.9216 4.82733 6
    endloop
  endfacet
  facet normal -0.594606 0.804017 0
    outer loop
      vertex 24.9216 4.82733 6
      vertex 24.8953 4.80788 6.5
      vertex 24.9216 4.82733 6.5
    endloop
  endfacet
  facet normal -0.594606 0.804017 0
    outer loop
      vertex 24.8953 4.80788 6.5
      vertex 24.9216 4.82733 6
      vertex 24.8953 4.80788 6
    endloop
  endfacet
  facet normal -0.640668 0.767818 0
    outer loop
      vertex 24.8953 4.80788 6
      vertex 24.8703 4.78702 6.5
      vertex 24.8953 4.80788 6.5
    endloop
  endfacet
  facet normal -0.640668 0.767818 0
    outer loop
      vertex 24.8703 4.78702 6.5
      vertex 24.8953 4.80788 6
      vertex 24.8703 4.78702 6
    endloop
  endfacet
  facet normal -0.689242 0.724531 0
    outer loop
      vertex 24.8703 4.78702 6
      vertex 24.8471 4.76495 6.5
      vertex 24.8703 4.78702 6.5
    endloop
  endfacet
  facet normal -0.689242 0.724531 0
    outer loop
      vertex 24.8471 4.76495 6.5
      vertex 24.8703 4.78702 6
      vertex 24.8471 4.76495 6
    endloop
  endfacet
  facet normal -0.733063 0.680161 0
    outer loop
      vertex 24.8255 4.74167 6
      vertex 24.8471 4.76495 6.5
      vertex 24.8471 4.76495 6
    endloop
  endfacet
  facet normal -0.733063 0.680161 0
    outer loop
      vertex 24.8471 4.76495 6.5
      vertex 24.8255 4.74167 6
      vertex 24.8255 4.74167 6.5
    endloop
  endfacet
  facet normal -0.774914 0.632067 0
    outer loop
      vertex 24.8055 4.71715 6
      vertex 24.8255 4.74167 6.5
      vertex 24.8255 4.74167 6
    endloop
  endfacet
  facet normal -0.774914 0.632067 0
    outer loop
      vertex 24.8255 4.74167 6.5
      vertex 24.8055 4.71715 6
      vertex 24.8055 4.71715 6.5
    endloop
  endfacet
  facet normal -0.814909 0.579589 0
    outer loop
      vertex 24.7872 4.69142 6
      vertex 24.8055 4.71715 6.5
      vertex 24.8055 4.71715 6
    endloop
  endfacet
  facet normal -0.814909 0.579589 0
    outer loop
      vertex 24.8055 4.71715 6.5
      vertex 24.7872 4.69142 6
      vertex 24.7872 4.69142 6.5
    endloop
  endfacet
  facet normal -0.851441 0.52445 0
    outer loop
      vertex 24.7706 4.66447 6
      vertex 24.7872 4.69142 6.5
      vertex 24.7872 4.69142 6
    endloop
  endfacet
  facet normal -0.851441 0.52445 0
    outer loop
      vertex 24.7872 4.69142 6.5
      vertex 24.7706 4.66447 6
      vertex 24.7706 4.66447 6.5
    endloop
  endfacet
  facet normal -0.882596 0.470133 0
    outer loop
      vertex 24.7556 4.63631 6
      vertex 24.7706 4.66447 6.5
      vertex 24.7706 4.66447 6
    endloop
  endfacet
  facet normal -0.882596 0.470133 0
    outer loop
      vertex 24.7706 4.66447 6.5
      vertex 24.7556 4.63631 6
      vertex 24.7556 4.63631 6.5
    endloop
  endfacet
  facet normal -0.911055 0.412284 0
    outer loop
      vertex 24.7423 4.60692 6
      vertex 24.7556 4.63631 6.5
      vertex 24.7556 4.63631 6
    endloop
  endfacet
  facet normal -0.911055 0.412284 0
    outer loop
      vertex 24.7556 4.63631 6.5
      vertex 24.7423 4.60692 6
      vertex 24.7423 4.60692 6.5
    endloop
  endfacet
  facet normal -0.934091 0.357036 0
    outer loop
      vertex 24.7306 4.57631 6
      vertex 24.7423 4.60692 6.5
      vertex 24.7423 4.60692 6
    endloop
  endfacet
  facet normal -0.934091 0.357036 0
    outer loop
      vertex 24.7423 4.60692 6.5
      vertex 24.7306 4.57631 6
      vertex 24.7306 4.57631 6.5
    endloop
  endfacet
  facet normal -0.954853 0.297079 0
    outer loop
      vertex 24.7207 4.54449 6
      vertex 24.7306 4.57631 6.5
      vertex 24.7306 4.57631 6
    endloop
  endfacet
  facet normal -0.954853 0.297079 0
    outer loop
      vertex 24.7306 4.57631 6.5
      vertex 24.7207 4.54449 6
      vertex 24.7207 4.54449 6.5
    endloop
  endfacet
  facet normal -0.969186 0.246329 0
    outer loop
      vertex 24.7123 4.51144 6
      vertex 24.7207 4.54449 6.5
      vertex 24.7207 4.54449 6
    endloop
  endfacet
  facet normal -0.969186 0.246329 0
    outer loop
      vertex 24.7207 4.54449 6.5
      vertex 24.7123 4.51144 6
      vertex 24.7123 4.51144 6.5
    endloop
  endfacet
  facet normal -0.981955 0.189113 0
    outer loop
      vertex 24.7057 4.47717 6
      vertex 24.7123 4.51144 6.5
      vertex 24.7123 4.51144 6
    endloop
  endfacet
  facet normal -0.981955 0.189113 0
    outer loop
      vertex 24.7123 4.51144 6.5
      vertex 24.7057 4.47717 6
      vertex 24.7057 4.47717 6.5
    endloop
  endfacet
  facet normal -0.989821 0.14232 0
    outer loop
      vertex 24.7006 4.4417 6
      vertex 24.7057 4.47717 6.5
      vertex 24.7057 4.47717 6
    endloop
  endfacet
  facet normal -0.989821 0.14232 0
    outer loop
      vertex 24.7057 4.47717 6.5
      vertex 24.7006 4.4417 6
      vertex 24.7006 4.4417 6.5
    endloop
  endfacet
  facet normal -0.0771623 -0.997019 0
    outer loop
      vertex 24.7006 4.4417 6
      vertex 24.9461 4.4227 6.5
      vertex 24.7006 4.4417 6.5
    endloop
  endfacet
  facet normal -0.0771623 -0.997019 -0
    outer loop
      vertex 24.9461 4.4227 6.5
      vertex 24.7006 4.4417 6
      vertex 24.9461 4.4227 6
    endloop
  endfacet
  facet normal 0.991417 -0.130736 0
    outer loop
      vertex 24.9461 4.4227 6.5
      vertex 24.9491 4.44545 6
      vertex 24.9491 4.44545 6.5
    endloop
  endfacet
  facet normal 0.991417 -0.130736 0
    outer loop
      vertex 24.9491 4.44545 6
      vertex 24.9461 4.4227 6.5
      vertex 24.9461 4.4227 6
    endloop
  endfacet
  facet normal 0.983813 -0.179201 0
    outer loop
      vertex 24.9491 4.44545 6.5
      vertex 24.9531 4.46741 6
      vertex 24.9531 4.46741 6.5
    endloop
  endfacet
  facet normal 0.983813 -0.179201 0
    outer loop
      vertex 24.9531 4.46741 6
      vertex 24.9491 4.44545 6.5
      vertex 24.9491 4.44545 6
    endloop
  endfacet
  facet normal 0.9732 -0.229962 0
    outer loop
      vertex 24.9531 4.46741 6.5
      vertex 24.9581 4.48857 6
      vertex 24.9581 4.48857 6.5
    endloop
  endfacet
  facet normal 0.9732 -0.229962 0
    outer loop
      vertex 24.9581 4.48857 6
      vertex 24.9531 4.46741 6.5
      vertex 24.9531 4.46741 6
    endloop
  endfacet
  facet normal 0.960485 -0.278333 0
    outer loop
      vertex 24.9581 4.48857 6.5
      vertex 24.964 4.50893 6
      vertex 24.964 4.50893 6.5
    endloop
  endfacet
  facet normal 0.960485 -0.278333 0
    outer loop
      vertex 24.964 4.50893 6
      vertex 24.9581 4.48857 6.5
      vertex 24.9581 4.48857 6
    endloop
  endfacet
  facet normal 0.941414 -0.337252 0
    outer loop
      vertex 24.964 4.50893 6.5
      vertex 24.971 4.52847 6
      vertex 24.971 4.52847 6.5
    endloop
  endfacet
  facet normal 0.941414 -0.337252 0
    outer loop
      vertex 24.971 4.52847 6
      vertex 24.964 4.50893 6.5
      vertex 24.964 4.50893 6
    endloop
  endfacet
  facet normal 0.921617 -0.388101 0
    outer loop
      vertex 24.971 4.52847 6.5
      vertex 24.9789 4.54723 6
      vertex 24.9789 4.54723 6.5
    endloop
  endfacet
  facet normal 0.921617 -0.388101 0
    outer loop
      vertex 24.9789 4.54723 6
      vertex 24.971 4.52847 6.5
      vertex 24.971 4.52847 6
    endloop
  endfacet
  facet normal 0.893829 -0.448409 0
    outer loop
      vertex 24.9789 4.54723 6.5
      vertex 24.9879 4.56517 6
      vertex 24.9879 4.56517 6.5
    endloop
  endfacet
  facet normal 0.893829 -0.448409 0
    outer loop
      vertex 24.9879 4.56517 6
      vertex 24.9789 4.54723 6.5
      vertex 24.9789 4.54723 6
    endloop
  endfacet
  facet normal 0.865933 -0.50016 0
    outer loop
      vertex 24.9879 4.56517 6.5
      vertex 24.9978 4.58231 6
      vertex 24.9978 4.58231 6.5
    endloop
  endfacet
  facet normal 0.865933 -0.50016 0
    outer loop
      vertex 24.9978 4.58231 6
      vertex 24.9879 4.56517 6.5
      vertex 24.9879 4.56517 6
    endloop
  endfacet
  facet normal 0.834243 -0.551397 0
    outer loop
      vertex 24.9978 4.58231 6.5
      vertex 25.0086 4.59865 6
      vertex 25.0086 4.59865 6.5
    endloop
  endfacet
  facet normal 0.834243 -0.551397 0
    outer loop
      vertex 25.0086 4.59865 6
      vertex 24.9978 4.58231 6.5
      vertex 24.9978 4.58231 6
    endloop
  endfacet
  facet normal 0.793763 -0.608228 0
    outer loop
      vertex 25.0086 4.59865 6.5
      vertex 25.0205 4.61418 6
      vertex 25.0205 4.61418 6.5
    endloop
  endfacet
  facet normal 0.793763 -0.608228 0
    outer loop
      vertex 25.0205 4.61418 6
      vertex 25.0086 4.59865 6.5
      vertex 25.0086 4.59865 6
    endloop
  endfacet
  facet normal 0.752513 -0.658577 0
    outer loop
      vertex 25.0205 4.61418 6.5
      vertex 25.0334 4.62892 6
      vertex 25.0334 4.62892 6.5
    endloop
  endfacet
  facet normal 0.752513 -0.658577 0
    outer loop
      vertex 25.0334 4.62892 6
      vertex 25.0205 4.61418 6.5
      vertex 25.0205 4.61418 6
    endloop
  endfacet
  facet normal 0.707615 -0.706598 0
    outer loop
      vertex 25.0334 4.62892 6.5
      vertex 25.0473 4.64284 6
      vertex 25.0473 4.64284 6.5
    endloop
  endfacet
  facet normal 0.707615 -0.706598 0
    outer loop
      vertex 25.0473 4.64284 6
      vertex 25.0334 4.62892 6.5
      vertex 25.0334 4.62892 6
    endloop
  endfacet
  facet normal 0.663925 -0.747799 0
    outer loop
      vertex 25.0473 4.64284 6
      vertex 25.0621 4.65598 6.5
      vertex 25.0473 4.64284 6.5
    endloop
  endfacet
  facet normal 0.663925 -0.747799 0
    outer loop
      vertex 25.0621 4.65598 6.5
      vertex 25.0473 4.64284 6
      vertex 25.0621 4.65598 6
    endloop
  endfacet
  facet normal 0.614532 -0.788892 0
    outer loop
      vertex 25.0621 4.65598 6
      vertex 25.0778 4.66821 6.5
      vertex 25.0621 4.65598 6.5
    endloop
  endfacet
  facet normal 0.614532 -0.788892 0
    outer loop
      vertex 25.0778 4.66821 6.5
      vertex 25.0621 4.65598 6
      vertex 25.0778 4.66821 6
    endloop
  endfacet
  facet normal 0.566017 -0.824394 0
    outer loop
      vertex 25.0778 4.66821 6
      vertex 25.0942 4.67947 6.5
      vertex 25.0778 4.66821 6.5
    endloop
  endfacet
  facet normal 0.566017 -0.824394 0
    outer loop
      vertex 25.0942 4.67947 6.5
      vertex 25.0778 4.66821 6
      vertex 25.0942 4.67947 6
    endloop
  endfacet
  facet normal 0.513395 -0.858153 0
    outer loop
      vertex 25.0942 4.67947 6
      vertex 25.1114 4.68976 6.5
      vertex 25.0942 4.67947 6.5
    endloop
  endfacet
  facet normal 0.513395 -0.858153 0
    outer loop
      vertex 25.1114 4.68976 6.5
      vertex 25.0942 4.67947 6
      vertex 25.1114 4.68976 6
    endloop
  endfacet
  facet normal 0.46065 -0.887582 0
    outer loop
      vertex 25.1114 4.68976 6
      vertex 25.1293 4.69905 6.5
      vertex 25.1114 4.68976 6.5
    endloop
  endfacet
  facet normal 0.46065 -0.887582 0
    outer loop
      vertex 25.1293 4.69905 6.5
      vertex 25.1114 4.68976 6
      vertex 25.1293 4.69905 6
    endloop
  endfacet
  facet normal 0.408732 -0.912655 0
    outer loop
      vertex 25.1293 4.69905 6
      vertex 25.1479 4.70738 6.5
      vertex 25.1293 4.69905 6.5
    endloop
  endfacet
  facet normal 0.408732 -0.912655 0
    outer loop
      vertex 25.1479 4.70738 6.5
      vertex 25.1293 4.69905 6
      vertex 25.1479 4.70738 6
    endloop
  endfacet
  facet normal 0.353869 -0.935295 0
    outer loop
      vertex 25.1479 4.70738 6
      vertex 25.1673 4.71472 6.5
      vertex 25.1479 4.70738 6.5
    endloop
  endfacet
  facet normal 0.353869 -0.935295 0
    outer loop
      vertex 25.1673 4.71472 6.5
      vertex 25.1479 4.70738 6
      vertex 25.1673 4.71472 6
    endloop
  endfacet
  facet normal 0.303046 -0.952976 0
    outer loop
      vertex 25.1673 4.71472 6
      vertex 25.1873 4.72108 6.5
      vertex 25.1673 4.71472 6.5
    endloop
  endfacet
  facet normal 0.303046 -0.952976 0
    outer loop
      vertex 25.1873 4.72108 6.5
      vertex 25.1673 4.71472 6
      vertex 25.1873 4.72108 6
    endloop
  endfacet
  facet normal 0.249724 -0.968317 0
    outer loop
      vertex 25.1873 4.72108 6
      vertex 25.2082 4.72647 6.5
      vertex 25.1873 4.72108 6.5
    endloop
  endfacet
  facet normal 0.249724 -0.968317 0
    outer loop
      vertex 25.2082 4.72647 6.5
      vertex 25.1873 4.72108 6
      vertex 25.2082 4.72647 6
    endloop
  endfacet
  facet normal 0.200933 -0.979605 0
    outer loop
      vertex 25.2082 4.72647 6
      vertex 25.2297 4.73088 6.5
      vertex 25.2082 4.72647 6.5
    endloop
  endfacet
  facet normal 0.200933 -0.979605 0
    outer loop
      vertex 25.2297 4.73088 6.5
      vertex 25.2082 4.72647 6
      vertex 25.2297 4.73088 6
    endloop
  endfacet
  facet normal 0.151591 -0.988443 0
    outer loop
      vertex 25.2297 4.73088 6
      vertex 25.252 4.7343 6.5
      vertex 25.2297 4.73088 6.5
    endloop
  endfacet
  facet normal 0.151591 -0.988443 0
    outer loop
      vertex 25.252 4.7343 6.5
      vertex 25.2297 4.73088 6
      vertex 25.252 4.7343 6
    endloop
  endfacet
  facet normal 0.10635 -0.994329 0
    outer loop
      vertex 25.252 4.7343 6
      vertex 25.275 4.73676 6.5
      vertex 25.252 4.7343 6.5
    endloop
  endfacet
  facet normal 0.10635 -0.994329 0
    outer loop
      vertex 25.275 4.73676 6.5
      vertex 25.252 4.7343 6
      vertex 25.275 4.73676 6
    endloop
  endfacet
  facet normal 0.0614868 -0.998108 0
    outer loop
      vertex 25.275 4.73676 6
      vertex 25.2987 4.73822 6.5
      vertex 25.275 4.73676 6.5
    endloop
  endfacet
  facet normal 0.0614868 -0.998108 0
    outer loop
      vertex 25.2987 4.73822 6.5
      vertex 25.275 4.73676 6
      vertex 25.2987 4.73822 6
    endloop
  endfacet
  facet normal 0.019996 -0.9998 0
    outer loop
      vertex 25.2987 4.73822 6
      vertex 25.3232 4.73871 6.5
      vertex 25.2987 4.73822 6.5
    endloop
  endfacet
  facet normal 0.019996 -0.9998 0
    outer loop
      vertex 25.3232 4.73871 6.5
      vertex 25.2987 4.73822 6
      vertex 25.3232 4.73871 6
    endloop
  endfacet
  facet normal -0.0193993 -0.999812 0
    outer loop
      vertex 25.3232 4.73871 6
      vertex 25.35 4.73819 6.5
      vertex 25.3232 4.73871 6.5
    endloop
  endfacet
  facet normal -0.0193993 -0.999812 -0
    outer loop
      vertex 25.35 4.73819 6.5
      vertex 25.3232 4.73871 6
      vertex 25.35 4.73819 6
    endloop
  endfacet
  facet normal -0.0615112 -0.998106 0
    outer loop
      vertex 25.35 4.73819 6
      vertex 25.3758 4.7366 6.5
      vertex 25.35 4.73819 6.5
    endloop
  endfacet
  facet normal -0.0615112 -0.998106 -0
    outer loop
      vertex 25.3758 4.7366 6.5
      vertex 25.35 4.73819 6
      vertex 25.3758 4.7366 6
    endloop
  endfacet
  facet normal -0.105481 -0.994421 0
    outer loop
      vertex 25.3758 4.7366 6
      vertex 25.4005 4.73398 6.5
      vertex 25.3758 4.7366 6.5
    endloop
  endfacet
  facet normal -0.105481 -0.994421 -0
    outer loop
      vertex 25.4005 4.73398 6.5
      vertex 25.3758 4.7366 6
      vertex 25.4005 4.73398 6
    endloop
  endfacet
  facet normal -0.153436 -0.988159 0
    outer loop
      vertex 25.4005 4.73398 6
      vertex 25.4242 4.7303 6.5
      vertex 25.4005 4.73398 6.5
    endloop
  endfacet
  facet normal -0.153436 -0.988159 -0
    outer loop
      vertex 25.4242 4.7303 6.5
      vertex 25.4005 4.73398 6
      vertex 25.4242 4.7303 6
    endloop
  endfacet
  facet normal -0.203989 -0.978973 0
    outer loop
      vertex 25.4242 4.7303 6
      vertex 25.4469 4.72557 6.5
      vertex 25.4242 4.7303 6.5
    endloop
  endfacet
  facet normal -0.203989 -0.978973 -0
    outer loop
      vertex 25.4469 4.72557 6.5
      vertex 25.4242 4.7303 6
      vertex 25.4469 4.72557 6
    endloop
  endfacet
  facet normal -0.258498 -0.966012 0
    outer loop
      vertex 25.4469 4.72557 6
      vertex 25.4685 4.71979 6.5
      vertex 25.4469 4.72557 6.5
    endloop
  endfacet
  facet normal -0.258498 -0.966012 -0
    outer loop
      vertex 25.4685 4.71979 6.5
      vertex 25.4469 4.72557 6
      vertex 25.4685 4.71979 6
    endloop
  endfacet
  facet normal -0.315122 -0.949051 0
    outer loop
      vertex 25.4685 4.71979 6
      vertex 25.4891 4.71295 6.5
      vertex 25.4685 4.71979 6.5
    endloop
  endfacet
  facet normal -0.315122 -0.949051 -0
    outer loop
      vertex 25.4891 4.71295 6.5
      vertex 25.4685 4.71979 6
      vertex 25.4891 4.71295 6
    endloop
  endfacet
  facet normal -0.37343 -0.927658 0
    outer loop
      vertex 25.4891 4.71295 6
      vertex 25.5087 4.70506 6.5
      vertex 25.4891 4.71295 6.5
    endloop
  endfacet
  facet normal -0.37343 -0.927658 -0
    outer loop
      vertex 25.5087 4.70506 6.5
      vertex 25.4891 4.71295 6
      vertex 25.5087 4.70506 6
    endloop
  endfacet
  facet normal -0.434313 -0.900762 0
    outer loop
      vertex 25.5087 4.70506 6
      vertex 25.5272 4.69614 6.5
      vertex 25.5087 4.70506 6.5
    endloop
  endfacet
  facet normal -0.434313 -0.900762 -0
    outer loop
      vertex 25.5272 4.69614 6.5
      vertex 25.5087 4.70506 6
      vertex 25.5272 4.69614 6
    endloop
  endfacet
  facet normal -0.496139 -0.868243 0
    outer loop
      vertex 25.5272 4.69614 6
      vertex 25.5447 4.68614 6.5
      vertex 25.5272 4.69614 6.5
    endloop
  endfacet
  facet normal -0.496139 -0.868243 -0
    outer loop
      vertex 25.5447 4.68614 6.5
      vertex 25.5272 4.69614 6
      vertex 25.5447 4.68614 6
    endloop
  endfacet
  facet normal -0.555746 -0.831352 0
    outer loop
      vertex 25.5447 4.68614 6
      vertex 25.5612 4.67511 6.5
      vertex 25.5447 4.68614 6.5
    endloop
  endfacet
  facet normal -0.555746 -0.831352 -0
    outer loop
      vertex 25.5612 4.67511 6.5
      vertex 25.5447 4.68614 6
      vertex 25.5612 4.67511 6
    endloop
  endfacet
  facet normal -0.617822 -0.786318 0
    outer loop
      vertex 25.5612 4.67511 6
      vertex 25.5766 4.66301 6.5
      vertex 25.5612 4.67511 6.5
    endloop
  endfacet
  facet normal -0.617822 -0.786318 -0
    outer loop
      vertex 25.5766 4.66301 6.5
      vertex 25.5612 4.67511 6
      vertex 25.5766 4.66301 6
    endloop
  endfacet
  facet normal -0.67405 -0.738685 0
    outer loop
      vertex 25.5766 4.66301 6
      vertex 25.591 4.64987 6.5
      vertex 25.5766 4.66301 6.5
    endloop
  endfacet
  facet normal -0.67405 -0.738685 -0
    outer loop
      vertex 25.591 4.64987 6.5
      vertex 25.5766 4.66301 6
      vertex 25.591 4.64987 6
    endloop
  endfacet
  facet normal -0.723648 -0.690169 0
    outer loop
      vertex 25.6044 4.63582 6
      vertex 25.591 4.64987 6.5
      vertex 25.591 4.64987 6
    endloop
  endfacet
  facet normal -0.723648 -0.690169 0
    outer loop
      vertex 25.591 4.64987 6.5
      vertex 25.6044 4.63582 6
      vertex 25.6044 4.63582 6.5
    endloop
  endfacet
  facet normal -0.771629 -0.636073 0
    outer loop
      vertex 25.6166 4.62102 6
      vertex 25.6044 4.63582 6.5
      vertex 25.6044 4.63582 6
    endloop
  endfacet
  facet normal -0.771629 -0.636073 0
    outer loop
      vertex 25.6044 4.63582 6.5
      vertex 25.6166 4.62102 6
      vertex 25.6166 4.62102 6.5
    endloop
  endfacet
  facet normal -0.811969 -0.5837 0
    outer loop
      vertex 25.6278 4.60544 6
      vertex 25.6166 4.62102 6.5
      vertex 25.6166 4.62102 6
    endloop
  endfacet
  facet normal -0.811969 -0.5837 0
    outer loop
      vertex 25.6166 4.62102 6.5
      vertex 25.6278 4.60544 6
      vertex 25.6278 4.60544 6.5
    endloop
  endfacet
  facet normal -0.84829 -0.529532 0
    outer loop
      vertex 25.638 4.5891 6
      vertex 25.6278 4.60544 6.5
      vertex 25.6278 4.60544 6
    endloop
  endfacet
  facet normal -0.84829 -0.529532 0
    outer loop
      vertex 25.6278 4.60544 6.5
      vertex 25.638 4.5891 6
      vertex 25.638 4.5891 6.5
    endloop
  endfacet
  facet normal -0.882667 -0.469998 0
    outer loop
      vertex 25.6471 4.57201 6
      vertex 25.638 4.5891 6.5
      vertex 25.638 4.5891 6
    endloop
  endfacet
  facet normal -0.882667 -0.469998 0
    outer loop
      vertex 25.638 4.5891 6.5
      vertex 25.6471 4.57201 6
      vertex 25.6471 4.57201 6.5
    endloop
  endfacet
  facet normal -0.912713 -0.408601 0
    outer loop
      vertex 25.6551 4.55414 6
      vertex 25.6471 4.57201 6.5
      vertex 25.6471 4.57201 6
    endloop
  endfacet
  facet normal -0.912713 -0.408601 0
    outer loop
      vertex 25.6471 4.57201 6.5
      vertex 25.6551 4.55414 6
      vertex 25.6551 4.55414 6.5
    endloop
  endfacet
  facet normal -0.937688 -0.347478 0
    outer loop
      vertex 25.662 4.53552 6
      vertex 25.6551 4.55414 6.5
      vertex 25.6551 4.55414 6
    endloop
  endfacet
  facet normal -0.937688 -0.347478 0
    outer loop
      vertex 25.6551 4.55414 6.5
      vertex 25.662 4.53552 6
      vertex 25.662 4.53552 6.5
    endloop
  endfacet
  facet normal -0.956692 -0.291103 0
    outer loop
      vertex 25.6679 4.51613 6
      vertex 25.662 4.53552 6.5
      vertex 25.662 4.53552 6
    endloop
  endfacet
  facet normal -0.956692 -0.291103 0
    outer loop
      vertex 25.662 4.53552 6.5
      vertex 25.6679 4.51613 6
      vertex 25.6679 4.51613 6.5
    endloop
  endfacet
  facet normal -0.972754 -0.231838 0
    outer loop
      vertex 25.6727 4.49599 6
      vertex 25.6679 4.51613 6.5
      vertex 25.6679 4.51613 6
    endloop
  endfacet
  facet normal -0.972754 -0.231838 0
    outer loop
      vertex 25.6679 4.51613 6.5
      vertex 25.6727 4.49599 6
      vertex 25.6727 4.49599 6.5
    endloop
  endfacet
  facet normal -0.984703 -0.174242 0
    outer loop
      vertex 25.6764 4.47508 6
      vertex 25.6727 4.49599 6.5
      vertex 25.6727 4.49599 6
    endloop
  endfacet
  facet normal -0.984703 -0.174242 0
    outer loop
      vertex 25.6727 4.49599 6.5
      vertex 25.6764 4.47508 6
      vertex 25.6764 4.47508 6.5
    endloop
  endfacet
  facet normal -0.992334 -0.123584 0
    outer loop
      vertex 25.6791 4.4534 6
      vertex 25.6764 4.47508 6.5
      vertex 25.6764 4.47508 6
    endloop
  endfacet
  facet normal -0.992334 -0.123584 0
    outer loop
      vertex 25.6764 4.47508 6.5
      vertex 25.6791 4.4534 6
      vertex 25.6791 4.4534 6.5
    endloop
  endfacet
  facet normal -0.997465 -0.0711522 0
    outer loop
      vertex 25.6807 4.43097 6
      vertex 25.6791 4.4534 6.5
      vertex 25.6791 4.4534 6
    endloop
  endfacet
  facet normal -0.997465 -0.0711522 0
    outer loop
      vertex 25.6791 4.4534 6.5
      vertex 25.6807 4.43097 6
      vertex 25.6807 4.43097 6.5
    endloop
  endfacet
  facet normal -0.999768 -0.021556 0
    outer loop
      vertex 25.6812 4.40778 6
      vertex 25.6807 4.43097 6.5
      vertex 25.6807 4.43097 6
    endloop
  endfacet
  facet normal -0.999768 -0.021556 0
    outer loop
      vertex 25.6807 4.43097 6.5
      vertex 25.6812 4.40778 6
      vertex 25.6812 4.40778 6.5
    endloop
  endfacet
  facet normal -0.999671 0.0256326 0
    outer loop
      vertex 25.6806 4.38438 6
      vertex 25.6812 4.40778 6.5
      vertex 25.6812 4.40778 6
    endloop
  endfacet
  facet normal -0.999671 0.0256326 0
    outer loop
      vertex 25.6812 4.40778 6.5
      vertex 25.6806 4.38438 6
      vertex 25.6806 4.38438 6.5
    endloop
  endfacet
  facet normal -0.996104 0.0881898 0
    outer loop
      vertex 25.6786 4.36179 6
      vertex 25.6806 4.38438 6.5
      vertex 25.6806 4.38438 6
    endloop
  endfacet
  facet normal -0.996104 0.0881898 0
    outer loop
      vertex 25.6806 4.38438 6.5
      vertex 25.6786 4.36179 6
      vertex 25.6786 4.36179 6.5
    endloop
  endfacet
  facet normal -0.988726 0.149738 0
    outer loop
      vertex 25.6753 4.34 6
      vertex 25.6786 4.36179 6.5
      vertex 25.6786 4.36179 6
    endloop
  endfacet
  facet normal -0.988726 0.149738 0
    outer loop
      vertex 25.6786 4.36179 6.5
      vertex 25.6753 4.34 6
      vertex 25.6753 4.34 6.5
    endloop
  endfacet
  facet normal -0.977843 0.209338 0
    outer loop
      vertex 25.6708 4.31898 6
      vertex 25.6753 4.34 6.5
      vertex 25.6753 4.34 6
    endloop
  endfacet
  facet normal -0.977843 0.209338 0
    outer loop
      vertex 25.6753 4.34 6.5
      vertex 25.6708 4.31898 6
      vertex 25.6708 4.31898 6.5
    endloop
  endfacet
  facet normal -0.959893 0.280365 0
    outer loop
      vertex 25.6649 4.29878 6
      vertex 25.6708 4.31898 6.5
      vertex 25.6708 4.31898 6
    endloop
  endfacet
  facet normal -0.959893 0.280365 0
    outer loop
      vertex 25.6708 4.31898 6.5
      vertex 25.6649 4.29878 6
      vertex 25.6649 4.29878 6.5
    endloop
  endfacet
  facet normal -0.937632 0.347629 0
    outer loop
      vertex 25.6577 4.27936 6
      vertex 25.6649 4.29878 6.5
      vertex 25.6649 4.29878 6
    endloop
  endfacet
  facet normal -0.937632 0.347629 0
    outer loop
      vertex 25.6649 4.29878 6.5
      vertex 25.6577 4.27936 6
      vertex 25.6577 4.27936 6.5
    endloop
  endfacet
  facet normal -0.909696 0.415275 0
    outer loop
      vertex 25.6492 4.26074 6
      vertex 25.6577 4.27936 6.5
      vertex 25.6577 4.27936 6
    endloop
  endfacet
  facet normal -0.909696 0.415275 0
    outer loop
      vertex 25.6577 4.27936 6.5
      vertex 25.6492 4.26074 6
      vertex 25.6492 4.26074 6.5
    endloop
  endfacet
  facet normal -0.876237 0.481881 0
    outer loop
      vertex 25.6394 4.24292 6
      vertex 25.6492 4.26074 6.5
      vertex 25.6492 4.26074 6
    endloop
  endfacet
  facet normal -0.876237 0.481881 0
    outer loop
      vertex 25.6492 4.26074 6.5
      vertex 25.6394 4.24292 6
      vertex 25.6394 4.24292 6.5
    endloop
  endfacet
  facet normal -0.835654 0.549256 0
    outer loop
      vertex 25.6282 4.22588 6
      vertex 25.6394 4.24292 6.5
      vertex 25.6394 4.24292 6
    endloop
  endfacet
  facet normal -0.835654 0.549256 0
    outer loop
      vertex 25.6394 4.24292 6.5
      vertex 25.6282 4.22588 6
      vertex 25.6282 4.22588 6.5
    endloop
  endfacet
  facet normal -0.794802 0.606869 0
    outer loop
      vertex 25.6158 4.20964 6
      vertex 25.6282 4.22588 6.5
      vertex 25.6282 4.22588 6
    endloop
  endfacet
  facet normal -0.794802 0.606869 0
    outer loop
      vertex 25.6282 4.22588 6.5
      vertex 25.6158 4.20964 6
      vertex 25.6158 4.20964 6.5
    endloop
  endfacet
  facet normal -0.747997 0.663702 0
    outer loop
      vertex 25.6021 4.1942 6
      vertex 25.6158 4.20964 6.5
      vertex 25.6158 4.20964 6
    endloop
  endfacet
  facet normal -0.747997 0.663702 0
    outer loop
      vertex 25.6158 4.20964 6.5
      vertex 25.6021 4.1942 6
      vertex 25.6021 4.1942 6.5
    endloop
  endfacet
  facet normal -0.696331 0.71772 0
    outer loop
      vertex 25.6021 4.1942 6
      vertex 25.587 4.17955 6.5
      vertex 25.6021 4.1942 6.5
    endloop
  endfacet
  facet normal -0.696331 0.71772 0
    outer loop
      vertex 25.587 4.17955 6.5
      vertex 25.6021 4.1942 6
      vertex 25.587 4.17955 6
    endloop
  endfacet
  facet normal -0.647513 0.762055 0
    outer loop
      vertex 25.587 4.17955 6
      vertex 25.5707 4.1657 6.5
      vertex 25.587 4.17955 6.5
    endloop
  endfacet
  facet normal -0.647513 0.762055 0
    outer loop
      vertex 25.5707 4.1657 6.5
      vertex 25.587 4.17955 6
      vertex 25.5707 4.1657 6
    endloop
  endfacet
  facet normal -0.592355 0.805677 0
    outer loop
      vertex 25.5707 4.1657 6
      vertex 25.5531 4.15276 6.5
      vertex 25.5707 4.1657 6.5
    endloop
  endfacet
  facet normal -0.592355 0.805677 0
    outer loop
      vertex 25.5531 4.15276 6.5
      vertex 25.5707 4.1657 6
      vertex 25.5531 4.15276 6
    endloop
  endfacet
  facet normal -0.539567 0.841942 0
    outer loop
      vertex 25.5531 4.15276 6
      vertex 25.5345 4.14084 6.5
      vertex 25.5531 4.15276 6.5
    endloop
  endfacet
  facet normal -0.539567 0.841942 0
    outer loop
      vertex 25.5345 4.14084 6.5
      vertex 25.5531 4.15276 6
      vertex 25.5345 4.14084 6
    endloop
  endfacet
  facet normal -0.484999 0.874515 0
    outer loop
      vertex 25.5345 4.14084 6
      vertex 25.5149 4.12997 6.5
      vertex 25.5345 4.14084 6.5
    endloop
  endfacet
  facet normal -0.484999 0.874515 0
    outer loop
      vertex 25.5149 4.12997 6.5
      vertex 25.5345 4.14084 6
      vertex 25.5149 4.12997 6
    endloop
  endfacet
  facet normal -0.426927 0.904286 0
    outer loop
      vertex 25.5149 4.12997 6
      vertex 25.4941 4.12015 6.5
      vertex 25.5149 4.12997 6.5
    endloop
  endfacet
  facet normal -0.426927 0.904286 0
    outer loop
      vertex 25.4941 4.12015 6.5
      vertex 25.5149 4.12997 6
      vertex 25.4941 4.12015 6
    endloop
  endfacet
  facet normal -0.374688 0.927151 0
    outer loop
      vertex 25.4941 4.12015 6
      vertex 25.4723 4.11134 6.5
      vertex 25.4941 4.12015 6.5
    endloop
  endfacet
  facet normal -0.374688 0.927151 0
    outer loop
      vertex 25.4723 4.11134 6.5
      vertex 25.4941 4.12015 6
      vertex 25.4723 4.11134 6
    endloop
  endfacet
  facet normal -0.320939 0.9471 0
    outer loop
      vertex 25.4723 4.11134 6
      vertex 25.4494 4.10358 6.5
      vertex 25.4723 4.11134 6.5
    endloop
  endfacet
  facet normal -0.320939 0.9471 0
    outer loop
      vertex 25.4494 4.10358 6.5
      vertex 25.4723 4.11134 6
      vertex 25.4494 4.10358 6
    endloop
  endfacet
  facet normal -0.271049 0.962566 0
    outer loop
      vertex 25.4494 4.10358 6
      vertex 25.4255 4.09685 6.5
      vertex 25.4494 4.10358 6.5
    endloop
  endfacet
  facet normal -0.271049 0.962566 0
    outer loop
      vertex 25.4255 4.09685 6.5
      vertex 25.4494 4.10358 6
      vertex 25.4255 4.09685 6
    endloop
  endfacet
  facet normal -0.221925 0.975064 0
    outer loop
      vertex 25.4255 4.09685 6
      vertex 25.4005 4.09116 6.5
      vertex 25.4255 4.09685 6.5
    endloop
  endfacet
  facet normal -0.221925 0.975064 0
    outer loop
      vertex 25.4005 4.09116 6.5
      vertex 25.4255 4.09685 6
      vertex 25.4005 4.09116 6
    endloop
  endfacet
  facet normal -0.175765 0.984432 0
    outer loop
      vertex 25.4005 4.09116 6
      vertex 25.3744 4.0865 6.5
      vertex 25.4005 4.09116 6.5
    endloop
  endfacet
  facet normal -0.175765 0.984432 0
    outer loop
      vertex 25.3744 4.0865 6.5
      vertex 25.4005 4.09116 6
      vertex 25.3744 4.0865 6
    endloop
  endfacet
  facet normal -0.132763 0.991148 0
    outer loop
      vertex 25.3744 4.0865 6
      vertex 25.3473 4.08287 6.5
      vertex 25.3744 4.0865 6.5
    endloop
  endfacet
  facet normal -0.132763 0.991148 0
    outer loop
      vertex 25.3473 4.08287 6.5
      vertex 25.3744 4.0865 6
      vertex 25.3473 4.08287 6
    endloop
  endfacet
  facet normal -0.091459 0.995809 0
    outer loop
      vertex 25.3473 4.08287 6
      vertex 25.3191 4.08028 6.5
      vertex 25.3473 4.08287 6.5
    endloop
  endfacet
  facet normal -0.091459 0.995809 0
    outer loop
      vertex 25.3191 4.08028 6.5
      vertex 25.3473 4.08287 6
      vertex 25.3191 4.08028 6
    endloop
  endfacet
  facet normal -0.0524873 0.998622 0
    outer loop
      vertex 25.3191 4.08028 6
      vertex 25.2898 4.07874 6.5
      vertex 25.3191 4.08028 6.5
    endloop
  endfacet
  facet normal -0.0524873 0.998622 0
    outer loop
      vertex 25.2898 4.07874 6.5
      vertex 25.3191 4.08028 6
      vertex 25.2898 4.07874 6
    endloop
  endfacet
  facet normal -0.0171028 0.999854 0
    outer loop
      vertex 25.2898 4.07874 6
      vertex 25.2594 4.07822 6.5
      vertex 25.2898 4.07874 6.5
    endloop
  endfacet
  facet normal -0.0171028 0.999854 0
    outer loop
      vertex 25.2594 4.07822 6.5
      vertex 25.2898 4.07874 6
      vertex 25.2594 4.07822 6
    endloop
  endfacet
  facet normal 0 1 -0
    outer loop
      vertex 25.2594 4.07822 6
      vertex 25.1265 4.07822 6.5
      vertex 25.2594 4.07822 6.5
    endloop
  endfacet
  facet normal 0 1 0
    outer loop
      vertex 25.1265 4.07822 6.5
      vertex 25.2594 4.07822 6
      vertex 25.1265 4.07822 6
    endloop
  endfacet
  facet normal -1 0 0
    outer loop
      vertex 25.1265 3.86664 6
      vertex 25.1265 4.07822 6.5
      vertex 25.1265 4.07822 6
    endloop
  endfacet
  facet normal -1 -0 0
    outer loop
      vertex 25.1265 4.07822 6.5
      vertex 25.1265 3.86664 6
      vertex 25.1265 3.86664 6.5
    endloop
  endfacet
  facet normal 0 -1 0
    outer loop
      vertex 25.1265 3.86664 6
      vertex 25.2649 3.86664 6.5
      vertex 25.1265 3.86664 6.5
    endloop
  endfacet
  facet normal 0 -1 -0
    outer loop
      vertex 25.2649 3.86664 6.5
      vertex 25.1265 3.86664 6
      vertex 25.2649 3.86664 6
    endloop
  endfacet
  facet normal -0.0152029 -0.999884 0
    outer loop
      vertex 25.2649 3.86664 6
      vertex 25.2991 3.86612 6.5
      vertex 25.2649 3.86664 6.5
    endloop
  endfacet
  facet normal -0.0152029 -0.999884 -0
    outer loop
      vertex 25.2991 3.86612 6.5
      vertex 25.2649 3.86664 6
      vertex 25.2991 3.86612 6
    endloop
  endfacet
  facet normal -0.0473632 -0.998878 0
    outer loop
      vertex 25.2991 3.86612 6
      vertex 25.332 3.86456 6.5
      vertex 25.2991 3.86612 6.5
    endloop
  endfacet
  facet normal -0.0473632 -0.998878 -0
    outer loop
      vertex 25.332 3.86456 6.5
      vertex 25.2991 3.86612 6
      vertex 25.332 3.86456 6
    endloop
  endfacet
  facet normal -0.0814321 -0.996679 0
    outer loop
      vertex 25.332 3.86456 6
      vertex 25.3637 3.86197 6.5
      vertex 25.332 3.86456 6.5
    endloop
  endfacet
  facet normal -0.0814321 -0.996679 -0
    outer loop
      vertex 25.3637 3.86197 6.5
      vertex 25.332 3.86456 6
      vertex 25.3637 3.86197 6
    endloop
  endfacet
  facet normal -0.117861 -0.99303 0
    outer loop
      vertex 25.3637 3.86197 6
      vertex 25.3942 3.85835 6.5
      vertex 25.3637 3.86197 6.5
    endloop
  endfacet
  facet normal -0.117861 -0.99303 -0
    outer loop
      vertex 25.3942 3.85835 6.5
      vertex 25.3637 3.86197 6
      vertex 25.3942 3.85835 6
    endloop
  endfacet
  facet normal -0.157792 -0.987472 0
    outer loop
      vertex 25.3942 3.85835 6
      vertex 25.4233 3.8537 6.5
      vertex 25.3942 3.85835 6.5
    endloop
  endfacet
  facet normal -0.157792 -0.987472 -0
    outer loop
      vertex 25.4233 3.8537 6.5
      vertex 25.3942 3.85835 6
      vertex 25.4233 3.8537 6
    endloop
  endfacet
  facet normal -0.200503 -0.979693 0
    outer loop
      vertex 25.4233 3.8537 6
      vertex 25.4512 3.84799 6.5
      vertex 25.4233 3.8537 6.5
    endloop
  endfacet
  facet normal -0.200503 -0.979693 -0
    outer loop
      vertex 25.4512 3.84799 6.5
      vertex 25.4233 3.8537 6
      vertex 25.4512 3.84799 6
    endloop
  endfacet
  facet normal -0.244415 -0.969671 0
    outer loop
      vertex 25.4512 3.84799 6
      vertex 25.4779 3.84126 6.5
      vertex 25.4512 3.84799 6.5
    endloop
  endfacet
  facet normal -0.244415 -0.969671 -0
    outer loop
      vertex 25.4779 3.84126 6.5
      vertex 25.4512 3.84799 6
      vertex 25.4779 3.84126 6
    endloop
  endfacet
  facet normal -0.291836 -0.956468 0
    outer loop
      vertex 25.4779 3.84126 6
      vertex 25.5033 3.83351 6.5
      vertex 25.4779 3.84126 6.5
    endloop
  endfacet
  facet normal -0.291836 -0.956468 -0
    outer loop
      vertex 25.5033 3.83351 6.5
      vertex 25.4779 3.84126 6
      vertex 25.5033 3.83351 6
    endloop
  endfacet
  facet normal -0.342995 -0.939337 0
    outer loop
      vertex 25.5033 3.83351 6
      vertex 25.5274 3.82471 6.5
      vertex 25.5033 3.83351 6.5
    endloop
  endfacet
  facet normal -0.342995 -0.939337 -0
    outer loop
      vertex 25.5274 3.82471 6.5
      vertex 25.5033 3.83351 6
      vertex 25.5274 3.82471 6
    endloop
  endfacet
  facet normal -0.394791 -0.918771 0
    outer loop
      vertex 25.5274 3.82471 6
      vertex 25.5503 3.81487 6.5
      vertex 25.5274 3.82471 6.5
    endloop
  endfacet
  facet normal -0.394791 -0.918771 -0
    outer loop
      vertex 25.5503 3.81487 6.5
      vertex 25.5274 3.82471 6
      vertex 25.5503 3.81487 6
    endloop
  endfacet
  facet normal -0.449528 -0.893266 0
    outer loop
      vertex 25.5503 3.81487 6
      vertex 25.5719 3.804 6.5
      vertex 25.5503 3.81487 6.5
    endloop
  endfacet
  facet normal -0.449528 -0.893266 -0
    outer loop
      vertex 25.5719 3.804 6.5
      vertex 25.5503 3.81487 6
      vertex 25.5719 3.804 6
    endloop
  endfacet
  facet normal -0.503871 -0.863779 0
    outer loop
      vertex 25.5719 3.804 6
      vertex 25.5923 3.7921 6.5
      vertex 25.5719 3.804 6.5
    endloop
  endfacet
  facet normal -0.503871 -0.863779 -0
    outer loop
      vertex 25.5923 3.7921 6.5
      vertex 25.5719 3.804 6
      vertex 25.5923 3.7921 6
    endloop
  endfacet
  facet normal -0.560886 -0.827893 0
    outer loop
      vertex 25.5923 3.7921 6
      vertex 25.6114 3.77916 6.5
      vertex 25.5923 3.7921 6.5
    endloop
  endfacet
  facet normal -0.560886 -0.827893 -0
    outer loop
      vertex 25.6114 3.77916 6.5
      vertex 25.5923 3.7921 6
      vertex 25.6114 3.77916 6
    endloop
  endfacet
  facet normal -0.6168 -0.78712 0
    outer loop
      vertex 25.6114 3.77916 6
      vertex 25.6291 3.76529 6.5
      vertex 25.6114 3.77916 6.5
    endloop
  endfacet
  facet normal -0.6168 -0.78712 -0
    outer loop
      vertex 25.6291 3.76529 6.5
      vertex 25.6114 3.77916 6
      vertex 25.6291 3.76529 6
    endloop
  endfacet
  facet normal -0.666954 -0.745099 0
    outer loop
      vertex 25.6291 3.76529 6
      vertex 25.6455 3.75061 6.5
      vertex 25.6291 3.76529 6.5
    endloop
  endfacet
  facet normal -0.666954 -0.745099 -0
    outer loop
      vertex 25.6455 3.75061 6.5
      vertex 25.6291 3.76529 6
      vertex 25.6455 3.75061 6
    endloop
  endfacet
  facet normal -0.720699 -0.693248 0
    outer loop
      vertex 25.6604 3.73512 6
      vertex 25.6455 3.75061 6.5
      vertex 25.6455 3.75061 6
    endloop
  endfacet
  facet normal -0.720699 -0.693248 0
    outer loop
      vertex 25.6455 3.75061 6.5
      vertex 25.6604 3.73512 6
      vertex 25.6604 3.73512 6.5
    endloop
  endfacet
  facet normal -0.769769 -0.638322 0
    outer loop
      vertex 25.6739 3.71884 6
      vertex 25.6604 3.73512 6.5
      vertex 25.6604 3.73512 6
    endloop
  endfacet
  facet normal -0.769769 -0.638322 0
    outer loop
      vertex 25.6604 3.73512 6.5
      vertex 25.6739 3.71884 6
      vertex 25.6739 3.71884 6.5
    endloop
  endfacet
  facet normal -0.818557 -0.574426 0
    outer loop
      vertex 25.6859 3.70174 6
      vertex 25.6739 3.71884 6.5
      vertex 25.6739 3.71884 6
    endloop
  endfacet
  facet normal -0.818557 -0.574426 0
    outer loop
      vertex 25.6739 3.71884 6.5
      vertex 25.6859 3.70174 6
      vertex 25.6859 3.70174 6.5
    endloop
  endfacet
  facet normal -0.858716 -0.512452 0
    outer loop
      vertex 25.6966 3.68381 6
      vertex 25.6859 3.70174 6.5
      vertex 25.6859 3.70174 6
    endloop
  endfacet
  facet normal -0.858716 -0.512452 0
    outer loop
      vertex 25.6859 3.70174 6.5
      vertex 25.6966 3.68381 6
      vertex 25.6966 3.68381 6.5
    endloop
  endfacet
  facet normal -0.897568 -0.440877 0
    outer loop
      vertex 25.7058 3.66508 6
      vertex 25.6966 3.68381 6.5
      vertex 25.6966 3.68381 6
    endloop
  endfacet
  facet normal -0.897568 -0.440877 0
    outer loop
      vertex 25.6966 3.68381 6.5
      vertex 25.7058 3.66508 6
      vertex 25.7058 3.66508 6.5
    endloop
  endfacet
  facet normal -0.928673 -0.370899 0
    outer loop
      vertex 25.7136 3.64555 6
      vertex 25.7058 3.66508 6.5
      vertex 25.7058 3.66508 6
    endloop
  endfacet
  facet normal -0.928673 -0.370899 0
    outer loop
      vertex 25.7058 3.66508 6.5
      vertex 25.7136 3.64555 6
      vertex 25.7136 3.64555 6.5
    endloop
  endfacet
  facet normal -0.953936 -0.300009 0
    outer loop
      vertex 25.72 3.6252 6
      vertex 25.7136 3.64555 6.5
      vertex 25.7136 3.64555 6
    endloop
  endfacet
  facet normal -0.953936 -0.300009 0
    outer loop
      vertex 25.7136 3.64555 6.5
      vertex 25.72 3.6252 6
      vertex 25.72 3.6252 6.5
    endloop
  endfacet
  facet normal -0.973175 -0.230065 0
    outer loop
      vertex 25.725 3.60405 6
      vertex 25.72 3.6252 6.5
      vertex 25.72 3.6252 6
    endloop
  endfacet
  facet normal -0.973175 -0.230065 0
    outer loop
      vertex 25.72 3.6252 6.5
      vertex 25.725 3.60405 6
      vertex 25.725 3.60405 6.5
    endloop
  endfacet
  facet normal -0.986839 -0.161703 0
    outer loop
      vertex 25.7286 3.58208 6
      vertex 25.725 3.60405 6.5
      vertex 25.725 3.60405 6
    endloop
  endfacet
  facet normal -0.986839 -0.161703 0
    outer loop
      vertex 25.725 3.60405 6.5
      vertex 25.7286 3.58208 6
      vertex 25.7286 3.58208 6.5
    endloop
  endfacet
  facet normal -0.995778 -0.0917969 0
    outer loop
      vertex 25.7307 3.5593 6
      vertex 25.7286 3.58208 6.5
      vertex 25.7286 3.58208 6
    endloop
  endfacet
  facet normal -0.995778 -0.0917969 0
    outer loop
      vertex 25.7286 3.58208 6.5
      vertex 25.7307 3.5593 6
      vertex 25.7307 3.5593 6.5
    endloop
  endfacet
  facet normal -0.99956 -0.0296605 0
    outer loop
      vertex 25.7314 3.53571 6
      vertex 25.7307 3.5593 6.5
      vertex 25.7307 3.5593 6
    endloop
  endfacet
  facet normal -0.99956 -0.0296605 0
    outer loop
      vertex 25.7307 3.5593 6.5
      vertex 25.7314 3.53571 6
      vertex 25.7314 3.53571 6.5
    endloop
  endfacet
  facet normal -0.999753 0.0222085 0
    outer loop
      vertex 25.7308 3.5087 6
      vertex 25.7314 3.53571 6.5
      vertex 25.7314 3.53571 6
    endloop
  endfacet
  facet normal -0.999753 0.0222085 0
    outer loop
      vertex 25.7314 3.53571 6.5
      vertex 25.7308 3.5087 6
      vertex 25.7308 3.5087 6.5
    endloop
  endfacet
  facet normal -0.997338 0.0729105 0
    outer loop
      vertex 25.7289 3.48271 6
      vertex 25.7308 3.5087 6.5
      vertex 25.7308 3.5087 6
    endloop
  endfacet
  facet normal -0.997338 0.0729105 0
    outer loop
      vertex 25.7308 3.5087 6.5
      vertex 25.7289 3.48271 6
      vertex 25.7289 3.48271 6.5
    endloop
  endfacet
  facet normal -0.992357 0.123398 0
    outer loop
      vertex 25.7258 3.45778 6
      vertex 25.7289 3.48271 6.5
      vertex 25.7289 3.48271 6
    endloop
  endfacet
  facet normal -0.992357 0.123398 0
    outer loop
      vertex 25.7289 3.48271 6.5
      vertex 25.7258 3.45778 6
      vertex 25.7258 3.45778 6.5
    endloop
  endfacet
  facet normal -0.983472 0.181058 0
    outer loop
      vertex 25.7214 3.43388 6
      vertex 25.7258 3.45778 6.5
      vertex 25.7258 3.45778 6
    endloop
  endfacet
  facet normal -0.983472 0.181058 0
    outer loop
      vertex 25.7258 3.45778 6.5
      vertex 25.7214 3.43388 6
      vertex 25.7214 3.43388 6.5
    endloop
  endfacet
  facet normal -0.971233 0.238131 0
    outer loop
      vertex 25.7158 3.41104 6
      vertex 25.7214 3.43388 6.5
      vertex 25.7214 3.43388 6
    endloop
  endfacet
  facet normal -0.971233 0.238131 0
    outer loop
      vertex 25.7214 3.43388 6.5
      vertex 25.7158 3.41104 6
      vertex 25.7158 3.41104 6.5
    endloop
  endfacet
  facet normal -0.954636 0.297776 0
    outer loop
      vertex 25.709 3.38924 6
      vertex 25.7158 3.41104 6.5
      vertex 25.7158 3.41104 6
    endloop
  endfacet
  facet normal -0.954636 0.297776 0
    outer loop
      vertex 25.7158 3.41104 6.5
      vertex 25.709 3.38924 6
      vertex 25.709 3.38924 6.5
    endloop
  endfacet
  facet normal -0.9316 0.363485 0
    outer loop
      vertex 25.7009 3.36848 6
      vertex 25.709 3.38924 6.5
      vertex 25.709 3.38924 6
    endloop
  endfacet
  facet normal -0.9316 0.363485 0
    outer loop
      vertex 25.709 3.38924 6.5
      vertex 25.7009 3.36848 6
      vertex 25.7009 3.36848 6.5
    endloop
  endfacet
  facet normal -0.904548 0.426371 0
    outer loop
      vertex 25.6916 3.34875 6
      vertex 25.7009 3.36848 6.5
      vertex 25.7009 3.36848 6
    endloop
  endfacet
  facet normal -0.904548 0.426371 0
    outer loop
      vertex 25.7009 3.36848 6.5
      vertex 25.6916 3.34875 6
      vertex 25.6916 3.34875 6.5
    endloop
  endfacet
  facet normal -0.869616 0.493729 0
    outer loop
      vertex 25.681 3.33008 6
      vertex 25.6916 3.34875 6.5
      vertex 25.6916 3.34875 6
    endloop
  endfacet
  facet normal -0.869616 0.493729 0
    outer loop
      vertex 25.6916 3.34875 6.5
      vertex 25.681 3.33008 6
      vertex 25.681 3.33008 6.5
    endloop
  endfacet
  facet normal -0.831034 0.556222 0
    outer loop
      vertex 25.6692 3.31245 6
      vertex 25.681 3.33008 6.5
      vertex 25.681 3.33008 6
    endloop
  endfacet
  facet normal -0.831034 0.556222 0
    outer loop
      vertex 25.681 3.33008 6.5
      vertex 25.6692 3.31245 6
      vertex 25.6692 3.31245 6.5
    endloop
  endfacet
  facet normal -0.78464 0.619951 0
    outer loop
      vertex 25.6561 3.29587 6
      vertex 25.6692 3.31245 6.5
      vertex 25.6692 3.31245 6
    endloop
  endfacet
  facet normal -0.78464 0.619951 0
    outer loop
      vertex 25.6692 3.31245 6.5
      vertex 25.6561 3.29587 6
      vertex 25.6561 3.29587 6.5
    endloop
  endfacet
  facet normal -0.736073 0.676903 0
    outer loop
      vertex 25.6418 3.28032 6
      vertex 25.6561 3.29587 6.5
      vertex 25.6561 3.29587 6
    endloop
  endfacet
  facet normal -0.736073 0.676903 0
    outer loop
      vertex 25.6561 3.29587 6.5
      vertex 25.6418 3.28032 6
      vertex 25.6418 3.28032 6.5
    endloop
  endfacet
  facet normal -0.683408 0.730036 0
    outer loop
      vertex 25.6418 3.28032 6
      vertex 25.6263 3.26581 6.5
      vertex 25.6418 3.28032 6.5
    endloop
  endfacet
  facet normal -0.683408 0.730036 0
    outer loop
      vertex 25.6263 3.26581 6.5
      vertex 25.6418 3.28032 6
      vertex 25.6263 3.26581 6
    endloop
  endfacet
  facet normal -0.626968 0.779045 0
    outer loop
      vertex 25.6263 3.26581 6
      vertex 25.6096 3.25237 6.5
      vertex 25.6263 3.26581 6.5
    endloop
  endfacet
  facet normal -0.626968 0.779045 0
    outer loop
      vertex 25.6096 3.25237 6.5
      vertex 25.6263 3.26581 6
      vertex 25.6096 3.25237 6
    endloop
  endfacet
  facet normal -0.576903 0.816813 0
    outer loop
      vertex 25.6096 3.25237 6
      vertex 25.5921 3.24001 6.5
      vertex 25.6096 3.25237 6.5
    endloop
  endfacet
  facet normal -0.576903 0.816813 0
    outer loop
      vertex 25.5921 3.24001 6.5
      vertex 25.6096 3.25237 6
      vertex 25.5921 3.24001 6
    endloop
  endfacet
  facet normal -0.519218 0.854642 0
    outer loop
      vertex 25.5921 3.24001 6
      vertex 25.5735 3.22871 6.5
      vertex 25.5921 3.24001 6.5
    endloop
  endfacet
  facet normal -0.519218 0.854642 0
    outer loop
      vertex 25.5735 3.22871 6.5
      vertex 25.5921 3.24001 6
      vertex 25.5735 3.22871 6
    endloop
  endfacet
  facet normal -0.46537 0.885116 0
    outer loop
      vertex 25.5735 3.22871 6
      vertex 25.5541 3.21851 6.5
      vertex 25.5735 3.22871 6.5
    endloop
  endfacet
  facet normal -0.46537 0.885116 0
    outer loop
      vertex 25.5541 3.21851 6.5
      vertex 25.5735 3.22871 6
      vertex 25.5541 3.21851 6
    endloop
  endfacet
  facet normal -0.408876 0.91259 0
    outer loop
      vertex 25.5541 3.21851 6
      vertex 25.5337 3.20937 6.5
      vertex 25.5541 3.21851 6.5
    endloop
  endfacet
  facet normal -0.408876 0.91259 0
    outer loop
      vertex 25.5337 3.20937 6.5
      vertex 25.5541 3.21851 6
      vertex 25.5337 3.20937 6
    endloop
  endfacet
  facet normal -0.354681 0.934987 0
    outer loop
      vertex 25.5337 3.20937 6
      vertex 25.5124 3.20129 6.5
      vertex 25.5337 3.20937 6.5
    endloop
  endfacet
  facet normal -0.354681 0.934987 0
    outer loop
      vertex 25.5124 3.20129 6.5
      vertex 25.5337 3.20937 6
      vertex 25.5124 3.20129 6
    endloop
  endfacet
  facet normal -0.298714 0.954343 0
    outer loop
      vertex 25.5124 3.20129 6
      vertex 25.4901 3.19431 6.5
      vertex 25.5124 3.20129 6.5
    endloop
  endfacet
  facet normal -0.298714 0.954343 0
    outer loop
      vertex 25.4901 3.19431 6.5
      vertex 25.5124 3.20129 6
      vertex 25.4901 3.19431 6
    endloop
  endfacet
  facet normal -0.246858 0.969052 0
    outer loop
      vertex 25.4901 3.19431 6
      vertex 25.4669 3.1884 6.5
      vertex 25.4901 3.19431 6.5
    endloop
  endfacet
  facet normal -0.246858 0.969052 0
    outer loop
      vertex 25.4669 3.1884 6.5
      vertex 25.4901 3.19431 6
      vertex 25.4669 3.1884 6
    endloop
  endfacet
  facet normal -0.196506 0.980503 0
    outer loop
      vertex 25.4669 3.1884 6
      vertex 25.4427 3.18355 6.5
      vertex 25.4669 3.1884 6.5
    endloop
  endfacet
  facet normal -0.196506 0.980503 0
    outer loop
      vertex 25.4427 3.18355 6.5
      vertex 25.4669 3.1884 6
      vertex 25.4427 3.18355 6
    endloop
  endfacet
  facet normal -0.148148 0.988965 0
    outer loop
      vertex 25.4427 3.18355 6
      vertex 25.4176 3.17979 6.5
      vertex 25.4427 3.18355 6.5
    endloop
  endfacet
  facet normal -0.148148 0.988965 0
    outer loop
      vertex 25.4176 3.17979 6.5
      vertex 25.4427 3.18355 6
      vertex 25.4176 3.17979 6
    endloop
  endfacet
  facet normal -0.102534 0.99473 0
    outer loop
      vertex 25.4176 3.17979 6
      vertex 25.3916 3.17711 6.5
      vertex 25.4176 3.17979 6.5
    endloop
  endfacet
  facet normal -0.102534 0.99473 0
    outer loop
      vertex 25.3916 3.17711 6.5
      vertex 25.4176 3.17979 6
      vertex 25.3916 3.17711 6
    endloop
  endfacet
  facet normal -0.0598923 0.998205 0
    outer loop
      vertex 25.3916 3.17711 6
      vertex 25.3646 3.17549 6.5
      vertex 25.3916 3.17711 6.5
    endloop
  endfacet
  facet normal -0.0598923 0.998205 0
    outer loop
      vertex 25.3646 3.17549 6.5
      vertex 25.3916 3.17711 6
      vertex 25.3646 3.17549 6
    endloop
  endfacet
  facet normal -0.018993 0.99982 0
    outer loop
      vertex 25.3646 3.17549 6
      vertex 25.3367 3.17496 6.5
      vertex 25.3646 3.17549 6.5
    endloop
  endfacet
  facet normal -0.018993 0.99982 0
    outer loop
      vertex 25.3367 3.17496 6.5
      vertex 25.3646 3.17549 6
      vertex 25.3367 3.17496 6
    endloop
  endfacet
  facet normal 0.0366055 0.99933 -0
    outer loop
      vertex 25.3367 3.17496 6
      vertex 25.2821 3.17696 6.5
      vertex 25.3367 3.17496 6.5
    endloop
  endfacet
  facet normal 0.0366055 0.99933 0
    outer loop
      vertex 25.2821 3.17696 6.5
      vertex 25.3367 3.17496 6
      vertex 25.2821 3.17696 6
    endloop
  endfacet
  facet normal 0.117453 0.993079 -0
    outer loop
      vertex 25.2821 3.17696 6
      vertex 25.2312 3.18298 6.5
      vertex 25.2821 3.17696 6.5
    endloop
  endfacet
  facet normal 0.117453 0.993079 0
    outer loop
      vertex 25.2312 3.18298 6.5
      vertex 25.2821 3.17696 6
      vertex 25.2312 3.18298 6
    endloop
  endfacet
  facet normal 0.208281 0.978069 -0
    outer loop
      vertex 25.2312 3.18298 6
      vertex 25.1841 3.19301 6.5
      vertex 25.2312 3.18298 6.5
    endloop
  endfacet
  facet normal 0.208281 0.978069 0
    outer loop
      vertex 25.1841 3.19301 6.5
      vertex 25.2312 3.18298 6
      vertex 25.1841 3.19301 6
    endloop
  endfacet
  facet normal 0.307797 0.951452 -0
    outer loop
      vertex 25.1841 3.19301 6
      vertex 25.1407 3.20705 6.5
      vertex 25.1841 3.19301 6.5
    endloop
  endfacet
  facet normal 0.307797 0.951452 0
    outer loop
      vertex 25.1407 3.20705 6.5
      vertex 25.1841 3.19301 6
      vertex 25.1407 3.20705 6
    endloop
  endfacet
  facet normal 0.415814 0.90945 -0
    outer loop
      vertex 25.1407 3.20705 6
      vertex 25.1012 3.22511 6.5
      vertex 25.1407 3.20705 6.5
    endloop
  endfacet
  facet normal 0.415814 0.90945 0
    outer loop
      vertex 25.1012 3.22511 6.5
      vertex 25.1407 3.20705 6
      vertex 25.1012 3.22511 6
    endloop
  endfacet
  facet normal 0.524774 0.851242 -0
    outer loop
      vertex 25.1012 3.22511 6
      vertex 25.0654 3.24718 6.5
      vertex 25.1012 3.22511 6.5
    endloop
  endfacet
  facet normal 0.524774 0.851242 0
    outer loop
      vertex 25.0654 3.24718 6.5
      vertex 25.1012 3.22511 6
      vertex 25.0654 3.24718 6
    endloop
  endfacet
  facet normal 0.630429 0.776247 -0
    outer loop
      vertex 25.0654 3.24718 6
      vertex 25.0333 3.27325 6.5
      vertex 25.0654 3.24718 6.5
    endloop
  endfacet
  facet normal 0.630429 0.776247 0
    outer loop
      vertex 25.0333 3.27325 6.5
      vertex 25.0654 3.24718 6
      vertex 25.0333 3.27325 6
    endloop
  endfacet
  facet normal 0.729877 0.683578 0
    outer loop
      vertex 25.0333 3.27325 6.5
      vertex 25.0051 3.30336 6
      vertex 25.0051 3.30336 6.5
    endloop
  endfacet
  facet normal 0.729877 0.683578 0
    outer loop
      vertex 25.0051 3.30336 6
      vertex 25.0333 3.27325 6.5
      vertex 25.0333 3.27325 6
    endloop
  endfacet
  facet normal 0.812121 0.583489 0
    outer loop
      vertex 25.0051 3.30336 6.5
      vertex 24.9806 3.33746 6
      vertex 24.9806 3.33746 6.5
    endloop
  endfacet
  facet normal 0.812121 0.583489 0
    outer loop
      vertex 24.9806 3.33746 6
      vertex 25.0051 3.30336 6.5
      vertex 25.0051 3.30336 6
    endloop
  endfacet
  facet normal 0.878793 0.477204 0
    outer loop
      vertex 24.9806 3.33746 6.5
      vertex 24.9599 3.37558 6
      vertex 24.9599 3.37558 6.5
    endloop
  endfacet
  facet normal 0.878793 0.477204 0
    outer loop
      vertex 24.9599 3.37558 6
      vertex 24.9806 3.33746 6.5
      vertex 24.9806 3.33746 6
    endloop
  endfacet
  facet normal 0.927349 0.374197 0
    outer loop
      vertex 24.9599 3.37558 6.5
      vertex 24.9429 3.41771 6
      vertex 24.9429 3.41771 6.5
    endloop
  endfacet
  facet normal 0.927349 0.374197 0
    outer loop
      vertex 24.9429 3.41771 6
      vertex 24.9599 3.37558 6.5
      vertex 24.9599 3.37558 6
    endloop
  endfacet
  facet normal 0.961979 0.273124 0
    outer loop
      vertex 24.9429 3.41771 6.5
      vertex 24.9298 3.46385 6
      vertex 24.9298 3.46385 6.5
    endloop
  endfacet
  facet normal 0.961979 0.273124 0
    outer loop
      vertex 24.9298 3.46385 6
      vertex 24.9429 3.41771 6.5
      vertex 24.9429 3.41771 6
    endloop
  endfacet
  facet normal 0.98289 0.184194 0
    outer loop
      vertex 24.9298 3.46385 6.5
      vertex 24.9204 3.51401 6
      vertex 24.9204 3.51401 6.5
    endloop
  endfacet
  facet normal 0.98289 0.184194 0
    outer loop
      vertex 24.9204 3.51401 6
      vertex 24.9298 3.46385 6.5
      vertex 24.9298 3.46385 6
    endloop
  endfacet
  facet normal -0.0910197 0.995849 0
    outer loop
      vertex 24.9204 3.51401 6
      vertex 24.6681 3.49095 6.5
      vertex 24.9204 3.51401 6.5
    endloop
  endfacet
  facet normal -0.0910197 0.995849 0
    outer loop
      vertex 24.6681 3.49095 6.5
      vertex 24.9204 3.51401 6
      vertex 24.6681 3.49095 6
    endloop
  endfacet
  facet normal -0.988949 -0.148253 0
    outer loop
      vertex 24.6739 3.45226 6
      vertex 24.6681 3.49095 6.5
      vertex 24.6681 3.49095 6
    endloop
  endfacet
  facet normal -0.988949 -0.148253 0
    outer loop
      vertex 24.6681 3.49095 6.5
      vertex 24.6739 3.45226 6
      vertex 24.6739 3.45226 6.5
    endloop
  endfacet
  facet normal -0.980286 -0.197585 0
    outer loop
      vertex 24.6814 3.41505 6
      vertex 24.6739 3.45226 6.5
      vertex 24.6739 3.45226 6
    endloop
  endfacet
  facet normal -0.980286 -0.197585 0
    outer loop
      vertex 24.6739 3.45226 6.5
      vertex 24.6814 3.41505 6
      vertex 24.6814 3.41505 6.5
    endloop
  endfacet
  facet normal -0.968396 -0.249419 0
    outer loop
      vertex 24.6906 3.37933 6
      vertex 24.6814 3.41505 6.5
      vertex 24.6814 3.41505 6
    endloop
  endfacet
  facet normal -0.968396 -0.249419 0
    outer loop
      vertex 24.6814 3.41505 6.5
      vertex 24.6906 3.37933 6
      vertex 24.6906 3.37933 6.5
    endloop
  endfacet
  facet normal -0.953684 -0.300811 0
    outer loop
      vertex 24.7014 3.34509 6
      vertex 24.6906 3.37933 6.5
      vertex 24.6906 3.37933 6
    endloop
  endfacet
  facet normal -0.953684 -0.300811 0
    outer loop
      vertex 24.6906 3.37933 6.5
      vertex 24.7014 3.34509 6
      vertex 24.7014 3.34509 6.5
    endloop
  endfacet
  facet normal -0.934298 -0.356493 0
    outer loop
      vertex 24.7139 3.31233 6
      vertex 24.7014 3.34509 6.5
      vertex 24.7014 3.34509 6
    endloop
  endfacet
  facet normal -0.934298 -0.356493 0
    outer loop
      vertex 24.7014 3.34509 6.5
      vertex 24.7139 3.31233 6
      vertex 24.7139 3.31233 6.5
    endloop
  endfacet
  facet normal -0.910466 -0.413583 0
    outer loop
      vertex 24.7281 3.28107 6
      vertex 24.7139 3.31233 6.5
      vertex 24.7139 3.31233 6
    endloop
  endfacet
  facet normal -0.910466 -0.413583 0
    outer loop
      vertex 24.7139 3.31233 6.5
      vertex 24.7281 3.28107 6
      vertex 24.7281 3.28107 6.5
    endloop
  endfacet
  facet normal -0.883434 -0.468555 0
    outer loop
      vertex 24.7439 3.25128 6
      vertex 24.7281 3.28107 6.5
      vertex 24.7281 3.28107 6
    endloop
  endfacet
  facet normal -0.883434 -0.468555 0
    outer loop
      vertex 24.7281 3.28107 6.5
      vertex 24.7439 3.25128 6
      vertex 24.7439 3.25128 6.5
    endloop
  endfacet
  facet normal -0.851782 -0.523896 0
    outer loop
      vertex 24.7613 3.22299 6
      vertex 24.7439 3.25128 6.5
      vertex 24.7439 3.25128 6
    endloop
  endfacet
  facet normal -0.851782 -0.523896 0
    outer loop
      vertex 24.7439 3.25128 6.5
      vertex 24.7613 3.22299 6
      vertex 24.7613 3.22299 6.5
    endloop
  endfacet
  facet normal -0.813118 -0.582098 0
    outer loop
      vertex 24.7805 3.19617 6
      vertex 24.7613 3.22299 6.5
      vertex 24.7613 3.22299 6
    endloop
  endfacet
  facet normal -0.813118 -0.582098 0
    outer loop
      vertex 24.7613 3.22299 6.5
      vertex 24.7805 3.19617 6
      vertex 24.7805 3.19617 6.5
    endloop
  endfacet
  facet normal -0.774325 -0.632788 0
    outer loop
      vertex 24.8012 3.17084 6
      vertex 24.7805 3.19617 6.5
      vertex 24.7805 3.19617 6
    endloop
  endfacet
  facet normal -0.774325 -0.632788 0
    outer loop
      vertex 24.7805 3.19617 6.5
      vertex 24.8012 3.17084 6
      vertex 24.8012 3.17084 6.5
    endloop
  endfacet
  facet normal -0.727394 -0.68622 0
    outer loop
      vertex 24.8237 3.14699 6
      vertex 24.8012 3.17084 6.5
      vertex 24.8012 3.17084 6
    endloop
  endfacet
  facet normal -0.727394 -0.68622 0
    outer loop
      vertex 24.8012 3.17084 6.5
      vertex 24.8237 3.14699 6
      vertex 24.8237 3.14699 6.5
    endloop
  endfacet
  facet normal -0.680148 -0.733075 0
    outer loop
      vertex 24.8237 3.14699 6
      vertex 24.8478 3.12463 6.5
      vertex 24.8237 3.14699 6.5
    endloop
  endfacet
  facet normal -0.680148 -0.733075 -0
    outer loop
      vertex 24.8478 3.12463 6.5
      vertex 24.8237 3.14699 6
      vertex 24.8478 3.12463 6
    endloop
  endfacet
  facet normal -0.628912 -0.777476 0
    outer loop
      vertex 24.8478 3.12463 6
      vertex 24.8736 3.10376 6.5
      vertex 24.8478 3.12463 6.5
    endloop
  endfacet
  facet normal -0.628912 -0.777476 -0
    outer loop
      vertex 24.8736 3.10376 6.5
      vertex 24.8478 3.12463 6
      vertex 24.8736 3.10376 6
    endloop
  endfacet
  facet normal -0.578465 -0.815707 0
    outer loop
      vertex 24.8736 3.10376 6
      vertex 24.9009 3.0844 6.5
      vertex 24.8736 3.10376 6.5
    endloop
  endfacet
  facet normal -0.578465 -0.815707 -0
    outer loop
      vertex 24.9009 3.0844 6.5
      vertex 24.8736 3.10376 6
      vertex 24.9009 3.0844 6
    endloop
  endfacet
  facet normal -0.527709 -0.849425 0
    outer loop
      vertex 24.9009 3.0844 6
      vertex 24.9296 3.06657 6.5
      vertex 24.9009 3.0844 6.5
    endloop
  endfacet
  facet normal -0.527709 -0.849425 -0
    outer loop
      vertex 24.9296 3.06657 6.5
      vertex 24.9009 3.0844 6
      vertex 24.9296 3.06657 6
    endloop
  endfacet
  facet normal -0.476283 -0.879292 0
    outer loop
      vertex 24.9296 3.06657 6
      vertex 24.9596 3.05032 6.5
      vertex 24.9296 3.06657 6.5
    endloop
  endfacet
  facet normal -0.476283 -0.879292 -0
    outer loop
      vertex 24.9596 3.05032 6.5
      vertex 24.9296 3.06657 6
      vertex 24.9596 3.05032 6
    endloop
  endfacet
  facet normal -0.423358 -0.905963 0
    outer loop
      vertex 24.9596 3.05032 6
      vertex 24.9911 3.0356 6.5
      vertex 24.9596 3.05032 6.5
    endloop
  endfacet
  facet normal -0.423358 -0.905963 -0
    outer loop
      vertex 24.9911 3.0356 6.5
      vertex 24.9596 3.05032 6
      vertex 24.9911 3.0356 6
    endloop
  endfacet
  facet normal -0.371634 -0.928379 0
    outer loop
      vertex 24.9911 3.0356 6
      vertex 25.024 3.02243 6.5
      vertex 24.9911 3.0356 6.5
    endloop
  endfacet
  facet normal -0.371634 -0.928379 -0
    outer loop
      vertex 25.024 3.02243 6.5
      vertex 24.9911 3.0356 6
      vertex 25.024 3.02243 6
    endloop
  endfacet
  facet normal -0.321456 -0.946925 0
    outer loop
      vertex 25.024 3.02243 6
      vertex 25.0582 3.01082 6.5
      vertex 25.024 3.02243 6.5
    endloop
  endfacet
  facet normal -0.321456 -0.946925 -0
    outer loop
      vertex 25.0582 3.01082 6.5
      vertex 25.024 3.02243 6
      vertex 25.0582 3.01082 6
    endloop
  endfacet
  facet normal -0.272186 -0.962245 0
    outer loop
      vertex 25.0582 3.01082 6
      vertex 25.0938 3.00075 6.5
      vertex 25.0582 3.01082 6.5
    endloop
  endfacet
  facet normal -0.272186 -0.962245 -0
    outer loop
      vertex 25.0938 3.00075 6.5
      vertex 25.0582 3.01082 6
      vertex 25.0938 3.00075 6
    endloop
  endfacet
  facet normal -0.223898 -0.974613 0
    outer loop
      vertex 25.0938 3.00075 6
      vertex 25.1308 2.99225 6.5
      vertex 25.0938 3.00075 6.5
    endloop
  endfacet
  facet normal -0.223898 -0.974613 -0
    outer loop
      vertex 25.1308 2.99225 6.5
      vertex 25.0938 3.00075 6
      vertex 25.1308 2.99225 6
    endloop
  endfacet
  facet normal -0.178592 -0.983923 0
    outer loop
      vertex 25.1308 2.99225 6
      vertex 25.1692 2.98528 6.5
      vertex 25.1308 2.99225 6.5
    endloop
  endfacet
  facet normal -0.178592 -0.983923 -0
    outer loop
      vertex 25.1692 2.98528 6.5
      vertex 25.1308 2.99225 6
      vertex 25.1692 2.98528 6
    endloop
  endfacet
  facet normal -0.134935 -0.990854 0
    outer loop
      vertex 25.1692 2.98528 6
      vertex 25.209 2.97986 6.5
      vertex 25.1692 2.98528 6.5
    endloop
  endfacet
  facet normal -0.134935 -0.990854 -0
    outer loop
      vertex 25.209 2.97986 6.5
      vertex 25.1692 2.98528 6
      vertex 25.209 2.97986 6
    endloop
  endfacet
  facet normal -0.0937599 -0.995595 0
    outer loop
      vertex 25.209 2.97986 6
      vertex 25.2502 2.97598 6.5
      vertex 25.209 2.97986 6.5
    endloop
  endfacet
  facet normal -0.0937599 -0.995595 -0
    outer loop
      vertex 25.2502 2.97598 6.5
      vertex 25.209 2.97986 6
      vertex 25.2502 2.97598 6
    endloop
  endfacet
  facet normal -0.0543795 -0.99852 0
    outer loop
      vertex 25.2502 2.97598 6
      vertex 25.2928 2.97366 6.5
      vertex 25.2502 2.97598 6.5
    endloop
  endfacet
  facet normal -0.0543795 -0.99852 -0
    outer loop
      vertex 25.2928 2.97366 6.5
      vertex 25.2502 2.97598 6
      vertex 25.2928 2.97366 6
    endloop
  endfacet
  facet normal -0.0175372 -0.999846 0
    outer loop
      vertex 25.2928 2.97366 6
      vertex 25.3367 2.97289 6.5
      vertex 25.2928 2.97366 6.5
    endloop
  endfacet
  facet normal -0.0175372 -0.999846 -0
    outer loop
      vertex 25.3367 2.97289 6.5
      vertex 25.2928 2.97366 6
      vertex 25.3367 2.97289 6
    endloop
  endfacet
  facet normal 0.0180056 -0.999838 0
    outer loop
      vertex 25.3367 2.97289 6
      vertex 25.3839 2.97374 6.5
      vertex 25.3367 2.97289 6.5
    endloop
  endfacet
  facet normal 0.0180056 -0.999838 0
    outer loop
      vertex 25.3839 2.97374 6.5
      vertex 25.3367 2.97289 6
      vertex 25.3839 2.97374 6
    endloop
  endfacet
  facet normal 0 1 -0
    outer loop
      vertex 24.3267 3.29701 6
      vertex 24.0623 3.29701 6.5
      vertex 24.3267 3.29701 6.5
    endloop
  endfacet
  facet normal 0 1 0
    outer loop
      vertex 24.0623 3.29701 6.5
      vertex 24.3267 3.29701 6
      vertex 24.0623 3.29701 6
    endloop
  endfacet
  facet normal -1 0 0
    outer loop
      vertex 24.0623 3 6
      vertex 24.0623 3.29701 6.5
      vertex 24.0623 3.29701 6
    endloop
  endfacet
  facet normal -1 -0 0
    outer loop
      vertex 24.0623 3.29701 6.5
      vertex 24.0623 3 6
      vertex 24.0623 3 6.5
    endloop
  endfacet
  facet normal 0 -1 0
    outer loop
      vertex 24.0623 3 6
      vertex 24.3267 3 6.5
      vertex 24.0623 3 6.5
    endloop
  endfacet
  facet normal 0 -1 -0
    outer loop
      vertex 24.3267 3 6.5
      vertex 24.0623 3 6
      vertex 24.3267 3 6
    endloop
  endfacet
  facet normal 1 -0 0
    outer loop
      vertex 24.3267 3 6.5
      vertex 24.3267 3.29701 6
      vertex 24.3267 3.29701 6.5
    endloop
  endfacet
  facet normal 1 0 0
    outer loop
      vertex 24.3267 3.29701 6
      vertex 24.3267 3 6.5
      vertex 24.3267 3 6
    endloop
  endfacet
  facet normal -1 0 0
    outer loop
      vertex 44 0 0
      vertex 44 32 6
      vertex 44 32 0
    endloop
  endfacet
  facet normal -1 -0 0
    outer loop
      vertex 44 32 6
      vertex 44 0 0
      vertex 44 0 6
    endloop
  endfacet
  facet normal -0 0 1
    outer loop
      vertex 59.4 32 6
      vertex 64 0 6
      vertex 64 32 6
    endloop
  endfacet
  facet normal 0 0 1
    outer loop
      vertex 64 0 6
      vertex 59.4 32 6
      vertex 59.4 0 6
    endloop
  endfacet
  facet normal 0 0 1
    outer loop
      vertex 47.5266 3.43263 6
      vertex 46.626 3.43263 6
      vertex 47.5266 3 6
    endloop
  endfacet
  facet normal 0 0 1
    outer loop
      vertex 48.6 32 6
      vertex 48.0257 3.62523 6
      vertex 48.6 0 6
    endloop
  endfacet
  facet normal 0 0 1
    outer loop
      vertex 48.6 32 6
      vertex 47.7572 4.91095 6
      vertex 48.0257 3.62523 6
    endloop
  endfacet
  facet normal 0 0 1
    outer loop
      vertex 48.6 32 6
      vertex 47.5008 4.91095 6
      vertex 47.7572 4.91095 6
    endloop
  endfacet
  facet normal -0 0 1
    outer loop
      vertex 45.1768 4.93356 6
      vertex 47.5008 4.91095 6
      vertex 48.6 32 6
    endloop
  endfacet
  facet normal 0 0 1
    outer loop
      vertex 46.626 3.62251 6
      vertex 46.3267 3.29701 6
      vertex 46.626 3.43263 6
    endloop
  endfacet
  facet normal 0 -0 1
    outer loop
      vertex 45.5498 4.72795 6
      vertex 47.5008 4.91095 6
      vertex 45.5219 4.76173 6
    endloop
  endfacet
  facet normal 0 -0 1
    outer loop
      vertex 45.6592 4.5159 6
      vertex 47.5008 4.91095 6
      vertex 45.6412 4.56398 6
    endloop
  endfacet
  facet normal -0 0 1
    outer loop
      vertex 45.7273 3.74725 6
      vertex 46.626 3.62251 6
      vertex 45.7323 3.81421 6
    endloop
  endfacet
  facet normal 0 0 1
    outer loop
      vertex 47.5008 4.91095 6
      vertex 45.702 4.35475 6
      vertex 46.626 3.62251 6
    endloop
  endfacet
  facet normal -0 0 1
    outer loop
      vertex 45.7323 3.81421 6
      vertex 46.626 3.62251 6
      vertex 45.7353 3.88383 6
    endloop
  endfacet
  facet normal -0 0 1
    outer loop
      vertex 45.7353 3.88383 6
      vertex 46.626 3.62251 6
      vertex 45.7362 3.95615 6
    endloop
  endfacet
  facet normal -0 -0 1
    outer loop
      vertex 45.7362 3.95615 6
      vertex 46.626 3.62251 6
      vertex 45.7353 4.02965 6
    endloop
  endfacet
  facet normal -0 -0 1
    outer loop
      vertex 45.7353 4.02965 6
      vertex 46.626 3.62251 6
      vertex 45.7324 4.10031 6
    endloop
  endfacet
  facet normal -0 -0 1
    outer loop
      vertex 45.7324 4.10031 6
      vertex 46.626 3.62251 6
      vertex 45.7277 4.16817 6
    endloop
  endfacet
  facet normal -0 -0 1
    outer loop
      vertex 45.7277 4.16817 6
      vertex 46.626 3.62251 6
      vertex 45.721 4.23318 6
    endloop
  endfacet
  facet normal -0 -0 1
    outer loop
      vertex 45.721 4.23318 6
      vertex 46.626 3.62251 6
      vertex 45.7125 4.29538 6
    endloop
  endfacet
  facet normal -0 -0 1
    outer loop
      vertex 45.7125 4.29538 6
      vertex 46.626 3.62251 6
      vertex 45.702 4.35475 6
    endloop
  endfacet
  facet normal 0 -0 1
    outer loop
      vertex 45.702 4.35475 6
      vertex 47.5008 4.91095 6
      vertex 45.6896 4.41129 6
    endloop
  endfacet
  facet normal 0 -0 1
    outer loop
      vertex 45.6896 4.41129 6
      vertex 47.5008 4.91095 6
      vertex 45.6754 4.46501 6
    endloop
  endfacet
  facet normal 0 -0 1
    outer loop
      vertex 45.6754 4.46501 6
      vertex 47.5008 4.91095 6
      vertex 45.6592 4.5159 6
    endloop
  endfacet
  facet normal 0 -0 1
    outer loop
      vertex 45.6412 4.56398 6
      vertex 47.5008 4.91095 6
      vertex 45.6212 4.60922 6
    endloop
  endfacet
  facet normal 0 -0 1
    outer loop
      vertex 45.6212 4.60922 6
      vertex 47.5008 4.91095 6
      vertex 45.5993 4.65164 6
    endloop
  endfacet
  facet normal 0 -0 1
    outer loop
      vertex 45.5993 4.65164 6
      vertex 47.5008 4.91095 6
      vertex 45.5755 4.69124 6
    endloop
  endfacet
  facet normal 0 -0 1
    outer loop
      vertex 45.5755 4.69124 6
      vertex 47.5008 4.91095 6
      vertex 45.5498 4.72795 6
    endloop
  endfacet
  facet normal 0 0 1
    outer loop
      vertex 47.5008 4.91095 6
      vertex 45.4919 4.79257 6
      vertex 45.5219 4.76173 6
    endloop
  endfacet
  facet normal 0 0 1
    outer loop
      vertex 47.5008 4.91095 6
      vertex 45.4599 4.82047 6
      vertex 45.4919 4.79257 6
    endloop
  endfacet
  facet normal 0 0 1
    outer loop
      vertex 47.5008 4.91095 6
      vertex 45.4257 4.84544 6
      vertex 45.4599 4.82047 6
    endloop
  endfacet
  facet normal 0 0 1
    outer loop
      vertex 47.5008 4.91095 6
      vertex 45.3895 4.86746 6
      vertex 45.4257 4.84544 6
    endloop
  endfacet
  facet normal 0 0 1
    outer loop
      vertex 47.5008 4.91095 6
      vertex 45.3511 4.88657 6
      vertex 45.3895 4.86746 6
    endloop
  endfacet
  facet normal 0 0 1
    outer loop
      vertex 47.5008 4.91095 6
      vertex 45.3107 4.90271 6
      vertex 45.3511 4.88657 6
    endloop
  endfacet
  facet normal 0 0 1
    outer loop
      vertex 47.5008 4.91095 6
      vertex 45.2682 4.91594 6
      vertex 45.3107 4.90271 6
    endloop
  endfacet
  facet normal 0 0 1
    outer loop
      vertex 47.5008 4.91095 6
      vertex 45.2236 4.92621 6
      vertex 45.2682 4.91594 6
    endloop
  endfacet
  facet normal 0 0 1
    outer loop
      vertex 47.5008 4.91095 6
      vertex 45.1768 4.93356 6
      vertex 45.2236 4.92621 6
    endloop
  endfacet
  facet normal 0 0 1
    outer loop
      vertex 48.6 32 6
      vertex 45.128 4.93796 6
      vertex 45.1768 4.93356 6
    endloop
  endfacet
  facet normal -0 0 1
    outer loop
      vertex 44 32 6
      vertex 45.128 4.93796 6
      vertex 48.6 32 6
    endloop
  endfacet
  facet normal 0 0 1
    outer loop
      vertex 45.128 4.93796 6
      vertex 44 32 6
      vertex 45.0771 4.93944 6
    endloop
  endfacet
  facet normal 0 0 1
    outer loop
      vertex 45.0771 4.93944 6
      vertex 44 32 6
      vertex 45.0248 4.93797 6
    endloop
  endfacet
  facet normal 0 0 1
    outer loop
      vertex 45.0248 4.93797 6
      vertex 44 32 6
      vertex 44.9747 4.93362 6
    endloop
  endfacet
  facet normal 0 0 1
    outer loop
      vertex 44.9747 4.93362 6
      vertex 44 32 6
      vertex 44.9268 4.92636 6
    endloop
  endfacet
  facet normal 0 0 1
    outer loop
      vertex 44.9268 4.92636 6
      vertex 44 32 6
      vertex 44.8811 4.9162 6
    endloop
  endfacet
  facet normal 0 0 1
    outer loop
      vertex 44.8811 4.9162 6
      vertex 44 32 6
      vertex 44.8376 4.90312 6
    endloop
  endfacet
  facet normal 0 0 1
    outer loop
      vertex 44.8376 4.90312 6
      vertex 44 32 6
      vertex 44.7964 4.88715 6
    endloop
  endfacet
  facet normal 0 0 1
    outer loop
      vertex 44.7964 4.88715 6
      vertex 44 32 6
      vertex 44.7573 4.86826 6
    endloop
  endfacet
  facet normal 0 0 1
    outer loop
      vertex 44.7573 4.86826 6
      vertex 44 32 6
      vertex 44.7204 4.84647 6
    endloop
  endfacet
  facet normal 0 0 1
    outer loop
      vertex 44.7204 4.84647 6
      vertex 44 32 6
      vertex 44.6858 4.82178 6
    endloop
  endfacet
  facet normal 0 0 1
    outer loop
      vertex 44.6858 4.82178 6
      vertex 44 32 6
      vertex 44.6533 4.79417 6
    endloop
  endfacet
  facet normal 0 0 1
    outer loop
      vertex 44.6533 4.79417 6
      vertex 44 32 6
      vertex 44.6231 4.76367 6
    endloop
  endfacet
  facet normal 0 0 1
    outer loop
      vertex 44.6231 4.76367 6
      vertex 44 32 6
      vertex 44.595 4.73027 6
    endloop
  endfacet
  facet normal 0 0 1
    outer loop
      vertex 44.595 4.73027 6
      vertex 44 32 6
      vertex 44.5692 4.69395 6
    endloop
  endfacet
  facet normal 0 0 1
    outer loop
      vertex 44.5692 4.69395 6
      vertex 44 32 6
      vertex 44.5454 4.65472 6
    endloop
  endfacet
  facet normal 0 0 1
    outer loop
      vertex 44.5454 4.65472 6
      vertex 44 32 6
      vertex 44.5236 4.61258 6
    endloop
  endfacet
  facet normal 0 0 1
    outer loop
      vertex 44.5236 4.61258 6
      vertex 44 32 6
      vertex 44.5036 4.5675 6
    endloop
  endfacet
  facet normal 0 0 1
    outer loop
      vertex 44.5036 4.5675 6
      vertex 44 32 6
      vertex 44.4855 4.51952 6
    endloop
  endfacet
  facet normal 0 0 1
    outer loop
      vertex 44.4855 4.51952 6
      vertex 44 32 6
      vertex 44.4694 4.46861 6
    endloop
  endfacet
  facet normal 0 0 1
    outer loop
      vertex 44.4694 4.46861 6
      vertex 44 32 6
      vertex 44.4551 4.41478 6
    endloop
  endfacet
  facet normal 0 0 1
    outer loop
      vertex 44.4551 4.41478 6
      vertex 44 32 6
      vertex 44.4427 4.35802 6
    endloop
  endfacet
  facet normal 0 0 1
    outer loop
      vertex 44.4123 4.10179 6
      vertex 44 0 6
      vertex 44.4094 4.03043 6
    endloop
  endfacet
  facet normal 0 0 1
    outer loop
      vertex 44.417 4.17023 6
      vertex 44 0 6
      vertex 44.4123 4.10179 6
    endloop
  endfacet
  facet normal 0 0 1
    outer loop
      vertex 44 0 6
      vertex 44.417 4.17023 6
      vertex 44 32 6
    endloop
  endfacet
  facet normal 0 0 1
    outer loop
      vertex 44.4237 4.23575 6
      vertex 44 32 6
      vertex 44.417 4.17023 6
    endloop
  endfacet
  facet normal 0 0 1
    outer loop
      vertex 44.4323 4.29834 6
      vertex 44 32 6
      vertex 44.4237 4.23575 6
    endloop
  endfacet
  facet normal 0 0 1
    outer loop
      vertex 44.4427 4.35802 6
      vertex 44 32 6
      vertex 44.4323 4.29834 6
    endloop
  endfacet
  facet normal -0 0 1
    outer loop
      vertex 48.0257 3.43263 6
      vertex 48.6 0 6
      vertex 48.0257 3.62523 6
    endloop
  endfacet
  facet normal 0 0 1
    outer loop
      vertex 47.7572 3 6
      vertex 48.0257 3.43263 6
      vertex 47.7572 3.43263 6
    endloop
  endfacet
  facet normal 0 0 1
    outer loop
      vertex 48.0257 3.43263 6
      vertex 47.7572 3 6
      vertex 48.6 0 6
    endloop
  endfacet
  facet normal -0 0 1
    outer loop
      vertex 47.5266 3 6
      vertex 48.6 0 6
      vertex 47.7572 3 6
    endloop
  endfacet
  facet normal 0 0 1
    outer loop
      vertex 46.3267 3 6
      vertex 47.5266 3 6
      vertex 46.626 3.43263 6
    endloop
  endfacet
  facet normal 0 0 1
    outer loop
      vertex 46.3267 3 6
      vertex 46.626 3.43263 6
      vertex 46.3267 3.29701 6
    endloop
  endfacet
  facet normal 0 0 1
    outer loop
      vertex 47.5266 3 6
      vertex 46.3267 3 6
      vertex 48.6 0 6
    endloop
  endfacet
  facet normal 0 0 1
    outer loop
      vertex 44 0 6
      vertex 46.3267 3 6
      vertex 46.0623 3 6
    endloop
  endfacet
  facet normal 0 0 1
    outer loop
      vertex 46.626 3.62251 6
      vertex 46.0623 3.29701 6
      vertex 46.3267 3.29701 6
    endloop
  endfacet
  facet normal 0 0 1
    outer loop
      vertex 46.626 3.62251 6
      vertex 45.7273 3.74725 6
      vertex 46.0623 3.29701 6
    endloop
  endfacet
  facet normal -0 0 1
    outer loop
      vertex 45.7203 3.68297 6
      vertex 46.0623 3.29701 6
      vertex 45.7273 3.74725 6
    endloop
  endfacet
  facet normal -0 0 1
    outer loop
      vertex 45.7113 3.62138 6
      vertex 46.0623 3.29701 6
      vertex 45.7203 3.68297 6
    endloop
  endfacet
  facet normal -0 0 1
    outer loop
      vertex 45.7003 3.56247 6
      vertex 46.0623 3.29701 6
      vertex 45.7113 3.62138 6
    endloop
  endfacet
  facet normal -0 0 1
    outer loop
      vertex 45.6873 3.50624 6
      vertex 46.0623 3.29701 6
      vertex 45.7003 3.56247 6
    endloop
  endfacet
  facet normal -0 0 1
    outer loop
      vertex 45.6723 3.45268 6
      vertex 46.0623 3.29701 6
      vertex 45.6873 3.50624 6
    endloop
  endfacet
  facet normal -0 0 1
    outer loop
      vertex 45.6553 3.40181 6
      vertex 46.0623 3.29701 6
      vertex 45.6723 3.45268 6
    endloop
  endfacet
  facet normal -0 0 1
    outer loop
      vertex 45.6363 3.35362 6
      vertex 46.0623 3.29701 6
      vertex 45.6553 3.40181 6
    endloop
  endfacet
  facet normal -0 0 1
    outer loop
      vertex 45.6154 3.30811 6
      vertex 46.0623 3.29701 6
      vertex 45.6363 3.35362 6
    endloop
  endfacet
  facet normal 0 0 1
    outer loop
      vertex 45.5924 3.26529 6
      vertex 46.0623 3.29701 6
      vertex 45.6154 3.30811 6
    endloop
  endfacet
  facet normal 0 0 1
    outer loop
      vertex 46.0623 3.29701 6
      vertex 45.5924 3.26529 6
      vertex 46.0623 3 6
    endloop
  endfacet
  facet normal -0 0 1
    outer loop
      vertex 45.5674 3.22513 6
      vertex 46.0623 3 6
      vertex 45.5924 3.26529 6
    endloop
  endfacet
  facet normal -0 0 1
    outer loop
      vertex 45.5405 3.18782 6
      vertex 46.0623 3 6
      vertex 45.5674 3.22513 6
    endloop
  endfacet
  facet normal -0 0 1
    outer loop
      vertex 45.5116 3.15349 6
      vertex 46.0623 3 6
      vertex 45.5405 3.18782 6
    endloop
  endfacet
  facet normal -0 0 1
    outer loop
      vertex 45.4809 3.12213 6
      vertex 46.0623 3 6
      vertex 45.5116 3.15349 6
    endloop
  endfacet
  facet normal -0 0 1
    outer loop
      vertex 45.4483 3.09378 6
      vertex 46.0623 3 6
      vertex 45.4809 3.12213 6
    endloop
  endfacet
  facet normal -0 0 1
    outer loop
      vertex 45.4137 3.06841 6
      vertex 46.0623 3 6
      vertex 45.4483 3.09378 6
    endloop
  endfacet
  facet normal -0 0 1
    outer loop
      vertex 45.3773 3.04601 6
      vertex 46.0623 3 6
      vertex 45.4137 3.06841 6
    endloop
  endfacet
  facet normal -0 0 1
    outer loop
      vertex 45.339 3.02661 6
      vertex 46.0623 3 6
      vertex 45.3773 3.04601 6
    endloop
  endfacet
  facet normal -0 0 1
    outer loop
      vertex 45.2987 3.01019 6
      vertex 46.0623 3 6
      vertex 45.339 3.02661 6
    endloop
  endfacet
  facet normal 0 0 1
    outer loop
      vertex 45.2566 2.99677 6
      vertex 46.0623 3 6
      vertex 45.2987 3.01019 6
    endloop
  endfacet
  facet normal 0 0 1
    outer loop
      vertex 45.2125 2.98633 6
      vertex 46.0623 3 6
      vertex 45.2566 2.99677 6
    endloop
  endfacet
  facet normal 0 0 1
    outer loop
      vertex 46.0623 3 6
      vertex 45.2125 2.98633 6
      vertex 44 0 6
    endloop
  endfacet
  facet normal 0 0 1
    outer loop
      vertex 44 0 6
      vertex 45.2125 2.98633 6
      vertex 45.1666 2.97885 6
    endloop
  endfacet
  facet normal 0 0 1
    outer loop
      vertex 44 0 6
      vertex 45.1666 2.97885 6
      vertex 45.1187 2.97438 6
    endloop
  endfacet
  facet normal 0 0 1
    outer loop
      vertex 44 0 6
      vertex 45.1187 2.97438 6
      vertex 45.069 2.97289 6
    endloop
  endfacet
  facet normal 0 0 1
    outer loop
      vertex 44 0 6
      vertex 45.069 2.97289 6
      vertex 45.0193 2.97437 6
    endloop
  endfacet
  facet normal 0 0 1
    outer loop
      vertex 44 0 6
      vertex 45.0193 2.97437 6
      vertex 44.9715 2.97882 6
    endloop
  endfacet
  facet normal 0 0 1
    outer loop
      vertex 44 0 6
      vertex 44.9715 2.97882 6
      vertex 44.9256 2.98625 6
    endloop
  endfacet
  facet normal 0 0 1
    outer loop
      vertex 44 0 6
      vertex 44.9256 2.98625 6
      vertex 44.8817 2.99664 6
    endloop
  endfacet
  facet normal 0 0 1
    outer loop
      vertex 44 0 6
      vertex 44.8817 2.99664 6
      vertex 44.8397 3.00999 6
    endloop
  endfacet
  facet normal 0 0 1
    outer loop
      vertex 44 0 6
      vertex 44.8397 3.00999 6
      vertex 44.7997 3.02632 6
    endloop
  endfacet
  facet normal 0 0 1
    outer loop
      vertex 44 0 6
      vertex 44.7997 3.02632 6
      vertex 44.7616 3.04562 6
    endloop
  endfacet
  facet normal 0 0 1
    outer loop
      vertex 44 0 6
      vertex 44.7616 3.04562 6
      vertex 44.7255 3.06789 6
    endloop
  endfacet
  facet normal 0 0 1
    outer loop
      vertex 44 0 6
      vertex 44.7255 3.06789 6
      vertex 44.6913 3.09312 6
    endloop
  endfacet
  facet normal 0 0 1
    outer loop
      vertex 44.4094 4.03043 6
      vertex 44 0 6
      vertex 44.4085 3.95615 6
    endloop
  endfacet
  facet normal 0 0 1
    outer loop
      vertex 46.3267 3 6
      vertex 44 0 6
      vertex 48.6 0 6
    endloop
  endfacet
  facet normal 0 0 1
    outer loop
      vertex 44.6591 3.12134 6
      vertex 44 0 6
      vertex 44.6913 3.09312 6
    endloop
  endfacet
  facet normal 0 0 1
    outer loop
      vertex 44.6287 3.15251 6
      vertex 44 0 6
      vertex 44.6591 3.12134 6
    endloop
  endfacet
  facet normal 0 0 1
    outer loop
      vertex 44.6004 3.18666 6
      vertex 44 0 6
      vertex 44.6287 3.15251 6
    endloop
  endfacet
  facet normal 0 0 1
    outer loop
      vertex 44.574 3.22377 6
      vertex 44 0 6
      vertex 44.6004 3.18666 6
    endloop
  endfacet
  facet normal 0 0 1
    outer loop
      vertex 44.5495 3.26373 6
      vertex 44 0 6
      vertex 44.574 3.22377 6
    endloop
  endfacet
  facet normal 0 0 1
    outer loop
      vertex 44.527 3.30643 6
      vertex 44 0 6
      vertex 44.5495 3.26373 6
    endloop
  endfacet
  facet normal 0 0 1
    outer loop
      vertex 44.5064 3.35185 6
      vertex 44 0 6
      vertex 44.527 3.30643 6
    endloop
  endfacet
  facet normal 0 0 1
    outer loop
      vertex 44.4878 3.40001 6
      vertex 44 0 6
      vertex 44.5064 3.35185 6
    endloop
  endfacet
  facet normal 0 0 1
    outer loop
      vertex 44.4712 3.45088 6
      vertex 44 0 6
      vertex 44.4878 3.40001 6
    endloop
  endfacet
  facet normal 0 0 1
    outer loop
      vertex 44.4565 3.50449 6
      vertex 44 0 6
      vertex 44.4712 3.45088 6
    endloop
  endfacet
  facet normal 0 0 1
    outer loop
      vertex 44.4437 3.56082 6
      vertex 44 0 6
      vertex 44.4565 3.50449 6
    endloop
  endfacet
  facet normal 0 0 1
    outer loop
      vertex 44.433 3.61989 6
      vertex 44 0 6
      vertex 44.4437 3.56082 6
    endloop
  endfacet
  facet normal 0 0 1
    outer loop
      vertex 44.4242 3.68169 6
      vertex 44 0 6
      vertex 44.433 3.61989 6
    endloop
  endfacet
  facet normal 0 0 1
    outer loop
      vertex 44.4173 3.74622 6
      vertex 44 0 6
      vertex 44.4242 3.68169 6
    endloop
  endfacet
  facet normal 0 0 1
    outer loop
      vertex 44.4124 3.81346 6
      vertex 44 0 6
      vertex 44.4173 3.74622 6
    endloop
  endfacet
  facet normal 0 0 1
    outer loop
      vertex 44.4095 3.88344 6
      vertex 44 0 6
      vertex 44.4124 3.81346 6
    endloop
  endfacet
  facet normal 0 0 1
    outer loop
      vertex 44.4085 3.95615 6
      vertex 44 0 6
      vertex 44.4095 3.88344 6
    endloop
  endfacet
  facet normal 0 0 1
    outer loop
      vertex 48.0257 3.62523 6
      vertex 47.7572 4.91095 6
      vertex 47.7572 3.62523 6
    endloop
  endfacet
  facet normal 0 0 1
    outer loop
      vertex 44.6553 3.95615 6
      vertex 45.4881 3.95615 6
      vertex 45.4875 4.01845 6
    endloop
  endfacet
  facet normal -0 0 1
    outer loop
      vertex 44.6559 4.01923 6
      vertex 45.4875 4.01845 6
      vertex 45.4858 4.07803 6
    endloop
  endfacet
  facet normal 0 0 1
    outer loop
      vertex 45.4881 3.95615 6
      vertex 44.6553 3.95615 6
      vertex 45.4875 3.89603 6
    endloop
  endfacet
  facet normal -0 0 1
    outer loop
      vertex 44.6577 4.07951 6
      vertex 45.4858 4.07803 6
      vertex 45.483 4.13493 6
    endloop
  endfacet
  facet normal 0 -0 1
    outer loop
      vertex 44.6559 3.89485 6
      vertex 45.4875 3.89603 6
      vertex 44.6553 3.95615 6
    endloop
  endfacet
  facet normal -0 0 1
    outer loop
      vertex 44.6606 4.13701 6
      vertex 45.483 4.13493 6
      vertex 45.479 4.18913 6
    endloop
  endfacet
  facet normal 0 0 1
    outer loop
      vertex 45.4875 3.89603 6
      vertex 44.6559 3.89485 6
      vertex 45.4857 3.83835 6
    endloop
  endfacet
  facet normal -0 0 1
    outer loop
      vertex 44.6646 4.19171 6
      vertex 45.479 4.18913 6
      vertex 45.4739 4.24065 6
    endloop
  endfacet
  facet normal 0 -0 1
    outer loop
      vertex 44.6577 3.83612 6
      vertex 45.4857 3.83835 6
      vertex 44.6559 3.89485 6
    endloop
  endfacet
  facet normal -0 0 1
    outer loop
      vertex 44.6699 4.24361 6
      vertex 45.4739 4.24065 6
      vertex 45.4677 4.28946 6
    endloop
  endfacet
  facet normal 0 0 1
    outer loop
      vertex 45.4857 3.83835 6
      vertex 44.6577 3.83612 6
      vertex 45.4827 3.7831 6
    endloop
  endfacet
  facet normal -0 0 1
    outer loop
      vertex 44.6763 4.29272 6
      vertex 45.4677 4.28946 6
      vertex 45.4604 4.33557 6
    endloop
  endfacet
  facet normal 0 -0 1
    outer loop
      vertex 44.6606 3.77998 6
      vertex 45.4827 3.7831 6
      vertex 44.6577 3.83612 6
    endloop
  endfacet
  facet normal -0 0 1
    outer loop
      vertex 44.6838 4.33905 6
      vertex 45.4604 4.33557 6
      vertex 45.4519 4.37898 6
    endloop
  endfacet
  facet normal 0 0 1
    outer loop
      vertex 45.4827 3.7831 6
      vertex 44.6606 3.77998 6
      vertex 45.4786 3.73029 6
    endloop
  endfacet
  facet normal -0 0 1
    outer loop
      vertex 44.6926 4.38257 6
      vertex 45.4519 4.37898 6
      vertex 45.4422 4.41971 6
    endloop
  endfacet
  facet normal 0 -0 1
    outer loop
      vertex 44.6648 3.72644 6
      vertex 45.4786 3.73029 6
      vertex 44.6606 3.77998 6
    endloop
  endfacet
  facet normal -0 0 1
    outer loop
      vertex 44.7024 4.42331 6
      vertex 45.4422 4.41971 6
      vertex 45.4315 4.45772 6
    endloop
  endfacet
  facet normal 0 0 1
    outer loop
      vertex 45.4786 3.73029 6
      vertex 44.6648 3.72644 6
      vertex 45.4732 3.67992 6
    endloop
  endfacet
  facet normal -0 0 1
    outer loop
      vertex 44.7135 4.46124 6
      vertex 45.4315 4.45772 6
      vertex 45.4196 4.49306 6
    endloop
  endfacet
  facet normal 0 -0 1
    outer loop
      vertex 44.6701 3.67548 6
      vertex 45.4732 3.67992 6
      vertex 44.6648 3.72644 6
    endloop
  endfacet
  facet normal -0 0 1
    outer loop
      vertex 44.7257 4.4964 6
      vertex 45.4196 4.49306 6
      vertex 45.4066 4.52568 6
    endloop
  endfacet
  facet normal 0 0 1
    outer loop
      vertex 45.4732 3.67992 6
      vertex 44.6701 3.67548 6
      vertex 45.4667 3.632 6
    endloop
  endfacet
  facet normal 0 0 1
    outer loop
      vertex 45.0771 4.74141 6
      vertex 45.4066 4.52568 6
      vertex 45.3925 4.55562 6
    endloop
  endfacet
  facet normal 0 -0 1
    outer loop
      vertex 44.6766 3.62709 6
      vertex 45.4667 3.632 6
      vertex 44.6701 3.67548 6
    endloop
  endfacet
  facet normal 0 0 1
    outer loop
      vertex 45.1102 4.74031 6
      vertex 45.3925 4.55562 6
      vertex 45.377 4.5831 6
    endloop
  endfacet
  facet normal 0 0 1
    outer loop
      vertex 45.4667 3.632 6
      vertex 44.6766 3.62709 6
      vertex 45.459 3.5865 6
    endloop
  endfacet
  facet normal 0 0 1
    outer loop
      vertex 45.1418 4.73701 6
      vertex 45.377 4.5831 6
      vertex 45.3601 4.60838 6
    endloop
  endfacet
  facet normal 0 -0 1
    outer loop
      vertex 44.6842 3.58128 6
      vertex 45.459 3.5865 6
      vertex 44.6766 3.62709 6
    endloop
  endfacet
  facet normal 0 0 1
    outer loop
      vertex 45.1719 4.73152 6
      vertex 45.3601 4.60838 6
      vertex 45.3417 4.63147 6
    endloop
  endfacet
  facet normal 0 0 1
    outer loop
      vertex 45.459 3.5865 6
      vertex 44.6842 3.58128 6
      vertex 45.4501 3.54346 6
    endloop
  endfacet
  facet normal 0 0 1
    outer loop
      vertex 45.1719 4.73152 6
      vertex 45.3417 4.63147 6
      vertex 45.3219 4.65236 6
    endloop
  endfacet
  facet normal 0 -0 1
    outer loop
      vertex 44.6931 3.53807 6
      vertex 45.4501 3.54346 6
      vertex 44.6842 3.58128 6
    endloop
  endfacet
  facet normal 0 0 1
    outer loop
      vertex 45.1719 4.73152 6
      vertex 45.3219 4.65236 6
      vertex 45.3005 4.67105 6
    endloop
  endfacet
  facet normal 0 0 1
    outer loop
      vertex 45.4501 3.54346 6
      vertex 44.6931 3.53807 6
      vertex 45.44 3.50285 6
    endloop
  endfacet
  facet normal 0 0 1
    outer loop
      vertex 45.1719 4.73152 6
      vertex 45.3005 4.67105 6
      vertex 45.2778 4.68755 6
    endloop
  endfacet
  facet normal 0 -0 1
    outer loop
      vertex 44.7031 3.49744 6
      vertex 45.44 3.50285 6
      vertex 44.6931 3.53807 6
    endloop
  endfacet
  facet normal 0 0 1
    outer loop
      vertex 45.1719 4.73152 6
      vertex 45.2778 4.68755 6
      vertex 45.2535 4.70183 6
    endloop
  endfacet
  facet normal 0 0 1
    outer loop
      vertex 45.44 3.50285 6
      vertex 44.7031 3.49744 6
      vertex 45.4287 3.46468 6
    endloop
  endfacet
  facet normal 0 0 1
    outer loop
      vertex 45.1719 4.73152 6
      vertex 45.2535 4.70183 6
      vertex 45.2278 4.71393 6
    endloop
  endfacet
  facet normal 0 -0 1
    outer loop
      vertex 44.7143 3.4594 6
      vertex 45.4287 3.46468 6
      vertex 44.7031 3.49744 6
    endloop
  endfacet
  facet normal 0 0 1
    outer loop
      vertex 45.1719 4.73152 6
      vertex 45.2278 4.71393 6
      vertex 45.2006 4.72382 6
    endloop
  endfacet
  facet normal 0 0 1
    outer loop
      vertex 45.4287 3.46468 6
      vertex 44.7143 3.4594 6
      vertex 45.4162 3.42896 6
    endloop
  endfacet
  facet normal 0 0 1
    outer loop
      vertex 45.3601 4.60838 6
      vertex 45.1719 4.73152 6
      vertex 45.1418 4.73701 6
    endloop
  endfacet
  facet normal 0 -0 1
    outer loop
      vertex 44.7267 3.42392 6
      vertex 45.4162 3.42896 6
      vertex 44.7143 3.4594 6
    endloop
  endfacet
  facet normal 0 0 1
    outer loop
      vertex 45.377 4.5831 6
      vertex 45.1418 4.73701 6
      vertex 45.1102 4.74031 6
    endloop
  endfacet
  facet normal 0 0 1
    outer loop
      vertex 45.4162 3.42896 6
      vertex 44.7267 3.42392 6
      vertex 45.4026 3.39566 6
    endloop
  endfacet
  facet normal 0 0 1
    outer loop
      vertex 45.3925 4.55562 6
      vertex 45.1102 4.74031 6
      vertex 45.0771 4.74141 6
    endloop
  endfacet
  facet normal 0 -0 1
    outer loop
      vertex 44.7403 3.39105 6
      vertex 45.4026 3.39566 6
      vertex 44.7267 3.42392 6
    endloop
  endfacet
  facet normal 0 0 1
    outer loop
      vertex 45.4066 4.52568 6
      vertex 45.0771 4.74141 6
      vertex 44.7257 4.4964 6
    endloop
  endfacet
  facet normal 0 0 1
    outer loop
      vertex 45.4026 3.39566 6
      vertex 44.7403 3.39105 6
      vertex 45.3877 3.36481 6
    endloop
  endfacet
  facet normal 0 0 1
    outer loop
      vertex 44.7257 4.4964 6
      vertex 45.0771 4.74141 6
      vertex 45.0432 4.74033 6
    endloop
  endfacet
  facet normal 0 -0 1
    outer loop
      vertex 45.0717 3.17223 6
      vertex 45.3877 3.36481 6
      vertex 44.7403 3.39105 6
    endloop
  endfacet
  facet normal 0 0 1
    outer loop
      vertex 44.7391 4.52875 6
      vertex 45.0432 4.74033 6
      vertex 45.0109 4.73708 6
    endloop
  endfacet
  facet normal 0 0 1
    outer loop
      vertex 45.3877 3.36481 6
      vertex 45.0717 3.17223 6
      vertex 45.3716 3.33632 6
    endloop
  endfacet
  facet normal 0 0 1
    outer loop
      vertex 44.7537 4.55832 6
      vertex 45.0109 4.73708 6
      vertex 44.98 4.73166 6
    endloop
  endfacet
  facet normal 0 -0 1
    outer loop
      vertex 45.1042 3.17337 6
      vertex 45.3716 3.33632 6
      vertex 45.0717 3.17223 6
    endloop
  endfacet
  facet normal 0 0 1
    outer loop
      vertex 44.7537 4.55832 6
      vertex 44.98 4.73166 6
      vertex 44.9506 4.72408 6
    endloop
  endfacet
  facet normal 0 -0 1
    outer loop
      vertex 45.1353 3.17679 6
      vertex 45.3541 3.31012 6
      vertex 45.1042 3.17337 6
    endloop
  endfacet
  facet normal 0 0 1
    outer loop
      vertex 44.7537 4.55832 6
      vertex 44.9506 4.72408 6
      vertex 44.9227 4.71432 6
    endloop
  endfacet
  facet normal 0 0 1
    outer loop
      vertex 45.3541 3.31012 6
      vertex 45.1353 3.17679 6
      vertex 45.3352 3.28618 6
    endloop
  endfacet
  facet normal 0 0 1
    outer loop
      vertex 45.3352 3.28618 6
      vertex 45.1353 3.17679 6
      vertex 45.315 3.26454 6
    endloop
  endfacet
  facet normal 0 0 1
    outer loop
      vertex 44.7537 4.55832 6
      vertex 44.9227 4.71432 6
      vertex 44.8963 4.70241 6
    endloop
  endfacet
  facet normal 0 -0 1
    outer loop
      vertex 45.1651 3.1825 6
      vertex 45.315 3.26454 6
      vertex 45.1353 3.17679 6
    endloop
  endfacet
  facet normal 0 0 1
    outer loop
      vertex 44.7537 4.55832 6
      vertex 44.8963 4.70241 6
      vertex 44.8714 4.68832 6
    endloop
  endfacet
  facet normal 0 0 1
    outer loop
      vertex 45.2935 3.24516 6
      vertex 45.1651 3.1825 6
      vertex 45.2705 3.22807 6
    endloop
  endfacet
  facet normal 0 0 1
    outer loop
      vertex 44.7537 4.55832 6
      vertex 44.8714 4.68832 6
      vertex 44.848 4.67207 6
    endloop
  endfacet
  facet normal 0 0 1
    outer loop
      vertex 45.2462 3.21326 6
      vertex 45.1651 3.1825 6
      vertex 45.2205 3.20071 6
    endloop
  endfacet
  facet normal 0 0 1
    outer loop
      vertex 44.7537 4.55832 6
      vertex 44.848 4.67207 6
      vertex 44.8262 4.65366 6
    endloop
  endfacet
  facet normal 0 0 1
    outer loop
      vertex 45.2205 3.20071 6
      vertex 45.1651 3.1825 6
      vertex 45.1935 3.19046 6
    endloop
  endfacet
  facet normal 0 0 1
    outer loop
      vertex 44.7537 4.55832 6
      vertex 44.8262 4.65366 6
      vertex 44.8058 4.63307 6
    endloop
  endfacet
  facet normal 0 0 1
    outer loop
      vertex 45.2705 3.22807 6
      vertex 45.1651 3.1825 6
      vertex 45.2462 3.21326 6
    endloop
  endfacet
  facet normal 0 0 1
    outer loop
      vertex 44.7537 4.55832 6
      vertex 44.8058 4.63307 6
      vertex 44.7869 4.61032 6
    endloop
  endfacet
  facet normal 0 0 1
    outer loop
      vertex 45.315 3.26454 6
      vertex 45.1651 3.1825 6
      vertex 45.2935 3.24516 6
    endloop
  endfacet
  facet normal 0 0 1
    outer loop
      vertex 44.7537 4.55832 6
      vertex 44.7869 4.61032 6
      vertex 44.7695 4.5854 6
    endloop
  endfacet
  facet normal 0 0 1
    outer loop
      vertex 45.3716 3.33632 6
      vertex 45.1042 3.17337 6
      vertex 45.3541 3.31012 6
    endloop
  endfacet
  facet normal 0 0 1
    outer loop
      vertex 45.0109 4.73708 6
      vertex 44.7537 4.55832 6
      vertex 44.7391 4.52875 6
    endloop
  endfacet
  facet normal -0 -0 1
    outer loop
      vertex 44.755 3.36075 6
      vertex 45.0717 3.17223 6
      vertex 44.7403 3.39105 6
    endloop
  endfacet
  facet normal 0 0 1
    outer loop
      vertex 45.0432 4.74033 6
      vertex 44.7391 4.52875 6
      vertex 44.7257 4.4964 6
    endloop
  endfacet
  facet normal -0 -0 1
    outer loop
      vertex 44.771 3.33287 6
      vertex 45.039 3.17336 6
      vertex 44.755 3.36075 6
    endloop
  endfacet
  facet normal 0 0 1
    outer loop
      vertex 45.4196 4.49306 6
      vertex 44.7257 4.4964 6
      vertex 44.7135 4.46124 6
    endloop
  endfacet
  facet normal 0 0 1
    outer loop
      vertex 45.039 3.17336 6
      vertex 44.771 3.33287 6
      vertex 45.0077 3.1767 6
    endloop
  endfacet
  facet normal 0 0 1
    outer loop
      vertex 45.4315 4.45772 6
      vertex 44.7135 4.46124 6
      vertex 44.7024 4.42331 6
    endloop
  endfacet
  facet normal 0 0 1
    outer loop
      vertex 45.0077 3.1767 6
      vertex 44.771 3.33287 6
      vertex 44.9778 3.18227 6
    endloop
  endfacet
  facet normal 0 0 1
    outer loop
      vertex 45.4422 4.41971 6
      vertex 44.7024 4.42331 6
      vertex 44.6926 4.38257 6
    endloop
  endfacet
  facet normal 0 0 1
    outer loop
      vertex 44.9778 3.18227 6
      vertex 44.771 3.33287 6
      vertex 44.9493 3.19008 6
    endloop
  endfacet
  facet normal 0 0 1
    outer loop
      vertex 45.4519 4.37898 6
      vertex 44.6926 4.38257 6
      vertex 44.6838 4.33905 6
    endloop
  endfacet
  facet normal 0 0 1
    outer loop
      vertex 44.9493 3.19008 6
      vertex 44.771 3.33287 6
      vertex 44.9221 3.20012 6
    endloop
  endfacet
  facet normal 0 0 1
    outer loop
      vertex 45.4604 4.33557 6
      vertex 44.6838 4.33905 6
      vertex 44.6763 4.29272 6
    endloop
  endfacet
  facet normal 0 0 1
    outer loop
      vertex 44.872 3.2269 6
      vertex 44.771 3.33287 6
      vertex 44.849 3.24362 6
    endloop
  endfacet
  facet normal 0 0 1
    outer loop
      vertex 45.4677 4.28946 6
      vertex 44.6763 4.29272 6
      vertex 44.6699 4.24361 6
    endloop
  endfacet
  facet normal 0 0 1
    outer loop
      vertex 44.849 3.24362 6
      vertex 44.771 3.33287 6
      vertex 44.8275 3.26259 6
    endloop
  endfacet
  facet normal 0 0 1
    outer loop
      vertex 45.4739 4.24065 6
      vertex 44.6699 4.24361 6
      vertex 44.6646 4.19171 6
    endloop
  endfacet
  facet normal 0 0 1
    outer loop
      vertex 44.8275 3.26259 6
      vertex 44.771 3.33287 6
      vertex 44.7885 3.30721 6
    endloop
  endfacet
  facet normal 0 0 1
    outer loop
      vertex 45.479 4.18913 6
      vertex 44.6646 4.19171 6
      vertex 44.6606 4.13701 6
    endloop
  endfacet
  facet normal 0 0 1
    outer loop
      vertex 44.8275 3.26259 6
      vertex 44.7885 3.30721 6
      vertex 44.8073 3.28378 6
    endloop
  endfacet
  facet normal 0 0 1
    outer loop
      vertex 45.483 4.13493 6
      vertex 44.6606 4.13701 6
      vertex 44.6577 4.07951 6
    endloop
  endfacet
  facet normal 0 0 1
    outer loop
      vertex 44.8964 3.21239 6
      vertex 44.771 3.33287 6
      vertex 44.872 3.2269 6
    endloop
  endfacet
  facet normal 0 0 1
    outer loop
      vertex 45.4858 4.07803 6
      vertex 44.6577 4.07951 6
      vertex 44.6559 4.01923 6
    endloop
  endfacet
  facet normal 0 0 1
    outer loop
      vertex 44.9221 3.20012 6
      vertex 44.771 3.33287 6
      vertex 44.8964 3.21239 6
    endloop
  endfacet
  facet normal 0 0 1
    outer loop
      vertex 45.4875 4.01845 6
      vertex 44.6559 4.01923 6
      vertex 44.6553 3.95615 6
    endloop
  endfacet
  facet normal 0 0 1
    outer loop
      vertex 45.0717 3.17223 6
      vertex 44.755 3.36075 6
      vertex 45.039 3.17336 6
    endloop
  endfacet
  facet normal -0 0 1
    outer loop
      vertex 47.526 4.63405 6
      vertex 47.5266 3.62523 6
      vertex 47.5266 4.63564 6
    endloop
  endfacet
  facet normal -0 0 1
    outer loop
      vertex 47.525 4.63181 6
      vertex 47.5266 3.62523 6
      vertex 47.526 4.63405 6
    endloop
  endfacet
  facet normal -0 0 1
    outer loop
      vertex 47.5236 4.62892 6
      vertex 47.5266 3.62523 6
      vertex 47.525 4.63181 6
    endloop
  endfacet
  facet normal -0 0 1
    outer loop
      vertex 47.5197 4.62114 6
      vertex 47.5266 3.62523 6
      vertex 47.5236 4.62892 6
    endloop
  endfacet
  facet normal -0 0 1
    outer loop
      vertex 47.5172 4.61627 6
      vertex 47.5266 3.62523 6
      vertex 47.5197 4.62114 6
    endloop
  endfacet
  facet normal -0 0 1
    outer loop
      vertex 47.511 4.60455 6
      vertex 47.5266 3.62523 6
      vertex 47.5172 4.61627 6
    endloop
  endfacet
  facet normal -0 0 1
    outer loop
      vertex 47.4987 4.58205 6
      vertex 47.5266 3.62523 6
      vertex 47.511 4.60455 6
    endloop
  endfacet
  facet normal -0 0 1
    outer loop
      vertex 47.4833 4.55417 6
      vertex 47.5266 3.62523 6
      vertex 47.4987 4.58205 6
    endloop
  endfacet
  facet normal -0 0 1
    outer loop
      vertex 47.4782 4.54504 6
      vertex 47.5266 3.62523 6
      vertex 47.4833 4.55417 6
    endloop
  endfacet
  facet normal -0 0 1
    outer loop
      vertex 47.4686 4.52812 6
      vertex 47.5266 3.62523 6
      vertex 47.4782 4.54504 6
    endloop
  endfacet
  facet normal -0 0 1
    outer loop
      vertex 47.4641 4.52034 6
      vertex 47.5266 3.62523 6
      vertex 47.4686 4.52812 6
    endloop
  endfacet
  facet normal -0 0 1
    outer loop
      vertex 47.4558 4.50612 6
      vertex 47.5266 3.62523 6
      vertex 47.4641 4.52034 6
    endloop
  endfacet
  facet normal -0 0 1
    outer loop
      vertex 47.4519 4.49968 6
      vertex 47.5266 3.62523 6
      vertex 47.4558 4.50612 6
    endloop
  endfacet
  facet normal -0 0 1
    outer loop
      vertex 47.4448 4.48816 6
      vertex 47.5266 3.62523 6
      vertex 47.4519 4.49968 6
    endloop
  endfacet
  facet normal -0 0 1
    outer loop
      vertex 47.4416 4.48306 6
      vertex 47.5266 3.62523 6
      vertex 47.4448 4.48816 6
    endloop
  endfacet
  facet normal -0 0 1
    outer loop
      vertex 47.4385 4.47842 6
      vertex 47.5266 3.62523 6
      vertex 47.4416 4.48306 6
    endloop
  endfacet
  facet normal -0 0 1
    outer loop
      vertex 47.4357 4.47423 6
      vertex 47.5266 3.62523 6
      vertex 47.4385 4.47842 6
    endloop
  endfacet
  facet normal -0 0 1
    outer loop
      vertex 46.9461 3.75272 6
      vertex 47.5266 3.62523 6
      vertex 47.4357 4.47423 6
    endloop
  endfacet
  facet normal -0 0 1
    outer loop
      vertex 46.8729 3.65236 6
      vertex 47.5266 3.62523 6
      vertex 46.9461 3.75272 6
    endloop
  endfacet
  facet normal 0 0 1
    outer loop
      vertex 47.5266 3.62523 6
      vertex 46.8729 3.65236 6
      vertex 46.8512 3.62523 6
    endloop
  endfacet
  facet normal 1 -0 0
    outer loop
      vertex 64 0 6
      vertex 64 32 0
      vertex 64 32 6
    endloop
  endfacet
  facet normal 1 0 0
    outer loop
      vertex 64 32 0
      vertex 64 0 6
      vertex 64 0 0
    endloop
  endfacet
  facet normal 0 1 0
    outer loop
      vertex 64 32 6
      vertex 59.4 32 2
      vertex 59.4 32 6
    endloop
  endfacet
  facet normal 0 1 0
    outer loop
      vertex 59.4 32 2
      vertex 64 32 0
      vertex 48.6 32 2
    endloop
  endfacet
  facet normal 0 1 -0
    outer loop
      vertex 64 32 0
      vertex 59.4 32 2
      vertex 64 32 6
    endloop
  endfacet
  facet normal 0 1 -0
    outer loop
      vertex 48.6 32 2
      vertex 44 32 6
      vertex 48.6 32 6
    endloop
  endfacet
  facet normal 0 1 0
    outer loop
      vertex 48.6 32 2
      vertex 44 32 0
      vertex 44 32 6
    endloop
  endfacet
  facet normal 0 1 0
    outer loop
      vertex 44 32 0
      vertex 48.6 32 2
      vertex 64 32 0
    endloop
  endfacet
  facet normal 0 0 -1
    outer loop
      vertex 44 0 0
      vertex 64 32 0
      vertex 64 0 0
    endloop
  endfacet
  facet normal -0 0 -1
    outer loop
      vertex 64 32 0
      vertex 44 0 0
      vertex 44 32 0
    endloop
  endfacet
  facet normal 0 -1 0
    outer loop
      vertex 44 0 6
      vertex 48.6 0 2
      vertex 48.6 0 6
    endloop
  endfacet
  facet normal 0 -1 -0
    outer loop
      vertex 48.6 0 2
      vertex 44 0 0
      vertex 59.4 0 2
    endloop
  endfacet
  facet normal 0 -1 0
    outer loop
      vertex 44 0 0
      vertex 48.6 0 2
      vertex 44 0 6
    endloop
  endfacet
  facet normal 0 -1 0
    outer loop
      vertex 59.4 0 2
      vertex 64 0 6
      vertex 59.4 0 6
    endloop
  endfacet
  facet normal 0 -1 0
    outer loop
      vertex 59.4 0 2
      vertex 64 0 0
      vertex 64 0 6
    endloop
  endfacet
  facet normal 0 -1 0
    outer loop
      vertex 64 0 0
      vertex 59.4 0 2
      vertex 44 0 0
    endloop
  endfacet
  facet normal 1 -0 0
    outer loop
      vertex 48.6 0 6
      vertex 48.6 32 2
      vertex 48.6 32 6
    endloop
  endfacet
  facet normal 1 0 0
    outer loop
      vertex 48.6 32 2
      vertex 48.6 0 6
      vertex 48.6 0 2
    endloop
  endfacet
  facet normal -1 0 0
    outer loop
      vertex 59.4 0 2
      vertex 59.4 32 6
      vertex 59.4 32 2
    endloop
  endfacet
  facet normal -1 -0 0
    outer loop
      vertex 59.4 32 6
      vertex 59.4 0 2
      vertex 59.4 0 6
    endloop
  endfacet
  facet normal -0 0 1
    outer loop
      vertex 48.6 32 2
      vertex 59.4 0 2
      vertex 59.4 32 2
    endloop
  endfacet
  facet normal 0 0 1
    outer loop
      vertex 59.4 0 2
      vertex 48.6 32 2
      vertex 48.6 0 2
    endloop
  endfacet
  facet normal 0 0 1
    outer loop
      vertex 45.7362 3.95615 6.5
      vertex 45.4875 4.01845 6.5
      vertex 45.4881 3.95615 6.5
    endloop
  endfacet
  facet normal 0 0 1
    outer loop
      vertex 45.5219 4.76173 6.5
      vertex 45.4858 4.07803 6.5
      vertex 45.4875 4.01845 6.5
    endloop
  endfacet
  facet normal 0 0 1
    outer loop
      vertex 45.5219 4.76173 6.5
      vertex 45.483 4.13493 6.5
      vertex 45.4858 4.07803 6.5
    endloop
  endfacet
  facet normal 0 0 1
    outer loop
      vertex 45.5219 4.76173 6.5
      vertex 45.479 4.18913 6.5
      vertex 45.483 4.13493 6.5
    endloop
  endfacet
  facet normal 0 0 1
    outer loop
      vertex 45.5219 4.76173 6.5
      vertex 45.4739 4.24065 6.5
      vertex 45.479 4.18913 6.5
    endloop
  endfacet
  facet normal 0 0 1
    outer loop
      vertex 45.5219 4.76173 6.5
      vertex 45.4677 4.28946 6.5
      vertex 45.4739 4.24065 6.5
    endloop
  endfacet
  facet normal 0 0 1
    outer loop
      vertex 45.5219 4.76173 6.5
      vertex 45.4604 4.33557 6.5
      vertex 45.4677 4.28946 6.5
    endloop
  endfacet
  facet normal 0 0 1
    outer loop
      vertex 45.3219 4.65236 6.5
      vertex 45.4919 4.79257 6.5
      vertex 45.4599 4.82047 6.5
    endloop
  endfacet
  facet normal 0 0 1
    outer loop
      vertex 45.5219 4.76173 6.5
      vertex 45.4519 4.37898 6.5
      vertex 45.4604 4.33557 6.5
    endloop
  endfacet
  facet normal 0 0 1
    outer loop
      vertex 45.5219 4.76173 6.5
      vertex 45.4422 4.41971 6.5
      vertex 45.4519 4.37898 6.5
    endloop
  endfacet
  facet normal 0 0 1
    outer loop
      vertex 45.5219 4.76173 6.5
      vertex 45.4315 4.45772 6.5
      vertex 45.4422 4.41971 6.5
    endloop
  endfacet
  facet normal 0 0 1
    outer loop
      vertex 45.3005 4.67105 6.5
      vertex 45.4599 4.82047 6.5
      vertex 45.4257 4.84544 6.5
    endloop
  endfacet
  facet normal 0 0 1
    outer loop
      vertex 45.5219 4.76173 6.5
      vertex 45.4196 4.49306 6.5
      vertex 45.4315 4.45772 6.5
    endloop
  endfacet
  facet normal 0 0 1
    outer loop
      vertex 45.5219 4.76173 6.5
      vertex 45.4066 4.52568 6.5
      vertex 45.4196 4.49306 6.5
    endloop
  endfacet
  facet normal 0 0 1
    outer loop
      vertex 45.5219 4.76173 6.5
      vertex 45.3925 4.55562 6.5
      vertex 45.4066 4.52568 6.5
    endloop
  endfacet
  facet normal 0 0 1
    outer loop
      vertex 45.3005 4.67105 6.5
      vertex 45.4257 4.84544 6.5
      vertex 45.3895 4.86746 6.5
    endloop
  endfacet
  facet normal 0 0 1
    outer loop
      vertex 45.5219 4.76173 6.5
      vertex 45.377 4.5831 6.5
      vertex 45.3925 4.55562 6.5
    endloop
  endfacet
  facet normal 0 0 1
    outer loop
      vertex 45.5219 4.76173 6.5
      vertex 45.3601 4.60838 6.5
      vertex 45.377 4.5831 6.5
    endloop
  endfacet
  facet normal 0 0 1
    outer loop
      vertex 45.2778 4.68755 6.5
      vertex 45.3895 4.86746 6.5
      vertex 45.3511 4.88657 6.5
    endloop
  endfacet
  facet normal 0 0 1
    outer loop
      vertex 45.5219 4.76173 6.5
      vertex 45.3417 4.63147 6.5
      vertex 45.3601 4.60838 6.5
    endloop
  endfacet
  facet normal 0 0 1
    outer loop
      vertex 45.4919 4.79257 6.5
      vertex 45.3219 4.65236 6.5
      vertex 45.3417 4.63147 6.5
    endloop
  endfacet
  facet normal 0 0 1
    outer loop
      vertex 45.2535 4.70183 6.5
      vertex 45.3511 4.88657 6.5
      vertex 45.3107 4.90271 6.5
    endloop
  endfacet
  facet normal 0 0 1
    outer loop
      vertex 45.4599 4.82047 6.5
      vertex 45.3005 4.67105 6.5
      vertex 45.3219 4.65236 6.5
    endloop
  endfacet
  facet normal 0 0 1
    outer loop
      vertex 45.3895 4.86746 6.5
      vertex 45.2778 4.68755 6.5
      vertex 45.3005 4.67105 6.5
    endloop
  endfacet
  facet normal 0 0 1
    outer loop
      vertex 45.2278 4.71393 6.5
      vertex 45.3107 4.90271 6.5
      vertex 45.2682 4.91594 6.5
    endloop
  endfacet
  facet normal 0 0 1
    outer loop
      vertex 45.3511 4.88657 6.5
      vertex 45.2535 4.70183 6.5
      vertex 45.2778 4.68755 6.5
    endloop
  endfacet
  facet normal 0 0 1
    outer loop
      vertex 45.3107 4.90271 6.5
      vertex 45.2278 4.71393 6.5
      vertex 45.2535 4.70183 6.5
    endloop
  endfacet
  facet normal 0 0 1
    outer loop
      vertex 45.2006 4.72382 6.5
      vertex 45.2682 4.91594 6.5
      vertex 45.2236 4.92621 6.5
    endloop
  endfacet
  facet normal 0 0 1
    outer loop
      vertex 45.2682 4.91594 6.5
      vertex 45.2006 4.72382 6.5
      vertex 45.2278 4.71393 6.5
    endloop
  endfacet
  facet normal 0 0 1
    outer loop
      vertex 45.1719 4.73152 6.5
      vertex 45.2236 4.92621 6.5
      vertex 45.1768 4.93356 6.5
    endloop
  endfacet
  facet normal 0 0 1
    outer loop
      vertex 45.2236 4.92621 6.5
      vertex 45.1719 4.73152 6.5
      vertex 45.2006 4.72382 6.5
    endloop
  endfacet
  facet normal 0 0 1
    outer loop
      vertex 45.1768 4.93356 6.5
      vertex 45.1418 4.73701 6.5
      vertex 45.1719 4.73152 6.5
    endloop
  endfacet
  facet normal 0 0 1
    outer loop
      vertex 45.128 4.93796 6.5
      vertex 45.1418 4.73701 6.5
      vertex 45.1768 4.93356 6.5
    endloop
  endfacet
  facet normal 0 0 1
    outer loop
      vertex 45.128 4.93796 6.5
      vertex 45.1102 4.74031 6.5
      vertex 45.1418 4.73701 6.5
    endloop
  endfacet
  facet normal 0 0 1
    outer loop
      vertex 45.0771 4.93944 6.5
      vertex 45.1102 4.74031 6.5
      vertex 45.128 4.93796 6.5
    endloop
  endfacet
  facet normal 0 0 1
    outer loop
      vertex 45.0771 4.93944 6.5
      vertex 45.0771 4.74141 6.5
      vertex 45.1102 4.74031 6.5
    endloop
  endfacet
  facet normal 0 0 1
    outer loop
      vertex 45.0771 4.93944 6.5
      vertex 45.0432 4.74033 6.5
      vertex 45.0771 4.74141 6.5
    endloop
  endfacet
  facet normal -0 0 1
    outer loop
      vertex 45.0248 4.93797 6.5
      vertex 45.0432 4.74033 6.5
      vertex 45.0771 4.93944 6.5
    endloop
  endfacet
  facet normal 0 0 1
    outer loop
      vertex 45.0248 4.93797 6.5
      vertex 45.0109 4.73708 6.5
      vertex 45.0432 4.74033 6.5
    endloop
  endfacet
  facet normal -0 0 1
    outer loop
      vertex 44.9747 4.93362 6.5
      vertex 45.0109 4.73708 6.5
      vertex 45.0248 4.93797 6.5
    endloop
  endfacet
  facet normal 0 0 1
    outer loop
      vertex 45.0109 4.73708 6.5
      vertex 44.9747 4.93362 6.5
      vertex 44.98 4.73166 6.5
    endloop
  endfacet
  facet normal -0 0 1
    outer loop
      vertex 44.9268 4.92636 6.5
      vertex 44.98 4.73166 6.5
      vertex 44.9747 4.93362 6.5
    endloop
  endfacet
  facet normal 0 0 1
    outer loop
      vertex 44.98 4.73166 6.5
      vertex 44.9268 4.92636 6.5
      vertex 44.9506 4.72408 6.5
    endloop
  endfacet
  facet normal -0 0 1
    outer loop
      vertex 44.8811 4.9162 6.5
      vertex 44.9506 4.72408 6.5
      vertex 44.9268 4.92636 6.5
    endloop
  endfacet
  facet normal 0 0 1
    outer loop
      vertex 44.9506 4.72408 6.5
      vertex 44.8811 4.9162 6.5
      vertex 44.9227 4.71432 6.5
    endloop
  endfacet
  facet normal -0 0 1
    outer loop
      vertex 44.8376 4.90312 6.5
      vertex 44.9227 4.71432 6.5
      vertex 44.8811 4.9162 6.5
    endloop
  endfacet
  facet normal 0 0 1
    outer loop
      vertex 44.9227 4.71432 6.5
      vertex 44.8376 4.90312 6.5
      vertex 44.8963 4.70241 6.5
    endloop
  endfacet
  facet normal -0 0 1
    outer loop
      vertex 44.7964 4.88715 6.5
      vertex 44.8963 4.70241 6.5
      vertex 44.8376 4.90312 6.5
    endloop
  endfacet
  facet normal 0 0 1
    outer loop
      vertex 44.8963 4.70241 6.5
      vertex 44.7964 4.88715 6.5
      vertex 44.8714 4.68832 6.5
    endloop
  endfacet
  facet normal -0 0 1
    outer loop
      vertex 44.7573 4.86826 6.5
      vertex 44.8714 4.68832 6.5
      vertex 44.7964 4.88715 6.5
    endloop
  endfacet
  facet normal 0 0 1
    outer loop
      vertex 44.8714 4.68832 6.5
      vertex 44.7573 4.86826 6.5
      vertex 44.848 4.67207 6.5
    endloop
  endfacet
  facet normal -0 0 1
    outer loop
      vertex 44.7204 4.84647 6.5
      vertex 44.848 4.67207 6.5
      vertex 44.7573 4.86826 6.5
    endloop
  endfacet
  facet normal 0 0 1
    outer loop
      vertex 44.848 4.67207 6.5
      vertex 44.7204 4.84647 6.5
      vertex 44.8262 4.65366 6.5
    endloop
  endfacet
  facet normal -0 0 1
    outer loop
      vertex 44.6858 4.82178 6.5
      vertex 44.8262 4.65366 6.5
      vertex 44.7204 4.84647 6.5
    endloop
  endfacet
  facet normal -0 0 1
    outer loop
      vertex 44.6533 4.79417 6.5
      vertex 44.8262 4.65366 6.5
      vertex 44.6858 4.82178 6.5
    endloop
  endfacet
  facet normal 0 0 1
    outer loop
      vertex 44.8262 4.65366 6.5
      vertex 44.6533 4.79417 6.5
      vertex 44.8058 4.63307 6.5
    endloop
  endfacet
  facet normal -0 0 1
    outer loop
      vertex 44.6231 4.76367 6.5
      vertex 44.8058 4.63307 6.5
      vertex 44.6533 4.79417 6.5
    endloop
  endfacet
  facet normal 0 0 1
    outer loop
      vertex 44.8058 4.63307 6.5
      vertex 44.6231 4.76367 6.5
      vertex 44.7869 4.61032 6.5
    endloop
  endfacet
  facet normal -0 0 1
    outer loop
      vertex 44.595 4.73027 6.5
      vertex 44.7869 4.61032 6.5
      vertex 44.6231 4.76367 6.5
    endloop
  endfacet
  facet normal 0 0 1
    outer loop
      vertex 44.7869 4.61032 6.5
      vertex 44.595 4.73027 6.5
      vertex 44.7695 4.5854 6.5
    endloop
  endfacet
  facet normal -0 0 1
    outer loop
      vertex 44.5692 4.69395 6.5
      vertex 44.7695 4.5854 6.5
      vertex 44.595 4.73027 6.5
    endloop
  endfacet
  facet normal 0 0 1
    outer loop
      vertex 44.7695 4.5854 6.5
      vertex 44.5692 4.69395 6.5
      vertex 44.7537 4.55832 6.5
    endloop
  endfacet
  facet normal -0 0 1
    outer loop
      vertex 44.5454 4.65472 6.5
      vertex 44.7537 4.55832 6.5
      vertex 44.5692 4.69395 6.5
    endloop
  endfacet
  facet normal 0 0 1
    outer loop
      vertex 44.7537 4.55832 6.5
      vertex 44.5454 4.65472 6.5
      vertex 44.7391 4.52875 6.5
    endloop
  endfacet
  facet normal -0 0 1
    outer loop
      vertex 44.5236 4.61258 6.5
      vertex 44.7391 4.52875 6.5
      vertex 44.5454 4.65472 6.5
    endloop
  endfacet
  facet normal 0 0 1
    outer loop
      vertex 44.7391 4.52875 6.5
      vertex 44.5236 4.61258 6.5
      vertex 44.7257 4.4964 6.5
    endloop
  endfacet
  facet normal -0 0 1
    outer loop
      vertex 44.5036 4.5675 6.5
      vertex 44.7257 4.4964 6.5
      vertex 44.5236 4.61258 6.5
    endloop
  endfacet
  facet normal 0 0 1
    outer loop
      vertex 44.7257 4.4964 6.5
      vertex 44.5036 4.5675 6.5
      vertex 44.7135 4.46124 6.5
    endloop
  endfacet
  facet normal -0 0 1
    outer loop
      vertex 44.4855 4.51952 6.5
      vertex 44.7135 4.46124 6.5
      vertex 44.5036 4.5675 6.5
    endloop
  endfacet
  facet normal -0 0 1
    outer loop
      vertex 44.4427 4.35802 6.5
      vertex 44.6838 4.33905 6.5
      vertex 44.4551 4.41478 6.5
    endloop
  endfacet
  facet normal 0 0 1
    outer loop
      vertex 44.6926 4.38257 6.5
      vertex 44.4551 4.41478 6.5
      vertex 44.6838 4.33905 6.5
    endloop
  endfacet
  facet normal 0 0 1
    outer loop
      vertex 44.7135 4.46124 6.5
      vertex 44.4855 4.51952 6.5
      vertex 44.7024 4.42331 6.5
    endloop
  endfacet
  facet normal -0 0 1
    outer loop
      vertex 45.4875 4.01845 6.5
      vertex 45.7362 3.95615 6.5
      vertex 45.7353 4.02965 6.5
    endloop
  endfacet
  facet normal 0 0 1
    outer loop
      vertex 45.4875 4.01845 6.5
      vertex 45.7353 4.02965 6.5
      vertex 45.7324 4.10031 6.5
    endloop
  endfacet
  facet normal 0 0 1
    outer loop
      vertex 45.4875 3.89603 6.5
      vertex 45.7362 3.95615 6.5
      vertex 45.4881 3.95615 6.5
    endloop
  endfacet
  facet normal 0 0 1
    outer loop
      vertex 45.4875 4.01845 6.5
      vertex 45.7324 4.10031 6.5
      vertex 45.7277 4.16817 6.5
    endloop
  endfacet
  facet normal 0 0 1
    outer loop
      vertex 45.7362 3.95615 6.5
      vertex 45.4875 3.89603 6.5
      vertex 45.7353 3.88383 6.5
    endloop
  endfacet
  facet normal 0 0 1
    outer loop
      vertex 45.4875 4.01845 6.5
      vertex 45.7277 4.16817 6.5
      vertex 45.721 4.23318 6.5
    endloop
  endfacet
  facet normal 0 0 1
    outer loop
      vertex 45.4857 3.83835 6.5
      vertex 45.7353 3.88383 6.5
      vertex 45.4875 3.89603 6.5
    endloop
  endfacet
  facet normal 0 0 1
    outer loop
      vertex 45.4875 4.01845 6.5
      vertex 45.721 4.23318 6.5
      vertex 45.7125 4.29538 6.5
    endloop
  endfacet
  facet normal 0 0 1
    outer loop
      vertex 45.7353 3.88383 6.5
      vertex 45.4857 3.83835 6.5
      vertex 45.7323 3.81421 6.5
    endloop
  endfacet
  facet normal 0 0 1
    outer loop
      vertex 45.4875 4.01845 6.5
      vertex 45.7125 4.29538 6.5
      vertex 45.702 4.35475 6.5
    endloop
  endfacet
  facet normal 0 0 1
    outer loop
      vertex 45.4827 3.7831 6.5
      vertex 45.7323 3.81421 6.5
      vertex 45.4857 3.83835 6.5
    endloop
  endfacet
  facet normal 0 0 1
    outer loop
      vertex 45.4875 4.01845 6.5
      vertex 45.702 4.35475 6.5
      vertex 45.6896 4.41129 6.5
    endloop
  endfacet
  facet normal 0 0 1
    outer loop
      vertex 45.7323 3.81421 6.5
      vertex 45.4827 3.7831 6.5
      vertex 45.7273 3.74725 6.5
    endloop
  endfacet
  facet normal 0 0 1
    outer loop
      vertex 45.4875 4.01845 6.5
      vertex 45.6896 4.41129 6.5
      vertex 45.6754 4.46501 6.5
    endloop
  endfacet
  facet normal 0 0 1
    outer loop
      vertex 45.4786 3.73029 6.5
      vertex 45.7273 3.74725 6.5
      vertex 45.4827 3.7831 6.5
    endloop
  endfacet
  facet normal 0 0 1
    outer loop
      vertex 45.4875 4.01845 6.5
      vertex 45.6754 4.46501 6.5
      vertex 45.6592 4.5159 6.5
    endloop
  endfacet
  facet normal 0 0 1
    outer loop
      vertex 45.7273 3.74725 6.5
      vertex 45.4786 3.73029 6.5
      vertex 45.7203 3.68297 6.5
    endloop
  endfacet
  facet normal 0 0 1
    outer loop
      vertex 45.4875 4.01845 6.5
      vertex 45.6592 4.5159 6.5
      vertex 45.6412 4.56398 6.5
    endloop
  endfacet
  facet normal 0 0 1
    outer loop
      vertex 45.4732 3.67992 6.5
      vertex 45.7203 3.68297 6.5
      vertex 45.4786 3.73029 6.5
    endloop
  endfacet
  facet normal 0 0 1
    outer loop
      vertex 45.4875 4.01845 6.5
      vertex 45.6412 4.56398 6.5
      vertex 45.6212 4.60922 6.5
    endloop
  endfacet
  facet normal 0 0 1
    outer loop
      vertex 45.7203 3.68297 6.5
      vertex 45.4732 3.67992 6.5
      vertex 45.7113 3.62138 6.5
    endloop
  endfacet
  facet normal 0 0 1
    outer loop
      vertex 45.4875 4.01845 6.5
      vertex 45.6212 4.60922 6.5
      vertex 45.5993 4.65164 6.5
    endloop
  endfacet
  facet normal -0 0 1
    outer loop
      vertex 45.4667 3.632 6.5
      vertex 45.7113 3.62138 6.5
      vertex 45.4732 3.67992 6.5
    endloop
  endfacet
  facet normal 0 0 1
    outer loop
      vertex 45.4875 4.01845 6.5
      vertex 45.5993 4.65164 6.5
      vertex 45.5755 4.69124 6.5
    endloop
  endfacet
  facet normal 0 0 1
    outer loop
      vertex 45.7113 3.62138 6.5
      vertex 45.4667 3.632 6.5
      vertex 45.7003 3.56247 6.5
    endloop
  endfacet
  facet normal 0 0 1
    outer loop
      vertex 45.4875 4.01845 6.5
      vertex 45.5755 4.69124 6.5
      vertex 45.5498 4.72795 6.5
    endloop
  endfacet
  facet normal -0 0 1
    outer loop
      vertex 45.459 3.5865 6.5
      vertex 45.7003 3.56247 6.5
      vertex 45.4667 3.632 6.5
    endloop
  endfacet
  facet normal 0 0 1
    outer loop
      vertex 45.4875 4.01845 6.5
      vertex 45.5498 4.72795 6.5
      vertex 45.5219 4.76173 6.5
    endloop
  endfacet
  facet normal 0 0 1
    outer loop
      vertex 45.7003 3.56247 6.5
      vertex 45.459 3.5865 6.5
      vertex 45.6873 3.50624 6.5
    endloop
  endfacet
  facet normal 0 0 1
    outer loop
      vertex 45.3417 4.63147 6.5
      vertex 45.5219 4.76173 6.5
      vertex 45.4919 4.79257 6.5
    endloop
  endfacet
  facet normal -0 0 1
    outer loop
      vertex 45.4501 3.54346 6.5
      vertex 45.6873 3.50624 6.5
      vertex 45.459 3.5865 6.5
    endloop
  endfacet
  facet normal 0 0 1
    outer loop
      vertex 45.6873 3.50624 6.5
      vertex 45.4501 3.54346 6.5
      vertex 45.6723 3.45268 6.5
    endloop
  endfacet
  facet normal -0 0 1
    outer loop
      vertex 45.44 3.50285 6.5
      vertex 45.6723 3.45268 6.5
      vertex 45.4501 3.54346 6.5
    endloop
  endfacet
  facet normal 0 0 1
    outer loop
      vertex 45.6723 3.45268 6.5
      vertex 45.44 3.50285 6.5
      vertex 45.6553 3.40181 6.5
    endloop
  endfacet
  facet normal -0 0 1
    outer loop
      vertex 45.4287 3.46468 6.5
      vertex 45.6553 3.40181 6.5
      vertex 45.44 3.50285 6.5
    endloop
  endfacet
  facet normal 0 0 1
    outer loop
      vertex 45.6553 3.40181 6.5
      vertex 45.4287 3.46468 6.5
      vertex 45.6363 3.35362 6.5
    endloop
  endfacet
  facet normal -0 0 1
    outer loop
      vertex 45.4162 3.42896 6.5
      vertex 45.6363 3.35362 6.5
      vertex 45.4287 3.46468 6.5
    endloop
  endfacet
  facet normal 0 0 1
    outer loop
      vertex 45.6363 3.35362 6.5
      vertex 45.4162 3.42896 6.5
      vertex 45.6154 3.30811 6.5
    endloop
  endfacet
  facet normal -0 0 1
    outer loop
      vertex 45.4026 3.39566 6.5
      vertex 45.6154 3.30811 6.5
      vertex 45.4162 3.42896 6.5
    endloop
  endfacet
  facet normal 0 0 1
    outer loop
      vertex 45.6154 3.30811 6.5
      vertex 45.4026 3.39566 6.5
      vertex 45.5924 3.26529 6.5
    endloop
  endfacet
  facet normal -0 0 1
    outer loop
      vertex 45.3877 3.36481 6.5
      vertex 45.5924 3.26529 6.5
      vertex 45.4026 3.39566 6.5
    endloop
  endfacet
  facet normal 0 0 1
    outer loop
      vertex 45.5924 3.26529 6.5
      vertex 45.3877 3.36481 6.5
      vertex 45.5674 3.22513 6.5
    endloop
  endfacet
  facet normal -0 0 1
    outer loop
      vertex 45.3716 3.33632 6.5
      vertex 45.5674 3.22513 6.5
      vertex 45.3877 3.36481 6.5
    endloop
  endfacet
  facet normal 0 0 1
    outer loop
      vertex 45.5674 3.22513 6.5
      vertex 45.3716 3.33632 6.5
      vertex 45.5405 3.18782 6.5
    endloop
  endfacet
  facet normal -0 0 1
    outer loop
      vertex 45.3541 3.31012 6.5
      vertex 45.5405 3.18782 6.5
      vertex 45.3716 3.33632 6.5
    endloop
  endfacet
  facet normal 0 0 1
    outer loop
      vertex 45.5405 3.18782 6.5
      vertex 45.3541 3.31012 6.5
      vertex 45.5116 3.15349 6.5
    endloop
  endfacet
  facet normal -0 0 1
    outer loop
      vertex 45.3352 3.28618 6.5
      vertex 45.5116 3.15349 6.5
      vertex 45.3541 3.31012 6.5
    endloop
  endfacet
  facet normal 0 0 1
    outer loop
      vertex 45.5116 3.15349 6.5
      vertex 45.3352 3.28618 6.5
      vertex 45.4809 3.12213 6.5
    endloop
  endfacet
  facet normal -0 0 1
    outer loop
      vertex 45.315 3.26454 6.5
      vertex 45.4809 3.12213 6.5
      vertex 45.3352 3.28618 6.5
    endloop
  endfacet
  facet normal 0 0 1
    outer loop
      vertex 45.4809 3.12213 6.5
      vertex 45.315 3.26454 6.5
      vertex 45.4483 3.09378 6.5
    endloop
  endfacet
  facet normal -0 0 1
    outer loop
      vertex 45.2935 3.24516 6.5
      vertex 45.4483 3.09378 6.5
      vertex 45.315 3.26454 6.5
    endloop
  endfacet
  facet normal 0 0 1
    outer loop
      vertex 45.4483 3.09378 6.5
      vertex 45.2935 3.24516 6.5
      vertex 45.4137 3.06841 6.5
    endloop
  endfacet
  facet normal -0 0 1
    outer loop
      vertex 45.2705 3.22807 6.5
      vertex 45.4137 3.06841 6.5
      vertex 45.2935 3.24516 6.5
    endloop
  endfacet
  facet normal 0 0 1
    outer loop
      vertex 45.4137 3.06841 6.5
      vertex 45.2705 3.22807 6.5
      vertex 45.3773 3.04601 6.5
    endloop
  endfacet
  facet normal -0 0 1
    outer loop
      vertex 45.2462 3.21326 6.5
      vertex 45.3773 3.04601 6.5
      vertex 45.2705 3.22807 6.5
    endloop
  endfacet
  facet normal 0 0 1
    outer loop
      vertex 45.3773 3.04601 6.5
      vertex 45.2462 3.21326 6.5
      vertex 45.339 3.02661 6.5
    endloop
  endfacet
  facet normal 0 0 1
    outer loop
      vertex 45.339 3.02661 6.5
      vertex 45.2462 3.21326 6.5
      vertex 45.2987 3.01019 6.5
    endloop
  endfacet
  facet normal -0 0 1
    outer loop
      vertex 45.2205 3.20071 6.5
      vertex 45.2987 3.01019 6.5
      vertex 45.2462 3.21326 6.5
    endloop
  endfacet
  facet normal 0 0 1
    outer loop
      vertex 45.2987 3.01019 6.5
      vertex 45.2205 3.20071 6.5
      vertex 45.2566 2.99677 6.5
    endloop
  endfacet
  facet normal -0 0 1
    outer loop
      vertex 45.1935 3.19046 6.5
      vertex 45.2566 2.99677 6.5
      vertex 45.2205 3.20071 6.5
    endloop
  endfacet
  facet normal 0 0 1
    outer loop
      vertex 45.2566 2.99677 6.5
      vertex 45.1935 3.19046 6.5
      vertex 45.2125 2.98633 6.5
    endloop
  endfacet
  facet normal -0 0 1
    outer loop
      vertex 45.1651 3.1825 6.5
      vertex 45.2125 2.98633 6.5
      vertex 45.1935 3.19046 6.5
    endloop
  endfacet
  facet normal 0 0 1
    outer loop
      vertex 45.2125 2.98633 6.5
      vertex 45.1651 3.1825 6.5
      vertex 45.1666 2.97885 6.5
    endloop
  endfacet
  facet normal -0 0 1
    outer loop
      vertex 45.1353 3.17679 6.5
      vertex 45.1666 2.97885 6.5
      vertex 45.1651 3.1825 6.5
    endloop
  endfacet
  facet normal 0 0 1
    outer loop
      vertex 45.1353 3.17679 6.5
      vertex 45.1187 2.97438 6.5
      vertex 45.1666 2.97885 6.5
    endloop
  endfacet
  facet normal -0 0 1
    outer loop
      vertex 45.1042 3.17337 6.5
      vertex 45.1187 2.97438 6.5
      vertex 45.1353 3.17679 6.5
    endloop
  endfacet
  facet normal -0 0 1
    outer loop
      vertex 45.0717 3.17223 6.5
      vertex 45.1187 2.97438 6.5
      vertex 45.1042 3.17337 6.5
    endloop
  endfacet
  facet normal 0 0 1
    outer loop
      vertex 45.0717 3.17223 6.5
      vertex 45.069 2.97289 6.5
      vertex 45.1187 2.97438 6.5
    endloop
  endfacet
  facet normal 0 0 1
    outer loop
      vertex 45.039 3.17336 6.5
      vertex 45.069 2.97289 6.5
      vertex 45.0717 3.17223 6.5
    endloop
  endfacet
  facet normal 0 0 1
    outer loop
      vertex 45.039 3.17336 6.5
      vertex 45.0193 2.97437 6.5
      vertex 45.069 2.97289 6.5
    endloop
  endfacet
  facet normal 0 0 1
    outer loop
      vertex 45.0077 3.1767 6.5
      vertex 45.0193 2.97437 6.5
      vertex 45.039 3.17336 6.5
    endloop
  endfacet
  facet normal 0 0 1
    outer loop
      vertex 44.9715 2.97882 6.5
      vertex 45.0077 3.1767 6.5
      vertex 44.9778 3.18227 6.5
    endloop
  endfacet
  facet normal 0 0 1
    outer loop
      vertex 45.0077 3.1767 6.5
      vertex 44.9715 2.97882 6.5
      vertex 45.0193 2.97437 6.5
    endloop
  endfacet
  facet normal 0 0 1
    outer loop
      vertex 44.9256 2.98625 6.5
      vertex 44.9778 3.18227 6.5
      vertex 44.9493 3.19008 6.5
    endloop
  endfacet
  facet normal 0 0 1
    outer loop
      vertex 44.9778 3.18227 6.5
      vertex 44.9256 2.98625 6.5
      vertex 44.9715 2.97882 6.5
    endloop
  endfacet
  facet normal 0 0 1
    outer loop
      vertex 44.8817 2.99664 6.5
      vertex 44.9493 3.19008 6.5
      vertex 44.9221 3.20012 6.5
    endloop
  endfacet
  facet normal 0 0 1
    outer loop
      vertex 44.8397 3.00999 6.5
      vertex 44.9221 3.20012 6.5
      vertex 44.8964 3.21239 6.5
    endloop
  endfacet
  facet normal 0 0 1
    outer loop
      vertex 44.9493 3.19008 6.5
      vertex 44.8817 2.99664 6.5
      vertex 44.9256 2.98625 6.5
    endloop
  endfacet
  facet normal 0 0 1
    outer loop
      vertex 44.7997 3.02632 6.5
      vertex 44.8964 3.21239 6.5
      vertex 44.872 3.2269 6.5
    endloop
  endfacet
  facet normal 0 0 1
    outer loop
      vertex 44.7255 3.06789 6.5
      vertex 44.872 3.2269 6.5
      vertex 44.849 3.24362 6.5
    endloop
  endfacet
  facet normal 0 0 1
    outer loop
      vertex 44.9221 3.20012 6.5
      vertex 44.8397 3.00999 6.5
      vertex 44.8817 2.99664 6.5
    endloop
  endfacet
  facet normal 0 0 1
    outer loop
      vertex 44.6913 3.09312 6.5
      vertex 44.849 3.24362 6.5
      vertex 44.8275 3.26259 6.5
    endloop
  endfacet
  facet normal 0 0 1
    outer loop
      vertex 44.6591 3.12134 6.5
      vertex 44.8275 3.26259 6.5
      vertex 44.8073 3.28378 6.5
    endloop
  endfacet
  facet normal 0 0 1
    outer loop
      vertex 44.8964 3.21239 6.5
      vertex 44.7997 3.02632 6.5
      vertex 44.8397 3.00999 6.5
    endloop
  endfacet
  facet normal 0 0 1
    outer loop
      vertex 44.6287 3.15251 6.5
      vertex 44.8073 3.28378 6.5
      vertex 44.7885 3.30721 6.5
    endloop
  endfacet
  facet normal 0 0 1
    outer loop
      vertex 44.6004 3.18666 6.5
      vertex 44.7885 3.30721 6.5
      vertex 44.771 3.33287 6.5
    endloop
  endfacet
  facet normal 0 0 1
    outer loop
      vertex 44.872 3.2269 6.5
      vertex 44.7616 3.04562 6.5
      vertex 44.7997 3.02632 6.5
    endloop
  endfacet
  facet normal 0 0 1
    outer loop
      vertex 44.574 3.22377 6.5
      vertex 44.771 3.33287 6.5
      vertex 44.755 3.36075 6.5
    endloop
  endfacet
  facet normal 0 0 1
    outer loop
      vertex 44.5495 3.26373 6.5
      vertex 44.755 3.36075 6.5
      vertex 44.7403 3.39105 6.5
    endloop
  endfacet
  facet normal 0 0 1
    outer loop
      vertex 44.527 3.30643 6.5
      vertex 44.7403 3.39105 6.5
      vertex 44.7267 3.42392 6.5
    endloop
  endfacet
  facet normal 0 0 1
    outer loop
      vertex 44.872 3.2269 6.5
      vertex 44.7255 3.06789 6.5
      vertex 44.7616 3.04562 6.5
    endloop
  endfacet
  facet normal 0 0 1
    outer loop
      vertex 44.5064 3.35185 6.5
      vertex 44.7267 3.42392 6.5
      vertex 44.7143 3.4594 6.5
    endloop
  endfacet
  facet normal 0 0 1
    outer loop
      vertex 44.4878 3.40001 6.5
      vertex 44.7143 3.4594 6.5
      vertex 44.7031 3.49744 6.5
    endloop
  endfacet
  facet normal 0 0 1
    outer loop
      vertex 44.4712 3.45088 6.5
      vertex 44.7031 3.49744 6.5
      vertex 44.6931 3.53807 6.5
    endloop
  endfacet
  facet normal 0 0 1
    outer loop
      vertex 44.849 3.24362 6.5
      vertex 44.6913 3.09312 6.5
      vertex 44.7255 3.06789 6.5
    endloop
  endfacet
  facet normal 0 0 1
    outer loop
      vertex 44.4565 3.50449 6.5
      vertex 44.6931 3.53807 6.5
      vertex 44.6842 3.58128 6.5
    endloop
  endfacet
  facet normal 0 0 1
    outer loop
      vertex 44.4437 3.56082 6.5
      vertex 44.6842 3.58128 6.5
      vertex 44.6766 3.62709 6.5
    endloop
  endfacet
  facet normal 0 0 1
    outer loop
      vertex 44.433 3.61989 6.5
      vertex 44.6766 3.62709 6.5
      vertex 44.6701 3.67548 6.5
    endloop
  endfacet
  facet normal -0 0 1
    outer loop
      vertex 44.4242 3.68169 6.5
      vertex 44.6701 3.67548 6.5
      vertex 44.6648 3.72644 6.5
    endloop
  endfacet
  facet normal -0 0 1
    outer loop
      vertex 44.4173 3.74622 6.5
      vertex 44.6648 3.72644 6.5
      vertex 44.6606 3.77998 6.5
    endloop
  endfacet
  facet normal 0 0 1
    outer loop
      vertex 44.8275 3.26259 6.5
      vertex 44.6591 3.12134 6.5
      vertex 44.6913 3.09312 6.5
    endloop
  endfacet
  facet normal -0 0 1
    outer loop
      vertex 44.4124 3.81346 6.5
      vertex 44.6606 3.77998 6.5
      vertex 44.6577 3.83612 6.5
    endloop
  endfacet
  facet normal -0 0 1
    outer loop
      vertex 44.4095 3.88344 6.5
      vertex 44.6577 3.83612 6.5
      vertex 44.6559 3.89485 6.5
    endloop
  endfacet
  facet normal -0 0 1
    outer loop
      vertex 44.4085 3.95615 6.5
      vertex 44.6559 3.89485 6.5
      vertex 44.6553 3.95615 6.5
    endloop
  endfacet
  facet normal 0 0 1
    outer loop
      vertex 44.8073 3.28378 6.5
      vertex 44.6287 3.15251 6.5
      vertex 44.6591 3.12134 6.5
    endloop
  endfacet
  facet normal 0 0 1
    outer loop
      vertex 44.6838 4.33905 6.5
      vertex 44.4427 4.35802 6.5
      vertex 44.6763 4.29272 6.5
    endloop
  endfacet
  facet normal -0 0 1
    outer loop
      vertex 44.4694 4.46861 6.5
      vertex 44.7024 4.42331 6.5
      vertex 44.4855 4.51952 6.5
    endloop
  endfacet
  facet normal 0 0 1
    outer loop
      vertex 44.6559 3.89485 6.5
      vertex 44.4085 3.95615 6.5
      vertex 44.4095 3.88344 6.5
    endloop
  endfacet
  facet normal 0 0 1
    outer loop
      vertex 44.7024 4.42331 6.5
      vertex 44.4694 4.46861 6.5
      vertex 44.6926 4.38257 6.5
    endloop
  endfacet
  facet normal 0 0 1
    outer loop
      vertex 44.6577 3.83612 6.5
      vertex 44.4095 3.88344 6.5
      vertex 44.4124 3.81346 6.5
    endloop
  endfacet
  facet normal -0 0 1
    outer loop
      vertex 44.4551 4.41478 6.5
      vertex 44.6926 4.38257 6.5
      vertex 44.4694 4.46861 6.5
    endloop
  endfacet
  facet normal 0 0 1
    outer loop
      vertex 44.6606 3.77998 6.5
      vertex 44.4124 3.81346 6.5
      vertex 44.4173 3.74622 6.5
    endloop
  endfacet
  facet normal -0 0 1
    outer loop
      vertex 44.4323 4.29834 6.5
      vertex 44.6763 4.29272 6.5
      vertex 44.4427 4.35802 6.5
    endloop
  endfacet
  facet normal 0 0 1
    outer loop
      vertex 44.6648 3.72644 6.5
      vertex 44.4173 3.74622 6.5
      vertex 44.4242 3.68169 6.5
    endloop
  endfacet
  facet normal 0 0 1
    outer loop
      vertex 44.6763 4.29272 6.5
      vertex 44.4323 4.29834 6.5
      vertex 44.6699 4.24361 6.5
    endloop
  endfacet
  facet normal 0 0 1
    outer loop
      vertex 44.6701 3.67548 6.5
      vertex 44.4242 3.68169 6.5
      vertex 44.433 3.61989 6.5
    endloop
  endfacet
  facet normal 0 0 1
    outer loop
      vertex 44.4237 4.23575 6.5
      vertex 44.6699 4.24361 6.5
      vertex 44.4323 4.29834 6.5
    endloop
  endfacet
  facet normal 0 0 1
    outer loop
      vertex 44.6766 3.62709 6.5
      vertex 44.433 3.61989 6.5
      vertex 44.4437 3.56082 6.5
    endloop
  endfacet
  facet normal 0 0 1
    outer loop
      vertex 44.6699 4.24361 6.5
      vertex 44.4237 4.23575 6.5
      vertex 44.6646 4.19171 6.5
    endloop
  endfacet
  facet normal 0 0 1
    outer loop
      vertex 44.6931 3.53807 6.5
      vertex 44.4565 3.50449 6.5
      vertex 44.4712 3.45088 6.5
    endloop
  endfacet
  facet normal 0 0 1
    outer loop
      vertex 44.417 4.17023 6.5
      vertex 44.6646 4.19171 6.5
      vertex 44.4237 4.23575 6.5
    endloop
  endfacet
  facet normal 0 0 1
    outer loop
      vertex 44.7031 3.49744 6.5
      vertex 44.4712 3.45088 6.5
      vertex 44.4878 3.40001 6.5
    endloop
  endfacet
  facet normal 0 0 1
    outer loop
      vertex 44.6646 4.19171 6.5
      vertex 44.417 4.17023 6.5
      vertex 44.6606 4.13701 6.5
    endloop
  endfacet
  facet normal 0 0 1
    outer loop
      vertex 44.7267 3.42392 6.5
      vertex 44.5064 3.35185 6.5
      vertex 44.527 3.30643 6.5
    endloop
  endfacet
  facet normal 0 0 1
    outer loop
      vertex 44.4123 4.10179 6.5
      vertex 44.6606 4.13701 6.5
      vertex 44.417 4.17023 6.5
    endloop
  endfacet
  facet normal 0 0 1
    outer loop
      vertex 44.7885 3.30721 6.5
      vertex 44.6004 3.18666 6.5
      vertex 44.6287 3.15251 6.5
    endloop
  endfacet
  facet normal 0 0 1
    outer loop
      vertex 44.6606 4.13701 6.5
      vertex 44.4123 4.10179 6.5
      vertex 44.6577 4.07951 6.5
    endloop
  endfacet
  facet normal 0 0 1
    outer loop
      vertex 44.771 3.33287 6.5
      vertex 44.574 3.22377 6.5
      vertex 44.6004 3.18666 6.5
    endloop
  endfacet
  facet normal 0 0 1
    outer loop
      vertex 44.4094 4.03043 6.5
      vertex 44.6577 4.07951 6.5
      vertex 44.4123 4.10179 6.5
    endloop
  endfacet
  facet normal 0 0 1
    outer loop
      vertex 44.755 3.36075 6.5
      vertex 44.5495 3.26373 6.5
      vertex 44.574 3.22377 6.5
    endloop
  endfacet
  facet normal 0 0 1
    outer loop
      vertex 44.6577 4.07951 6.5
      vertex 44.4094 4.03043 6.5
      vertex 44.6559 4.01923 6.5
    endloop
  endfacet
  facet normal 0 0 1
    outer loop
      vertex 44.7403 3.39105 6.5
      vertex 44.527 3.30643 6.5
      vertex 44.5495 3.26373 6.5
    endloop
  endfacet
  facet normal 0 0 1
    outer loop
      vertex 44.4085 3.95615 6.5
      vertex 44.6559 4.01923 6.5
      vertex 44.4094 4.03043 6.5
    endloop
  endfacet
  facet normal 0 0 1
    outer loop
      vertex 44.7143 3.4594 6.5
      vertex 44.4878 3.40001 6.5
      vertex 44.5064 3.35185 6.5
    endloop
  endfacet
  facet normal 0 0 1
    outer loop
      vertex 44.6559 4.01923 6.5
      vertex 44.4085 3.95615 6.5
      vertex 44.6553 3.95615 6.5
    endloop
  endfacet
  facet normal 0 0 1
    outer loop
      vertex 44.6842 3.58128 6.5
      vertex 44.4437 3.56082 6.5
      vertex 44.4565 3.50449 6.5
    endloop
  endfacet
  facet normal -0 0 1
    outer loop
      vertex 46.8512 3.62523 6.5
      vertex 47.5266 3.43263 6.5
      vertex 47.5266 3.62523 6.5
    endloop
  endfacet
  facet normal 0 0 1
    outer loop
      vertex 46.626 3.43263 6.5
      vertex 46.8512 3.62523 6.5
      vertex 46.626 3.62251 6.5
    endloop
  endfacet
  facet normal 0 0 1
    outer loop
      vertex 46.8512 3.62523 6.5
      vertex 46.626 3.43263 6.5
      vertex 47.5266 3.43263 6.5
    endloop
  endfacet
  facet normal -0 0 1
    outer loop
      vertex 47.5266 4.63564 6.5
      vertex 47.7572 3.62523 6.5
      vertex 47.7572 4.91095 6.5
    endloop
  endfacet
  facet normal 0 0 1
    outer loop
      vertex 47.5266 3.62523 6.5
      vertex 47.7572 3.62523 6.5
      vertex 47.5266 4.63564 6.5
    endloop
  endfacet
  facet normal 0 0 1
    outer loop
      vertex 47.7572 3.62523 6.5
      vertex 47.5266 3.62523 6.5
      vertex 47.7572 3.43263 6.5
    endloop
  endfacet
  facet normal 0 0 1
    outer loop
      vertex 47.5266 4.63564 6.5
      vertex 47.525 4.63181 6.5
      vertex 47.526 4.63405 6.5
    endloop
  endfacet
  facet normal 0 0 1
    outer loop
      vertex 47.5266 4.63564 6.5
      vertex 47.5236 4.62892 6.5
      vertex 47.525 4.63181 6.5
    endloop
  endfacet
  facet normal 0 0 1
    outer loop
      vertex 47.5266 4.63564 6.5
      vertex 47.5197 4.62114 6.5
      vertex 47.5236 4.62892 6.5
    endloop
  endfacet
  facet normal 0 0 1
    outer loop
      vertex 47.5266 4.63564 6.5
      vertex 47.5172 4.61627 6.5
      vertex 47.5197 4.62114 6.5
    endloop
  endfacet
  facet normal 0 0 1
    outer loop
      vertex 47.5008 4.91095 6.5
      vertex 47.5172 4.61627 6.5
      vertex 47.5266 4.63564 6.5
    endloop
  endfacet
  facet normal -0 0 1
    outer loop
      vertex 47.5008 4.91095 6.5
      vertex 47.5266 4.63564 6.5
      vertex 47.7572 4.91095 6.5
    endloop
  endfacet
  facet normal 0 0 1
    outer loop
      vertex 47.5172 4.61627 6.5
      vertex 47.5008 4.91095 6.5
      vertex 47.511 4.60455 6.5
    endloop
  endfacet
  facet normal 0 0 1
    outer loop
      vertex 47.5008 4.91095 6.5
      vertex 47.4987 4.58205 6.5
      vertex 47.511 4.60455 6.5
    endloop
  endfacet
  facet normal 0 0 1
    outer loop
      vertex 47.5008 4.91095 6.5
      vertex 47.4833 4.55417 6.5
      vertex 47.4987 4.58205 6.5
    endloop
  endfacet
  facet normal 0 0 1
    outer loop
      vertex 47.5008 4.91095 6.5
      vertex 47.4782 4.54504 6.5
      vertex 47.4833 4.55417 6.5
    endloop
  endfacet
  facet normal 0 0 1
    outer loop
      vertex 47.5008 4.91095 6.5
      vertex 47.4686 4.52812 6.5
      vertex 47.4782 4.54504 6.5
    endloop
  endfacet
  facet normal 0 0 1
    outer loop
      vertex 47.5008 4.91095 6.5
      vertex 47.4641 4.52034 6.5
      vertex 47.4686 4.52812 6.5
    endloop
  endfacet
  facet normal 0 0 1
    outer loop
      vertex 47.5008 4.91095 6.5
      vertex 47.4558 4.50612 6.5
      vertex 47.4641 4.52034 6.5
    endloop
  endfacet
  facet normal 0 0 1
    outer loop
      vertex 47.5008 4.91095 6.5
      vertex 47.4519 4.49968 6.5
      vertex 47.4558 4.50612 6.5
    endloop
  endfacet
  facet normal 0 0 1
    outer loop
      vertex 47.5008 4.91095 6.5
      vertex 47.4448 4.48816 6.5
      vertex 47.4519 4.49968 6.5
    endloop
  endfacet
  facet normal 0 0 1
    outer loop
      vertex 47.5008 4.91095 6.5
      vertex 47.4416 4.48306 6.5
      vertex 47.4448 4.48816 6.5
    endloop
  endfacet
  facet normal 0 0 1
    outer loop
      vertex 47.5008 4.91095 6.5
      vertex 47.4385 4.47842 6.5
      vertex 47.4416 4.48306 6.5
    endloop
  endfacet
  facet normal 0 0 1
    outer loop
      vertex 47.5008 4.91095 6.5
      vertex 47.4357 4.47423 6.5
      vertex 47.4385 4.47842 6.5
    endloop
  endfacet
  facet normal 0 0 1
    outer loop
      vertex 46.626 3.62251 6.5
      vertex 47.4357 4.47423 6.5
      vertex 47.5008 4.91095 6.5
    endloop
  endfacet
  facet normal 0 0 1
    outer loop
      vertex 47.4357 4.47423 6.5
      vertex 46.626 3.62251 6.5
      vertex 46.9461 3.75272 6.5
    endloop
  endfacet
  facet normal 0 0 1
    outer loop
      vertex 46.9461 3.75272 6.5
      vertex 46.626 3.62251 6.5
      vertex 46.8729 3.65236 6.5
    endloop
  endfacet
  facet normal 0 0 1
    outer loop
      vertex 46.8729 3.65236 6.5
      vertex 46.626 3.62251 6.5
      vertex 46.8512 3.62523 6.5
    endloop
  endfacet
  facet normal -0 0 1
    outer loop
      vertex 47.7572 3.62523 6.5
      vertex 48.0257 3.43263 6.5
      vertex 48.0257 3.62523 6.5
    endloop
  endfacet
  facet normal 0 0 1
    outer loop
      vertex 48.0257 3.43263 6.5
      vertex 47.7572 3.62523 6.5
      vertex 47.7572 3.43263 6.5
    endloop
  endfacet
  facet normal 0 0 1
    outer loop
      vertex 47.5266 3.43263 6.5
      vertex 47.7572 3.43263 6.5
      vertex 47.5266 3.62523 6.5
    endloop
  endfacet
  facet normal 0 0 1
    outer loop
      vertex 47.7572 3.43263 6.5
      vertex 47.5266 3.43263 6.5
      vertex 47.7572 3 6.5
    endloop
  endfacet
  facet normal 0 0 1
    outer loop
      vertex 47.7572 3 6.5
      vertex 47.5266 3.43263 6.5
      vertex 47.5266 3 6.5
    endloop
  endfacet
  facet normal -0 0 1
    outer loop
      vertex 46.0623 3.29701 6.5
      vertex 46.3267 3 6.5
      vertex 46.3267 3.29701 6.5
    endloop
  endfacet
  facet normal 0 0 1
    outer loop
      vertex 46.3267 3 6.5
      vertex 46.0623 3.29701 6.5
      vertex 46.0623 3 6.5
    endloop
  endfacet
  facet normal 0.0929157 -0.995674 0
    outer loop
      vertex 45.1187 2.97438 6
      vertex 45.1666 2.97885 6.5
      vertex 45.1187 2.97438 6.5
    endloop
  endfacet
  facet normal 0.0929157 -0.995674 0
    outer loop
      vertex 45.1666 2.97885 6.5
      vertex 45.1187 2.97438 6
      vertex 45.1666 2.97885 6
    endloop
  endfacet
  facet normal 0.160841 -0.98698 0
    outer loop
      vertex 45.1666 2.97885 6
      vertex 45.2125 2.98633 6.5
      vertex 45.1666 2.97885 6.5
    endloop
  endfacet
  facet normal 0.160841 -0.98698 0
    outer loop
      vertex 45.2125 2.98633 6.5
      vertex 45.1666 2.97885 6
      vertex 45.2125 2.98633 6
    endloop
  endfacet
  facet normal 0.230367 -0.973104 0
    outer loop
      vertex 45.2125 2.98633 6
      vertex 45.2566 2.99677 6.5
      vertex 45.2125 2.98633 6.5
    endloop
  endfacet
  facet normal 0.230367 -0.973104 0
    outer loop
      vertex 45.2566 2.99677 6.5
      vertex 45.2125 2.98633 6
      vertex 45.2566 2.99677 6
    endloop
  endfacet
  facet normal 0.303708 -0.952765 0
    outer loop
      vertex 45.2566 2.99677 6
      vertex 45.2987 3.01019 6.5
      vertex 45.2566 2.99677 6.5
    endloop
  endfacet
  facet normal 0.303708 -0.952765 0
    outer loop
      vertex 45.2987 3.01019 6.5
      vertex 45.2566 2.99677 6
      vertex 45.2987 3.01019 6
    endloop
  endfacet
  facet normal 0.377326 -0.92608 0
    outer loop
      vertex 45.2987 3.01019 6
      vertex 45.339 3.02661 6.5
      vertex 45.2987 3.01019 6.5
    endloop
  endfacet
  facet normal 0.377326 -0.92608 0
    outer loop
      vertex 45.339 3.02661 6.5
      vertex 45.2987 3.01019 6
      vertex 45.339 3.02661 6
    endloop
  endfacet
  facet normal 0.451866 -0.892086 0
    outer loop
      vertex 45.339 3.02661 6
      vertex 45.3773 3.04601 6.5
      vertex 45.339 3.02661 6.5
    endloop
  endfacet
  facet normal 0.451866 -0.892086 0
    outer loop
      vertex 45.3773 3.04601 6.5
      vertex 45.339 3.02661 6
      vertex 45.3773 3.04601 6
    endloop
  endfacet
  facet normal 0.524097 -0.851658 0
    outer loop
      vertex 45.3773 3.04601 6
      vertex 45.4137 3.06841 6.5
      vertex 45.3773 3.04601 6.5
    endloop
  endfacet
  facet normal 0.524097 -0.851658 0
    outer loop
      vertex 45.4137 3.06841 6.5
      vertex 45.3773 3.04601 6
      vertex 45.4137 3.06841 6
    endloop
  endfacet
  facet normal 0.591313 -0.806442 0
    outer loop
      vertex 45.4137 3.06841 6
      vertex 45.4483 3.09378 6.5
      vertex 45.4137 3.06841 6.5
    endloop
  endfacet
  facet normal 0.591313 -0.806442 0
    outer loop
      vertex 45.4483 3.09378 6.5
      vertex 45.4137 3.06841 6
      vertex 45.4483 3.09378 6
    endloop
  endfacet
  facet normal 0.656207 -0.754581 0
    outer loop
      vertex 45.4483 3.09378 6
      vertex 45.4809 3.12213 6.5
      vertex 45.4483 3.09378 6.5
    endloop
  endfacet
  facet normal 0.656207 -0.754581 0
    outer loop
      vertex 45.4809 3.12213 6.5
      vertex 45.4483 3.09378 6
      vertex 45.4809 3.12213 6
    endloop
  endfacet
  facet normal 0.714586 -0.699547 0
    outer loop
      vertex 45.4809 3.12213 6.5
      vertex 45.5116 3.15349 6
      vertex 45.5116 3.15349 6.5
    endloop
  endfacet
  facet normal 0.714586 -0.699547 0
    outer loop
      vertex 45.5116 3.15349 6
      vertex 45.4809 3.12213 6.5
      vertex 45.4809 3.12213 6
    endloop
  endfacet
  facet normal 0.765015 -0.644012 0
    outer loop
      vertex 45.5116 3.15349 6.5
      vertex 45.5405 3.18782 6
      vertex 45.5405 3.18782 6.5
    endloop
  endfacet
  facet normal 0.765015 -0.644012 0
    outer loop
      vertex 45.5405 3.18782 6
      vertex 45.5116 3.15349 6.5
      vertex 45.5116 3.15349 6
    endloop
  endfacet
  facet normal 0.811155 -0.584832 0
    outer loop
      vertex 45.5405 3.18782 6.5
      vertex 45.5674 3.22513 6
      vertex 45.5674 3.22513 6.5
    endloop
  endfacet
  facet normal 0.811155 -0.584832 0
    outer loop
      vertex 45.5674 3.22513 6
      vertex 45.5405 3.18782 6.5
      vertex 45.5405 3.18782 6
    endloop
  endfacet
  facet normal 0.848947 -0.528478 0
    outer loop
      vertex 45.5674 3.22513 6.5
      vertex 45.5924 3.26529 6
      vertex 45.5924 3.26529 6.5
    endloop
  endfacet
  facet normal 0.848947 -0.528478 0
    outer loop
      vertex 45.5924 3.26529 6
      vertex 45.5674 3.22513 6.5
      vertex 45.5674 3.22513 6
    endloop
  endfacet
  facet normal 0.880959 -0.473192 0
    outer loop
      vertex 45.5924 3.26529 6.5
      vertex 45.6154 3.30811 6
      vertex 45.6154 3.30811 6.5
    endloop
  endfacet
  facet normal 0.880959 -0.473192 0
    outer loop
      vertex 45.6154 3.30811 6
      vertex 45.5924 3.26529 6.5
      vertex 45.5924 3.26529 6
    endloop
  endfacet
  facet normal 0.908753 -0.417335 0
    outer loop
      vertex 45.6154 3.30811 6.5
      vertex 45.6363 3.35362 6
      vertex 45.6363 3.35362 6.5
    endloop
  endfacet
  facet normal 0.908753 -0.417335 0
    outer loop
      vertex 45.6363 3.35362 6
      vertex 45.6154 3.30811 6.5
      vertex 45.6154 3.30811 6
    endloop
  endfacet
  facet normal 0.930303 -0.366793 0
    outer loop
      vertex 45.6363 3.35362 6.5
      vertex 45.6553 3.40181 6
      vertex 45.6553 3.40181 6.5
    endloop
  endfacet
  facet normal 0.930303 -0.366793 0
    outer loop
      vertex 45.6553 3.40181 6
      vertex 45.6363 3.35362 6.5
      vertex 45.6363 3.35362 6
    endloop
  endfacet
  facet normal 0.948441 -0.316955 0
    outer loop
      vertex 45.6553 3.40181 6.5
      vertex 45.6723 3.45268 6
      vertex 45.6723 3.45268 6.5
    endloop
  endfacet
  facet normal 0.948441 -0.316955 0
    outer loop
      vertex 45.6723 3.45268 6
      vertex 45.6553 3.40181 6.5
      vertex 45.6553 3.40181 6
    endloop
  endfacet
  facet normal 0.962949 -0.269683 0
    outer loop
      vertex 45.6723 3.45268 6.5
      vertex 45.6873 3.50624 6
      vertex 45.6873 3.50624 6.5
    endloop
  endfacet
  facet normal 0.962949 -0.269683 0
    outer loop
      vertex 45.6873 3.50624 6
      vertex 45.6723 3.45268 6.5
      vertex 45.6723 3.45268 6
    endloop
  endfacet
  facet normal 0.974301 -0.225252 0
    outer loop
      vertex 45.6873 3.50624 6.5
      vertex 45.7003 3.56247 6
      vertex 45.7003 3.56247 6.5
    endloop
  endfacet
  facet normal 0.974301 -0.225252 0
    outer loop
      vertex 45.7003 3.56247 6
      vertex 45.6873 3.50624 6.5
      vertex 45.6873 3.50624 6
    endloop
  endfacet
  facet normal 0.98301 -0.183553 0
    outer loop
      vertex 45.7003 3.56247 6.5
      vertex 45.7113 3.62138 6
      vertex 45.7113 3.62138 6.5
    endloop
  endfacet
  facet normal 0.98301 -0.183553 0
    outer loop
      vertex 45.7113 3.62138 6
      vertex 45.7003 3.56247 6.5
      vertex 45.7003 3.56247 6
    endloop
  endfacet
  facet normal 0.989491 -0.144592 0
    outer loop
      vertex 45.7113 3.62138 6.5
      vertex 45.7203 3.68297 6
      vertex 45.7203 3.68297 6.5
    endloop
  endfacet
  facet normal 0.989491 -0.144592 0
    outer loop
      vertex 45.7203 3.68297 6
      vertex 45.7113 3.62138 6.5
      vertex 45.7113 3.62138 6
    endloop
  endfacet
  facet normal 0.994123 -0.108259 0
    outer loop
      vertex 45.7203 3.68297 6.5
      vertex 45.7273 3.74725 6
      vertex 45.7273 3.74725 6.5
    endloop
  endfacet
  facet normal 0.994123 -0.108259 0
    outer loop
      vertex 45.7273 3.74725 6
      vertex 45.7203 3.68297 6.5
      vertex 45.7203 3.68297 6
    endloop
  endfacet
  facet normal 0.997224 -0.0744641 0
    outer loop
      vertex 45.7273 3.74725 6.5
      vertex 45.7323 3.81421 6
      vertex 45.7323 3.81421 6.5
    endloop
  endfacet
  facet normal 0.997224 -0.0744641 0
    outer loop
      vertex 45.7323 3.81421 6
      vertex 45.7273 3.74725 6.5
      vertex 45.7273 3.74725 6
    endloop
  endfacet
  facet normal 0.999073 -0.0430511 0
    outer loop
      vertex 45.7323 3.81421 6.5
      vertex 45.7353 3.88383 6
      vertex 45.7353 3.88383 6.5
    endloop
  endfacet
  facet normal 0.999073 -0.0430511 0
    outer loop
      vertex 45.7353 3.88383 6
      vertex 45.7323 3.81421 6.5
      vertex 45.7323 3.81421 6
    endloop
  endfacet
  facet normal 0.999923 -0.0124437 0
    outer loop
      vertex 45.7353 3.88383 6.5
      vertex 45.7362 3.95615 6
      vertex 45.7362 3.95615 6.5
    endloop
  endfacet
  facet normal 0.999923 -0.0124437 0
    outer loop
      vertex 45.7362 3.95615 6
      vertex 45.7353 3.88383 6.5
      vertex 45.7353 3.88383 6
    endloop
  endfacet
  facet normal 0.999925 0.012244 0
    outer loop
      vertex 45.7362 3.95615 6.5
      vertex 45.7353 4.02965 6
      vertex 45.7353 4.02965 6.5
    endloop
  endfacet
  facet normal 0.999925 0.012244 0
    outer loop
      vertex 45.7353 4.02965 6
      vertex 45.7362 3.95615 6.5
      vertex 45.7362 3.95615 6
    endloop
  endfacet
  facet normal 0.999159 0.0410071 0
    outer loop
      vertex 45.7353 4.02965 6.5
      vertex 45.7324 4.10031 6
      vertex 45.7324 4.10031 6.5
    endloop
  endfacet
  facet normal 0.999159 0.0410071 0
    outer loop
      vertex 45.7324 4.10031 6
      vertex 45.7353 4.02965 6.5
      vertex 45.7353 4.02965 6
    endloop
  endfacet
  facet normal 0.99761 0.0690947 0
    outer loop
      vertex 45.7324 4.10031 6.5
      vertex 45.7277 4.16817 6
      vertex 45.7277 4.16817 6.5
    endloop
  endfacet
  facet normal 0.99761 0.0690947 0
    outer loop
      vertex 45.7277 4.16817 6
      vertex 45.7324 4.10031 6.5
      vertex 45.7324 4.10031 6
    endloop
  endfacet
  facet normal 0.994731 0.102518 0
    outer loop
      vertex 45.7277 4.16817 6.5
      vertex 45.721 4.23318 6
      vertex 45.721 4.23318 6.5
    endloop
  endfacet
  facet normal 0.994731 0.102518 0
    outer loop
      vertex 45.721 4.23318 6
      vertex 45.7277 4.16817 6.5
      vertex 45.7277 4.16817 6
    endloop
  endfacet
  facet normal 0.990791 0.135398 0
    outer loop
      vertex 45.721 4.23318 6.5
      vertex 45.7125 4.29538 6
      vertex 45.7125 4.29538 6.5
    endloop
  endfacet
  facet normal 0.990791 0.135398 0
    outer loop
      vertex 45.7125 4.29538 6
      vertex 45.721 4.23318 6.5
      vertex 45.721 4.23318 6
    endloop
  endfacet
  facet normal 0.984718 0.174154 0
    outer loop
      vertex 45.7125 4.29538 6.5
      vertex 45.702 4.35475 6
      vertex 45.702 4.35475 6.5
    endloop
  endfacet
  facet normal 0.984718 0.174154 0
    outer loop
      vertex 45.702 4.35475 6
      vertex 45.7125 4.29538 6.5
      vertex 45.7125 4.29538 6
    endloop
  endfacet
  facet normal 0.976785 0.214222 0
    outer loop
      vertex 45.702 4.35475 6.5
      vertex 45.6896 4.41129 6
      vertex 45.6896 4.41129 6.5
    endloop
  endfacet
  facet normal 0.976785 0.214222 0
    outer loop
      vertex 45.6896 4.41129 6
      vertex 45.702 4.35475 6.5
      vertex 45.702 4.35475 6
    endloop
  endfacet
  facet normal 0.966794 0.255556 0
    outer loop
      vertex 45.6896 4.41129 6.5
      vertex 45.6754 4.46501 6
      vertex 45.6754 4.46501 6.5
    endloop
  endfacet
  facet normal 0.966794 0.255556 0
    outer loop
      vertex 45.6754 4.46501 6
      vertex 45.6896 4.41129 6.5
      vertex 45.6896 4.41129 6
    endloop
  endfacet
  facet normal 0.952884 0.303335 0
    outer loop
      vertex 45.6754 4.46501 6.5
      vertex 45.6592 4.5159 6
      vertex 45.6592 4.5159 6.5
    endloop
  endfacet
  facet normal 0.952884 0.303335 0
    outer loop
      vertex 45.6592 4.5159 6
      vertex 45.6754 4.46501 6.5
      vertex 45.6754 4.46501 6
    endloop
  endfacet
  facet normal 0.936521 0.350611 0
    outer loop
      vertex 45.6592 4.5159 6.5
      vertex 45.6412 4.56398 6
      vertex 45.6412 4.56398 6.5
    endloop
  endfacet
  facet normal 0.936521 0.350611 0
    outer loop
      vertex 45.6412 4.56398 6
      vertex 45.6592 4.5159 6.5
      vertex 45.6592 4.5159 6
    endloop
  endfacet
  facet normal 0.91461 0.404337 0
    outer loop
      vertex 45.6412 4.56398 6.5
      vertex 45.6212 4.60922 6
      vertex 45.6212 4.60922 6.5
    endloop
  endfacet
  facet normal 0.91461 0.404337 0
    outer loop
      vertex 45.6212 4.60922 6
      vertex 45.6412 4.56398 6.5
      vertex 45.6412 4.56398 6
    endloop
  endfacet
  facet normal 0.888571 0.458739 0
    outer loop
      vertex 45.6212 4.60922 6.5
      vertex 45.5993 4.65164 6
      vertex 45.5993 4.65164 6.5
    endloop
  endfacet
  facet normal 0.888571 0.458739 0
    outer loop
      vertex 45.5993 4.65164 6
      vertex 45.6212 4.60922 6.5
      vertex 45.6212 4.60922 6
    endloop
  endfacet
  facet normal 0.857111 0.515132 0
    outer loop
      vertex 45.5993 4.65164 6.5
      vertex 45.5755 4.69124 6
      vertex 45.5755 4.69124 6.5
    endloop
  endfacet
  facet normal 0.857111 0.515132 0
    outer loop
      vertex 45.5755 4.69124 6
      vertex 45.5993 4.65164 6.5
      vertex 45.5993 4.65164 6
    endloop
  endfacet
  facet normal 0.8192 0.573507 0
    outer loop
      vertex 45.5755 4.69124 6.5
      vertex 45.5498 4.72795 6
      vertex 45.5498 4.72795 6.5
    endloop
  endfacet
  facet normal 0.8192 0.573507 0
    outer loop
      vertex 45.5498 4.72795 6
      vertex 45.5755 4.69124 6.5
      vertex 45.5755 4.69124 6
    endloop
  endfacet
  facet normal 0.77102 0.636811 0
    outer loop
      vertex 45.5498 4.72795 6.5
      vertex 45.5219 4.76173 6
      vertex 45.5219 4.76173 6.5
    endloop
  endfacet
  facet normal 0.77102 0.636811 0
    outer loop
      vertex 45.5219 4.76173 6
      vertex 45.5498 4.72795 6.5
      vertex 45.5498 4.72795 6
    endloop
  endfacet
  facet normal 0.716801 0.697278 0
    outer loop
      vertex 45.5219 4.76173 6.5
      vertex 45.4919 4.79257 6
      vertex 45.4919 4.79257 6.5
    endloop
  endfacet
  facet normal 0.716801 0.697278 0
    outer loop
      vertex 45.4919 4.79257 6
      vertex 45.5219 4.76173 6.5
      vertex 45.5219 4.76173 6
    endloop
  endfacet
  facet normal 0.65717 0.753743 -0
    outer loop
      vertex 45.4919 4.79257 6
      vertex 45.4599 4.82047 6.5
      vertex 45.4919 4.79257 6.5
    endloop
  endfacet
  facet normal 0.65717 0.753743 0
    outer loop
      vertex 45.4599 4.82047 6.5
      vertex 45.4919 4.79257 6
      vertex 45.4599 4.82047 6
    endloop
  endfacet
  facet normal 0.589673 0.807642 -0
    outer loop
      vertex 45.4599 4.82047 6
      vertex 45.4257 4.84544 6.5
      vertex 45.4599 4.82047 6.5
    endloop
  endfacet
  facet normal 0.589673 0.807642 0
    outer loop
      vertex 45.4257 4.84544 6.5
      vertex 45.4599 4.82047 6
      vertex 45.4257 4.84544 6
    endloop
  endfacet
  facet normal 0.519692 0.854353 -0
    outer loop
      vertex 45.4257 4.84544 6
      vertex 45.3895 4.86746 6.5
      vertex 45.4257 4.84544 6.5
    endloop
  endfacet
  facet normal 0.519692 0.854353 0
    outer loop
      vertex 45.3895 4.86746 6.5
      vertex 45.4257 4.84544 6
      vertex 45.3895 4.86746 6
    endloop
  endfacet
  facet normal 0.445534 0.895265 -0
    outer loop
      vertex 45.3895 4.86746 6
      vertex 45.3511 4.88657 6.5
      vertex 45.3895 4.86746 6.5
    endloop
  endfacet
  facet normal 0.445534 0.895265 0
    outer loop
      vertex 45.3511 4.88657 6.5
      vertex 45.3895 4.86746 6
      vertex 45.3511 4.88657 6
    endloop
  endfacet
  facet normal 0.370994 0.928635 -0
    outer loop
      vertex 45.3511 4.88657 6
      vertex 45.3107 4.90271 6.5
      vertex 45.3511 4.88657 6.5
    endloop
  endfacet
  facet normal 0.370994 0.928635 0
    outer loop
      vertex 45.3107 4.90271 6.5
      vertex 45.3511 4.88657 6
      vertex 45.3107 4.90271 6
    endloop
  endfacet
  facet normal 0.297226 0.954807 -0
    outer loop
      vertex 45.3107 4.90271 6
      vertex 45.2682 4.91594 6.5
      vertex 45.3107 4.90271 6.5
    endloop
  endfacet
  facet normal 0.297226 0.954807 0
    outer loop
      vertex 45.2682 4.91594 6.5
      vertex 45.3107 4.90271 6
      vertex 45.2682 4.91594 6
    endloop
  endfacet
  facet normal 0.224397 0.974498 -0
    outer loop
      vertex 45.2682 4.91594 6
      vertex 45.2236 4.92621 6.5
      vertex 45.2682 4.91594 6.5
    endloop
  endfacet
  facet normal 0.224397 0.974498 0
    outer loop
      vertex 45.2236 4.92621 6.5
      vertex 45.2682 4.91594 6
      vertex 45.2236 4.92621 6
    endloop
  endfacet
  facet normal 0.15515 0.987891 -0
    outer loop
      vertex 45.2236 4.92621 6
      vertex 45.1768 4.93356 6.5
      vertex 45.2236 4.92621 6.5
    endloop
  endfacet
  facet normal 0.15515 0.987891 0
    outer loop
      vertex 45.1768 4.93356 6.5
      vertex 45.2236 4.92621 6
      vertex 45.1768 4.93356 6
    endloop
  endfacet
  facet normal 0.0897997 0.99596 -0
    outer loop
      vertex 45.1768 4.93356 6
      vertex 45.128 4.93796 6.5
      vertex 45.1768 4.93356 6.5
    endloop
  endfacet
  facet normal 0.0897997 0.99596 0
    outer loop
      vertex 45.128 4.93796 6.5
      vertex 45.1768 4.93356 6
      vertex 45.128 4.93796 6
    endloop
  endfacet
  facet normal 0.0290643 0.999578 -0
    outer loop
      vertex 45.128 4.93796 6
      vertex 45.0771 4.93944 6.5
      vertex 45.128 4.93796 6.5
    endloop
  endfacet
  facet normal 0.0290643 0.999578 0
    outer loop
      vertex 45.0771 4.93944 6.5
      vertex 45.128 4.93796 6
      vertex 45.0771 4.93944 6
    endloop
  endfacet
  facet normal -0.028096 0.999605 0
    outer loop
      vertex 45.0771 4.93944 6
      vertex 45.0248 4.93797 6.5
      vertex 45.0771 4.93944 6.5
    endloop
  endfacet
  facet normal -0.028096 0.999605 0
    outer loop
      vertex 45.0248 4.93797 6.5
      vertex 45.0771 4.93944 6
      vertex 45.0248 4.93797 6
    endloop
  endfacet
  facet normal -0.0865009 0.996252 0
    outer loop
      vertex 45.0248 4.93797 6
      vertex 44.9747 4.93362 6.5
      vertex 45.0248 4.93797 6.5
    endloop
  endfacet
  facet normal -0.0865009 0.996252 0
    outer loop
      vertex 44.9747 4.93362 6.5
      vertex 45.0248 4.93797 6
      vertex 44.9747 4.93362 6
    endloop
  endfacet
  facet normal -0.149854 0.988708 0
    outer loop
      vertex 44.9747 4.93362 6
      vertex 44.9268 4.92636 6.5
      vertex 44.9747 4.93362 6.5
    endloop
  endfacet
  facet normal -0.149854 0.988708 0
    outer loop
      vertex 44.9268 4.92636 6.5
      vertex 44.9747 4.93362 6
      vertex 44.9268 4.92636 6
    endloop
  endfacet
  facet normal -0.217021 0.976167 0
    outer loop
      vertex 44.9268 4.92636 6
      vertex 44.8811 4.9162 6.5
      vertex 44.9268 4.92636 6.5
    endloop
  endfacet
  facet normal -0.217021 0.976167 0
    outer loop
      vertex 44.8811 4.9162 6.5
      vertex 44.9268 4.92636 6
      vertex 44.8811 4.9162 6
    endloop
  endfacet
  facet normal -0.287954 0.957644 0
    outer loop
      vertex 44.8811 4.9162 6
      vertex 44.8376 4.90312 6.5
      vertex 44.8811 4.9162 6.5
    endloop
  endfacet
  facet normal -0.287954 0.957644 0
    outer loop
      vertex 44.8376 4.90312 6.5
      vertex 44.8811 4.9162 6
      vertex 44.8376 4.90312 6
    endloop
  endfacet
  facet normal -0.361419 0.932403 0
    outer loop
      vertex 44.8376 4.90312 6
      vertex 44.7964 4.88715 6.5
      vertex 44.8376 4.90312 6.5
    endloop
  endfacet
  facet normal -0.361419 0.932403 0
    outer loop
      vertex 44.7964 4.88715 6.5
      vertex 44.8376 4.90312 6
      vertex 44.7964 4.88715 6
    endloop
  endfacet
  facet normal -0.435013 0.900424 0
    outer loop
      vertex 44.7964 4.88715 6
      vertex 44.7573 4.86826 6.5
      vertex 44.7964 4.88715 6.5
    endloop
  endfacet
  facet normal -0.435013 0.900424 0
    outer loop
      vertex 44.7573 4.86826 6.5
      vertex 44.7964 4.88715 6
      vertex 44.7573 4.86826 6
    endloop
  endfacet
  facet normal -0.508478 0.861075 0
    outer loop
      vertex 44.7573 4.86826 6
      vertex 44.7204 4.84647 6.5
      vertex 44.7573 4.86826 6.5
    endloop
  endfacet
  facet normal -0.508478 0.861075 0
    outer loop
      vertex 44.7204 4.84647 6.5
      vertex 44.7573 4.86826 6
      vertex 44.7204 4.84647 6
    endloop
  endfacet
  facet normal -0.58086 0.814004 0
    outer loop
      vertex 44.7204 4.84647 6
      vertex 44.6858 4.82178 6.5
      vertex 44.7204 4.84647 6.5
    endloop
  endfacet
  facet normal -0.58086 0.814004 0
    outer loop
      vertex 44.6858 4.82178 6.5
      vertex 44.7204 4.84647 6
      vertex 44.6858 4.82178 6
    endloop
  endfacet
  facet normal -0.647444 0.762113 0
    outer loop
      vertex 44.6858 4.82178 6
      vertex 44.6533 4.79417 6.5
      vertex 44.6858 4.82178 6.5
    endloop
  endfacet
  facet normal -0.647444 0.762113 0
    outer loop
      vertex 44.6533 4.79417 6.5
      vertex 44.6858 4.82178 6
      vertex 44.6533 4.79417 6
    endloop
  endfacet
  facet normal -0.710593 0.703603 0
    outer loop
      vertex 44.6231 4.76367 6
      vertex 44.6533 4.79417 6.5
      vertex 44.6533 4.79417 6
    endloop
  endfacet
  facet normal -0.710593 0.703603 0
    outer loop
      vertex 44.6533 4.79417 6.5
      vertex 44.6231 4.76367 6
      vertex 44.6231 4.76367 6.5
    endloop
  endfacet
  facet normal -0.765208 0.643783 0
    outer loop
      vertex 44.595 4.73027 6
      vertex 44.6231 4.76367 6.5
      vertex 44.6231 4.76367 6
    endloop
  endfacet
  facet normal -0.765208 0.643783 0
    outer loop
      vertex 44.6231 4.76367 6.5
      vertex 44.595 4.73027 6
      vertex 44.595 4.73027 6.5
    endloop
  endfacet
  facet normal -0.815247 0.579113 0
    outer loop
      vertex 44.5692 4.69395 6
      vertex 44.595 4.73027 6.5
      vertex 44.595 4.73027 6
    endloop
  endfacet
  facet normal -0.815247 0.579113 0
    outer loop
      vertex 44.595 4.73027 6.5
      vertex 44.5692 4.69395 6
      vertex 44.5692 4.69395 6.5
    endloop
  endfacet
  facet normal -0.854964 0.518688 0
    outer loop
      vertex 44.5454 4.65472 6
      vertex 44.5692 4.69395 6.5
      vertex 44.5692 4.69395 6
    endloop
  endfacet
  facet normal -0.854964 0.518688 0
    outer loop
      vertex 44.5692 4.69395 6.5
      vertex 44.5454 4.65472 6
      vertex 44.5454 4.65472 6.5
    endloop
  endfacet
  facet normal -0.888188 0.45948 0
    outer loop
      vertex 44.5236 4.61258 6
      vertex 44.5454 4.65472 6.5
      vertex 44.5454 4.65472 6
    endloop
  endfacet
  facet normal -0.888188 0.45948 0
    outer loop
      vertex 44.5454 4.65472 6.5
      vertex 44.5236 4.61258 6
      vertex 44.5236 4.61258 6.5
    endloop
  endfacet
  facet normal -0.914079 0.405536 0
    outer loop
      vertex 44.5036 4.5675 6
      vertex 44.5236 4.61258 6.5
      vertex 44.5236 4.61258 6
    endloop
  endfacet
  facet normal -0.914079 0.405536 0
    outer loop
      vertex 44.5236 4.61258 6.5
      vertex 44.5036 4.5675 6
      vertex 44.5036 4.5675 6.5
    endloop
  endfacet
  facet normal -0.935638 0.352961 0
    outer loop
      vertex 44.4855 4.51952 6
      vertex 44.5036 4.5675 6.5
      vertex 44.5036 4.5675 6
    endloop
  endfacet
  facet normal -0.935638 0.352961 0
    outer loop
      vertex 44.5036 4.5675 6.5
      vertex 44.4855 4.51952 6
      vertex 44.4855 4.51952 6.5
    endloop
  endfacet
  facet normal -0.953458 0.301526 0
    outer loop
      vertex 44.4694 4.46861 6
      vertex 44.4855 4.51952 6.5
      vertex 44.4855 4.51952 6
    endloop
  endfacet
  facet normal -0.953458 0.301526 0
    outer loop
      vertex 44.4855 4.51952 6.5
      vertex 44.4694 4.46861 6
      vertex 44.4694 4.46861 6.5
    endloop
  endfacet
  facet normal -0.966479 0.256746 0
    outer loop
      vertex 44.4551 4.41478 6
      vertex 44.4694 4.46861 6.5
      vertex 44.4694 4.46861 6
    endloop
  endfacet
  facet normal -0.966479 0.256746 0
    outer loop
      vertex 44.4694 4.46861 6.5
      vertex 44.4551 4.41478 6
      vertex 44.4551 4.41478 6.5
    endloop
  endfacet
  facet normal -0.976958 0.21343 0
    outer loop
      vertex 44.4427 4.35802 6
      vertex 44.4551 4.41478 6.5
      vertex 44.4551 4.41478 6
    endloop
  endfacet
  facet normal -0.976958 0.21343 0
    outer loop
      vertex 44.4551 4.41478 6.5
      vertex 44.4427 4.35802 6
      vertex 44.4427 4.35802 6.5
    endloop
  endfacet
  facet normal -0.985154 0.171676 0
    outer loop
      vertex 44.4323 4.29834 6
      vertex 44.4427 4.35802 6.5
      vertex 44.4427 4.35802 6
    endloop
  endfacet
  facet normal -0.985154 0.171676 0
    outer loop
      vertex 44.4427 4.35802 6.5
      vertex 44.4323 4.29834 6
      vertex 44.4323 4.29834 6.5
    endloop
  endfacet
  facet normal -0.990692 0.136123 0
    outer loop
      vertex 44.4237 4.23575 6
      vertex 44.4323 4.29834 6.5
      vertex 44.4323 4.29834 6
    endloop
  endfacet
  facet normal -0.990692 0.136123 0
    outer loop
      vertex 44.4323 4.29834 6.5
      vertex 44.4237 4.23575 6
      vertex 44.4237 4.23575 6.5
    endloop
  endfacet
  facet normal -0.994812 0.101728 0
    outer loop
      vertex 44.417 4.17023 6
      vertex 44.4237 4.23575 6.5
      vertex 44.4237 4.23575 6
    endloop
  endfacet
  facet normal -0.994812 0.101728 0
    outer loop
      vertex 44.4237 4.23575 6.5
      vertex 44.417 4.17023 6
      vertex 44.417 4.17023 6.5
    endloop
  endfacet
  facet normal -0.99765 0.0685119 0
    outer loop
      vertex 44.4123 4.10179 6
      vertex 44.417 4.17023 6.5
      vertex 44.417 4.17023 6
    endloop
  endfacet
  facet normal -0.99765 0.0685119 0
    outer loop
      vertex 44.417 4.17023 6.5
      vertex 44.4123 4.10179 6
      vertex 44.4123 4.10179 6.5
    endloop
  endfacet
  facet normal -0.999175 0.0406055 0
    outer loop
      vertex 44.4094 4.03043 6
      vertex 44.4123 4.10179 6.5
      vertex 44.4123 4.10179 6
    endloop
  endfacet
  facet normal -0.999175 0.0406055 0
    outer loop
      vertex 44.4123 4.10179 6.5
      vertex 44.4094 4.03043 6
      vertex 44.4094 4.03043 6.5
    endloop
  endfacet
  facet normal -0.999927 0.0121154 0
    outer loop
      vertex 44.4085 3.95615 6
      vertex 44.4094 4.03043 6.5
      vertex 44.4094 4.03043 6
    endloop
  endfacet
  facet normal -0.999927 0.0121154 0
    outer loop
      vertex 44.4094 4.03043 6.5
      vertex 44.4085 3.95615 6
      vertex 44.4085 3.95615 6.5
    endloop
  endfacet
  facet normal -0.999905 -0.013752 0
    outer loop
      vertex 44.4095 3.88344 6
      vertex 44.4085 3.95615 6.5
      vertex 44.4085 3.95615 6
    endloop
  endfacet
  facet normal -0.999905 -0.013752 0
    outer loop
      vertex 44.4085 3.95615 6.5
      vertex 44.4095 3.88344 6
      vertex 44.4095 3.88344 6.5
    endloop
  endfacet
  facet normal -0.999142 -0.0414049 0
    outer loop
      vertex 44.4124 3.81346 6
      vertex 44.4095 3.88344 6.5
      vertex 44.4095 3.88344 6
    endloop
  endfacet
  facet normal -0.999142 -0.0414049 0
    outer loop
      vertex 44.4095 3.88344 6.5
      vertex 44.4124 3.81346 6
      vertex 44.4124 3.81346 6.5
    endloop
  endfacet
  facet normal -0.997355 -0.0726806 0
    outer loop
      vertex 44.4173 3.74622 6
      vertex 44.4124 3.81346 6.5
      vertex 44.4124 3.81346 6
    endloop
  endfacet
  facet normal -0.997355 -0.0726806 0
    outer loop
      vertex 44.4124 3.81346 6.5
      vertex 44.4173 3.74622 6
      vertex 44.4173 3.74622 6.5
    endloop
  endfacet
  facet normal -0.994332 -0.106321 0
    outer loop
      vertex 44.4242 3.68169 6
      vertex 44.4173 3.74622 6.5
      vertex 44.4173 3.74622 6
    endloop
  endfacet
  facet normal -0.994332 -0.106321 0
    outer loop
      vertex 44.4173 3.74622 6.5
      vertex 44.4242 3.68169 6
      vertex 44.4242 3.68169 6.5
    endloop
  endfacet
  facet normal -0.990013 -0.140973 0
    outer loop
      vertex 44.433 3.61989 6
      vertex 44.4242 3.68169 6.5
      vertex 44.4242 3.68169 6
    endloop
  endfacet
  facet normal -0.990013 -0.140973 0
    outer loop
      vertex 44.4242 3.68169 6.5
      vertex 44.433 3.61989 6
      vertex 44.433 3.61989 6.5
    endloop
  endfacet
  facet normal -0.983987 -0.17824 0
    outer loop
      vertex 44.4437 3.56082 6
      vertex 44.433 3.61989 6.5
      vertex 44.433 3.61989 6
    endloop
  endfacet
  facet normal -0.983987 -0.17824 0
    outer loop
      vertex 44.433 3.61989 6.5
      vertex 44.4437 3.56082 6
      vertex 44.4437 3.56082 6.5
    endloop
  endfacet
  facet normal -0.975141 -0.221584 0
    outer loop
      vertex 44.4565 3.50449 6
      vertex 44.4437 3.56082 6.5
      vertex 44.4437 3.56082 6
    endloop
  endfacet
  facet normal -0.975141 -0.221584 0
    outer loop
      vertex 44.4437 3.56082 6.5
      vertex 44.4565 3.50449 6
      vertex 44.4565 3.50449 6.5
    endloop
  endfacet
  facet normal -0.964402 -0.264441 0
    outer loop
      vertex 44.4712 3.45088 6
      vertex 44.4565 3.50449 6.5
      vertex 44.4565 3.50449 6
    endloop
  endfacet
  facet normal -0.964402 -0.264441 0
    outer loop
      vertex 44.4565 3.50449 6.5
      vertex 44.4712 3.45088 6
      vertex 44.4712 3.45088 6.5
    endloop
  endfacet
  facet normal -0.950664 -0.310223 0
    outer loop
      vertex 44.4878 3.40001 6
      vertex 44.4712 3.45088 6.5
      vertex 44.4712 3.45088 6
    endloop
  endfacet
  facet normal -0.950664 -0.310223 0
    outer loop
      vertex 44.4712 3.45088 6.5
      vertex 44.4878 3.40001 6
      vertex 44.4878 3.40001 6.5
    endloop
  endfacet
  facet normal -0.932845 -0.360277 0
    outer loop
      vertex 44.5064 3.35185 6
      vertex 44.4878 3.40001 6.5
      vertex 44.4878 3.40001 6
    endloop
  endfacet
  facet normal -0.932845 -0.360277 0
    outer loop
      vertex 44.4878 3.40001 6.5
      vertex 44.5064 3.35185 6
      vertex 44.5064 3.35185 6.5
    endloop
  endfacet
  facet normal -0.91071 -0.413047 0
    outer loop
      vertex 44.527 3.30643 6
      vertex 44.5064 3.35185 6.5
      vertex 44.5064 3.35185 6
    endloop
  endfacet
  facet normal -0.91071 -0.413047 0
    outer loop
      vertex 44.5064 3.35185 6.5
      vertex 44.527 3.30643 6
      vertex 44.527 3.30643 6.5
    endloop
  endfacet
  facet normal -0.884693 -0.466173 0
    outer loop
      vertex 44.5495 3.26373 6
      vertex 44.527 3.30643 6.5
      vertex 44.527 3.30643 6
    endloop
  endfacet
  facet normal -0.884693 -0.466173 0
    outer loop
      vertex 44.527 3.30643 6.5
      vertex 44.5495 3.26373 6
      vertex 44.5495 3.26373 6.5
    endloop
  endfacet
  facet normal -0.852522 -0.522692 0
    outer loop
      vertex 44.574 3.22377 6
      vertex 44.5495 3.26373 6.5
      vertex 44.5495 3.26373 6
    endloop
  endfacet
  facet normal -0.852522 -0.522692 0
    outer loop
      vertex 44.5495 3.26373 6.5
      vertex 44.574 3.22377 6
      vertex 44.574 3.22377 6.5
    endloop
  endfacet
  facet normal -0.814845 -0.579679 0
    outer loop
      vertex 44.6004 3.18666 6
      vertex 44.574 3.22377 6.5
      vertex 44.574 3.22377 6
    endloop
  endfacet
  facet normal -0.814845 -0.579679 0
    outer loop
      vertex 44.574 3.22377 6.5
      vertex 44.6004 3.18666 6
      vertex 44.6004 3.18666 6.5
    endloop
  endfacet
  facet normal -0.769974 -0.638075 0
    outer loop
      vertex 44.6287 3.15251 6
      vertex 44.6004 3.18666 6.5
      vertex 44.6004 3.18666 6
    endloop
  endfacet
  facet normal -0.769974 -0.638075 0
    outer loop
      vertex 44.6004 3.18666 6.5
      vertex 44.6287 3.15251 6
      vertex 44.6287 3.15251 6.5
    endloop
  endfacet
  facet normal -0.715894 -0.698209 0
    outer loop
      vertex 44.6591 3.12134 6
      vertex 44.6287 3.15251 6.5
      vertex 44.6287 3.15251 6
    endloop
  endfacet
  facet normal -0.715894 -0.698209 0
    outer loop
      vertex 44.6287 3.15251 6.5
      vertex 44.6591 3.12134 6
      vertex 44.6591 3.12134 6.5
    endloop
  endfacet
  facet normal -0.6591 -0.752056 0
    outer loop
      vertex 44.6591 3.12134 6
      vertex 44.6913 3.09312 6.5
      vertex 44.6591 3.12134 6.5
    endloop
  endfacet
  facet normal -0.6591 -0.752056 -0
    outer loop
      vertex 44.6913 3.09312 6.5
      vertex 44.6591 3.12134 6
      vertex 44.6913 3.09312 6
    endloop
  endfacet
  facet normal -0.593656 -0.804719 0
    outer loop
      vertex 44.6913 3.09312 6
      vertex 44.7255 3.06789 6.5
      vertex 44.6913 3.09312 6.5
    endloop
  endfacet
  facet normal -0.593656 -0.804719 -0
    outer loop
      vertex 44.7255 3.06789 6.5
      vertex 44.6913 3.09312 6
      vertex 44.7255 3.06789 6
    endloop
  endfacet
  facet normal -0.525031 -0.851083 0
    outer loop
      vertex 44.7255 3.06789 6
      vertex 44.7616 3.04562 6.5
      vertex 44.7255 3.06789 6.5
    endloop
  endfacet
  facet normal -0.525031 -0.851083 -0
    outer loop
      vertex 44.7616 3.04562 6.5
      vertex 44.7255 3.06789 6
      vertex 44.7616 3.04562 6
    endloop
  endfacet
  facet normal -0.45189 -0.892074 0
    outer loop
      vertex 44.7616 3.04562 6
      vertex 44.7997 3.02632 6.5
      vertex 44.7616 3.04562 6.5
    endloop
  endfacet
  facet normal -0.45189 -0.892074 -0
    outer loop
      vertex 44.7997 3.02632 6.5
      vertex 44.7616 3.04562 6
      vertex 44.7997 3.02632 6
    endloop
  endfacet
  facet normal -0.377966 -0.92582 0
    outer loop
      vertex 44.7997 3.02632 6
      vertex 44.8397 3.00999 6.5
      vertex 44.7997 3.02632 6.5
    endloop
  endfacet
  facet normal -0.377966 -0.92582 -0
    outer loop
      vertex 44.8397 3.00999 6.5
      vertex 44.7997 3.02632 6
      vertex 44.8397 3.00999 6
    endloop
  endfacet
  facet normal -0.302923 -0.953015 0
    outer loop
      vertex 44.8397 3.00999 6
      vertex 44.8817 2.99664 6.5
      vertex 44.8397 3.00999 6.5
    endloop
  endfacet
  facet normal -0.302923 -0.953015 -0
    outer loop
      vertex 44.8817 2.99664 6.5
      vertex 44.8397 3.00999 6
      vertex 44.8817 2.99664 6
    endloop
  endfacet
  facet normal -0.230312 -0.973117 0
    outer loop
      vertex 44.8817 2.99664 6
      vertex 44.9256 2.98625 6.5
      vertex 44.8817 2.99664 6.5
    endloop
  endfacet
  facet normal -0.230312 -0.973117 -0
    outer loop
      vertex 44.9256 2.98625 6.5
      vertex 44.8817 2.99664 6
      vertex 44.9256 2.98625 6
    endloop
  endfacet
  facet normal -0.159794 -0.98715 0
    outer loop
      vertex 44.9256 2.98625 6
      vertex 44.9715 2.97882 6.5
      vertex 44.9256 2.98625 6.5
    endloop
  endfacet
  facet normal -0.159794 -0.98715 -0
    outer loop
      vertex 44.9715 2.97882 6.5
      vertex 44.9256 2.98625 6
      vertex 44.9715 2.97882 6
    endloop
  endfacet
  facet normal -0.0926954 -0.995695 0
    outer loop
      vertex 44.9715 2.97882 6
      vertex 45.0193 2.97437 6.5
      vertex 44.9715 2.97882 6.5
    endloop
  endfacet
  facet normal -0.0926954 -0.995695 -0
    outer loop
      vertex 45.0193 2.97437 6.5
      vertex 44.9715 2.97882 6
      vertex 45.0193 2.97437 6
    endloop
  endfacet
  facet normal -0.0297655 -0.999557 0
    outer loop
      vertex 45.0193 2.97437 6
      vertex 45.069 2.97289 6.5
      vertex 45.0193 2.97437 6.5
    endloop
  endfacet
  facet normal -0.0297655 -0.999557 -0
    outer loop
      vertex 45.069 2.97289 6.5
      vertex 45.0193 2.97437 6
      vertex 45.069 2.97289 6
    endloop
  endfacet
  facet normal 0.0299664 -0.999551 0
    outer loop
      vertex 45.069 2.97289 6
      vertex 45.1187 2.97438 6.5
      vertex 45.069 2.97289 6.5
    endloop
  endfacet
  facet normal 0.0299664 -0.999551 0
    outer loop
      vertex 45.1187 2.97438 6.5
      vertex 45.069 2.97289 6
      vertex 45.1187 2.97438 6
    endloop
  endfacet
  facet normal 0.106107 0.994355 -0
    outer loop
      vertex 45.039 3.17336 6
      vertex 45.0077 3.1767 6.5
      vertex 45.039 3.17336 6.5
    endloop
  endfacet
  facet normal 0.106107 0.994355 0
    outer loop
      vertex 45.0077 3.1767 6.5
      vertex 45.039 3.17336 6
      vertex 45.0077 3.1767 6
    endloop
  endfacet
  facet normal 0.183137 0.983087 -0
    outer loop
      vertex 45.0077 3.1767 6
      vertex 44.9778 3.18227 6.5
      vertex 45.0077 3.1767 6.5
    endloop
  endfacet
  facet normal 0.183137 0.983087 0
    outer loop
      vertex 44.9778 3.18227 6.5
      vertex 45.0077 3.1767 6
      vertex 44.9778 3.18227 6
    endloop
  endfacet
  facet normal 0.264291 0.964443 -0
    outer loop
      vertex 44.9778 3.18227 6
      vertex 44.9493 3.19008 6.5
      vertex 44.9778 3.18227 6.5
    endloop
  endfacet
  facet normal 0.264291 0.964443 0
    outer loop
      vertex 44.9493 3.19008 6.5
      vertex 44.9778 3.18227 6
      vertex 44.9493 3.19008 6
    endloop
  endfacet
  facet normal 0.346281 0.938131 -0
    outer loop
      vertex 44.9493 3.19008 6
      vertex 44.9221 3.20012 6.5
      vertex 44.9493 3.19008 6.5
    endloop
  endfacet
  facet normal 0.346281 0.938131 0
    outer loop
      vertex 44.9221 3.20012 6.5
      vertex 44.9493 3.19008 6
      vertex 44.9221 3.20012 6
    endloop
  endfacet
  facet normal 0.430847 0.902425 -0
    outer loop
      vertex 44.9221 3.20012 6
      vertex 44.8964 3.21239 6.5
      vertex 44.9221 3.20012 6.5
    endloop
  endfacet
  facet normal 0.430847 0.902425 0
    outer loop
      vertex 44.8964 3.21239 6.5
      vertex 44.9221 3.20012 6
      vertex 44.8964 3.21239 6
    endloop
  endfacet
  facet normal 0.511125 0.859507 -0
    outer loop
      vertex 44.8964 3.21239 6
      vertex 44.872 3.2269 6.5
      vertex 44.8964 3.21239 6.5
    endloop
  endfacet
  facet normal 0.511125 0.859507 0
    outer loop
      vertex 44.872 3.2269 6.5
      vertex 44.8964 3.21239 6
      vertex 44.872 3.2269 6
    endloop
  endfacet
  facet normal 0.588004 0.808858 -0
    outer loop
      vertex 44.872 3.2269 6
      vertex 44.849 3.24362 6.5
      vertex 44.872 3.2269 6.5
    endloop
  endfacet
  facet normal 0.588004 0.808858 0
    outer loop
      vertex 44.849 3.24362 6.5
      vertex 44.872 3.2269 6
      vertex 44.849 3.24362 6
    endloop
  endfacet
  facet normal 0.66161 0.749848 -0
    outer loop
      vertex 44.849 3.24362 6
      vertex 44.8275 3.26259 6.5
      vertex 44.849 3.24362 6.5
    endloop
  endfacet
  facet normal 0.66161 0.749848 0
    outer loop
      vertex 44.8275 3.26259 6.5
      vertex 44.849 3.24362 6
      vertex 44.8275 3.26259 6
    endloop
  endfacet
  facet normal 0.723813 0.689996 0
    outer loop
      vertex 44.8275 3.26259 6.5
      vertex 44.8073 3.28378 6
      vertex 44.8073 3.28378 6.5
    endloop
  endfacet
  facet normal 0.723813 0.689996 0
    outer loop
      vertex 44.8073 3.28378 6
      vertex 44.8275 3.26259 6.5
      vertex 44.8275 3.26259 6
    endloop
  endfacet
  facet normal 0.779959 0.625831 0
    outer loop
      vertex 44.8073 3.28378 6.5
      vertex 44.7885 3.30721 6
      vertex 44.7885 3.30721 6.5
    endloop
  endfacet
  facet normal 0.779959 0.625831 0
    outer loop
      vertex 44.7885 3.30721 6
      vertex 44.8073 3.28378 6.5
      vertex 44.8073 3.28378 6
    endloop
  endfacet
  facet normal 0.826159 0.563437 0
    outer loop
      vertex 44.7885 3.30721 6.5
      vertex 44.771 3.33287 6
      vertex 44.771 3.33287 6.5
    endloop
  endfacet
  facet normal 0.826159 0.563437 0
    outer loop
      vertex 44.771 3.33287 6
      vertex 44.7885 3.30721 6.5
      vertex 44.7885 3.30721 6
    endloop
  endfacet
  facet normal 0.867323 0.497746 0
    outer loop
      vertex 44.771 3.33287 6.5
      vertex 44.755 3.36075 6
      vertex 44.755 3.36075 6.5
    endloop
  endfacet
  facet normal 0.867323 0.497746 0
    outer loop
      vertex 44.755 3.36075 6
      vertex 44.771 3.33287 6.5
      vertex 44.771 3.33287 6
    endloop
  endfacet
  facet normal 0.899708 0.436492 0
    outer loop
      vertex 44.755 3.36075 6.5
      vertex 44.7403 3.39105 6
      vertex 44.7403 3.39105 6.5
    endloop
  endfacet
  facet normal 0.899708 0.436492 0
    outer loop
      vertex 44.7403 3.39105 6
      vertex 44.755 3.36075 6.5
      vertex 44.755 3.36075 6
    endloop
  endfacet
  facet normal 0.924031 0.382319 0
    outer loop
      vertex 44.7403 3.39105 6.5
      vertex 44.7267 3.42392 6
      vertex 44.7267 3.42392 6.5
    endloop
  endfacet
  facet normal 0.924031 0.382319 0
    outer loop
      vertex 44.7267 3.42392 6
      vertex 44.7403 3.39105 6.5
      vertex 44.7403 3.39105 6
    endloop
  endfacet
  facet normal 0.944008 0.329924 0
    outer loop
      vertex 44.7267 3.42392 6.5
      vertex 44.7143 3.4594 6
      vertex 44.7143 3.4594 6.5
    endloop
  endfacet
  facet normal 0.944008 0.329924 0
    outer loop
      vertex 44.7143 3.4594 6
      vertex 44.7267 3.42392 6.5
      vertex 44.7267 3.42392 6
    endloop
  endfacet
  facet normal 0.959285 0.282439 0
    outer loop
      vertex 44.7143 3.4594 6.5
      vertex 44.7031 3.49744 6
      vertex 44.7031 3.49744 6.5
    endloop
  endfacet
  facet normal 0.959285 0.282439 0
    outer loop
      vertex 44.7031 3.49744 6
      vertex 44.7143 3.4594 6.5
      vertex 44.7143 3.4594 6
    endloop
  endfacet
  facet normal 0.971022 0.238991 0
    outer loop
      vertex 44.7031 3.49744 6.5
      vertex 44.6931 3.53807 6
      vertex 44.6931 3.53807 6.5
    endloop
  endfacet
  facet normal 0.971022 0.238991 0
    outer loop
      vertex 44.6931 3.53807 6
      vertex 44.7031 3.49744 6.5
      vertex 44.7031 3.49744 6
    endloop
  endfacet
  facet normal 0.97944 0.201736 0
    outer loop
      vertex 44.6931 3.53807 6.5
      vertex 44.6842 3.58128 6
      vertex 44.6842 3.58128 6.5
    endloop
  endfacet
  facet normal 0.97944 0.201736 0
    outer loop
      vertex 44.6842 3.58128 6
      vertex 44.6931 3.53807 6.5
      vertex 44.6931 3.53807 6
    endloop
  endfacet
  facet normal 0.986516 0.163666 0
    outer loop
      vertex 44.6842 3.58128 6.5
      vertex 44.6766 3.62709 6
      vertex 44.6766 3.62709 6.5
    endloop
  endfacet
  facet normal 0.986516 0.163666 0
    outer loop
      vertex 44.6766 3.62709 6
      vertex 44.6842 3.58128 6.5
      vertex 44.6842 3.58128 6
    endloop
  endfacet
  facet normal 0.991099 0.13313 0
    outer loop
      vertex 44.6766 3.62709 6.5
      vertex 44.6701 3.67548 6
      vertex 44.6701 3.67548 6.5
    endloop
  endfacet
  facet normal 0.991099 0.13313 0
    outer loop
      vertex 44.6701 3.67548 6
      vertex 44.6766 3.62709 6.5
      vertex 44.6766 3.62709 6
    endloop
  endfacet
  facet normal 0.994635 0.103445 0
    outer loop
      vertex 44.6701 3.67548 6.5
      vertex 44.6648 3.72644 6
      vertex 44.6648 3.72644 6.5
    endloop
  endfacet
  facet normal 0.994635 0.103445 0
    outer loop
      vertex 44.6648 3.72644 6
      vertex 44.6701 3.67548 6.5
      vertex 44.6701 3.67548 6
    endloop
  endfacet
  facet normal 0.996937 0.0782058 0
    outer loop
      vertex 44.6648 3.72644 6.5
      vertex 44.6606 3.77998 6
      vertex 44.6606 3.77998 6.5
    endloop
  endfacet
  facet normal 0.996937 0.0782058 0
    outer loop
      vertex 44.6606 3.77998 6
      vertex 44.6648 3.72644 6.5
      vertex 44.6648 3.72644 6
    endloop
  endfacet
  facet normal 0.998668 0.0515878 0
    outer loop
      vertex 44.6606 3.77998 6.5
      vertex 44.6577 3.83612 6
      vertex 44.6577 3.83612 6.5
    endloop
  endfacet
  facet normal 0.998668 0.0515878 0
    outer loop
      vertex 44.6577 3.83612 6
      vertex 44.6606 3.77998 6.5
      vertex 44.6606 3.77998 6
    endloop
  endfacet
  facet normal 0.999531 0.0306343 0
    outer loop
      vertex 44.6577 3.83612 6.5
      vertex 44.6559 3.89485 6
      vertex 44.6559 3.89485 6.5
    endloop
  endfacet
  facet normal 0.999531 0.0306343 0
    outer loop
      vertex 44.6559 3.89485 6
      vertex 44.6577 3.83612 6.5
      vertex 44.6577 3.83612 6
    endloop
  endfacet
  facet normal 0.999952 0.00978746 0
    outer loop
      vertex 44.6559 3.89485 6.5
      vertex 44.6553 3.95615 6
      vertex 44.6553 3.95615 6.5
    endloop
  endfacet
  facet normal 0.999952 0.00978746 0
    outer loop
      vertex 44.6553 3.95615 6
      vertex 44.6559 3.89485 6.5
      vertex 44.6559 3.89485 6
    endloop
  endfacet
  facet normal 0.999955 -0.0095113 0
    outer loop
      vertex 44.6553 3.95615 6.5
      vertex 44.6559 4.01923 6
      vertex 44.6559 4.01923 6.5
    endloop
  endfacet
  facet normal 0.999955 -0.0095113 0
    outer loop
      vertex 44.6559 4.01923 6
      vertex 44.6553 3.95615 6.5
      vertex 44.6553 3.95615 6
    endloop
  endfacet
  facet normal 0.999554 -0.0298473 0
    outer loop
      vertex 44.6559 4.01923 6.5
      vertex 44.6577 4.07951 6
      vertex 44.6577 4.07951 6.5
    endloop
  endfacet
  facet normal 0.999554 -0.0298473 0
    outer loop
      vertex 44.6577 4.07951 6
      vertex 44.6559 4.01923 6.5
      vertex 44.6559 4.01923 6
    endloop
  endfacet
  facet normal 0.998731 -0.0503708 0
    outer loop
      vertex 44.6577 4.07951 6.5
      vertex 44.6606 4.13701 6
      vertex 44.6606 4.13701 6.5
    endloop
  endfacet
  facet normal 0.998731 -0.0503708 0
    outer loop
      vertex 44.6606 4.13701 6
      vertex 44.6577 4.07951 6.5
      vertex 44.6577 4.07951 6
    endloop
  endfacet
  facet normal 0.997337 -0.0729314 0
    outer loop
      vertex 44.6606 4.13701 6.5
      vertex 44.6646 4.19171 6
      vertex 44.6646 4.19171 6.5
    endloop
  endfacet
  facet normal 0.997337 -0.0729314 0
    outer loop
      vertex 44.6646 4.19171 6
      vertex 44.6606 4.13701 6.5
      vertex 44.6606 4.13701 6
    endloop
  endfacet
  facet normal 0.994826 -0.101591 0
    outer loop
      vertex 44.6646 4.19171 6.5
      vertex 44.6699 4.24361 6
      vertex 44.6699 4.24361 6.5
    endloop
  endfacet
  facet normal 0.994826 -0.101591 0
    outer loop
      vertex 44.6699 4.24361 6
      vertex 44.6646 4.19171 6.5
      vertex 44.6646 4.19171 6
    endloop
  endfacet
  facet normal 0.991615 -0.129227 0
    outer loop
      vertex 44.6699 4.24361 6.5
      vertex 44.6763 4.29272 6
      vertex 44.6763 4.29272 6.5
    endloop
  endfacet
  facet normal 0.991615 -0.129227 0
    outer loop
      vertex 44.6763 4.29272 6
      vertex 44.6699 4.24361 6.5
      vertex 44.6699 4.24361 6
    endloop
  endfacet
  facet normal 0.987149 -0.159802 0
    outer loop
      vertex 44.6763 4.29272 6.5
      vertex 44.6838 4.33905 6
      vertex 44.6838 4.33905 6.5
    endloop
  endfacet
  facet normal 0.987149 -0.159802 0
    outer loop
      vertex 44.6838 4.33905 6
      vertex 44.6763 4.29272 6.5
      vertex 44.6763 4.29272 6
    endloop
  endfacet
  facet normal 0.980163 -0.198195 0
    outer loop
      vertex 44.6838 4.33905 6.5
      vertex 44.6926 4.38257 6
      vertex 44.6926 4.38257 6.5
    endloop
  endfacet
  facet normal 0.980163 -0.198195 0
    outer loop
      vertex 44.6926 4.38257 6
      vertex 44.6838 4.33905 6.5
      vertex 44.6838 4.33905 6
    endloop
  endfacet
  facet normal 0.972266 -0.233878 0
    outer loop
      vertex 44.6926 4.38257 6.5
      vertex 44.7024 4.42331 6
      vertex 44.7024 4.42331 6.5
    endloop
  endfacet
  facet normal 0.972266 -0.233878 0
    outer loop
      vertex 44.7024 4.42331 6
      vertex 44.6926 4.38257 6.5
      vertex 44.6926 4.38257 6
    endloop
  endfacet
  facet normal 0.959747 -0.280865 0
    outer loop
      vertex 44.7024 4.42331 6.5
      vertex 44.7135 4.46124 6
      vertex 44.7135 4.46124 6.5
    endloop
  endfacet
  facet normal 0.959747 -0.280865 0
    outer loop
      vertex 44.7135 4.46124 6
      vertex 44.7024 4.42331 6.5
      vertex 44.7024 4.42331 6
    endloop
  endfacet
  facet normal 0.944743 -0.327812 0
    outer loop
      vertex 44.7135 4.46124 6.5
      vertex 44.7257 4.4964 6
      vertex 44.7257 4.4964 6.5
    endloop
  endfacet
  facet normal 0.944743 -0.327812 0
    outer loop
      vertex 44.7257 4.4964 6
      vertex 44.7135 4.46124 6.5
      vertex 44.7135 4.46124 6
    endloop
  endfacet
  facet normal 0.923878 -0.382688 0
    outer loop
      vertex 44.7257 4.4964 6.5
      vertex 44.7391 4.52875 6
      vertex 44.7391 4.52875 6.5
    endloop
  endfacet
  facet normal 0.923878 -0.382688 0
    outer loop
      vertex 44.7391 4.52875 6
      vertex 44.7257 4.4964 6.5
      vertex 44.7257 4.4964 6
    endloop
  endfacet
  facet normal 0.89666 -0.44272 0
    outer loop
      vertex 44.7391 4.52875 6.5
      vertex 44.7537 4.55832 6
      vertex 44.7537 4.55832 6.5
    endloop
  endfacet
  facet normal 0.89666 -0.44272 0
    outer loop
      vertex 44.7537 4.55832 6
      vertex 44.7391 4.52875 6.5
      vertex 44.7391 4.52875 6
    endloop
  endfacet
  facet normal 0.863733 -0.50395 0
    outer loop
      vertex 44.7537 4.55832 6.5
      vertex 44.7695 4.5854 6
      vertex 44.7695 4.5854 6.5
    endloop
  endfacet
  facet normal 0.863733 -0.50395 0
    outer loop
      vertex 44.7695 4.5854 6
      vertex 44.7537 4.55832 6.5
      vertex 44.7537 4.55832 6
    endloop
  endfacet
  facet normal 0.819911 -0.57249 0
    outer loop
      vertex 44.7695 4.5854 6.5
      vertex 44.7869 4.61032 6
      vertex 44.7869 4.61032 6.5
    endloop
  endfacet
  facet normal 0.819911 -0.57249 0
    outer loop
      vertex 44.7869 4.61032 6
      vertex 44.7695 4.5854 6.5
      vertex 44.7695 4.5854 6
    endloop
  endfacet
  facet normal 0.76919 -0.63902 0
    outer loop
      vertex 44.7869 4.61032 6.5
      vertex 44.8058 4.63307 6
      vertex 44.8058 4.63307 6.5
    endloop
  endfacet
  facet normal 0.76919 -0.63902 0
    outer loop
      vertex 44.8058 4.63307 6
      vertex 44.7869 4.61032 6.5
      vertex 44.7869 4.61032 6
    endloop
  endfacet
  facet normal 0.710377 -0.703822 0
    outer loop
      vertex 44.8058 4.63307 6.5
      vertex 44.8262 4.65366 6
      vertex 44.8262 4.65366 6.5
    endloop
  endfacet
  facet normal 0.710377 -0.703822 0
    outer loop
      vertex 44.8262 4.65366 6
      vertex 44.8058 4.63307 6.5
      vertex 44.8058 4.63307 6
    endloop
  endfacet
  facet normal 0.645204 -0.764011 0
    outer loop
      vertex 44.8262 4.65366 6
      vertex 44.848 4.67207 6.5
      vertex 44.8262 4.65366 6.5
    endloop
  endfacet
  facet normal 0.645204 -0.764011 0
    outer loop
      vertex 44.848 4.67207 6.5
      vertex 44.8262 4.65366 6
      vertex 44.848 4.67207 6
    endloop
  endfacet
  facet normal 0.570396 -0.82137 0
    outer loop
      vertex 44.848 4.67207 6
      vertex 44.8714 4.68832 6.5
      vertex 44.848 4.67207 6.5
    endloop
  endfacet
  facet normal 0.570396 -0.82137 0
    outer loop
      vertex 44.8714 4.68832 6.5
      vertex 44.848 4.67207 6
      vertex 44.8714 4.68832 6
    endloop
  endfacet
  facet normal 0.492483 -0.870322 0
    outer loop
      vertex 44.8714 4.68832 6
      vertex 44.8963 4.70241 6.5
      vertex 44.8714 4.68832 6.5
    endloop
  endfacet
  facet normal 0.492483 -0.870322 0
    outer loop
      vertex 44.8963 4.70241 6.5
      vertex 44.8714 4.68832 6
      vertex 44.8963 4.70241 6
    endloop
  endfacet
  facet normal 0.411226 -0.911533 0
    outer loop
      vertex 44.8963 4.70241 6
      vertex 44.9227 4.71432 6.5
      vertex 44.8963 4.70241 6.5
    endloop
  endfacet
  facet normal 0.411226 -0.911533 0
    outer loop
      vertex 44.9227 4.71432 6.5
      vertex 44.8963 4.70241 6
      vertex 44.9227 4.71432 6
    endloop
  endfacet
  facet normal 0.3302 -0.943911 0
    outer loop
      vertex 44.9227 4.71432 6
      vertex 44.9506 4.72408 6.5
      vertex 44.9227 4.71432 6.5
    endloop
  endfacet
  facet normal 0.3302 -0.943911 0
    outer loop
      vertex 44.9506 4.72408 6.5
      vertex 44.9227 4.71432 6
      vertex 44.9506 4.72408 6
    endloop
  endfacet
  facet normal 0.249659 -0.968334 0
    outer loop
      vertex 44.9506 4.72408 6
      vertex 44.98 4.73166 6.5
      vertex 44.9506 4.72408 6.5
    endloop
  endfacet
  facet normal 0.249659 -0.968334 0
    outer loop
      vertex 44.98 4.73166 6.5
      vertex 44.9506 4.72408 6
      vertex 44.98 4.73166 6
    endloop
  endfacet
  facet normal 0.172767 -0.984963 0
    outer loop
      vertex 44.98 4.73166 6
      vertex 45.0109 4.73708 6.5
      vertex 44.98 4.73166 6.5
    endloop
  endfacet
  facet normal 0.172767 -0.984963 0
    outer loop
      vertex 45.0109 4.73708 6.5
      vertex 44.98 4.73166 6
      vertex 45.0109 4.73708 6
    endloop
  endfacet
  facet normal 0.100114 -0.994976 0
    outer loop
      vertex 45.0109 4.73708 6
      vertex 45.0432 4.74033 6.5
      vertex 45.0109 4.73708 6.5
    endloop
  endfacet
  facet normal 0.100114 -0.994976 0
    outer loop
      vertex 45.0432 4.74033 6.5
      vertex 45.0109 4.73708 6
      vertex 45.0432 4.74033 6
    endloop
  endfacet
  facet normal 0.0318423 -0.999493 0
    outer loop
      vertex 45.0432 4.74033 6
      vertex 45.0771 4.74141 6.5
      vertex 45.0432 4.74033 6.5
    endloop
  endfacet
  facet normal 0.0318423 -0.999493 0
    outer loop
      vertex 45.0771 4.74141 6.5
      vertex 45.0432 4.74033 6
      vertex 45.0771 4.74141 6
    endloop
  endfacet
  facet normal -0.0332143 -0.999448 0
    outer loop
      vertex 45.0771 4.74141 6
      vertex 45.1102 4.74031 6.5
      vertex 45.0771 4.74141 6.5
    endloop
  endfacet
  facet normal -0.0332143 -0.999448 -0
    outer loop
      vertex 45.1102 4.74031 6.5
      vertex 45.0771 4.74141 6
      vertex 45.1102 4.74031 6
    endloop
  endfacet
  facet normal -0.103866 -0.994591 0
    outer loop
      vertex 45.1102 4.74031 6
      vertex 45.1418 4.73701 6.5
      vertex 45.1102 4.74031 6.5
    endloop
  endfacet
  facet normal -0.103866 -0.994591 -0
    outer loop
      vertex 45.1418 4.73701 6.5
      vertex 45.1102 4.74031 6
      vertex 45.1418 4.73701 6
    endloop
  endfacet
  facet normal -0.179432 -0.98377 0
    outer loop
      vertex 45.1418 4.73701 6
      vertex 45.1719 4.73152 6.5
      vertex 45.1418 4.73701 6.5
    endloop
  endfacet
  facet normal -0.179432 -0.98377 -0
    outer loop
      vertex 45.1719 4.73152 6.5
      vertex 45.1418 4.73701 6
      vertex 45.1719 4.73152 6
    endloop
  endfacet
  facet normal -0.259129 -0.965843 0
    outer loop
      vertex 45.1719 4.73152 6
      vertex 45.2006 4.72382 6.5
      vertex 45.1719 4.73152 6.5
    endloop
  endfacet
  facet normal -0.259129 -0.965843 -0
    outer loop
      vertex 45.2006 4.72382 6.5
      vertex 45.1719 4.73152 6
      vertex 45.2006 4.72382 6
    endloop
  endfacet
  facet normal -0.341715 -0.939804 0
    outer loop
      vertex 45.2006 4.72382 6
      vertex 45.2278 4.71393 6.5
      vertex 45.2006 4.72382 6.5
    endloop
  endfacet
  facet normal -0.341715 -0.939804 -0
    outer loop
      vertex 45.2278 4.71393 6.5
      vertex 45.2006 4.72382 6
      vertex 45.2278 4.71393 6
    endloop
  endfacet
  facet normal -0.425967 -0.904739 0
    outer loop
      vertex 45.2278 4.71393 6
      vertex 45.2535 4.70183 6.5
      vertex 45.2278 4.71393 6.5
    endloop
  endfacet
  facet normal -0.425967 -0.904739 -0
    outer loop
      vertex 45.2535 4.70183 6.5
      vertex 45.2278 4.71393 6
      vertex 45.2535 4.70183 6
    endloop
  endfacet
  facet normal -0.506648 -0.862153 0
    outer loop
      vertex 45.2535 4.70183 6
      vertex 45.2778 4.68755 6.5
      vertex 45.2535 4.70183 6.5
    endloop
  endfacet
  facet normal -0.506648 -0.862153 -0
    outer loop
      vertex 45.2778 4.68755 6.5
      vertex 45.2535 4.70183 6
      vertex 45.2778 4.68755 6
    endloop
  endfacet
  facet normal -0.58796 -0.80889 0
    outer loop
      vertex 45.2778 4.68755 6
      vertex 45.3005 4.67105 6.5
      vertex 45.2778 4.68755 6.5
    endloop
  endfacet
  facet normal -0.58796 -0.80889 -0
    outer loop
      vertex 45.3005 4.67105 6.5
      vertex 45.2778 4.68755 6
      vertex 45.3005 4.67105 6
    endloop
  endfacet
  facet normal -0.657807 -0.753187 0
    outer loop
      vertex 45.3005 4.67105 6
      vertex 45.3219 4.65236 6.5
      vertex 45.3005 4.67105 6.5
    endloop
  endfacet
  facet normal -0.657807 -0.753187 -0
    outer loop
      vertex 45.3219 4.65236 6.5
      vertex 45.3005 4.67105 6
      vertex 45.3219 4.65236 6
    endloop
  endfacet
  facet normal -0.725788 -0.687918 0
    outer loop
      vertex 45.3417 4.63147 6
      vertex 45.3219 4.65236 6.5
      vertex 45.3219 4.65236 6
    endloop
  endfacet
  facet normal -0.725788 -0.687918 0
    outer loop
      vertex 45.3219 4.65236 6.5
      vertex 45.3417 4.63147 6
      vertex 45.3417 4.63147 6.5
    endloop
  endfacet
  facet normal -0.782057 -0.623207 0
    outer loop
      vertex 45.3601 4.60838 6
      vertex 45.3417 4.63147 6.5
      vertex 45.3417 4.63147 6
    endloop
  endfacet
  facet normal -0.782057 -0.623207 0
    outer loop
      vertex 45.3417 4.63147 6.5
      vertex 45.3601 4.60838 6
      vertex 45.3601 4.60838 6.5
    endloop
  endfacet
  facet normal -0.831341 -0.555762 0
    outer loop
      vertex 45.377 4.5831 6
      vertex 45.3601 4.60838 6.5
      vertex 45.3601 4.60838 6
    endloop
  endfacet
  facet normal -0.831341 -0.555762 0
    outer loop
      vertex 45.3601 4.60838 6.5
      vertex 45.377 4.5831 6
      vertex 45.377 4.5831 6.5
    endloop
  endfacet
  facet normal -0.870999 -0.491284 0
    outer loop
      vertex 45.3925 4.55562 6
      vertex 45.377 4.5831 6.5
      vertex 45.377 4.5831 6
    endloop
  endfacet
  facet normal -0.870999 -0.491284 0
    outer loop
      vertex 45.377 4.5831 6.5
      vertex 45.3925 4.55562 6
      vertex 45.3925 4.55562 6.5
    endloop
  endfacet
  facet normal -0.904695 -0.426059 0
    outer loop
      vertex 45.4066 4.52568 6
      vertex 45.3925 4.55562 6.5
      vertex 45.3925 4.55562 6
    endloop
  endfacet
  facet normal -0.904695 -0.426059 0
    outer loop
      vertex 45.3925 4.55562 6.5
      vertex 45.4066 4.52568 6
      vertex 45.4066 4.52568 6.5
    endloop
  endfacet
  facet normal -0.928947 -0.370212 0
    outer loop
      vertex 45.4196 4.49306 6
      vertex 45.4066 4.52568 6.5
      vertex 45.4066 4.52568 6
    endloop
  endfacet
  facet normal -0.928947 -0.370212 0
    outer loop
      vertex 45.4066 4.52568 6.5
      vertex 45.4196 4.49306 6
      vertex 45.4196 4.49306 6.5
    endloop
  endfacet
  facet normal -0.947713 -0.319123 0
    outer loop
      vertex 45.4315 4.45772 6
      vertex 45.4196 4.49306 6.5
      vertex 45.4196 4.49306 6
    endloop
  endfacet
  facet normal -0.947713 -0.319123 0
    outer loop
      vertex 45.4196 4.49306 6.5
      vertex 45.4315 4.45772 6
      vertex 45.4315 4.45772 6.5
    endloop
  endfacet
  facet normal -0.962587 -0.270973 0
    outer loop
      vertex 45.4422 4.41971 6
      vertex 45.4315 4.45772 6.5
      vertex 45.4315 4.45772 6
    endloop
  endfacet
  facet normal -0.962587 -0.270973 0
    outer loop
      vertex 45.4315 4.45772 6.5
      vertex 45.4422 4.41971 6
      vertex 45.4422 4.41971 6.5
    endloop
  endfacet
  facet normal -0.972793 -0.231674 0
    outer loop
      vertex 45.4519 4.37898 6
      vertex 45.4422 4.41971 6.5
      vertex 45.4422 4.41971 6
    endloop
  endfacet
  facet normal -0.972793 -0.231674 0
    outer loop
      vertex 45.4422 4.41971 6.5
      vertex 45.4519 4.37898 6
      vertex 45.4519 4.37898 6.5
    endloop
  endfacet
  facet normal -0.981364 -0.192158 0
    outer loop
      vertex 45.4604 4.33557 6
      vertex 45.4519 4.37898 6.5
      vertex 45.4519 4.37898 6
    endloop
  endfacet
  facet normal -0.981364 -0.192158 0
    outer loop
      vertex 45.4519 4.37898 6.5
      vertex 45.4604 4.33557 6
      vertex 45.4604 4.33557 6.5
    endloop
  endfacet
  facet normal -0.987699 -0.15637 0
    outer loop
      vertex 45.4677 4.28946 6
      vertex 45.4604 4.33557 6.5
      vertex 45.4604 4.33557 6
    endloop
  endfacet
  facet normal -0.987699 -0.15637 0
    outer loop
      vertex 45.4604 4.33557 6.5
      vertex 45.4677 4.28946 6
      vertex 45.4677 4.28946 6.5
    endloop
  endfacet
  facet normal -0.992029 -0.126011 0
    outer loop
      vertex 45.4739 4.24065 6
      vertex 45.4677 4.28946 6.5
      vertex 45.4677 4.28946 6
    endloop
  endfacet
  facet normal -0.992029 -0.126011 0
    outer loop
      vertex 45.4677 4.28946 6.5
      vertex 45.4739 4.24065 6
      vertex 45.4739 4.24065 6.5
    endloop
  endfacet
  facet normal -0.995136 -0.0985092 0
    outer loop
      vertex 45.479 4.18913 6
      vertex 45.4739 4.24065 6.5
      vertex 45.4739 4.24065 6
    endloop
  endfacet
  facet normal -0.995136 -0.0985092 0
    outer loop
      vertex 45.4739 4.24065 6.5
      vertex 45.479 4.18913 6
      vertex 45.479 4.18913 6.5
    endloop
  endfacet
  facet normal -0.997288 -0.0736006 0
    outer loop
      vertex 45.483 4.13493 6
      vertex 45.479 4.18913 6.5
      vertex 45.479 4.18913 6
    endloop
  endfacet
  facet normal -0.997288 -0.0736006 0
    outer loop
      vertex 45.479 4.18913 6.5
      vertex 45.483 4.13493 6
      vertex 45.483 4.13493 6.5
    endloop
  endfacet
  facet normal -0.998791 -0.0491497 0
    outer loop
      vertex 45.4858 4.07803 6
      vertex 45.483 4.13493 6.5
      vertex 45.483 4.13493 6
    endloop
  endfacet
  facet normal -0.998791 -0.0491497 0
    outer loop
      vertex 45.483 4.13493 6.5
      vertex 45.4858 4.07803 6
      vertex 45.4858 4.07803 6.5
    endloop
  endfacet
  facet normal -0.999593 -0.0285215 0
    outer loop
      vertex 45.4875 4.01845 6
      vertex 45.4858 4.07803 6.5
      vertex 45.4858 4.07803 6
    endloop
  endfacet
  facet normal -0.999593 -0.0285215 0
    outer loop
      vertex 45.4858 4.07803 6.5
      vertex 45.4875 4.01845 6
      vertex 45.4875 4.01845 6.5
    endloop
  endfacet
  facet normal -0.999954 -0.00963037 0
    outer loop
      vertex 45.4881 3.95615 6
      vertex 45.4875 4.01845 6.5
      vertex 45.4875 4.01845 6
    endloop
  endfacet
  facet normal -0.999954 -0.00963037 0
    outer loop
      vertex 45.4875 4.01845 6.5
      vertex 45.4881 3.95615 6
      vertex 45.4881 3.95615 6.5
    endloop
  endfacet
  facet normal -0.99995 0.00997954 0
    outer loop
      vertex 45.4875 3.89603 6
      vertex 45.4881 3.95615 6.5
      vertex 45.4881 3.95615 6
    endloop
  endfacet
  facet normal -0.99995 0.00997954 0
    outer loop
      vertex 45.4881 3.95615 6.5
      vertex 45.4875 3.89603 6
      vertex 45.4875 3.89603 6.5
    endloop
  endfacet
  facet normal -0.999513 0.0311915 0
    outer loop
      vertex 45.4857 3.83835 6
      vertex 45.4875 3.89603 6.5
      vertex 45.4875 3.89603 6
    endloop
  endfacet
  facet normal -0.999513 0.0311915 0
    outer loop
      vertex 45.4875 3.89603 6.5
      vertex 45.4857 3.83835 6
      vertex 45.4857 3.83835 6.5
    endloop
  endfacet
  facet normal -0.998529 0.0542188 0
    outer loop
      vertex 45.4827 3.7831 6
      vertex 45.4857 3.83835 6.5
      vertex 45.4857 3.83835 6
    endloop
  endfacet
  facet normal -0.998529 0.0542188 0
    outer loop
      vertex 45.4857 3.83835 6.5
      vertex 45.4827 3.7831 6
      vertex 45.4827 3.7831 6.5
    endloop
  endfacet
  facet normal -0.997 0.0774039 0
    outer loop
      vertex 45.4786 3.73029 6
      vertex 45.4827 3.7831 6.5
      vertex 45.4827 3.7831 6
    endloop
  endfacet
  facet normal -0.997 0.0774039 0
    outer loop
      vertex 45.4827 3.7831 6.5
      vertex 45.4786 3.73029 6
      vertex 45.4786 3.73029 6.5
    endloop
  endfacet
  facet normal -0.994302 0.106596 0
    outer loop
      vertex 45.4732 3.67992 6
      vertex 45.4786 3.73029 6.5
      vertex 45.4786 3.73029 6
    endloop
  endfacet
  facet normal -0.994302 0.106596 0
    outer loop
      vertex 45.4786 3.73029 6.5
      vertex 45.4732 3.67992 6
      vertex 45.4732 3.67992 6.5
    endloop
  endfacet
  facet normal -0.990926 0.134412 0
    outer loop
      vertex 45.4667 3.632 6
      vertex 45.4732 3.67992 6.5
      vertex 45.4732 3.67992 6
    endloop
  endfacet
  facet normal -0.990926 0.134412 0
    outer loop
      vertex 45.4732 3.67992 6.5
      vertex 45.4667 3.632 6
      vertex 45.4667 3.632 6.5
    endloop
  endfacet
  facet normal -0.985981 0.166858 0
    outer loop
      vertex 45.459 3.5865 6
      vertex 45.4667 3.632 6.5
      vertex 45.4667 3.632 6
    endloop
  endfacet
  facet normal -0.985981 0.166858 0
    outer loop
      vertex 45.4667 3.632 6.5
      vertex 45.459 3.5865 6
      vertex 45.459 3.5865 6.5
    endloop
  endfacet
  facet normal -0.979282 0.2025 0
    outer loop
      vertex 45.4501 3.54346 6
      vertex 45.459 3.5865 6.5
      vertex 45.459 3.5865 6
    endloop
  endfacet
  facet normal -0.979282 0.2025 0
    outer loop
      vertex 45.459 3.5865 6.5
      vertex 45.4501 3.54346 6
      vertex 45.4501 3.54346 6.5
    endloop
  endfacet
  facet normal -0.970437 0.241355 0
    outer loop
      vertex 45.44 3.50285 6
      vertex 45.4501 3.54346 6.5
      vertex 45.4501 3.54346 6
    endloop
  endfacet
  facet normal -0.970437 0.241355 0
    outer loop
      vertex 45.4501 3.54346 6.5
      vertex 45.44 3.50285 6
      vertex 45.44 3.50285 6.5
    endloop
  endfacet
  facet normal -0.958864 0.283866 0
    outer loop
      vertex 45.4287 3.46468 6
      vertex 45.44 3.50285 6.5
      vertex 45.44 3.50285 6
    endloop
  endfacet
  facet normal -0.958864 0.283866 0
    outer loop
      vertex 45.44 3.50285 6.5
      vertex 45.4287 3.46468 6
      vertex 45.4287 3.46468 6.5
    endloop
  endfacet
  facet normal -0.943875 0.330303 0
    outer loop
      vertex 45.4162 3.42896 6
      vertex 45.4287 3.46468 6.5
      vertex 45.4287 3.46468 6
    endloop
  endfacet
  facet normal -0.943875 0.330303 0
    outer loop
      vertex 45.4287 3.46468 6.5
      vertex 45.4162 3.42896 6
      vertex 45.4162 3.42896 6.5
    endloop
  endfacet
  facet normal -0.925768 0.378092 0
    outer loop
      vertex 45.4026 3.39566 6
      vertex 45.4162 3.42896 6.5
      vertex 45.4162 3.42896 6
    endloop
  endfacet
  facet normal -0.925768 0.378092 0
    outer loop
      vertex 45.4162 3.42896 6.5
      vertex 45.4026 3.39566 6
      vertex 45.4026 3.39566 6.5
    endloop
  endfacet
  facet normal -0.900473 0.434912 0
    outer loop
      vertex 45.3877 3.36481 6
      vertex 45.4026 3.39566 6.5
      vertex 45.4026 3.39566 6
    endloop
  endfacet
  facet normal -0.900473 0.434912 0
    outer loop
      vertex 45.4026 3.39566 6.5
      vertex 45.3877 3.36481 6
      vertex 45.3877 3.36481 6.5
    endloop
  endfacet
  facet normal -0.870603 0.491987 0
    outer loop
      vertex 45.3716 3.33632 6
      vertex 45.3877 3.36481 6.5
      vertex 45.3877 3.36481 6
    endloop
  endfacet
  facet normal -0.870603 0.491987 0
    outer loop
      vertex 45.3877 3.36481 6.5
      vertex 45.3716 3.33632 6
      vertex 45.3716 3.33632 6.5
    endloop
  endfacet
  facet normal -0.831562 0.555432 0
    outer loop
      vertex 45.3541 3.31012 6
      vertex 45.3716 3.33632 6.5
      vertex 45.3716 3.33632 6
    endloop
  endfacet
  facet normal -0.831562 0.555432 0
    outer loop
      vertex 45.3716 3.33632 6.5
      vertex 45.3541 3.31012 6
      vertex 45.3541 3.31012 6.5
    endloop
  endfacet
  facet normal -0.784883 0.619644 0
    outer loop
      vertex 45.3352 3.28618 6
      vertex 45.3541 3.31012 6.5
      vertex 45.3541 3.31012 6
    endloop
  endfacet
  facet normal -0.784883 0.619644 0
    outer loop
      vertex 45.3541 3.31012 6.5
      vertex 45.3352 3.28618 6
      vertex 45.3352 3.28618 6.5
    endloop
  endfacet
  facet normal -0.73101 0.682366 0
    outer loop
      vertex 45.315 3.26454 6
      vertex 45.3352 3.28618 6.5
      vertex 45.3352 3.28618 6
    endloop
  endfacet
  facet normal -0.73101 0.682366 0
    outer loop
      vertex 45.3352 3.28618 6.5
      vertex 45.315 3.26454 6
      vertex 45.315 3.26454 6.5
    endloop
  endfacet
  facet normal -0.669537 0.742779 0
    outer loop
      vertex 45.315 3.26454 6
      vertex 45.2935 3.24516 6.5
      vertex 45.315 3.26454 6.5
    endloop
  endfacet
  facet normal -0.669537 0.742779 0
    outer loop
      vertex 45.2935 3.24516 6.5
      vertex 45.315 3.26454 6
      vertex 45.2935 3.24516 6
    endloop
  endfacet
  facet normal -0.59642 0.802672 0
    outer loop
      vertex 45.2935 3.24516 6
      vertex 45.2705 3.22807 6.5
      vertex 45.2935 3.24516 6.5
    endloop
  endfacet
  facet normal -0.59642 0.802672 0
    outer loop
      vertex 45.2705 3.22807 6.5
      vertex 45.2935 3.24516 6
      vertex 45.2705 3.22807 6
    endloop
  endfacet
  facet normal -0.520426 0.853907 0
    outer loop
      vertex 45.2705 3.22807 6
      vertex 45.2462 3.21326 6.5
      vertex 45.2705 3.22807 6.5
    endloop
  endfacet
  facet normal -0.520426 0.853907 0
    outer loop
      vertex 45.2462 3.21326 6.5
      vertex 45.2705 3.22807 6
      vertex 45.2462 3.21326 6
    endloop
  endfacet
  facet normal -0.438802 0.898584 0
    outer loop
      vertex 45.2462 3.21326 6
      vertex 45.2205 3.20071 6.5
      vertex 45.2462 3.21326 6.5
    endloop
  endfacet
  facet normal -0.438802 0.898584 0
    outer loop
      vertex 45.2205 3.20071 6.5
      vertex 45.2462 3.21326 6
      vertex 45.2205 3.20071 6
    endloop
  endfacet
  facet normal -0.354915 0.934899 0
    outer loop
      vertex 45.2205 3.20071 6
      vertex 45.1935 3.19046 6.5
      vertex 45.2205 3.20071 6.5
    endloop
  endfacet
  facet normal -0.354915 0.934899 0
    outer loop
      vertex 45.1935 3.19046 6.5
      vertex 45.2205 3.20071 6
      vertex 45.1935 3.19046 6
    endloop
  endfacet
  facet normal -0.269881 0.962894 0
    outer loop
      vertex 45.1935 3.19046 6
      vertex 45.1651 3.1825 6.5
      vertex 45.1935 3.19046 6.5
    endloop
  endfacet
  facet normal -0.269881 0.962894 0
    outer loop
      vertex 45.1651 3.1825 6.5
      vertex 45.1935 3.19046 6
      vertex 45.1651 3.1825 6
    endloop
  endfacet
  facet normal -0.188187 0.982133 0
    outer loop
      vertex 45.1651 3.1825 6
      vertex 45.1353 3.17679 6.5
      vertex 45.1651 3.1825 6.5
    endloop
  endfacet
  facet normal -0.188187 0.982133 0
    outer loop
      vertex 45.1353 3.17679 6.5
      vertex 45.1651 3.1825 6
      vertex 45.1353 3.17679 6
    endloop
  endfacet
  facet normal -0.109309 0.994008 0
    outer loop
      vertex 45.1353 3.17679 6
      vertex 45.1042 3.17337 6.5
      vertex 45.1353 3.17679 6.5
    endloop
  endfacet
  facet normal -0.109309 0.994008 0
    outer loop
      vertex 45.1042 3.17337 6.5
      vertex 45.1353 3.17679 6
      vertex 45.1042 3.17337 6
    endloop
  endfacet
  facet normal -0.0350554 0.999385 0
    outer loop
      vertex 45.1042 3.17337 6
      vertex 45.0717 3.17223 6.5
      vertex 45.1042 3.17337 6.5
    endloop
  endfacet
  facet normal -0.0350554 0.999385 0
    outer loop
      vertex 45.0717 3.17223 6.5
      vertex 45.1042 3.17337 6
      vertex 45.0717 3.17223 6
    endloop
  endfacet
  facet normal 0.034536 0.999403 -0
    outer loop
      vertex 45.0717 3.17223 6
      vertex 45.039 3.17336 6.5
      vertex 45.0717 3.17223 6.5
    endloop
  endfacet
  facet normal 0.034536 0.999403 0
    outer loop
      vertex 45.039 3.17336 6.5
      vertex 45.0717 3.17223 6
      vertex 45.039 3.17336 6
    endloop
  endfacet
  facet normal 0 -1 0
    outer loop
      vertex 47.7572 3.43263 6
      vertex 48.0257 3.43263 6.5
      vertex 47.7572 3.43263 6.5
    endloop
  endfacet
  facet normal 0 -1 -0
    outer loop
      vertex 48.0257 3.43263 6.5
      vertex 47.7572 3.43263 6
      vertex 48.0257 3.43263 6
    endloop
  endfacet
  facet normal 1 -0 0
    outer loop
      vertex 48.0257 3.43263 6.5
      vertex 48.0257 3.62523 6
      vertex 48.0257 3.62523 6.5
    endloop
  endfacet
  facet normal 1 0 0
    outer loop
      vertex 48.0257 3.62523 6
      vertex 48.0257 3.43263 6.5
      vertex 48.0257 3.43263 6
    endloop
  endfacet
  facet normal 0 1 -0
    outer loop
      vertex 48.0257 3.62523 6
      vertex 47.7572 3.62523 6.5
      vertex 48.0257 3.62523 6.5
    endloop
  endfacet
  facet normal 0 1 0
    outer loop
      vertex 47.7572 3.62523 6.5
      vertex 48.0257 3.62523 6
      vertex 47.7572 3.62523 6
    endloop
  endfacet
  facet normal 1 -0 0
    outer loop
      vertex 47.7572 3.62523 6.5
      vertex 47.7572 4.91095 6
      vertex 47.7572 4.91095 6.5
    endloop
  endfacet
  facet normal 1 0 0
    outer loop
      vertex 47.7572 4.91095 6
      vertex 47.7572 3.62523 6.5
      vertex 47.7572 3.62523 6
    endloop
  endfacet
  facet normal 0 1 -0
    outer loop
      vertex 47.7572 4.91095 6
      vertex 47.5008 4.91095 6.5
      vertex 47.7572 4.91095 6.5
    endloop
  endfacet
  facet normal 0 1 0
    outer loop
      vertex 47.5008 4.91095 6.5
      vertex 47.7572 4.91095 6
      vertex 47.5008 4.91095 6
    endloop
  endfacet
  facet normal -0.827326 0.561722 0
    outer loop
      vertex 46.626 3.62251 6
      vertex 47.5008 4.91095 6.5
      vertex 47.5008 4.91095 6
    endloop
  endfacet
  facet normal -0.827326 0.561722 0
    outer loop
      vertex 47.5008 4.91095 6.5
      vertex 46.626 3.62251 6
      vertex 46.626 3.62251 6.5
    endloop
  endfacet
  facet normal -1 0 0
    outer loop
      vertex 46.626 3.43263 6
      vertex 46.626 3.62251 6.5
      vertex 46.626 3.62251 6
    endloop
  endfacet
  facet normal -1 -0 0
    outer loop
      vertex 46.626 3.62251 6.5
      vertex 46.626 3.43263 6
      vertex 46.626 3.43263 6.5
    endloop
  endfacet
  facet normal 0 -1 0
    outer loop
      vertex 46.626 3.43263 6
      vertex 47.5266 3.43263 6.5
      vertex 46.626 3.43263 6.5
    endloop
  endfacet
  facet normal 0 -1 -0
    outer loop
      vertex 47.5266 3.43263 6.5
      vertex 46.626 3.43263 6
      vertex 47.5266 3.43263 6
    endloop
  endfacet
  facet normal -1 0 0
    outer loop
      vertex 47.5266 3 6
      vertex 47.5266 3.43263 6.5
      vertex 47.5266 3.43263 6
    endloop
  endfacet
  facet normal -1 -0 0
    outer loop
      vertex 47.5266 3.43263 6.5
      vertex 47.5266 3 6
      vertex 47.5266 3 6.5
    endloop
  endfacet
  facet normal 0 -1 0
    outer loop
      vertex 47.5266 3 6
      vertex 47.7572 3 6.5
      vertex 47.5266 3 6.5
    endloop
  endfacet
  facet normal 0 -1 -0
    outer loop
      vertex 47.7572 3 6.5
      vertex 47.5266 3 6
      vertex 47.7572 3 6
    endloop
  endfacet
  facet normal 1 -0 0
    outer loop
      vertex 47.7572 3 6.5
      vertex 47.7572 3.43263 6
      vertex 47.7572 3.43263 6.5
    endloop
  endfacet
  facet normal 1 0 0
    outer loop
      vertex 47.7572 3.43263 6
      vertex 47.7572 3 6.5
      vertex 47.7572 3 6
    endloop
  endfacet
  facet normal 0.780925 -0.624625 0
    outer loop
      vertex 46.8512 3.62523 6.5
      vertex 46.8729 3.65236 6
      vertex 46.8729 3.65236 6.5
    endloop
  endfacet
  facet normal 0.780925 -0.624625 0
    outer loop
      vertex 46.8729 3.65236 6
      vertex 46.8512 3.62523 6.5
      vertex 46.8512 3.62523 6
    endloop
  endfacet
  facet normal 0.807928 -0.589282 0
    outer loop
      vertex 46.8729 3.65236 6.5
      vertex 46.9461 3.75272 6
      vertex 46.9461 3.75272 6.5
    endloop
  endfacet
  facet normal 0.807928 -0.589282 0
    outer loop
      vertex 46.9461 3.75272 6
      vertex 46.8729 3.65236 6.5
      vertex 46.8729 3.65236 6
    endloop
  endfacet
  facet normal 0.827474 -0.561505 0
    outer loop
      vertex 46.9461 3.75272 6.5
      vertex 47.4357 4.47423 6
      vertex 47.4357 4.47423 6.5
    endloop
  endfacet
  facet normal 0.827474 -0.561505 0
    outer loop
      vertex 47.4357 4.47423 6
      vertex 46.9461 3.75272 6.5
      vertex 46.9461 3.75272 6
    endloop
  endfacet
  facet normal 0.831439 -0.555616 0
    outer loop
      vertex 47.4357 4.47423 6.5
      vertex 47.4385 4.47842 6
      vertex 47.4385 4.47842 6.5
    endloop
  endfacet
  facet normal 0.831439 -0.555616 0
    outer loop
      vertex 47.4385 4.47842 6
      vertex 47.4357 4.47423 6.5
      vertex 47.4357 4.47423 6
    endloop
  endfacet
  facet normal 0.831498 -0.555527 0
    outer loop
      vertex 47.4385 4.47842 6.5
      vertex 47.4416 4.48306 6
      vertex 47.4416 4.48306 6.5
    endloop
  endfacet
  facet normal 0.831498 -0.555527 0
    outer loop
      vertex 47.4416 4.48306 6
      vertex 47.4385 4.47842 6.5
      vertex 47.4385 4.47842 6
    endloop
  endfacet
  facet normal 0.847064 -0.531491 0
    outer loop
      vertex 47.4416 4.48306 6.5
      vertex 47.4448 4.48816 6
      vertex 47.4448 4.48816 6.5
    endloop
  endfacet
  facet normal 0.847064 -0.531491 0
    outer loop
      vertex 47.4448 4.48816 6
      vertex 47.4416 4.48306 6.5
      vertex 47.4416 4.48306 6
    endloop
  endfacet
  facet normal 0.851303 -0.524675 0
    outer loop
      vertex 47.4448 4.48816 6.5
      vertex 47.4519 4.49968 6
      vertex 47.4519 4.49968 6.5
    endloop
  endfacet
  facet normal 0.851303 -0.524675 0
    outer loop
      vertex 47.4519 4.49968 6
      vertex 47.4448 4.48816 6.5
      vertex 47.4448 4.48816 6
    endloop
  endfacet
  facet normal 0.855376 -0.518007 0
    outer loop
      vertex 47.4519 4.49968 6.5
      vertex 47.4558 4.50612 6
      vertex 47.4558 4.50612 6.5
    endloop
  endfacet
  facet normal 0.855376 -0.518007 0
    outer loop
      vertex 47.4558 4.50612 6
      vertex 47.4519 4.49968 6.5
      vertex 47.4519 4.49968 6
    endloop
  endfacet
  facet normal 0.863647 -0.504098 0
    outer loop
      vertex 47.4558 4.50612 6.5
      vertex 47.4641 4.52034 6
      vertex 47.4641 4.52034 6.5
    endloop
  endfacet
  facet normal 0.863647 -0.504098 0
    outer loop
      vertex 47.4641 4.52034 6
      vertex 47.4558 4.50612 6.5
      vertex 47.4558 4.50612 6
    endloop
  endfacet
  facet normal 0.865629 -0.500685 0
    outer loop
      vertex 47.4641 4.52034 6.5
      vertex 47.4686 4.52812 6
      vertex 47.4686 4.52812 6.5
    endloop
  endfacet
  facet normal 0.865629 -0.500685 0
    outer loop
      vertex 47.4686 4.52812 6
      vertex 47.4641 4.52034 6.5
      vertex 47.4641 4.52034 6
    endloop
  endfacet
  facet normal 0.869757 -0.493479 0
    outer loop
      vertex 47.4686 4.52812 6.5
      vertex 47.4782 4.54504 6
      vertex 47.4782 4.54504 6.5
    endloop
  endfacet
  facet normal 0.869757 -0.493479 0
    outer loop
      vertex 47.4782 4.54504 6
      vertex 47.4686 4.52812 6.5
      vertex 47.4686 4.52812 6
    endloop
  endfacet
  facet normal 0.873027 -0.487671 0
    outer loop
      vertex 47.4782 4.54504 6.5
      vertex 47.4833 4.55417 6
      vertex 47.4833 4.55417 6.5
    endloop
  endfacet
  facet normal 0.873027 -0.487671 0
    outer loop
      vertex 47.4833 4.55417 6
      vertex 47.4782 4.54504 6.5
      vertex 47.4782 4.54504 6
    endloop
  endfacet
  facet normal 0.875339 -0.483509 0
    outer loop
      vertex 47.4833 4.55417 6.5
      vertex 47.4987 4.58205 6
      vertex 47.4987 4.58205 6.5
    endloop
  endfacet
  facet normal 0.875339 -0.483509 0
    outer loop
      vertex 47.4987 4.58205 6
      vertex 47.4833 4.55417 6.5
      vertex 47.4833 4.55417 6
    endloop
  endfacet
  facet normal 0.877448 -0.479672 0
    outer loop
      vertex 47.4987 4.58205 6.5
      vertex 47.511 4.60455 6
      vertex 47.511 4.60455 6.5
    endloop
  endfacet
  facet normal 0.877448 -0.479672 0
    outer loop
      vertex 47.511 4.60455 6
      vertex 47.4987 4.58205 6.5
      vertex 47.4987 4.58205 6
    endloop
  endfacet
  facet normal 0.883935 -0.46761 0
    outer loop
      vertex 47.511 4.60455 6.5
      vertex 47.5172 4.61627 6
      vertex 47.5172 4.61627 6.5
    endloop
  endfacet
  facet normal 0.883935 -0.46761 0
    outer loop
      vertex 47.5172 4.61627 6
      vertex 47.511 4.60455 6.5
      vertex 47.511 4.60455 6
    endloop
  endfacet
  facet normal 0.889627 -0.456687 0
    outer loop
      vertex 47.5172 4.61627 6.5
      vertex 47.5197 4.62114 6
      vertex 47.5197 4.62114 6.5
    endloop
  endfacet
  facet normal 0.889627 -0.456687 0
    outer loop
      vertex 47.5197 4.62114 6
      vertex 47.5172 4.61627 6.5
      vertex 47.5172 4.61627 6
    endloop
  endfacet
  facet normal 0.893967 -0.448133 0
    outer loop
      vertex 47.5197 4.62114 6.5
      vertex 47.5236 4.62892 6
      vertex 47.5236 4.62892 6.5
    endloop
  endfacet
  facet normal 0.893967 -0.448133 0
    outer loop
      vertex 47.5236 4.62892 6
      vertex 47.5197 4.62114 6.5
      vertex 47.5197 4.62114 6
    endloop
  endfacet
  facet normal 0.899962 -0.435968 0
    outer loop
      vertex 47.5236 4.62892 6.5
      vertex 47.525 4.63181 6
      vertex 47.525 4.63181 6.5
    endloop
  endfacet
  facet normal 0.899962 -0.435968 0
    outer loop
      vertex 47.525 4.63181 6
      vertex 47.5236 4.62892 6.5
      vertex 47.5236 4.62892 6
    endloop
  endfacet
  facet normal 0.913138 -0.407651 0
    outer loop
      vertex 47.525 4.63181 6.5
      vertex 47.526 4.63405 6
      vertex 47.526 4.63405 6.5
    endloop
  endfacet
  facet normal 0.913138 -0.407651 0
    outer loop
      vertex 47.526 4.63405 6
      vertex 47.525 4.63181 6.5
      vertex 47.525 4.63181 6
    endloop
  endfacet
  facet normal 0.935602 -0.353057 0
    outer loop
      vertex 47.526 4.63405 6.5
      vertex 47.5266 4.63564 6
      vertex 47.5266 4.63564 6.5
    endloop
  endfacet
  facet normal 0.935602 -0.353057 0
    outer loop
      vertex 47.5266 4.63564 6
      vertex 47.526 4.63405 6.5
      vertex 47.526 4.63405 6
    endloop
  endfacet
  facet normal -1 0 0
    outer loop
      vertex 47.5266 3.62523 6
      vertex 47.5266 4.63564 6.5
      vertex 47.5266 4.63564 6
    endloop
  endfacet
  facet normal -1 -0 0
    outer loop
      vertex 47.5266 4.63564 6.5
      vertex 47.5266 3.62523 6
      vertex 47.5266 3.62523 6.5
    endloop
  endfacet
  facet normal 0 1 -0
    outer loop
      vertex 47.5266 3.62523 6
      vertex 46.8512 3.62523 6.5
      vertex 47.5266 3.62523 6.5
    endloop
  endfacet
  facet normal 0 1 0
    outer loop
      vertex 46.8512 3.62523 6.5
      vertex 47.5266 3.62523 6
      vertex 46.8512 3.62523 6
    endloop
  endfacet
  facet normal 0 1 -0
    outer loop
      vertex 46.3267 3.29701 6
      vertex 46.0623 3.29701 6.5
      vertex 46.3267 3.29701 6.5
    endloop
  endfacet
  facet normal 0 1 0
    outer loop
      vertex 46.0623 3.29701 6.5
      vertex 46.3267 3.29701 6
      vertex 46.0623 3.29701 6
    endloop
  endfacet
  facet normal -1 0 0
    outer loop
      vertex 46.0623 3 6
      vertex 46.0623 3.29701 6.5
      vertex 46.0623 3.29701 6
    endloop
  endfacet
  facet normal -1 -0 0
    outer loop
      vertex 46.0623 3.29701 6.5
      vertex 46.0623 3 6
      vertex 46.0623 3 6.5
    endloop
  endfacet
  facet normal 0 -1 0
    outer loop
      vertex 46.0623 3 6
      vertex 46.3267 3 6.5
      vertex 46.0623 3 6.5
    endloop
  endfacet
  facet normal 0 -1 -0
    outer loop
      vertex 46.3267 3 6.5
      vertex 46.0623 3 6
      vertex 46.3267 3 6
    endloop
  endfacet
  facet normal 1 -0 0
    outer loop
      vertex 46.3267 3 6.5
      vertex 46.3267 3.29701 6
      vertex 46.3267 3.29701 6.5
    endloop
  endfacet
  facet normal 1 0 0
    outer loop
      vertex 46.3267 3.29701 6
      vertex 46.3267 3 6.5
      vertex 46.3267 3 6
    endloop
  endfacet
  facet normal -1 0 0
    outer loop
      vertex 72 0 0
      vertex 72 30 3
      vertex 72 30 0
    endloop
  endfacet
  facet normal -1 -0 0
    outer loop
      vertex 72 30 3
      vertex 72 0 0
      vertex 72 0 3
    endloop
  endfacet
  facet normal -0 0 1
    outer loop
      vertex 72 30 3
      vertex 82 0 3
      vertex 82 30 3
    endloop
  endfacet
  facet normal 0 0 1
    outer loop
      vertex 82 0 3
      vertex 72 30 3
      vertex 72 0 3
    endloop
  endfacet
  facet normal 1 -0 0
    outer loop
      vertex 82 0 3
      vertex 82 30 0
      vertex 82 30 3
    endloop
  endfacet
  facet normal 1 0 0
    outer loop
      vertex 82 30 0
      vertex 82 0 3
      vertex 82 0 0
    endloop
  endfacet
  facet normal 0 0 -1
    outer loop
      vertex 72 0 0
      vertex 82 30 0
      vertex 82 0 0
    endloop
  endfacet
  facet normal -0 0 -1
    outer loop
      vertex 82 30 0
      vertex 72 0 0
      vertex 72 30 0
    endloop
  endfacet
  facet normal 0 -1 0
    outer loop
      vertex 72 0 0
      vertex 82 0 3
      vertex 72 0 3
    endloop
  endfacet
  facet normal 0 -1 -0
    outer loop
      vertex 82 0 3
      vertex 72 0 0
      vertex 82 0 0
    endloop
  endfacet
  facet normal 0 1 -0
    outer loop
      vertex 82 30 0
      vertex 72 30 3
      vertex 82 30 3
    endloop
  endfacet
  facet normal 0 1 0
    outer loop
      vertex 72 30 3
      vertex 82 30 0
      vertex 72 30 0
    endloop
  endfacet
endsolid OpenSCAD_Model
