solid OpenSCAD_Model
  facet normal 0.998795 0.0490722 0
    outer loop
      vertex -3 -10 10
      vertex -3.03371 -9.31388 0
      vertex -3.03371 -9.31388 10
    endloop
  endfacet
  facet normal 0.998795 0.0490722 0
    outer loop
      vertex -3.03371 -9.31388 0
      vertex -3 -10 10
      vertex -3 -10 0
    endloop
  endfacet
  facet normal -0.998796 0.0490576 0
    outer loop
      vertex -17 -10 0
      vertex -16.9663 -9.31388 10
      vertex -16.9663 -9.31388 0
    endloop
  endfacet
  facet normal -0.998796 0.0490576 0
    outer loop
      vertex -16.9663 -9.31388 10
      vertex -17 -10 0
      vertex -17 -10 10
    endloop
  endfacet
  facet normal 0.0490722 0.998795 -0
    outer loop
      vertex -9.31388 -3.03371 0
      vertex -10 -3 10
      vertex -9.31388 -3.03371 10
    endloop
  endfacet
  facet normal 0.0490722 0.998795 0
    outer loop
      vertex -10 -3 10
      vertex -9.31388 -3.03371 0
      vertex -10 -3 0
    endloop
  endfacet
  facet normal 0.67155 0.740959 -0
    outer loop
      vertex -5.05025 -5.05025 0
      vertex -5.55925 -4.58893 10
      vertex -5.05025 -5.05025 10
    endloop
  endfacet
  facet normal 0.67155 0.740959 0
    outer loop
      vertex -5.55925 -4.58893 10
      vertex -5.05025 -5.05025 0
      vertex -5.55925 -4.58893 0
    endloop
  endfacet
  facet normal -0.671623 0.740893 0
    outer loop
      vertex -14.4408 -4.58893 0
      vertex -14.9497 -5.05025 10
      vertex -14.4408 -4.58893 10
    endloop
  endfacet
  facet normal -0.671623 0.740893 0
    outer loop
      vertex -14.9497 -5.05025 10
      vertex -14.4408 -4.58893 0
      vertex -14.9497 -5.05025 0
    endloop
  endfacet
  facet normal -0.336879 0.941548 0
    outer loop
      vertex -12.032 -3.30142 0
      vertex -12.6788 -3.53284 10
      vertex -12.032 -3.30142 10
    endloop
  endfacet
  facet normal -0.336879 0.941548 0
    outer loop
      vertex -12.6788 -3.53284 10
      vertex -12.032 -3.30142 0
      vertex -12.6788 -3.53284 0
    endloop
  endfacet
  facet normal 0.90399 0.427554 0
    outer loop
      vertex -3.53284 -7.32122 10
      vertex -3.82655 -6.70022 0
      vertex -3.82655 -6.70022 10
    endloop
  endfacet
  facet normal 0.90399 0.427554 0
    outer loop
      vertex -3.82655 -6.70022 0
      vertex -3.53284 -7.32122 10
      vertex -3.53284 -7.32122 0
    endloop
  endfacet
  facet normal 0.427554 0.90399 -0
    outer loop
      vertex -6.70022 -3.82655 0
      vertex -7.32122 -3.53284 10
      vertex -6.70022 -3.82655 10
    endloop
  endfacet
  facet normal 0.427554 0.90399 0
    outer loop
      vertex -7.32122 -3.53284 10
      vertex -6.70022 -3.82655 0
      vertex -7.32122 -3.53284 0
    endloop
  endfacet
  facet normal 0.514104 0.857728 -0
    outer loop
      vertex -6.11101 -4.17971 0
      vertex -6.70022 -3.82655 10
      vertex -6.11101 -4.17971 10
    endloop
  endfacet
  facet normal 0.514104 0.857728 0
    outer loop
      vertex -6.70022 -3.82655 10
      vertex -6.11101 -4.17971 0
      vertex -6.70022 -3.82655 0
    endloop
  endfacet
  facet normal -0.903939 0.427661 0
    outer loop
      vertex -16.4672 -7.32122 0
      vertex -16.1734 -6.70022 10
      vertex -16.1734 -6.70022 0
    endloop
  endfacet
  facet normal -0.903939 0.427661 0
    outer loop
      vertex -16.1734 -6.70022 10
      vertex -16.4672 -7.32122 0
      vertex -16.4672 -7.32122 10
    endloop
  endfacet
  facet normal -0.146724 0.989177 0
    outer loop
      vertex -10.6861 -3.03371 0
      vertex -11.3656 -3.1345 10
      vertex -10.6861 -3.03371 10
    endloop
  endfacet
  facet normal -0.146724 0.989177 0
    outer loop
      vertex -11.3656 -3.1345 10
      vertex -10.6861 -3.03371 0
      vertex -11.3656 -3.1345 0
    endloop
  endfacet
  facet normal 0 0 -1
    outer loop
      vertex -8.3 -10 0
      vertex -3 -10 0
      vertex -3.03371 -10.6861 0
    endloop
  endfacet
  facet normal 0 0 -1
    outer loop
      vertex -8.30819 -10.1666 0
      vertex -3.03371 -10.6861 0
      vertex -3.1345 -11.3656 0
    endloop
  endfacet
  facet normal 0 0 -1
    outer loop
      vertex -3 -10 0
      vertex -8.3 -10 0
      vertex -3.03371 -9.31388 0
    endloop
  endfacet
  facet normal 0 0 -1
    outer loop
      vertex -8.33267 -10.3317 0
      vertex -3.1345 -11.3656 0
      vertex -3.30142 -12.032 0
    endloop
  endfacet
  facet normal 0 0 -1
    outer loop
      vertex -8.30819 -9.83337 0
      vertex -3.03371 -9.31388 0
      vertex -8.3 -10 0
    endloop
  endfacet
  facet normal 0 0 -1
    outer loop
      vertex -8.3732 -10.4935 0
      vertex -3.30142 -12.032 0
      vertex -3.53284 -12.6788 0
    endloop
  endfacet
  facet normal -0 0 -1
    outer loop
      vertex -3.03371 -9.31388 0
      vertex -8.30819 -9.83337 0
      vertex -3.1345 -8.63437 0
    endloop
  endfacet
  facet normal 0 0 -1
    outer loop
      vertex -8.42941 -10.6506 0
      vertex -3.53284 -12.6788 0
      vertex -3.82655 -13.2998 0
    endloop
  endfacet
  facet normal 0 0 -1
    outer loop
      vertex -8.33267 -9.66835 0
      vertex -3.1345 -8.63437 0
      vertex -8.30819 -9.83337 0
    endloop
  endfacet
  facet normal 0 0 -1
    outer loop
      vertex -8.50073 -10.8014 0
      vertex -3.82655 -13.2998 0
      vertex -4.17971 -13.889 0
    endloop
  endfacet
  facet normal -0 0 -1
    outer loop
      vertex -3.1345 -8.63437 0
      vertex -8.33267 -9.66835 0
      vertex -3.30142 -7.96801 0
    endloop
  endfacet
  facet normal 0 0 -1
    outer loop
      vertex -8.5865 -10.9445 0
      vertex -4.17971 -13.889 0
      vertex -4.58893 -14.4408 0
    endloop
  endfacet
  facet normal 0 0 -1
    outer loop
      vertex -8.3732 -9.50652 0
      vertex -3.30142 -7.96801 0
      vertex -8.33267 -9.66835 0
    endloop
  endfacet
  facet normal 0 0 -1
    outer loop
      vertex -8.68588 -11.0785 0
      vertex -4.58893 -14.4408 0
      vertex -5.05025 -14.9497 0
    endloop
  endfacet
  facet normal -0 0 -1
    outer loop
      vertex -3.30142 -7.96801 0
      vertex -8.3732 -9.50652 0
      vertex -3.53284 -7.32122 0
    endloop
  endfacet
  facet normal 0 0 -1
    outer loop
      vertex -8.79792 -11.2021 0
      vertex -5.05025 -14.9497 0
      vertex -5.55925 -15.4111 0
    endloop
  endfacet
  facet normal 0 0 -1
    outer loop
      vertex -8.42941 -9.34944 0
      vertex -3.53284 -7.32122 0
      vertex -8.3732 -9.50652 0
    endloop
  endfacet
  facet normal 0 0 -1
    outer loop
      vertex -8.92153 -11.3141 0
      vertex -5.55925 -15.4111 0
      vertex -6.11101 -15.8203 0
    endloop
  endfacet
  facet normal -0 0 -1
    outer loop
      vertex -3.53284 -7.32122 0
      vertex -8.42941 -9.34944 0
      vertex -3.82655 -6.70022 0
    endloop
  endfacet
  facet normal 0 0 -1
    outer loop
      vertex -9.05553 -11.4135 0
      vertex -6.11101 -15.8203 0
      vertex -6.70022 -16.1734 0
    endloop
  endfacet
  facet normal 0 0 -1
    outer loop
      vertex -8.50073 -9.19863 0
      vertex -3.82655 -6.70022 0
      vertex -8.42941 -9.34944 0
    endloop
  endfacet
  facet normal 0 0 -1
    outer loop
      vertex -9.19863 -11.4993 0
      vertex -6.70022 -16.1734 0
      vertex -7.32122 -16.4672 0
    endloop
  endfacet
  facet normal -0 0 -1
    outer loop
      vertex -3.82655 -6.70022 0
      vertex -8.50073 -9.19863 0
      vertex -4.17971 -6.11101 0
    endloop
  endfacet
  facet normal 0 0 -1
    outer loop
      vertex -9.34944 -11.5706 0
      vertex -7.32122 -16.4672 0
      vertex -7.96801 -16.6986 0
    endloop
  endfacet
  facet normal 0 0 -1
    outer loop
      vertex -8.5865 -9.05553 0
      vertex -4.17971 -6.11101 0
      vertex -8.50073 -9.19863 0
    endloop
  endfacet
  facet normal -0 0 -1
    outer loop
      vertex -4.17971 -6.11101 0
      vertex -8.5865 -9.05553 0
      vertex -4.58893 -5.55925 0
    endloop
  endfacet
  facet normal 0 0 -1
    outer loop
      vertex -3.03371 -10.6861 0
      vertex -8.30819 -10.1666 0
      vertex -8.3 -10 0
    endloop
  endfacet
  facet normal 0 0 -1
    outer loop
      vertex -3.1345 -11.3656 0
      vertex -8.33267 -10.3317 0
      vertex -8.30819 -10.1666 0
    endloop
  endfacet
  facet normal 0 0 -1
    outer loop
      vertex -3.30142 -12.032 0
      vertex -8.3732 -10.4935 0
      vertex -8.33267 -10.3317 0
    endloop
  endfacet
  facet normal 0 0 -1
    outer loop
      vertex -3.53284 -12.6788 0
      vertex -8.42941 -10.6506 0
      vertex -8.3732 -10.4935 0
    endloop
  endfacet
  facet normal 0 0 -1
    outer loop
      vertex -3.82655 -13.2998 0
      vertex -8.50073 -10.8014 0
      vertex -8.42941 -10.6506 0
    endloop
  endfacet
  facet normal 0 0 -1
    outer loop
      vertex -4.17971 -13.889 0
      vertex -8.5865 -10.9445 0
      vertex -8.50073 -10.8014 0
    endloop
  endfacet
  facet normal 0 0 -1
    outer loop
      vertex -9.50652 -11.6268 0
      vertex -7.96801 -16.6986 0
      vertex -8.63437 -16.8655 0
    endloop
  endfacet
  facet normal 0 0 -1
    outer loop
      vertex -4.58893 -14.4408 0
      vertex -8.68588 -11.0785 0
      vertex -8.5865 -10.9445 0
    endloop
  endfacet
  facet normal 0 0 -1
    outer loop
      vertex -5.05025 -14.9497 0
      vertex -8.79792 -11.2021 0
      vertex -8.68588 -11.0785 0
    endloop
  endfacet
  facet normal 0 0 -1
    outer loop
      vertex -5.55925 -15.4111 0
      vertex -8.92153 -11.3141 0
      vertex -8.79792 -11.2021 0
    endloop
  endfacet
  facet normal 0 0 -1
    outer loop
      vertex -6.11101 -15.8203 0
      vertex -9.05553 -11.4135 0
      vertex -8.92153 -11.3141 0
    endloop
  endfacet
  facet normal 0 0 -1
    outer loop
      vertex -6.70022 -16.1734 0
      vertex -9.19863 -11.4993 0
      vertex -9.05553 -11.4135 0
    endloop
  endfacet
  facet normal 0 0 -1
    outer loop
      vertex -9.66835 -11.6673 0
      vertex -8.63437 -16.8655 0
      vertex -9.31388 -16.9663 0
    endloop
  endfacet
  facet normal 0 0 -1
    outer loop
      vertex -7.32122 -16.4672 0
      vertex -9.34944 -11.5706 0
      vertex -9.19863 -11.4993 0
    endloop
  endfacet
  facet normal 0 0 -1
    outer loop
      vertex -7.96801 -16.6986 0
      vertex -9.50652 -11.6268 0
      vertex -9.34944 -11.5706 0
    endloop
  endfacet
  facet normal 0 0 -1
    outer loop
      vertex -8.63437 -16.8655 0
      vertex -9.66835 -11.6673 0
      vertex -9.50652 -11.6268 0
    endloop
  endfacet
  facet normal 0 0 -1
    outer loop
      vertex -9.31388 -16.9663 0
      vertex -9.83337 -11.6918 0
      vertex -9.66835 -11.6673 0
    endloop
  endfacet
  facet normal 0 0 -1
    outer loop
      vertex -10 -17 0
      vertex -9.83337 -11.6918 0
      vertex -9.31388 -16.9663 0
    endloop
  endfacet
  facet normal 0 0 -1
    outer loop
      vertex -10 -17 0
      vertex -10 -11.7 0
      vertex -9.83337 -11.6918 0
    endloop
  endfacet
  facet normal 0 0 -1
    outer loop
      vertex -10 -17 0
      vertex -10.1666 -11.6918 0
      vertex -10 -11.7 0
    endloop
  endfacet
  facet normal 0 0 -1
    outer loop
      vertex -10.6861 -16.9663 0
      vertex -10.1666 -11.6918 0
      vertex -10 -17 0
    endloop
  endfacet
  facet normal -0 0 -1
    outer loop
      vertex -10.1666 -11.6918 0
      vertex -10.6861 -16.9663 0
      vertex -10.3317 -11.6673 0
    endloop
  endfacet
  facet normal 0 0 -1
    outer loop
      vertex -11.3656 -16.8655 0
      vertex -10.3317 -11.6673 0
      vertex -10.6861 -16.9663 0
    endloop
  endfacet
  facet normal -0 0 -1
    outer loop
      vertex -10.3317 -11.6673 0
      vertex -11.3656 -16.8655 0
      vertex -10.4935 -11.6268 0
    endloop
  endfacet
  facet normal 0 0 -1
    outer loop
      vertex -12.032 -16.6986 0
      vertex -10.4935 -11.6268 0
      vertex -11.3656 -16.8655 0
    endloop
  endfacet
  facet normal -0 0 -1
    outer loop
      vertex -10.4935 -11.6268 0
      vertex -12.032 -16.6986 0
      vertex -10.6506 -11.5706 0
    endloop
  endfacet
  facet normal 0 0 -1
    outer loop
      vertex -12.6788 -16.4672 0
      vertex -10.6506 -11.5706 0
      vertex -12.032 -16.6986 0
    endloop
  endfacet
  facet normal -0 0 -1
    outer loop
      vertex -10.6506 -11.5706 0
      vertex -12.6788 -16.4672 0
      vertex -10.8014 -11.4993 0
    endloop
  endfacet
  facet normal 0 0 -1
    outer loop
      vertex -13.2998 -16.1734 0
      vertex -10.8014 -11.4993 0
      vertex -12.6788 -16.4672 0
    endloop
  endfacet
  facet normal -0 0 -1
    outer loop
      vertex -10.8014 -11.4993 0
      vertex -13.2998 -16.1734 0
      vertex -10.9445 -11.4135 0
    endloop
  endfacet
  facet normal 0 0 -1
    outer loop
      vertex -13.889 -15.8203 0
      vertex -10.9445 -11.4135 0
      vertex -13.2998 -16.1734 0
    endloop
  endfacet
  facet normal -0 0 -1
    outer loop
      vertex -10.9445 -11.4135 0
      vertex -13.889 -15.8203 0
      vertex -11.0785 -11.3141 0
    endloop
  endfacet
  facet normal 0 0 -1
    outer loop
      vertex -14.4408 -15.4111 0
      vertex -11.0785 -11.3141 0
      vertex -13.889 -15.8203 0
    endloop
  endfacet
  facet normal -0 0 -1
    outer loop
      vertex -11.0785 -11.3141 0
      vertex -14.4408 -15.4111 0
      vertex -11.2021 -11.2021 0
    endloop
  endfacet
  facet normal 0 0 -1
    outer loop
      vertex -14.9497 -14.9497 0
      vertex -11.2021 -11.2021 0
      vertex -14.4408 -15.4111 0
    endloop
  endfacet
  facet normal -0 0 -1
    outer loop
      vertex -11.2021 -11.2021 0
      vertex -14.9497 -14.9497 0
      vertex -11.3141 -11.0785 0
    endloop
  endfacet
  facet normal 0 0 -1
    outer loop
      vertex -15.4111 -14.4408 0
      vertex -11.3141 -11.0785 0
      vertex -14.9497 -14.9497 0
    endloop
  endfacet
  facet normal -0 0 -1
    outer loop
      vertex -11.3141 -11.0785 0
      vertex -15.4111 -14.4408 0
      vertex -11.4135 -10.9445 0
    endloop
  endfacet
  facet normal 0 0 -1
    outer loop
      vertex -8.68588 -8.92153 0
      vertex -4.58893 -5.55925 0
      vertex -8.5865 -9.05553 0
    endloop
  endfacet
  facet normal -0 0 -1
    outer loop
      vertex -4.58893 -5.55925 0
      vertex -8.68588 -8.92153 0
      vertex -5.05025 -5.05025 0
    endloop
  endfacet
  facet normal 0 0 -1
    outer loop
      vertex -8.79792 -8.79792 0
      vertex -5.05025 -5.05025 0
      vertex -8.68588 -8.92153 0
    endloop
  endfacet
  facet normal -0 0 -1
    outer loop
      vertex -5.05025 -5.05025 0
      vertex -8.79792 -8.79792 0
      vertex -5.55925 -4.58893 0
    endloop
  endfacet
  facet normal 0 0 -1
    outer loop
      vertex -8.92153 -8.68588 0
      vertex -5.55925 -4.58893 0
      vertex -8.79792 -8.79792 0
    endloop
  endfacet
  facet normal -0 0 -1
    outer loop
      vertex -5.55925 -4.58893 0
      vertex -8.92153 -8.68588 0
      vertex -6.11101 -4.17971 0
    endloop
  endfacet
  facet normal 0 0 -1
    outer loop
      vertex -9.05553 -8.5865 0
      vertex -6.11101 -4.17971 0
      vertex -8.92153 -8.68588 0
    endloop
  endfacet
  facet normal -0 0 -1
    outer loop
      vertex -6.11101 -4.17971 0
      vertex -9.05553 -8.5865 0
      vertex -6.70022 -3.82655 0
    endloop
  endfacet
  facet normal 0 0 -1
    outer loop
      vertex -9.19863 -8.50073 0
      vertex -6.70022 -3.82655 0
      vertex -9.05553 -8.5865 0
    endloop
  endfacet
  facet normal -0 0 -1
    outer loop
      vertex -6.70022 -3.82655 0
      vertex -9.19863 -8.50073 0
      vertex -7.32122 -3.53284 0
    endloop
  endfacet
  facet normal 0 0 -1
    outer loop
      vertex -9.34944 -8.42941 0
      vertex -7.32122 -3.53284 0
      vertex -9.19863 -8.50073 0
    endloop
  endfacet
  facet normal -0 0 -1
    outer loop
      vertex -7.32122 -3.53284 0
      vertex -9.34944 -8.42941 0
      vertex -7.96801 -3.30142 0
    endloop
  endfacet
  facet normal 0 0 -1
    outer loop
      vertex -9.50652 -8.3732 0
      vertex -7.96801 -3.30142 0
      vertex -9.34944 -8.42941 0
    endloop
  endfacet
  facet normal -0 0 -1
    outer loop
      vertex -7.96801 -3.30142 0
      vertex -9.50652 -8.3732 0
      vertex -8.63437 -3.1345 0
    endloop
  endfacet
  facet normal 0 0 -1
    outer loop
      vertex -9.66835 -8.33267 0
      vertex -8.63437 -3.1345 0
      vertex -9.50652 -8.3732 0
    endloop
  endfacet
  facet normal -0 0 -1
    outer loop
      vertex -8.63437 -3.1345 0
      vertex -9.66835 -8.33267 0
      vertex -9.31388 -3.03371 0
    endloop
  endfacet
  facet normal 0 0 -1
    outer loop
      vertex -9.83337 -8.30819 0
      vertex -9.31388 -3.03371 0
      vertex -9.66835 -8.33267 0
    endloop
  endfacet
  facet normal 0 0 -1
    outer loop
      vertex -10 -8.3 0
      vertex -9.31388 -3.03371 0
      vertex -9.83337 -8.30819 0
    endloop
  endfacet
  facet normal 0 0 -1
    outer loop
      vertex -10 -8.3 0
      vertex -10 -3 0
      vertex -9.31388 -3.03371 0
    endloop
  endfacet
  facet normal 0 0 -1
    outer loop
      vertex -10.1666 -8.30819 0
      vertex -10 -3 0
      vertex -10 -8.3 0
    endloop
  endfacet
  facet normal 0 0 -1
    outer loop
      vertex -10.6861 -3.03371 0
      vertex -10.1666 -8.30819 0
      vertex -10.3317 -8.33267 0
    endloop
  endfacet
  facet normal 0 0 -1
    outer loop
      vertex -11.3656 -3.1345 0
      vertex -10.3317 -8.33267 0
      vertex -10.4935 -8.3732 0
    endloop
  endfacet
  facet normal 0 0 -1
    outer loop
      vertex -12.032 -3.30142 0
      vertex -10.4935 -8.3732 0
      vertex -10.6506 -8.42941 0
    endloop
  endfacet
  facet normal 0 0 -1
    outer loop
      vertex -10.1666 -8.30819 0
      vertex -10.6861 -3.03371 0
      vertex -10 -3 0
    endloop
  endfacet
  facet normal 0 0 -1
    outer loop
      vertex -12.6788 -3.53284 0
      vertex -10.6506 -8.42941 0
      vertex -10.8014 -8.50073 0
    endloop
  endfacet
  facet normal 0 0 -1
    outer loop
      vertex -13.2998 -3.82655 0
      vertex -10.8014 -8.50073 0
      vertex -10.9445 -8.5865 0
    endloop
  endfacet
  facet normal 0 0 -1
    outer loop
      vertex -13.889 -4.17971 0
      vertex -10.9445 -8.5865 0
      vertex -11.0785 -8.68588 0
    endloop
  endfacet
  facet normal 0 0 -1
    outer loop
      vertex -14.4408 -4.58893 0
      vertex -11.0785 -8.68588 0
      vertex -11.2021 -8.79792 0
    endloop
  endfacet
  facet normal 0 0 -1
    outer loop
      vertex -14.9497 -5.05025 0
      vertex -11.2021 -8.79792 0
      vertex -11.3141 -8.92153 0
    endloop
  endfacet
  facet normal 0 0 -1
    outer loop
      vertex -10.3317 -8.33267 0
      vertex -11.3656 -3.1345 0
      vertex -10.6861 -3.03371 0
    endloop
  endfacet
  facet normal 0 0 -1
    outer loop
      vertex -15.4111 -5.55925 0
      vertex -11.3141 -8.92153 0
      vertex -11.4135 -9.05553 0
    endloop
  endfacet
  facet normal 0 0 -1
    outer loop
      vertex -15.8203 -6.11101 0
      vertex -11.4135 -9.05553 0
      vertex -11.4993 -9.19863 0
    endloop
  endfacet
  facet normal 0 0 -1
    outer loop
      vertex -16.1734 -6.70022 0
      vertex -11.4993 -9.19863 0
      vertex -11.5706 -9.34944 0
    endloop
  endfacet
  facet normal 0 0 -1
    outer loop
      vertex -16.4672 -7.32122 0
      vertex -11.5706 -9.34944 0
      vertex -11.6268 -9.50652 0
    endloop
  endfacet
  facet normal 0 0 -1
    outer loop
      vertex -16.6986 -7.96801 0
      vertex -11.6268 -9.50652 0
      vertex -11.6673 -9.66835 0
    endloop
  endfacet
  facet normal 0 0 -1
    outer loop
      vertex -16.8655 -8.63437 0
      vertex -11.6673 -9.66835 0
      vertex -11.6918 -9.83337 0
    endloop
  endfacet
  facet normal 0 0 -1
    outer loop
      vertex -16.9663 -9.31388 0
      vertex -11.6918 -9.83337 0
      vertex -11.7 -10 0
    endloop
  endfacet
  facet normal 0 0 -1
    outer loop
      vertex -15.8203 -13.889 0
      vertex -11.4135 -10.9445 0
      vertex -15.4111 -14.4408 0
    endloop
  endfacet
  facet normal 0 0 -1
    outer loop
      vertex -10.4935 -8.3732 0
      vertex -12.032 -3.30142 0
      vertex -11.3656 -3.1345 0
    endloop
  endfacet
  facet normal -0 0 -1
    outer loop
      vertex -11.4135 -10.9445 0
      vertex -15.8203 -13.889 0
      vertex -11.4993 -10.8014 0
    endloop
  endfacet
  facet normal 0 0 -1
    outer loop
      vertex -10.6506 -8.42941 0
      vertex -12.6788 -3.53284 0
      vertex -12.032 -3.30142 0
    endloop
  endfacet
  facet normal 0 0 -1
    outer loop
      vertex -16.1734 -13.2998 0
      vertex -11.4993 -10.8014 0
      vertex -15.8203 -13.889 0
    endloop
  endfacet
  facet normal 0 0 -1
    outer loop
      vertex -10.8014 -8.50073 0
      vertex -13.2998 -3.82655 0
      vertex -12.6788 -3.53284 0
    endloop
  endfacet
  facet normal -0 0 -1
    outer loop
      vertex -11.4993 -10.8014 0
      vertex -16.1734 -13.2998 0
      vertex -11.5706 -10.6506 0
    endloop
  endfacet
  facet normal 0 0 -1
    outer loop
      vertex -10.9445 -8.5865 0
      vertex -13.889 -4.17971 0
      vertex -13.2998 -3.82655 0
    endloop
  endfacet
  facet normal 0 0 -1
    outer loop
      vertex -16.4672 -12.6788 0
      vertex -11.5706 -10.6506 0
      vertex -16.1734 -13.2998 0
    endloop
  endfacet
  facet normal 0 0 -1
    outer loop
      vertex -11.0785 -8.68588 0
      vertex -14.4408 -4.58893 0
      vertex -13.889 -4.17971 0
    endloop
  endfacet
  facet normal -0 0 -1
    outer loop
      vertex -11.5706 -10.6506 0
      vertex -16.4672 -12.6788 0
      vertex -11.6268 -10.4935 0
    endloop
  endfacet
  facet normal 0 0 -1
    outer loop
      vertex -11.2021 -8.79792 0
      vertex -14.9497 -5.05025 0
      vertex -14.4408 -4.58893 0
    endloop
  endfacet
  facet normal 0 0 -1
    outer loop
      vertex -16.6986 -12.032 0
      vertex -11.6268 -10.4935 0
      vertex -16.4672 -12.6788 0
    endloop
  endfacet
  facet normal 0 0 -1
    outer loop
      vertex -11.3141 -8.92153 0
      vertex -15.4111 -5.55925 0
      vertex -14.9497 -5.05025 0
    endloop
  endfacet
  facet normal -0 0 -1
    outer loop
      vertex -11.6268 -10.4935 0
      vertex -16.6986 -12.032 0
      vertex -11.6673 -10.3317 0
    endloop
  endfacet
  facet normal 0 0 -1
    outer loop
      vertex -11.4135 -9.05553 0
      vertex -15.8203 -6.11101 0
      vertex -15.4111 -5.55925 0
    endloop
  endfacet
  facet normal 0 0 -1
    outer loop
      vertex -16.8655 -11.3656 0
      vertex -11.6673 -10.3317 0
      vertex -16.6986 -12.032 0
    endloop
  endfacet
  facet normal 0 0 -1
    outer loop
      vertex -11.4993 -9.19863 0
      vertex -16.1734 -6.70022 0
      vertex -15.8203 -6.11101 0
    endloop
  endfacet
  facet normal -0 0 -1
    outer loop
      vertex -11.6673 -10.3317 0
      vertex -16.8655 -11.3656 0
      vertex -11.6918 -10.1666 0
    endloop
  endfacet
  facet normal 0 0 -1
    outer loop
      vertex -11.5706 -9.34944 0
      vertex -16.4672 -7.32122 0
      vertex -16.1734 -6.70022 0
    endloop
  endfacet
  facet normal 0 0 -1
    outer loop
      vertex -16.9663 -10.6861 0
      vertex -11.6918 -10.1666 0
      vertex -16.8655 -11.3656 0
    endloop
  endfacet
  facet normal 0 0 -1
    outer loop
      vertex -11.6268 -9.50652 0
      vertex -16.6986 -7.96801 0
      vertex -16.4672 -7.32122 0
    endloop
  endfacet
  facet normal -0 0 -1
    outer loop
      vertex -11.6918 -10.1666 0
      vertex -16.9663 -10.6861 0
      vertex -11.7 -10 0
    endloop
  endfacet
  facet normal 0 0 -1
    outer loop
      vertex -11.6673 -9.66835 0
      vertex -16.8655 -8.63437 0
      vertex -16.6986 -7.96801 0
    endloop
  endfacet
  facet normal 0 0 -1
    outer loop
      vertex -17 -10 0
      vertex -11.7 -10 0
      vertex -16.9663 -10.6861 0
    endloop
  endfacet
  facet normal 0 0 -1
    outer loop
      vertex -11.6918 -9.83337 0
      vertex -16.9663 -9.31388 0
      vertex -16.8655 -8.63437 0
    endloop
  endfacet
  facet normal 0 0 -1
    outer loop
      vertex -11.7 -10 0
      vertex -17 -10 0
      vertex -16.9663 -9.31388 0
    endloop
  endfacet
  facet normal 0.970029 0.242988 0
    outer loop
      vertex -3.1345 -8.63437 10
      vertex -3.30142 -7.96801 0
      vertex -3.30142 -7.96801 10
    endloop
  endfacet
  facet normal 0.970029 0.242988 0
    outer loop
      vertex -3.30142 -7.96801 0
      vertex -3.1345 -8.63437 10
      vertex -3.1345 -8.63437 0
    endloop
  endfacet
  facet normal 0.989178 0.146722 0
    outer loop
      vertex -3.03371 -9.31388 10
      vertex -3.1345 -8.63437 0
      vertex -3.1345 -8.63437 10
    endloop
  endfacet
  facet normal 0.989178 0.146722 0
    outer loop
      vertex -3.1345 -8.63437 0
      vertex -3.03371 -9.31388 10
      vertex -3.03371 -9.31388 0
    endloop
  endfacet
  facet normal 0.941546 0.336883 0
    outer loop
      vertex -3.30142 -7.96801 10
      vertex -3.53284 -7.32122 0
      vertex -3.53284 -7.32122 10
    endloop
  endfacet
  facet normal 0.941546 0.336883 0
    outer loop
      vertex -3.53284 -7.32122 0
      vertex -3.30142 -7.96801 10
      vertex -3.30142 -7.96801 0
    endloop
  endfacet
  facet normal 0.803203 0.595706 0
    outer loop
      vertex -4.17971 -6.11101 10
      vertex -4.58893 -5.55925 0
      vertex -4.58893 -5.55925 10
    endloop
  endfacet
  facet normal 0.803203 0.595706 0
    outer loop
      vertex -4.58893 -5.55925 0
      vertex -4.17971 -6.11101 10
      vertex -4.17971 -6.11101 0
    endloop
  endfacet
  facet normal 0.740959 0.67155 0
    outer loop
      vertex -4.58893 -5.55925 10
      vertex -5.05025 -5.05025 0
      vertex -5.05025 -5.05025 10
    endloop
  endfacet
  facet normal 0.740959 0.67155 0
    outer loop
      vertex -5.05025 -5.05025 0
      vertex -4.58893 -5.55925 10
      vertex -4.58893 -5.55925 0
    endloop
  endfacet
  facet normal 0.857728 0.514104 0
    outer loop
      vertex -3.82655 -6.70022 10
      vertex -4.17971 -6.11101 0
      vertex -4.17971 -6.11101 10
    endloop
  endfacet
  facet normal 0.857728 0.514104 0
    outer loop
      vertex -4.17971 -6.11101 0
      vertex -3.82655 -6.70022 10
      vertex -3.82655 -6.70022 0
    endloop
  endfacet
  facet normal 0.242988 0.970029 -0
    outer loop
      vertex -7.96801 -3.30142 0
      vertex -8.63437 -3.1345 10
      vertex -7.96801 -3.30142 10
    endloop
  endfacet
  facet normal 0.242988 0.970029 0
    outer loop
      vertex -8.63437 -3.1345 10
      vertex -7.96801 -3.30142 0
      vertex -8.63437 -3.1345 0
    endloop
  endfacet
  facet normal 0.336883 0.941546 -0
    outer loop
      vertex -7.32122 -3.53284 0
      vertex -7.96801 -3.30142 10
      vertex -7.32122 -3.53284 10
    endloop
  endfacet
  facet normal 0.336883 0.941546 0
    outer loop
      vertex -7.96801 -3.30142 10
      vertex -7.32122 -3.53284 0
      vertex -7.96801 -3.30142 0
    endloop
  endfacet
  facet normal 0.146722 0.989178 -0
    outer loop
      vertex -8.63437 -3.1345 0
      vertex -9.31388 -3.03371 10
      vertex -8.63437 -3.1345 10
    endloop
  endfacet
  facet normal 0.146722 0.989178 0
    outer loop
      vertex -9.31388 -3.03371 10
      vertex -8.63437 -3.1345 0
      vertex -9.31388 -3.03371 0
    endloop
  endfacet
  facet normal 0.595706 0.803203 -0
    outer loop
      vertex -5.55925 -4.58893 0
      vertex -6.11101 -4.17971 10
      vertex -5.55925 -4.58893 10
    endloop
  endfacet
  facet normal 0.595706 0.803203 0
    outer loop
      vertex -6.11101 -4.17971 10
      vertex -5.55925 -4.58893 0
      vertex -6.11101 -4.17971 0
    endloop
  endfacet
  facet normal -0.970036 0.24296 0
    outer loop
      vertex -16.8655 -8.63437 0
      vertex -16.6986 -7.96801 10
      vertex -16.6986 -7.96801 0
    endloop
  endfacet
  facet normal -0.970036 0.24296 0
    outer loop
      vertex -16.6986 -7.96801 10
      vertex -16.8655 -8.63437 0
      vertex -16.8655 -8.63437 10
    endloop
  endfacet
  facet normal -0.803217 0.595687 0
    outer loop
      vertex -15.8203 -6.11101 0
      vertex -15.4111 -5.55925 10
      vertex -15.4111 -5.55925 0
    endloop
  endfacet
  facet normal -0.803217 0.595687 0
    outer loop
      vertex -15.4111 -5.55925 10
      vertex -15.8203 -6.11101 0
      vertex -15.8203 -6.11101 10
    endloop
  endfacet
  facet normal -0.740901 0.671614 0
    outer loop
      vertex -15.4111 -5.55925 0
      vertex -14.9497 -5.05025 10
      vertex -14.9497 -5.05025 0
    endloop
  endfacet
  facet normal -0.740901 0.671614 0
    outer loop
      vertex -14.9497 -5.05025 10
      vertex -15.4111 -5.55925 0
      vertex -15.4111 -5.55925 10
    endloop
  endfacet
  facet normal -0.857766 0.51404 0
    outer loop
      vertex -16.1734 -6.70022 0
      vertex -15.8203 -6.11101 10
      vertex -15.8203 -6.11101 0
    endloop
  endfacet
  facet normal -0.857766 0.51404 0
    outer loop
      vertex -15.8203 -6.11101 10
      vertex -16.1734 -6.70022 0
      vertex -16.1734 -6.70022 10
    endloop
  endfacet
  facet normal -0.941556 0.336857 0
    outer loop
      vertex -16.6986 -7.96801 0
      vertex -16.4672 -7.32122 10
      vertex -16.4672 -7.32122 0
    endloop
  endfacet
  facet normal -0.941556 0.336857 0
    outer loop
      vertex -16.4672 -7.32122 10
      vertex -16.6986 -7.96801 0
      vertex -16.6986 -7.96801 10
    endloop
  endfacet
  facet normal -0.989176 0.146736 0
    outer loop
      vertex -16.9663 -9.31388 0
      vertex -16.8655 -8.63437 10
      vertex -16.8655 -8.63437 0
    endloop
  endfacet
  facet normal -0.989176 0.146736 0
    outer loop
      vertex -16.8655 -8.63437 10
      vertex -16.9663 -9.31388 0
      vertex -16.9663 -9.31388 10
    endloop
  endfacet
  facet normal -0.51411 0.857724 0
    outer loop
      vertex -13.2998 -3.82655 0
      vertex -13.889 -4.17971 10
      vertex -13.2998 -3.82655 10
    endloop
  endfacet
  facet normal -0.51411 0.857724 0
    outer loop
      vertex -13.889 -4.17971 10
      vertex -13.2998 -3.82655 0
      vertex -13.889 -4.17971 0
    endloop
  endfacet
  facet normal -0.427554 0.90399 0
    outer loop
      vertex -12.6788 -3.53284 0
      vertex -13.2998 -3.82655 10
      vertex -12.6788 -3.53284 10
    endloop
  endfacet
  facet normal -0.427554 0.90399 0
    outer loop
      vertex -13.2998 -3.82655 10
      vertex -12.6788 -3.53284 0
      vertex -13.2998 -3.82655 0
    endloop
  endfacet
  facet normal -0.595678 0.803223 0
    outer loop
      vertex -13.889 -4.17971 0
      vertex -14.4408 -4.58893 10
      vertex -13.889 -4.17971 10
    endloop
  endfacet
  facet normal -0.595678 0.803223 0
    outer loop
      vertex -14.4408 -4.58893 10
      vertex -13.889 -4.17971 0
      vertex -14.4408 -4.58893 0
    endloop
  endfacet
  facet normal -0.242974 0.970033 0
    outer loop
      vertex -11.3656 -3.1345 0
      vertex -12.032 -3.30142 10
      vertex -11.3656 -3.1345 10
    endloop
  endfacet
  facet normal -0.242974 0.970033 0
    outer loop
      vertex -12.032 -3.30142 10
      vertex -11.3656 -3.1345 0
      vertex -12.032 -3.30142 0
    endloop
  endfacet
  facet normal -0.0490736 0.998795 0
    outer loop
      vertex -10 -3 0
      vertex -10.6861 -3.03371 10
      vertex -10 -3 10
    endloop
  endfacet
  facet normal -0.0490736 0.998795 0
    outer loop
      vertex -10.6861 -3.03371 10
      vertex -10 -3 0
      vertex -10.6861 -3.03371 0
    endloop
  endfacet
  facet normal 0.998795 -0.0490736 0
    outer loop
      vertex -3.03371 -10.6861 10
      vertex -3 -10 0
      vertex -3 -10 10
    endloop
  endfacet
  facet normal 0.998795 -0.0490736 0
    outer loop
      vertex -3 -10 0
      vertex -3.03371 -10.6861 10
      vertex -3.03371 -10.6861 0
    endloop
  endfacet
  facet normal 0.0490576 -0.998796 0
    outer loop
      vertex -10 -17 0
      vertex -9.31388 -16.9663 10
      vertex -10 -17 10
    endloop
  endfacet
  facet normal 0.0490576 -0.998796 0
    outer loop
      vertex -9.31388 -16.9663 10
      vertex -10 -17 0
      vertex -9.31388 -16.9663 0
    endloop
  endfacet
  facet normal 0.671614 -0.740901 0
    outer loop
      vertex -5.55925 -15.4111 0
      vertex -5.05025 -14.9497 10
      vertex -5.55925 -15.4111 10
    endloop
  endfacet
  facet normal 0.671614 -0.740901 0
    outer loop
      vertex -5.05025 -14.9497 10
      vertex -5.55925 -15.4111 0
      vertex -5.05025 -14.9497 0
    endloop
  endfacet
  facet normal 0.51404 -0.857766 0
    outer loop
      vertex -6.70022 -16.1734 0
      vertex -6.11101 -15.8203 10
      vertex -6.70022 -16.1734 10
    endloop
  endfacet
  facet normal 0.51404 -0.857766 0
    outer loop
      vertex -6.11101 -15.8203 10
      vertex -6.70022 -16.1734 0
      vertex -6.11101 -15.8203 0
    endloop
  endfacet
  facet normal 0.803223 -0.595678 0
    outer loop
      vertex -4.58893 -14.4408 10
      vertex -4.17971 -13.889 0
      vertex -4.17971 -13.889 10
    endloop
  endfacet
  facet normal 0.803223 -0.595678 0
    outer loop
      vertex -4.17971 -13.889 0
      vertex -4.58893 -14.4408 10
      vertex -4.58893 -14.4408 0
    endloop
  endfacet
  facet normal 0.90399 -0.427554 0
    outer loop
      vertex -3.82655 -13.2998 10
      vertex -3.53284 -12.6788 0
      vertex -3.53284 -12.6788 10
    endloop
  endfacet
  facet normal 0.90399 -0.427554 0
    outer loop
      vertex -3.53284 -12.6788 0
      vertex -3.82655 -13.2998 10
      vertex -3.82655 -13.2998 0
    endloop
  endfacet
  facet normal -0.671687 -0.740835 0
    outer loop
      vertex -14.9497 -14.9497 0
      vertex -14.4408 -15.4111 10
      vertex -14.9497 -14.9497 10
    endloop
  endfacet
  facet normal -0.671687 -0.740835 -0
    outer loop
      vertex -14.4408 -15.4111 10
      vertex -14.9497 -14.9497 0
      vertex -14.4408 -15.4111 0
    endloop
  endfacet
  facet normal -0.514046 -0.857763 0
    outer loop
      vertex -13.889 -15.8203 0
      vertex -13.2998 -16.1734 10
      vertex -13.889 -15.8203 10
    endloop
  endfacet
  facet normal -0.514046 -0.857763 -0
    outer loop
      vertex -13.2998 -16.1734 10
      vertex -13.889 -15.8203 0
      vertex -13.2998 -16.1734 0
    endloop
  endfacet
  facet normal -0.336853 -0.941557 0
    outer loop
      vertex -12.6788 -16.4672 0
      vertex -12.032 -16.6986 10
      vertex -12.6788 -16.4672 10
    endloop
  endfacet
  facet normal -0.336853 -0.941557 -0
    outer loop
      vertex -12.032 -16.6986 10
      vertex -12.6788 -16.4672 0
      vertex -12.032 -16.6986 0
    endloop
  endfacet
  facet normal -0.146739 -0.989175 0
    outer loop
      vertex -11.3656 -16.8655 0
      vertex -10.6861 -16.9663 10
      vertex -11.3656 -16.8655 10
    endloop
  endfacet
  facet normal -0.146739 -0.989175 -0
    outer loop
      vertex -10.6861 -16.9663 10
      vertex -11.3656 -16.8655 0
      vertex -10.6861 -16.9663 0
    endloop
  endfacet
  facet normal -0.903939 -0.427661 0
    outer loop
      vertex -16.1734 -13.2998 0
      vertex -16.4672 -12.6788 10
      vertex -16.4672 -12.6788 0
    endloop
  endfacet
  facet normal -0.903939 -0.427661 0
    outer loop
      vertex -16.4672 -12.6788 10
      vertex -16.1734 -13.2998 0
      vertex -16.1734 -13.2998 10
    endloop
  endfacet
  facet normal -0.803237 -0.595659 0
    outer loop
      vertex -15.4111 -14.4408 0
      vertex -15.8203 -13.889 10
      vertex -15.8203 -13.889 0
    endloop
  endfacet
  facet normal -0.803237 -0.595659 0
    outer loop
      vertex -15.8203 -13.889 10
      vertex -15.4111 -14.4408 0
      vertex -15.4111 -14.4408 10
    endloop
  endfacet
  facet normal -0.97004 -0.242947 0
    outer loop
      vertex -16.6986 -12.032 0
      vertex -16.8655 -11.3656 10
      vertex -16.8655 -11.3656 0
    endloop
  endfacet
  facet normal -0.97004 -0.242947 0
    outer loop
      vertex -16.8655 -11.3656 10
      vertex -16.6986 -12.032 0
      vertex -16.6986 -12.032 10
    endloop
  endfacet
  facet normal -0.998796 -0.0490591 0
    outer loop
      vertex -16.9663 -10.6861 0
      vertex -17 -10 10
      vertex -17 -10 0
    endloop
  endfacet
  facet normal -0.998796 -0.0490591 0
    outer loop
      vertex -17 -10 10
      vertex -16.9663 -10.6861 0
      vertex -16.9663 -10.6861 10
    endloop
  endfacet
  facet normal 0.146736 -0.989176 0
    outer loop
      vertex -9.31388 -16.9663 0
      vertex -8.63437 -16.8655 10
      vertex -9.31388 -16.9663 10
    endloop
  endfacet
  facet normal 0.146736 -0.989176 0
    outer loop
      vertex -8.63437 -16.8655 10
      vertex -9.31388 -16.9663 0
      vertex -8.63437 -16.8655 0
    endloop
  endfacet
  facet normal 0.427661 -0.903939 0
    outer loop
      vertex -7.32122 -16.4672 0
      vertex -6.70022 -16.1734 10
      vertex -7.32122 -16.4672 10
    endloop
  endfacet
  facet normal 0.427661 -0.903939 0
    outer loop
      vertex -6.70022 -16.1734 10
      vertex -7.32122 -16.4672 0
      vertex -6.70022 -16.1734 0
    endloop
  endfacet
  facet normal 0.24296 -0.970036 0
    outer loop
      vertex -8.63437 -16.8655 0
      vertex -7.96801 -16.6986 10
      vertex -8.63437 -16.8655 10
    endloop
  endfacet
  facet normal 0.24296 -0.970036 0
    outer loop
      vertex -7.96801 -16.6986 10
      vertex -8.63437 -16.8655 0
      vertex -7.96801 -16.6986 0
    endloop
  endfacet
  facet normal 0.740893 -0.671623 0
    outer loop
      vertex -5.05025 -14.9497 10
      vertex -4.58893 -14.4408 0
      vertex -4.58893 -14.4408 10
    endloop
  endfacet
  facet normal 0.740893 -0.671623 0
    outer loop
      vertex -4.58893 -14.4408 0
      vertex -5.05025 -14.9497 10
      vertex -5.05025 -14.9497 0
    endloop
  endfacet
  facet normal 0.595687 -0.803217 0
    outer loop
      vertex -6.11101 -15.8203 0
      vertex -5.55925 -15.4111 10
      vertex -6.11101 -15.8203 10
    endloop
  endfacet
  facet normal 0.595687 -0.803217 0
    outer loop
      vertex -5.55925 -15.4111 10
      vertex -6.11101 -15.8203 0
      vertex -5.55925 -15.4111 0
    endloop
  endfacet
  facet normal 0.857724 -0.51411 0
    outer loop
      vertex -4.17971 -13.889 10
      vertex -3.82655 -13.2998 0
      vertex -3.82655 -13.2998 10
    endloop
  endfacet
  facet normal 0.857724 -0.51411 0
    outer loop
      vertex -3.82655 -13.2998 0
      vertex -4.17971 -13.889 10
      vertex -4.17971 -13.889 0
    endloop
  endfacet
  facet normal 0.941548 -0.336879 0
    outer loop
      vertex -3.53284 -12.6788 10
      vertex -3.30142 -12.032 0
      vertex -3.30142 -12.032 10
    endloop
  endfacet
  facet normal 0.941548 -0.336879 0
    outer loop
      vertex -3.30142 -12.032 0
      vertex -3.53284 -12.6788 10
      vertex -3.53284 -12.6788 0
    endloop
  endfacet
  facet normal 0.989177 -0.146724 0
    outer loop
      vertex -3.1345 -11.3656 10
      vertex -3.03371 -10.6861 0
      vertex -3.03371 -10.6861 10
    endloop
  endfacet
  facet normal 0.989177 -0.146724 0
    outer loop
      vertex -3.03371 -10.6861 0
      vertex -3.1345 -11.3656 10
      vertex -3.1345 -11.3656 0
    endloop
  endfacet
  facet normal 0.970033 -0.242974 0
    outer loop
      vertex -3.30142 -12.032 10
      vertex -3.1345 -11.3656 0
      vertex -3.1345 -11.3656 10
    endloop
  endfacet
  facet normal 0.970033 -0.242974 0
    outer loop
      vertex -3.1345 -11.3656 0
      vertex -3.30142 -12.032 10
      vertex -3.30142 -12.032 0
    endloop
  endfacet
  facet normal -0.595659 -0.803237 0
    outer loop
      vertex -14.4408 -15.4111 0
      vertex -13.889 -15.8203 10
      vertex -14.4408 -15.4111 10
    endloop
  endfacet
  facet normal -0.595659 -0.803237 -0
    outer loop
      vertex -13.889 -15.8203 10
      vertex -14.4408 -15.4111 0
      vertex -13.889 -15.8203 0
    endloop
  endfacet
  facet normal -0.427661 -0.903939 0
    outer loop
      vertex -13.2998 -16.1734 0
      vertex -12.6788 -16.4672 10
      vertex -13.2998 -16.1734 10
    endloop
  endfacet
  facet normal -0.427661 -0.903939 -0
    outer loop
      vertex -12.6788 -16.4672 10
      vertex -13.2998 -16.1734 0
      vertex -12.6788 -16.4672 0
    endloop
  endfacet
  facet normal -0.242947 -0.97004 0
    outer loop
      vertex -12.032 -16.6986 0
      vertex -11.3656 -16.8655 10
      vertex -12.032 -16.6986 10
    endloop
  endfacet
  facet normal -0.242947 -0.97004 -0
    outer loop
      vertex -11.3656 -16.8655 10
      vertex -12.032 -16.6986 0
      vertex -11.3656 -16.8655 0
    endloop
  endfacet
  facet normal -0.0490591 -0.998796 0
    outer loop
      vertex -10.6861 -16.9663 0
      vertex -10 -17 10
      vertex -10.6861 -16.9663 10
    endloop
  endfacet
  facet normal -0.0490591 -0.998796 -0
    outer loop
      vertex -10 -17 10
      vertex -10.6861 -16.9663 0
      vertex -10 -17 0
    endloop
  endfacet
  facet normal -0.857763 -0.514046 0
    outer loop
      vertex -15.8203 -13.889 0
      vertex -16.1734 -13.2998 10
      vertex -16.1734 -13.2998 0
    endloop
  endfacet
  facet normal -0.857763 -0.514046 0
    outer loop
      vertex -16.1734 -13.2998 10
      vertex -15.8203 -13.889 0
      vertex -15.8203 -13.889 10
    endloop
  endfacet
  facet normal -0.740835 -0.671687 0
    outer loop
      vertex -14.9497 -14.9497 0
      vertex -15.4111 -14.4408 10
      vertex -15.4111 -14.4408 0
    endloop
  endfacet
  facet normal -0.740835 -0.671687 0
    outer loop
      vertex -15.4111 -14.4408 10
      vertex -14.9497 -14.9497 0
      vertex -14.9497 -14.9497 10
    endloop
  endfacet
  facet normal -0.941557 -0.336853 0
    outer loop
      vertex -16.4672 -12.6788 0
      vertex -16.6986 -12.032 10
      vertex -16.6986 -12.032 0
    endloop
  endfacet
  facet normal -0.941557 -0.336853 0
    outer loop
      vertex -16.6986 -12.032 10
      vertex -16.4672 -12.6788 0
      vertex -16.4672 -12.6788 10
    endloop
  endfacet
  facet normal -0.989175 -0.146739 0
    outer loop
      vertex -16.8655 -11.3656 0
      vertex -16.9663 -10.6861 10
      vertex -16.9663 -10.6861 0
    endloop
  endfacet
  facet normal -0.989175 -0.146739 0
    outer loop
      vertex -16.9663 -10.6861 10
      vertex -16.8655 -11.3656 0
      vertex -16.8655 -11.3656 10
    endloop
  endfacet
  facet normal 0 0 1
    outer loop
      vertex -8.3 -10 10
      vertex -3 -10 10
      vertex -3.03371 -9.31388 10
    endloop
  endfacet
  facet normal 0 0 1
    outer loop
      vertex -8.30819 -9.83337 10
      vertex -3.03371 -9.31388 10
      vertex -3.1345 -8.63437 10
    endloop
  endfacet
  facet normal 0 0 1
    outer loop
      vertex -3 -10 10
      vertex -8.3 -10 10
      vertex -3.03371 -10.6861 10
    endloop
  endfacet
  facet normal 0 0 1
    outer loop
      vertex -8.33267 -9.66835 10
      vertex -3.1345 -8.63437 10
      vertex -3.30142 -7.96801 10
    endloop
  endfacet
  facet normal -0 0 1
    outer loop
      vertex -8.30819 -10.1666 10
      vertex -3.03371 -10.6861 10
      vertex -8.3 -10 10
    endloop
  endfacet
  facet normal 0 0 1
    outer loop
      vertex -8.3732 -9.50652 10
      vertex -3.30142 -7.96801 10
      vertex -3.53284 -7.32122 10
    endloop
  endfacet
  facet normal 0 0 1
    outer loop
      vertex -3.03371 -10.6861 10
      vertex -8.30819 -10.1666 10
      vertex -3.1345 -11.3656 10
    endloop
  endfacet
  facet normal 0 0 1
    outer loop
      vertex -8.42941 -9.34944 10
      vertex -3.53284 -7.32122 10
      vertex -3.82655 -6.70022 10
    endloop
  endfacet
  facet normal -0 0 1
    outer loop
      vertex -8.33267 -10.3317 10
      vertex -3.1345 -11.3656 10
      vertex -8.30819 -10.1666 10
    endloop
  endfacet
  facet normal 0 0 1
    outer loop
      vertex -8.50073 -9.19863 10
      vertex -3.82655 -6.70022 10
      vertex -4.17971 -6.11101 10
    endloop
  endfacet
  facet normal 0 0 1
    outer loop
      vertex -3.1345 -11.3656 10
      vertex -8.33267 -10.3317 10
      vertex -3.30142 -12.032 10
    endloop
  endfacet
  facet normal 0 0 1
    outer loop
      vertex -8.5865 -9.05553 10
      vertex -4.17971 -6.11101 10
      vertex -4.58893 -5.55925 10
    endloop
  endfacet
  facet normal -0 0 1
    outer loop
      vertex -8.3732 -10.4935 10
      vertex -3.30142 -12.032 10
      vertex -8.33267 -10.3317 10
    endloop
  endfacet
  facet normal 0 0 1
    outer loop
      vertex -8.68588 -8.92153 10
      vertex -4.58893 -5.55925 10
      vertex -5.05025 -5.05025 10
    endloop
  endfacet
  facet normal 0 0 1
    outer loop
      vertex -3.30142 -12.032 10
      vertex -8.3732 -10.4935 10
      vertex -3.53284 -12.6788 10
    endloop
  endfacet
  facet normal 0 0 1
    outer loop
      vertex -8.79792 -8.79792 10
      vertex -5.05025 -5.05025 10
      vertex -5.55925 -4.58893 10
    endloop
  endfacet
  facet normal -0 0 1
    outer loop
      vertex -8.42941 -10.6506 10
      vertex -3.53284 -12.6788 10
      vertex -8.3732 -10.4935 10
    endloop
  endfacet
  facet normal 0 0 1
    outer loop
      vertex -8.92153 -8.68588 10
      vertex -5.55925 -4.58893 10
      vertex -6.11101 -4.17971 10
    endloop
  endfacet
  facet normal 0 0 1
    outer loop
      vertex -3.53284 -12.6788 10
      vertex -8.42941 -10.6506 10
      vertex -3.82655 -13.2998 10
    endloop
  endfacet
  facet normal 0 0 1
    outer loop
      vertex -9.05553 -8.5865 10
      vertex -6.11101 -4.17971 10
      vertex -6.70022 -3.82655 10
    endloop
  endfacet
  facet normal -0 0 1
    outer loop
      vertex -8.50073 -10.8014 10
      vertex -3.82655 -13.2998 10
      vertex -8.42941 -10.6506 10
    endloop
  endfacet
  facet normal 0 0 1
    outer loop
      vertex -9.19863 -8.50073 10
      vertex -6.70022 -3.82655 10
      vertex -7.32122 -3.53284 10
    endloop
  endfacet
  facet normal 0 0 1
    outer loop
      vertex -3.82655 -13.2998 10
      vertex -8.50073 -10.8014 10
      vertex -4.17971 -13.889 10
    endloop
  endfacet
  facet normal 0 0 1
    outer loop
      vertex -9.34944 -8.42941 10
      vertex -7.32122 -3.53284 10
      vertex -7.96801 -3.30142 10
    endloop
  endfacet
  facet normal -0 0 1
    outer loop
      vertex -8.5865 -10.9445 10
      vertex -4.17971 -13.889 10
      vertex -8.50073 -10.8014 10
    endloop
  endfacet
  facet normal 0 0 1
    outer loop
      vertex -4.17971 -13.889 10
      vertex -8.5865 -10.9445 10
      vertex -4.58893 -14.4408 10
    endloop
  endfacet
  facet normal 0 0 1
    outer loop
      vertex -3.03371 -9.31388 10
      vertex -8.30819 -9.83337 10
      vertex -8.3 -10 10
    endloop
  endfacet
  facet normal 0 0 1
    outer loop
      vertex -3.1345 -8.63437 10
      vertex -8.33267 -9.66835 10
      vertex -8.30819 -9.83337 10
    endloop
  endfacet
  facet normal 0 0 1
    outer loop
      vertex -3.30142 -7.96801 10
      vertex -8.3732 -9.50652 10
      vertex -8.33267 -9.66835 10
    endloop
  endfacet
  facet normal 0 0 1
    outer loop
      vertex -3.53284 -7.32122 10
      vertex -8.42941 -9.34944 10
      vertex -8.3732 -9.50652 10
    endloop
  endfacet
  facet normal 0 0 1
    outer loop
      vertex -3.82655 -6.70022 10
      vertex -8.50073 -9.19863 10
      vertex -8.42941 -9.34944 10
    endloop
  endfacet
  facet normal 0 0 1
    outer loop
      vertex -4.17971 -6.11101 10
      vertex -8.5865 -9.05553 10
      vertex -8.50073 -9.19863 10
    endloop
  endfacet
  facet normal 0 0 1
    outer loop
      vertex -9.50652 -8.3732 10
      vertex -7.96801 -3.30142 10
      vertex -8.63437 -3.1345 10
    endloop
  endfacet
  facet normal 0 0 1
    outer loop
      vertex -4.58893 -5.55925 10
      vertex -8.68588 -8.92153 10
      vertex -8.5865 -9.05553 10
    endloop
  endfacet
  facet normal 0 0 1
    outer loop
      vertex -5.05025 -5.05025 10
      vertex -8.79792 -8.79792 10
      vertex -8.68588 -8.92153 10
    endloop
  endfacet
  facet normal 0 0 1
    outer loop
      vertex -5.55925 -4.58893 10
      vertex -8.92153 -8.68588 10
      vertex -8.79792 -8.79792 10
    endloop
  endfacet
  facet normal 0 0 1
    outer loop
      vertex -6.11101 -4.17971 10
      vertex -9.05553 -8.5865 10
      vertex -8.92153 -8.68588 10
    endloop
  endfacet
  facet normal 0 0 1
    outer loop
      vertex -6.70022 -3.82655 10
      vertex -9.19863 -8.50073 10
      vertex -9.05553 -8.5865 10
    endloop
  endfacet
  facet normal 0 0 1
    outer loop
      vertex -9.66835 -8.33267 10
      vertex -8.63437 -3.1345 10
      vertex -9.31388 -3.03371 10
    endloop
  endfacet
  facet normal 0 0 1
    outer loop
      vertex -7.32122 -3.53284 10
      vertex -9.34944 -8.42941 10
      vertex -9.19863 -8.50073 10
    endloop
  endfacet
  facet normal 0 0 1
    outer loop
      vertex -7.96801 -3.30142 10
      vertex -9.50652 -8.3732 10
      vertex -9.34944 -8.42941 10
    endloop
  endfacet
  facet normal 0 0 1
    outer loop
      vertex -8.63437 -3.1345 10
      vertex -9.66835 -8.33267 10
      vertex -9.50652 -8.3732 10
    endloop
  endfacet
  facet normal 0 0 1
    outer loop
      vertex -9.31388 -3.03371 10
      vertex -9.83337 -8.30819 10
      vertex -9.66835 -8.33267 10
    endloop
  endfacet
  facet normal 0 0 1
    outer loop
      vertex -10 -3 10
      vertex -9.83337 -8.30819 10
      vertex -9.31388 -3.03371 10
    endloop
  endfacet
  facet normal 0 0 1
    outer loop
      vertex -10 -3 10
      vertex -10 -8.3 10
      vertex -9.83337 -8.30819 10
    endloop
  endfacet
  facet normal 0 0 1
    outer loop
      vertex -10 -3 10
      vertex -10.1666 -8.30819 10
      vertex -10 -8.3 10
    endloop
  endfacet
  facet normal -0 0 1
    outer loop
      vertex -10.6861 -3.03371 10
      vertex -10.1666 -8.30819 10
      vertex -10 -3 10
    endloop
  endfacet
  facet normal 0 0 1
    outer loop
      vertex -10.1666 -8.30819 10
      vertex -10.6861 -3.03371 10
      vertex -10.3317 -8.33267 10
    endloop
  endfacet
  facet normal -0 0 1
    outer loop
      vertex -11.3656 -3.1345 10
      vertex -10.3317 -8.33267 10
      vertex -10.6861 -3.03371 10
    endloop
  endfacet
  facet normal 0 0 1
    outer loop
      vertex -10.3317 -8.33267 10
      vertex -11.3656 -3.1345 10
      vertex -10.4935 -8.3732 10
    endloop
  endfacet
  facet normal -0 0 1
    outer loop
      vertex -12.032 -3.30142 10
      vertex -10.4935 -8.3732 10
      vertex -11.3656 -3.1345 10
    endloop
  endfacet
  facet normal 0 0 1
    outer loop
      vertex -10.4935 -8.3732 10
      vertex -12.032 -3.30142 10
      vertex -10.6506 -8.42941 10
    endloop
  endfacet
  facet normal -0 0 1
    outer loop
      vertex -12.6788 -3.53284 10
      vertex -10.6506 -8.42941 10
      vertex -12.032 -3.30142 10
    endloop
  endfacet
  facet normal 0 0 1
    outer loop
      vertex -10.6506 -8.42941 10
      vertex -12.6788 -3.53284 10
      vertex -10.8014 -8.50073 10
    endloop
  endfacet
  facet normal -0 0 1
    outer loop
      vertex -13.2998 -3.82655 10
      vertex -10.8014 -8.50073 10
      vertex -12.6788 -3.53284 10
    endloop
  endfacet
  facet normal 0 0 1
    outer loop
      vertex -10.8014 -8.50073 10
      vertex -13.2998 -3.82655 10
      vertex -10.9445 -8.5865 10
    endloop
  endfacet
  facet normal -0 0 1
    outer loop
      vertex -13.889 -4.17971 10
      vertex -10.9445 -8.5865 10
      vertex -13.2998 -3.82655 10
    endloop
  endfacet
  facet normal 0 0 1
    outer loop
      vertex -10.9445 -8.5865 10
      vertex -13.889 -4.17971 10
      vertex -11.0785 -8.68588 10
    endloop
  endfacet
  facet normal -0 0 1
    outer loop
      vertex -14.4408 -4.58893 10
      vertex -11.0785 -8.68588 10
      vertex -13.889 -4.17971 10
    endloop
  endfacet
  facet normal 0 0 1
    outer loop
      vertex -11.0785 -8.68588 10
      vertex -14.4408 -4.58893 10
      vertex -11.2021 -8.79792 10
    endloop
  endfacet
  facet normal -0 0 1
    outer loop
      vertex -14.9497 -5.05025 10
      vertex -11.2021 -8.79792 10
      vertex -14.4408 -4.58893 10
    endloop
  endfacet
  facet normal 0 0 1
    outer loop
      vertex -11.2021 -8.79792 10
      vertex -14.9497 -5.05025 10
      vertex -11.3141 -8.92153 10
    endloop
  endfacet
  facet normal -0 0 1
    outer loop
      vertex -15.4111 -5.55925 10
      vertex -11.3141 -8.92153 10
      vertex -14.9497 -5.05025 10
    endloop
  endfacet
  facet normal 0 0 1
    outer loop
      vertex -11.3141 -8.92153 10
      vertex -15.4111 -5.55925 10
      vertex -11.4135 -9.05553 10
    endloop
  endfacet
  facet normal -0 0 1
    outer loop
      vertex -8.68588 -11.0785 10
      vertex -4.58893 -14.4408 10
      vertex -8.5865 -10.9445 10
    endloop
  endfacet
  facet normal 0 0 1
    outer loop
      vertex -4.58893 -14.4408 10
      vertex -8.68588 -11.0785 10
      vertex -5.05025 -14.9497 10
    endloop
  endfacet
  facet normal -0 0 1
    outer loop
      vertex -8.79792 -11.2021 10
      vertex -5.05025 -14.9497 10
      vertex -8.68588 -11.0785 10
    endloop
  endfacet
  facet normal 0 0 1
    outer loop
      vertex -5.05025 -14.9497 10
      vertex -8.79792 -11.2021 10
      vertex -5.55925 -15.4111 10
    endloop
  endfacet
  facet normal -0 0 1
    outer loop
      vertex -8.92153 -11.3141 10
      vertex -5.55925 -15.4111 10
      vertex -8.79792 -11.2021 10
    endloop
  endfacet
  facet normal 0 0 1
    outer loop
      vertex -5.55925 -15.4111 10
      vertex -8.92153 -11.3141 10
      vertex -6.11101 -15.8203 10
    endloop
  endfacet
  facet normal -0 0 1
    outer loop
      vertex -9.05553 -11.4135 10
      vertex -6.11101 -15.8203 10
      vertex -8.92153 -11.3141 10
    endloop
  endfacet
  facet normal 0 0 1
    outer loop
      vertex -6.11101 -15.8203 10
      vertex -9.05553 -11.4135 10
      vertex -6.70022 -16.1734 10
    endloop
  endfacet
  facet normal -0 0 1
    outer loop
      vertex -9.19863 -11.4993 10
      vertex -6.70022 -16.1734 10
      vertex -9.05553 -11.4135 10
    endloop
  endfacet
  facet normal 0 0 1
    outer loop
      vertex -6.70022 -16.1734 10
      vertex -9.19863 -11.4993 10
      vertex -7.32122 -16.4672 10
    endloop
  endfacet
  facet normal -0 0 1
    outer loop
      vertex -9.34944 -11.5706 10
      vertex -7.32122 -16.4672 10
      vertex -9.19863 -11.4993 10
    endloop
  endfacet
  facet normal 0 0 1
    outer loop
      vertex -7.32122 -16.4672 10
      vertex -9.34944 -11.5706 10
      vertex -7.96801 -16.6986 10
    endloop
  endfacet
  facet normal -0 0 1
    outer loop
      vertex -9.50652 -11.6268 10
      vertex -7.96801 -16.6986 10
      vertex -9.34944 -11.5706 10
    endloop
  endfacet
  facet normal 0 0 1
    outer loop
      vertex -7.96801 -16.6986 10
      vertex -9.50652 -11.6268 10
      vertex -8.63437 -16.8655 10
    endloop
  endfacet
  facet normal -0 0 1
    outer loop
      vertex -9.66835 -11.6673 10
      vertex -8.63437 -16.8655 10
      vertex -9.50652 -11.6268 10
    endloop
  endfacet
  facet normal 0 0 1
    outer loop
      vertex -8.63437 -16.8655 10
      vertex -9.66835 -11.6673 10
      vertex -9.31388 -16.9663 10
    endloop
  endfacet
  facet normal -0 0 1
    outer loop
      vertex -9.83337 -11.6918 10
      vertex -9.31388 -16.9663 10
      vertex -9.66835 -11.6673 10
    endloop
  endfacet
  facet normal -0 0 1
    outer loop
      vertex -10 -11.7 10
      vertex -9.31388 -16.9663 10
      vertex -9.83337 -11.6918 10
    endloop
  endfacet
  facet normal 0 0 1
    outer loop
      vertex -10 -11.7 10
      vertex -10 -17 10
      vertex -9.31388 -16.9663 10
    endloop
  endfacet
  facet normal 0 0 1
    outer loop
      vertex -10.1666 -11.6918 10
      vertex -10 -17 10
      vertex -10 -11.7 10
    endloop
  endfacet
  facet normal 0 0 1
    outer loop
      vertex -10.6861 -16.9663 10
      vertex -10.1666 -11.6918 10
      vertex -10.3317 -11.6673 10
    endloop
  endfacet
  facet normal 0 0 1
    outer loop
      vertex -11.3656 -16.8655 10
      vertex -10.3317 -11.6673 10
      vertex -10.4935 -11.6268 10
    endloop
  endfacet
  facet normal 0 0 1
    outer loop
      vertex -12.032 -16.6986 10
      vertex -10.4935 -11.6268 10
      vertex -10.6506 -11.5706 10
    endloop
  endfacet
  facet normal 0 0 1
    outer loop
      vertex -10.1666 -11.6918 10
      vertex -10.6861 -16.9663 10
      vertex -10 -17 10
    endloop
  endfacet
  facet normal 0 0 1
    outer loop
      vertex -12.6788 -16.4672 10
      vertex -10.6506 -11.5706 10
      vertex -10.8014 -11.4993 10
    endloop
  endfacet
  facet normal 0 0 1
    outer loop
      vertex -13.2998 -16.1734 10
      vertex -10.8014 -11.4993 10
      vertex -10.9445 -11.4135 10
    endloop
  endfacet
  facet normal 0 0 1
    outer loop
      vertex -13.889 -15.8203 10
      vertex -10.9445 -11.4135 10
      vertex -11.0785 -11.3141 10
    endloop
  endfacet
  facet normal 0 0 1
    outer loop
      vertex -14.4408 -15.4111 10
      vertex -11.0785 -11.3141 10
      vertex -11.2021 -11.2021 10
    endloop
  endfacet
  facet normal 0 0 1
    outer loop
      vertex -14.9497 -14.9497 10
      vertex -11.2021 -11.2021 10
      vertex -11.3141 -11.0785 10
    endloop
  endfacet
  facet normal 0 0 1
    outer loop
      vertex -10.3317 -11.6673 10
      vertex -11.3656 -16.8655 10
      vertex -10.6861 -16.9663 10
    endloop
  endfacet
  facet normal 0 0 1
    outer loop
      vertex -15.4111 -14.4408 10
      vertex -11.3141 -11.0785 10
      vertex -11.4135 -10.9445 10
    endloop
  endfacet
  facet normal 0 0 1
    outer loop
      vertex -15.8203 -13.889 10
      vertex -11.4135 -10.9445 10
      vertex -11.4993 -10.8014 10
    endloop
  endfacet
  facet normal 0 0 1
    outer loop
      vertex -16.1734 -13.2998 10
      vertex -11.4993 -10.8014 10
      vertex -11.5706 -10.6506 10
    endloop
  endfacet
  facet normal 0 0 1
    outer loop
      vertex -16.4672 -12.6788 10
      vertex -11.5706 -10.6506 10
      vertex -11.6268 -10.4935 10
    endloop
  endfacet
  facet normal 0 0 1
    outer loop
      vertex -16.6986 -12.032 10
      vertex -11.6268 -10.4935 10
      vertex -11.6673 -10.3317 10
    endloop
  endfacet
  facet normal 0 0 1
    outer loop
      vertex -16.8655 -11.3656 10
      vertex -11.6673 -10.3317 10
      vertex -11.6918 -10.1666 10
    endloop
  endfacet
  facet normal 0 0 1
    outer loop
      vertex -16.9663 -10.6861 10
      vertex -11.6918 -10.1666 10
      vertex -11.7 -10 10
    endloop
  endfacet
  facet normal -0 0 1
    outer loop
      vertex -15.8203 -6.11101 10
      vertex -11.4135 -9.05553 10
      vertex -15.4111 -5.55925 10
    endloop
  endfacet
  facet normal 0 0 1
    outer loop
      vertex -10.4935 -11.6268 10
      vertex -12.032 -16.6986 10
      vertex -11.3656 -16.8655 10
    endloop
  endfacet
  facet normal 0 0 1
    outer loop
      vertex -11.4135 -9.05553 10
      vertex -15.8203 -6.11101 10
      vertex -11.4993 -9.19863 10
    endloop
  endfacet
  facet normal 0 0 1
    outer loop
      vertex -10.6506 -11.5706 10
      vertex -12.6788 -16.4672 10
      vertex -12.032 -16.6986 10
    endloop
  endfacet
  facet normal -0 0 1
    outer loop
      vertex -16.1734 -6.70022 10
      vertex -11.4993 -9.19863 10
      vertex -15.8203 -6.11101 10
    endloop
  endfacet
  facet normal 0 0 1
    outer loop
      vertex -10.8014 -11.4993 10
      vertex -13.2998 -16.1734 10
      vertex -12.6788 -16.4672 10
    endloop
  endfacet
  facet normal 0 0 1
    outer loop
      vertex -11.4993 -9.19863 10
      vertex -16.1734 -6.70022 10
      vertex -11.5706 -9.34944 10
    endloop
  endfacet
  facet normal 0 0 1
    outer loop
      vertex -10.9445 -11.4135 10
      vertex -13.889 -15.8203 10
      vertex -13.2998 -16.1734 10
    endloop
  endfacet
  facet normal -0 0 1
    outer loop
      vertex -16.4672 -7.32122 10
      vertex -11.5706 -9.34944 10
      vertex -16.1734 -6.70022 10
    endloop
  endfacet
  facet normal 0 0 1
    outer loop
      vertex -11.0785 -11.3141 10
      vertex -14.4408 -15.4111 10
      vertex -13.889 -15.8203 10
    endloop
  endfacet
  facet normal 0 0 1
    outer loop
      vertex -11.5706 -9.34944 10
      vertex -16.4672 -7.32122 10
      vertex -11.6268 -9.50652 10
    endloop
  endfacet
  facet normal 0 0 1
    outer loop
      vertex -11.2021 -11.2021 10
      vertex -14.9497 -14.9497 10
      vertex -14.4408 -15.4111 10
    endloop
  endfacet
  facet normal -0 0 1
    outer loop
      vertex -16.6986 -7.96801 10
      vertex -11.6268 -9.50652 10
      vertex -16.4672 -7.32122 10
    endloop
  endfacet
  facet normal 0 0 1
    outer loop
      vertex -11.3141 -11.0785 10
      vertex -15.4111 -14.4408 10
      vertex -14.9497 -14.9497 10
    endloop
  endfacet
  facet normal 0 0 1
    outer loop
      vertex -11.6268 -9.50652 10
      vertex -16.6986 -7.96801 10
      vertex -11.6673 -9.66835 10
    endloop
  endfacet
  facet normal 0 0 1
    outer loop
      vertex -11.4135 -10.9445 10
      vertex -15.8203 -13.889 10
      vertex -15.4111 -14.4408 10
    endloop
  endfacet
  facet normal -0 0 1
    outer loop
      vertex -16.8655 -8.63437 10
      vertex -11.6673 -9.66835 10
      vertex -16.6986 -7.96801 10
    endloop
  endfacet
  facet normal 0 0 1
    outer loop
      vertex -11.4993 -10.8014 10
      vertex -16.1734 -13.2998 10
      vertex -15.8203 -13.889 10
    endloop
  endfacet
  facet normal 0 0 1
    outer loop
      vertex -11.6673 -9.66835 10
      vertex -16.8655 -8.63437 10
      vertex -11.6918 -9.83337 10
    endloop
  endfacet
  facet normal 0 0 1
    outer loop
      vertex -11.5706 -10.6506 10
      vertex -16.4672 -12.6788 10
      vertex -16.1734 -13.2998 10
    endloop
  endfacet
  facet normal -0 0 1
    outer loop
      vertex -16.9663 -9.31388 10
      vertex -11.6918 -9.83337 10
      vertex -16.8655 -8.63437 10
    endloop
  endfacet
  facet normal 0 0 1
    outer loop
      vertex -11.6268 -10.4935 10
      vertex -16.6986 -12.032 10
      vertex -16.4672 -12.6788 10
    endloop
  endfacet
  facet normal 0 0 1
    outer loop
      vertex -11.6918 -9.83337 10
      vertex -16.9663 -9.31388 10
      vertex -11.7 -10 10
    endloop
  endfacet
  facet normal 0 0 1
    outer loop
      vertex -11.6673 -10.3317 10
      vertex -16.8655 -11.3656 10
      vertex -16.6986 -12.032 10
    endloop
  endfacet
  facet normal 0 0 1
    outer loop
      vertex -17 -10 10
      vertex -11.7 -10 10
      vertex -16.9663 -9.31388 10
    endloop
  endfacet
  facet normal 0 0 1
    outer loop
      vertex -11.6918 -10.1666 10
      vertex -16.9663 -10.6861 10
      vertex -16.8655 -11.3656 10
    endloop
  endfacet
  facet normal 0 0 1
    outer loop
      vertex -11.7 -10 10
      vertex -17 -10 10
      vertex -16.9663 -10.6861 10
    endloop
  endfacet
  facet normal 0.336857 -0.941556 0
    outer loop
      vertex -7.96801 -16.6986 0
      vertex -7.32122 -16.4672 10
      vertex -7.96801 -16.6986 10
    endloop
  endfacet
  facet normal 0.336857 -0.941556 0
    outer loop
      vertex -7.32122 -16.4672 10
      vertex -7.96801 -16.6986 0
      vertex -7.32122 -16.4672 0
    endloop
  endfacet
  facet normal -0.998794 -0.0490916 0
    outer loop
      vertex -8.3 -10 0
      vertex -8.30819 -9.83337 10
      vertex -8.30819 -9.83337 0
    endloop
  endfacet
  facet normal -0.998794 -0.0490916 0
    outer loop
      vertex -8.30819 -9.83337 10
      vertex -8.3 -10 0
      vertex -8.3 -10 10
    endloop
  endfacet
  facet normal 0.998791 -0.0491513 0
    outer loop
      vertex -11.7 -10 10
      vertex -11.6918 -9.83337 0
      vertex -11.6918 -9.83337 10
    endloop
  endfacet
  facet normal 0.998791 -0.0491513 0
    outer loop
      vertex -11.6918 -9.83337 0
      vertex -11.7 -10 10
      vertex -11.7 -10 0
    endloop
  endfacet
  facet normal -0.0490916 -0.998794 0
    outer loop
      vertex -10 -8.3 0
      vertex -9.83337 -8.30819 10
      vertex -10 -8.3 10
    endloop
  endfacet
  facet normal -0.0490916 -0.998794 -0
    outer loop
      vertex -9.83337 -8.30819 10
      vertex -10 -8.3 0
      vertex -9.83337 -8.30819 0
    endloop
  endfacet
  facet normal 0.741024 0.671478 0
    outer loop
      vertex -11.2021 -11.2021 10
      vertex -11.3141 -11.0785 0
      vertex -11.3141 -11.0785 10
    endloop
  endfacet
  facet normal 0.741024 0.671478 0
    outer loop
      vertex -11.3141 -11.0785 0
      vertex -11.2021 -11.2021 10
      vertex -11.2021 -11.2021 0
    endloop
  endfacet
  facet normal -0.67158 -0.740932 0
    outer loop
      vertex -8.92153 -8.68588 0
      vertex -8.79792 -8.79792 10
      vertex -8.92153 -8.68588 10
    endloop
  endfacet
  facet normal -0.67158 -0.740932 -0
    outer loop
      vertex -8.79792 -8.79792 10
      vertex -8.92153 -8.68588 0
      vertex -8.79792 -8.79792 0
    endloop
  endfacet
  facet normal 0.67161 -0.740905 0
    outer loop
      vertex -11.2021 -8.79792 0
      vertex -11.0785 -8.68588 10
      vertex -11.2021 -8.79792 10
    endloop
  endfacet
  facet normal 0.67161 -0.740905 0
    outer loop
      vertex -11.0785 -8.68588 10
      vertex -11.2021 -8.79792 0
      vertex -11.0785 -8.68588 0
    endloop
  endfacet
  facet normal 0.336883 -0.941546 0
    outer loop
      vertex -10.6506 -8.42941 0
      vertex -10.4935 -8.3732 10
      vertex -10.6506 -8.42941 10
    endloop
  endfacet
  facet normal 0.336883 -0.941546 0
    outer loop
      vertex -10.4935 -8.3732 10
      vertex -10.6506 -8.42941 0
      vertex -10.4935 -8.3732 0
    endloop
  endfacet
  facet normal -0.904007 -0.427517 0
    outer loop
      vertex -8.42941 -9.34944 0
      vertex -8.50073 -9.19863 10
      vertex -8.50073 -9.19863 0
    endloop
  endfacet
  facet normal -0.904007 -0.427517 0
    outer loop
      vertex -8.50073 -9.19863 10
      vertex -8.42941 -9.34944 0
      vertex -8.42941 -9.34944 10
    endloop
  endfacet
  facet normal -0.427517 -0.904007 0
    outer loop
      vertex -9.34944 -8.42941 0
      vertex -9.19863 -8.50073 10
      vertex -9.34944 -8.42941 10
    endloop
  endfacet
  facet normal -0.427517 -0.904007 -0
    outer loop
      vertex -9.19863 -8.50073 10
      vertex -9.34944 -8.42941 0
      vertex -9.19863 -8.50073 0
    endloop
  endfacet
  facet normal -0.514099 -0.857731 0
    outer loop
      vertex -9.19863 -8.50073 0
      vertex -9.05553 -8.5865 10
      vertex -9.19863 -8.50073 10
    endloop
  endfacet
  facet normal -0.514099 -0.857731 -0
    outer loop
      vertex -9.05553 -8.5865 10
      vertex -9.19863 -8.50073 0
      vertex -9.05553 -8.5865 0
    endloop
  endfacet
  facet normal 0.904054 -0.427419 0
    outer loop
      vertex -11.5706 -9.34944 10
      vertex -11.4993 -9.19863 0
      vertex -11.4993 -9.19863 10
    endloop
  endfacet
  facet normal 0.904054 -0.427419 0
    outer loop
      vertex -11.4993 -9.19863 0
      vertex -11.5706 -9.34944 10
      vertex -11.5706 -9.34944 0
    endloop
  endfacet
  facet normal 0.14667 -0.989185 0
    outer loop
      vertex -10.3317 -8.33267 0
      vertex -10.1666 -8.30819 10
      vertex -10.3317 -8.33267 10
    endloop
  endfacet
  facet normal 0.14667 -0.989185 0
    outer loop
      vertex -10.1666 -8.30819 10
      vertex -10.3317 -8.33267 0
      vertex -10.1666 -8.30819 0
    endloop
  endfacet
  facet normal -0.97003 0.242987 0
    outer loop
      vertex -8.3732 -10.4935 0
      vertex -8.33267 -10.3317 10
      vertex -8.33267 -10.3317 0
    endloop
  endfacet
  facet normal -0.97003 0.242987 0
    outer loop
      vertex -8.33267 -10.3317 10
      vertex -8.3732 -10.4935 0
      vertex -8.3732 -10.4935 10
    endloop
  endfacet
  facet normal -0.97004 -0.242945 0
    outer loop
      vertex -8.33267 -9.66835 0
      vertex -8.3732 -9.50652 10
      vertex -8.3732 -9.50652 0
    endloop
  endfacet
  facet normal -0.97004 -0.242945 0
    outer loop
      vertex -8.3732 -9.50652 10
      vertex -8.33267 -9.66835 0
      vertex -8.33267 -9.66835 10
    endloop
  endfacet
  facet normal -0.989175 -0.14674 0
    outer loop
      vertex -8.30819 -9.83337 0
      vertex -8.33267 -9.66835 10
      vertex -8.33267 -9.66835 0
    endloop
  endfacet
  facet normal -0.989175 -0.14674 0
    outer loop
      vertex -8.33267 -9.66835 10
      vertex -8.30819 -9.83337 0
      vertex -8.30819 -9.83337 10
    endloop
  endfacet
  facet normal -0.941533 -0.336921 0
    outer loop
      vertex -8.3732 -9.50652 0
      vertex -8.42941 -9.34944 10
      vertex -8.42941 -9.34944 0
    endloop
  endfacet
  facet normal -0.941533 -0.336921 0
    outer loop
      vertex -8.42941 -9.34944 10
      vertex -8.3732 -9.50652 0
      vertex -8.3732 -9.50652 10
    endloop
  endfacet
  facet normal -0.803211 -0.595695 0
    outer loop
      vertex -8.5865 -9.05553 0
      vertex -8.68588 -8.92153 10
      vertex -8.68588 -8.92153 0
    endloop
  endfacet
  facet normal -0.803211 -0.595695 0
    outer loop
      vertex -8.68588 -8.92153 10
      vertex -8.5865 -9.05553 0
      vertex -8.5865 -9.05553 10
    endloop
  endfacet
  facet normal -0.740932 -0.67158 0
    outer loop
      vertex -8.68588 -8.92153 0
      vertex -8.79792 -8.79792 10
      vertex -8.79792 -8.79792 0
    endloop
  endfacet
  facet normal -0.740932 -0.67158 0
    outer loop
      vertex -8.79792 -8.79792 10
      vertex -8.68588 -8.92153 0
      vertex -8.68588 -8.92153 10
    endloop
  endfacet
  facet normal -0.857731 -0.514099 0
    outer loop
      vertex -8.50073 -9.19863 0
      vertex -8.5865 -9.05553 10
      vertex -8.5865 -9.05553 0
    endloop
  endfacet
  facet normal -0.857731 -0.514099 0
    outer loop
      vertex -8.5865 -9.05553 10
      vertex -8.50073 -9.19863 0
      vertex -8.50073 -9.19863 10
    endloop
  endfacet
  facet normal -0.242945 -0.97004 0
    outer loop
      vertex -9.66835 -8.33267 0
      vertex -9.50652 -8.3732 10
      vertex -9.66835 -8.33267 10
    endloop
  endfacet
  facet normal -0.242945 -0.97004 -0
    outer loop
      vertex -9.50652 -8.3732 10
      vertex -9.66835 -8.33267 0
      vertex -9.50652 -8.3732 0
    endloop
  endfacet
  facet normal -0.336921 -0.941533 0
    outer loop
      vertex -9.50652 -8.3732 0
      vertex -9.34944 -8.42941 10
      vertex -9.50652 -8.3732 10
    endloop
  endfacet
  facet normal -0.336921 -0.941533 -0
    outer loop
      vertex -9.34944 -8.42941 10
      vertex -9.50652 -8.3732 0
      vertex -9.34944 -8.42941 0
    endloop
  endfacet
  facet normal -0.14674 -0.989175 0
    outer loop
      vertex -9.83337 -8.30819 0
      vertex -9.66835 -8.33267 10
      vertex -9.83337 -8.30819 10
    endloop
  endfacet
  facet normal -0.14674 -0.989175 -0
    outer loop
      vertex -9.66835 -8.33267 10
      vertex -9.83337 -8.30819 0
      vertex -9.66835 -8.33267 0
    endloop
  endfacet
  facet normal -0.595695 -0.803211 0
    outer loop
      vertex -9.05553 -8.5865 0
      vertex -8.92153 -8.68588 10
      vertex -9.05553 -8.5865 10
    endloop
  endfacet
  facet normal -0.595695 -0.803211 -0
    outer loop
      vertex -8.92153 -8.68588 10
      vertex -9.05553 -8.5865 0
      vertex -8.92153 -8.68588 0
    endloop
  endfacet
  facet normal 0.970083 -0.242775 0
    outer loop
      vertex -11.6673 -9.66835 10
      vertex -11.6268 -9.50652 0
      vertex -11.6268 -9.50652 10
    endloop
  endfacet
  facet normal 0.970083 -0.242775 0
    outer loop
      vertex -11.6268 -9.50652 0
      vertex -11.6673 -9.66835 10
      vertex -11.6673 -9.66835 0
    endloop
  endfacet
  facet normal 0.803154 -0.595772 0
    outer loop
      vertex -11.4135 -9.05553 10
      vertex -11.3141 -8.92153 0
      vertex -11.3141 -8.92153 10
    endloop
  endfacet
  facet normal 0.803154 -0.595772 0
    outer loop
      vertex -11.3141 -8.92153 0
      vertex -11.4135 -9.05553 10
      vertex -11.4135 -9.05553 0
    endloop
  endfacet
  facet normal 0.741051 -0.671448 0
    outer loop
      vertex -11.3141 -8.92153 10
      vertex -11.2021 -8.79792 0
      vertex -11.2021 -8.79792 10
    endloop
  endfacet
  facet normal 0.741051 -0.671448 0
    outer loop
      vertex -11.2021 -8.79792 0
      vertex -11.3141 -8.92153 10
      vertex -11.3141 -8.92153 0
    endloop
  endfacet
  facet normal 0.857652 -0.514231 0
    outer loop
      vertex -11.4993 -9.19863 10
      vertex -11.4135 -9.05553 0
      vertex -11.4135 -9.05553 10
    endloop
  endfacet
  facet normal 0.857652 -0.514231 0
    outer loop
      vertex -11.4135 -9.05553 0
      vertex -11.4993 -9.19863 10
      vertex -11.4993 -9.19863 0
    endloop
  endfacet
  facet normal 0.941552 -0.336868 0
    outer loop
      vertex -11.6268 -9.50652 10
      vertex -11.5706 -9.34944 0
      vertex -11.5706 -9.34944 10
    endloop
  endfacet
  facet normal 0.941552 -0.336868 0
    outer loop
      vertex -11.5706 -9.34944 0
      vertex -11.6268 -9.50652 10
      vertex -11.6268 -9.50652 0
    endloop
  endfacet
  facet normal 0.989158 -0.146857 0
    outer loop
      vertex -11.6918 -9.83337 10
      vertex -11.6673 -9.66835 0
      vertex -11.6673 -9.66835 10
    endloop
  endfacet
  facet normal 0.989158 -0.146857 0
    outer loop
      vertex -11.6673 -9.66835 0
      vertex -11.6918 -9.83337 10
      vertex -11.6918 -9.83337 0
    endloop
  endfacet
  facet normal 0.514099 -0.857731 0
    outer loop
      vertex -10.9445 -8.5865 0
      vertex -10.8014 -8.50073 10
      vertex -10.9445 -8.5865 10
    endloop
  endfacet
  facet normal 0.514099 -0.857731 0
    outer loop
      vertex -10.8014 -8.50073 10
      vertex -10.9445 -8.5865 0
      vertex -10.8014 -8.50073 0
    endloop
  endfacet
  facet normal 0.42754 -0.903996 0
    outer loop
      vertex -10.8014 -8.50073 0
      vertex -10.6506 -8.42941 10
      vertex -10.8014 -8.50073 10
    endloop
  endfacet
  facet normal 0.42754 -0.903996 0
    outer loop
      vertex -10.6506 -8.42941 10
      vertex -10.8014 -8.50073 0
      vertex -10.6506 -8.42941 0
    endloop
  endfacet
  facet normal 0.595695 -0.803211 0
    outer loop
      vertex -11.0785 -8.68588 0
      vertex -10.9445 -8.5865 10
      vertex -11.0785 -8.68588 10
    endloop
  endfacet
  facet normal 0.595695 -0.803211 0
    outer loop
      vertex -10.9445 -8.5865 10
      vertex -11.0785 -8.68588 0
      vertex -10.9445 -8.5865 0
    endloop
  endfacet
  facet normal 0.242987 -0.97003 0
    outer loop
      vertex -10.4935 -8.3732 0
      vertex -10.3317 -8.33267 10
      vertex -10.4935 -8.3732 10
    endloop
  endfacet
  facet normal 0.242987 -0.97003 0
    outer loop
      vertex -10.3317 -8.33267 10
      vertex -10.4935 -8.3732 0
      vertex -10.3317 -8.33267 0
    endloop
  endfacet
  facet normal 0.0491004 -0.998794 0
    outer loop
      vertex -10.1666 -8.30819 0
      vertex -10 -8.3 10
      vertex -10.1666 -8.30819 10
    endloop
  endfacet
  facet normal 0.0491004 -0.998794 0
    outer loop
      vertex -10 -8.3 10
      vertex -10.1666 -8.30819 0
      vertex -10 -8.3 0
    endloop
  endfacet
  facet normal -0.0491513 0.998791 0
    outer loop
      vertex -9.83337 -11.6918 0
      vertex -10 -11.7 10
      vertex -9.83337 -11.6918 10
    endloop
  endfacet
  facet normal -0.0491513 0.998791 0
    outer loop
      vertex -10 -11.7 10
      vertex -9.83337 -11.6918 0
      vertex -10 -11.7 0
    endloop
  endfacet
  facet normal -0.671448 0.741051 0
    outer loop
      vertex -8.79792 -11.2021 0
      vertex -8.92153 -11.3141 10
      vertex -8.79792 -11.2021 10
    endloop
  endfacet
  facet normal -0.671448 0.741051 0
    outer loop
      vertex -8.92153 -11.3141 10
      vertex -8.79792 -11.2021 0
      vertex -8.92153 -11.3141 0
    endloop
  endfacet
  facet normal -0.514231 0.857652 0
    outer loop
      vertex -9.05553 -11.4135 0
      vertex -9.19863 -11.4993 10
      vertex -9.05553 -11.4135 10
    endloop
  endfacet
  facet normal -0.514231 0.857652 0
    outer loop
      vertex -9.19863 -11.4993 10
      vertex -9.05553 -11.4135 0
      vertex -9.19863 -11.4993 0
    endloop
  endfacet
  facet normal -0.803211 0.595695 0
    outer loop
      vertex -8.68588 -11.0785 0
      vertex -8.5865 -10.9445 10
      vertex -8.5865 -10.9445 0
    endloop
  endfacet
  facet normal -0.803211 0.595695 0
    outer loop
      vertex -8.5865 -10.9445 10
      vertex -8.68588 -11.0785 0
      vertex -8.68588 -11.0785 10
    endloop
  endfacet
  facet normal -0.903996 0.42754 0
    outer loop
      vertex -8.50073 -10.8014 0
      vertex -8.42941 -10.6506 10
      vertex -8.42941 -10.6506 0
    endloop
  endfacet
  facet normal -0.903996 0.42754 0
    outer loop
      vertex -8.42941 -10.6506 10
      vertex -8.50073 -10.8014 0
      vertex -8.50073 -10.8014 10
    endloop
  endfacet
  facet normal 0.671478 0.741024 -0
    outer loop
      vertex -11.0785 -11.3141 0
      vertex -11.2021 -11.2021 10
      vertex -11.0785 -11.3141 10
    endloop
  endfacet
  facet normal 0.671478 0.741024 0
    outer loop
      vertex -11.2021 -11.2021 10
      vertex -11.0785 -11.3141 0
      vertex -11.2021 -11.2021 0
    endloop
  endfacet
  facet normal 0.514231 0.857652 -0
    outer loop
      vertex -10.8014 -11.4993 0
      vertex -10.9445 -11.4135 10
      vertex -10.8014 -11.4993 10
    endloop
  endfacet
  facet normal 0.514231 0.857652 0
    outer loop
      vertex -10.9445 -11.4135 10
      vertex -10.8014 -11.4993 0
      vertex -10.9445 -11.4135 0
    endloop
  endfacet
  facet normal 0.33683 0.941566 -0
    outer loop
      vertex -10.4935 -11.6268 0
      vertex -10.6506 -11.5706 10
      vertex -10.4935 -11.6268 10
    endloop
  endfacet
  facet normal 0.33683 0.941566 0
    outer loop
      vertex -10.6506 -11.5706 10
      vertex -10.4935 -11.6268 0
      vertex -10.6506 -11.5706 0
    endloop
  endfacet
  facet normal 0.146788 0.989168 -0
    outer loop
      vertex -10.1666 -11.6918 0
      vertex -10.3317 -11.6673 10
      vertex -10.1666 -11.6918 10
    endloop
  endfacet
  facet normal 0.146788 0.989168 0
    outer loop
      vertex -10.3317 -11.6673 10
      vertex -10.1666 -11.6918 0
      vertex -10.3317 -11.6673 0
    endloop
  endfacet
  facet normal 0.857652 0.514231 0
    outer loop
      vertex -11.4135 -10.9445 10
      vertex -11.4993 -10.8014 0
      vertex -11.4993 -10.8014 10
    endloop
  endfacet
  facet normal 0.857652 0.514231 0
    outer loop
      vertex -11.4993 -10.8014 0
      vertex -11.4135 -10.9445 10
      vertex -11.4135 -10.9445 0
    endloop
  endfacet
  facet normal 0.904043 0.427442 0
    outer loop
      vertex -11.4993 -10.8014 10
      vertex -11.5706 -10.6506 0
      vertex -11.5706 -10.6506 10
    endloop
  endfacet
  facet normal 0.904043 0.427442 0
    outer loop
      vertex -11.5706 -10.6506 0
      vertex -11.4993 -10.8014 10
      vertex -11.4993 -10.8014 0
    endloop
  endfacet
  facet normal 0.803154 0.595772 0
    outer loop
      vertex -11.3141 -11.0785 10
      vertex -11.4135 -10.9445 0
      vertex -11.4135 -10.9445 10
    endloop
  endfacet
  facet normal 0.803154 0.595772 0
    outer loop
      vertex -11.4135 -10.9445 0
      vertex -11.3141 -11.0785 10
      vertex -11.3141 -11.0785 0
    endloop
  endfacet
  facet normal 0.970072 0.242818 0
    outer loop
      vertex -11.6268 -10.4935 10
      vertex -11.6673 -10.3317 0
      vertex -11.6673 -10.3317 10
    endloop
  endfacet
  facet normal 0.970072 0.242818 0
    outer loop
      vertex -11.6673 -10.3317 0
      vertex -11.6268 -10.4935 10
      vertex -11.6268 -10.4935 0
    endloop
  endfacet
  facet normal 0.941566 0.33683 0
    outer loop
      vertex -11.5706 -10.6506 10
      vertex -11.6268 -10.4935 0
      vertex -11.6268 -10.4935 10
    endloop
  endfacet
  facet normal 0.941566 0.33683 0
    outer loop
      vertex -11.6268 -10.4935 0
      vertex -11.5706 -10.6506 10
      vertex -11.5706 -10.6506 0
    endloop
  endfacet
  facet normal 0.998791 0.0491602 0
    outer loop
      vertex -11.6918 -10.1666 10
      vertex -11.7 -10 0
      vertex -11.7 -10 10
    endloop
  endfacet
  facet normal 0.998791 0.0491602 0
    outer loop
      vertex -11.7 -10 0
      vertex -11.6918 -10.1666 10
      vertex -11.6918 -10.1666 0
    endloop
  endfacet
  facet normal -0.146857 0.989158 0
    outer loop
      vertex -9.66835 -11.6673 0
      vertex -9.83337 -11.6918 10
      vertex -9.66835 -11.6673 10
    endloop
  endfacet
  facet normal -0.146857 0.989158 0
    outer loop
      vertex -9.83337 -11.6918 10
      vertex -9.66835 -11.6673 0
      vertex -9.83337 -11.6918 0
    endloop
  endfacet
  facet normal -0.427419 0.904054 0
    outer loop
      vertex -9.19863 -11.4993 0
      vertex -9.34944 -11.5706 10
      vertex -9.19863 -11.4993 10
    endloop
  endfacet
  facet normal -0.427419 0.904054 0
    outer loop
      vertex -9.34944 -11.5706 10
      vertex -9.19863 -11.4993 0
      vertex -9.34944 -11.5706 0
    endloop
  endfacet
  facet normal -0.242775 0.970083 0
    outer loop
      vertex -9.50652 -11.6268 0
      vertex -9.66835 -11.6673 10
      vertex -9.50652 -11.6268 10
    endloop
  endfacet
  facet normal -0.242775 0.970083 0
    outer loop
      vertex -9.66835 -11.6673 10
      vertex -9.50652 -11.6268 0
      vertex -9.66835 -11.6673 0
    endloop
  endfacet
  facet normal -0.740905 0.67161 0
    outer loop
      vertex -8.79792 -11.2021 0
      vertex -8.68588 -11.0785 10
      vertex -8.68588 -11.0785 0
    endloop
  endfacet
  facet normal -0.740905 0.67161 0
    outer loop
      vertex -8.68588 -11.0785 10
      vertex -8.79792 -11.2021 0
      vertex -8.79792 -11.2021 10
    endloop
  endfacet
  facet normal -0.595772 0.803154 0
    outer loop
      vertex -8.92153 -11.3141 0
      vertex -9.05553 -11.4135 10
      vertex -8.92153 -11.3141 10
    endloop
  endfacet
  facet normal -0.595772 0.803154 0
    outer loop
      vertex -9.05553 -11.4135 10
      vertex -8.92153 -11.3141 0
      vertex -9.05553 -11.4135 0
    endloop
  endfacet
  facet normal -0.857731 0.514099 0
    outer loop
      vertex -8.5865 -10.9445 0
      vertex -8.50073 -10.8014 10
      vertex -8.50073 -10.8014 0
    endloop
  endfacet
  facet normal -0.857731 0.514099 0
    outer loop
      vertex -8.50073 -10.8014 10
      vertex -8.5865 -10.9445 0
      vertex -8.5865 -10.9445 10
    endloop
  endfacet
  facet normal -0.941546 0.336883 0
    outer loop
      vertex -8.42941 -10.6506 0
      vertex -8.3732 -10.4935 10
      vertex -8.3732 -10.4935 0
    endloop
  endfacet
  facet normal -0.941546 0.336883 0
    outer loop
      vertex -8.3732 -10.4935 10
      vertex -8.42941 -10.6506 0
      vertex -8.42941 -10.6506 10
    endloop
  endfacet
  facet normal -0.989185 0.14667 0
    outer loop
      vertex -8.33267 -10.3317 0
      vertex -8.30819 -10.1666 10
      vertex -8.30819 -10.1666 0
    endloop
  endfacet
  facet normal -0.989185 0.14667 0
    outer loop
      vertex -8.30819 -10.1666 10
      vertex -8.33267 -10.3317 0
      vertex -8.33267 -10.3317 10
    endloop
  endfacet
  facet normal -0.998794 0.0491004 0
    outer loop
      vertex -8.30819 -10.1666 0
      vertex -8.3 -10 10
      vertex -8.3 -10 0
    endloop
  endfacet
  facet normal -0.998794 0.0491004 0
    outer loop
      vertex -8.3 -10 10
      vertex -8.30819 -10.1666 0
      vertex -8.30819 -10.1666 10
    endloop
  endfacet
  facet normal 0.595772 0.803154 -0
    outer loop
      vertex -10.9445 -11.4135 0
      vertex -11.0785 -11.3141 10
      vertex -10.9445 -11.4135 10
    endloop
  endfacet
  facet normal 0.595772 0.803154 0
    outer loop
      vertex -11.0785 -11.3141 10
      vertex -10.9445 -11.4135 0
      vertex -11.0785 -11.3141 0
    endloop
  endfacet
  facet normal 0.427442 0.904043 -0
    outer loop
      vertex -10.6506 -11.5706 0
      vertex -10.8014 -11.4993 10
      vertex -10.6506 -11.5706 10
    endloop
  endfacet
  facet normal 0.427442 0.904043 0
    outer loop
      vertex -10.8014 -11.4993 10
      vertex -10.6506 -11.5706 0
      vertex -10.8014 -11.4993 0
    endloop
  endfacet
  facet normal 0.242818 0.970072 -0
    outer loop
      vertex -10.3317 -11.6673 0
      vertex -10.4935 -11.6268 10
      vertex -10.3317 -11.6673 10
    endloop
  endfacet
  facet normal 0.242818 0.970072 0
    outer loop
      vertex -10.4935 -11.6268 10
      vertex -10.3317 -11.6673 0
      vertex -10.4935 -11.6268 0
    endloop
  endfacet
  facet normal 0.0491602 0.998791 -0
    outer loop
      vertex -10 -11.7 0
      vertex -10.1666 -11.6918 10
      vertex -10 -11.7 10
    endloop
  endfacet
  facet normal 0.0491602 0.998791 0
    outer loop
      vertex -10.1666 -11.6918 10
      vertex -10 -11.7 0
      vertex -10.1666 -11.6918 0
    endloop
  endfacet
  facet normal 0.989168 0.146788 0
    outer loop
      vertex -11.6673 -10.3317 10
      vertex -11.6918 -10.1666 0
      vertex -11.6918 -10.1666 10
    endloop
  endfacet
  facet normal 0.989168 0.146788 0
    outer loop
      vertex -11.6918 -10.1666 0
      vertex -11.6673 -10.3317 10
      vertex -11.6673 -10.3317 0
    endloop
  endfacet
  facet normal -0.336868 0.941552 0
    outer loop
      vertex -9.34944 -11.5706 0
      vertex -9.50652 -11.6268 10
      vertex -9.34944 -11.5706 10
    endloop
  endfacet
  facet normal -0.336868 0.941552 0
    outer loop
      vertex -9.50652 -11.6268 10
      vertex -9.34944 -11.5706 0
      vertex -9.50652 -11.6268 0
    endloop
  endfacet
  facet normal 0.998795 0.0490736 0
    outer loop
      vertex -3 10 10
      vertex -3.03371 10.6861 0
      vertex -3.03371 10.6861 10
    endloop
  endfacet
  facet normal 0.998795 0.0490736 0
    outer loop
      vertex -3.03371 10.6861 0
      vertex -3 10 10
      vertex -3 10 0
    endloop
  endfacet
  facet normal -0.998796 0.0490591 0
    outer loop
      vertex -17 10 0
      vertex -16.9663 10.6861 10
      vertex -16.9663 10.6861 0
    endloop
  endfacet
  facet normal -0.998796 0.0490591 0
    outer loop
      vertex -16.9663 10.6861 10
      vertex -17 10 0
      vertex -17 10 10
    endloop
  endfacet
  facet normal 0.0490576 0.998796 -0
    outer loop
      vertex -9.31388 16.9663 0
      vertex -10 17 10
      vertex -9.31388 16.9663 10
    endloop
  endfacet
  facet normal 0.0490576 0.998796 0
    outer loop
      vertex -10 17 10
      vertex -9.31388 16.9663 0
      vertex -10 17 0
    endloop
  endfacet
  facet normal 0.671614 0.740901 -0
    outer loop
      vertex -5.05025 14.9497 0
      vertex -5.55925 15.4111 10
      vertex -5.05025 14.9497 10
    endloop
  endfacet
  facet normal 0.671614 0.740901 0
    outer loop
      vertex -5.55925 15.4111 10
      vertex -5.05025 14.9497 0
      vertex -5.55925 15.4111 0
    endloop
  endfacet
  facet normal -0.671687 0.740835 0
    outer loop
      vertex -14.4408 15.4111 0
      vertex -14.9497 14.9497 10
      vertex -14.4408 15.4111 10
    endloop
  endfacet
  facet normal -0.671687 0.740835 0
    outer loop
      vertex -14.9497 14.9497 10
      vertex -14.4408 15.4111 0
      vertex -14.9497 14.9497 0
    endloop
  endfacet
  facet normal -0.336853 0.941557 0
    outer loop
      vertex -12.032 16.6986 0
      vertex -12.6788 16.4672 10
      vertex -12.032 16.6986 10
    endloop
  endfacet
  facet normal -0.336853 0.941557 0
    outer loop
      vertex -12.6788 16.4672 10
      vertex -12.032 16.6986 0
      vertex -12.6788 16.4672 0
    endloop
  endfacet
  facet normal 0.90399 0.427554 0
    outer loop
      vertex -3.53284 12.6788 10
      vertex -3.82655 13.2998 0
      vertex -3.82655 13.2998 10
    endloop
  endfacet
  facet normal 0.90399 0.427554 0
    outer loop
      vertex -3.82655 13.2998 0
      vertex -3.53284 12.6788 10
      vertex -3.53284 12.6788 0
    endloop
  endfacet
  facet normal 0.427661 0.903939 -0
    outer loop
      vertex -6.70022 16.1734 0
      vertex -7.32122 16.4672 10
      vertex -6.70022 16.1734 10
    endloop
  endfacet
  facet normal 0.427661 0.903939 0
    outer loop
      vertex -7.32122 16.4672 10
      vertex -6.70022 16.1734 0
      vertex -7.32122 16.4672 0
    endloop
  endfacet
  facet normal 0.51404 0.857766 -0
    outer loop
      vertex -6.11101 15.8203 0
      vertex -6.70022 16.1734 10
      vertex -6.11101 15.8203 10
    endloop
  endfacet
  facet normal 0.51404 0.857766 0
    outer loop
      vertex -6.70022 16.1734 10
      vertex -6.11101 15.8203 0
      vertex -6.70022 16.1734 0
    endloop
  endfacet
  facet normal -0.903939 0.427661 0
    outer loop
      vertex -16.4672 12.6788 0
      vertex -16.1734 13.2998 10
      vertex -16.1734 13.2998 0
    endloop
  endfacet
  facet normal -0.903939 0.427661 0
    outer loop
      vertex -16.1734 13.2998 10
      vertex -16.4672 12.6788 0
      vertex -16.4672 12.6788 10
    endloop
  endfacet
  facet normal -0.146739 0.989175 0
    outer loop
      vertex -10.6861 16.9663 0
      vertex -11.3656 16.8655 10
      vertex -10.6861 16.9663 10
    endloop
  endfacet
  facet normal -0.146739 0.989175 0
    outer loop
      vertex -11.3656 16.8655 10
      vertex -10.6861 16.9663 0
      vertex -11.3656 16.8655 0
    endloop
  endfacet
  facet normal 0 0 -1
    outer loop
      vertex -8.3 10 0
      vertex -3 10 0
      vertex -3.03371 9.31388 0
    endloop
  endfacet
  facet normal 0 0 -1
    outer loop
      vertex -8.30819 9.83337 0
      vertex -3.03371 9.31388 0
      vertex -3.1345 8.63437 0
    endloop
  endfacet
  facet normal 0 0 -1
    outer loop
      vertex -3 10 0
      vertex -8.3 10 0
      vertex -3.03371 10.6861 0
    endloop
  endfacet
  facet normal 0 0 -1
    outer loop
      vertex -8.33267 9.66835 0
      vertex -3.1345 8.63437 0
      vertex -3.30142 7.96801 0
    endloop
  endfacet
  facet normal 0 0 -1
    outer loop
      vertex -8.30819 10.1666 0
      vertex -3.03371 10.6861 0
      vertex -8.3 10 0
    endloop
  endfacet
  facet normal 0 0 -1
    outer loop
      vertex -8.3732 9.50652 0
      vertex -3.30142 7.96801 0
      vertex -3.53284 7.32122 0
    endloop
  endfacet
  facet normal -0 0 -1
    outer loop
      vertex -3.03371 10.6861 0
      vertex -8.30819 10.1666 0
      vertex -3.1345 11.3656 0
    endloop
  endfacet
  facet normal 0 0 -1
    outer loop
      vertex -8.42941 9.34944 0
      vertex -3.53284 7.32122 0
      vertex -3.82655 6.70022 0
    endloop
  endfacet
  facet normal 0 0 -1
    outer loop
      vertex -8.33267 10.3317 0
      vertex -3.1345 11.3656 0
      vertex -8.30819 10.1666 0
    endloop
  endfacet
  facet normal 0 0 -1
    outer loop
      vertex -8.50073 9.19863 0
      vertex -3.82655 6.70022 0
      vertex -4.17971 6.11101 0
    endloop
  endfacet
  facet normal -0 0 -1
    outer loop
      vertex -3.1345 11.3656 0
      vertex -8.33267 10.3317 0
      vertex -3.30142 12.032 0
    endloop
  endfacet
  facet normal 0 0 -1
    outer loop
      vertex -8.5865 9.05553 0
      vertex -4.17971 6.11101 0
      vertex -4.58893 5.55925 0
    endloop
  endfacet
  facet normal 0 0 -1
    outer loop
      vertex -8.3732 10.4935 0
      vertex -3.30142 12.032 0
      vertex -8.33267 10.3317 0
    endloop
  endfacet
  facet normal 0 0 -1
    outer loop
      vertex -8.68588 8.92153 0
      vertex -4.58893 5.55925 0
      vertex -5.05025 5.05025 0
    endloop
  endfacet
  facet normal -0 0 -1
    outer loop
      vertex -3.30142 12.032 0
      vertex -8.3732 10.4935 0
      vertex -3.53284 12.6788 0
    endloop
  endfacet
  facet normal 0 0 -1
    outer loop
      vertex -8.79792 8.79792 0
      vertex -5.05025 5.05025 0
      vertex -5.55925 4.58893 0
    endloop
  endfacet
  facet normal 0 0 -1
    outer loop
      vertex -8.42941 10.6506 0
      vertex -3.53284 12.6788 0
      vertex -8.3732 10.4935 0
    endloop
  endfacet
  facet normal 0 0 -1
    outer loop
      vertex -8.92153 8.68588 0
      vertex -5.55925 4.58893 0
      vertex -6.11101 4.17971 0
    endloop
  endfacet
  facet normal -0 0 -1
    outer loop
      vertex -3.53284 12.6788 0
      vertex -8.42941 10.6506 0
      vertex -3.82655 13.2998 0
    endloop
  endfacet
  facet normal 0 0 -1
    outer loop
      vertex -9.05553 8.5865 0
      vertex -6.11101 4.17971 0
      vertex -6.70022 3.82655 0
    endloop
  endfacet
  facet normal 0 0 -1
    outer loop
      vertex -8.50073 10.8014 0
      vertex -3.82655 13.2998 0
      vertex -8.42941 10.6506 0
    endloop
  endfacet
  facet normal 0 0 -1
    outer loop
      vertex -9.19863 8.50073 0
      vertex -6.70022 3.82655 0
      vertex -7.32122 3.53284 0
    endloop
  endfacet
  facet normal -0 0 -1
    outer loop
      vertex -3.82655 13.2998 0
      vertex -8.50073 10.8014 0
      vertex -4.17971 13.889 0
    endloop
  endfacet
  facet normal 0 0 -1
    outer loop
      vertex -9.34944 8.42941 0
      vertex -7.32122 3.53284 0
      vertex -7.96801 3.30142 0
    endloop
  endfacet
  facet normal 0 0 -1
    outer loop
      vertex -8.5865 10.9445 0
      vertex -4.17971 13.889 0
      vertex -8.50073 10.8014 0
    endloop
  endfacet
  facet normal -0 0 -1
    outer loop
      vertex -4.17971 13.889 0
      vertex -8.5865 10.9445 0
      vertex -4.58893 14.4408 0
    endloop
  endfacet
  facet normal 0 0 -1
    outer loop
      vertex -3.03371 9.31388 0
      vertex -8.30819 9.83337 0
      vertex -8.3 10 0
    endloop
  endfacet
  facet normal 0 0 -1
    outer loop
      vertex -3.1345 8.63437 0
      vertex -8.33267 9.66835 0
      vertex -8.30819 9.83337 0
    endloop
  endfacet
  facet normal 0 0 -1
    outer loop
      vertex -3.30142 7.96801 0
      vertex -8.3732 9.50652 0
      vertex -8.33267 9.66835 0
    endloop
  endfacet
  facet normal 0 0 -1
    outer loop
      vertex -3.53284 7.32122 0
      vertex -8.42941 9.34944 0
      vertex -8.3732 9.50652 0
    endloop
  endfacet
  facet normal 0 0 -1
    outer loop
      vertex -3.82655 6.70022 0
      vertex -8.50073 9.19863 0
      vertex -8.42941 9.34944 0
    endloop
  endfacet
  facet normal 0 0 -1
    outer loop
      vertex -4.17971 6.11101 0
      vertex -8.5865 9.05553 0
      vertex -8.50073 9.19863 0
    endloop
  endfacet
  facet normal 0 0 -1
    outer loop
      vertex -9.50652 8.3732 0
      vertex -7.96801 3.30142 0
      vertex -8.63437 3.1345 0
    endloop
  endfacet
  facet normal 0 0 -1
    outer loop
      vertex -4.58893 5.55925 0
      vertex -8.68588 8.92153 0
      vertex -8.5865 9.05553 0
    endloop
  endfacet
  facet normal 0 0 -1
    outer loop
      vertex -5.05025 5.05025 0
      vertex -8.79792 8.79792 0
      vertex -8.68588 8.92153 0
    endloop
  endfacet
  facet normal 0 0 -1
    outer loop
      vertex -5.55925 4.58893 0
      vertex -8.92153 8.68588 0
      vertex -8.79792 8.79792 0
    endloop
  endfacet
  facet normal 0 0 -1
    outer loop
      vertex -6.11101 4.17971 0
      vertex -9.05553 8.5865 0
      vertex -8.92153 8.68588 0
    endloop
  endfacet
  facet normal 0 0 -1
    outer loop
      vertex -6.70022 3.82655 0
      vertex -9.19863 8.50073 0
      vertex -9.05553 8.5865 0
    endloop
  endfacet
  facet normal 0 0 -1
    outer loop
      vertex -9.66835 8.33267 0
      vertex -8.63437 3.1345 0
      vertex -9.31388 3.03371 0
    endloop
  endfacet
  facet normal 0 0 -1
    outer loop
      vertex -7.32122 3.53284 0
      vertex -9.34944 8.42941 0
      vertex -9.19863 8.50073 0
    endloop
  endfacet
  facet normal 0 0 -1
    outer loop
      vertex -7.96801 3.30142 0
      vertex -9.50652 8.3732 0
      vertex -9.34944 8.42941 0
    endloop
  endfacet
  facet normal 0 0 -1
    outer loop
      vertex -8.63437 3.1345 0
      vertex -9.66835 8.33267 0
      vertex -9.50652 8.3732 0
    endloop
  endfacet
  facet normal 0 0 -1
    outer loop
      vertex -9.31388 3.03371 0
      vertex -9.83337 8.30819 0
      vertex -9.66835 8.33267 0
    endloop
  endfacet
  facet normal 0 0 -1
    outer loop
      vertex -10 3 0
      vertex -9.83337 8.30819 0
      vertex -9.31388 3.03371 0
    endloop
  endfacet
  facet normal 0 0 -1
    outer loop
      vertex -10 3 0
      vertex -10 8.3 0
      vertex -9.83337 8.30819 0
    endloop
  endfacet
  facet normal 0 0 -1
    outer loop
      vertex -10 3 0
      vertex -10.1666 8.30819 0
      vertex -10 8.3 0
    endloop
  endfacet
  facet normal 0 0 -1
    outer loop
      vertex -10.6861 3.03371 0
      vertex -10.1666 8.30819 0
      vertex -10 3 0
    endloop
  endfacet
  facet normal -0 0 -1
    outer loop
      vertex -10.1666 8.30819 0
      vertex -10.6861 3.03371 0
      vertex -10.3317 8.33267 0
    endloop
  endfacet
  facet normal 0 0 -1
    outer loop
      vertex -11.3656 3.1345 0
      vertex -10.3317 8.33267 0
      vertex -10.6861 3.03371 0
    endloop
  endfacet
  facet normal -0 0 -1
    outer loop
      vertex -10.3317 8.33267 0
      vertex -11.3656 3.1345 0
      vertex -10.4935 8.3732 0
    endloop
  endfacet
  facet normal 0 0 -1
    outer loop
      vertex -12.032 3.30142 0
      vertex -10.4935 8.3732 0
      vertex -11.3656 3.1345 0
    endloop
  endfacet
  facet normal -0 0 -1
    outer loop
      vertex -10.4935 8.3732 0
      vertex -12.032 3.30142 0
      vertex -10.6506 8.42941 0
    endloop
  endfacet
  facet normal 0 0 -1
    outer loop
      vertex -12.6788 3.53284 0
      vertex -10.6506 8.42941 0
      vertex -12.032 3.30142 0
    endloop
  endfacet
  facet normal -0 0 -1
    outer loop
      vertex -10.6506 8.42941 0
      vertex -12.6788 3.53284 0
      vertex -10.8014 8.50073 0
    endloop
  endfacet
  facet normal 0 0 -1
    outer loop
      vertex -13.2998 3.82655 0
      vertex -10.8014 8.50073 0
      vertex -12.6788 3.53284 0
    endloop
  endfacet
  facet normal -0 0 -1
    outer loop
      vertex -10.8014 8.50073 0
      vertex -13.2998 3.82655 0
      vertex -10.9445 8.5865 0
    endloop
  endfacet
  facet normal 0 0 -1
    outer loop
      vertex -13.889 4.17971 0
      vertex -10.9445 8.5865 0
      vertex -13.2998 3.82655 0
    endloop
  endfacet
  facet normal -0 0 -1
    outer loop
      vertex -10.9445 8.5865 0
      vertex -13.889 4.17971 0
      vertex -11.0785 8.68588 0
    endloop
  endfacet
  facet normal 0 0 -1
    outer loop
      vertex -14.4408 4.58893 0
      vertex -11.0785 8.68588 0
      vertex -13.889 4.17971 0
    endloop
  endfacet
  facet normal -0 0 -1
    outer loop
      vertex -11.0785 8.68588 0
      vertex -14.4408 4.58893 0
      vertex -11.2021 8.79792 0
    endloop
  endfacet
  facet normal 0 0 -1
    outer loop
      vertex -14.9497 5.05025 0
      vertex -11.2021 8.79792 0
      vertex -14.4408 4.58893 0
    endloop
  endfacet
  facet normal -0 0 -1
    outer loop
      vertex -11.2021 8.79792 0
      vertex -14.9497 5.05025 0
      vertex -11.3141 8.92153 0
    endloop
  endfacet
  facet normal 0 0 -1
    outer loop
      vertex -15.4111 5.55925 0
      vertex -11.3141 8.92153 0
      vertex -14.9497 5.05025 0
    endloop
  endfacet
  facet normal -0 0 -1
    outer loop
      vertex -11.3141 8.92153 0
      vertex -15.4111 5.55925 0
      vertex -11.4135 9.05553 0
    endloop
  endfacet
  facet normal 0 0 -1
    outer loop
      vertex -8.68588 11.0785 0
      vertex -4.58893 14.4408 0
      vertex -8.5865 10.9445 0
    endloop
  endfacet
  facet normal -0 0 -1
    outer loop
      vertex -4.58893 14.4408 0
      vertex -8.68588 11.0785 0
      vertex -5.05025 14.9497 0
    endloop
  endfacet
  facet normal 0 0 -1
    outer loop
      vertex -8.79792 11.2021 0
      vertex -5.05025 14.9497 0
      vertex -8.68588 11.0785 0
    endloop
  endfacet
  facet normal -0 0 -1
    outer loop
      vertex -5.05025 14.9497 0
      vertex -8.79792 11.2021 0
      vertex -5.55925 15.4111 0
    endloop
  endfacet
  facet normal 0 0 -1
    outer loop
      vertex -8.92153 11.3141 0
      vertex -5.55925 15.4111 0
      vertex -8.79792 11.2021 0
    endloop
  endfacet
  facet normal -0 0 -1
    outer loop
      vertex -5.55925 15.4111 0
      vertex -8.92153 11.3141 0
      vertex -6.11101 15.8203 0
    endloop
  endfacet
  facet normal 0 0 -1
    outer loop
      vertex -9.05553 11.4135 0
      vertex -6.11101 15.8203 0
      vertex -8.92153 11.3141 0
    endloop
  endfacet
  facet normal -0 0 -1
    outer loop
      vertex -6.11101 15.8203 0
      vertex -9.05553 11.4135 0
      vertex -6.70022 16.1734 0
    endloop
  endfacet
  facet normal 0 0 -1
    outer loop
      vertex -9.19863 11.4993 0
      vertex -6.70022 16.1734 0
      vertex -9.05553 11.4135 0
    endloop
  endfacet
  facet normal -0 0 -1
    outer loop
      vertex -6.70022 16.1734 0
      vertex -9.19863 11.4993 0
      vertex -7.32122 16.4672 0
    endloop
  endfacet
  facet normal 0 0 -1
    outer loop
      vertex -9.34944 11.5706 0
      vertex -7.32122 16.4672 0
      vertex -9.19863 11.4993 0
    endloop
  endfacet
  facet normal -0 0 -1
    outer loop
      vertex -7.32122 16.4672 0
      vertex -9.34944 11.5706 0
      vertex -7.96801 16.6986 0
    endloop
  endfacet
  facet normal 0 0 -1
    outer loop
      vertex -9.50652 11.6268 0
      vertex -7.96801 16.6986 0
      vertex -9.34944 11.5706 0
    endloop
  endfacet
  facet normal -0 0 -1
    outer loop
      vertex -7.96801 16.6986 0
      vertex -9.50652 11.6268 0
      vertex -8.63437 16.8655 0
    endloop
  endfacet
  facet normal 0 0 -1
    outer loop
      vertex -9.66835 11.6673 0
      vertex -8.63437 16.8655 0
      vertex -9.50652 11.6268 0
    endloop
  endfacet
  facet normal -0 0 -1
    outer loop
      vertex -8.63437 16.8655 0
      vertex -9.66835 11.6673 0
      vertex -9.31388 16.9663 0
    endloop
  endfacet
  facet normal 0 0 -1
    outer loop
      vertex -9.83337 11.6918 0
      vertex -9.31388 16.9663 0
      vertex -9.66835 11.6673 0
    endloop
  endfacet
  facet normal 0 0 -1
    outer loop
      vertex -10 11.7 0
      vertex -9.31388 16.9663 0
      vertex -9.83337 11.6918 0
    endloop
  endfacet
  facet normal 0 0 -1
    outer loop
      vertex -10 11.7 0
      vertex -10 17 0
      vertex -9.31388 16.9663 0
    endloop
  endfacet
  facet normal 0 0 -1
    outer loop
      vertex -10.1666 11.6918 0
      vertex -10 17 0
      vertex -10 11.7 0
    endloop
  endfacet
  facet normal 0 0 -1
    outer loop
      vertex -10.6861 16.9663 0
      vertex -10.1666 11.6918 0
      vertex -10.3317 11.6673 0
    endloop
  endfacet
  facet normal 0 0 -1
    outer loop
      vertex -11.3656 16.8655 0
      vertex -10.3317 11.6673 0
      vertex -10.4935 11.6268 0
    endloop
  endfacet
  facet normal 0 0 -1
    outer loop
      vertex -12.032 16.6986 0
      vertex -10.4935 11.6268 0
      vertex -10.6506 11.5706 0
    endloop
  endfacet
  facet normal 0 0 -1
    outer loop
      vertex -10.1666 11.6918 0
      vertex -10.6861 16.9663 0
      vertex -10 17 0
    endloop
  endfacet
  facet normal 0 0 -1
    outer loop
      vertex -12.6788 16.4672 0
      vertex -10.6506 11.5706 0
      vertex -10.8014 11.4993 0
    endloop
  endfacet
  facet normal 0 0 -1
    outer loop
      vertex -13.2998 16.1734 0
      vertex -10.8014 11.4993 0
      vertex -10.9445 11.4135 0
    endloop
  endfacet
  facet normal 0 0 -1
    outer loop
      vertex -13.889 15.8203 0
      vertex -10.9445 11.4135 0
      vertex -11.0785 11.3141 0
    endloop
  endfacet
  facet normal 0 0 -1
    outer loop
      vertex -14.4408 15.4111 0
      vertex -11.0785 11.3141 0
      vertex -11.2021 11.2021 0
    endloop
  endfacet
  facet normal 0 0 -1
    outer loop
      vertex -14.9497 14.9497 0
      vertex -11.2021 11.2021 0
      vertex -11.3141 11.0785 0
    endloop
  endfacet
  facet normal 0 0 -1
    outer loop
      vertex -10.3317 11.6673 0
      vertex -11.3656 16.8655 0
      vertex -10.6861 16.9663 0
    endloop
  endfacet
  facet normal 0 0 -1
    outer loop
      vertex -15.4111 14.4408 0
      vertex -11.3141 11.0785 0
      vertex -11.4135 10.9445 0
    endloop
  endfacet
  facet normal 0 0 -1
    outer loop
      vertex -15.8203 13.889 0
      vertex -11.4135 10.9445 0
      vertex -11.4993 10.8014 0
    endloop
  endfacet
  facet normal 0 0 -1
    outer loop
      vertex -16.1734 13.2998 0
      vertex -11.4993 10.8014 0
      vertex -11.5706 10.6506 0
    endloop
  endfacet
  facet normal 0 0 -1
    outer loop
      vertex -16.4672 12.6788 0
      vertex -11.5706 10.6506 0
      vertex -11.6268 10.4935 0
    endloop
  endfacet
  facet normal 0 0 -1
    outer loop
      vertex -16.6986 12.032 0
      vertex -11.6268 10.4935 0
      vertex -11.6673 10.3317 0
    endloop
  endfacet
  facet normal 0 0 -1
    outer loop
      vertex -16.8655 11.3656 0
      vertex -11.6673 10.3317 0
      vertex -11.6918 10.1666 0
    endloop
  endfacet
  facet normal 0 0 -1
    outer loop
      vertex -16.9663 10.6861 0
      vertex -11.6918 10.1666 0
      vertex -11.7 10 0
    endloop
  endfacet
  facet normal 0 0 -1
    outer loop
      vertex -15.8203 6.11101 0
      vertex -11.4135 9.05553 0
      vertex -15.4111 5.55925 0
    endloop
  endfacet
  facet normal 0 0 -1
    outer loop
      vertex -10.4935 11.6268 0
      vertex -12.032 16.6986 0
      vertex -11.3656 16.8655 0
    endloop
  endfacet
  facet normal -0 0 -1
    outer loop
      vertex -11.4135 9.05553 0
      vertex -15.8203 6.11101 0
      vertex -11.4993 9.19863 0
    endloop
  endfacet
  facet normal 0 0 -1
    outer loop
      vertex -10.6506 11.5706 0
      vertex -12.6788 16.4672 0
      vertex -12.032 16.6986 0
    endloop
  endfacet
  facet normal 0 0 -1
    outer loop
      vertex -16.1734 6.70022 0
      vertex -11.4993 9.19863 0
      vertex -15.8203 6.11101 0
    endloop
  endfacet
  facet normal 0 0 -1
    outer loop
      vertex -10.8014 11.4993 0
      vertex -13.2998 16.1734 0
      vertex -12.6788 16.4672 0
    endloop
  endfacet
  facet normal -0 0 -1
    outer loop
      vertex -11.4993 9.19863 0
      vertex -16.1734 6.70022 0
      vertex -11.5706 9.34944 0
    endloop
  endfacet
  facet normal 0 0 -1
    outer loop
      vertex -10.9445 11.4135 0
      vertex -13.889 15.8203 0
      vertex -13.2998 16.1734 0
    endloop
  endfacet
  facet normal 0 0 -1
    outer loop
      vertex -16.4672 7.32122 0
      vertex -11.5706 9.34944 0
      vertex -16.1734 6.70022 0
    endloop
  endfacet
  facet normal 0 0 -1
    outer loop
      vertex -11.0785 11.3141 0
      vertex -14.4408 15.4111 0
      vertex -13.889 15.8203 0
    endloop
  endfacet
  facet normal -0 0 -1
    outer loop
      vertex -11.5706 9.34944 0
      vertex -16.4672 7.32122 0
      vertex -11.6268 9.50652 0
    endloop
  endfacet
  facet normal 0 0 -1
    outer loop
      vertex -11.2021 11.2021 0
      vertex -14.9497 14.9497 0
      vertex -14.4408 15.4111 0
    endloop
  endfacet
  facet normal 0 0 -1
    outer loop
      vertex -16.6986 7.96801 0
      vertex -11.6268 9.50652 0
      vertex -16.4672 7.32122 0
    endloop
  endfacet
  facet normal 0 0 -1
    outer loop
      vertex -11.3141 11.0785 0
      vertex -15.4111 14.4408 0
      vertex -14.9497 14.9497 0
    endloop
  endfacet
  facet normal -0 0 -1
    outer loop
      vertex -11.6268 9.50652 0
      vertex -16.6986 7.96801 0
      vertex -11.6673 9.66835 0
    endloop
  endfacet
  facet normal 0 0 -1
    outer loop
      vertex -11.4135 10.9445 0
      vertex -15.8203 13.889 0
      vertex -15.4111 14.4408 0
    endloop
  endfacet
  facet normal 0 0 -1
    outer loop
      vertex -16.8655 8.63437 0
      vertex -11.6673 9.66835 0
      vertex -16.6986 7.96801 0
    endloop
  endfacet
  facet normal 0 0 -1
    outer loop
      vertex -11.4993 10.8014 0
      vertex -16.1734 13.2998 0
      vertex -15.8203 13.889 0
    endloop
  endfacet
  facet normal -0 0 -1
    outer loop
      vertex -11.6673 9.66835 0
      vertex -16.8655 8.63437 0
      vertex -11.6918 9.83337 0
    endloop
  endfacet
  facet normal 0 0 -1
    outer loop
      vertex -11.5706 10.6506 0
      vertex -16.4672 12.6788 0
      vertex -16.1734 13.2998 0
    endloop
  endfacet
  facet normal 0 0 -1
    outer loop
      vertex -16.9663 9.31388 0
      vertex -11.6918 9.83337 0
      vertex -16.8655 8.63437 0
    endloop
  endfacet
  facet normal 0 0 -1
    outer loop
      vertex -11.6268 10.4935 0
      vertex -16.6986 12.032 0
      vertex -16.4672 12.6788 0
    endloop
  endfacet
  facet normal -0 0 -1
    outer loop
      vertex -11.6918 9.83337 0
      vertex -16.9663 9.31388 0
      vertex -11.7 10 0
    endloop
  endfacet
  facet normal 0 0 -1
    outer loop
      vertex -11.6673 10.3317 0
      vertex -16.8655 11.3656 0
      vertex -16.6986 12.032 0
    endloop
  endfacet
  facet normal 0 0 -1
    outer loop
      vertex -17 10 0
      vertex -11.7 10 0
      vertex -16.9663 9.31388 0
    endloop
  endfacet
  facet normal 0 0 -1
    outer loop
      vertex -11.6918 10.1666 0
      vertex -16.9663 10.6861 0
      vertex -16.8655 11.3656 0
    endloop
  endfacet
  facet normal 0 0 -1
    outer loop
      vertex -11.7 10 0
      vertex -17 10 0
      vertex -16.9663 10.6861 0
    endloop
  endfacet
  facet normal 0.970033 0.242974 0
    outer loop
      vertex -3.1345 11.3656 10
      vertex -3.30142 12.032 0
      vertex -3.30142 12.032 10
    endloop
  endfacet
  facet normal 0.970033 0.242974 0
    outer loop
      vertex -3.30142 12.032 0
      vertex -3.1345 11.3656 10
      vertex -3.1345 11.3656 0
    endloop
  endfacet
  facet normal 0.989177 0.146724 0
    outer loop
      vertex -3.03371 10.6861 10
      vertex -3.1345 11.3656 0
      vertex -3.1345 11.3656 10
    endloop
  endfacet
  facet normal 0.989177 0.146724 0
    outer loop
      vertex -3.1345 11.3656 0
      vertex -3.03371 10.6861 10
      vertex -3.03371 10.6861 0
    endloop
  endfacet
  facet normal 0.941548 0.336879 0
    outer loop
      vertex -3.30142 12.032 10
      vertex -3.53284 12.6788 0
      vertex -3.53284 12.6788 10
    endloop
  endfacet
  facet normal 0.941548 0.336879 0
    outer loop
      vertex -3.53284 12.6788 0
      vertex -3.30142 12.032 10
      vertex -3.30142 12.032 0
    endloop
  endfacet
  facet normal 0.803223 0.595678 0
    outer loop
      vertex -4.17971 13.889 10
      vertex -4.58893 14.4408 0
      vertex -4.58893 14.4408 10
    endloop
  endfacet
  facet normal 0.803223 0.595678 0
    outer loop
      vertex -4.58893 14.4408 0
      vertex -4.17971 13.889 10
      vertex -4.17971 13.889 0
    endloop
  endfacet
  facet normal 0.740893 0.671623 0
    outer loop
      vertex -4.58893 14.4408 10
      vertex -5.05025 14.9497 0
      vertex -5.05025 14.9497 10
    endloop
  endfacet
  facet normal 0.740893 0.671623 0
    outer loop
      vertex -5.05025 14.9497 0
      vertex -4.58893 14.4408 10
      vertex -4.58893 14.4408 0
    endloop
  endfacet
  facet normal 0.857724 0.51411 0
    outer loop
      vertex -3.82655 13.2998 10
      vertex -4.17971 13.889 0
      vertex -4.17971 13.889 10
    endloop
  endfacet
  facet normal 0.857724 0.51411 0
    outer loop
      vertex -4.17971 13.889 0
      vertex -3.82655 13.2998 10
      vertex -3.82655 13.2998 0
    endloop
  endfacet
  facet normal 0.24296 0.970036 -0
    outer loop
      vertex -7.96801 16.6986 0
      vertex -8.63437 16.8655 10
      vertex -7.96801 16.6986 10
    endloop
  endfacet
  facet normal 0.24296 0.970036 0
    outer loop
      vertex -8.63437 16.8655 10
      vertex -7.96801 16.6986 0
      vertex -8.63437 16.8655 0
    endloop
  endfacet
  facet normal 0.336857 0.941556 -0
    outer loop
      vertex -7.32122 16.4672 0
      vertex -7.96801 16.6986 10
      vertex -7.32122 16.4672 10
    endloop
  endfacet
  facet normal 0.336857 0.941556 0
    outer loop
      vertex -7.96801 16.6986 10
      vertex -7.32122 16.4672 0
      vertex -7.96801 16.6986 0
    endloop
  endfacet
  facet normal 0.146736 0.989176 -0
    outer loop
      vertex -8.63437 16.8655 0
      vertex -9.31388 16.9663 10
      vertex -8.63437 16.8655 10
    endloop
  endfacet
  facet normal 0.146736 0.989176 0
    outer loop
      vertex -9.31388 16.9663 10
      vertex -8.63437 16.8655 0
      vertex -9.31388 16.9663 0
    endloop
  endfacet
  facet normal 0.595687 0.803217 -0
    outer loop
      vertex -5.55925 15.4111 0
      vertex -6.11101 15.8203 10
      vertex -5.55925 15.4111 10
    endloop
  endfacet
  facet normal 0.595687 0.803217 0
    outer loop
      vertex -6.11101 15.8203 10
      vertex -5.55925 15.4111 0
      vertex -6.11101 15.8203 0
    endloop
  endfacet
  facet normal -0.97004 0.242947 0
    outer loop
      vertex -16.8655 11.3656 0
      vertex -16.6986 12.032 10
      vertex -16.6986 12.032 0
    endloop
  endfacet
  facet normal -0.97004 0.242947 0
    outer loop
      vertex -16.6986 12.032 10
      vertex -16.8655 11.3656 0
      vertex -16.8655 11.3656 10
    endloop
  endfacet
  facet normal -0.803237 0.595659 0
    outer loop
      vertex -15.8203 13.889 0
      vertex -15.4111 14.4408 10
      vertex -15.4111 14.4408 0
    endloop
  endfacet
  facet normal -0.803237 0.595659 0
    outer loop
      vertex -15.4111 14.4408 10
      vertex -15.8203 13.889 0
      vertex -15.8203 13.889 10
    endloop
  endfacet
  facet normal -0.740835 0.671687 0
    outer loop
      vertex -15.4111 14.4408 0
      vertex -14.9497 14.9497 10
      vertex -14.9497 14.9497 0
    endloop
  endfacet
  facet normal -0.740835 0.671687 0
    outer loop
      vertex -14.9497 14.9497 10
      vertex -15.4111 14.4408 0
      vertex -15.4111 14.4408 10
    endloop
  endfacet
  facet normal -0.857763 0.514046 0
    outer loop
      vertex -16.1734 13.2998 0
      vertex -15.8203 13.889 10
      vertex -15.8203 13.889 0
    endloop
  endfacet
  facet normal -0.857763 0.514046 0
    outer loop
      vertex -15.8203 13.889 10
      vertex -16.1734 13.2998 0
      vertex -16.1734 13.2998 10
    endloop
  endfacet
  facet normal -0.941557 0.336853 0
    outer loop
      vertex -16.6986 12.032 0
      vertex -16.4672 12.6788 10
      vertex -16.4672 12.6788 0
    endloop
  endfacet
  facet normal -0.941557 0.336853 0
    outer loop
      vertex -16.4672 12.6788 10
      vertex -16.6986 12.032 0
      vertex -16.6986 12.032 10
    endloop
  endfacet
  facet normal -0.989175 0.146739 0
    outer loop
      vertex -16.9663 10.6861 0
      vertex -16.8655 11.3656 10
      vertex -16.8655 11.3656 0
    endloop
  endfacet
  facet normal -0.989175 0.146739 0
    outer loop
      vertex -16.8655 11.3656 10
      vertex -16.9663 10.6861 0
      vertex -16.9663 10.6861 10
    endloop
  endfacet
  facet normal -0.514046 0.857763 0
    outer loop
      vertex -13.2998 16.1734 0
      vertex -13.889 15.8203 10
      vertex -13.2998 16.1734 10
    endloop
  endfacet
  facet normal -0.514046 0.857763 0
    outer loop
      vertex -13.889 15.8203 10
      vertex -13.2998 16.1734 0
      vertex -13.889 15.8203 0
    endloop
  endfacet
  facet normal -0.427661 0.903939 0
    outer loop
      vertex -12.6788 16.4672 0
      vertex -13.2998 16.1734 10
      vertex -12.6788 16.4672 10
    endloop
  endfacet
  facet normal -0.427661 0.903939 0
    outer loop
      vertex -13.2998 16.1734 10
      vertex -12.6788 16.4672 0
      vertex -13.2998 16.1734 0
    endloop
  endfacet
  facet normal -0.595659 0.803237 0
    outer loop
      vertex -13.889 15.8203 0
      vertex -14.4408 15.4111 10
      vertex -13.889 15.8203 10
    endloop
  endfacet
  facet normal -0.595659 0.803237 0
    outer loop
      vertex -14.4408 15.4111 10
      vertex -13.889 15.8203 0
      vertex -14.4408 15.4111 0
    endloop
  endfacet
  facet normal -0.242947 0.97004 0
    outer loop
      vertex -11.3656 16.8655 0
      vertex -12.032 16.6986 10
      vertex -11.3656 16.8655 10
    endloop
  endfacet
  facet normal -0.242947 0.97004 0
    outer loop
      vertex -12.032 16.6986 10
      vertex -11.3656 16.8655 0
      vertex -12.032 16.6986 0
    endloop
  endfacet
  facet normal -0.0490591 0.998796 0
    outer loop
      vertex -10 17 0
      vertex -10.6861 16.9663 10
      vertex -10 17 10
    endloop
  endfacet
  facet normal -0.0490591 0.998796 0
    outer loop
      vertex -10.6861 16.9663 10
      vertex -10 17 0
      vertex -10.6861 16.9663 0
    endloop
  endfacet
  facet normal 0.998795 -0.0490722 0
    outer loop
      vertex -3.03371 9.31388 10
      vertex -3 10 0
      vertex -3 10 10
    endloop
  endfacet
  facet normal 0.998795 -0.0490722 0
    outer loop
      vertex -3 10 0
      vertex -3.03371 9.31388 10
      vertex -3.03371 9.31388 0
    endloop
  endfacet
  facet normal 0.0490722 -0.998795 0
    outer loop
      vertex -10 3 0
      vertex -9.31388 3.03371 10
      vertex -10 3 10
    endloop
  endfacet
  facet normal 0.0490722 -0.998795 0
    outer loop
      vertex -9.31388 3.03371 10
      vertex -10 3 0
      vertex -9.31388 3.03371 0
    endloop
  endfacet
  facet normal 0.67155 -0.740959 0
    outer loop
      vertex -5.55925 4.58893 0
      vertex -5.05025 5.05025 10
      vertex -5.55925 4.58893 10
    endloop
  endfacet
  facet normal 0.67155 -0.740959 0
    outer loop
      vertex -5.05025 5.05025 10
      vertex -5.55925 4.58893 0
      vertex -5.05025 5.05025 0
    endloop
  endfacet
  facet normal 0.514104 -0.857728 0
    outer loop
      vertex -6.70022 3.82655 0
      vertex -6.11101 4.17971 10
      vertex -6.70022 3.82655 10
    endloop
  endfacet
  facet normal 0.514104 -0.857728 0
    outer loop
      vertex -6.11101 4.17971 10
      vertex -6.70022 3.82655 0
      vertex -6.11101 4.17971 0
    endloop
  endfacet
  facet normal 0.803203 -0.595706 0
    outer loop
      vertex -4.58893 5.55925 10
      vertex -4.17971 6.11101 0
      vertex -4.17971 6.11101 10
    endloop
  endfacet
  facet normal 0.803203 -0.595706 0
    outer loop
      vertex -4.17971 6.11101 0
      vertex -4.58893 5.55925 10
      vertex -4.58893 5.55925 0
    endloop
  endfacet
  facet normal 0.90399 -0.427554 0
    outer loop
      vertex -3.82655 6.70022 10
      vertex -3.53284 7.32122 0
      vertex -3.53284 7.32122 10
    endloop
  endfacet
  facet normal 0.90399 -0.427554 0
    outer loop
      vertex -3.53284 7.32122 0
      vertex -3.82655 6.70022 10
      vertex -3.82655 6.70022 0
    endloop
  endfacet
  facet normal -0.671623 -0.740893 0
    outer loop
      vertex -14.9497 5.05025 0
      vertex -14.4408 4.58893 10
      vertex -14.9497 5.05025 10
    endloop
  endfacet
  facet normal -0.671623 -0.740893 -0
    outer loop
      vertex -14.4408 4.58893 10
      vertex -14.9497 5.05025 0
      vertex -14.4408 4.58893 0
    endloop
  endfacet
  facet normal -0.51411 -0.857724 0
    outer loop
      vertex -13.889 4.17971 0
      vertex -13.2998 3.82655 10
      vertex -13.889 4.17971 10
    endloop
  endfacet
  facet normal -0.51411 -0.857724 -0
    outer loop
      vertex -13.2998 3.82655 10
      vertex -13.889 4.17971 0
      vertex -13.2998 3.82655 0
    endloop
  endfacet
  facet normal -0.336879 -0.941548 0
    outer loop
      vertex -12.6788 3.53284 0
      vertex -12.032 3.30142 10
      vertex -12.6788 3.53284 10
    endloop
  endfacet
  facet normal -0.336879 -0.941548 -0
    outer loop
      vertex -12.032 3.30142 10
      vertex -12.6788 3.53284 0
      vertex -12.032 3.30142 0
    endloop
  endfacet
  facet normal -0.146724 -0.989177 0
    outer loop
      vertex -11.3656 3.1345 0
      vertex -10.6861 3.03371 10
      vertex -11.3656 3.1345 10
    endloop
  endfacet
  facet normal -0.146724 -0.989177 -0
    outer loop
      vertex -10.6861 3.03371 10
      vertex -11.3656 3.1345 0
      vertex -10.6861 3.03371 0
    endloop
  endfacet
  facet normal -0.903939 -0.427661 0
    outer loop
      vertex -16.1734 6.70022 0
      vertex -16.4672 7.32122 10
      vertex -16.4672 7.32122 0
    endloop
  endfacet
  facet normal -0.903939 -0.427661 0
    outer loop
      vertex -16.4672 7.32122 10
      vertex -16.1734 6.70022 0
      vertex -16.1734 6.70022 10
    endloop
  endfacet
  facet normal -0.803217 -0.595687 0
    outer loop
      vertex -15.4111 5.55925 0
      vertex -15.8203 6.11101 10
      vertex -15.8203 6.11101 0
    endloop
  endfacet
  facet normal -0.803217 -0.595687 0
    outer loop
      vertex -15.8203 6.11101 10
      vertex -15.4111 5.55925 0
      vertex -15.4111 5.55925 10
    endloop
  endfacet
  facet normal -0.970036 -0.24296 0
    outer loop
      vertex -16.6986 7.96801 0
      vertex -16.8655 8.63437 10
      vertex -16.8655 8.63437 0
    endloop
  endfacet
  facet normal -0.970036 -0.24296 0
    outer loop
      vertex -16.8655 8.63437 10
      vertex -16.6986 7.96801 0
      vertex -16.6986 7.96801 10
    endloop
  endfacet
  facet normal -0.998796 -0.0490576 0
    outer loop
      vertex -16.9663 9.31388 0
      vertex -17 10 10
      vertex -17 10 0
    endloop
  endfacet
  facet normal -0.998796 -0.0490576 0
    outer loop
      vertex -17 10 10
      vertex -16.9663 9.31388 0
      vertex -16.9663 9.31388 10
    endloop
  endfacet
  facet normal 0.146722 -0.989178 0
    outer loop
      vertex -9.31388 3.03371 0
      vertex -8.63437 3.1345 10
      vertex -9.31388 3.03371 10
    endloop
  endfacet
  facet normal 0.146722 -0.989178 0
    outer loop
      vertex -8.63437 3.1345 10
      vertex -9.31388 3.03371 0
      vertex -8.63437 3.1345 0
    endloop
  endfacet
  facet normal 0.427554 -0.90399 0
    outer loop
      vertex -7.32122 3.53284 0
      vertex -6.70022 3.82655 10
      vertex -7.32122 3.53284 10
    endloop
  endfacet
  facet normal 0.427554 -0.90399 0
    outer loop
      vertex -6.70022 3.82655 10
      vertex -7.32122 3.53284 0
      vertex -6.70022 3.82655 0
    endloop
  endfacet
  facet normal 0.242988 -0.970029 0
    outer loop
      vertex -8.63437 3.1345 0
      vertex -7.96801 3.30142 10
      vertex -8.63437 3.1345 10
    endloop
  endfacet
  facet normal 0.242988 -0.970029 0
    outer loop
      vertex -7.96801 3.30142 10
      vertex -8.63437 3.1345 0
      vertex -7.96801 3.30142 0
    endloop
  endfacet
  facet normal 0.740959 -0.67155 0
    outer loop
      vertex -5.05025 5.05025 10
      vertex -4.58893 5.55925 0
      vertex -4.58893 5.55925 10
    endloop
  endfacet
  facet normal 0.740959 -0.67155 0
    outer loop
      vertex -4.58893 5.55925 0
      vertex -5.05025 5.05025 10
      vertex -5.05025 5.05025 0
    endloop
  endfacet
  facet normal 0.595706 -0.803203 0
    outer loop
      vertex -6.11101 4.17971 0
      vertex -5.55925 4.58893 10
      vertex -6.11101 4.17971 10
    endloop
  endfacet
  facet normal 0.595706 -0.803203 0
    outer loop
      vertex -5.55925 4.58893 10
      vertex -6.11101 4.17971 0
      vertex -5.55925 4.58893 0
    endloop
  endfacet
  facet normal 0.857728 -0.514104 0
    outer loop
      vertex -4.17971 6.11101 10
      vertex -3.82655 6.70022 0
      vertex -3.82655 6.70022 10
    endloop
  endfacet
  facet normal 0.857728 -0.514104 0
    outer loop
      vertex -3.82655 6.70022 0
      vertex -4.17971 6.11101 10
      vertex -4.17971 6.11101 0
    endloop
  endfacet
  facet normal 0.941546 -0.336883 0
    outer loop
      vertex -3.53284 7.32122 10
      vertex -3.30142 7.96801 0
      vertex -3.30142 7.96801 10
    endloop
  endfacet
  facet normal 0.941546 -0.336883 0
    outer loop
      vertex -3.30142 7.96801 0
      vertex -3.53284 7.32122 10
      vertex -3.53284 7.32122 0
    endloop
  endfacet
  facet normal 0.989178 -0.146722 0
    outer loop
      vertex -3.1345 8.63437 10
      vertex -3.03371 9.31388 0
      vertex -3.03371 9.31388 10
    endloop
  endfacet
  facet normal 0.989178 -0.146722 0
    outer loop
      vertex -3.03371 9.31388 0
      vertex -3.1345 8.63437 10
      vertex -3.1345 8.63437 0
    endloop
  endfacet
  facet normal 0.970029 -0.242988 0
    outer loop
      vertex -3.30142 7.96801 10
      vertex -3.1345 8.63437 0
      vertex -3.1345 8.63437 10
    endloop
  endfacet
  facet normal 0.970029 -0.242988 0
    outer loop
      vertex -3.1345 8.63437 0
      vertex -3.30142 7.96801 10
      vertex -3.30142 7.96801 0
    endloop
  endfacet
  facet normal -0.595678 -0.803223 0
    outer loop
      vertex -14.4408 4.58893 0
      vertex -13.889 4.17971 10
      vertex -14.4408 4.58893 10
    endloop
  endfacet
  facet normal -0.595678 -0.803223 -0
    outer loop
      vertex -13.889 4.17971 10
      vertex -14.4408 4.58893 0
      vertex -13.889 4.17971 0
    endloop
  endfacet
  facet normal -0.427554 -0.90399 0
    outer loop
      vertex -13.2998 3.82655 0
      vertex -12.6788 3.53284 10
      vertex -13.2998 3.82655 10
    endloop
  endfacet
  facet normal -0.427554 -0.90399 -0
    outer loop
      vertex -12.6788 3.53284 10
      vertex -13.2998 3.82655 0
      vertex -12.6788 3.53284 0
    endloop
  endfacet
  facet normal -0.242974 -0.970033 0
    outer loop
      vertex -12.032 3.30142 0
      vertex -11.3656 3.1345 10
      vertex -12.032 3.30142 10
    endloop
  endfacet
  facet normal -0.242974 -0.970033 -0
    outer loop
      vertex -11.3656 3.1345 10
      vertex -12.032 3.30142 0
      vertex -11.3656 3.1345 0
    endloop
  endfacet
  facet normal -0.0490736 -0.998795 0
    outer loop
      vertex -10.6861 3.03371 0
      vertex -10 3 10
      vertex -10.6861 3.03371 10
    endloop
  endfacet
  facet normal -0.0490736 -0.998795 -0
    outer loop
      vertex -10 3 10
      vertex -10.6861 3.03371 0
      vertex -10 3 0
    endloop
  endfacet
  facet normal -0.857766 -0.51404 0
    outer loop
      vertex -15.8203 6.11101 0
      vertex -16.1734 6.70022 10
      vertex -16.1734 6.70022 0
    endloop
  endfacet
  facet normal -0.857766 -0.51404 0
    outer loop
      vertex -16.1734 6.70022 10
      vertex -15.8203 6.11101 0
      vertex -15.8203 6.11101 10
    endloop
  endfacet
  facet normal -0.740901 -0.671614 0
    outer loop
      vertex -14.9497 5.05025 0
      vertex -15.4111 5.55925 10
      vertex -15.4111 5.55925 0
    endloop
  endfacet
  facet normal -0.740901 -0.671614 0
    outer loop
      vertex -15.4111 5.55925 10
      vertex -14.9497 5.05025 0
      vertex -14.9497 5.05025 10
    endloop
  endfacet
  facet normal -0.941556 -0.336857 0
    outer loop
      vertex -16.4672 7.32122 0
      vertex -16.6986 7.96801 10
      vertex -16.6986 7.96801 0
    endloop
  endfacet
  facet normal -0.941556 -0.336857 0
    outer loop
      vertex -16.6986 7.96801 10
      vertex -16.4672 7.32122 0
      vertex -16.4672 7.32122 10
    endloop
  endfacet
  facet normal -0.989176 -0.146736 0
    outer loop
      vertex -16.8655 8.63437 0
      vertex -16.9663 9.31388 10
      vertex -16.9663 9.31388 0
    endloop
  endfacet
  facet normal -0.989176 -0.146736 0
    outer loop
      vertex -16.9663 9.31388 10
      vertex -16.8655 8.63437 0
      vertex -16.8655 8.63437 10
    endloop
  endfacet
  facet normal 0 0 1
    outer loop
      vertex -8.3 10 10
      vertex -3 10 10
      vertex -3.03371 10.6861 10
    endloop
  endfacet
  facet normal 0 0 1
    outer loop
      vertex -8.30819 10.1666 10
      vertex -3.03371 10.6861 10
      vertex -3.1345 11.3656 10
    endloop
  endfacet
  facet normal 0 0 1
    outer loop
      vertex -3 10 10
      vertex -8.3 10 10
      vertex -3.03371 9.31388 10
    endloop
  endfacet
  facet normal 0 0 1
    outer loop
      vertex -8.33267 10.3317 10
      vertex -3.1345 11.3656 10
      vertex -3.30142 12.032 10
    endloop
  endfacet
  facet normal -0 0 1
    outer loop
      vertex -8.30819 9.83337 10
      vertex -3.03371 9.31388 10
      vertex -8.3 10 10
    endloop
  endfacet
  facet normal 0 0 1
    outer loop
      vertex -8.3732 10.4935 10
      vertex -3.30142 12.032 10
      vertex -3.53284 12.6788 10
    endloop
  endfacet
  facet normal 0 0 1
    outer loop
      vertex -3.03371 9.31388 10
      vertex -8.30819 9.83337 10
      vertex -3.1345 8.63437 10
    endloop
  endfacet
  facet normal 0 0 1
    outer loop
      vertex -8.42941 10.6506 10
      vertex -3.53284 12.6788 10
      vertex -3.82655 13.2998 10
    endloop
  endfacet
  facet normal -0 0 1
    outer loop
      vertex -8.33267 9.66835 10
      vertex -3.1345 8.63437 10
      vertex -8.30819 9.83337 10
    endloop
  endfacet
  facet normal 0 0 1
    outer loop
      vertex -8.50073 10.8014 10
      vertex -3.82655 13.2998 10
      vertex -4.17971 13.889 10
    endloop
  endfacet
  facet normal 0 0 1
    outer loop
      vertex -3.1345 8.63437 10
      vertex -8.33267 9.66835 10
      vertex -3.30142 7.96801 10
    endloop
  endfacet
  facet normal 0 0 1
    outer loop
      vertex -8.5865 10.9445 10
      vertex -4.17971 13.889 10
      vertex -4.58893 14.4408 10
    endloop
  endfacet
  facet normal -0 0 1
    outer loop
      vertex -8.3732 9.50652 10
      vertex -3.30142 7.96801 10
      vertex -8.33267 9.66835 10
    endloop
  endfacet
  facet normal 0 0 1
    outer loop
      vertex -8.68588 11.0785 10
      vertex -4.58893 14.4408 10
      vertex -5.05025 14.9497 10
    endloop
  endfacet
  facet normal 0 0 1
    outer loop
      vertex -3.30142 7.96801 10
      vertex -8.3732 9.50652 10
      vertex -3.53284 7.32122 10
    endloop
  endfacet
  facet normal 0 0 1
    outer loop
      vertex -8.79792 11.2021 10
      vertex -5.05025 14.9497 10
      vertex -5.55925 15.4111 10
    endloop
  endfacet
  facet normal -0 0 1
    outer loop
      vertex -8.42941 9.34944 10
      vertex -3.53284 7.32122 10
      vertex -8.3732 9.50652 10
    endloop
  endfacet
  facet normal 0 0 1
    outer loop
      vertex -8.92153 11.3141 10
      vertex -5.55925 15.4111 10
      vertex -6.11101 15.8203 10
    endloop
  endfacet
  facet normal 0 0 1
    outer loop
      vertex -3.53284 7.32122 10
      vertex -8.42941 9.34944 10
      vertex -3.82655 6.70022 10
    endloop
  endfacet
  facet normal 0 0 1
    outer loop
      vertex -9.05553 11.4135 10
      vertex -6.11101 15.8203 10
      vertex -6.70022 16.1734 10
    endloop
  endfacet
  facet normal -0 0 1
    outer loop
      vertex -8.50073 9.19863 10
      vertex -3.82655 6.70022 10
      vertex -8.42941 9.34944 10
    endloop
  endfacet
  facet normal 0 0 1
    outer loop
      vertex -9.19863 11.4993 10
      vertex -6.70022 16.1734 10
      vertex -7.32122 16.4672 10
    endloop
  endfacet
  facet normal 0 0 1
    outer loop
      vertex -3.82655 6.70022 10
      vertex -8.50073 9.19863 10
      vertex -4.17971 6.11101 10
    endloop
  endfacet
  facet normal 0 0 1
    outer loop
      vertex -9.34944 11.5706 10
      vertex -7.32122 16.4672 10
      vertex -7.96801 16.6986 10
    endloop
  endfacet
  facet normal -0 0 1
    outer loop
      vertex -8.5865 9.05553 10
      vertex -4.17971 6.11101 10
      vertex -8.50073 9.19863 10
    endloop
  endfacet
  facet normal 0 0 1
    outer loop
      vertex -4.17971 6.11101 10
      vertex -8.5865 9.05553 10
      vertex -4.58893 5.55925 10
    endloop
  endfacet
  facet normal 0 0 1
    outer loop
      vertex -3.03371 10.6861 10
      vertex -8.30819 10.1666 10
      vertex -8.3 10 10
    endloop
  endfacet
  facet normal 0 0 1
    outer loop
      vertex -3.1345 11.3656 10
      vertex -8.33267 10.3317 10
      vertex -8.30819 10.1666 10
    endloop
  endfacet
  facet normal 0 0 1
    outer loop
      vertex -3.30142 12.032 10
      vertex -8.3732 10.4935 10
      vertex -8.33267 10.3317 10
    endloop
  endfacet
  facet normal 0 0 1
    outer loop
      vertex -3.53284 12.6788 10
      vertex -8.42941 10.6506 10
      vertex -8.3732 10.4935 10
    endloop
  endfacet
  facet normal 0 0 1
    outer loop
      vertex -3.82655 13.2998 10
      vertex -8.50073 10.8014 10
      vertex -8.42941 10.6506 10
    endloop
  endfacet
  facet normal 0 0 1
    outer loop
      vertex -4.17971 13.889 10
      vertex -8.5865 10.9445 10
      vertex -8.50073 10.8014 10
    endloop
  endfacet
  facet normal 0 0 1
    outer loop
      vertex -9.50652 11.6268 10
      vertex -7.96801 16.6986 10
      vertex -8.63437 16.8655 10
    endloop
  endfacet
  facet normal 0 0 1
    outer loop
      vertex -4.58893 14.4408 10
      vertex -8.68588 11.0785 10
      vertex -8.5865 10.9445 10
    endloop
  endfacet
  facet normal 0 0 1
    outer loop
      vertex -5.05025 14.9497 10
      vertex -8.79792 11.2021 10
      vertex -8.68588 11.0785 10
    endloop
  endfacet
  facet normal 0 0 1
    outer loop
      vertex -5.55925 15.4111 10
      vertex -8.92153 11.3141 10
      vertex -8.79792 11.2021 10
    endloop
  endfacet
  facet normal 0 0 1
    outer loop
      vertex -6.11101 15.8203 10
      vertex -9.05553 11.4135 10
      vertex -8.92153 11.3141 10
    endloop
  endfacet
  facet normal 0 0 1
    outer loop
      vertex -6.70022 16.1734 10
      vertex -9.19863 11.4993 10
      vertex -9.05553 11.4135 10
    endloop
  endfacet
  facet normal 0 0 1
    outer loop
      vertex -9.66835 11.6673 10
      vertex -8.63437 16.8655 10
      vertex -9.31388 16.9663 10
    endloop
  endfacet
  facet normal 0 0 1
    outer loop
      vertex -7.32122 16.4672 10
      vertex -9.34944 11.5706 10
      vertex -9.19863 11.4993 10
    endloop
  endfacet
  facet normal 0 0 1
    outer loop
      vertex -7.96801 16.6986 10
      vertex -9.50652 11.6268 10
      vertex -9.34944 11.5706 10
    endloop
  endfacet
  facet normal 0 0 1
    outer loop
      vertex -8.63437 16.8655 10
      vertex -9.66835 11.6673 10
      vertex -9.50652 11.6268 10
    endloop
  endfacet
  facet normal 0 0 1
    outer loop
      vertex -9.31388 16.9663 10
      vertex -9.83337 11.6918 10
      vertex -9.66835 11.6673 10
    endloop
  endfacet
  facet normal 0 0 1
    outer loop
      vertex -10 17 10
      vertex -9.83337 11.6918 10
      vertex -9.31388 16.9663 10
    endloop
  endfacet
  facet normal 0 0 1
    outer loop
      vertex -10 17 10
      vertex -10 11.7 10
      vertex -9.83337 11.6918 10
    endloop
  endfacet
  facet normal 0 0 1
    outer loop
      vertex -10 17 10
      vertex -10.1666 11.6918 10
      vertex -10 11.7 10
    endloop
  endfacet
  facet normal -0 0 1
    outer loop
      vertex -10.6861 16.9663 10
      vertex -10.1666 11.6918 10
      vertex -10 17 10
    endloop
  endfacet
  facet normal 0 0 1
    outer loop
      vertex -10.1666 11.6918 10
      vertex -10.6861 16.9663 10
      vertex -10.3317 11.6673 10
    endloop
  endfacet
  facet normal -0 0 1
    outer loop
      vertex -11.3656 16.8655 10
      vertex -10.3317 11.6673 10
      vertex -10.6861 16.9663 10
    endloop
  endfacet
  facet normal 0 0 1
    outer loop
      vertex -10.3317 11.6673 10
      vertex -11.3656 16.8655 10
      vertex -10.4935 11.6268 10
    endloop
  endfacet
  facet normal -0 0 1
    outer loop
      vertex -12.032 16.6986 10
      vertex -10.4935 11.6268 10
      vertex -11.3656 16.8655 10
    endloop
  endfacet
  facet normal 0 0 1
    outer loop
      vertex -10.4935 11.6268 10
      vertex -12.032 16.6986 10
      vertex -10.6506 11.5706 10
    endloop
  endfacet
  facet normal -0 0 1
    outer loop
      vertex -12.6788 16.4672 10
      vertex -10.6506 11.5706 10
      vertex -12.032 16.6986 10
    endloop
  endfacet
  facet normal 0 0 1
    outer loop
      vertex -10.6506 11.5706 10
      vertex -12.6788 16.4672 10
      vertex -10.8014 11.4993 10
    endloop
  endfacet
  facet normal -0 0 1
    outer loop
      vertex -13.2998 16.1734 10
      vertex -10.8014 11.4993 10
      vertex -12.6788 16.4672 10
    endloop
  endfacet
  facet normal 0 0 1
    outer loop
      vertex -10.8014 11.4993 10
      vertex -13.2998 16.1734 10
      vertex -10.9445 11.4135 10
    endloop
  endfacet
  facet normal -0 0 1
    outer loop
      vertex -13.889 15.8203 10
      vertex -10.9445 11.4135 10
      vertex -13.2998 16.1734 10
    endloop
  endfacet
  facet normal 0 0 1
    outer loop
      vertex -10.9445 11.4135 10
      vertex -13.889 15.8203 10
      vertex -11.0785 11.3141 10
    endloop
  endfacet
  facet normal -0 0 1
    outer loop
      vertex -14.4408 15.4111 10
      vertex -11.0785 11.3141 10
      vertex -13.889 15.8203 10
    endloop
  endfacet
  facet normal 0 0 1
    outer loop
      vertex -11.0785 11.3141 10
      vertex -14.4408 15.4111 10
      vertex -11.2021 11.2021 10
    endloop
  endfacet
  facet normal -0 0 1
    outer loop
      vertex -14.9497 14.9497 10
      vertex -11.2021 11.2021 10
      vertex -14.4408 15.4111 10
    endloop
  endfacet
  facet normal 0 0 1
    outer loop
      vertex -11.2021 11.2021 10
      vertex -14.9497 14.9497 10
      vertex -11.3141 11.0785 10
    endloop
  endfacet
  facet normal -0 0 1
    outer loop
      vertex -15.4111 14.4408 10
      vertex -11.3141 11.0785 10
      vertex -14.9497 14.9497 10
    endloop
  endfacet
  facet normal 0 0 1
    outer loop
      vertex -11.3141 11.0785 10
      vertex -15.4111 14.4408 10
      vertex -11.4135 10.9445 10
    endloop
  endfacet
  facet normal -0 0 1
    outer loop
      vertex -8.68588 8.92153 10
      vertex -4.58893 5.55925 10
      vertex -8.5865 9.05553 10
    endloop
  endfacet
  facet normal 0 0 1
    outer loop
      vertex -4.58893 5.55925 10
      vertex -8.68588 8.92153 10
      vertex -5.05025 5.05025 10
    endloop
  endfacet
  facet normal -0 0 1
    outer loop
      vertex -8.79792 8.79792 10
      vertex -5.05025 5.05025 10
      vertex -8.68588 8.92153 10
    endloop
  endfacet
  facet normal 0 0 1
    outer loop
      vertex -5.05025 5.05025 10
      vertex -8.79792 8.79792 10
      vertex -5.55925 4.58893 10
    endloop
  endfacet
  facet normal -0 0 1
    outer loop
      vertex -8.92153 8.68588 10
      vertex -5.55925 4.58893 10
      vertex -8.79792 8.79792 10
    endloop
  endfacet
  facet normal 0 0 1
    outer loop
      vertex -5.55925 4.58893 10
      vertex -8.92153 8.68588 10
      vertex -6.11101 4.17971 10
    endloop
  endfacet
  facet normal -0 0 1
    outer loop
      vertex -9.05553 8.5865 10
      vertex -6.11101 4.17971 10
      vertex -8.92153 8.68588 10
    endloop
  endfacet
  facet normal 0 0 1
    outer loop
      vertex -6.11101 4.17971 10
      vertex -9.05553 8.5865 10
      vertex -6.70022 3.82655 10
    endloop
  endfacet
  facet normal -0 0 1
    outer loop
      vertex -9.19863 8.50073 10
      vertex -6.70022 3.82655 10
      vertex -9.05553 8.5865 10
    endloop
  endfacet
  facet normal 0 0 1
    outer loop
      vertex -6.70022 3.82655 10
      vertex -9.19863 8.50073 10
      vertex -7.32122 3.53284 10
    endloop
  endfacet
  facet normal -0 0 1
    outer loop
      vertex -9.34944 8.42941 10
      vertex -7.32122 3.53284 10
      vertex -9.19863 8.50073 10
    endloop
  endfacet
  facet normal 0 0 1
    outer loop
      vertex -7.32122 3.53284 10
      vertex -9.34944 8.42941 10
      vertex -7.96801 3.30142 10
    endloop
  endfacet
  facet normal -0 0 1
    outer loop
      vertex -9.50652 8.3732 10
      vertex -7.96801 3.30142 10
      vertex -9.34944 8.42941 10
    endloop
  endfacet
  facet normal 0 0 1
    outer loop
      vertex -7.96801 3.30142 10
      vertex -9.50652 8.3732 10
      vertex -8.63437 3.1345 10
    endloop
  endfacet
  facet normal -0 0 1
    outer loop
      vertex -9.66835 8.33267 10
      vertex -8.63437 3.1345 10
      vertex -9.50652 8.3732 10
    endloop
  endfacet
  facet normal 0 0 1
    outer loop
      vertex -8.63437 3.1345 10
      vertex -9.66835 8.33267 10
      vertex -9.31388 3.03371 10
    endloop
  endfacet
  facet normal -0 0 1
    outer loop
      vertex -9.83337 8.30819 10
      vertex -9.31388 3.03371 10
      vertex -9.66835 8.33267 10
    endloop
  endfacet
  facet normal -0 0 1
    outer loop
      vertex -10 8.3 10
      vertex -9.31388 3.03371 10
      vertex -9.83337 8.30819 10
    endloop
  endfacet
  facet normal 0 0 1
    outer loop
      vertex -10 8.3 10
      vertex -10 3 10
      vertex -9.31388 3.03371 10
    endloop
  endfacet
  facet normal 0 0 1
    outer loop
      vertex -10.1666 8.30819 10
      vertex -10 3 10
      vertex -10 8.3 10
    endloop
  endfacet
  facet normal 0 0 1
    outer loop
      vertex -10.6861 3.03371 10
      vertex -10.1666 8.30819 10
      vertex -10.3317 8.33267 10
    endloop
  endfacet
  facet normal 0 0 1
    outer loop
      vertex -11.3656 3.1345 10
      vertex -10.3317 8.33267 10
      vertex -10.4935 8.3732 10
    endloop
  endfacet
  facet normal 0 0 1
    outer loop
      vertex -12.032 3.30142 10
      vertex -10.4935 8.3732 10
      vertex -10.6506 8.42941 10
    endloop
  endfacet
  facet normal 0 0 1
    outer loop
      vertex -10.1666 8.30819 10
      vertex -10.6861 3.03371 10
      vertex -10 3 10
    endloop
  endfacet
  facet normal 0 0 1
    outer loop
      vertex -12.6788 3.53284 10
      vertex -10.6506 8.42941 10
      vertex -10.8014 8.50073 10
    endloop
  endfacet
  facet normal 0 0 1
    outer loop
      vertex -13.2998 3.82655 10
      vertex -10.8014 8.50073 10
      vertex -10.9445 8.5865 10
    endloop
  endfacet
  facet normal 0 0 1
    outer loop
      vertex -13.889 4.17971 10
      vertex -10.9445 8.5865 10
      vertex -11.0785 8.68588 10
    endloop
  endfacet
  facet normal 0 0 1
    outer loop
      vertex -14.4408 4.58893 10
      vertex -11.0785 8.68588 10
      vertex -11.2021 8.79792 10
    endloop
  endfacet
  facet normal 0 0 1
    outer loop
      vertex -14.9497 5.05025 10
      vertex -11.2021 8.79792 10
      vertex -11.3141 8.92153 10
    endloop
  endfacet
  facet normal 0 0 1
    outer loop
      vertex -10.3317 8.33267 10
      vertex -11.3656 3.1345 10
      vertex -10.6861 3.03371 10
    endloop
  endfacet
  facet normal 0 0 1
    outer loop
      vertex -15.4111 5.55925 10
      vertex -11.3141 8.92153 10
      vertex -11.4135 9.05553 10
    endloop
  endfacet
  facet normal 0 0 1
    outer loop
      vertex -15.8203 6.11101 10
      vertex -11.4135 9.05553 10
      vertex -11.4993 9.19863 10
    endloop
  endfacet
  facet normal 0 0 1
    outer loop
      vertex -16.1734 6.70022 10
      vertex -11.4993 9.19863 10
      vertex -11.5706 9.34944 10
    endloop
  endfacet
  facet normal 0 0 1
    outer loop
      vertex -16.4672 7.32122 10
      vertex -11.5706 9.34944 10
      vertex -11.6268 9.50652 10
    endloop
  endfacet
  facet normal 0 0 1
    outer loop
      vertex -16.6986 7.96801 10
      vertex -11.6268 9.50652 10
      vertex -11.6673 9.66835 10
    endloop
  endfacet
  facet normal 0 0 1
    outer loop
      vertex -16.8655 8.63437 10
      vertex -11.6673 9.66835 10
      vertex -11.6918 9.83337 10
    endloop
  endfacet
  facet normal 0 0 1
    outer loop
      vertex -16.9663 9.31388 10
      vertex -11.6918 9.83337 10
      vertex -11.7 10 10
    endloop
  endfacet
  facet normal -0 0 1
    outer loop
      vertex -15.8203 13.889 10
      vertex -11.4135 10.9445 10
      vertex -15.4111 14.4408 10
    endloop
  endfacet
  facet normal 0 0 1
    outer loop
      vertex -10.4935 8.3732 10
      vertex -12.032 3.30142 10
      vertex -11.3656 3.1345 10
    endloop
  endfacet
  facet normal 0 0 1
    outer loop
      vertex -11.4135 10.9445 10
      vertex -15.8203 13.889 10
      vertex -11.4993 10.8014 10
    endloop
  endfacet
  facet normal 0 0 1
    outer loop
      vertex -10.6506 8.42941 10
      vertex -12.6788 3.53284 10
      vertex -12.032 3.30142 10
    endloop
  endfacet
  facet normal -0 0 1
    outer loop
      vertex -16.1734 13.2998 10
      vertex -11.4993 10.8014 10
      vertex -15.8203 13.889 10
    endloop
  endfacet
  facet normal 0 0 1
    outer loop
      vertex -10.8014 8.50073 10
      vertex -13.2998 3.82655 10
      vertex -12.6788 3.53284 10
    endloop
  endfacet
  facet normal 0 0 1
    outer loop
      vertex -11.4993 10.8014 10
      vertex -16.1734 13.2998 10
      vertex -11.5706 10.6506 10
    endloop
  endfacet
  facet normal 0 0 1
    outer loop
      vertex -10.9445 8.5865 10
      vertex -13.889 4.17971 10
      vertex -13.2998 3.82655 10
    endloop
  endfacet
  facet normal -0 0 1
    outer loop
      vertex -16.4672 12.6788 10
      vertex -11.5706 10.6506 10
      vertex -16.1734 13.2998 10
    endloop
  endfacet
  facet normal 0 0 1
    outer loop
      vertex -11.0785 8.68588 10
      vertex -14.4408 4.58893 10
      vertex -13.889 4.17971 10
    endloop
  endfacet
  facet normal 0 0 1
    outer loop
      vertex -11.5706 10.6506 10
      vertex -16.4672 12.6788 10
      vertex -11.6268 10.4935 10
    endloop
  endfacet
  facet normal 0 0 1
    outer loop
      vertex -11.2021 8.79792 10
      vertex -14.9497 5.05025 10
      vertex -14.4408 4.58893 10
    endloop
  endfacet
  facet normal -0 0 1
    outer loop
      vertex -16.6986 12.032 10
      vertex -11.6268 10.4935 10
      vertex -16.4672 12.6788 10
    endloop
  endfacet
  facet normal 0 0 1
    outer loop
      vertex -11.3141 8.92153 10
      vertex -15.4111 5.55925 10
      vertex -14.9497 5.05025 10
    endloop
  endfacet
  facet normal 0 0 1
    outer loop
      vertex -11.6268 10.4935 10
      vertex -16.6986 12.032 10
      vertex -11.6673 10.3317 10
    endloop
  endfacet
  facet normal 0 0 1
    outer loop
      vertex -11.4135 9.05553 10
      vertex -15.8203 6.11101 10
      vertex -15.4111 5.55925 10
    endloop
  endfacet
  facet normal -0 0 1
    outer loop
      vertex -16.8655 11.3656 10
      vertex -11.6673 10.3317 10
      vertex -16.6986 12.032 10
    endloop
  endfacet
  facet normal 0 0 1
    outer loop
      vertex -11.4993 9.19863 10
      vertex -16.1734 6.70022 10
      vertex -15.8203 6.11101 10
    endloop
  endfacet
  facet normal 0 0 1
    outer loop
      vertex -11.6673 10.3317 10
      vertex -16.8655 11.3656 10
      vertex -11.6918 10.1666 10
    endloop
  endfacet
  facet normal 0 0 1
    outer loop
      vertex -11.5706 9.34944 10
      vertex -16.4672 7.32122 10
      vertex -16.1734 6.70022 10
    endloop
  endfacet
  facet normal -0 0 1
    outer loop
      vertex -16.9663 10.6861 10
      vertex -11.6918 10.1666 10
      vertex -16.8655 11.3656 10
    endloop
  endfacet
  facet normal 0 0 1
    outer loop
      vertex -11.6268 9.50652 10
      vertex -16.6986 7.96801 10
      vertex -16.4672 7.32122 10
    endloop
  endfacet
  facet normal 0 0 1
    outer loop
      vertex -11.6918 10.1666 10
      vertex -16.9663 10.6861 10
      vertex -11.7 10 10
    endloop
  endfacet
  facet normal 0 0 1
    outer loop
      vertex -11.6673 9.66835 10
      vertex -16.8655 8.63437 10
      vertex -16.6986 7.96801 10
    endloop
  endfacet
  facet normal 0 0 1
    outer loop
      vertex -17 10 10
      vertex -11.7 10 10
      vertex -16.9663 10.6861 10
    endloop
  endfacet
  facet normal 0 0 1
    outer loop
      vertex -11.6918 9.83337 10
      vertex -16.9663 9.31388 10
      vertex -16.8655 8.63437 10
    endloop
  endfacet
  facet normal 0 0 1
    outer loop
      vertex -11.7 10 10
      vertex -17 10 10
      vertex -16.9663 9.31388 10
    endloop
  endfacet
  facet normal 0.336883 -0.941546 0
    outer loop
      vertex -7.96801 3.30142 0
      vertex -7.32122 3.53284 10
      vertex -7.96801 3.30142 10
    endloop
  endfacet
  facet normal 0.336883 -0.941546 0
    outer loop
      vertex -7.32122 3.53284 10
      vertex -7.96801 3.30142 0
      vertex -7.32122 3.53284 0
    endloop
  endfacet
  facet normal -0.998794 -0.0491004 0
    outer loop
      vertex -8.3 10 0
      vertex -8.30819 10.1666 10
      vertex -8.30819 10.1666 0
    endloop
  endfacet
  facet normal -0.998794 -0.0491004 0
    outer loop
      vertex -8.30819 10.1666 10
      vertex -8.3 10 0
      vertex -8.3 10 10
    endloop
  endfacet
  facet normal 0.998791 -0.0491602 0
    outer loop
      vertex -11.7 10 10
      vertex -11.6918 10.1666 0
      vertex -11.6918 10.1666 10
    endloop
  endfacet
  facet normal 0.998791 -0.0491602 0
    outer loop
      vertex -11.6918 10.1666 0
      vertex -11.7 10 10
      vertex -11.7 10 0
    endloop
  endfacet
  facet normal -0.0491513 -0.998791 0
    outer loop
      vertex -10 11.7 0
      vertex -9.83337 11.6918 10
      vertex -10 11.7 10
    endloop
  endfacet
  facet normal -0.0491513 -0.998791 -0
    outer loop
      vertex -9.83337 11.6918 10
      vertex -10 11.7 0
      vertex -9.83337 11.6918 0
    endloop
  endfacet
  facet normal 0.741051 0.671448 0
    outer loop
      vertex -11.2021 8.79792 10
      vertex -11.3141 8.92153 0
      vertex -11.3141 8.92153 10
    endloop
  endfacet
  facet normal 0.741051 0.671448 0
    outer loop
      vertex -11.3141 8.92153 0
      vertex -11.2021 8.79792 10
      vertex -11.2021 8.79792 0
    endloop
  endfacet
  facet normal -0.671448 -0.741051 0
    outer loop
      vertex -8.92153 11.3141 0
      vertex -8.79792 11.2021 10
      vertex -8.92153 11.3141 10
    endloop
  endfacet
  facet normal -0.671448 -0.741051 -0
    outer loop
      vertex -8.79792 11.2021 10
      vertex -8.92153 11.3141 0
      vertex -8.79792 11.2021 0
    endloop
  endfacet
  facet normal 0.671478 -0.741024 0
    outer loop
      vertex -11.2021 11.2021 0
      vertex -11.0785 11.3141 10
      vertex -11.2021 11.2021 10
    endloop
  endfacet
  facet normal 0.671478 -0.741024 0
    outer loop
      vertex -11.0785 11.3141 10
      vertex -11.2021 11.2021 0
      vertex -11.0785 11.3141 0
    endloop
  endfacet
  facet normal 0.33683 -0.941566 0
    outer loop
      vertex -10.6506 11.5706 0
      vertex -10.4935 11.6268 10
      vertex -10.6506 11.5706 10
    endloop
  endfacet
  facet normal 0.33683 -0.941566 0
    outer loop
      vertex -10.4935 11.6268 10
      vertex -10.6506 11.5706 0
      vertex -10.4935 11.6268 0
    endloop
  endfacet
  facet normal -0.903996 -0.42754 0
    outer loop
      vertex -8.42941 10.6506 0
      vertex -8.50073 10.8014 10
      vertex -8.50073 10.8014 0
    endloop
  endfacet
  facet normal -0.903996 -0.42754 0
    outer loop
      vertex -8.50073 10.8014 10
      vertex -8.42941 10.6506 0
      vertex -8.42941 10.6506 10
    endloop
  endfacet
  facet normal -0.427419 -0.904054 0
    outer loop
      vertex -9.34944 11.5706 0
      vertex -9.19863 11.4993 10
      vertex -9.34944 11.5706 10
    endloop
  endfacet
  facet normal -0.427419 -0.904054 -0
    outer loop
      vertex -9.19863 11.4993 10
      vertex -9.34944 11.5706 0
      vertex -9.19863 11.4993 0
    endloop
  endfacet
  facet normal -0.514231 -0.857652 0
    outer loop
      vertex -9.19863 11.4993 0
      vertex -9.05553 11.4135 10
      vertex -9.19863 11.4993 10
    endloop
  endfacet
  facet normal -0.514231 -0.857652 -0
    outer loop
      vertex -9.05553 11.4135 10
      vertex -9.19863 11.4993 0
      vertex -9.05553 11.4135 0
    endloop
  endfacet
  facet normal 0.904043 -0.427442 0
    outer loop
      vertex -11.5706 10.6506 10
      vertex -11.4993 10.8014 0
      vertex -11.4993 10.8014 10
    endloop
  endfacet
  facet normal 0.904043 -0.427442 0
    outer loop
      vertex -11.4993 10.8014 0
      vertex -11.5706 10.6506 10
      vertex -11.5706 10.6506 0
    endloop
  endfacet
  facet normal 0.146788 -0.989168 0
    outer loop
      vertex -10.3317 11.6673 0
      vertex -10.1666 11.6918 10
      vertex -10.3317 11.6673 10
    endloop
  endfacet
  facet normal 0.146788 -0.989168 0
    outer loop
      vertex -10.1666 11.6918 10
      vertex -10.3317 11.6673 0
      vertex -10.1666 11.6918 0
    endloop
  endfacet
  facet normal -0.97004 0.242945 0
    outer loop
      vertex -8.3732 9.50652 0
      vertex -8.33267 9.66835 10
      vertex -8.33267 9.66835 0
    endloop
  endfacet
  facet normal -0.97004 0.242945 0
    outer loop
      vertex -8.33267 9.66835 10
      vertex -8.3732 9.50652 0
      vertex -8.3732 9.50652 10
    endloop
  endfacet
  facet normal -0.97003 -0.242987 0
    outer loop
      vertex -8.33267 10.3317 0
      vertex -8.3732 10.4935 10
      vertex -8.3732 10.4935 0
    endloop
  endfacet
  facet normal -0.97003 -0.242987 0
    outer loop
      vertex -8.3732 10.4935 10
      vertex -8.33267 10.3317 0
      vertex -8.33267 10.3317 10
    endloop
  endfacet
  facet normal -0.989185 -0.14667 0
    outer loop
      vertex -8.30819 10.1666 0
      vertex -8.33267 10.3317 10
      vertex -8.33267 10.3317 0
    endloop
  endfacet
  facet normal -0.989185 -0.14667 0
    outer loop
      vertex -8.33267 10.3317 10
      vertex -8.30819 10.1666 0
      vertex -8.30819 10.1666 10
    endloop
  endfacet
  facet normal -0.941546 -0.336883 0
    outer loop
      vertex -8.3732 10.4935 0
      vertex -8.42941 10.6506 10
      vertex -8.42941 10.6506 0
    endloop
  endfacet
  facet normal -0.941546 -0.336883 0
    outer loop
      vertex -8.42941 10.6506 10
      vertex -8.3732 10.4935 0
      vertex -8.3732 10.4935 10
    endloop
  endfacet
  facet normal -0.803211 -0.595695 0
    outer loop
      vertex -8.5865 10.9445 0
      vertex -8.68588 11.0785 10
      vertex -8.68588 11.0785 0
    endloop
  endfacet
  facet normal -0.803211 -0.595695 0
    outer loop
      vertex -8.68588 11.0785 10
      vertex -8.5865 10.9445 0
      vertex -8.5865 10.9445 10
    endloop
  endfacet
  facet normal -0.740905 -0.67161 0
    outer loop
      vertex -8.68588 11.0785 0
      vertex -8.79792 11.2021 10
      vertex -8.79792 11.2021 0
    endloop
  endfacet
  facet normal -0.740905 -0.67161 0
    outer loop
      vertex -8.79792 11.2021 10
      vertex -8.68588 11.0785 0
      vertex -8.68588 11.0785 10
    endloop
  endfacet
  facet normal -0.857731 -0.514099 0
    outer loop
      vertex -8.50073 10.8014 0
      vertex -8.5865 10.9445 10
      vertex -8.5865 10.9445 0
    endloop
  endfacet
  facet normal -0.857731 -0.514099 0
    outer loop
      vertex -8.5865 10.9445 10
      vertex -8.50073 10.8014 0
      vertex -8.50073 10.8014 10
    endloop
  endfacet
  facet normal -0.242775 -0.970083 0
    outer loop
      vertex -9.66835 11.6673 0
      vertex -9.50652 11.6268 10
      vertex -9.66835 11.6673 10
    endloop
  endfacet
  facet normal -0.242775 -0.970083 -0
    outer loop
      vertex -9.50652 11.6268 10
      vertex -9.66835 11.6673 0
      vertex -9.50652 11.6268 0
    endloop
  endfacet
  facet normal -0.336868 -0.941552 0
    outer loop
      vertex -9.50652 11.6268 0
      vertex -9.34944 11.5706 10
      vertex -9.50652 11.6268 10
    endloop
  endfacet
  facet normal -0.336868 -0.941552 -0
    outer loop
      vertex -9.34944 11.5706 10
      vertex -9.50652 11.6268 0
      vertex -9.34944 11.5706 0
    endloop
  endfacet
  facet normal -0.146857 -0.989158 0
    outer loop
      vertex -9.83337 11.6918 0
      vertex -9.66835 11.6673 10
      vertex -9.83337 11.6918 10
    endloop
  endfacet
  facet normal -0.146857 -0.989158 -0
    outer loop
      vertex -9.66835 11.6673 10
      vertex -9.83337 11.6918 0
      vertex -9.66835 11.6673 0
    endloop
  endfacet
  facet normal -0.595772 -0.803154 0
    outer loop
      vertex -9.05553 11.4135 0
      vertex -8.92153 11.3141 10
      vertex -9.05553 11.4135 10
    endloop
  endfacet
  facet normal -0.595772 -0.803154 -0
    outer loop
      vertex -8.92153 11.3141 10
      vertex -9.05553 11.4135 0
      vertex -8.92153 11.3141 0
    endloop
  endfacet
  facet normal 0.970072 -0.242818 0
    outer loop
      vertex -11.6673 10.3317 10
      vertex -11.6268 10.4935 0
      vertex -11.6268 10.4935 10
    endloop
  endfacet
  facet normal 0.970072 -0.242818 0
    outer loop
      vertex -11.6268 10.4935 0
      vertex -11.6673 10.3317 10
      vertex -11.6673 10.3317 0
    endloop
  endfacet
  facet normal 0.803154 -0.595772 0
    outer loop
      vertex -11.4135 10.9445 10
      vertex -11.3141 11.0785 0
      vertex -11.3141 11.0785 10
    endloop
  endfacet
  facet normal 0.803154 -0.595772 0
    outer loop
      vertex -11.3141 11.0785 0
      vertex -11.4135 10.9445 10
      vertex -11.4135 10.9445 0
    endloop
  endfacet
  facet normal 0.741024 -0.671478 0
    outer loop
      vertex -11.3141 11.0785 10
      vertex -11.2021 11.2021 0
      vertex -11.2021 11.2021 10
    endloop
  endfacet
  facet normal 0.741024 -0.671478 0
    outer loop
      vertex -11.2021 11.2021 0
      vertex -11.3141 11.0785 10
      vertex -11.3141 11.0785 0
    endloop
  endfacet
  facet normal 0.857652 -0.514231 0
    outer loop
      vertex -11.4993 10.8014 10
      vertex -11.4135 10.9445 0
      vertex -11.4135 10.9445 10
    endloop
  endfacet
  facet normal 0.857652 -0.514231 0
    outer loop
      vertex -11.4135 10.9445 0
      vertex -11.4993 10.8014 10
      vertex -11.4993 10.8014 0
    endloop
  endfacet
  facet normal 0.941566 -0.33683 0
    outer loop
      vertex -11.6268 10.4935 10
      vertex -11.5706 10.6506 0
      vertex -11.5706 10.6506 10
    endloop
  endfacet
  facet normal 0.941566 -0.33683 0
    outer loop
      vertex -11.5706 10.6506 0
      vertex -11.6268 10.4935 10
      vertex -11.6268 10.4935 0
    endloop
  endfacet
  facet normal 0.989168 -0.146788 0
    outer loop
      vertex -11.6918 10.1666 10
      vertex -11.6673 10.3317 0
      vertex -11.6673 10.3317 10
    endloop
  endfacet
  facet normal 0.989168 -0.146788 0
    outer loop
      vertex -11.6673 10.3317 0
      vertex -11.6918 10.1666 10
      vertex -11.6918 10.1666 0
    endloop
  endfacet
  facet normal 0.514231 -0.857652 0
    outer loop
      vertex -10.9445 11.4135 0
      vertex -10.8014 11.4993 10
      vertex -10.9445 11.4135 10
    endloop
  endfacet
  facet normal 0.514231 -0.857652 0
    outer loop
      vertex -10.8014 11.4993 10
      vertex -10.9445 11.4135 0
      vertex -10.8014 11.4993 0
    endloop
  endfacet
  facet normal 0.427442 -0.904043 0
    outer loop
      vertex -10.8014 11.4993 0
      vertex -10.6506 11.5706 10
      vertex -10.8014 11.4993 10
    endloop
  endfacet
  facet normal 0.427442 -0.904043 0
    outer loop
      vertex -10.6506 11.5706 10
      vertex -10.8014 11.4993 0
      vertex -10.6506 11.5706 0
    endloop
  endfacet
  facet normal 0.595772 -0.803154 0
    outer loop
      vertex -11.0785 11.3141 0
      vertex -10.9445 11.4135 10
      vertex -11.0785 11.3141 10
    endloop
  endfacet
  facet normal 0.595772 -0.803154 0
    outer loop
      vertex -10.9445 11.4135 10
      vertex -11.0785 11.3141 0
      vertex -10.9445 11.4135 0
    endloop
  endfacet
  facet normal 0.242818 -0.970072 0
    outer loop
      vertex -10.4935 11.6268 0
      vertex -10.3317 11.6673 10
      vertex -10.4935 11.6268 10
    endloop
  endfacet
  facet normal 0.242818 -0.970072 0
    outer loop
      vertex -10.3317 11.6673 10
      vertex -10.4935 11.6268 0
      vertex -10.3317 11.6673 0
    endloop
  endfacet
  facet normal 0.0491602 -0.998791 0
    outer loop
      vertex -10.1666 11.6918 0
      vertex -10 11.7 10
      vertex -10.1666 11.6918 10
    endloop
  endfacet
  facet normal 0.0491602 -0.998791 0
    outer loop
      vertex -10 11.7 10
      vertex -10.1666 11.6918 0
      vertex -10 11.7 0
    endloop
  endfacet
  facet normal -0.0490916 0.998794 0
    outer loop
      vertex -9.83337 8.30819 0
      vertex -10 8.3 10
      vertex -9.83337 8.30819 10
    endloop
  endfacet
  facet normal -0.0490916 0.998794 0
    outer loop
      vertex -10 8.3 10
      vertex -9.83337 8.30819 0
      vertex -10 8.3 0
    endloop
  endfacet
  facet normal -0.67158 0.740932 0
    outer loop
      vertex -8.79792 8.79792 0
      vertex -8.92153 8.68588 10
      vertex -8.79792 8.79792 10
    endloop
  endfacet
  facet normal -0.67158 0.740932 0
    outer loop
      vertex -8.92153 8.68588 10
      vertex -8.79792 8.79792 0
      vertex -8.92153 8.68588 0
    endloop
  endfacet
  facet normal -0.514099 0.857731 0
    outer loop
      vertex -9.05553 8.5865 0
      vertex -9.19863 8.50073 10
      vertex -9.05553 8.5865 10
    endloop
  endfacet
  facet normal -0.514099 0.857731 0
    outer loop
      vertex -9.19863 8.50073 10
      vertex -9.05553 8.5865 0
      vertex -9.19863 8.50073 0
    endloop
  endfacet
  facet normal -0.803211 0.595695 0
    outer loop
      vertex -8.68588 8.92153 0
      vertex -8.5865 9.05553 10
      vertex -8.5865 9.05553 0
    endloop
  endfacet
  facet normal -0.803211 0.595695 0
    outer loop
      vertex -8.5865 9.05553 10
      vertex -8.68588 8.92153 0
      vertex -8.68588 8.92153 10
    endloop
  endfacet
  facet normal -0.904007 0.427517 0
    outer loop
      vertex -8.50073 9.19863 0
      vertex -8.42941 9.34944 10
      vertex -8.42941 9.34944 0
    endloop
  endfacet
  facet normal -0.904007 0.427517 0
    outer loop
      vertex -8.42941 9.34944 10
      vertex -8.50073 9.19863 0
      vertex -8.50073 9.19863 10
    endloop
  endfacet
  facet normal 0.67161 0.740905 -0
    outer loop
      vertex -11.0785 8.68588 0
      vertex -11.2021 8.79792 10
      vertex -11.0785 8.68588 10
    endloop
  endfacet
  facet normal 0.67161 0.740905 0
    outer loop
      vertex -11.2021 8.79792 10
      vertex -11.0785 8.68588 0
      vertex -11.2021 8.79792 0
    endloop
  endfacet
  facet normal 0.514099 0.857731 -0
    outer loop
      vertex -10.8014 8.50073 0
      vertex -10.9445 8.5865 10
      vertex -10.8014 8.50073 10
    endloop
  endfacet
  facet normal 0.514099 0.857731 0
    outer loop
      vertex -10.9445 8.5865 10
      vertex -10.8014 8.50073 0
      vertex -10.9445 8.5865 0
    endloop
  endfacet
  facet normal 0.336883 0.941546 -0
    outer loop
      vertex -10.4935 8.3732 0
      vertex -10.6506 8.42941 10
      vertex -10.4935 8.3732 10
    endloop
  endfacet
  facet normal 0.336883 0.941546 0
    outer loop
      vertex -10.6506 8.42941 10
      vertex -10.4935 8.3732 0
      vertex -10.6506 8.42941 0
    endloop
  endfacet
  facet normal 0.14667 0.989185 -0
    outer loop
      vertex -10.1666 8.30819 0
      vertex -10.3317 8.33267 10
      vertex -10.1666 8.30819 10
    endloop
  endfacet
  facet normal 0.14667 0.989185 0
    outer loop
      vertex -10.3317 8.33267 10
      vertex -10.1666 8.30819 0
      vertex -10.3317 8.33267 0
    endloop
  endfacet
  facet normal 0.857652 0.514231 0
    outer loop
      vertex -11.4135 9.05553 10
      vertex -11.4993 9.19863 0
      vertex -11.4993 9.19863 10
    endloop
  endfacet
  facet normal 0.857652 0.514231 0
    outer loop
      vertex -11.4993 9.19863 0
      vertex -11.4135 9.05553 10
      vertex -11.4135 9.05553 0
    endloop
  endfacet
  facet normal 0.904054 0.427419 0
    outer loop
      vertex -11.4993 9.19863 10
      vertex -11.5706 9.34944 0
      vertex -11.5706 9.34944 10
    endloop
  endfacet
  facet normal 0.904054 0.427419 0
    outer loop
      vertex -11.5706 9.34944 0
      vertex -11.4993 9.19863 10
      vertex -11.4993 9.19863 0
    endloop
  endfacet
  facet normal 0.803154 0.595772 0
    outer loop
      vertex -11.3141 8.92153 10
      vertex -11.4135 9.05553 0
      vertex -11.4135 9.05553 10
    endloop
  endfacet
  facet normal 0.803154 0.595772 0
    outer loop
      vertex -11.4135 9.05553 0
      vertex -11.3141 8.92153 10
      vertex -11.3141 8.92153 0
    endloop
  endfacet
  facet normal 0.970083 0.242775 0
    outer loop
      vertex -11.6268 9.50652 10
      vertex -11.6673 9.66835 0
      vertex -11.6673 9.66835 10
    endloop
  endfacet
  facet normal 0.970083 0.242775 0
    outer loop
      vertex -11.6673 9.66835 0
      vertex -11.6268 9.50652 10
      vertex -11.6268 9.50652 0
    endloop
  endfacet
  facet normal 0.941552 0.336868 0
    outer loop
      vertex -11.5706 9.34944 10
      vertex -11.6268 9.50652 0
      vertex -11.6268 9.50652 10
    endloop
  endfacet
  facet normal 0.941552 0.336868 0
    outer loop
      vertex -11.6268 9.50652 0
      vertex -11.5706 9.34944 10
      vertex -11.5706 9.34944 0
    endloop
  endfacet
  facet normal 0.998791 0.0491513 0
    outer loop
      vertex -11.6918 9.83337 10
      vertex -11.7 10 0
      vertex -11.7 10 10
    endloop
  endfacet
  facet normal 0.998791 0.0491513 0
    outer loop
      vertex -11.7 10 0
      vertex -11.6918 9.83337 10
      vertex -11.6918 9.83337 0
    endloop
  endfacet
  facet normal -0.14674 0.989175 0
    outer loop
      vertex -9.66835 8.33267 0
      vertex -9.83337 8.30819 10
      vertex -9.66835 8.33267 10
    endloop
  endfacet
  facet normal -0.14674 0.989175 0
    outer loop
      vertex -9.83337 8.30819 10
      vertex -9.66835 8.33267 0
      vertex -9.83337 8.30819 0
    endloop
  endfacet
  facet normal -0.427517 0.904007 0
    outer loop
      vertex -9.19863 8.50073 0
      vertex -9.34944 8.42941 10
      vertex -9.19863 8.50073 10
    endloop
  endfacet
  facet normal -0.427517 0.904007 0
    outer loop
      vertex -9.34944 8.42941 10
      vertex -9.19863 8.50073 0
      vertex -9.34944 8.42941 0
    endloop
  endfacet
  facet normal -0.242945 0.97004 0
    outer loop
      vertex -9.50652 8.3732 0
      vertex -9.66835 8.33267 10
      vertex -9.50652 8.3732 10
    endloop
  endfacet
  facet normal -0.242945 0.97004 0
    outer loop
      vertex -9.66835 8.33267 10
      vertex -9.50652 8.3732 0
      vertex -9.66835 8.33267 0
    endloop
  endfacet
  facet normal -0.740932 0.67158 0
    outer loop
      vertex -8.79792 8.79792 0
      vertex -8.68588 8.92153 10
      vertex -8.68588 8.92153 0
    endloop
  endfacet
  facet normal -0.740932 0.67158 0
    outer loop
      vertex -8.68588 8.92153 10
      vertex -8.79792 8.79792 0
      vertex -8.79792 8.79792 10
    endloop
  endfacet
  facet normal -0.595695 0.803211 0
    outer loop
      vertex -8.92153 8.68588 0
      vertex -9.05553 8.5865 10
      vertex -8.92153 8.68588 10
    endloop
  endfacet
  facet normal -0.595695 0.803211 0
    outer loop
      vertex -9.05553 8.5865 10
      vertex -8.92153 8.68588 0
      vertex -9.05553 8.5865 0
    endloop
  endfacet
  facet normal -0.857731 0.514099 0
    outer loop
      vertex -8.5865 9.05553 0
      vertex -8.50073 9.19863 10
      vertex -8.50073 9.19863 0
    endloop
  endfacet
  facet normal -0.857731 0.514099 0
    outer loop
      vertex -8.50073 9.19863 10
      vertex -8.5865 9.05553 0
      vertex -8.5865 9.05553 10
    endloop
  endfacet
  facet normal -0.941533 0.336921 0
    outer loop
      vertex -8.42941 9.34944 0
      vertex -8.3732 9.50652 10
      vertex -8.3732 9.50652 0
    endloop
  endfacet
  facet normal -0.941533 0.336921 0
    outer loop
      vertex -8.3732 9.50652 10
      vertex -8.42941 9.34944 0
      vertex -8.42941 9.34944 10
    endloop
  endfacet
  facet normal -0.989175 0.14674 0
    outer loop
      vertex -8.33267 9.66835 0
      vertex -8.30819 9.83337 10
      vertex -8.30819 9.83337 0
    endloop
  endfacet
  facet normal -0.989175 0.14674 0
    outer loop
      vertex -8.30819 9.83337 10
      vertex -8.33267 9.66835 0
      vertex -8.33267 9.66835 10
    endloop
  endfacet
  facet normal -0.998794 0.0490916 0
    outer loop
      vertex -8.30819 9.83337 0
      vertex -8.3 10 10
      vertex -8.3 10 0
    endloop
  endfacet
  facet normal -0.998794 0.0490916 0
    outer loop
      vertex -8.3 10 10
      vertex -8.30819 9.83337 0
      vertex -8.30819 9.83337 10
    endloop
  endfacet
  facet normal 0.595695 0.803211 -0
    outer loop
      vertex -10.9445 8.5865 0
      vertex -11.0785 8.68588 10
      vertex -10.9445 8.5865 10
    endloop
  endfacet
  facet normal 0.595695 0.803211 0
    outer loop
      vertex -11.0785 8.68588 10
      vertex -10.9445 8.5865 0
      vertex -11.0785 8.68588 0
    endloop
  endfacet
  facet normal 0.42754 0.903996 -0
    outer loop
      vertex -10.6506 8.42941 0
      vertex -10.8014 8.50073 10
      vertex -10.6506 8.42941 10
    endloop
  endfacet
  facet normal 0.42754 0.903996 0
    outer loop
      vertex -10.8014 8.50073 10
      vertex -10.6506 8.42941 0
      vertex -10.8014 8.50073 0
    endloop
  endfacet
  facet normal 0.242987 0.97003 -0
    outer loop
      vertex -10.3317 8.33267 0
      vertex -10.4935 8.3732 10
      vertex -10.3317 8.33267 10
    endloop
  endfacet
  facet normal 0.242987 0.97003 0
    outer loop
      vertex -10.4935 8.3732 10
      vertex -10.3317 8.33267 0
      vertex -10.4935 8.3732 0
    endloop
  endfacet
  facet normal 0.0491004 0.998794 -0
    outer loop
      vertex -10 8.3 0
      vertex -10.1666 8.30819 10
      vertex -10 8.3 10
    endloop
  endfacet
  facet normal 0.0491004 0.998794 0
    outer loop
      vertex -10.1666 8.30819 10
      vertex -10 8.3 0
      vertex -10.1666 8.30819 0
    endloop
  endfacet
  facet normal 0.989158 0.146857 0
    outer loop
      vertex -11.6673 9.66835 10
      vertex -11.6918 9.83337 0
      vertex -11.6918 9.83337 10
    endloop
  endfacet
  facet normal 0.989158 0.146857 0
    outer loop
      vertex -11.6918 9.83337 0
      vertex -11.6673 9.66835 10
      vertex -11.6673 9.66835 0
    endloop
  endfacet
  facet normal -0.336921 0.941533 0
    outer loop
      vertex -9.34944 8.42941 0
      vertex -9.50652 8.3732 10
      vertex -9.34944 8.42941 10
    endloop
  endfacet
  facet normal -0.336921 0.941533 0
    outer loop
      vertex -9.50652 8.3732 10
      vertex -9.34944 8.42941 0
      vertex -9.50652 8.3732 0
    endloop
  endfacet
  facet normal 0.998796 0.0490576 0
    outer loop
      vertex 17 -10 10
      vertex 16.9663 -9.31388 0
      vertex 16.9663 -9.31388 10
    endloop
  endfacet
  facet normal 0.998796 0.0490576 0
    outer loop
      vertex 16.9663 -9.31388 0
      vertex 17 -10 10
      vertex 17 -10 0
    endloop
  endfacet
  facet normal -0.998795 0.0490722 0
    outer loop
      vertex 3 -10 0
      vertex 3.03371 -9.31388 10
      vertex 3.03371 -9.31388 0
    endloop
  endfacet
  facet normal -0.998795 0.0490722 0
    outer loop
      vertex 3.03371 -9.31388 10
      vertex 3 -10 0
      vertex 3 -10 10
    endloop
  endfacet
  facet normal 0.0490736 0.998795 -0
    outer loop
      vertex 10.6861 -3.03371 0
      vertex 10 -3 10
      vertex 10.6861 -3.03371 10
    endloop
  endfacet
  facet normal 0.0490736 0.998795 0
    outer loop
      vertex 10 -3 10
      vertex 10.6861 -3.03371 0
      vertex 10 -3 0
    endloop
  endfacet
  facet normal 0.671623 0.740893 -0
    outer loop
      vertex 14.9497 -5.05025 0
      vertex 14.4408 -4.58893 10
      vertex 14.9497 -5.05025 10
    endloop
  endfacet
  facet normal 0.671623 0.740893 0
    outer loop
      vertex 14.4408 -4.58893 10
      vertex 14.9497 -5.05025 0
      vertex 14.4408 -4.58893 0
    endloop
  endfacet
  facet normal -0.67155 0.740959 0
    outer loop
      vertex 5.55925 -4.58893 0
      vertex 5.05025 -5.05025 10
      vertex 5.55925 -4.58893 10
    endloop
  endfacet
  facet normal -0.67155 0.740959 0
    outer loop
      vertex 5.05025 -5.05025 10
      vertex 5.55925 -4.58893 0
      vertex 5.05025 -5.05025 0
    endloop
  endfacet
  facet normal -0.336883 0.941546 0
    outer loop
      vertex 7.96801 -3.30142 0
      vertex 7.32122 -3.53284 10
      vertex 7.96801 -3.30142 10
    endloop
  endfacet
  facet normal -0.336883 0.941546 0
    outer loop
      vertex 7.32122 -3.53284 10
      vertex 7.96801 -3.30142 0
      vertex 7.32122 -3.53284 0
    endloop
  endfacet
  facet normal 0.903939 0.427661 0
    outer loop
      vertex 16.4672 -7.32122 10
      vertex 16.1734 -6.70022 0
      vertex 16.1734 -6.70022 10
    endloop
  endfacet
  facet normal 0.903939 0.427661 0
    outer loop
      vertex 16.1734 -6.70022 0
      vertex 16.4672 -7.32122 10
      vertex 16.4672 -7.32122 0
    endloop
  endfacet
  facet normal 0.427554 0.90399 -0
    outer loop
      vertex 13.2998 -3.82655 0
      vertex 12.6788 -3.53284 10
      vertex 13.2998 -3.82655 10
    endloop
  endfacet
  facet normal 0.427554 0.90399 0
    outer loop
      vertex 12.6788 -3.53284 10
      vertex 13.2998 -3.82655 0
      vertex 12.6788 -3.53284 0
    endloop
  endfacet
  facet normal 0.51411 0.857724 -0
    outer loop
      vertex 13.889 -4.17971 0
      vertex 13.2998 -3.82655 10
      vertex 13.889 -4.17971 10
    endloop
  endfacet
  facet normal 0.51411 0.857724 0
    outer loop
      vertex 13.2998 -3.82655 10
      vertex 13.889 -4.17971 0
      vertex 13.2998 -3.82655 0
    endloop
  endfacet
  facet normal -0.90399 0.427554 0
    outer loop
      vertex 3.53284 -7.32122 0
      vertex 3.82655 -6.70022 10
      vertex 3.82655 -6.70022 0
    endloop
  endfacet
  facet normal -0.90399 0.427554 0
    outer loop
      vertex 3.82655 -6.70022 10
      vertex 3.53284 -7.32122 0
      vertex 3.53284 -7.32122 10
    endloop
  endfacet
  facet normal -0.146722 0.989178 0
    outer loop
      vertex 9.31388 -3.03371 0
      vertex 8.63437 -3.1345 10
      vertex 9.31388 -3.03371 10
    endloop
  endfacet
  facet normal -0.146722 0.989178 0
    outer loop
      vertex 8.63437 -3.1345 10
      vertex 9.31388 -3.03371 0
      vertex 8.63437 -3.1345 0
    endloop
  endfacet
  facet normal 0 0 -1
    outer loop
      vertex 11.7 -10 0
      vertex 17 -10 0
      vertex 16.9663 -10.6861 0
    endloop
  endfacet
  facet normal 0 0 -1
    outer loop
      vertex 11.6918 -10.1666 0
      vertex 16.9663 -10.6861 0
      vertex 16.8655 -11.3656 0
    endloop
  endfacet
  facet normal 0 0 -1
    outer loop
      vertex 17 -10 0
      vertex 11.7 -10 0
      vertex 16.9663 -9.31388 0
    endloop
  endfacet
  facet normal 0 0 -1
    outer loop
      vertex 11.6673 -10.3317 0
      vertex 16.8655 -11.3656 0
      vertex 16.6986 -12.032 0
    endloop
  endfacet
  facet normal 0 0 -1
    outer loop
      vertex 11.6918 -9.83337 0
      vertex 16.9663 -9.31388 0
      vertex 11.7 -10 0
    endloop
  endfacet
  facet normal 0 0 -1
    outer loop
      vertex 11.6268 -10.4935 0
      vertex 16.6986 -12.032 0
      vertex 16.4672 -12.6788 0
    endloop
  endfacet
  facet normal -0 0 -1
    outer loop
      vertex 16.9663 -9.31388 0
      vertex 11.6918 -9.83337 0
      vertex 16.8655 -8.63437 0
    endloop
  endfacet
  facet normal 0 0 -1
    outer loop
      vertex 11.5706 -10.6506 0
      vertex 16.4672 -12.6788 0
      vertex 16.1734 -13.2998 0
    endloop
  endfacet
  facet normal 0 0 -1
    outer loop
      vertex 11.6673 -9.66835 0
      vertex 16.8655 -8.63437 0
      vertex 11.6918 -9.83337 0
    endloop
  endfacet
  facet normal 0 0 -1
    outer loop
      vertex 11.4993 -10.8014 0
      vertex 16.1734 -13.2998 0
      vertex 15.8203 -13.889 0
    endloop
  endfacet
  facet normal -0 0 -1
    outer loop
      vertex 16.8655 -8.63437 0
      vertex 11.6673 -9.66835 0
      vertex 16.6986 -7.96801 0
    endloop
  endfacet
  facet normal 0 0 -1
    outer loop
      vertex 11.4135 -10.9445 0
      vertex 15.8203 -13.889 0
      vertex 15.4111 -14.4408 0
    endloop
  endfacet
  facet normal 0 0 -1
    outer loop
      vertex 11.6268 -9.50652 0
      vertex 16.6986 -7.96801 0
      vertex 11.6673 -9.66835 0
    endloop
  endfacet
  facet normal 0 0 -1
    outer loop
      vertex 11.3141 -11.0785 0
      vertex 15.4111 -14.4408 0
      vertex 14.9497 -14.9497 0
    endloop
  endfacet
  facet normal -0 0 -1
    outer loop
      vertex 16.6986 -7.96801 0
      vertex 11.6268 -9.50652 0
      vertex 16.4672 -7.32122 0
    endloop
  endfacet
  facet normal 0 0 -1
    outer loop
      vertex 11.2021 -11.2021 0
      vertex 14.9497 -14.9497 0
      vertex 14.4408 -15.4111 0
    endloop
  endfacet
  facet normal 0 0 -1
    outer loop
      vertex 11.5706 -9.34944 0
      vertex 16.4672 -7.32122 0
      vertex 11.6268 -9.50652 0
    endloop
  endfacet
  facet normal 0 0 -1
    outer loop
      vertex 11.0785 -11.3141 0
      vertex 14.4408 -15.4111 0
      vertex 13.889 -15.8203 0
    endloop
  endfacet
  facet normal -0 0 -1
    outer loop
      vertex 16.4672 -7.32122 0
      vertex 11.5706 -9.34944 0
      vertex 16.1734 -6.70022 0
    endloop
  endfacet
  facet normal 0 0 -1
    outer loop
      vertex 10.9445 -11.4135 0
      vertex 13.889 -15.8203 0
      vertex 13.2998 -16.1734 0
    endloop
  endfacet
  facet normal 0 0 -1
    outer loop
      vertex 11.4993 -9.19863 0
      vertex 16.1734 -6.70022 0
      vertex 11.5706 -9.34944 0
    endloop
  endfacet
  facet normal 0 0 -1
    outer loop
      vertex 10.8014 -11.4993 0
      vertex 13.2998 -16.1734 0
      vertex 12.6788 -16.4672 0
    endloop
  endfacet
  facet normal -0 0 -1
    outer loop
      vertex 16.1734 -6.70022 0
      vertex 11.4993 -9.19863 0
      vertex 15.8203 -6.11101 0
    endloop
  endfacet
  facet normal 0 0 -1
    outer loop
      vertex 10.6506 -11.5706 0
      vertex 12.6788 -16.4672 0
      vertex 12.032 -16.6986 0
    endloop
  endfacet
  facet normal 0 0 -1
    outer loop
      vertex 11.4135 -9.05553 0
      vertex 15.8203 -6.11101 0
      vertex 11.4993 -9.19863 0
    endloop
  endfacet
  facet normal -0 0 -1
    outer loop
      vertex 15.8203 -6.11101 0
      vertex 11.4135 -9.05553 0
      vertex 15.4111 -5.55925 0
    endloop
  endfacet
  facet normal 0 0 -1
    outer loop
      vertex 16.9663 -10.6861 0
      vertex 11.6918 -10.1666 0
      vertex 11.7 -10 0
    endloop
  endfacet
  facet normal 0 0 -1
    outer loop
      vertex 16.8655 -11.3656 0
      vertex 11.6673 -10.3317 0
      vertex 11.6918 -10.1666 0
    endloop
  endfacet
  facet normal 0 0 -1
    outer loop
      vertex 16.6986 -12.032 0
      vertex 11.6268 -10.4935 0
      vertex 11.6673 -10.3317 0
    endloop
  endfacet
  facet normal 0 0 -1
    outer loop
      vertex 16.4672 -12.6788 0
      vertex 11.5706 -10.6506 0
      vertex 11.6268 -10.4935 0
    endloop
  endfacet
  facet normal 0 0 -1
    outer loop
      vertex 16.1734 -13.2998 0
      vertex 11.4993 -10.8014 0
      vertex 11.5706 -10.6506 0
    endloop
  endfacet
  facet normal 0 0 -1
    outer loop
      vertex 15.8203 -13.889 0
      vertex 11.4135 -10.9445 0
      vertex 11.4993 -10.8014 0
    endloop
  endfacet
  facet normal 0 0 -1
    outer loop
      vertex 10.4935 -11.6268 0
      vertex 12.032 -16.6986 0
      vertex 11.3656 -16.8655 0
    endloop
  endfacet
  facet normal 0 0 -1
    outer loop
      vertex 15.4111 -14.4408 0
      vertex 11.3141 -11.0785 0
      vertex 11.4135 -10.9445 0
    endloop
  endfacet
  facet normal 0 0 -1
    outer loop
      vertex 14.9497 -14.9497 0
      vertex 11.2021 -11.2021 0
      vertex 11.3141 -11.0785 0
    endloop
  endfacet
  facet normal 0 0 -1
    outer loop
      vertex 14.4408 -15.4111 0
      vertex 11.0785 -11.3141 0
      vertex 11.2021 -11.2021 0
    endloop
  endfacet
  facet normal 0 0 -1
    outer loop
      vertex 13.889 -15.8203 0
      vertex 10.9445 -11.4135 0
      vertex 11.0785 -11.3141 0
    endloop
  endfacet
  facet normal 0 0 -1
    outer loop
      vertex 13.2998 -16.1734 0
      vertex 10.8014 -11.4993 0
      vertex 10.9445 -11.4135 0
    endloop
  endfacet
  facet normal 0 0 -1
    outer loop
      vertex 10.3317 -11.6673 0
      vertex 11.3656 -16.8655 0
      vertex 10.6861 -16.9663 0
    endloop
  endfacet
  facet normal 0 0 -1
    outer loop
      vertex 12.6788 -16.4672 0
      vertex 10.6506 -11.5706 0
      vertex 10.8014 -11.4993 0
    endloop
  endfacet
  facet normal 0 0 -1
    outer loop
      vertex 12.032 -16.6986 0
      vertex 10.4935 -11.6268 0
      vertex 10.6506 -11.5706 0
    endloop
  endfacet
  facet normal 0 0 -1
    outer loop
      vertex 11.3656 -16.8655 0
      vertex 10.3317 -11.6673 0
      vertex 10.4935 -11.6268 0
    endloop
  endfacet
  facet normal 0 0 -1
    outer loop
      vertex 10.6861 -16.9663 0
      vertex 10.1666 -11.6918 0
      vertex 10.3317 -11.6673 0
    endloop
  endfacet
  facet normal 0 0 -1
    outer loop
      vertex 10 -17 0
      vertex 10.1666 -11.6918 0
      vertex 10.6861 -16.9663 0
    endloop
  endfacet
  facet normal 0 0 -1
    outer loop
      vertex 10 -17 0
      vertex 10 -11.7 0
      vertex 10.1666 -11.6918 0
    endloop
  endfacet
  facet normal 0 0 -1
    outer loop
      vertex 10 -17 0
      vertex 9.83337 -11.6918 0
      vertex 10 -11.7 0
    endloop
  endfacet
  facet normal 0 0 -1
    outer loop
      vertex 9.31388 -16.9663 0
      vertex 9.83337 -11.6918 0
      vertex 10 -17 0
    endloop
  endfacet
  facet normal -0 0 -1
    outer loop
      vertex 9.83337 -11.6918 0
      vertex 9.31388 -16.9663 0
      vertex 9.66835 -11.6673 0
    endloop
  endfacet
  facet normal 0 0 -1
    outer loop
      vertex 8.63437 -16.8655 0
      vertex 9.66835 -11.6673 0
      vertex 9.31388 -16.9663 0
    endloop
  endfacet
  facet normal -0 0 -1
    outer loop
      vertex 9.66835 -11.6673 0
      vertex 8.63437 -16.8655 0
      vertex 9.50652 -11.6268 0
    endloop
  endfacet
  facet normal 0 0 -1
    outer loop
      vertex 7.96801 -16.6986 0
      vertex 9.50652 -11.6268 0
      vertex 8.63437 -16.8655 0
    endloop
  endfacet
  facet normal -0 0 -1
    outer loop
      vertex 9.50652 -11.6268 0
      vertex 7.96801 -16.6986 0
      vertex 9.34944 -11.5706 0
    endloop
  endfacet
  facet normal 0 0 -1
    outer loop
      vertex 7.32122 -16.4672 0
      vertex 9.34944 -11.5706 0
      vertex 7.96801 -16.6986 0
    endloop
  endfacet
  facet normal -0 0 -1
    outer loop
      vertex 9.34944 -11.5706 0
      vertex 7.32122 -16.4672 0
      vertex 9.19863 -11.4993 0
    endloop
  endfacet
  facet normal 0 0 -1
    outer loop
      vertex 6.70022 -16.1734 0
      vertex 9.19863 -11.4993 0
      vertex 7.32122 -16.4672 0
    endloop
  endfacet
  facet normal -0 0 -1
    outer loop
      vertex 9.19863 -11.4993 0
      vertex 6.70022 -16.1734 0
      vertex 9.05553 -11.4135 0
    endloop
  endfacet
  facet normal 0 0 -1
    outer loop
      vertex 6.11101 -15.8203 0
      vertex 9.05553 -11.4135 0
      vertex 6.70022 -16.1734 0
    endloop
  endfacet
  facet normal -0 0 -1
    outer loop
      vertex 9.05553 -11.4135 0
      vertex 6.11101 -15.8203 0
      vertex 8.92153 -11.3141 0
    endloop
  endfacet
  facet normal 0 0 -1
    outer loop
      vertex 5.55925 -15.4111 0
      vertex 8.92153 -11.3141 0
      vertex 6.11101 -15.8203 0
    endloop
  endfacet
  facet normal -0 0 -1
    outer loop
      vertex 8.92153 -11.3141 0
      vertex 5.55925 -15.4111 0
      vertex 8.79792 -11.2021 0
    endloop
  endfacet
  facet normal 0 0 -1
    outer loop
      vertex 5.05025 -14.9497 0
      vertex 8.79792 -11.2021 0
      vertex 5.55925 -15.4111 0
    endloop
  endfacet
  facet normal -0 0 -1
    outer loop
      vertex 8.79792 -11.2021 0
      vertex 5.05025 -14.9497 0
      vertex 8.68588 -11.0785 0
    endloop
  endfacet
  facet normal 0 0 -1
    outer loop
      vertex 4.58893 -14.4408 0
      vertex 8.68588 -11.0785 0
      vertex 5.05025 -14.9497 0
    endloop
  endfacet
  facet normal -0 0 -1
    outer loop
      vertex 8.68588 -11.0785 0
      vertex 4.58893 -14.4408 0
      vertex 8.5865 -10.9445 0
    endloop
  endfacet
  facet normal 0 0 -1
    outer loop
      vertex 11.3141 -8.92153 0
      vertex 15.4111 -5.55925 0
      vertex 11.4135 -9.05553 0
    endloop
  endfacet
  facet normal -0 0 -1
    outer loop
      vertex 15.4111 -5.55925 0
      vertex 11.3141 -8.92153 0
      vertex 14.9497 -5.05025 0
    endloop
  endfacet
  facet normal 0 0 -1
    outer loop
      vertex 11.2021 -8.79792 0
      vertex 14.9497 -5.05025 0
      vertex 11.3141 -8.92153 0
    endloop
  endfacet
  facet normal -0 0 -1
    outer loop
      vertex 14.9497 -5.05025 0
      vertex 11.2021 -8.79792 0
      vertex 14.4408 -4.58893 0
    endloop
  endfacet
  facet normal 0 0 -1
    outer loop
      vertex 11.0785 -8.68588 0
      vertex 14.4408 -4.58893 0
      vertex 11.2021 -8.79792 0
    endloop
  endfacet
  facet normal -0 0 -1
    outer loop
      vertex 14.4408 -4.58893 0
      vertex 11.0785 -8.68588 0
      vertex 13.889 -4.17971 0
    endloop
  endfacet
  facet normal 0 0 -1
    outer loop
      vertex 10.9445 -8.5865 0
      vertex 13.889 -4.17971 0
      vertex 11.0785 -8.68588 0
    endloop
  endfacet
  facet normal -0 0 -1
    outer loop
      vertex 13.889 -4.17971 0
      vertex 10.9445 -8.5865 0
      vertex 13.2998 -3.82655 0
    endloop
  endfacet
  facet normal 0 0 -1
    outer loop
      vertex 10.8014 -8.50073 0
      vertex 13.2998 -3.82655 0
      vertex 10.9445 -8.5865 0
    endloop
  endfacet
  facet normal -0 0 -1
    outer loop
      vertex 13.2998 -3.82655 0
      vertex 10.8014 -8.50073 0
      vertex 12.6788 -3.53284 0
    endloop
  endfacet
  facet normal 0 0 -1
    outer loop
      vertex 10.6506 -8.42941 0
      vertex 12.6788 -3.53284 0
      vertex 10.8014 -8.50073 0
    endloop
  endfacet
  facet normal -0 0 -1
    outer loop
      vertex 12.6788 -3.53284 0
      vertex 10.6506 -8.42941 0
      vertex 12.032 -3.30142 0
    endloop
  endfacet
  facet normal 0 0 -1
    outer loop
      vertex 10.4935 -8.3732 0
      vertex 12.032 -3.30142 0
      vertex 10.6506 -8.42941 0
    endloop
  endfacet
  facet normal -0 0 -1
    outer loop
      vertex 12.032 -3.30142 0
      vertex 10.4935 -8.3732 0
      vertex 11.3656 -3.1345 0
    endloop
  endfacet
  facet normal 0 0 -1
    outer loop
      vertex 10.3317 -8.33267 0
      vertex 11.3656 -3.1345 0
      vertex 10.4935 -8.3732 0
    endloop
  endfacet
  facet normal -0 0 -1
    outer loop
      vertex 11.3656 -3.1345 0
      vertex 10.3317 -8.33267 0
      vertex 10.6861 -3.03371 0
    endloop
  endfacet
  facet normal 0 0 -1
    outer loop
      vertex 10.1666 -8.30819 0
      vertex 10.6861 -3.03371 0
      vertex 10.3317 -8.33267 0
    endloop
  endfacet
  facet normal 0 0 -1
    outer loop
      vertex 10 -8.3 0
      vertex 10.6861 -3.03371 0
      vertex 10.1666 -8.30819 0
    endloop
  endfacet
  facet normal 0 0 -1
    outer loop
      vertex 10 -8.3 0
      vertex 10 -3 0
      vertex 10.6861 -3.03371 0
    endloop
  endfacet
  facet normal 0 0 -1
    outer loop
      vertex 9.83337 -8.30819 0
      vertex 10 -3 0
      vertex 10 -8.3 0
    endloop
  endfacet
  facet normal 0 0 -1
    outer loop
      vertex 9.31388 -3.03371 0
      vertex 9.83337 -8.30819 0
      vertex 9.66835 -8.33267 0
    endloop
  endfacet
  facet normal 0 0 -1
    outer loop
      vertex 8.63437 -3.1345 0
      vertex 9.66835 -8.33267 0
      vertex 9.50652 -8.3732 0
    endloop
  endfacet
  facet normal 0 0 -1
    outer loop
      vertex 7.96801 -3.30142 0
      vertex 9.50652 -8.3732 0
      vertex 9.34944 -8.42941 0
    endloop
  endfacet
  facet normal 0 0 -1
    outer loop
      vertex 9.83337 -8.30819 0
      vertex 9.31388 -3.03371 0
      vertex 10 -3 0
    endloop
  endfacet
  facet normal 0 0 -1
    outer loop
      vertex 7.32122 -3.53284 0
      vertex 9.34944 -8.42941 0
      vertex 9.19863 -8.50073 0
    endloop
  endfacet
  facet normal 0 0 -1
    outer loop
      vertex 6.70022 -3.82655 0
      vertex 9.19863 -8.50073 0
      vertex 9.05553 -8.5865 0
    endloop
  endfacet
  facet normal 0 0 -1
    outer loop
      vertex 6.11101 -4.17971 0
      vertex 9.05553 -8.5865 0
      vertex 8.92153 -8.68588 0
    endloop
  endfacet
  facet normal 0 0 -1
    outer loop
      vertex 5.55925 -4.58893 0
      vertex 8.92153 -8.68588 0
      vertex 8.79792 -8.79792 0
    endloop
  endfacet
  facet normal 0 0 -1
    outer loop
      vertex 5.05025 -5.05025 0
      vertex 8.79792 -8.79792 0
      vertex 8.68588 -8.92153 0
    endloop
  endfacet
  facet normal 0 0 -1
    outer loop
      vertex 9.66835 -8.33267 0
      vertex 8.63437 -3.1345 0
      vertex 9.31388 -3.03371 0
    endloop
  endfacet
  facet normal 0 0 -1
    outer loop
      vertex 4.58893 -5.55925 0
      vertex 8.68588 -8.92153 0
      vertex 8.5865 -9.05553 0
    endloop
  endfacet
  facet normal 0 0 -1
    outer loop
      vertex 4.17971 -6.11101 0
      vertex 8.5865 -9.05553 0
      vertex 8.50073 -9.19863 0
    endloop
  endfacet
  facet normal 0 0 -1
    outer loop
      vertex 3.82655 -6.70022 0
      vertex 8.50073 -9.19863 0
      vertex 8.42941 -9.34944 0
    endloop
  endfacet
  facet normal 0 0 -1
    outer loop
      vertex 3.53284 -7.32122 0
      vertex 8.42941 -9.34944 0
      vertex 8.3732 -9.50652 0
    endloop
  endfacet
  facet normal 0 0 -1
    outer loop
      vertex 3.30142 -7.96801 0
      vertex 8.3732 -9.50652 0
      vertex 8.33267 -9.66835 0
    endloop
  endfacet
  facet normal 0 0 -1
    outer loop
      vertex 3.1345 -8.63437 0
      vertex 8.33267 -9.66835 0
      vertex 8.30819 -9.83337 0
    endloop
  endfacet
  facet normal 0 0 -1
    outer loop
      vertex 3.03371 -9.31388 0
      vertex 8.30819 -9.83337 0
      vertex 8.3 -10 0
    endloop
  endfacet
  facet normal 0 0 -1
    outer loop
      vertex 4.17971 -13.889 0
      vertex 8.5865 -10.9445 0
      vertex 4.58893 -14.4408 0
    endloop
  endfacet
  facet normal 0 0 -1
    outer loop
      vertex 9.50652 -8.3732 0
      vertex 7.96801 -3.30142 0
      vertex 8.63437 -3.1345 0
    endloop
  endfacet
  facet normal -0 0 -1
    outer loop
      vertex 8.5865 -10.9445 0
      vertex 4.17971 -13.889 0
      vertex 8.50073 -10.8014 0
    endloop
  endfacet
  facet normal 0 0 -1
    outer loop
      vertex 9.34944 -8.42941 0
      vertex 7.32122 -3.53284 0
      vertex 7.96801 -3.30142 0
    endloop
  endfacet
  facet normal 0 0 -1
    outer loop
      vertex 3.82655 -13.2998 0
      vertex 8.50073 -10.8014 0
      vertex 4.17971 -13.889 0
    endloop
  endfacet
  facet normal 0 0 -1
    outer loop
      vertex 9.19863 -8.50073 0
      vertex 6.70022 -3.82655 0
      vertex 7.32122 -3.53284 0
    endloop
  endfacet
  facet normal -0 0 -1
    outer loop
      vertex 8.50073 -10.8014 0
      vertex 3.82655 -13.2998 0
      vertex 8.42941 -10.6506 0
    endloop
  endfacet
  facet normal 0 0 -1
    outer loop
      vertex 9.05553 -8.5865 0
      vertex 6.11101 -4.17971 0
      vertex 6.70022 -3.82655 0
    endloop
  endfacet
  facet normal 0 0 -1
    outer loop
      vertex 3.53284 -12.6788 0
      vertex 8.42941 -10.6506 0
      vertex 3.82655 -13.2998 0
    endloop
  endfacet
  facet normal 0 0 -1
    outer loop
      vertex 8.92153 -8.68588 0
      vertex 5.55925 -4.58893 0
      vertex 6.11101 -4.17971 0
    endloop
  endfacet
  facet normal -0 0 -1
    outer loop
      vertex 8.42941 -10.6506 0
      vertex 3.53284 -12.6788 0
      vertex 8.3732 -10.4935 0
    endloop
  endfacet
  facet normal 0 0 -1
    outer loop
      vertex 8.79792 -8.79792 0
      vertex 5.05025 -5.05025 0
      vertex 5.55925 -4.58893 0
    endloop
  endfacet
  facet normal 0 0 -1
    outer loop
      vertex 3.30142 -12.032 0
      vertex 8.3732 -10.4935 0
      vertex 3.53284 -12.6788 0
    endloop
  endfacet
  facet normal 0 0 -1
    outer loop
      vertex 8.68588 -8.92153 0
      vertex 4.58893 -5.55925 0
      vertex 5.05025 -5.05025 0
    endloop
  endfacet
  facet normal -0 0 -1
    outer loop
      vertex 8.3732 -10.4935 0
      vertex 3.30142 -12.032 0
      vertex 8.33267 -10.3317 0
    endloop
  endfacet
  facet normal 0 0 -1
    outer loop
      vertex 8.5865 -9.05553 0
      vertex 4.17971 -6.11101 0
      vertex 4.58893 -5.55925 0
    endloop
  endfacet
  facet normal 0 0 -1
    outer loop
      vertex 3.1345 -11.3656 0
      vertex 8.33267 -10.3317 0
      vertex 3.30142 -12.032 0
    endloop
  endfacet
  facet normal 0 0 -1
    outer loop
      vertex 8.50073 -9.19863 0
      vertex 3.82655 -6.70022 0
      vertex 4.17971 -6.11101 0
    endloop
  endfacet
  facet normal -0 0 -1
    outer loop
      vertex 8.33267 -10.3317 0
      vertex 3.1345 -11.3656 0
      vertex 8.30819 -10.1666 0
    endloop
  endfacet
  facet normal 0 0 -1
    outer loop
      vertex 8.42941 -9.34944 0
      vertex 3.53284 -7.32122 0
      vertex 3.82655 -6.70022 0
    endloop
  endfacet
  facet normal 0 0 -1
    outer loop
      vertex 3.03371 -10.6861 0
      vertex 8.30819 -10.1666 0
      vertex 3.1345 -11.3656 0
    endloop
  endfacet
  facet normal 0 0 -1
    outer loop
      vertex 8.3732 -9.50652 0
      vertex 3.30142 -7.96801 0
      vertex 3.53284 -7.32122 0
    endloop
  endfacet
  facet normal -0 0 -1
    outer loop
      vertex 8.30819 -10.1666 0
      vertex 3.03371 -10.6861 0
      vertex 8.3 -10 0
    endloop
  endfacet
  facet normal 0 0 -1
    outer loop
      vertex 8.33267 -9.66835 0
      vertex 3.1345 -8.63437 0
      vertex 3.30142 -7.96801 0
    endloop
  endfacet
  facet normal 0 0 -1
    outer loop
      vertex 3 -10 0
      vertex 8.3 -10 0
      vertex 3.03371 -10.6861 0
    endloop
  endfacet
  facet normal 0 0 -1
    outer loop
      vertex 8.30819 -9.83337 0
      vertex 3.03371 -9.31388 0
      vertex 3.1345 -8.63437 0
    endloop
  endfacet
  facet normal 0 0 -1
    outer loop
      vertex 8.3 -10 0
      vertex 3 -10 0
      vertex 3.03371 -9.31388 0
    endloop
  endfacet
  facet normal 0.970036 0.24296 0
    outer loop
      vertex 16.8655 -8.63437 10
      vertex 16.6986 -7.96801 0
      vertex 16.6986 -7.96801 10
    endloop
  endfacet
  facet normal 0.970036 0.24296 0
    outer loop
      vertex 16.6986 -7.96801 0
      vertex 16.8655 -8.63437 10
      vertex 16.8655 -8.63437 0
    endloop
  endfacet
  facet normal 0.989176 0.146736 0
    outer loop
      vertex 16.9663 -9.31388 10
      vertex 16.8655 -8.63437 0
      vertex 16.8655 -8.63437 10
    endloop
  endfacet
  facet normal 0.989176 0.146736 0
    outer loop
      vertex 16.8655 -8.63437 0
      vertex 16.9663 -9.31388 10
      vertex 16.9663 -9.31388 0
    endloop
  endfacet
  facet normal 0.941556 0.336857 0
    outer loop
      vertex 16.6986 -7.96801 10
      vertex 16.4672 -7.32122 0
      vertex 16.4672 -7.32122 10
    endloop
  endfacet
  facet normal 0.941556 0.336857 0
    outer loop
      vertex 16.4672 -7.32122 0
      vertex 16.6986 -7.96801 10
      vertex 16.6986 -7.96801 0
    endloop
  endfacet
  facet normal 0.803217 0.595687 0
    outer loop
      vertex 15.8203 -6.11101 10
      vertex 15.4111 -5.55925 0
      vertex 15.4111 -5.55925 10
    endloop
  endfacet
  facet normal 0.803217 0.595687 0
    outer loop
      vertex 15.4111 -5.55925 0
      vertex 15.8203 -6.11101 10
      vertex 15.8203 -6.11101 0
    endloop
  endfacet
  facet normal 0.740901 0.671614 0
    outer loop
      vertex 15.4111 -5.55925 10
      vertex 14.9497 -5.05025 0
      vertex 14.9497 -5.05025 10
    endloop
  endfacet
  facet normal 0.740901 0.671614 0
    outer loop
      vertex 14.9497 -5.05025 0
      vertex 15.4111 -5.55925 10
      vertex 15.4111 -5.55925 0
    endloop
  endfacet
  facet normal 0.857766 0.51404 0
    outer loop
      vertex 16.1734 -6.70022 10
      vertex 15.8203 -6.11101 0
      vertex 15.8203 -6.11101 10
    endloop
  endfacet
  facet normal 0.857766 0.51404 0
    outer loop
      vertex 15.8203 -6.11101 0
      vertex 16.1734 -6.70022 10
      vertex 16.1734 -6.70022 0
    endloop
  endfacet
  facet normal 0.242974 0.970033 -0
    outer loop
      vertex 12.032 -3.30142 0
      vertex 11.3656 -3.1345 10
      vertex 12.032 -3.30142 10
    endloop
  endfacet
  facet normal 0.242974 0.970033 0
    outer loop
      vertex 11.3656 -3.1345 10
      vertex 12.032 -3.30142 0
      vertex 11.3656 -3.1345 0
    endloop
  endfacet
  facet normal 0.336879 0.941548 -0
    outer loop
      vertex 12.6788 -3.53284 0
      vertex 12.032 -3.30142 10
      vertex 12.6788 -3.53284 10
    endloop
  endfacet
  facet normal 0.336879 0.941548 0
    outer loop
      vertex 12.032 -3.30142 10
      vertex 12.6788 -3.53284 0
      vertex 12.032 -3.30142 0
    endloop
  endfacet
  facet normal 0.146724 0.989177 -0
    outer loop
      vertex 11.3656 -3.1345 0
      vertex 10.6861 -3.03371 10
      vertex 11.3656 -3.1345 10
    endloop
  endfacet
  facet normal 0.146724 0.989177 0
    outer loop
      vertex 10.6861 -3.03371 10
      vertex 11.3656 -3.1345 0
      vertex 10.6861 -3.03371 0
    endloop
  endfacet
  facet normal 0.595678 0.803223 -0
    outer loop
      vertex 14.4408 -4.58893 0
      vertex 13.889 -4.17971 10
      vertex 14.4408 -4.58893 10
    endloop
  endfacet
  facet normal 0.595678 0.803223 0
    outer loop
      vertex 13.889 -4.17971 10
      vertex 14.4408 -4.58893 0
      vertex 13.889 -4.17971 0
    endloop
  endfacet
  facet normal -0.970029 0.242988 0
    outer loop
      vertex 3.1345 -8.63437 0
      vertex 3.30142 -7.96801 10
      vertex 3.30142 -7.96801 0
    endloop
  endfacet
  facet normal -0.970029 0.242988 0
    outer loop
      vertex 3.30142 -7.96801 10
      vertex 3.1345 -8.63437 0
      vertex 3.1345 -8.63437 10
    endloop
  endfacet
  facet normal -0.803203 0.595706 0
    outer loop
      vertex 4.17971 -6.11101 0
      vertex 4.58893 -5.55925 10
      vertex 4.58893 -5.55925 0
    endloop
  endfacet
  facet normal -0.803203 0.595706 0
    outer loop
      vertex 4.58893 -5.55925 10
      vertex 4.17971 -6.11101 0
      vertex 4.17971 -6.11101 10
    endloop
  endfacet
  facet normal -0.740959 0.67155 0
    outer loop
      vertex 4.58893 -5.55925 0
      vertex 5.05025 -5.05025 10
      vertex 5.05025 -5.05025 0
    endloop
  endfacet
  facet normal -0.740959 0.67155 0
    outer loop
      vertex 5.05025 -5.05025 10
      vertex 4.58893 -5.55925 0
      vertex 4.58893 -5.55925 10
    endloop
  endfacet
  facet normal -0.857728 0.514104 0
    outer loop
      vertex 3.82655 -6.70022 0
      vertex 4.17971 -6.11101 10
      vertex 4.17971 -6.11101 0
    endloop
  endfacet
  facet normal -0.857728 0.514104 0
    outer loop
      vertex 4.17971 -6.11101 10
      vertex 3.82655 -6.70022 0
      vertex 3.82655 -6.70022 10
    endloop
  endfacet
  facet normal -0.941546 0.336883 0
    outer loop
      vertex 3.30142 -7.96801 0
      vertex 3.53284 -7.32122 10
      vertex 3.53284 -7.32122 0
    endloop
  endfacet
  facet normal -0.941546 0.336883 0
    outer loop
      vertex 3.53284 -7.32122 10
      vertex 3.30142 -7.96801 0
      vertex 3.30142 -7.96801 10
    endloop
  endfacet
  facet normal -0.989178 0.146722 0
    outer loop
      vertex 3.03371 -9.31388 0
      vertex 3.1345 -8.63437 10
      vertex 3.1345 -8.63437 0
    endloop
  endfacet
  facet normal -0.989178 0.146722 0
    outer loop
      vertex 3.1345 -8.63437 10
      vertex 3.03371 -9.31388 0
      vertex 3.03371 -9.31388 10
    endloop
  endfacet
  facet normal -0.514104 0.857728 0
    outer loop
      vertex 6.70022 -3.82655 0
      vertex 6.11101 -4.17971 10
      vertex 6.70022 -3.82655 10
    endloop
  endfacet
  facet normal -0.514104 0.857728 0
    outer loop
      vertex 6.11101 -4.17971 10
      vertex 6.70022 -3.82655 0
      vertex 6.11101 -4.17971 0
    endloop
  endfacet
  facet normal -0.427554 0.90399 0
    outer loop
      vertex 7.32122 -3.53284 0
      vertex 6.70022 -3.82655 10
      vertex 7.32122 -3.53284 10
    endloop
  endfacet
  facet normal -0.427554 0.90399 0
    outer loop
      vertex 6.70022 -3.82655 10
      vertex 7.32122 -3.53284 0
      vertex 6.70022 -3.82655 0
    endloop
  endfacet
  facet normal -0.595706 0.803203 0
    outer loop
      vertex 6.11101 -4.17971 0
      vertex 5.55925 -4.58893 10
      vertex 6.11101 -4.17971 10
    endloop
  endfacet
  facet normal -0.595706 0.803203 0
    outer loop
      vertex 5.55925 -4.58893 10
      vertex 6.11101 -4.17971 0
      vertex 5.55925 -4.58893 0
    endloop
  endfacet
  facet normal -0.242988 0.970029 0
    outer loop
      vertex 8.63437 -3.1345 0
      vertex 7.96801 -3.30142 10
      vertex 8.63437 -3.1345 10
    endloop
  endfacet
  facet normal -0.242988 0.970029 0
    outer loop
      vertex 7.96801 -3.30142 10
      vertex 8.63437 -3.1345 0
      vertex 7.96801 -3.30142 0
    endloop
  endfacet
  facet normal -0.0490722 0.998795 0
    outer loop
      vertex 10 -3 0
      vertex 9.31388 -3.03371 10
      vertex 10 -3 10
    endloop
  endfacet
  facet normal -0.0490722 0.998795 0
    outer loop
      vertex 9.31388 -3.03371 10
      vertex 10 -3 0
      vertex 9.31388 -3.03371 0
    endloop
  endfacet
  facet normal 0.998796 -0.0490591 0
    outer loop
      vertex 16.9663 -10.6861 10
      vertex 17 -10 0
      vertex 17 -10 10
    endloop
  endfacet
  facet normal 0.998796 -0.0490591 0
    outer loop
      vertex 17 -10 0
      vertex 16.9663 -10.6861 10
      vertex 16.9663 -10.6861 0
    endloop
  endfacet
  facet normal 0.0490591 -0.998796 0
    outer loop
      vertex 10 -17 0
      vertex 10.6861 -16.9663 10
      vertex 10 -17 10
    endloop
  endfacet
  facet normal 0.0490591 -0.998796 0
    outer loop
      vertex 10.6861 -16.9663 10
      vertex 10 -17 0
      vertex 10.6861 -16.9663 0
    endloop
  endfacet
  facet normal 0.671687 -0.740835 0
    outer loop
      vertex 14.4408 -15.4111 0
      vertex 14.9497 -14.9497 10
      vertex 14.4408 -15.4111 10
    endloop
  endfacet
  facet normal 0.671687 -0.740835 0
    outer loop
      vertex 14.9497 -14.9497 10
      vertex 14.4408 -15.4111 0
      vertex 14.9497 -14.9497 0
    endloop
  endfacet
  facet normal 0.514046 -0.857763 0
    outer loop
      vertex 13.2998 -16.1734 0
      vertex 13.889 -15.8203 10
      vertex 13.2998 -16.1734 10
    endloop
  endfacet
  facet normal 0.514046 -0.857763 0
    outer loop
      vertex 13.889 -15.8203 10
      vertex 13.2998 -16.1734 0
      vertex 13.889 -15.8203 0
    endloop
  endfacet
  facet normal 0.803237 -0.595659 0
    outer loop
      vertex 15.4111 -14.4408 10
      vertex 15.8203 -13.889 0
      vertex 15.8203 -13.889 10
    endloop
  endfacet
  facet normal 0.803237 -0.595659 0
    outer loop
      vertex 15.8203 -13.889 0
      vertex 15.4111 -14.4408 10
      vertex 15.4111 -14.4408 0
    endloop
  endfacet
  facet normal 0.903939 -0.427661 0
    outer loop
      vertex 16.1734 -13.2998 10
      vertex 16.4672 -12.6788 0
      vertex 16.4672 -12.6788 10
    endloop
  endfacet
  facet normal 0.903939 -0.427661 0
    outer loop
      vertex 16.4672 -12.6788 0
      vertex 16.1734 -13.2998 10
      vertex 16.1734 -13.2998 0
    endloop
  endfacet
  facet normal -0.671614 -0.740901 0
    outer loop
      vertex 5.05025 -14.9497 0
      vertex 5.55925 -15.4111 10
      vertex 5.05025 -14.9497 10
    endloop
  endfacet
  facet normal -0.671614 -0.740901 -0
    outer loop
      vertex 5.55925 -15.4111 10
      vertex 5.05025 -14.9497 0
      vertex 5.55925 -15.4111 0
    endloop
  endfacet
  facet normal -0.51404 -0.857766 0
    outer loop
      vertex 6.11101 -15.8203 0
      vertex 6.70022 -16.1734 10
      vertex 6.11101 -15.8203 10
    endloop
  endfacet
  facet normal -0.51404 -0.857766 -0
    outer loop
      vertex 6.70022 -16.1734 10
      vertex 6.11101 -15.8203 0
      vertex 6.70022 -16.1734 0
    endloop
  endfacet
  facet normal -0.336857 -0.941556 0
    outer loop
      vertex 7.32122 -16.4672 0
      vertex 7.96801 -16.6986 10
      vertex 7.32122 -16.4672 10
    endloop
  endfacet
  facet normal -0.336857 -0.941556 -0
    outer loop
      vertex 7.96801 -16.6986 10
      vertex 7.32122 -16.4672 0
      vertex 7.96801 -16.6986 0
    endloop
  endfacet
  facet normal -0.146736 -0.989176 0
    outer loop
      vertex 8.63437 -16.8655 0
      vertex 9.31388 -16.9663 10
      vertex 8.63437 -16.8655 10
    endloop
  endfacet
  facet normal -0.146736 -0.989176 -0
    outer loop
      vertex 9.31388 -16.9663 10
      vertex 8.63437 -16.8655 0
      vertex 9.31388 -16.9663 0
    endloop
  endfacet
  facet normal -0.90399 -0.427554 0
    outer loop
      vertex 3.82655 -13.2998 0
      vertex 3.53284 -12.6788 10
      vertex 3.53284 -12.6788 0
    endloop
  endfacet
  facet normal -0.90399 -0.427554 0
    outer loop
      vertex 3.53284 -12.6788 10
      vertex 3.82655 -13.2998 0
      vertex 3.82655 -13.2998 10
    endloop
  endfacet
  facet normal -0.803223 -0.595678 0
    outer loop
      vertex 4.58893 -14.4408 0
      vertex 4.17971 -13.889 10
      vertex 4.17971 -13.889 0
    endloop
  endfacet
  facet normal -0.803223 -0.595678 0
    outer loop
      vertex 4.17971 -13.889 10
      vertex 4.58893 -14.4408 0
      vertex 4.58893 -14.4408 10
    endloop
  endfacet
  facet normal -0.970033 -0.242974 0
    outer loop
      vertex 3.30142 -12.032 0
      vertex 3.1345 -11.3656 10
      vertex 3.1345 -11.3656 0
    endloop
  endfacet
  facet normal -0.970033 -0.242974 0
    outer loop
      vertex 3.1345 -11.3656 10
      vertex 3.30142 -12.032 0
      vertex 3.30142 -12.032 10
    endloop
  endfacet
  facet normal -0.998795 -0.0490736 0
    outer loop
      vertex 3.03371 -10.6861 0
      vertex 3 -10 10
      vertex 3 -10 0
    endloop
  endfacet
  facet normal -0.998795 -0.0490736 0
    outer loop
      vertex 3 -10 10
      vertex 3.03371 -10.6861 0
      vertex 3.03371 -10.6861 10
    endloop
  endfacet
  facet normal 0.146739 -0.989175 0
    outer loop
      vertex 10.6861 -16.9663 0
      vertex 11.3656 -16.8655 10
      vertex 10.6861 -16.9663 10
    endloop
  endfacet
  facet normal 0.146739 -0.989175 0
    outer loop
      vertex 11.3656 -16.8655 10
      vertex 10.6861 -16.9663 0
      vertex 11.3656 -16.8655 0
    endloop
  endfacet
  facet normal 0.427661 -0.903939 0
    outer loop
      vertex 12.6788 -16.4672 0
      vertex 13.2998 -16.1734 10
      vertex 12.6788 -16.4672 10
    endloop
  endfacet
  facet normal 0.427661 -0.903939 0
    outer loop
      vertex 13.2998 -16.1734 10
      vertex 12.6788 -16.4672 0
      vertex 13.2998 -16.1734 0
    endloop
  endfacet
  facet normal 0.242947 -0.97004 0
    outer loop
      vertex 11.3656 -16.8655 0
      vertex 12.032 -16.6986 10
      vertex 11.3656 -16.8655 10
    endloop
  endfacet
  facet normal 0.242947 -0.97004 0
    outer loop
      vertex 12.032 -16.6986 10
      vertex 11.3656 -16.8655 0
      vertex 12.032 -16.6986 0
    endloop
  endfacet
  facet normal 0.740835 -0.671687 0
    outer loop
      vertex 14.9497 -14.9497 10
      vertex 15.4111 -14.4408 0
      vertex 15.4111 -14.4408 10
    endloop
  endfacet
  facet normal 0.740835 -0.671687 0
    outer loop
      vertex 15.4111 -14.4408 0
      vertex 14.9497 -14.9497 10
      vertex 14.9497 -14.9497 0
    endloop
  endfacet
  facet normal 0.595659 -0.803237 0
    outer loop
      vertex 13.889 -15.8203 0
      vertex 14.4408 -15.4111 10
      vertex 13.889 -15.8203 10
    endloop
  endfacet
  facet normal 0.595659 -0.803237 0
    outer loop
      vertex 14.4408 -15.4111 10
      vertex 13.889 -15.8203 0
      vertex 14.4408 -15.4111 0
    endloop
  endfacet
  facet normal 0.857763 -0.514046 0
    outer loop
      vertex 15.8203 -13.889 10
      vertex 16.1734 -13.2998 0
      vertex 16.1734 -13.2998 10
    endloop
  endfacet
  facet normal 0.857763 -0.514046 0
    outer loop
      vertex 16.1734 -13.2998 0
      vertex 15.8203 -13.889 10
      vertex 15.8203 -13.889 0
    endloop
  endfacet
  facet normal 0.941557 -0.336853 0
    outer loop
      vertex 16.4672 -12.6788 10
      vertex 16.6986 -12.032 0
      vertex 16.6986 -12.032 10
    endloop
  endfacet
  facet normal 0.941557 -0.336853 0
    outer loop
      vertex 16.6986 -12.032 0
      vertex 16.4672 -12.6788 10
      vertex 16.4672 -12.6788 0
    endloop
  endfacet
  facet normal 0.989175 -0.146739 0
    outer loop
      vertex 16.8655 -11.3656 10
      vertex 16.9663 -10.6861 0
      vertex 16.9663 -10.6861 10
    endloop
  endfacet
  facet normal 0.989175 -0.146739 0
    outer loop
      vertex 16.9663 -10.6861 0
      vertex 16.8655 -11.3656 10
      vertex 16.8655 -11.3656 0
    endloop
  endfacet
  facet normal 0.97004 -0.242947 0
    outer loop
      vertex 16.6986 -12.032 10
      vertex 16.8655 -11.3656 0
      vertex 16.8655 -11.3656 10
    endloop
  endfacet
  facet normal 0.97004 -0.242947 0
    outer loop
      vertex 16.8655 -11.3656 0
      vertex 16.6986 -12.032 10
      vertex 16.6986 -12.032 0
    endloop
  endfacet
  facet normal -0.595687 -0.803217 0
    outer loop
      vertex 5.55925 -15.4111 0
      vertex 6.11101 -15.8203 10
      vertex 5.55925 -15.4111 10
    endloop
  endfacet
  facet normal -0.595687 -0.803217 -0
    outer loop
      vertex 6.11101 -15.8203 10
      vertex 5.55925 -15.4111 0
      vertex 6.11101 -15.8203 0
    endloop
  endfacet
  facet normal -0.427661 -0.903939 0
    outer loop
      vertex 6.70022 -16.1734 0
      vertex 7.32122 -16.4672 10
      vertex 6.70022 -16.1734 10
    endloop
  endfacet
  facet normal -0.427661 -0.903939 -0
    outer loop
      vertex 7.32122 -16.4672 10
      vertex 6.70022 -16.1734 0
      vertex 7.32122 -16.4672 0
    endloop
  endfacet
  facet normal -0.24296 -0.970036 0
    outer loop
      vertex 7.96801 -16.6986 0
      vertex 8.63437 -16.8655 10
      vertex 7.96801 -16.6986 10
    endloop
  endfacet
  facet normal -0.24296 -0.970036 -0
    outer loop
      vertex 8.63437 -16.8655 10
      vertex 7.96801 -16.6986 0
      vertex 8.63437 -16.8655 0
    endloop
  endfacet
  facet normal -0.0490576 -0.998796 0
    outer loop
      vertex 9.31388 -16.9663 0
      vertex 10 -17 10
      vertex 9.31388 -16.9663 10
    endloop
  endfacet
  facet normal -0.0490576 -0.998796 -0
    outer loop
      vertex 10 -17 10
      vertex 9.31388 -16.9663 0
      vertex 10 -17 0
    endloop
  endfacet
  facet normal -0.857724 -0.51411 0
    outer loop
      vertex 4.17971 -13.889 0
      vertex 3.82655 -13.2998 10
      vertex 3.82655 -13.2998 0
    endloop
  endfacet
  facet normal -0.857724 -0.51411 0
    outer loop
      vertex 3.82655 -13.2998 10
      vertex 4.17971 -13.889 0
      vertex 4.17971 -13.889 10
    endloop
  endfacet
  facet normal -0.740893 -0.671623 0
    outer loop
      vertex 5.05025 -14.9497 0
      vertex 4.58893 -14.4408 10
      vertex 4.58893 -14.4408 0
    endloop
  endfacet
  facet normal -0.740893 -0.671623 0
    outer loop
      vertex 4.58893 -14.4408 10
      vertex 5.05025 -14.9497 0
      vertex 5.05025 -14.9497 10
    endloop
  endfacet
  facet normal -0.941548 -0.336879 0
    outer loop
      vertex 3.53284 -12.6788 0
      vertex 3.30142 -12.032 10
      vertex 3.30142 -12.032 0
    endloop
  endfacet
  facet normal -0.941548 -0.336879 0
    outer loop
      vertex 3.30142 -12.032 10
      vertex 3.53284 -12.6788 0
      vertex 3.53284 -12.6788 10
    endloop
  endfacet
  facet normal -0.989177 -0.146724 0
    outer loop
      vertex 3.1345 -11.3656 0
      vertex 3.03371 -10.6861 10
      vertex 3.03371 -10.6861 0
    endloop
  endfacet
  facet normal -0.989177 -0.146724 0
    outer loop
      vertex 3.03371 -10.6861 10
      vertex 3.1345 -11.3656 0
      vertex 3.1345 -11.3656 10
    endloop
  endfacet
  facet normal 0 0 1
    outer loop
      vertex 11.7 -10 10
      vertex 17 -10 10
      vertex 16.9663 -9.31388 10
    endloop
  endfacet
  facet normal 0 0 1
    outer loop
      vertex 11.6918 -9.83337 10
      vertex 16.9663 -9.31388 10
      vertex 16.8655 -8.63437 10
    endloop
  endfacet
  facet normal 0 0 1
    outer loop
      vertex 17 -10 10
      vertex 11.7 -10 10
      vertex 16.9663 -10.6861 10
    endloop
  endfacet
  facet normal 0 0 1
    outer loop
      vertex 11.6673 -9.66835 10
      vertex 16.8655 -8.63437 10
      vertex 16.6986 -7.96801 10
    endloop
  endfacet
  facet normal -0 0 1
    outer loop
      vertex 11.6918 -10.1666 10
      vertex 16.9663 -10.6861 10
      vertex 11.7 -10 10
    endloop
  endfacet
  facet normal 0 0 1
    outer loop
      vertex 11.6268 -9.50652 10
      vertex 16.6986 -7.96801 10
      vertex 16.4672 -7.32122 10
    endloop
  endfacet
  facet normal 0 0 1
    outer loop
      vertex 16.9663 -10.6861 10
      vertex 11.6918 -10.1666 10
      vertex 16.8655 -11.3656 10
    endloop
  endfacet
  facet normal 0 0 1
    outer loop
      vertex 11.5706 -9.34944 10
      vertex 16.4672 -7.32122 10
      vertex 16.1734 -6.70022 10
    endloop
  endfacet
  facet normal -0 0 1
    outer loop
      vertex 11.6673 -10.3317 10
      vertex 16.8655 -11.3656 10
      vertex 11.6918 -10.1666 10
    endloop
  endfacet
  facet normal 0 0 1
    outer loop
      vertex 11.4993 -9.19863 10
      vertex 16.1734 -6.70022 10
      vertex 15.8203 -6.11101 10
    endloop
  endfacet
  facet normal 0 0 1
    outer loop
      vertex 16.8655 -11.3656 10
      vertex 11.6673 -10.3317 10
      vertex 16.6986 -12.032 10
    endloop
  endfacet
  facet normal 0 0 1
    outer loop
      vertex 11.4135 -9.05553 10
      vertex 15.8203 -6.11101 10
      vertex 15.4111 -5.55925 10
    endloop
  endfacet
  facet normal -0 0 1
    outer loop
      vertex 11.6268 -10.4935 10
      vertex 16.6986 -12.032 10
      vertex 11.6673 -10.3317 10
    endloop
  endfacet
  facet normal 0 0 1
    outer loop
      vertex 11.3141 -8.92153 10
      vertex 15.4111 -5.55925 10
      vertex 14.9497 -5.05025 10
    endloop
  endfacet
  facet normal 0 0 1
    outer loop
      vertex 16.6986 -12.032 10
      vertex 11.6268 -10.4935 10
      vertex 16.4672 -12.6788 10
    endloop
  endfacet
  facet normal 0 0 1
    outer loop
      vertex 11.2021 -8.79792 10
      vertex 14.9497 -5.05025 10
      vertex 14.4408 -4.58893 10
    endloop
  endfacet
  facet normal -0 0 1
    outer loop
      vertex 11.5706 -10.6506 10
      vertex 16.4672 -12.6788 10
      vertex 11.6268 -10.4935 10
    endloop
  endfacet
  facet normal 0 0 1
    outer loop
      vertex 11.0785 -8.68588 10
      vertex 14.4408 -4.58893 10
      vertex 13.889 -4.17971 10
    endloop
  endfacet
  facet normal 0 0 1
    outer loop
      vertex 16.4672 -12.6788 10
      vertex 11.5706 -10.6506 10
      vertex 16.1734 -13.2998 10
    endloop
  endfacet
  facet normal 0 0 1
    outer loop
      vertex 10.9445 -8.5865 10
      vertex 13.889 -4.17971 10
      vertex 13.2998 -3.82655 10
    endloop
  endfacet
  facet normal -0 0 1
    outer loop
      vertex 11.4993 -10.8014 10
      vertex 16.1734 -13.2998 10
      vertex 11.5706 -10.6506 10
    endloop
  endfacet
  facet normal 0 0 1
    outer loop
      vertex 10.8014 -8.50073 10
      vertex 13.2998 -3.82655 10
      vertex 12.6788 -3.53284 10
    endloop
  endfacet
  facet normal 0 0 1
    outer loop
      vertex 16.1734 -13.2998 10
      vertex 11.4993 -10.8014 10
      vertex 15.8203 -13.889 10
    endloop
  endfacet
  facet normal 0 0 1
    outer loop
      vertex 10.6506 -8.42941 10
      vertex 12.6788 -3.53284 10
      vertex 12.032 -3.30142 10
    endloop
  endfacet
  facet normal -0 0 1
    outer loop
      vertex 11.4135 -10.9445 10
      vertex 15.8203 -13.889 10
      vertex 11.4993 -10.8014 10
    endloop
  endfacet
  facet normal 0 0 1
    outer loop
      vertex 15.8203 -13.889 10
      vertex 11.4135 -10.9445 10
      vertex 15.4111 -14.4408 10
    endloop
  endfacet
  facet normal 0 0 1
    outer loop
      vertex 16.9663 -9.31388 10
      vertex 11.6918 -9.83337 10
      vertex 11.7 -10 10
    endloop
  endfacet
  facet normal 0 0 1
    outer loop
      vertex 16.8655 -8.63437 10
      vertex 11.6673 -9.66835 10
      vertex 11.6918 -9.83337 10
    endloop
  endfacet
  facet normal 0 0 1
    outer loop
      vertex 16.6986 -7.96801 10
      vertex 11.6268 -9.50652 10
      vertex 11.6673 -9.66835 10
    endloop
  endfacet
  facet normal 0 0 1
    outer loop
      vertex 16.4672 -7.32122 10
      vertex 11.5706 -9.34944 10
      vertex 11.6268 -9.50652 10
    endloop
  endfacet
  facet normal 0 0 1
    outer loop
      vertex 16.1734 -6.70022 10
      vertex 11.4993 -9.19863 10
      vertex 11.5706 -9.34944 10
    endloop
  endfacet
  facet normal 0 0 1
    outer loop
      vertex 15.8203 -6.11101 10
      vertex 11.4135 -9.05553 10
      vertex 11.4993 -9.19863 10
    endloop
  endfacet
  facet normal 0 0 1
    outer loop
      vertex 10.4935 -8.3732 10
      vertex 12.032 -3.30142 10
      vertex 11.3656 -3.1345 10
    endloop
  endfacet
  facet normal 0 0 1
    outer loop
      vertex 15.4111 -5.55925 10
      vertex 11.3141 -8.92153 10
      vertex 11.4135 -9.05553 10
    endloop
  endfacet
  facet normal 0 0 1
    outer loop
      vertex 14.9497 -5.05025 10
      vertex 11.2021 -8.79792 10
      vertex 11.3141 -8.92153 10
    endloop
  endfacet
  facet normal 0 0 1
    outer loop
      vertex 14.4408 -4.58893 10
      vertex 11.0785 -8.68588 10
      vertex 11.2021 -8.79792 10
    endloop
  endfacet
  facet normal 0 0 1
    outer loop
      vertex 13.889 -4.17971 10
      vertex 10.9445 -8.5865 10
      vertex 11.0785 -8.68588 10
    endloop
  endfacet
  facet normal 0 0 1
    outer loop
      vertex 13.2998 -3.82655 10
      vertex 10.8014 -8.50073 10
      vertex 10.9445 -8.5865 10
    endloop
  endfacet
  facet normal 0 0 1
    outer loop
      vertex 10.3317 -8.33267 10
      vertex 11.3656 -3.1345 10
      vertex 10.6861 -3.03371 10
    endloop
  endfacet
  facet normal 0 0 1
    outer loop
      vertex 12.6788 -3.53284 10
      vertex 10.6506 -8.42941 10
      vertex 10.8014 -8.50073 10
    endloop
  endfacet
  facet normal 0 0 1
    outer loop
      vertex 12.032 -3.30142 10
      vertex 10.4935 -8.3732 10
      vertex 10.6506 -8.42941 10
    endloop
  endfacet
  facet normal 0 0 1
    outer loop
      vertex 11.3656 -3.1345 10
      vertex 10.3317 -8.33267 10
      vertex 10.4935 -8.3732 10
    endloop
  endfacet
  facet normal 0 0 1
    outer loop
      vertex 10.6861 -3.03371 10
      vertex 10.1666 -8.30819 10
      vertex 10.3317 -8.33267 10
    endloop
  endfacet
  facet normal 0 0 1
    outer loop
      vertex 10 -3 10
      vertex 10.1666 -8.30819 10
      vertex 10.6861 -3.03371 10
    endloop
  endfacet
  facet normal 0 0 1
    outer loop
      vertex 10 -3 10
      vertex 10 -8.3 10
      vertex 10.1666 -8.30819 10
    endloop
  endfacet
  facet normal 0 0 1
    outer loop
      vertex 10 -3 10
      vertex 9.83337 -8.30819 10
      vertex 10 -8.3 10
    endloop
  endfacet
  facet normal -0 0 1
    outer loop
      vertex 9.31388 -3.03371 10
      vertex 9.83337 -8.30819 10
      vertex 10 -3 10
    endloop
  endfacet
  facet normal 0 0 1
    outer loop
      vertex 9.83337 -8.30819 10
      vertex 9.31388 -3.03371 10
      vertex 9.66835 -8.33267 10
    endloop
  endfacet
  facet normal -0 0 1
    outer loop
      vertex 8.63437 -3.1345 10
      vertex 9.66835 -8.33267 10
      vertex 9.31388 -3.03371 10
    endloop
  endfacet
  facet normal 0 0 1
    outer loop
      vertex 9.66835 -8.33267 10
      vertex 8.63437 -3.1345 10
      vertex 9.50652 -8.3732 10
    endloop
  endfacet
  facet normal -0 0 1
    outer loop
      vertex 7.96801 -3.30142 10
      vertex 9.50652 -8.3732 10
      vertex 8.63437 -3.1345 10
    endloop
  endfacet
  facet normal 0 0 1
    outer loop
      vertex 9.50652 -8.3732 10
      vertex 7.96801 -3.30142 10
      vertex 9.34944 -8.42941 10
    endloop
  endfacet
  facet normal -0 0 1
    outer loop
      vertex 7.32122 -3.53284 10
      vertex 9.34944 -8.42941 10
      vertex 7.96801 -3.30142 10
    endloop
  endfacet
  facet normal 0 0 1
    outer loop
      vertex 9.34944 -8.42941 10
      vertex 7.32122 -3.53284 10
      vertex 9.19863 -8.50073 10
    endloop
  endfacet
  facet normal -0 0 1
    outer loop
      vertex 6.70022 -3.82655 10
      vertex 9.19863 -8.50073 10
      vertex 7.32122 -3.53284 10
    endloop
  endfacet
  facet normal 0 0 1
    outer loop
      vertex 9.19863 -8.50073 10
      vertex 6.70022 -3.82655 10
      vertex 9.05553 -8.5865 10
    endloop
  endfacet
  facet normal -0 0 1
    outer loop
      vertex 6.11101 -4.17971 10
      vertex 9.05553 -8.5865 10
      vertex 6.70022 -3.82655 10
    endloop
  endfacet
  facet normal 0 0 1
    outer loop
      vertex 9.05553 -8.5865 10
      vertex 6.11101 -4.17971 10
      vertex 8.92153 -8.68588 10
    endloop
  endfacet
  facet normal -0 0 1
    outer loop
      vertex 5.55925 -4.58893 10
      vertex 8.92153 -8.68588 10
      vertex 6.11101 -4.17971 10
    endloop
  endfacet
  facet normal 0 0 1
    outer loop
      vertex 8.92153 -8.68588 10
      vertex 5.55925 -4.58893 10
      vertex 8.79792 -8.79792 10
    endloop
  endfacet
  facet normal -0 0 1
    outer loop
      vertex 5.05025 -5.05025 10
      vertex 8.79792 -8.79792 10
      vertex 5.55925 -4.58893 10
    endloop
  endfacet
  facet normal 0 0 1
    outer loop
      vertex 8.79792 -8.79792 10
      vertex 5.05025 -5.05025 10
      vertex 8.68588 -8.92153 10
    endloop
  endfacet
  facet normal -0 0 1
    outer loop
      vertex 4.58893 -5.55925 10
      vertex 8.68588 -8.92153 10
      vertex 5.05025 -5.05025 10
    endloop
  endfacet
  facet normal 0 0 1
    outer loop
      vertex 8.68588 -8.92153 10
      vertex 4.58893 -5.55925 10
      vertex 8.5865 -9.05553 10
    endloop
  endfacet
  facet normal -0 0 1
    outer loop
      vertex 11.3141 -11.0785 10
      vertex 15.4111 -14.4408 10
      vertex 11.4135 -10.9445 10
    endloop
  endfacet
  facet normal 0 0 1
    outer loop
      vertex 15.4111 -14.4408 10
      vertex 11.3141 -11.0785 10
      vertex 14.9497 -14.9497 10
    endloop
  endfacet
  facet normal -0 0 1
    outer loop
      vertex 11.2021 -11.2021 10
      vertex 14.9497 -14.9497 10
      vertex 11.3141 -11.0785 10
    endloop
  endfacet
  facet normal 0 0 1
    outer loop
      vertex 14.9497 -14.9497 10
      vertex 11.2021 -11.2021 10
      vertex 14.4408 -15.4111 10
    endloop
  endfacet
  facet normal -0 0 1
    outer loop
      vertex 11.0785 -11.3141 10
      vertex 14.4408 -15.4111 10
      vertex 11.2021 -11.2021 10
    endloop
  endfacet
  facet normal 0 0 1
    outer loop
      vertex 14.4408 -15.4111 10
      vertex 11.0785 -11.3141 10
      vertex 13.889 -15.8203 10
    endloop
  endfacet
  facet normal -0 0 1
    outer loop
      vertex 10.9445 -11.4135 10
      vertex 13.889 -15.8203 10
      vertex 11.0785 -11.3141 10
    endloop
  endfacet
  facet normal 0 0 1
    outer loop
      vertex 13.889 -15.8203 10
      vertex 10.9445 -11.4135 10
      vertex 13.2998 -16.1734 10
    endloop
  endfacet
  facet normal -0 0 1
    outer loop
      vertex 10.8014 -11.4993 10
      vertex 13.2998 -16.1734 10
      vertex 10.9445 -11.4135 10
    endloop
  endfacet
  facet normal 0 0 1
    outer loop
      vertex 13.2998 -16.1734 10
      vertex 10.8014 -11.4993 10
      vertex 12.6788 -16.4672 10
    endloop
  endfacet
  facet normal -0 0 1
    outer loop
      vertex 10.6506 -11.5706 10
      vertex 12.6788 -16.4672 10
      vertex 10.8014 -11.4993 10
    endloop
  endfacet
  facet normal 0 0 1
    outer loop
      vertex 12.6788 -16.4672 10
      vertex 10.6506 -11.5706 10
      vertex 12.032 -16.6986 10
    endloop
  endfacet
  facet normal -0 0 1
    outer loop
      vertex 10.4935 -11.6268 10
      vertex 12.032 -16.6986 10
      vertex 10.6506 -11.5706 10
    endloop
  endfacet
  facet normal 0 0 1
    outer loop
      vertex 12.032 -16.6986 10
      vertex 10.4935 -11.6268 10
      vertex 11.3656 -16.8655 10
    endloop
  endfacet
  facet normal -0 0 1
    outer loop
      vertex 10.3317 -11.6673 10
      vertex 11.3656 -16.8655 10
      vertex 10.4935 -11.6268 10
    endloop
  endfacet
  facet normal 0 0 1
    outer loop
      vertex 11.3656 -16.8655 10
      vertex 10.3317 -11.6673 10
      vertex 10.6861 -16.9663 10
    endloop
  endfacet
  facet normal -0 0 1
    outer loop
      vertex 10.1666 -11.6918 10
      vertex 10.6861 -16.9663 10
      vertex 10.3317 -11.6673 10
    endloop
  endfacet
  facet normal -0 0 1
    outer loop
      vertex 10 -11.7 10
      vertex 10.6861 -16.9663 10
      vertex 10.1666 -11.6918 10
    endloop
  endfacet
  facet normal 0 0 1
    outer loop
      vertex 10 -11.7 10
      vertex 10 -17 10
      vertex 10.6861 -16.9663 10
    endloop
  endfacet
  facet normal 0 0 1
    outer loop
      vertex 9.83337 -11.6918 10
      vertex 10 -17 10
      vertex 10 -11.7 10
    endloop
  endfacet
  facet normal 0 0 1
    outer loop
      vertex 9.31388 -16.9663 10
      vertex 9.83337 -11.6918 10
      vertex 9.66835 -11.6673 10
    endloop
  endfacet
  facet normal 0 0 1
    outer loop
      vertex 8.63437 -16.8655 10
      vertex 9.66835 -11.6673 10
      vertex 9.50652 -11.6268 10
    endloop
  endfacet
  facet normal 0 0 1
    outer loop
      vertex 7.96801 -16.6986 10
      vertex 9.50652 -11.6268 10
      vertex 9.34944 -11.5706 10
    endloop
  endfacet
  facet normal 0 0 1
    outer loop
      vertex 9.83337 -11.6918 10
      vertex 9.31388 -16.9663 10
      vertex 10 -17 10
    endloop
  endfacet
  facet normal 0 0 1
    outer loop
      vertex 7.32122 -16.4672 10
      vertex 9.34944 -11.5706 10
      vertex 9.19863 -11.4993 10
    endloop
  endfacet
  facet normal 0 0 1
    outer loop
      vertex 6.70022 -16.1734 10
      vertex 9.19863 -11.4993 10
      vertex 9.05553 -11.4135 10
    endloop
  endfacet
  facet normal 0 0 1
    outer loop
      vertex 6.11101 -15.8203 10
      vertex 9.05553 -11.4135 10
      vertex 8.92153 -11.3141 10
    endloop
  endfacet
  facet normal 0 0 1
    outer loop
      vertex 5.55925 -15.4111 10
      vertex 8.92153 -11.3141 10
      vertex 8.79792 -11.2021 10
    endloop
  endfacet
  facet normal 0 0 1
    outer loop
      vertex 5.05025 -14.9497 10
      vertex 8.79792 -11.2021 10
      vertex 8.68588 -11.0785 10
    endloop
  endfacet
  facet normal 0 0 1
    outer loop
      vertex 9.66835 -11.6673 10
      vertex 8.63437 -16.8655 10
      vertex 9.31388 -16.9663 10
    endloop
  endfacet
  facet normal 0 0 1
    outer loop
      vertex 4.58893 -14.4408 10
      vertex 8.68588 -11.0785 10
      vertex 8.5865 -10.9445 10
    endloop
  endfacet
  facet normal 0 0 1
    outer loop
      vertex 4.17971 -13.889 10
      vertex 8.5865 -10.9445 10
      vertex 8.50073 -10.8014 10
    endloop
  endfacet
  facet normal 0 0 1
    outer loop
      vertex 3.82655 -13.2998 10
      vertex 8.50073 -10.8014 10
      vertex 8.42941 -10.6506 10
    endloop
  endfacet
  facet normal 0 0 1
    outer loop
      vertex 3.53284 -12.6788 10
      vertex 8.42941 -10.6506 10
      vertex 8.3732 -10.4935 10
    endloop
  endfacet
  facet normal 0 0 1
    outer loop
      vertex 3.30142 -12.032 10
      vertex 8.3732 -10.4935 10
      vertex 8.33267 -10.3317 10
    endloop
  endfacet
  facet normal 0 0 1
    outer loop
      vertex 3.1345 -11.3656 10
      vertex 8.33267 -10.3317 10
      vertex 8.30819 -10.1666 10
    endloop
  endfacet
  facet normal 0 0 1
    outer loop
      vertex 3.03371 -10.6861 10
      vertex 8.30819 -10.1666 10
      vertex 8.3 -10 10
    endloop
  endfacet
  facet normal -0 0 1
    outer loop
      vertex 4.17971 -6.11101 10
      vertex 8.5865 -9.05553 10
      vertex 4.58893 -5.55925 10
    endloop
  endfacet
  facet normal 0 0 1
    outer loop
      vertex 9.50652 -11.6268 10
      vertex 7.96801 -16.6986 10
      vertex 8.63437 -16.8655 10
    endloop
  endfacet
  facet normal 0 0 1
    outer loop
      vertex 8.5865 -9.05553 10
      vertex 4.17971 -6.11101 10
      vertex 8.50073 -9.19863 10
    endloop
  endfacet
  facet normal 0 0 1
    outer loop
      vertex 9.34944 -11.5706 10
      vertex 7.32122 -16.4672 10
      vertex 7.96801 -16.6986 10
    endloop
  endfacet
  facet normal -0 0 1
    outer loop
      vertex 3.82655 -6.70022 10
      vertex 8.50073 -9.19863 10
      vertex 4.17971 -6.11101 10
    endloop
  endfacet
  facet normal 0 0 1
    outer loop
      vertex 9.19863 -11.4993 10
      vertex 6.70022 -16.1734 10
      vertex 7.32122 -16.4672 10
    endloop
  endfacet
  facet normal 0 0 1
    outer loop
      vertex 8.50073 -9.19863 10
      vertex 3.82655 -6.70022 10
      vertex 8.42941 -9.34944 10
    endloop
  endfacet
  facet normal 0 0 1
    outer loop
      vertex 9.05553 -11.4135 10
      vertex 6.11101 -15.8203 10
      vertex 6.70022 -16.1734 10
    endloop
  endfacet
  facet normal -0 0 1
    outer loop
      vertex 3.53284 -7.32122 10
      vertex 8.42941 -9.34944 10
      vertex 3.82655 -6.70022 10
    endloop
  endfacet
  facet normal 0 0 1
    outer loop
      vertex 8.92153 -11.3141 10
      vertex 5.55925 -15.4111 10
      vertex 6.11101 -15.8203 10
    endloop
  endfacet
  facet normal 0 0 1
    outer loop
      vertex 8.42941 -9.34944 10
      vertex 3.53284 -7.32122 10
      vertex 8.3732 -9.50652 10
    endloop
  endfacet
  facet normal 0 0 1
    outer loop
      vertex 8.79792 -11.2021 10
      vertex 5.05025 -14.9497 10
      vertex 5.55925 -15.4111 10
    endloop
  endfacet
  facet normal -0 0 1
    outer loop
      vertex 3.30142 -7.96801 10
      vertex 8.3732 -9.50652 10
      vertex 3.53284 -7.32122 10
    endloop
  endfacet
  facet normal 0 0 1
    outer loop
      vertex 8.68588 -11.0785 10
      vertex 4.58893 -14.4408 10
      vertex 5.05025 -14.9497 10
    endloop
  endfacet
  facet normal 0 0 1
    outer loop
      vertex 8.3732 -9.50652 10
      vertex 3.30142 -7.96801 10
      vertex 8.33267 -9.66835 10
    endloop
  endfacet
  facet normal 0 0 1
    outer loop
      vertex 8.5865 -10.9445 10
      vertex 4.17971 -13.889 10
      vertex 4.58893 -14.4408 10
    endloop
  endfacet
  facet normal -0 0 1
    outer loop
      vertex 3.1345 -8.63437 10
      vertex 8.33267 -9.66835 10
      vertex 3.30142 -7.96801 10
    endloop
  endfacet
  facet normal 0 0 1
    outer loop
      vertex 8.50073 -10.8014 10
      vertex 3.82655 -13.2998 10
      vertex 4.17971 -13.889 10
    endloop
  endfacet
  facet normal 0 0 1
    outer loop
      vertex 8.33267 -9.66835 10
      vertex 3.1345 -8.63437 10
      vertex 8.30819 -9.83337 10
    endloop
  endfacet
  facet normal 0 0 1
    outer loop
      vertex 8.42941 -10.6506 10
      vertex 3.53284 -12.6788 10
      vertex 3.82655 -13.2998 10
    endloop
  endfacet
  facet normal -0 0 1
    outer loop
      vertex 3.03371 -9.31388 10
      vertex 8.30819 -9.83337 10
      vertex 3.1345 -8.63437 10
    endloop
  endfacet
  facet normal 0 0 1
    outer loop
      vertex 8.3732 -10.4935 10
      vertex 3.30142 -12.032 10
      vertex 3.53284 -12.6788 10
    endloop
  endfacet
  facet normal 0 0 1
    outer loop
      vertex 8.30819 -9.83337 10
      vertex 3.03371 -9.31388 10
      vertex 8.3 -10 10
    endloop
  endfacet
  facet normal 0 0 1
    outer loop
      vertex 8.33267 -10.3317 10
      vertex 3.1345 -11.3656 10
      vertex 3.30142 -12.032 10
    endloop
  endfacet
  facet normal 0 0 1
    outer loop
      vertex 3 -10 10
      vertex 8.3 -10 10
      vertex 3.03371 -9.31388 10
    endloop
  endfacet
  facet normal 0 0 1
    outer loop
      vertex 8.30819 -10.1666 10
      vertex 3.03371 -10.6861 10
      vertex 3.1345 -11.3656 10
    endloop
  endfacet
  facet normal 0 0 1
    outer loop
      vertex 8.3 -10 10
      vertex 3 -10 10
      vertex 3.03371 -10.6861 10
    endloop
  endfacet
  facet normal 0.336853 -0.941557 0
    outer loop
      vertex 12.032 -16.6986 0
      vertex 12.6788 -16.4672 10
      vertex 12.032 -16.6986 10
    endloop
  endfacet
  facet normal 0.336853 -0.941557 0
    outer loop
      vertex 12.6788 -16.4672 10
      vertex 12.032 -16.6986 0
      vertex 12.6788 -16.4672 0
    endloop
  endfacet
  facet normal -0.998791 -0.0491513 0
    outer loop
      vertex 11.7 -10 0
      vertex 11.6918 -9.83337 10
      vertex 11.6918 -9.83337 0
    endloop
  endfacet
  facet normal -0.998791 -0.0491513 0
    outer loop
      vertex 11.6918 -9.83337 10
      vertex 11.7 -10 0
      vertex 11.7 -10 10
    endloop
  endfacet
  facet normal 0.998794 -0.0490916 0
    outer loop
      vertex 8.3 -10 10
      vertex 8.30819 -9.83337 0
      vertex 8.30819 -9.83337 10
    endloop
  endfacet
  facet normal 0.998794 -0.0490916 0
    outer loop
      vertex 8.30819 -9.83337 0
      vertex 8.3 -10 10
      vertex 8.3 -10 0
    endloop
  endfacet
  facet normal -0.0491004 -0.998794 0
    outer loop
      vertex 10 -8.3 0
      vertex 10.1666 -8.30819 10
      vertex 10 -8.3 10
    endloop
  endfacet
  facet normal -0.0491004 -0.998794 -0
    outer loop
      vertex 10.1666 -8.30819 10
      vertex 10 -8.3 0
      vertex 10.1666 -8.30819 0
    endloop
  endfacet
  facet normal 0.740905 0.67161 0
    outer loop
      vertex 8.79792 -11.2021 10
      vertex 8.68588 -11.0785 0
      vertex 8.68588 -11.0785 10
    endloop
  endfacet
  facet normal 0.740905 0.67161 0
    outer loop
      vertex 8.68588 -11.0785 0
      vertex 8.79792 -11.2021 10
      vertex 8.79792 -11.2021 0
    endloop
  endfacet
  facet normal -0.67161 -0.740905 0
    outer loop
      vertex 11.0785 -8.68588 0
      vertex 11.2021 -8.79792 10
      vertex 11.0785 -8.68588 10
    endloop
  endfacet
  facet normal -0.67161 -0.740905 -0
    outer loop
      vertex 11.2021 -8.79792 10
      vertex 11.0785 -8.68588 0
      vertex 11.2021 -8.79792 0
    endloop
  endfacet
  facet normal 0.67158 -0.740932 0
    outer loop
      vertex 8.79792 -8.79792 0
      vertex 8.92153 -8.68588 10
      vertex 8.79792 -8.79792 10
    endloop
  endfacet
  facet normal 0.67158 -0.740932 0
    outer loop
      vertex 8.92153 -8.68588 10
      vertex 8.79792 -8.79792 0
      vertex 8.92153 -8.68588 0
    endloop
  endfacet
  facet normal 0.336921 -0.941533 0
    outer loop
      vertex 9.34944 -8.42941 0
      vertex 9.50652 -8.3732 10
      vertex 9.34944 -8.42941 10
    endloop
  endfacet
  facet normal 0.336921 -0.941533 0
    outer loop
      vertex 9.50652 -8.3732 10
      vertex 9.34944 -8.42941 0
      vertex 9.50652 -8.3732 0
    endloop
  endfacet
  facet normal -0.904054 -0.427419 0
    outer loop
      vertex 11.5706 -9.34944 0
      vertex 11.4993 -9.19863 10
      vertex 11.4993 -9.19863 0
    endloop
  endfacet
  facet normal -0.904054 -0.427419 0
    outer loop
      vertex 11.4993 -9.19863 10
      vertex 11.5706 -9.34944 0
      vertex 11.5706 -9.34944 10
    endloop
  endfacet
  facet normal -0.42754 -0.903996 0
    outer loop
      vertex 10.6506 -8.42941 0
      vertex 10.8014 -8.50073 10
      vertex 10.6506 -8.42941 10
    endloop
  endfacet
  facet normal -0.42754 -0.903996 -0
    outer loop
      vertex 10.8014 -8.50073 10
      vertex 10.6506 -8.42941 0
      vertex 10.8014 -8.50073 0
    endloop
  endfacet
  facet normal -0.514099 -0.857731 0
    outer loop
      vertex 10.8014 -8.50073 0
      vertex 10.9445 -8.5865 10
      vertex 10.8014 -8.50073 10
    endloop
  endfacet
  facet normal -0.514099 -0.857731 -0
    outer loop
      vertex 10.9445 -8.5865 10
      vertex 10.8014 -8.50073 0
      vertex 10.9445 -8.5865 0
    endloop
  endfacet
  facet normal 0.904007 -0.427517 0
    outer loop
      vertex 8.42941 -9.34944 10
      vertex 8.50073 -9.19863 0
      vertex 8.50073 -9.19863 10
    endloop
  endfacet
  facet normal 0.904007 -0.427517 0
    outer loop
      vertex 8.50073 -9.19863 0
      vertex 8.42941 -9.34944 10
      vertex 8.42941 -9.34944 0
    endloop
  endfacet
  facet normal 0.14674 -0.989175 0
    outer loop
      vertex 9.66835 -8.33267 0
      vertex 9.83337 -8.30819 10
      vertex 9.66835 -8.33267 10
    endloop
  endfacet
  facet normal 0.14674 -0.989175 0
    outer loop
      vertex 9.83337 -8.30819 10
      vertex 9.66835 -8.33267 0
      vertex 9.83337 -8.30819 0
    endloop
  endfacet
  facet normal -0.970072 0.242818 0
    outer loop
      vertex 11.6268 -10.4935 0
      vertex 11.6673 -10.3317 10
      vertex 11.6673 -10.3317 0
    endloop
  endfacet
  facet normal -0.970072 0.242818 0
    outer loop
      vertex 11.6673 -10.3317 10
      vertex 11.6268 -10.4935 0
      vertex 11.6268 -10.4935 10
    endloop
  endfacet
  facet normal -0.970083 -0.242775 0
    outer loop
      vertex 11.6673 -9.66835 0
      vertex 11.6268 -9.50652 10
      vertex 11.6268 -9.50652 0
    endloop
  endfacet
  facet normal -0.970083 -0.242775 0
    outer loop
      vertex 11.6268 -9.50652 10
      vertex 11.6673 -9.66835 0
      vertex 11.6673 -9.66835 10
    endloop
  endfacet
  facet normal -0.989158 -0.146857 0
    outer loop
      vertex 11.6918 -9.83337 0
      vertex 11.6673 -9.66835 10
      vertex 11.6673 -9.66835 0
    endloop
  endfacet
  facet normal -0.989158 -0.146857 0
    outer loop
      vertex 11.6673 -9.66835 10
      vertex 11.6918 -9.83337 0
      vertex 11.6918 -9.83337 10
    endloop
  endfacet
  facet normal -0.941552 -0.336868 0
    outer loop
      vertex 11.6268 -9.50652 0
      vertex 11.5706 -9.34944 10
      vertex 11.5706 -9.34944 0
    endloop
  endfacet
  facet normal -0.941552 -0.336868 0
    outer loop
      vertex 11.5706 -9.34944 10
      vertex 11.6268 -9.50652 0
      vertex 11.6268 -9.50652 10
    endloop
  endfacet
  facet normal -0.803154 -0.595772 0
    outer loop
      vertex 11.4135 -9.05553 0
      vertex 11.3141 -8.92153 10
      vertex 11.3141 -8.92153 0
    endloop
  endfacet
  facet normal -0.803154 -0.595772 0
    outer loop
      vertex 11.3141 -8.92153 10
      vertex 11.4135 -9.05553 0
      vertex 11.4135 -9.05553 10
    endloop
  endfacet
  facet normal -0.741051 -0.671448 0
    outer loop
      vertex 11.3141 -8.92153 0
      vertex 11.2021 -8.79792 10
      vertex 11.2021 -8.79792 0
    endloop
  endfacet
  facet normal -0.741051 -0.671448 0
    outer loop
      vertex 11.2021 -8.79792 10
      vertex 11.3141 -8.92153 0
      vertex 11.3141 -8.92153 10
    endloop
  endfacet
  facet normal -0.857652 -0.514231 0
    outer loop
      vertex 11.4993 -9.19863 0
      vertex 11.4135 -9.05553 10
      vertex 11.4135 -9.05553 0
    endloop
  endfacet
  facet normal -0.857652 -0.514231 0
    outer loop
      vertex 11.4135 -9.05553 10
      vertex 11.4993 -9.19863 0
      vertex 11.4993 -9.19863 10
    endloop
  endfacet
  facet normal -0.242987 -0.97003 0
    outer loop
      vertex 10.3317 -8.33267 0
      vertex 10.4935 -8.3732 10
      vertex 10.3317 -8.33267 10
    endloop
  endfacet
  facet normal -0.242987 -0.97003 -0
    outer loop
      vertex 10.4935 -8.3732 10
      vertex 10.3317 -8.33267 0
      vertex 10.4935 -8.3732 0
    endloop
  endfacet
  facet normal -0.336883 -0.941546 0
    outer loop
      vertex 10.4935 -8.3732 0
      vertex 10.6506 -8.42941 10
      vertex 10.4935 -8.3732 10
    endloop
  endfacet
  facet normal -0.336883 -0.941546 -0
    outer loop
      vertex 10.6506 -8.42941 10
      vertex 10.4935 -8.3732 0
      vertex 10.6506 -8.42941 0
    endloop
  endfacet
  facet normal -0.14667 -0.989185 0
    outer loop
      vertex 10.1666 -8.30819 0
      vertex 10.3317 -8.33267 10
      vertex 10.1666 -8.30819 10
    endloop
  endfacet
  facet normal -0.14667 -0.989185 -0
    outer loop
      vertex 10.3317 -8.33267 10
      vertex 10.1666 -8.30819 0
      vertex 10.3317 -8.33267 0
    endloop
  endfacet
  facet normal -0.595695 -0.803211 0
    outer loop
      vertex 10.9445 -8.5865 0
      vertex 11.0785 -8.68588 10
      vertex 10.9445 -8.5865 10
    endloop
  endfacet
  facet normal -0.595695 -0.803211 -0
    outer loop
      vertex 11.0785 -8.68588 10
      vertex 10.9445 -8.5865 0
      vertex 11.0785 -8.68588 0
    endloop
  endfacet
  facet normal 0.97004 -0.242945 0
    outer loop
      vertex 8.33267 -9.66835 10
      vertex 8.3732 -9.50652 0
      vertex 8.3732 -9.50652 10
    endloop
  endfacet
  facet normal 0.97004 -0.242945 0
    outer loop
      vertex 8.3732 -9.50652 0
      vertex 8.33267 -9.66835 10
      vertex 8.33267 -9.66835 0
    endloop
  endfacet
  facet normal 0.803211 -0.595695 0
    outer loop
      vertex 8.5865 -9.05553 10
      vertex 8.68588 -8.92153 0
      vertex 8.68588 -8.92153 10
    endloop
  endfacet
  facet normal 0.803211 -0.595695 0
    outer loop
      vertex 8.68588 -8.92153 0
      vertex 8.5865 -9.05553 10
      vertex 8.5865 -9.05553 0
    endloop
  endfacet
  facet normal 0.740932 -0.67158 0
    outer loop
      vertex 8.68588 -8.92153 10
      vertex 8.79792 -8.79792 0
      vertex 8.79792 -8.79792 10
    endloop
  endfacet
  facet normal 0.740932 -0.67158 0
    outer loop
      vertex 8.79792 -8.79792 0
      vertex 8.68588 -8.92153 10
      vertex 8.68588 -8.92153 0
    endloop
  endfacet
  facet normal 0.857731 -0.514099 0
    outer loop
      vertex 8.50073 -9.19863 10
      vertex 8.5865 -9.05553 0
      vertex 8.5865 -9.05553 10
    endloop
  endfacet
  facet normal 0.857731 -0.514099 0
    outer loop
      vertex 8.5865 -9.05553 0
      vertex 8.50073 -9.19863 10
      vertex 8.50073 -9.19863 0
    endloop
  endfacet
  facet normal 0.941533 -0.336921 0
    outer loop
      vertex 8.3732 -9.50652 10
      vertex 8.42941 -9.34944 0
      vertex 8.42941 -9.34944 10
    endloop
  endfacet
  facet normal 0.941533 -0.336921 0
    outer loop
      vertex 8.42941 -9.34944 0
      vertex 8.3732 -9.50652 10
      vertex 8.3732 -9.50652 0
    endloop
  endfacet
  facet normal 0.989175 -0.14674 0
    outer loop
      vertex 8.30819 -9.83337 10
      vertex 8.33267 -9.66835 0
      vertex 8.33267 -9.66835 10
    endloop
  endfacet
  facet normal 0.989175 -0.14674 0
    outer loop
      vertex 8.33267 -9.66835 0
      vertex 8.30819 -9.83337 10
      vertex 8.30819 -9.83337 0
    endloop
  endfacet
  facet normal 0.514099 -0.857731 0
    outer loop
      vertex 9.05553 -8.5865 0
      vertex 9.19863 -8.50073 10
      vertex 9.05553 -8.5865 10
    endloop
  endfacet
  facet normal 0.514099 -0.857731 0
    outer loop
      vertex 9.19863 -8.50073 10
      vertex 9.05553 -8.5865 0
      vertex 9.19863 -8.50073 0
    endloop
  endfacet
  facet normal 0.427517 -0.904007 0
    outer loop
      vertex 9.19863 -8.50073 0
      vertex 9.34944 -8.42941 10
      vertex 9.19863 -8.50073 10
    endloop
  endfacet
  facet normal 0.427517 -0.904007 0
    outer loop
      vertex 9.34944 -8.42941 10
      vertex 9.19863 -8.50073 0
      vertex 9.34944 -8.42941 0
    endloop
  endfacet
  facet normal 0.595695 -0.803211 0
    outer loop
      vertex 8.92153 -8.68588 0
      vertex 9.05553 -8.5865 10
      vertex 8.92153 -8.68588 10
    endloop
  endfacet
  facet normal 0.595695 -0.803211 0
    outer loop
      vertex 9.05553 -8.5865 10
      vertex 8.92153 -8.68588 0
      vertex 9.05553 -8.5865 0
    endloop
  endfacet
  facet normal 0.242945 -0.97004 0
    outer loop
      vertex 9.50652 -8.3732 0
      vertex 9.66835 -8.33267 10
      vertex 9.50652 -8.3732 10
    endloop
  endfacet
  facet normal 0.242945 -0.97004 0
    outer loop
      vertex 9.66835 -8.33267 10
      vertex 9.50652 -8.3732 0
      vertex 9.66835 -8.33267 0
    endloop
  endfacet
  facet normal 0.0490916 -0.998794 0
    outer loop
      vertex 9.83337 -8.30819 0
      vertex 10 -8.3 10
      vertex 9.83337 -8.30819 10
    endloop
  endfacet
  facet normal 0.0490916 -0.998794 0
    outer loop
      vertex 10 -8.3 10
      vertex 9.83337 -8.30819 0
      vertex 10 -8.3 0
    endloop
  endfacet
  facet normal -0.0491602 0.998791 0
    outer loop
      vertex 10.1666 -11.6918 0
      vertex 10 -11.7 10
      vertex 10.1666 -11.6918 10
    endloop
  endfacet
  facet normal -0.0491602 0.998791 0
    outer loop
      vertex 10 -11.7 10
      vertex 10.1666 -11.6918 0
      vertex 10 -11.7 0
    endloop
  endfacet
  facet normal -0.671478 0.741024 0
    outer loop
      vertex 11.2021 -11.2021 0
      vertex 11.0785 -11.3141 10
      vertex 11.2021 -11.2021 10
    endloop
  endfacet
  facet normal -0.671478 0.741024 0
    outer loop
      vertex 11.0785 -11.3141 10
      vertex 11.2021 -11.2021 0
      vertex 11.0785 -11.3141 0
    endloop
  endfacet
  facet normal -0.514231 0.857652 0
    outer loop
      vertex 10.9445 -11.4135 0
      vertex 10.8014 -11.4993 10
      vertex 10.9445 -11.4135 10
    endloop
  endfacet
  facet normal -0.514231 0.857652 0
    outer loop
      vertex 10.8014 -11.4993 10
      vertex 10.9445 -11.4135 0
      vertex 10.8014 -11.4993 0
    endloop
  endfacet
  facet normal -0.803154 0.595772 0
    outer loop
      vertex 11.3141 -11.0785 0
      vertex 11.4135 -10.9445 10
      vertex 11.4135 -10.9445 0
    endloop
  endfacet
  facet normal -0.803154 0.595772 0
    outer loop
      vertex 11.4135 -10.9445 10
      vertex 11.3141 -11.0785 0
      vertex 11.3141 -11.0785 10
    endloop
  endfacet
  facet normal -0.904043 0.427442 0
    outer loop
      vertex 11.4993 -10.8014 0
      vertex 11.5706 -10.6506 10
      vertex 11.5706 -10.6506 0
    endloop
  endfacet
  facet normal -0.904043 0.427442 0
    outer loop
      vertex 11.5706 -10.6506 10
      vertex 11.4993 -10.8014 0
      vertex 11.4993 -10.8014 10
    endloop
  endfacet
  facet normal 0.671448 0.741051 -0
    outer loop
      vertex 8.92153 -11.3141 0
      vertex 8.79792 -11.2021 10
      vertex 8.92153 -11.3141 10
    endloop
  endfacet
  facet normal 0.671448 0.741051 0
    outer loop
      vertex 8.79792 -11.2021 10
      vertex 8.92153 -11.3141 0
      vertex 8.79792 -11.2021 0
    endloop
  endfacet
  facet normal 0.514231 0.857652 -0
    outer loop
      vertex 9.19863 -11.4993 0
      vertex 9.05553 -11.4135 10
      vertex 9.19863 -11.4993 10
    endloop
  endfacet
  facet normal 0.514231 0.857652 0
    outer loop
      vertex 9.05553 -11.4135 10
      vertex 9.19863 -11.4993 0
      vertex 9.05553 -11.4135 0
    endloop
  endfacet
  facet normal 0.336868 0.941552 -0
    outer loop
      vertex 9.50652 -11.6268 0
      vertex 9.34944 -11.5706 10
      vertex 9.50652 -11.6268 10
    endloop
  endfacet
  facet normal 0.336868 0.941552 0
    outer loop
      vertex 9.34944 -11.5706 10
      vertex 9.50652 -11.6268 0
      vertex 9.34944 -11.5706 0
    endloop
  endfacet
  facet normal 0.146857 0.989158 -0
    outer loop
      vertex 9.83337 -11.6918 0
      vertex 9.66835 -11.6673 10
      vertex 9.83337 -11.6918 10
    endloop
  endfacet
  facet normal 0.146857 0.989158 0
    outer loop
      vertex 9.66835 -11.6673 10
      vertex 9.83337 -11.6918 0
      vertex 9.66835 -11.6673 0
    endloop
  endfacet
  facet normal 0.857731 0.514099 0
    outer loop
      vertex 8.5865 -10.9445 10
      vertex 8.50073 -10.8014 0
      vertex 8.50073 -10.8014 10
    endloop
  endfacet
  facet normal 0.857731 0.514099 0
    outer loop
      vertex 8.50073 -10.8014 0
      vertex 8.5865 -10.9445 10
      vertex 8.5865 -10.9445 0
    endloop
  endfacet
  facet normal 0.903996 0.42754 0
    outer loop
      vertex 8.50073 -10.8014 10
      vertex 8.42941 -10.6506 0
      vertex 8.42941 -10.6506 10
    endloop
  endfacet
  facet normal 0.903996 0.42754 0
    outer loop
      vertex 8.42941 -10.6506 0
      vertex 8.50073 -10.8014 10
      vertex 8.50073 -10.8014 0
    endloop
  endfacet
  facet normal 0.803211 0.595695 0
    outer loop
      vertex 8.68588 -11.0785 10
      vertex 8.5865 -10.9445 0
      vertex 8.5865 -10.9445 10
    endloop
  endfacet
  facet normal 0.803211 0.595695 0
    outer loop
      vertex 8.5865 -10.9445 0
      vertex 8.68588 -11.0785 10
      vertex 8.68588 -11.0785 0
    endloop
  endfacet
  facet normal 0.97003 0.242987 0
    outer loop
      vertex 8.3732 -10.4935 10
      vertex 8.33267 -10.3317 0
      vertex 8.33267 -10.3317 10
    endloop
  endfacet
  facet normal 0.97003 0.242987 0
    outer loop
      vertex 8.33267 -10.3317 0
      vertex 8.3732 -10.4935 10
      vertex 8.3732 -10.4935 0
    endloop
  endfacet
  facet normal 0.941546 0.336883 0
    outer loop
      vertex 8.42941 -10.6506 10
      vertex 8.3732 -10.4935 0
      vertex 8.3732 -10.4935 10
    endloop
  endfacet
  facet normal 0.941546 0.336883 0
    outer loop
      vertex 8.3732 -10.4935 0
      vertex 8.42941 -10.6506 10
      vertex 8.42941 -10.6506 0
    endloop
  endfacet
  facet normal 0.998794 0.0491004 0
    outer loop
      vertex 8.30819 -10.1666 10
      vertex 8.3 -10 0
      vertex 8.3 -10 10
    endloop
  endfacet
  facet normal 0.998794 0.0491004 0
    outer loop
      vertex 8.3 -10 0
      vertex 8.30819 -10.1666 10
      vertex 8.30819 -10.1666 0
    endloop
  endfacet
  facet normal -0.146788 0.989168 0
    outer loop
      vertex 10.3317 -11.6673 0
      vertex 10.1666 -11.6918 10
      vertex 10.3317 -11.6673 10
    endloop
  endfacet
  facet normal -0.146788 0.989168 0
    outer loop
      vertex 10.1666 -11.6918 10
      vertex 10.3317 -11.6673 0
      vertex 10.1666 -11.6918 0
    endloop
  endfacet
  facet normal -0.427442 0.904043 0
    outer loop
      vertex 10.8014 -11.4993 0
      vertex 10.6506 -11.5706 10
      vertex 10.8014 -11.4993 10
    endloop
  endfacet
  facet normal -0.427442 0.904043 0
    outer loop
      vertex 10.6506 -11.5706 10
      vertex 10.8014 -11.4993 0
      vertex 10.6506 -11.5706 0
    endloop
  endfacet
  facet normal -0.242818 0.970072 0
    outer loop
      vertex 10.4935 -11.6268 0
      vertex 10.3317 -11.6673 10
      vertex 10.4935 -11.6268 10
    endloop
  endfacet
  facet normal -0.242818 0.970072 0
    outer loop
      vertex 10.3317 -11.6673 10
      vertex 10.4935 -11.6268 0
      vertex 10.3317 -11.6673 0
    endloop
  endfacet
  facet normal -0.741024 0.671478 0
    outer loop
      vertex 11.2021 -11.2021 0
      vertex 11.3141 -11.0785 10
      vertex 11.3141 -11.0785 0
    endloop
  endfacet
  facet normal -0.741024 0.671478 0
    outer loop
      vertex 11.3141 -11.0785 10
      vertex 11.2021 -11.2021 0
      vertex 11.2021 -11.2021 10
    endloop
  endfacet
  facet normal -0.595772 0.803154 0
    outer loop
      vertex 11.0785 -11.3141 0
      vertex 10.9445 -11.4135 10
      vertex 11.0785 -11.3141 10
    endloop
  endfacet
  facet normal -0.595772 0.803154 0
    outer loop
      vertex 10.9445 -11.4135 10
      vertex 11.0785 -11.3141 0
      vertex 10.9445 -11.4135 0
    endloop
  endfacet
  facet normal -0.857652 0.514231 0
    outer loop
      vertex 11.4135 -10.9445 0
      vertex 11.4993 -10.8014 10
      vertex 11.4993 -10.8014 0
    endloop
  endfacet
  facet normal -0.857652 0.514231 0
    outer loop
      vertex 11.4993 -10.8014 10
      vertex 11.4135 -10.9445 0
      vertex 11.4135 -10.9445 10
    endloop
  endfacet
  facet normal -0.941566 0.33683 0
    outer loop
      vertex 11.5706 -10.6506 0
      vertex 11.6268 -10.4935 10
      vertex 11.6268 -10.4935 0
    endloop
  endfacet
  facet normal -0.941566 0.33683 0
    outer loop
      vertex 11.6268 -10.4935 10
      vertex 11.5706 -10.6506 0
      vertex 11.5706 -10.6506 10
    endloop
  endfacet
  facet normal -0.989168 0.146788 0
    outer loop
      vertex 11.6673 -10.3317 0
      vertex 11.6918 -10.1666 10
      vertex 11.6918 -10.1666 0
    endloop
  endfacet
  facet normal -0.989168 0.146788 0
    outer loop
      vertex 11.6918 -10.1666 10
      vertex 11.6673 -10.3317 0
      vertex 11.6673 -10.3317 10
    endloop
  endfacet
  facet normal -0.998791 0.0491602 0
    outer loop
      vertex 11.6918 -10.1666 0
      vertex 11.7 -10 10
      vertex 11.7 -10 0
    endloop
  endfacet
  facet normal -0.998791 0.0491602 0
    outer loop
      vertex 11.7 -10 10
      vertex 11.6918 -10.1666 0
      vertex 11.6918 -10.1666 10
    endloop
  endfacet
  facet normal 0.595772 0.803154 -0
    outer loop
      vertex 9.05553 -11.4135 0
      vertex 8.92153 -11.3141 10
      vertex 9.05553 -11.4135 10
    endloop
  endfacet
  facet normal 0.595772 0.803154 0
    outer loop
      vertex 8.92153 -11.3141 10
      vertex 9.05553 -11.4135 0
      vertex 8.92153 -11.3141 0
    endloop
  endfacet
  facet normal 0.427419 0.904054 -0
    outer loop
      vertex 9.34944 -11.5706 0
      vertex 9.19863 -11.4993 10
      vertex 9.34944 -11.5706 10
    endloop
  endfacet
  facet normal 0.427419 0.904054 0
    outer loop
      vertex 9.19863 -11.4993 10
      vertex 9.34944 -11.5706 0
      vertex 9.19863 -11.4993 0
    endloop
  endfacet
  facet normal 0.242775 0.970083 -0
    outer loop
      vertex 9.66835 -11.6673 0
      vertex 9.50652 -11.6268 10
      vertex 9.66835 -11.6673 10
    endloop
  endfacet
  facet normal 0.242775 0.970083 0
    outer loop
      vertex 9.50652 -11.6268 10
      vertex 9.66835 -11.6673 0
      vertex 9.50652 -11.6268 0
    endloop
  endfacet
  facet normal 0.0491513 0.998791 -0
    outer loop
      vertex 10 -11.7 0
      vertex 9.83337 -11.6918 10
      vertex 10 -11.7 10
    endloop
  endfacet
  facet normal 0.0491513 0.998791 0
    outer loop
      vertex 9.83337 -11.6918 10
      vertex 10 -11.7 0
      vertex 9.83337 -11.6918 0
    endloop
  endfacet
  facet normal 0.989185 0.14667 0
    outer loop
      vertex 8.33267 -10.3317 10
      vertex 8.30819 -10.1666 0
      vertex 8.30819 -10.1666 10
    endloop
  endfacet
  facet normal 0.989185 0.14667 0
    outer loop
      vertex 8.30819 -10.1666 0
      vertex 8.33267 -10.3317 10
      vertex 8.33267 -10.3317 0
    endloop
  endfacet
  facet normal -0.33683 0.941566 0
    outer loop
      vertex 10.6506 -11.5706 0
      vertex 10.4935 -11.6268 10
      vertex 10.6506 -11.5706 10
    endloop
  endfacet
  facet normal -0.33683 0.941566 0
    outer loop
      vertex 10.4935 -11.6268 10
      vertex 10.6506 -11.5706 0
      vertex 10.4935 -11.6268 0
    endloop
  endfacet
  facet normal 0.998796 0.0490591 0
    outer loop
      vertex 17 10 10
      vertex 16.9663 10.6861 0
      vertex 16.9663 10.6861 10
    endloop
  endfacet
  facet normal 0.998796 0.0490591 0
    outer loop
      vertex 16.9663 10.6861 0
      vertex 17 10 10
      vertex 17 10 0
    endloop
  endfacet
  facet normal -0.998795 0.0490736 0
    outer loop
      vertex 3 10 0
      vertex 3.03371 10.6861 10
      vertex 3.03371 10.6861 0
    endloop
  endfacet
  facet normal -0.998795 0.0490736 0
    outer loop
      vertex 3.03371 10.6861 10
      vertex 3 10 0
      vertex 3 10 10
    endloop
  endfacet
  facet normal 0.0490591 0.998796 -0
    outer loop
      vertex 10.6861 16.9663 0
      vertex 10 17 10
      vertex 10.6861 16.9663 10
    endloop
  endfacet
  facet normal 0.0490591 0.998796 0
    outer loop
      vertex 10 17 10
      vertex 10.6861 16.9663 0
      vertex 10 17 0
    endloop
  endfacet
  facet normal 0.671687 0.740835 -0
    outer loop
      vertex 14.9497 14.9497 0
      vertex 14.4408 15.4111 10
      vertex 14.9497 14.9497 10
    endloop
  endfacet
  facet normal 0.671687 0.740835 0
    outer loop
      vertex 14.4408 15.4111 10
      vertex 14.9497 14.9497 0
      vertex 14.4408 15.4111 0
    endloop
  endfacet
  facet normal -0.671614 0.740901 0
    outer loop
      vertex 5.55925 15.4111 0
      vertex 5.05025 14.9497 10
      vertex 5.55925 15.4111 10
    endloop
  endfacet
  facet normal -0.671614 0.740901 0
    outer loop
      vertex 5.05025 14.9497 10
      vertex 5.55925 15.4111 0
      vertex 5.05025 14.9497 0
    endloop
  endfacet
  facet normal -0.336857 0.941556 0
    outer loop
      vertex 7.96801 16.6986 0
      vertex 7.32122 16.4672 10
      vertex 7.96801 16.6986 10
    endloop
  endfacet
  facet normal -0.336857 0.941556 0
    outer loop
      vertex 7.32122 16.4672 10
      vertex 7.96801 16.6986 0
      vertex 7.32122 16.4672 0
    endloop
  endfacet
  facet normal 0.903939 0.427661 0
    outer loop
      vertex 16.4672 12.6788 10
      vertex 16.1734 13.2998 0
      vertex 16.1734 13.2998 10
    endloop
  endfacet
  facet normal 0.903939 0.427661 0
    outer loop
      vertex 16.1734 13.2998 0
      vertex 16.4672 12.6788 10
      vertex 16.4672 12.6788 0
    endloop
  endfacet
  facet normal 0.427661 0.903939 -0
    outer loop
      vertex 13.2998 16.1734 0
      vertex 12.6788 16.4672 10
      vertex 13.2998 16.1734 10
    endloop
  endfacet
  facet normal 0.427661 0.903939 0
    outer loop
      vertex 12.6788 16.4672 10
      vertex 13.2998 16.1734 0
      vertex 12.6788 16.4672 0
    endloop
  endfacet
  facet normal 0.514046 0.857763 -0
    outer loop
      vertex 13.889 15.8203 0
      vertex 13.2998 16.1734 10
      vertex 13.889 15.8203 10
    endloop
  endfacet
  facet normal 0.514046 0.857763 0
    outer loop
      vertex 13.2998 16.1734 10
      vertex 13.889 15.8203 0
      vertex 13.2998 16.1734 0
    endloop
  endfacet
  facet normal -0.90399 0.427554 0
    outer loop
      vertex 3.53284 12.6788 0
      vertex 3.82655 13.2998 10
      vertex 3.82655 13.2998 0
    endloop
  endfacet
  facet normal -0.90399 0.427554 0
    outer loop
      vertex 3.82655 13.2998 10
      vertex 3.53284 12.6788 0
      vertex 3.53284 12.6788 10
    endloop
  endfacet
  facet normal -0.146736 0.989176 0
    outer loop
      vertex 9.31388 16.9663 0
      vertex 8.63437 16.8655 10
      vertex 9.31388 16.9663 10
    endloop
  endfacet
  facet normal -0.146736 0.989176 0
    outer loop
      vertex 8.63437 16.8655 10
      vertex 9.31388 16.9663 0
      vertex 8.63437 16.8655 0
    endloop
  endfacet
  facet normal 0 0 -1
    outer loop
      vertex 11.7 10 0
      vertex 17 10 0
      vertex 16.9663 9.31388 0
    endloop
  endfacet
  facet normal 0 0 -1
    outer loop
      vertex 11.6918 9.83337 0
      vertex 16.9663 9.31388 0
      vertex 16.8655 8.63437 0
    endloop
  endfacet
  facet normal 0 0 -1
    outer loop
      vertex 17 10 0
      vertex 11.7 10 0
      vertex 16.9663 10.6861 0
    endloop
  endfacet
  facet normal 0 0 -1
    outer loop
      vertex 11.6673 9.66835 0
      vertex 16.8655 8.63437 0
      vertex 16.6986 7.96801 0
    endloop
  endfacet
  facet normal 0 0 -1
    outer loop
      vertex 11.6918 10.1666 0
      vertex 16.9663 10.6861 0
      vertex 11.7 10 0
    endloop
  endfacet
  facet normal 0 0 -1
    outer loop
      vertex 11.6268 9.50652 0
      vertex 16.6986 7.96801 0
      vertex 16.4672 7.32122 0
    endloop
  endfacet
  facet normal -0 0 -1
    outer loop
      vertex 16.9663 10.6861 0
      vertex 11.6918 10.1666 0
      vertex 16.8655 11.3656 0
    endloop
  endfacet
  facet normal 0 0 -1
    outer loop
      vertex 11.5706 9.34944 0
      vertex 16.4672 7.32122 0
      vertex 16.1734 6.70022 0
    endloop
  endfacet
  facet normal 0 0 -1
    outer loop
      vertex 11.6673 10.3317 0
      vertex 16.8655 11.3656 0
      vertex 11.6918 10.1666 0
    endloop
  endfacet
  facet normal 0 0 -1
    outer loop
      vertex 11.4993 9.19863 0
      vertex 16.1734 6.70022 0
      vertex 15.8203 6.11101 0
    endloop
  endfacet
  facet normal -0 0 -1
    outer loop
      vertex 16.8655 11.3656 0
      vertex 11.6673 10.3317 0
      vertex 16.6986 12.032 0
    endloop
  endfacet
  facet normal 0 0 -1
    outer loop
      vertex 11.4135 9.05553 0
      vertex 15.8203 6.11101 0
      vertex 15.4111 5.55925 0
    endloop
  endfacet
  facet normal 0 0 -1
    outer loop
      vertex 11.6268 10.4935 0
      vertex 16.6986 12.032 0
      vertex 11.6673 10.3317 0
    endloop
  endfacet
  facet normal 0 0 -1
    outer loop
      vertex 11.3141 8.92153 0
      vertex 15.4111 5.55925 0
      vertex 14.9497 5.05025 0
    endloop
  endfacet
  facet normal -0 0 -1
    outer loop
      vertex 16.6986 12.032 0
      vertex 11.6268 10.4935 0
      vertex 16.4672 12.6788 0
    endloop
  endfacet
  facet normal 0 0 -1
    outer loop
      vertex 11.2021 8.79792 0
      vertex 14.9497 5.05025 0
      vertex 14.4408 4.58893 0
    endloop
  endfacet
  facet normal 0 0 -1
    outer loop
      vertex 11.5706 10.6506 0
      vertex 16.4672 12.6788 0
      vertex 11.6268 10.4935 0
    endloop
  endfacet
  facet normal 0 0 -1
    outer loop
      vertex 11.0785 8.68588 0
      vertex 14.4408 4.58893 0
      vertex 13.889 4.17971 0
    endloop
  endfacet
  facet normal -0 0 -1
    outer loop
      vertex 16.4672 12.6788 0
      vertex 11.5706 10.6506 0
      vertex 16.1734 13.2998 0
    endloop
  endfacet
  facet normal 0 0 -1
    outer loop
      vertex 10.9445 8.5865 0
      vertex 13.889 4.17971 0
      vertex 13.2998 3.82655 0
    endloop
  endfacet
  facet normal 0 0 -1
    outer loop
      vertex 11.4993 10.8014 0
      vertex 16.1734 13.2998 0
      vertex 11.5706 10.6506 0
    endloop
  endfacet
  facet normal 0 0 -1
    outer loop
      vertex 10.8014 8.50073 0
      vertex 13.2998 3.82655 0
      vertex 12.6788 3.53284 0
    endloop
  endfacet
  facet normal -0 0 -1
    outer loop
      vertex 16.1734 13.2998 0
      vertex 11.4993 10.8014 0
      vertex 15.8203 13.889 0
    endloop
  endfacet
  facet normal 0 0 -1
    outer loop
      vertex 10.6506 8.42941 0
      vertex 12.6788 3.53284 0
      vertex 12.032 3.30142 0
    endloop
  endfacet
  facet normal 0 0 -1
    outer loop
      vertex 11.4135 10.9445 0
      vertex 15.8203 13.889 0
      vertex 11.4993 10.8014 0
    endloop
  endfacet
  facet normal -0 0 -1
    outer loop
      vertex 15.8203 13.889 0
      vertex 11.4135 10.9445 0
      vertex 15.4111 14.4408 0
    endloop
  endfacet
  facet normal 0 0 -1
    outer loop
      vertex 16.9663 9.31388 0
      vertex 11.6918 9.83337 0
      vertex 11.7 10 0
    endloop
  endfacet
  facet normal 0 0 -1
    outer loop
      vertex 16.8655 8.63437 0
      vertex 11.6673 9.66835 0
      vertex 11.6918 9.83337 0
    endloop
  endfacet
  facet normal 0 0 -1
    outer loop
      vertex 16.6986 7.96801 0
      vertex 11.6268 9.50652 0
      vertex 11.6673 9.66835 0
    endloop
  endfacet
  facet normal 0 0 -1
    outer loop
      vertex 16.4672 7.32122 0
      vertex 11.5706 9.34944 0
      vertex 11.6268 9.50652 0
    endloop
  endfacet
  facet normal 0 0 -1
    outer loop
      vertex 16.1734 6.70022 0
      vertex 11.4993 9.19863 0
      vertex 11.5706 9.34944 0
    endloop
  endfacet
  facet normal 0 0 -1
    outer loop
      vertex 15.8203 6.11101 0
      vertex 11.4135 9.05553 0
      vertex 11.4993 9.19863 0
    endloop
  endfacet
  facet normal 0 0 -1
    outer loop
      vertex 10.4935 8.3732 0
      vertex 12.032 3.30142 0
      vertex 11.3656 3.1345 0
    endloop
  endfacet
  facet normal 0 0 -1
    outer loop
      vertex 15.4111 5.55925 0
      vertex 11.3141 8.92153 0
      vertex 11.4135 9.05553 0
    endloop
  endfacet
  facet normal 0 0 -1
    outer loop
      vertex 14.9497 5.05025 0
      vertex 11.2021 8.79792 0
      vertex 11.3141 8.92153 0
    endloop
  endfacet
  facet normal 0 0 -1
    outer loop
      vertex 14.4408 4.58893 0
      vertex 11.0785 8.68588 0
      vertex 11.2021 8.79792 0
    endloop
  endfacet
  facet normal 0 0 -1
    outer loop
      vertex 13.889 4.17971 0
      vertex 10.9445 8.5865 0
      vertex 11.0785 8.68588 0
    endloop
  endfacet
  facet normal 0 0 -1
    outer loop
      vertex 13.2998 3.82655 0
      vertex 10.8014 8.50073 0
      vertex 10.9445 8.5865 0
    endloop
  endfacet
  facet normal 0 0 -1
    outer loop
      vertex 10.3317 8.33267 0
      vertex 11.3656 3.1345 0
      vertex 10.6861 3.03371 0
    endloop
  endfacet
  facet normal 0 0 -1
    outer loop
      vertex 12.6788 3.53284 0
      vertex 10.6506 8.42941 0
      vertex 10.8014 8.50073 0
    endloop
  endfacet
  facet normal 0 0 -1
    outer loop
      vertex 12.032 3.30142 0
      vertex 10.4935 8.3732 0
      vertex 10.6506 8.42941 0
    endloop
  endfacet
  facet normal 0 0 -1
    outer loop
      vertex 11.3656 3.1345 0
      vertex 10.3317 8.33267 0
      vertex 10.4935 8.3732 0
    endloop
  endfacet
  facet normal 0 0 -1
    outer loop
      vertex 10.6861 3.03371 0
      vertex 10.1666 8.30819 0
      vertex 10.3317 8.33267 0
    endloop
  endfacet
  facet normal 0 0 -1
    outer loop
      vertex 10 3 0
      vertex 10.1666 8.30819 0
      vertex 10.6861 3.03371 0
    endloop
  endfacet
  facet normal 0 0 -1
    outer loop
      vertex 10 3 0
      vertex 10 8.3 0
      vertex 10.1666 8.30819 0
    endloop
  endfacet
  facet normal 0 0 -1
    outer loop
      vertex 10 3 0
      vertex 9.83337 8.30819 0
      vertex 10 8.3 0
    endloop
  endfacet
  facet normal 0 0 -1
    outer loop
      vertex 9.31388 3.03371 0
      vertex 9.83337 8.30819 0
      vertex 10 3 0
    endloop
  endfacet
  facet normal -0 0 -1
    outer loop
      vertex 9.83337 8.30819 0
      vertex 9.31388 3.03371 0
      vertex 9.66835 8.33267 0
    endloop
  endfacet
  facet normal 0 0 -1
    outer loop
      vertex 8.63437 3.1345 0
      vertex 9.66835 8.33267 0
      vertex 9.31388 3.03371 0
    endloop
  endfacet
  facet normal -0 0 -1
    outer loop
      vertex 9.66835 8.33267 0
      vertex 8.63437 3.1345 0
      vertex 9.50652 8.3732 0
    endloop
  endfacet
  facet normal 0 0 -1
    outer loop
      vertex 7.96801 3.30142 0
      vertex 9.50652 8.3732 0
      vertex 8.63437 3.1345 0
    endloop
  endfacet
  facet normal -0 0 -1
    outer loop
      vertex 9.50652 8.3732 0
      vertex 7.96801 3.30142 0
      vertex 9.34944 8.42941 0
    endloop
  endfacet
  facet normal 0 0 -1
    outer loop
      vertex 7.32122 3.53284 0
      vertex 9.34944 8.42941 0
      vertex 7.96801 3.30142 0
    endloop
  endfacet
  facet normal -0 0 -1
    outer loop
      vertex 9.34944 8.42941 0
      vertex 7.32122 3.53284 0
      vertex 9.19863 8.50073 0
    endloop
  endfacet
  facet normal 0 0 -1
    outer loop
      vertex 6.70022 3.82655 0
      vertex 9.19863 8.50073 0
      vertex 7.32122 3.53284 0
    endloop
  endfacet
  facet normal -0 0 -1
    outer loop
      vertex 9.19863 8.50073 0
      vertex 6.70022 3.82655 0
      vertex 9.05553 8.5865 0
    endloop
  endfacet
  facet normal 0 0 -1
    outer loop
      vertex 6.11101 4.17971 0
      vertex 9.05553 8.5865 0
      vertex 6.70022 3.82655 0
    endloop
  endfacet
  facet normal -0 0 -1
    outer loop
      vertex 9.05553 8.5865 0
      vertex 6.11101 4.17971 0
      vertex 8.92153 8.68588 0
    endloop
  endfacet
  facet normal 0 0 -1
    outer loop
      vertex 5.55925 4.58893 0
      vertex 8.92153 8.68588 0
      vertex 6.11101 4.17971 0
    endloop
  endfacet
  facet normal -0 0 -1
    outer loop
      vertex 8.92153 8.68588 0
      vertex 5.55925 4.58893 0
      vertex 8.79792 8.79792 0
    endloop
  endfacet
  facet normal 0 0 -1
    outer loop
      vertex 5.05025 5.05025 0
      vertex 8.79792 8.79792 0
      vertex 5.55925 4.58893 0
    endloop
  endfacet
  facet normal -0 0 -1
    outer loop
      vertex 8.79792 8.79792 0
      vertex 5.05025 5.05025 0
      vertex 8.68588 8.92153 0
    endloop
  endfacet
  facet normal 0 0 -1
    outer loop
      vertex 4.58893 5.55925 0
      vertex 8.68588 8.92153 0
      vertex 5.05025 5.05025 0
    endloop
  endfacet
  facet normal -0 0 -1
    outer loop
      vertex 8.68588 8.92153 0
      vertex 4.58893 5.55925 0
      vertex 8.5865 9.05553 0
    endloop
  endfacet
  facet normal 0 0 -1
    outer loop
      vertex 11.3141 11.0785 0
      vertex 15.4111 14.4408 0
      vertex 11.4135 10.9445 0
    endloop
  endfacet
  facet normal -0 0 -1
    outer loop
      vertex 15.4111 14.4408 0
      vertex 11.3141 11.0785 0
      vertex 14.9497 14.9497 0
    endloop
  endfacet
  facet normal 0 0 -1
    outer loop
      vertex 11.2021 11.2021 0
      vertex 14.9497 14.9497 0
      vertex 11.3141 11.0785 0
    endloop
  endfacet
  facet normal -0 0 -1
    outer loop
      vertex 14.9497 14.9497 0
      vertex 11.2021 11.2021 0
      vertex 14.4408 15.4111 0
    endloop
  endfacet
  facet normal 0 0 -1
    outer loop
      vertex 11.0785 11.3141 0
      vertex 14.4408 15.4111 0
      vertex 11.2021 11.2021 0
    endloop
  endfacet
  facet normal -0 0 -1
    outer loop
      vertex 14.4408 15.4111 0
      vertex 11.0785 11.3141 0
      vertex 13.889 15.8203 0
    endloop
  endfacet
  facet normal 0 0 -1
    outer loop
      vertex 10.9445 11.4135 0
      vertex 13.889 15.8203 0
      vertex 11.0785 11.3141 0
    endloop
  endfacet
  facet normal -0 0 -1
    outer loop
      vertex 13.889 15.8203 0
      vertex 10.9445 11.4135 0
      vertex 13.2998 16.1734 0
    endloop
  endfacet
  facet normal 0 0 -1
    outer loop
      vertex 10.8014 11.4993 0
      vertex 13.2998 16.1734 0
      vertex 10.9445 11.4135 0
    endloop
  endfacet
  facet normal -0 0 -1
    outer loop
      vertex 13.2998 16.1734 0
      vertex 10.8014 11.4993 0
      vertex 12.6788 16.4672 0
    endloop
  endfacet
  facet normal 0 0 -1
    outer loop
      vertex 10.6506 11.5706 0
      vertex 12.6788 16.4672 0
      vertex 10.8014 11.4993 0
    endloop
  endfacet
  facet normal -0 0 -1
    outer loop
      vertex 12.6788 16.4672 0
      vertex 10.6506 11.5706 0
      vertex 12.032 16.6986 0
    endloop
  endfacet
  facet normal 0 0 -1
    outer loop
      vertex 10.4935 11.6268 0
      vertex 12.032 16.6986 0
      vertex 10.6506 11.5706 0
    endloop
  endfacet
  facet normal -0 0 -1
    outer loop
      vertex 12.032 16.6986 0
      vertex 10.4935 11.6268 0
      vertex 11.3656 16.8655 0
    endloop
  endfacet
  facet normal 0 0 -1
    outer loop
      vertex 10.3317 11.6673 0
      vertex 11.3656 16.8655 0
      vertex 10.4935 11.6268 0
    endloop
  endfacet
  facet normal -0 0 -1
    outer loop
      vertex 11.3656 16.8655 0
      vertex 10.3317 11.6673 0
      vertex 10.6861 16.9663 0
    endloop
  endfacet
  facet normal 0 0 -1
    outer loop
      vertex 10.1666 11.6918 0
      vertex 10.6861 16.9663 0
      vertex 10.3317 11.6673 0
    endloop
  endfacet
  facet normal 0 0 -1
    outer loop
      vertex 10 11.7 0
      vertex 10.6861 16.9663 0
      vertex 10.1666 11.6918 0
    endloop
  endfacet
  facet normal 0 0 -1
    outer loop
      vertex 10 11.7 0
      vertex 10 17 0
      vertex 10.6861 16.9663 0
    endloop
  endfacet
  facet normal 0 0 -1
    outer loop
      vertex 9.83337 11.6918 0
      vertex 10 17 0
      vertex 10 11.7 0
    endloop
  endfacet
  facet normal 0 0 -1
    outer loop
      vertex 9.31388 16.9663 0
      vertex 9.83337 11.6918 0
      vertex 9.66835 11.6673 0
    endloop
  endfacet
  facet normal 0 0 -1
    outer loop
      vertex 8.63437 16.8655 0
      vertex 9.66835 11.6673 0
      vertex 9.50652 11.6268 0
    endloop
  endfacet
  facet normal 0 0 -1
    outer loop
      vertex 7.96801 16.6986 0
      vertex 9.50652 11.6268 0
      vertex 9.34944 11.5706 0
    endloop
  endfacet
  facet normal 0 0 -1
    outer loop
      vertex 9.83337 11.6918 0
      vertex 9.31388 16.9663 0
      vertex 10 17 0
    endloop
  endfacet
  facet normal 0 0 -1
    outer loop
      vertex 7.32122 16.4672 0
      vertex 9.34944 11.5706 0
      vertex 9.19863 11.4993 0
    endloop
  endfacet
  facet normal 0 0 -1
    outer loop
      vertex 6.70022 16.1734 0
      vertex 9.19863 11.4993 0
      vertex 9.05553 11.4135 0
    endloop
  endfacet
  facet normal 0 0 -1
    outer loop
      vertex 6.11101 15.8203 0
      vertex 9.05553 11.4135 0
      vertex 8.92153 11.3141 0
    endloop
  endfacet
  facet normal 0 0 -1
    outer loop
      vertex 5.55925 15.4111 0
      vertex 8.92153 11.3141 0
      vertex 8.79792 11.2021 0
    endloop
  endfacet
  facet normal 0 0 -1
    outer loop
      vertex 5.05025 14.9497 0
      vertex 8.79792 11.2021 0
      vertex 8.68588 11.0785 0
    endloop
  endfacet
  facet normal 0 0 -1
    outer loop
      vertex 9.66835 11.6673 0
      vertex 8.63437 16.8655 0
      vertex 9.31388 16.9663 0
    endloop
  endfacet
  facet normal 0 0 -1
    outer loop
      vertex 4.58893 14.4408 0
      vertex 8.68588 11.0785 0
      vertex 8.5865 10.9445 0
    endloop
  endfacet
  facet normal 0 0 -1
    outer loop
      vertex 4.17971 13.889 0
      vertex 8.5865 10.9445 0
      vertex 8.50073 10.8014 0
    endloop
  endfacet
  facet normal 0 0 -1
    outer loop
      vertex 3.82655 13.2998 0
      vertex 8.50073 10.8014 0
      vertex 8.42941 10.6506 0
    endloop
  endfacet
  facet normal 0 0 -1
    outer loop
      vertex 3.53284 12.6788 0
      vertex 8.42941 10.6506 0
      vertex 8.3732 10.4935 0
    endloop
  endfacet
  facet normal 0 0 -1
    outer loop
      vertex 3.30142 12.032 0
      vertex 8.3732 10.4935 0
      vertex 8.33267 10.3317 0
    endloop
  endfacet
  facet normal 0 0 -1
    outer loop
      vertex 3.1345 11.3656 0
      vertex 8.33267 10.3317 0
      vertex 8.30819 10.1666 0
    endloop
  endfacet
  facet normal 0 0 -1
    outer loop
      vertex 3.03371 10.6861 0
      vertex 8.30819 10.1666 0
      vertex 8.3 10 0
    endloop
  endfacet
  facet normal 0 0 -1
    outer loop
      vertex 4.17971 6.11101 0
      vertex 8.5865 9.05553 0
      vertex 4.58893 5.55925 0
    endloop
  endfacet
  facet normal 0 0 -1
    outer loop
      vertex 9.50652 11.6268 0
      vertex 7.96801 16.6986 0
      vertex 8.63437 16.8655 0
    endloop
  endfacet
  facet normal -0 0 -1
    outer loop
      vertex 8.5865 9.05553 0
      vertex 4.17971 6.11101 0
      vertex 8.50073 9.19863 0
    endloop
  endfacet
  facet normal 0 0 -1
    outer loop
      vertex 9.34944 11.5706 0
      vertex 7.32122 16.4672 0
      vertex 7.96801 16.6986 0
    endloop
  endfacet
  facet normal 0 0 -1
    outer loop
      vertex 3.82655 6.70022 0
      vertex 8.50073 9.19863 0
      vertex 4.17971 6.11101 0
    endloop
  endfacet
  facet normal 0 0 -1
    outer loop
      vertex 9.19863 11.4993 0
      vertex 6.70022 16.1734 0
      vertex 7.32122 16.4672 0
    endloop
  endfacet
  facet normal -0 0 -1
    outer loop
      vertex 8.50073 9.19863 0
      vertex 3.82655 6.70022 0
      vertex 8.42941 9.34944 0
    endloop
  endfacet
  facet normal 0 0 -1
    outer loop
      vertex 9.05553 11.4135 0
      vertex 6.11101 15.8203 0
      vertex 6.70022 16.1734 0
    endloop
  endfacet
  facet normal 0 0 -1
    outer loop
      vertex 3.53284 7.32122 0
      vertex 8.42941 9.34944 0
      vertex 3.82655 6.70022 0
    endloop
  endfacet
  facet normal 0 0 -1
    outer loop
      vertex 8.92153 11.3141 0
      vertex 5.55925 15.4111 0
      vertex 6.11101 15.8203 0
    endloop
  endfacet
  facet normal -0 0 -1
    outer loop
      vertex 8.42941 9.34944 0
      vertex 3.53284 7.32122 0
      vertex 8.3732 9.50652 0
    endloop
  endfacet
  facet normal 0 0 -1
    outer loop
      vertex 8.79792 11.2021 0
      vertex 5.05025 14.9497 0
      vertex 5.55925 15.4111 0
    endloop
  endfacet
  facet normal 0 0 -1
    outer loop
      vertex 3.30142 7.96801 0
      vertex 8.3732 9.50652 0
      vertex 3.53284 7.32122 0
    endloop
  endfacet
  facet normal 0 0 -1
    outer loop
      vertex 8.68588 11.0785 0
      vertex 4.58893 14.4408 0
      vertex 5.05025 14.9497 0
    endloop
  endfacet
  facet normal -0 0 -1
    outer loop
      vertex 8.3732 9.50652 0
      vertex 3.30142 7.96801 0
      vertex 8.33267 9.66835 0
    endloop
  endfacet
  facet normal 0 0 -1
    outer loop
      vertex 8.5865 10.9445 0
      vertex 4.17971 13.889 0
      vertex 4.58893 14.4408 0
    endloop
  endfacet
  facet normal 0 0 -1
    outer loop
      vertex 3.1345 8.63437 0
      vertex 8.33267 9.66835 0
      vertex 3.30142 7.96801 0
    endloop
  endfacet
  facet normal 0 0 -1
    outer loop
      vertex 8.50073 10.8014 0
      vertex 3.82655 13.2998 0
      vertex 4.17971 13.889 0
    endloop
  endfacet
  facet normal -0 0 -1
    outer loop
      vertex 8.33267 9.66835 0
      vertex 3.1345 8.63437 0
      vertex 8.30819 9.83337 0
    endloop
  endfacet
  facet normal 0 0 -1
    outer loop
      vertex 8.42941 10.6506 0
      vertex 3.53284 12.6788 0
      vertex 3.82655 13.2998 0
    endloop
  endfacet
  facet normal 0 0 -1
    outer loop
      vertex 3.03371 9.31388 0
      vertex 8.30819 9.83337 0
      vertex 3.1345 8.63437 0
    endloop
  endfacet
  facet normal 0 0 -1
    outer loop
      vertex 8.3732 10.4935 0
      vertex 3.30142 12.032 0
      vertex 3.53284 12.6788 0
    endloop
  endfacet
  facet normal -0 0 -1
    outer loop
      vertex 8.30819 9.83337 0
      vertex 3.03371 9.31388 0
      vertex 8.3 10 0
    endloop
  endfacet
  facet normal 0 0 -1
    outer loop
      vertex 8.33267 10.3317 0
      vertex 3.1345 11.3656 0
      vertex 3.30142 12.032 0
    endloop
  endfacet
  facet normal 0 0 -1
    outer loop
      vertex 3 10 0
      vertex 8.3 10 0
      vertex 3.03371 9.31388 0
    endloop
  endfacet
  facet normal 0 0 -1
    outer loop
      vertex 8.30819 10.1666 0
      vertex 3.03371 10.6861 0
      vertex 3.1345 11.3656 0
    endloop
  endfacet
  facet normal 0 0 -1
    outer loop
      vertex 8.3 10 0
      vertex 3 10 0
      vertex 3.03371 10.6861 0
    endloop
  endfacet
  facet normal 0.97004 0.242947 0
    outer loop
      vertex 16.8655 11.3656 10
      vertex 16.6986 12.032 0
      vertex 16.6986 12.032 10
    endloop
  endfacet
  facet normal 0.97004 0.242947 0
    outer loop
      vertex 16.6986 12.032 0
      vertex 16.8655 11.3656 10
      vertex 16.8655 11.3656 0
    endloop
  endfacet
  facet normal 0.989175 0.146739 0
    outer loop
      vertex 16.9663 10.6861 10
      vertex 16.8655 11.3656 0
      vertex 16.8655 11.3656 10
    endloop
  endfacet
  facet normal 0.989175 0.146739 0
    outer loop
      vertex 16.8655 11.3656 0
      vertex 16.9663 10.6861 10
      vertex 16.9663 10.6861 0
    endloop
  endfacet
  facet normal 0.941557 0.336853 0
    outer loop
      vertex 16.6986 12.032 10
      vertex 16.4672 12.6788 0
      vertex 16.4672 12.6788 10
    endloop
  endfacet
  facet normal 0.941557 0.336853 0
    outer loop
      vertex 16.4672 12.6788 0
      vertex 16.6986 12.032 10
      vertex 16.6986 12.032 0
    endloop
  endfacet
  facet normal 0.803237 0.595659 0
    outer loop
      vertex 15.8203 13.889 10
      vertex 15.4111 14.4408 0
      vertex 15.4111 14.4408 10
    endloop
  endfacet
  facet normal 0.803237 0.595659 0
    outer loop
      vertex 15.4111 14.4408 0
      vertex 15.8203 13.889 10
      vertex 15.8203 13.889 0
    endloop
  endfacet
  facet normal 0.740835 0.671687 0
    outer loop
      vertex 15.4111 14.4408 10
      vertex 14.9497 14.9497 0
      vertex 14.9497 14.9497 10
    endloop
  endfacet
  facet normal 0.740835 0.671687 0
    outer loop
      vertex 14.9497 14.9497 0
      vertex 15.4111 14.4408 10
      vertex 15.4111 14.4408 0
    endloop
  endfacet
  facet normal 0.857763 0.514046 0
    outer loop
      vertex 16.1734 13.2998 10
      vertex 15.8203 13.889 0
      vertex 15.8203 13.889 10
    endloop
  endfacet
  facet normal 0.857763 0.514046 0
    outer loop
      vertex 15.8203 13.889 0
      vertex 16.1734 13.2998 10
      vertex 16.1734 13.2998 0
    endloop
  endfacet
  facet normal 0.242947 0.97004 -0
    outer loop
      vertex 12.032 16.6986 0
      vertex 11.3656 16.8655 10
      vertex 12.032 16.6986 10
    endloop
  endfacet
  facet normal 0.242947 0.97004 0
    outer loop
      vertex 11.3656 16.8655 10
      vertex 12.032 16.6986 0
      vertex 11.3656 16.8655 0
    endloop
  endfacet
  facet normal 0.336853 0.941557 -0
    outer loop
      vertex 12.6788 16.4672 0
      vertex 12.032 16.6986 10
      vertex 12.6788 16.4672 10
    endloop
  endfacet
  facet normal 0.336853 0.941557 0
    outer loop
      vertex 12.032 16.6986 10
      vertex 12.6788 16.4672 0
      vertex 12.032 16.6986 0
    endloop
  endfacet
  facet normal 0.146739 0.989175 -0
    outer loop
      vertex 11.3656 16.8655 0
      vertex 10.6861 16.9663 10
      vertex 11.3656 16.8655 10
    endloop
  endfacet
  facet normal 0.146739 0.989175 0
    outer loop
      vertex 10.6861 16.9663 10
      vertex 11.3656 16.8655 0
      vertex 10.6861 16.9663 0
    endloop
  endfacet
  facet normal 0.595659 0.803237 -0
    outer loop
      vertex 14.4408 15.4111 0
      vertex 13.889 15.8203 10
      vertex 14.4408 15.4111 10
    endloop
  endfacet
  facet normal 0.595659 0.803237 0
    outer loop
      vertex 13.889 15.8203 10
      vertex 14.4408 15.4111 0
      vertex 13.889 15.8203 0
    endloop
  endfacet
  facet normal -0.970033 0.242974 0
    outer loop
      vertex 3.1345 11.3656 0
      vertex 3.30142 12.032 10
      vertex 3.30142 12.032 0
    endloop
  endfacet
  facet normal -0.970033 0.242974 0
    outer loop
      vertex 3.30142 12.032 10
      vertex 3.1345 11.3656 0
      vertex 3.1345 11.3656 10
    endloop
  endfacet
  facet normal -0.803223 0.595678 0
    outer loop
      vertex 4.17971 13.889 0
      vertex 4.58893 14.4408 10
      vertex 4.58893 14.4408 0
    endloop
  endfacet
  facet normal -0.803223 0.595678 0
    outer loop
      vertex 4.58893 14.4408 10
      vertex 4.17971 13.889 0
      vertex 4.17971 13.889 10
    endloop
  endfacet
  facet normal -0.740893 0.671623 0
    outer loop
      vertex 4.58893 14.4408 0
      vertex 5.05025 14.9497 10
      vertex 5.05025 14.9497 0
    endloop
  endfacet
  facet normal -0.740893 0.671623 0
    outer loop
      vertex 5.05025 14.9497 10
      vertex 4.58893 14.4408 0
      vertex 4.58893 14.4408 10
    endloop
  endfacet
  facet normal -0.857724 0.51411 0
    outer loop
      vertex 3.82655 13.2998 0
      vertex 4.17971 13.889 10
      vertex 4.17971 13.889 0
    endloop
  endfacet
  facet normal -0.857724 0.51411 0
    outer loop
      vertex 4.17971 13.889 10
      vertex 3.82655 13.2998 0
      vertex 3.82655 13.2998 10
    endloop
  endfacet
  facet normal -0.941548 0.336879 0
    outer loop
      vertex 3.30142 12.032 0
      vertex 3.53284 12.6788 10
      vertex 3.53284 12.6788 0
    endloop
  endfacet
  facet normal -0.941548 0.336879 0
    outer loop
      vertex 3.53284 12.6788 10
      vertex 3.30142 12.032 0
      vertex 3.30142 12.032 10
    endloop
  endfacet
  facet normal -0.989177 0.146724 0
    outer loop
      vertex 3.03371 10.6861 0
      vertex 3.1345 11.3656 10
      vertex 3.1345 11.3656 0
    endloop
  endfacet
  facet normal -0.989177 0.146724 0
    outer loop
      vertex 3.1345 11.3656 10
      vertex 3.03371 10.6861 0
      vertex 3.03371 10.6861 10
    endloop
  endfacet
  facet normal -0.51404 0.857766 0
    outer loop
      vertex 6.70022 16.1734 0
      vertex 6.11101 15.8203 10
      vertex 6.70022 16.1734 10
    endloop
  endfacet
  facet normal -0.51404 0.857766 0
    outer loop
      vertex 6.11101 15.8203 10
      vertex 6.70022 16.1734 0
      vertex 6.11101 15.8203 0
    endloop
  endfacet
  facet normal -0.427661 0.903939 0
    outer loop
      vertex 7.32122 16.4672 0
      vertex 6.70022 16.1734 10
      vertex 7.32122 16.4672 10
    endloop
  endfacet
  facet normal -0.427661 0.903939 0
    outer loop
      vertex 6.70022 16.1734 10
      vertex 7.32122 16.4672 0
      vertex 6.70022 16.1734 0
    endloop
  endfacet
  facet normal -0.595687 0.803217 0
    outer loop
      vertex 6.11101 15.8203 0
      vertex 5.55925 15.4111 10
      vertex 6.11101 15.8203 10
    endloop
  endfacet
  facet normal -0.595687 0.803217 0
    outer loop
      vertex 5.55925 15.4111 10
      vertex 6.11101 15.8203 0
      vertex 5.55925 15.4111 0
    endloop
  endfacet
  facet normal -0.24296 0.970036 0
    outer loop
      vertex 8.63437 16.8655 0
      vertex 7.96801 16.6986 10
      vertex 8.63437 16.8655 10
    endloop
  endfacet
  facet normal -0.24296 0.970036 0
    outer loop
      vertex 7.96801 16.6986 10
      vertex 8.63437 16.8655 0
      vertex 7.96801 16.6986 0
    endloop
  endfacet
  facet normal -0.0490576 0.998796 0
    outer loop
      vertex 10 17 0
      vertex 9.31388 16.9663 10
      vertex 10 17 10
    endloop
  endfacet
  facet normal -0.0490576 0.998796 0
    outer loop
      vertex 9.31388 16.9663 10
      vertex 10 17 0
      vertex 9.31388 16.9663 0
    endloop
  endfacet
  facet normal 0.998796 -0.0490576 0
    outer loop
      vertex 16.9663 9.31388 10
      vertex 17 10 0
      vertex 17 10 10
    endloop
  endfacet
  facet normal 0.998796 -0.0490576 0
    outer loop
      vertex 17 10 0
      vertex 16.9663 9.31388 10
      vertex 16.9663 9.31388 0
    endloop
  endfacet
  facet normal 0.0490736 -0.998795 0
    outer loop
      vertex 10 3 0
      vertex 10.6861 3.03371 10
      vertex 10 3 10
    endloop
  endfacet
  facet normal 0.0490736 -0.998795 0
    outer loop
      vertex 10.6861 3.03371 10
      vertex 10 3 0
      vertex 10.6861 3.03371 0
    endloop
  endfacet
  facet normal 0.671623 -0.740893 0
    outer loop
      vertex 14.4408 4.58893 0
      vertex 14.9497 5.05025 10
      vertex 14.4408 4.58893 10
    endloop
  endfacet
  facet normal 0.671623 -0.740893 0
    outer loop
      vertex 14.9497 5.05025 10
      vertex 14.4408 4.58893 0
      vertex 14.9497 5.05025 0
    endloop
  endfacet
  facet normal 0.51411 -0.857724 0
    outer loop
      vertex 13.2998 3.82655 0
      vertex 13.889 4.17971 10
      vertex 13.2998 3.82655 10
    endloop
  endfacet
  facet normal 0.51411 -0.857724 0
    outer loop
      vertex 13.889 4.17971 10
      vertex 13.2998 3.82655 0
      vertex 13.889 4.17971 0
    endloop
  endfacet
  facet normal 0.803217 -0.595687 0
    outer loop
      vertex 15.4111 5.55925 10
      vertex 15.8203 6.11101 0
      vertex 15.8203 6.11101 10
    endloop
  endfacet
  facet normal 0.803217 -0.595687 0
    outer loop
      vertex 15.8203 6.11101 0
      vertex 15.4111 5.55925 10
      vertex 15.4111 5.55925 0
    endloop
  endfacet
  facet normal 0.903939 -0.427661 0
    outer loop
      vertex 16.1734 6.70022 10
      vertex 16.4672 7.32122 0
      vertex 16.4672 7.32122 10
    endloop
  endfacet
  facet normal 0.903939 -0.427661 0
    outer loop
      vertex 16.4672 7.32122 0
      vertex 16.1734 6.70022 10
      vertex 16.1734 6.70022 0
    endloop
  endfacet
  facet normal -0.67155 -0.740959 0
    outer loop
      vertex 5.05025 5.05025 0
      vertex 5.55925 4.58893 10
      vertex 5.05025 5.05025 10
    endloop
  endfacet
  facet normal -0.67155 -0.740959 -0
    outer loop
      vertex 5.55925 4.58893 10
      vertex 5.05025 5.05025 0
      vertex 5.55925 4.58893 0
    endloop
  endfacet
  facet normal -0.514104 -0.857728 0
    outer loop
      vertex 6.11101 4.17971 0
      vertex 6.70022 3.82655 10
      vertex 6.11101 4.17971 10
    endloop
  endfacet
  facet normal -0.514104 -0.857728 -0
    outer loop
      vertex 6.70022 3.82655 10
      vertex 6.11101 4.17971 0
      vertex 6.70022 3.82655 0
    endloop
  endfacet
  facet normal -0.336883 -0.941546 0
    outer loop
      vertex 7.32122 3.53284 0
      vertex 7.96801 3.30142 10
      vertex 7.32122 3.53284 10
    endloop
  endfacet
  facet normal -0.336883 -0.941546 -0
    outer loop
      vertex 7.96801 3.30142 10
      vertex 7.32122 3.53284 0
      vertex 7.96801 3.30142 0
    endloop
  endfacet
  facet normal -0.146722 -0.989178 0
    outer loop
      vertex 8.63437 3.1345 0
      vertex 9.31388 3.03371 10
      vertex 8.63437 3.1345 10
    endloop
  endfacet
  facet normal -0.146722 -0.989178 -0
    outer loop
      vertex 9.31388 3.03371 10
      vertex 8.63437 3.1345 0
      vertex 9.31388 3.03371 0
    endloop
  endfacet
  facet normal -0.90399 -0.427554 0
    outer loop
      vertex 3.82655 6.70022 0
      vertex 3.53284 7.32122 10
      vertex 3.53284 7.32122 0
    endloop
  endfacet
  facet normal -0.90399 -0.427554 0
    outer loop
      vertex 3.53284 7.32122 10
      vertex 3.82655 6.70022 0
      vertex 3.82655 6.70022 10
    endloop
  endfacet
  facet normal -0.803203 -0.595706 0
    outer loop
      vertex 4.58893 5.55925 0
      vertex 4.17971 6.11101 10
      vertex 4.17971 6.11101 0
    endloop
  endfacet
  facet normal -0.803203 -0.595706 0
    outer loop
      vertex 4.17971 6.11101 10
      vertex 4.58893 5.55925 0
      vertex 4.58893 5.55925 10
    endloop
  endfacet
  facet normal -0.970029 -0.242988 0
    outer loop
      vertex 3.30142 7.96801 0
      vertex 3.1345 8.63437 10
      vertex 3.1345 8.63437 0
    endloop
  endfacet
  facet normal -0.970029 -0.242988 0
    outer loop
      vertex 3.1345 8.63437 10
      vertex 3.30142 7.96801 0
      vertex 3.30142 7.96801 10
    endloop
  endfacet
  facet normal -0.998795 -0.0490722 0
    outer loop
      vertex 3.03371 9.31388 0
      vertex 3 10 10
      vertex 3 10 0
    endloop
  endfacet
  facet normal -0.998795 -0.0490722 0
    outer loop
      vertex 3 10 10
      vertex 3.03371 9.31388 0
      vertex 3.03371 9.31388 10
    endloop
  endfacet
  facet normal 0.146724 -0.989177 0
    outer loop
      vertex 10.6861 3.03371 0
      vertex 11.3656 3.1345 10
      vertex 10.6861 3.03371 10
    endloop
  endfacet
  facet normal 0.146724 -0.989177 0
    outer loop
      vertex 11.3656 3.1345 10
      vertex 10.6861 3.03371 0
      vertex 11.3656 3.1345 0
    endloop
  endfacet
  facet normal 0.427554 -0.90399 0
    outer loop
      vertex 12.6788 3.53284 0
      vertex 13.2998 3.82655 10
      vertex 12.6788 3.53284 10
    endloop
  endfacet
  facet normal 0.427554 -0.90399 0
    outer loop
      vertex 13.2998 3.82655 10
      vertex 12.6788 3.53284 0
      vertex 13.2998 3.82655 0
    endloop
  endfacet
  facet normal 0.242974 -0.970033 0
    outer loop
      vertex 11.3656 3.1345 0
      vertex 12.032 3.30142 10
      vertex 11.3656 3.1345 10
    endloop
  endfacet
  facet normal 0.242974 -0.970033 0
    outer loop
      vertex 12.032 3.30142 10
      vertex 11.3656 3.1345 0
      vertex 12.032 3.30142 0
    endloop
  endfacet
  facet normal 0.740901 -0.671614 0
    outer loop
      vertex 14.9497 5.05025 10
      vertex 15.4111 5.55925 0
      vertex 15.4111 5.55925 10
    endloop
  endfacet
  facet normal 0.740901 -0.671614 0
    outer loop
      vertex 15.4111 5.55925 0
      vertex 14.9497 5.05025 10
      vertex 14.9497 5.05025 0
    endloop
  endfacet
  facet normal 0.595678 -0.803223 0
    outer loop
      vertex 13.889 4.17971 0
      vertex 14.4408 4.58893 10
      vertex 13.889 4.17971 10
    endloop
  endfacet
  facet normal 0.595678 -0.803223 0
    outer loop
      vertex 14.4408 4.58893 10
      vertex 13.889 4.17971 0
      vertex 14.4408 4.58893 0
    endloop
  endfacet
  facet normal 0.857766 -0.51404 0
    outer loop
      vertex 15.8203 6.11101 10
      vertex 16.1734 6.70022 0
      vertex 16.1734 6.70022 10
    endloop
  endfacet
  facet normal 0.857766 -0.51404 0
    outer loop
      vertex 16.1734 6.70022 0
      vertex 15.8203 6.11101 10
      vertex 15.8203 6.11101 0
    endloop
  endfacet
  facet normal 0.941556 -0.336857 0
    outer loop
      vertex 16.4672 7.32122 10
      vertex 16.6986 7.96801 0
      vertex 16.6986 7.96801 10
    endloop
  endfacet
  facet normal 0.941556 -0.336857 0
    outer loop
      vertex 16.6986 7.96801 0
      vertex 16.4672 7.32122 10
      vertex 16.4672 7.32122 0
    endloop
  endfacet
  facet normal 0.989176 -0.146736 0
    outer loop
      vertex 16.8655 8.63437 10
      vertex 16.9663 9.31388 0
      vertex 16.9663 9.31388 10
    endloop
  endfacet
  facet normal 0.989176 -0.146736 0
    outer loop
      vertex 16.9663 9.31388 0
      vertex 16.8655 8.63437 10
      vertex 16.8655 8.63437 0
    endloop
  endfacet
  facet normal 0.970036 -0.24296 0
    outer loop
      vertex 16.6986 7.96801 10
      vertex 16.8655 8.63437 0
      vertex 16.8655 8.63437 10
    endloop
  endfacet
  facet normal 0.970036 -0.24296 0
    outer loop
      vertex 16.8655 8.63437 0
      vertex 16.6986 7.96801 10
      vertex 16.6986 7.96801 0
    endloop
  endfacet
  facet normal -0.595706 -0.803203 0
    outer loop
      vertex 5.55925 4.58893 0
      vertex 6.11101 4.17971 10
      vertex 5.55925 4.58893 10
    endloop
  endfacet
  facet normal -0.595706 -0.803203 -0
    outer loop
      vertex 6.11101 4.17971 10
      vertex 5.55925 4.58893 0
      vertex 6.11101 4.17971 0
    endloop
  endfacet
  facet normal -0.427554 -0.90399 0
    outer loop
      vertex 6.70022 3.82655 0
      vertex 7.32122 3.53284 10
      vertex 6.70022 3.82655 10
    endloop
  endfacet
  facet normal -0.427554 -0.90399 -0
    outer loop
      vertex 7.32122 3.53284 10
      vertex 6.70022 3.82655 0
      vertex 7.32122 3.53284 0
    endloop
  endfacet
  facet normal -0.242988 -0.970029 0
    outer loop
      vertex 7.96801 3.30142 0
      vertex 8.63437 3.1345 10
      vertex 7.96801 3.30142 10
    endloop
  endfacet
  facet normal -0.242988 -0.970029 -0
    outer loop
      vertex 8.63437 3.1345 10
      vertex 7.96801 3.30142 0
      vertex 8.63437 3.1345 0
    endloop
  endfacet
  facet normal -0.0490722 -0.998795 0
    outer loop
      vertex 9.31388 3.03371 0
      vertex 10 3 10
      vertex 9.31388 3.03371 10
    endloop
  endfacet
  facet normal -0.0490722 -0.998795 -0
    outer loop
      vertex 10 3 10
      vertex 9.31388 3.03371 0
      vertex 10 3 0
    endloop
  endfacet
  facet normal -0.857728 -0.514104 0
    outer loop
      vertex 4.17971 6.11101 0
      vertex 3.82655 6.70022 10
      vertex 3.82655 6.70022 0
    endloop
  endfacet
  facet normal -0.857728 -0.514104 0
    outer loop
      vertex 3.82655 6.70022 10
      vertex 4.17971 6.11101 0
      vertex 4.17971 6.11101 10
    endloop
  endfacet
  facet normal -0.740959 -0.67155 0
    outer loop
      vertex 5.05025 5.05025 0
      vertex 4.58893 5.55925 10
      vertex 4.58893 5.55925 0
    endloop
  endfacet
  facet normal -0.740959 -0.67155 0
    outer loop
      vertex 4.58893 5.55925 10
      vertex 5.05025 5.05025 0
      vertex 5.05025 5.05025 10
    endloop
  endfacet
  facet normal -0.941546 -0.336883 0
    outer loop
      vertex 3.53284 7.32122 0
      vertex 3.30142 7.96801 10
      vertex 3.30142 7.96801 0
    endloop
  endfacet
  facet normal -0.941546 -0.336883 0
    outer loop
      vertex 3.30142 7.96801 10
      vertex 3.53284 7.32122 0
      vertex 3.53284 7.32122 10
    endloop
  endfacet
  facet normal -0.989178 -0.146722 0
    outer loop
      vertex 3.1345 8.63437 0
      vertex 3.03371 9.31388 10
      vertex 3.03371 9.31388 0
    endloop
  endfacet
  facet normal -0.989178 -0.146722 0
    outer loop
      vertex 3.03371 9.31388 10
      vertex 3.1345 8.63437 0
      vertex 3.1345 8.63437 10
    endloop
  endfacet
  facet normal 0 0 1
    outer loop
      vertex 11.7 10 10
      vertex 17 10 10
      vertex 16.9663 10.6861 10
    endloop
  endfacet
  facet normal 0 0 1
    outer loop
      vertex 11.6918 10.1666 10
      vertex 16.9663 10.6861 10
      vertex 16.8655 11.3656 10
    endloop
  endfacet
  facet normal 0 0 1
    outer loop
      vertex 17 10 10
      vertex 11.7 10 10
      vertex 16.9663 9.31388 10
    endloop
  endfacet
  facet normal 0 0 1
    outer loop
      vertex 11.6673 10.3317 10
      vertex 16.8655 11.3656 10
      vertex 16.6986 12.032 10
    endloop
  endfacet
  facet normal -0 0 1
    outer loop
      vertex 11.6918 9.83337 10
      vertex 16.9663 9.31388 10
      vertex 11.7 10 10
    endloop
  endfacet
  facet normal 0 0 1
    outer loop
      vertex 11.6268 10.4935 10
      vertex 16.6986 12.032 10
      vertex 16.4672 12.6788 10
    endloop
  endfacet
  facet normal 0 0 1
    outer loop
      vertex 16.9663 9.31388 10
      vertex 11.6918 9.83337 10
      vertex 16.8655 8.63437 10
    endloop
  endfacet
  facet normal 0 0 1
    outer loop
      vertex 11.5706 10.6506 10
      vertex 16.4672 12.6788 10
      vertex 16.1734 13.2998 10
    endloop
  endfacet
  facet normal -0 0 1
    outer loop
      vertex 11.6673 9.66835 10
      vertex 16.8655 8.63437 10
      vertex 11.6918 9.83337 10
    endloop
  endfacet
  facet normal 0 0 1
    outer loop
      vertex 11.4993 10.8014 10
      vertex 16.1734 13.2998 10
      vertex 15.8203 13.889 10
    endloop
  endfacet
  facet normal 0 0 1
    outer loop
      vertex 16.8655 8.63437 10
      vertex 11.6673 9.66835 10
      vertex 16.6986 7.96801 10
    endloop
  endfacet
  facet normal 0 0 1
    outer loop
      vertex 11.4135 10.9445 10
      vertex 15.8203 13.889 10
      vertex 15.4111 14.4408 10
    endloop
  endfacet
  facet normal -0 0 1
    outer loop
      vertex 11.6268 9.50652 10
      vertex 16.6986 7.96801 10
      vertex 11.6673 9.66835 10
    endloop
  endfacet
  facet normal 0 0 1
    outer loop
      vertex 11.3141 11.0785 10
      vertex 15.4111 14.4408 10
      vertex 14.9497 14.9497 10
    endloop
  endfacet
  facet normal 0 0 1
    outer loop
      vertex 16.6986 7.96801 10
      vertex 11.6268 9.50652 10
      vertex 16.4672 7.32122 10
    endloop
  endfacet
  facet normal 0 0 1
    outer loop
      vertex 11.2021 11.2021 10
      vertex 14.9497 14.9497 10
      vertex 14.4408 15.4111 10
    endloop
  endfacet
  facet normal -0 0 1
    outer loop
      vertex 11.5706 9.34944 10
      vertex 16.4672 7.32122 10
      vertex 11.6268 9.50652 10
    endloop
  endfacet
  facet normal 0 0 1
    outer loop
      vertex 11.0785 11.3141 10
      vertex 14.4408 15.4111 10
      vertex 13.889 15.8203 10
    endloop
  endfacet
  facet normal 0 0 1
    outer loop
      vertex 16.4672 7.32122 10
      vertex 11.5706 9.34944 10
      vertex 16.1734 6.70022 10
    endloop
  endfacet
  facet normal 0 0 1
    outer loop
      vertex 10.9445 11.4135 10
      vertex 13.889 15.8203 10
      vertex 13.2998 16.1734 10
    endloop
  endfacet
  facet normal -0 0 1
    outer loop
      vertex 11.4993 9.19863 10
      vertex 16.1734 6.70022 10
      vertex 11.5706 9.34944 10
    endloop
  endfacet
  facet normal 0 0 1
    outer loop
      vertex 10.8014 11.4993 10
      vertex 13.2998 16.1734 10
      vertex 12.6788 16.4672 10
    endloop
  endfacet
  facet normal 0 0 1
    outer loop
      vertex 16.1734 6.70022 10
      vertex 11.4993 9.19863 10
      vertex 15.8203 6.11101 10
    endloop
  endfacet
  facet normal 0 0 1
    outer loop
      vertex 10.6506 11.5706 10
      vertex 12.6788 16.4672 10
      vertex 12.032 16.6986 10
    endloop
  endfacet
  facet normal -0 0 1
    outer loop
      vertex 11.4135 9.05553 10
      vertex 15.8203 6.11101 10
      vertex 11.4993 9.19863 10
    endloop
  endfacet
  facet normal 0 0 1
    outer loop
      vertex 15.8203 6.11101 10
      vertex 11.4135 9.05553 10
      vertex 15.4111 5.55925 10
    endloop
  endfacet
  facet normal 0 0 1
    outer loop
      vertex 16.9663 10.6861 10
      vertex 11.6918 10.1666 10
      vertex 11.7 10 10
    endloop
  endfacet
  facet normal 0 0 1
    outer loop
      vertex 16.8655 11.3656 10
      vertex 11.6673 10.3317 10
      vertex 11.6918 10.1666 10
    endloop
  endfacet
  facet normal 0 0 1
    outer loop
      vertex 16.6986 12.032 10
      vertex 11.6268 10.4935 10
      vertex 11.6673 10.3317 10
    endloop
  endfacet
  facet normal 0 0 1
    outer loop
      vertex 16.4672 12.6788 10
      vertex 11.5706 10.6506 10
      vertex 11.6268 10.4935 10
    endloop
  endfacet
  facet normal 0 0 1
    outer loop
      vertex 16.1734 13.2998 10
      vertex 11.4993 10.8014 10
      vertex 11.5706 10.6506 10
    endloop
  endfacet
  facet normal 0 0 1
    outer loop
      vertex 15.8203 13.889 10
      vertex 11.4135 10.9445 10
      vertex 11.4993 10.8014 10
    endloop
  endfacet
  facet normal 0 0 1
    outer loop
      vertex 10.4935 11.6268 10
      vertex 12.032 16.6986 10
      vertex 11.3656 16.8655 10
    endloop
  endfacet
  facet normal 0 0 1
    outer loop
      vertex 15.4111 14.4408 10
      vertex 11.3141 11.0785 10
      vertex 11.4135 10.9445 10
    endloop
  endfacet
  facet normal 0 0 1
    outer loop
      vertex 14.9497 14.9497 10
      vertex 11.2021 11.2021 10
      vertex 11.3141 11.0785 10
    endloop
  endfacet
  facet normal 0 0 1
    outer loop
      vertex 14.4408 15.4111 10
      vertex 11.0785 11.3141 10
      vertex 11.2021 11.2021 10
    endloop
  endfacet
  facet normal 0 0 1
    outer loop
      vertex 13.889 15.8203 10
      vertex 10.9445 11.4135 10
      vertex 11.0785 11.3141 10
    endloop
  endfacet
  facet normal 0 0 1
    outer loop
      vertex 13.2998 16.1734 10
      vertex 10.8014 11.4993 10
      vertex 10.9445 11.4135 10
    endloop
  endfacet
  facet normal 0 0 1
    outer loop
      vertex 10.3317 11.6673 10
      vertex 11.3656 16.8655 10
      vertex 10.6861 16.9663 10
    endloop
  endfacet
  facet normal 0 0 1
    outer loop
      vertex 12.6788 16.4672 10
      vertex 10.6506 11.5706 10
      vertex 10.8014 11.4993 10
    endloop
  endfacet
  facet normal 0 0 1
    outer loop
      vertex 12.032 16.6986 10
      vertex 10.4935 11.6268 10
      vertex 10.6506 11.5706 10
    endloop
  endfacet
  facet normal 0 0 1
    outer loop
      vertex 11.3656 16.8655 10
      vertex 10.3317 11.6673 10
      vertex 10.4935 11.6268 10
    endloop
  endfacet
  facet normal 0 0 1
    outer loop
      vertex 10.6861 16.9663 10
      vertex 10.1666 11.6918 10
      vertex 10.3317 11.6673 10
    endloop
  endfacet
  facet normal 0 0 1
    outer loop
      vertex 10 17 10
      vertex 10.1666 11.6918 10
      vertex 10.6861 16.9663 10
    endloop
  endfacet
  facet normal 0 0 1
    outer loop
      vertex 10 17 10
      vertex 10 11.7 10
      vertex 10.1666 11.6918 10
    endloop
  endfacet
  facet normal 0 0 1
    outer loop
      vertex 10 17 10
      vertex 9.83337 11.6918 10
      vertex 10 11.7 10
    endloop
  endfacet
  facet normal -0 0 1
    outer loop
      vertex 9.31388 16.9663 10
      vertex 9.83337 11.6918 10
      vertex 10 17 10
    endloop
  endfacet
  facet normal 0 0 1
    outer loop
      vertex 9.83337 11.6918 10
      vertex 9.31388 16.9663 10
      vertex 9.66835 11.6673 10
    endloop
  endfacet
  facet normal -0 0 1
    outer loop
      vertex 8.63437 16.8655 10
      vertex 9.66835 11.6673 10
      vertex 9.31388 16.9663 10
    endloop
  endfacet
  facet normal 0 0 1
    outer loop
      vertex 9.66835 11.6673 10
      vertex 8.63437 16.8655 10
      vertex 9.50652 11.6268 10
    endloop
  endfacet
  facet normal -0 0 1
    outer loop
      vertex 7.96801 16.6986 10
      vertex 9.50652 11.6268 10
      vertex 8.63437 16.8655 10
    endloop
  endfacet
  facet normal 0 0 1
    outer loop
      vertex 9.50652 11.6268 10
      vertex 7.96801 16.6986 10
      vertex 9.34944 11.5706 10
    endloop
  endfacet
  facet normal -0 0 1
    outer loop
      vertex 7.32122 16.4672 10
      vertex 9.34944 11.5706 10
      vertex 7.96801 16.6986 10
    endloop
  endfacet
  facet normal 0 0 1
    outer loop
      vertex 9.34944 11.5706 10
      vertex 7.32122 16.4672 10
      vertex 9.19863 11.4993 10
    endloop
  endfacet
  facet normal -0 0 1
    outer loop
      vertex 6.70022 16.1734 10
      vertex 9.19863 11.4993 10
      vertex 7.32122 16.4672 10
    endloop
  endfacet
  facet normal 0 0 1
    outer loop
      vertex 9.19863 11.4993 10
      vertex 6.70022 16.1734 10
      vertex 9.05553 11.4135 10
    endloop
  endfacet
  facet normal -0 0 1
    outer loop
      vertex 6.11101 15.8203 10
      vertex 9.05553 11.4135 10
      vertex 6.70022 16.1734 10
    endloop
  endfacet
  facet normal 0 0 1
    outer loop
      vertex 9.05553 11.4135 10
      vertex 6.11101 15.8203 10
      vertex 8.92153 11.3141 10
    endloop
  endfacet
  facet normal -0 0 1
    outer loop
      vertex 5.55925 15.4111 10
      vertex 8.92153 11.3141 10
      vertex 6.11101 15.8203 10
    endloop
  endfacet
  facet normal 0 0 1
    outer loop
      vertex 8.92153 11.3141 10
      vertex 5.55925 15.4111 10
      vertex 8.79792 11.2021 10
    endloop
  endfacet
  facet normal -0 0 1
    outer loop
      vertex 5.05025 14.9497 10
      vertex 8.79792 11.2021 10
      vertex 5.55925 15.4111 10
    endloop
  endfacet
  facet normal 0 0 1
    outer loop
      vertex 8.79792 11.2021 10
      vertex 5.05025 14.9497 10
      vertex 8.68588 11.0785 10
    endloop
  endfacet
  facet normal -0 0 1
    outer loop
      vertex 4.58893 14.4408 10
      vertex 8.68588 11.0785 10
      vertex 5.05025 14.9497 10
    endloop
  endfacet
  facet normal 0 0 1
    outer loop
      vertex 8.68588 11.0785 10
      vertex 4.58893 14.4408 10
      vertex 8.5865 10.9445 10
    endloop
  endfacet
  facet normal -0 0 1
    outer loop
      vertex 11.3141 8.92153 10
      vertex 15.4111 5.55925 10
      vertex 11.4135 9.05553 10
    endloop
  endfacet
  facet normal 0 0 1
    outer loop
      vertex 15.4111 5.55925 10
      vertex 11.3141 8.92153 10
      vertex 14.9497 5.05025 10
    endloop
  endfacet
  facet normal -0 0 1
    outer loop
      vertex 11.2021 8.79792 10
      vertex 14.9497 5.05025 10
      vertex 11.3141 8.92153 10
    endloop
  endfacet
  facet normal 0 0 1
    outer loop
      vertex 14.9497 5.05025 10
      vertex 11.2021 8.79792 10
      vertex 14.4408 4.58893 10
    endloop
  endfacet
  facet normal -0 0 1
    outer loop
      vertex 11.0785 8.68588 10
      vertex 14.4408 4.58893 10
      vertex 11.2021 8.79792 10
    endloop
  endfacet
  facet normal 0 0 1
    outer loop
      vertex 14.4408 4.58893 10
      vertex 11.0785 8.68588 10
      vertex 13.889 4.17971 10
    endloop
  endfacet
  facet normal -0 0 1
    outer loop
      vertex 10.9445 8.5865 10
      vertex 13.889 4.17971 10
      vertex 11.0785 8.68588 10
    endloop
  endfacet
  facet normal 0 0 1
    outer loop
      vertex 13.889 4.17971 10
      vertex 10.9445 8.5865 10
      vertex 13.2998 3.82655 10
    endloop
  endfacet
  facet normal -0 0 1
    outer loop
      vertex 10.8014 8.50073 10
      vertex 13.2998 3.82655 10
      vertex 10.9445 8.5865 10
    endloop
  endfacet
  facet normal 0 0 1
    outer loop
      vertex 13.2998 3.82655 10
      vertex 10.8014 8.50073 10
      vertex 12.6788 3.53284 10
    endloop
  endfacet
  facet normal -0 0 1
    outer loop
      vertex 10.6506 8.42941 10
      vertex 12.6788 3.53284 10
      vertex 10.8014 8.50073 10
    endloop
  endfacet
  facet normal 0 0 1
    outer loop
      vertex 12.6788 3.53284 10
      vertex 10.6506 8.42941 10
      vertex 12.032 3.30142 10
    endloop
  endfacet
  facet normal -0 0 1
    outer loop
      vertex 10.4935 8.3732 10
      vertex 12.032 3.30142 10
      vertex 10.6506 8.42941 10
    endloop
  endfacet
  facet normal 0 0 1
    outer loop
      vertex 12.032 3.30142 10
      vertex 10.4935 8.3732 10
      vertex 11.3656 3.1345 10
    endloop
  endfacet
  facet normal -0 0 1
    outer loop
      vertex 10.3317 8.33267 10
      vertex 11.3656 3.1345 10
      vertex 10.4935 8.3732 10
    endloop
  endfacet
  facet normal 0 0 1
    outer loop
      vertex 11.3656 3.1345 10
      vertex 10.3317 8.33267 10
      vertex 10.6861 3.03371 10
    endloop
  endfacet
  facet normal -0 0 1
    outer loop
      vertex 10.1666 8.30819 10
      vertex 10.6861 3.03371 10
      vertex 10.3317 8.33267 10
    endloop
  endfacet
  facet normal -0 0 1
    outer loop
      vertex 10 8.3 10
      vertex 10.6861 3.03371 10
      vertex 10.1666 8.30819 10
    endloop
  endfacet
  facet normal 0 0 1
    outer loop
      vertex 10 8.3 10
      vertex 10 3 10
      vertex 10.6861 3.03371 10
    endloop
  endfacet
  facet normal 0 0 1
    outer loop
      vertex 9.83337 8.30819 10
      vertex 10 3 10
      vertex 10 8.3 10
    endloop
  endfacet
  facet normal 0 0 1
    outer loop
      vertex 9.31388 3.03371 10
      vertex 9.83337 8.30819 10
      vertex 9.66835 8.33267 10
    endloop
  endfacet
  facet normal 0 0 1
    outer loop
      vertex 8.63437 3.1345 10
      vertex 9.66835 8.33267 10
      vertex 9.50652 8.3732 10
    endloop
  endfacet
  facet normal 0 0 1
    outer loop
      vertex 7.96801 3.30142 10
      vertex 9.50652 8.3732 10
      vertex 9.34944 8.42941 10
    endloop
  endfacet
  facet normal 0 0 1
    outer loop
      vertex 9.83337 8.30819 10
      vertex 9.31388 3.03371 10
      vertex 10 3 10
    endloop
  endfacet
  facet normal 0 0 1
    outer loop
      vertex 7.32122 3.53284 10
      vertex 9.34944 8.42941 10
      vertex 9.19863 8.50073 10
    endloop
  endfacet
  facet normal 0 0 1
    outer loop
      vertex 6.70022 3.82655 10
      vertex 9.19863 8.50073 10
      vertex 9.05553 8.5865 10
    endloop
  endfacet
  facet normal 0 0 1
    outer loop
      vertex 6.11101 4.17971 10
      vertex 9.05553 8.5865 10
      vertex 8.92153 8.68588 10
    endloop
  endfacet
  facet normal 0 0 1
    outer loop
      vertex 5.55925 4.58893 10
      vertex 8.92153 8.68588 10
      vertex 8.79792 8.79792 10
    endloop
  endfacet
  facet normal 0 0 1
    outer loop
      vertex 5.05025 5.05025 10
      vertex 8.79792 8.79792 10
      vertex 8.68588 8.92153 10
    endloop
  endfacet
  facet normal 0 0 1
    outer loop
      vertex 9.66835 8.33267 10
      vertex 8.63437 3.1345 10
      vertex 9.31388 3.03371 10
    endloop
  endfacet
  facet normal 0 0 1
    outer loop
      vertex 4.58893 5.55925 10
      vertex 8.68588 8.92153 10
      vertex 8.5865 9.05553 10
    endloop
  endfacet
  facet normal 0 0 1
    outer loop
      vertex 4.17971 6.11101 10
      vertex 8.5865 9.05553 10
      vertex 8.50073 9.19863 10
    endloop
  endfacet
  facet normal 0 0 1
    outer loop
      vertex 3.82655 6.70022 10
      vertex 8.50073 9.19863 10
      vertex 8.42941 9.34944 10
    endloop
  endfacet
  facet normal 0 0 1
    outer loop
      vertex 3.53284 7.32122 10
      vertex 8.42941 9.34944 10
      vertex 8.3732 9.50652 10
    endloop
  endfacet
  facet normal 0 0 1
    outer loop
      vertex 3.30142 7.96801 10
      vertex 8.3732 9.50652 10
      vertex 8.33267 9.66835 10
    endloop
  endfacet
  facet normal 0 0 1
    outer loop
      vertex 3.1345 8.63437 10
      vertex 8.33267 9.66835 10
      vertex 8.30819 9.83337 10
    endloop
  endfacet
  facet normal 0 0 1
    outer loop
      vertex 3.03371 9.31388 10
      vertex 8.30819 9.83337 10
      vertex 8.3 10 10
    endloop
  endfacet
  facet normal -0 0 1
    outer loop
      vertex 4.17971 13.889 10
      vertex 8.5865 10.9445 10
      vertex 4.58893 14.4408 10
    endloop
  endfacet
  facet normal 0 0 1
    outer loop
      vertex 9.50652 8.3732 10
      vertex 7.96801 3.30142 10
      vertex 8.63437 3.1345 10
    endloop
  endfacet
  facet normal 0 0 1
    outer loop
      vertex 8.5865 10.9445 10
      vertex 4.17971 13.889 10
      vertex 8.50073 10.8014 10
    endloop
  endfacet
  facet normal 0 0 1
    outer loop
      vertex 9.34944 8.42941 10
      vertex 7.32122 3.53284 10
      vertex 7.96801 3.30142 10
    endloop
  endfacet
  facet normal -0 0 1
    outer loop
      vertex 3.82655 13.2998 10
      vertex 8.50073 10.8014 10
      vertex 4.17971 13.889 10
    endloop
  endfacet
  facet normal 0 0 1
    outer loop
      vertex 9.19863 8.50073 10
      vertex 6.70022 3.82655 10
      vertex 7.32122 3.53284 10
    endloop
  endfacet
  facet normal 0 0 1
    outer loop
      vertex 8.50073 10.8014 10
      vertex 3.82655 13.2998 10
      vertex 8.42941 10.6506 10
    endloop
  endfacet
  facet normal 0 0 1
    outer loop
      vertex 9.05553 8.5865 10
      vertex 6.11101 4.17971 10
      vertex 6.70022 3.82655 10
    endloop
  endfacet
  facet normal -0 0 1
    outer loop
      vertex 3.53284 12.6788 10
      vertex 8.42941 10.6506 10
      vertex 3.82655 13.2998 10
    endloop
  endfacet
  facet normal 0 0 1
    outer loop
      vertex 8.92153 8.68588 10
      vertex 5.55925 4.58893 10
      vertex 6.11101 4.17971 10
    endloop
  endfacet
  facet normal 0 0 1
    outer loop
      vertex 8.42941 10.6506 10
      vertex 3.53284 12.6788 10
      vertex 8.3732 10.4935 10
    endloop
  endfacet
  facet normal 0 0 1
    outer loop
      vertex 8.79792 8.79792 10
      vertex 5.05025 5.05025 10
      vertex 5.55925 4.58893 10
    endloop
  endfacet
  facet normal -0 0 1
    outer loop
      vertex 3.30142 12.032 10
      vertex 8.3732 10.4935 10
      vertex 3.53284 12.6788 10
    endloop
  endfacet
  facet normal 0 0 1
    outer loop
      vertex 8.68588 8.92153 10
      vertex 4.58893 5.55925 10
      vertex 5.05025 5.05025 10
    endloop
  endfacet
  facet normal 0 0 1
    outer loop
      vertex 8.3732 10.4935 10
      vertex 3.30142 12.032 10
      vertex 8.33267 10.3317 10
    endloop
  endfacet
  facet normal 0 0 1
    outer loop
      vertex 8.5865 9.05553 10
      vertex 4.17971 6.11101 10
      vertex 4.58893 5.55925 10
    endloop
  endfacet
  facet normal -0 0 1
    outer loop
      vertex 3.1345 11.3656 10
      vertex 8.33267 10.3317 10
      vertex 3.30142 12.032 10
    endloop
  endfacet
  facet normal 0 0 1
    outer loop
      vertex 8.50073 9.19863 10
      vertex 3.82655 6.70022 10
      vertex 4.17971 6.11101 10
    endloop
  endfacet
  facet normal 0 0 1
    outer loop
      vertex 8.33267 10.3317 10
      vertex 3.1345 11.3656 10
      vertex 8.30819 10.1666 10
    endloop
  endfacet
  facet normal 0 0 1
    outer loop
      vertex 8.42941 9.34944 10
      vertex 3.53284 7.32122 10
      vertex 3.82655 6.70022 10
    endloop
  endfacet
  facet normal -0 0 1
    outer loop
      vertex 3.03371 10.6861 10
      vertex 8.30819 10.1666 10
      vertex 3.1345 11.3656 10
    endloop
  endfacet
  facet normal 0 0 1
    outer loop
      vertex 8.3732 9.50652 10
      vertex 3.30142 7.96801 10
      vertex 3.53284 7.32122 10
    endloop
  endfacet
  facet normal 0 0 1
    outer loop
      vertex 8.30819 10.1666 10
      vertex 3.03371 10.6861 10
      vertex 8.3 10 10
    endloop
  endfacet
  facet normal 0 0 1
    outer loop
      vertex 8.33267 9.66835 10
      vertex 3.1345 8.63437 10
      vertex 3.30142 7.96801 10
    endloop
  endfacet
  facet normal 0 0 1
    outer loop
      vertex 3 10 10
      vertex 8.3 10 10
      vertex 3.03371 10.6861 10
    endloop
  endfacet
  facet normal 0 0 1
    outer loop
      vertex 8.30819 9.83337 10
      vertex 3.03371 9.31388 10
      vertex 3.1345 8.63437 10
    endloop
  endfacet
  facet normal 0 0 1
    outer loop
      vertex 8.3 10 10
      vertex 3 10 10
      vertex 3.03371 9.31388 10
    endloop
  endfacet
  facet normal 0.336879 -0.941548 0
    outer loop
      vertex 12.032 3.30142 0
      vertex 12.6788 3.53284 10
      vertex 12.032 3.30142 10
    endloop
  endfacet
  facet normal 0.336879 -0.941548 0
    outer loop
      vertex 12.6788 3.53284 10
      vertex 12.032 3.30142 0
      vertex 12.6788 3.53284 0
    endloop
  endfacet
  facet normal -0.998791 -0.0491602 0
    outer loop
      vertex 11.7 10 0
      vertex 11.6918 10.1666 10
      vertex 11.6918 10.1666 0
    endloop
  endfacet
  facet normal -0.998791 -0.0491602 0
    outer loop
      vertex 11.6918 10.1666 10
      vertex 11.7 10 0
      vertex 11.7 10 10
    endloop
  endfacet
  facet normal 0.998794 -0.0491004 0
    outer loop
      vertex 8.3 10 10
      vertex 8.30819 10.1666 0
      vertex 8.30819 10.1666 10
    endloop
  endfacet
  facet normal 0.998794 -0.0491004 0
    outer loop
      vertex 8.30819 10.1666 0
      vertex 8.3 10 10
      vertex 8.3 10 0
    endloop
  endfacet
  facet normal -0.0491602 -0.998791 0
    outer loop
      vertex 10 11.7 0
      vertex 10.1666 11.6918 10
      vertex 10 11.7 10
    endloop
  endfacet
  facet normal -0.0491602 -0.998791 -0
    outer loop
      vertex 10.1666 11.6918 10
      vertex 10 11.7 0
      vertex 10.1666 11.6918 0
    endloop
  endfacet
  facet normal 0.740932 0.67158 0
    outer loop
      vertex 8.79792 8.79792 10
      vertex 8.68588 8.92153 0
      vertex 8.68588 8.92153 10
    endloop
  endfacet
  facet normal 0.740932 0.67158 0
    outer loop
      vertex 8.68588 8.92153 0
      vertex 8.79792 8.79792 10
      vertex 8.79792 8.79792 0
    endloop
  endfacet
  facet normal -0.671478 -0.741024 0
    outer loop
      vertex 11.0785 11.3141 0
      vertex 11.2021 11.2021 10
      vertex 11.0785 11.3141 10
    endloop
  endfacet
  facet normal -0.671478 -0.741024 -0
    outer loop
      vertex 11.2021 11.2021 10
      vertex 11.0785 11.3141 0
      vertex 11.2021 11.2021 0
    endloop
  endfacet
  facet normal 0.671448 -0.741051 0
    outer loop
      vertex 8.79792 11.2021 0
      vertex 8.92153 11.3141 10
      vertex 8.79792 11.2021 10
    endloop
  endfacet
  facet normal 0.671448 -0.741051 0
    outer loop
      vertex 8.92153 11.3141 10
      vertex 8.79792 11.2021 0
      vertex 8.92153 11.3141 0
    endloop
  endfacet
  facet normal 0.336868 -0.941552 0
    outer loop
      vertex 9.34944 11.5706 0
      vertex 9.50652 11.6268 10
      vertex 9.34944 11.5706 10
    endloop
  endfacet
  facet normal 0.336868 -0.941552 0
    outer loop
      vertex 9.50652 11.6268 10
      vertex 9.34944 11.5706 0
      vertex 9.50652 11.6268 0
    endloop
  endfacet
  facet normal -0.904043 -0.427442 0
    outer loop
      vertex 11.5706 10.6506 0
      vertex 11.4993 10.8014 10
      vertex 11.4993 10.8014 0
    endloop
  endfacet
  facet normal -0.904043 -0.427442 0
    outer loop
      vertex 11.4993 10.8014 10
      vertex 11.5706 10.6506 0
      vertex 11.5706 10.6506 10
    endloop
  endfacet
  facet normal -0.427442 -0.904043 0
    outer loop
      vertex 10.6506 11.5706 0
      vertex 10.8014 11.4993 10
      vertex 10.6506 11.5706 10
    endloop
  endfacet
  facet normal -0.427442 -0.904043 -0
    outer loop
      vertex 10.8014 11.4993 10
      vertex 10.6506 11.5706 0
      vertex 10.8014 11.4993 0
    endloop
  endfacet
  facet normal -0.514231 -0.857652 0
    outer loop
      vertex 10.8014 11.4993 0
      vertex 10.9445 11.4135 10
      vertex 10.8014 11.4993 10
    endloop
  endfacet
  facet normal -0.514231 -0.857652 -0
    outer loop
      vertex 10.9445 11.4135 10
      vertex 10.8014 11.4993 0
      vertex 10.9445 11.4135 0
    endloop
  endfacet
  facet normal 0.903996 -0.42754 0
    outer loop
      vertex 8.42941 10.6506 10
      vertex 8.50073 10.8014 0
      vertex 8.50073 10.8014 10
    endloop
  endfacet
  facet normal 0.903996 -0.42754 0
    outer loop
      vertex 8.50073 10.8014 0
      vertex 8.42941 10.6506 10
      vertex 8.42941 10.6506 0
    endloop
  endfacet
  facet normal 0.146857 -0.989158 0
    outer loop
      vertex 9.66835 11.6673 0
      vertex 9.83337 11.6918 10
      vertex 9.66835 11.6673 10
    endloop
  endfacet
  facet normal 0.146857 -0.989158 0
    outer loop
      vertex 9.83337 11.6918 10
      vertex 9.66835 11.6673 0
      vertex 9.83337 11.6918 0
    endloop
  endfacet
  facet normal -0.970083 0.242775 0
    outer loop
      vertex 11.6268 9.50652 0
      vertex 11.6673 9.66835 10
      vertex 11.6673 9.66835 0
    endloop
  endfacet
  facet normal -0.970083 0.242775 0
    outer loop
      vertex 11.6673 9.66835 10
      vertex 11.6268 9.50652 0
      vertex 11.6268 9.50652 10
    endloop
  endfacet
  facet normal -0.970072 -0.242818 0
    outer loop
      vertex 11.6673 10.3317 0
      vertex 11.6268 10.4935 10
      vertex 11.6268 10.4935 0
    endloop
  endfacet
  facet normal -0.970072 -0.242818 0
    outer loop
      vertex 11.6268 10.4935 10
      vertex 11.6673 10.3317 0
      vertex 11.6673 10.3317 10
    endloop
  endfacet
  facet normal -0.989168 -0.146788 0
    outer loop
      vertex 11.6918 10.1666 0
      vertex 11.6673 10.3317 10
      vertex 11.6673 10.3317 0
    endloop
  endfacet
  facet normal -0.989168 -0.146788 0
    outer loop
      vertex 11.6673 10.3317 10
      vertex 11.6918 10.1666 0
      vertex 11.6918 10.1666 10
    endloop
  endfacet
  facet normal -0.941566 -0.33683 0
    outer loop
      vertex 11.6268 10.4935 0
      vertex 11.5706 10.6506 10
      vertex 11.5706 10.6506 0
    endloop
  endfacet
  facet normal -0.941566 -0.33683 0
    outer loop
      vertex 11.5706 10.6506 10
      vertex 11.6268 10.4935 0
      vertex 11.6268 10.4935 10
    endloop
  endfacet
  facet normal -0.803154 -0.595772 0
    outer loop
      vertex 11.4135 10.9445 0
      vertex 11.3141 11.0785 10
      vertex 11.3141 11.0785 0
    endloop
  endfacet
  facet normal -0.803154 -0.595772 0
    outer loop
      vertex 11.3141 11.0785 10
      vertex 11.4135 10.9445 0
      vertex 11.4135 10.9445 10
    endloop
  endfacet
  facet normal -0.741024 -0.671478 0
    outer loop
      vertex 11.3141 11.0785 0
      vertex 11.2021 11.2021 10
      vertex 11.2021 11.2021 0
    endloop
  endfacet
  facet normal -0.741024 -0.671478 0
    outer loop
      vertex 11.2021 11.2021 10
      vertex 11.3141 11.0785 0
      vertex 11.3141 11.0785 10
    endloop
  endfacet
  facet normal -0.857652 -0.514231 0
    outer loop
      vertex 11.4993 10.8014 0
      vertex 11.4135 10.9445 10
      vertex 11.4135 10.9445 0
    endloop
  endfacet
  facet normal -0.857652 -0.514231 0
    outer loop
      vertex 11.4135 10.9445 10
      vertex 11.4993 10.8014 0
      vertex 11.4993 10.8014 10
    endloop
  endfacet
  facet normal -0.242818 -0.970072 0
    outer loop
      vertex 10.3317 11.6673 0
      vertex 10.4935 11.6268 10
      vertex 10.3317 11.6673 10
    endloop
  endfacet
  facet normal -0.242818 -0.970072 -0
    outer loop
      vertex 10.4935 11.6268 10
      vertex 10.3317 11.6673 0
      vertex 10.4935 11.6268 0
    endloop
  endfacet
  facet normal -0.33683 -0.941566 0
    outer loop
      vertex 10.4935 11.6268 0
      vertex 10.6506 11.5706 10
      vertex 10.4935 11.6268 10
    endloop
  endfacet
  facet normal -0.33683 -0.941566 -0
    outer loop
      vertex 10.6506 11.5706 10
      vertex 10.4935 11.6268 0
      vertex 10.6506 11.5706 0
    endloop
  endfacet
  facet normal -0.146788 -0.989168 0
    outer loop
      vertex 10.1666 11.6918 0
      vertex 10.3317 11.6673 10
      vertex 10.1666 11.6918 10
    endloop
  endfacet
  facet normal -0.146788 -0.989168 -0
    outer loop
      vertex 10.3317 11.6673 10
      vertex 10.1666 11.6918 0
      vertex 10.3317 11.6673 0
    endloop
  endfacet
  facet normal -0.595772 -0.803154 0
    outer loop
      vertex 10.9445 11.4135 0
      vertex 11.0785 11.3141 10
      vertex 10.9445 11.4135 10
    endloop
  endfacet
  facet normal -0.595772 -0.803154 -0
    outer loop
      vertex 11.0785 11.3141 10
      vertex 10.9445 11.4135 0
      vertex 11.0785 11.3141 0
    endloop
  endfacet
  facet normal 0.97003 -0.242987 0
    outer loop
      vertex 8.33267 10.3317 10
      vertex 8.3732 10.4935 0
      vertex 8.3732 10.4935 10
    endloop
  endfacet
  facet normal 0.97003 -0.242987 0
    outer loop
      vertex 8.3732 10.4935 0
      vertex 8.33267 10.3317 10
      vertex 8.33267 10.3317 0
    endloop
  endfacet
  facet normal 0.803211 -0.595695 0
    outer loop
      vertex 8.5865 10.9445 10
      vertex 8.68588 11.0785 0
      vertex 8.68588 11.0785 10
    endloop
  endfacet
  facet normal 0.803211 -0.595695 0
    outer loop
      vertex 8.68588 11.0785 0
      vertex 8.5865 10.9445 10
      vertex 8.5865 10.9445 0
    endloop
  endfacet
  facet normal 0.740905 -0.67161 0
    outer loop
      vertex 8.68588 11.0785 10
      vertex 8.79792 11.2021 0
      vertex 8.79792 11.2021 10
    endloop
  endfacet
  facet normal 0.740905 -0.67161 0
    outer loop
      vertex 8.79792 11.2021 0
      vertex 8.68588 11.0785 10
      vertex 8.68588 11.0785 0
    endloop
  endfacet
  facet normal 0.857731 -0.514099 0
    outer loop
      vertex 8.50073 10.8014 10
      vertex 8.5865 10.9445 0
      vertex 8.5865 10.9445 10
    endloop
  endfacet
  facet normal 0.857731 -0.514099 0
    outer loop
      vertex 8.5865 10.9445 0
      vertex 8.50073 10.8014 10
      vertex 8.50073 10.8014 0
    endloop
  endfacet
  facet normal 0.941546 -0.336883 0
    outer loop
      vertex 8.3732 10.4935 10
      vertex 8.42941 10.6506 0
      vertex 8.42941 10.6506 10
    endloop
  endfacet
  facet normal 0.941546 -0.336883 0
    outer loop
      vertex 8.42941 10.6506 0
      vertex 8.3732 10.4935 10
      vertex 8.3732 10.4935 0
    endloop
  endfacet
  facet normal 0.989185 -0.14667 0
    outer loop
      vertex 8.30819 10.1666 10
      vertex 8.33267 10.3317 0
      vertex 8.33267 10.3317 10
    endloop
  endfacet
  facet normal 0.989185 -0.14667 0
    outer loop
      vertex 8.33267 10.3317 0
      vertex 8.30819 10.1666 10
      vertex 8.30819 10.1666 0
    endloop
  endfacet
  facet normal 0.514231 -0.857652 0
    outer loop
      vertex 9.05553 11.4135 0
      vertex 9.19863 11.4993 10
      vertex 9.05553 11.4135 10
    endloop
  endfacet
  facet normal 0.514231 -0.857652 0
    outer loop
      vertex 9.19863 11.4993 10
      vertex 9.05553 11.4135 0
      vertex 9.19863 11.4993 0
    endloop
  endfacet
  facet normal 0.427419 -0.904054 0
    outer loop
      vertex 9.19863 11.4993 0
      vertex 9.34944 11.5706 10
      vertex 9.19863 11.4993 10
    endloop
  endfacet
  facet normal 0.427419 -0.904054 0
    outer loop
      vertex 9.34944 11.5706 10
      vertex 9.19863 11.4993 0
      vertex 9.34944 11.5706 0
    endloop
  endfacet
  facet normal 0.595772 -0.803154 0
    outer loop
      vertex 8.92153 11.3141 0
      vertex 9.05553 11.4135 10
      vertex 8.92153 11.3141 10
    endloop
  endfacet
  facet normal 0.595772 -0.803154 0
    outer loop
      vertex 9.05553 11.4135 10
      vertex 8.92153 11.3141 0
      vertex 9.05553 11.4135 0
    endloop
  endfacet
  facet normal 0.242775 -0.970083 0
    outer loop
      vertex 9.50652 11.6268 0
      vertex 9.66835 11.6673 10
      vertex 9.50652 11.6268 10
    endloop
  endfacet
  facet normal 0.242775 -0.970083 0
    outer loop
      vertex 9.66835 11.6673 10
      vertex 9.50652 11.6268 0
      vertex 9.66835 11.6673 0
    endloop
  endfacet
  facet normal 0.0491513 -0.998791 0
    outer loop
      vertex 9.83337 11.6918 0
      vertex 10 11.7 10
      vertex 9.83337 11.6918 10
    endloop
  endfacet
  facet normal 0.0491513 -0.998791 0
    outer loop
      vertex 10 11.7 10
      vertex 9.83337 11.6918 0
      vertex 10 11.7 0
    endloop
  endfacet
  facet normal -0.0491004 0.998794 0
    outer loop
      vertex 10.1666 8.30819 0
      vertex 10 8.3 10
      vertex 10.1666 8.30819 10
    endloop
  endfacet
  facet normal -0.0491004 0.998794 0
    outer loop
      vertex 10 8.3 10
      vertex 10.1666 8.30819 0
      vertex 10 8.3 0
    endloop
  endfacet
  facet normal -0.67161 0.740905 0
    outer loop
      vertex 11.2021 8.79792 0
      vertex 11.0785 8.68588 10
      vertex 11.2021 8.79792 10
    endloop
  endfacet
  facet normal -0.67161 0.740905 0
    outer loop
      vertex 11.0785 8.68588 10
      vertex 11.2021 8.79792 0
      vertex 11.0785 8.68588 0
    endloop
  endfacet
  facet normal -0.514099 0.857731 0
    outer loop
      vertex 10.9445 8.5865 0
      vertex 10.8014 8.50073 10
      vertex 10.9445 8.5865 10
    endloop
  endfacet
  facet normal -0.514099 0.857731 0
    outer loop
      vertex 10.8014 8.50073 10
      vertex 10.9445 8.5865 0
      vertex 10.8014 8.50073 0
    endloop
  endfacet
  facet normal -0.803154 0.595772 0
    outer loop
      vertex 11.3141 8.92153 0
      vertex 11.4135 9.05553 10
      vertex 11.4135 9.05553 0
    endloop
  endfacet
  facet normal -0.803154 0.595772 0
    outer loop
      vertex 11.4135 9.05553 10
      vertex 11.3141 8.92153 0
      vertex 11.3141 8.92153 10
    endloop
  endfacet
  facet normal -0.904054 0.427419 0
    outer loop
      vertex 11.4993 9.19863 0
      vertex 11.5706 9.34944 10
      vertex 11.5706 9.34944 0
    endloop
  endfacet
  facet normal -0.904054 0.427419 0
    outer loop
      vertex 11.5706 9.34944 10
      vertex 11.4993 9.19863 0
      vertex 11.4993 9.19863 10
    endloop
  endfacet
  facet normal 0.67158 0.740932 -0
    outer loop
      vertex 8.92153 8.68588 0
      vertex 8.79792 8.79792 10
      vertex 8.92153 8.68588 10
    endloop
  endfacet
  facet normal 0.67158 0.740932 0
    outer loop
      vertex 8.79792 8.79792 10
      vertex 8.92153 8.68588 0
      vertex 8.79792 8.79792 0
    endloop
  endfacet
  facet normal 0.514099 0.857731 -0
    outer loop
      vertex 9.19863 8.50073 0
      vertex 9.05553 8.5865 10
      vertex 9.19863 8.50073 10
    endloop
  endfacet
  facet normal 0.514099 0.857731 0
    outer loop
      vertex 9.05553 8.5865 10
      vertex 9.19863 8.50073 0
      vertex 9.05553 8.5865 0
    endloop
  endfacet
  facet normal 0.336921 0.941533 -0
    outer loop
      vertex 9.50652 8.3732 0
      vertex 9.34944 8.42941 10
      vertex 9.50652 8.3732 10
    endloop
  endfacet
  facet normal 0.336921 0.941533 0
    outer loop
      vertex 9.34944 8.42941 10
      vertex 9.50652 8.3732 0
      vertex 9.34944 8.42941 0
    endloop
  endfacet
  facet normal 0.14674 0.989175 -0
    outer loop
      vertex 9.83337 8.30819 0
      vertex 9.66835 8.33267 10
      vertex 9.83337 8.30819 10
    endloop
  endfacet
  facet normal 0.14674 0.989175 0
    outer loop
      vertex 9.66835 8.33267 10
      vertex 9.83337 8.30819 0
      vertex 9.66835 8.33267 0
    endloop
  endfacet
  facet normal 0.857731 0.514099 0
    outer loop
      vertex 8.5865 9.05553 10
      vertex 8.50073 9.19863 0
      vertex 8.50073 9.19863 10
    endloop
  endfacet
  facet normal 0.857731 0.514099 0
    outer loop
      vertex 8.50073 9.19863 0
      vertex 8.5865 9.05553 10
      vertex 8.5865 9.05553 0
    endloop
  endfacet
  facet normal 0.904007 0.427517 0
    outer loop
      vertex 8.50073 9.19863 10
      vertex 8.42941 9.34944 0
      vertex 8.42941 9.34944 10
    endloop
  endfacet
  facet normal 0.904007 0.427517 0
    outer loop
      vertex 8.42941 9.34944 0
      vertex 8.50073 9.19863 10
      vertex 8.50073 9.19863 0
    endloop
  endfacet
  facet normal 0.803211 0.595695 0
    outer loop
      vertex 8.68588 8.92153 10
      vertex 8.5865 9.05553 0
      vertex 8.5865 9.05553 10
    endloop
  endfacet
  facet normal 0.803211 0.595695 0
    outer loop
      vertex 8.5865 9.05553 0
      vertex 8.68588 8.92153 10
      vertex 8.68588 8.92153 0
    endloop
  endfacet
  facet normal 0.97004 0.242945 0
    outer loop
      vertex 8.3732 9.50652 10
      vertex 8.33267 9.66835 0
      vertex 8.33267 9.66835 10
    endloop
  endfacet
  facet normal 0.97004 0.242945 0
    outer loop
      vertex 8.33267 9.66835 0
      vertex 8.3732 9.50652 10
      vertex 8.3732 9.50652 0
    endloop
  endfacet
  facet normal 0.941533 0.336921 0
    outer loop
      vertex 8.42941 9.34944 10
      vertex 8.3732 9.50652 0
      vertex 8.3732 9.50652 10
    endloop
  endfacet
  facet normal 0.941533 0.336921 0
    outer loop
      vertex 8.3732 9.50652 0
      vertex 8.42941 9.34944 10
      vertex 8.42941 9.34944 0
    endloop
  endfacet
  facet normal 0.998794 0.0490916 0
    outer loop
      vertex 8.30819 9.83337 10
      vertex 8.3 10 0
      vertex 8.3 10 10
    endloop
  endfacet
  facet normal 0.998794 0.0490916 0
    outer loop
      vertex 8.3 10 0
      vertex 8.30819 9.83337 10
      vertex 8.30819 9.83337 0
    endloop
  endfacet
  facet normal -0.14667 0.989185 0
    outer loop
      vertex 10.3317 8.33267 0
      vertex 10.1666 8.30819 10
      vertex 10.3317 8.33267 10
    endloop
  endfacet
  facet normal -0.14667 0.989185 0
    outer loop
      vertex 10.1666 8.30819 10
      vertex 10.3317 8.33267 0
      vertex 10.1666 8.30819 0
    endloop
  endfacet
  facet normal -0.42754 0.903996 0
    outer loop
      vertex 10.8014 8.50073 0
      vertex 10.6506 8.42941 10
      vertex 10.8014 8.50073 10
    endloop
  endfacet
  facet normal -0.42754 0.903996 0
    outer loop
      vertex 10.6506 8.42941 10
      vertex 10.8014 8.50073 0
      vertex 10.6506 8.42941 0
    endloop
  endfacet
  facet normal -0.242987 0.97003 0
    outer loop
      vertex 10.4935 8.3732 0
      vertex 10.3317 8.33267 10
      vertex 10.4935 8.3732 10
    endloop
  endfacet
  facet normal -0.242987 0.97003 0
    outer loop
      vertex 10.3317 8.33267 10
      vertex 10.4935 8.3732 0
      vertex 10.3317 8.33267 0
    endloop
  endfacet
  facet normal -0.741051 0.671448 0
    outer loop
      vertex 11.2021 8.79792 0
      vertex 11.3141 8.92153 10
      vertex 11.3141 8.92153 0
    endloop
  endfacet
  facet normal -0.741051 0.671448 0
    outer loop
      vertex 11.3141 8.92153 10
      vertex 11.2021 8.79792 0
      vertex 11.2021 8.79792 10
    endloop
  endfacet
  facet normal -0.595695 0.803211 0
    outer loop
      vertex 11.0785 8.68588 0
      vertex 10.9445 8.5865 10
      vertex 11.0785 8.68588 10
    endloop
  endfacet
  facet normal -0.595695 0.803211 0
    outer loop
      vertex 10.9445 8.5865 10
      vertex 11.0785 8.68588 0
      vertex 10.9445 8.5865 0
    endloop
  endfacet
  facet normal -0.857652 0.514231 0
    outer loop
      vertex 11.4135 9.05553 0
      vertex 11.4993 9.19863 10
      vertex 11.4993 9.19863 0
    endloop
  endfacet
  facet normal -0.857652 0.514231 0
    outer loop
      vertex 11.4993 9.19863 10
      vertex 11.4135 9.05553 0
      vertex 11.4135 9.05553 10
    endloop
  endfacet
  facet normal -0.941552 0.336868 0
    outer loop
      vertex 11.5706 9.34944 0
      vertex 11.6268 9.50652 10
      vertex 11.6268 9.50652 0
    endloop
  endfacet
  facet normal -0.941552 0.336868 0
    outer loop
      vertex 11.6268 9.50652 10
      vertex 11.5706 9.34944 0
      vertex 11.5706 9.34944 10
    endloop
  endfacet
  facet normal -0.989158 0.146857 0
    outer loop
      vertex 11.6673 9.66835 0
      vertex 11.6918 9.83337 10
      vertex 11.6918 9.83337 0
    endloop
  endfacet
  facet normal -0.989158 0.146857 0
    outer loop
      vertex 11.6918 9.83337 10
      vertex 11.6673 9.66835 0
      vertex 11.6673 9.66835 10
    endloop
  endfacet
  facet normal -0.998791 0.0491513 0
    outer loop
      vertex 11.6918 9.83337 0
      vertex 11.7 10 10
      vertex 11.7 10 0
    endloop
  endfacet
  facet normal -0.998791 0.0491513 0
    outer loop
      vertex 11.7 10 10
      vertex 11.6918 9.83337 0
      vertex 11.6918 9.83337 10
    endloop
  endfacet
  facet normal 0.595695 0.803211 -0
    outer loop
      vertex 9.05553 8.5865 0
      vertex 8.92153 8.68588 10
      vertex 9.05553 8.5865 10
    endloop
  endfacet
  facet normal 0.595695 0.803211 0
    outer loop
      vertex 8.92153 8.68588 10
      vertex 9.05553 8.5865 0
      vertex 8.92153 8.68588 0
    endloop
  endfacet
  facet normal 0.427517 0.904007 -0
    outer loop
      vertex 9.34944 8.42941 0
      vertex 9.19863 8.50073 10
      vertex 9.34944 8.42941 10
    endloop
  endfacet
  facet normal 0.427517 0.904007 0
    outer loop
      vertex 9.19863 8.50073 10
      vertex 9.34944 8.42941 0
      vertex 9.19863 8.50073 0
    endloop
  endfacet
  facet normal 0.242945 0.97004 -0
    outer loop
      vertex 9.66835 8.33267 0
      vertex 9.50652 8.3732 10
      vertex 9.66835 8.33267 10
    endloop
  endfacet
  facet normal 0.242945 0.97004 0
    outer loop
      vertex 9.50652 8.3732 10
      vertex 9.66835 8.33267 0
      vertex 9.50652 8.3732 0
    endloop
  endfacet
  facet normal 0.0490916 0.998794 -0
    outer loop
      vertex 10 8.3 0
      vertex 9.83337 8.30819 10
      vertex 10 8.3 10
    endloop
  endfacet
  facet normal 0.0490916 0.998794 0
    outer loop
      vertex 9.83337 8.30819 10
      vertex 10 8.3 0
      vertex 9.83337 8.30819 0
    endloop
  endfacet
  facet normal 0.989175 0.14674 0
    outer loop
      vertex 8.33267 9.66835 10
      vertex 8.30819 9.83337 0
      vertex 8.30819 9.83337 10
    endloop
  endfacet
  facet normal 0.989175 0.14674 0
    outer loop
      vertex 8.30819 9.83337 0
      vertex 8.33267 9.66835 10
      vertex 8.33267 9.66835 0
    endloop
  endfacet
  facet normal -0.336883 0.941546 0
    outer loop
      vertex 10.6506 8.42941 0
      vertex 10.4935 8.3732 10
      vertex 10.6506 8.42941 10
    endloop
  endfacet
  facet normal -0.336883 0.941546 0
    outer loop
      vertex 10.4935 8.3732 10
      vertex 10.6506 8.42941 0
      vertex 10.4935 8.3732 0
    endloop
  endfacet
endsolid OpenSCAD_Model
