solid OpenSCAD_Model
  facet normal -0.99904 -0.0438175 0
    outer loop
      vertex -10.3 -12 0
      vertex -10.3065 -11.8518 2
      vertex -10.3065 -11.8518 0
    endloop
  endfacet
  facet normal -0.99904 -0.0438175 0
    outer loop
      vertex -10.3065 -11.8518 2
      vertex -10.3 -12 0
      vertex -10.3 -12 2
    endloop
  endfacet
  facet normal 0.99904 -0.0438175 0
    outer loop
      vertex -13.7 -12 2
      vertex -13.6935 -11.8518 0
      vertex -13.6935 -11.8518 2
    endloop
  endfacet
  facet normal 0.99904 -0.0438175 0
    outer loop
      vertex -13.6935 -11.8518 0
      vertex -13.7 -12 2
      vertex -13.7 -12 0
    endloop
  endfacet
  facet normal -0.0438175 -0.99904 0
    outer loop
      vertex -12 -10.3 0
      vertex -11.8518 -10.3065 2
      vertex -12 -10.3 2
    endloop
  endfacet
  facet normal -0.0438175 -0.99904 -0
    outer loop
      vertex -11.8518 -10.3065 2
      vertex -12 -10.3 0
      vertex -11.8518 -10.3065 0
    endloop
  endfacet
  facet normal 0.0438175 0.99904 -0
    outer loop
      vertex -12 -13.7 0
      vertex -12.1482 -13.6935 2
      vertex -12 -13.7 2
    endloop
  endfacet
  facet normal 0.0438175 0.99904 0
    outer loop
      vertex -12.1482 -13.6935 2
      vertex -12 -13.7 0
      vertex -12.1482 -13.6935 0
    endloop
  endfacet
  facet normal 0.737434 0.675419 0
    outer loop
      vertex -13.2021 -13.2021 2
      vertex -13.3023 -13.0927 0
      vertex -13.3023 -13.0927 2
    endloop
  endfacet
  facet normal 0.737434 0.675419 0
    outer loop
      vertex -13.3023 -13.0927 0
      vertex -13.2021 -13.2021 2
      vertex -13.2021 -13.2021 0
    endloop
  endfacet
  facet normal -0.737434 -0.675419 0
    outer loop
      vertex -10.6977 -10.9073 0
      vertex -10.7979 -10.7979 2
      vertex -10.7979 -10.7979 0
    endloop
  endfacet
  facet normal -0.737434 -0.675419 0
    outer loop
      vertex -10.7979 -10.7979 2
      vertex -10.6977 -10.9073 0
      vertex -10.6977 -10.9073 2
    endloop
  endfacet
  facet normal 0.675419 -0.737434 0
    outer loop
      vertex -13.2021 -10.7979 0
      vertex -13.0927 -10.6977 2
      vertex -13.2021 -10.7979 2
    endloop
  endfacet
  facet normal 0.675419 -0.737434 0
    outer loop
      vertex -13.0927 -10.6977 2
      vertex -13.2021 -10.7979 0
      vertex -13.0927 -10.6977 0
    endloop
  endfacet
  facet normal 0.382749 -0.923853 0
    outer loop
      vertex -12.7185 -10.4593 0
      vertex -12.5814 -10.4025 2
      vertex -12.7185 -10.4593 2
    endloop
  endfacet
  facet normal 0.382749 -0.923853 0
    outer loop
      vertex -12.5814 -10.4025 2
      vertex -12.7185 -10.4593 0
      vertex -12.5814 -10.4025 0
    endloop
  endfacet
  facet normal -0.923853 -0.382749 0
    outer loop
      vertex -10.4025 -11.4186 0
      vertex -10.4593 -11.2815 2
      vertex -10.4593 -11.2815 0
    endloop
  endfacet
  facet normal -0.923853 -0.382749 0
    outer loop
      vertex -10.4593 -11.2815 2
      vertex -10.4025 -11.4186 0
      vertex -10.4025 -11.4186 2
    endloop
  endfacet
  facet normal -0.46199 -0.886885 0
    outer loop
      vertex -11.2815 -10.4593 0
      vertex -11.15 -10.5278 2
      vertex -11.2815 -10.4593 2
    endloop
  endfacet
  facet normal -0.46199 -0.886885 -0
    outer loop
      vertex -11.15 -10.5278 2
      vertex -11.2815 -10.4593 0
      vertex -11.15 -10.5278 0
    endloop
  endfacet
  facet normal -0.609026 -0.79315 0
    outer loop
      vertex -11.0249 -10.6074 0
      vertex -10.9073 -10.6977 2
      vertex -11.0249 -10.6074 2
    endloop
  endfacet
  facet normal -0.609026 -0.79315 -0
    outer loop
      vertex -10.9073 -10.6977 2
      vertex -11.0249 -10.6074 0
      vertex -10.9073 -10.6977 0
    endloop
  endfacet
  facet normal 0.886885 -0.46199 0
    outer loop
      vertex -13.5407 -11.2815 2
      vertex -13.4722 -11.15 0
      vertex -13.4722 -11.15 2
    endloop
  endfacet
  facet normal 0.886885 -0.46199 0
    outer loop
      vertex -13.4722 -11.15 0
      vertex -13.5407 -11.2815 2
      vertex -13.5407 -11.2815 0
    endloop
  endfacet
  facet normal 0.216431 -0.976298 0
    outer loop
      vertex -12.44 -10.3579 0
      vertex -12.2952 -10.3258 2
      vertex -12.44 -10.3579 2
    endloop
  endfacet
  facet normal 0.216431 -0.976298 0
    outer loop
      vertex -12.2952 -10.3258 2
      vertex -12.44 -10.3579 0
      vertex -12.2952 -10.3258 0
    endloop
  endfacet
  facet normal -0.976298 0.216431 0
    outer loop
      vertex -10.3579 -12.44 0
      vertex -10.3258 -12.2952 2
      vertex -10.3258 -12.2952 0
    endloop
  endfacet
  facet normal -0.976298 0.216431 0
    outer loop
      vertex -10.3258 -12.2952 2
      vertex -10.3579 -12.44 0
      vertex -10.3579 -12.44 2
    endloop
  endfacet
  facet normal -0.976298 -0.216431 0
    outer loop
      vertex -10.3258 -11.7048 0
      vertex -10.3579 -11.56 2
      vertex -10.3579 -11.56 0
    endloop
  endfacet
  facet normal -0.976298 -0.216431 0
    outer loop
      vertex -10.3579 -11.56 2
      vertex -10.3258 -11.7048 0
      vertex -10.3258 -11.7048 2
    endloop
  endfacet
  facet normal -0.991491 -0.130175 0
    outer loop
      vertex -10.3065 -11.8518 0
      vertex -10.3258 -11.7048 2
      vertex -10.3258 -11.7048 0
    endloop
  endfacet
  facet normal -0.991491 -0.130175 0
    outer loop
      vertex -10.3258 -11.7048 2
      vertex -10.3065 -11.8518 0
      vertex -10.3065 -11.8518 2
    endloop
  endfacet
  facet normal -0.953685 -0.300809 0
    outer loop
      vertex -10.3579 -11.56 0
      vertex -10.4025 -11.4186 2
      vertex -10.4025 -11.4186 0
    endloop
  endfacet
  facet normal -0.953685 -0.300809 0
    outer loop
      vertex -10.4025 -11.4186 2
      vertex -10.3579 -11.56 0
      vertex -10.3579 -11.56 2
    endloop
  endfacet
  facet normal -0.843689 -0.536832 0
    outer loop
      vertex -10.5278 -11.15 0
      vertex -10.6074 -11.0249 2
      vertex -10.6074 -11.0249 0
    endloop
  endfacet
  facet normal -0.843689 -0.536832 0
    outer loop
      vertex -10.6074 -11.0249 2
      vertex -10.5278 -11.15 0
      vertex -10.5278 -11.15 2
    endloop
  endfacet
  facet normal -0.79315 -0.609026 0
    outer loop
      vertex -10.6074 -11.0249 0
      vertex -10.6977 -10.9073 2
      vertex -10.6977 -10.9073 0
    endloop
  endfacet
  facet normal -0.79315 -0.609026 0
    outer loop
      vertex -10.6977 -10.9073 2
      vertex -10.6074 -11.0249 0
      vertex -10.6074 -11.0249 2
    endloop
  endfacet
  facet normal -0.886885 -0.46199 0
    outer loop
      vertex -10.4593 -11.2815 0
      vertex -10.5278 -11.15 2
      vertex -10.5278 -11.15 0
    endloop
  endfacet
  facet normal -0.886885 -0.46199 0
    outer loop
      vertex -10.5278 -11.15 2
      vertex -10.4593 -11.2815 0
      vertex -10.4593 -11.2815 2
    endloop
  endfacet
  facet normal -0.300809 -0.953685 0
    outer loop
      vertex -11.56 -10.3579 0
      vertex -11.4186 -10.4025 2
      vertex -11.56 -10.3579 2
    endloop
  endfacet
  facet normal -0.300809 -0.953685 -0
    outer loop
      vertex -11.4186 -10.4025 2
      vertex -11.56 -10.3579 0
      vertex -11.4186 -10.4025 0
    endloop
  endfacet
  facet normal -0.382749 -0.923853 0
    outer loop
      vertex -11.4186 -10.4025 0
      vertex -11.2815 -10.4593 2
      vertex -11.4186 -10.4025 2
    endloop
  endfacet
  facet normal -0.382749 -0.923853 -0
    outer loop
      vertex -11.2815 -10.4593 2
      vertex -11.4186 -10.4025 0
      vertex -11.2815 -10.4593 0
    endloop
  endfacet
  facet normal -0.216431 -0.976298 0
    outer loop
      vertex -11.7048 -10.3258 0
      vertex -11.56 -10.3579 2
      vertex -11.7048 -10.3258 2
    endloop
  endfacet
  facet normal -0.216431 -0.976298 -0
    outer loop
      vertex -11.56 -10.3579 2
      vertex -11.7048 -10.3258 0
      vertex -11.56 -10.3579 0
    endloop
  endfacet
  facet normal -0.536832 -0.843689 0
    outer loop
      vertex -11.15 -10.5278 0
      vertex -11.0249 -10.6074 2
      vertex -11.15 -10.5278 2
    endloop
  endfacet
  facet normal -0.536832 -0.843689 -0
    outer loop
      vertex -11.0249 -10.6074 2
      vertex -11.15 -10.5278 0
      vertex -11.0249 -10.6074 0
    endloop
  endfacet
  facet normal -0.675419 -0.737434 0
    outer loop
      vertex -10.9073 -10.6977 0
      vertex -10.7979 -10.7979 2
      vertex -10.9073 -10.6977 2
    endloop
  endfacet
  facet normal -0.675419 -0.737434 -0
    outer loop
      vertex -10.7979 -10.7979 2
      vertex -10.9073 -10.6977 0
      vertex -10.7979 -10.7979 0
    endloop
  endfacet
  facet normal 0.953685 -0.300809 0
    outer loop
      vertex -13.6421 -11.56 2
      vertex -13.5975 -11.4186 0
      vertex -13.5975 -11.4186 2
    endloop
  endfacet
  facet normal 0.953685 -0.300809 0
    outer loop
      vertex -13.5975 -11.4186 0
      vertex -13.6421 -11.56 2
      vertex -13.6421 -11.56 0
    endloop
  endfacet
  facet normal 0.79315 -0.609026 0
    outer loop
      vertex -13.3926 -11.0249 2
      vertex -13.3023 -10.9073 0
      vertex -13.3023 -10.9073 2
    endloop
  endfacet
  facet normal 0.79315 -0.609026 0
    outer loop
      vertex -13.3023 -10.9073 0
      vertex -13.3926 -11.0249 2
      vertex -13.3926 -11.0249 0
    endloop
  endfacet
  facet normal 0.737434 -0.675419 0
    outer loop
      vertex -13.3023 -10.9073 2
      vertex -13.2021 -10.7979 0
      vertex -13.2021 -10.7979 2
    endloop
  endfacet
  facet normal 0.737434 -0.675419 0
    outer loop
      vertex -13.2021 -10.7979 0
      vertex -13.3023 -10.9073 2
      vertex -13.3023 -10.9073 0
    endloop
  endfacet
  facet normal 0.843689 -0.536832 0
    outer loop
      vertex -13.4722 -11.15 2
      vertex -13.3926 -11.0249 0
      vertex -13.3926 -11.0249 2
    endloop
  endfacet
  facet normal 0.843689 -0.536832 0
    outer loop
      vertex -13.3926 -11.0249 0
      vertex -13.4722 -11.15 2
      vertex -13.4722 -11.15 0
    endloop
  endfacet
  facet normal 0.923853 -0.382749 0
    outer loop
      vertex -13.5975 -11.4186 2
      vertex -13.5407 -11.2815 0
      vertex -13.5407 -11.2815 2
    endloop
  endfacet
  facet normal 0.923853 -0.382749 0
    outer loop
      vertex -13.5407 -11.2815 0
      vertex -13.5975 -11.4186 2
      vertex -13.5975 -11.4186 0
    endloop
  endfacet
  facet normal 0.976298 -0.216431 0
    outer loop
      vertex -13.6742 -11.7048 2
      vertex -13.6421 -11.56 0
      vertex -13.6421 -11.56 2
    endloop
  endfacet
  facet normal 0.976298 -0.216431 0
    outer loop
      vertex -13.6421 -11.56 0
      vertex -13.6742 -11.7048 2
      vertex -13.6742 -11.7048 0
    endloop
  endfacet
  facet normal 0.536832 -0.843689 0
    outer loop
      vertex -12.9751 -10.6074 0
      vertex -12.85 -10.5278 2
      vertex -12.9751 -10.6074 2
    endloop
  endfacet
  facet normal 0.536832 -0.843689 0
    outer loop
      vertex -12.85 -10.5278 2
      vertex -12.9751 -10.6074 0
      vertex -12.85 -10.5278 0
    endloop
  endfacet
  facet normal 0.46199 -0.886885 0
    outer loop
      vertex -12.85 -10.5278 0
      vertex -12.7185 -10.4593 2
      vertex -12.85 -10.5278 2
    endloop
  endfacet
  facet normal 0.46199 -0.886885 0
    outer loop
      vertex -12.7185 -10.4593 2
      vertex -12.85 -10.5278 0
      vertex -12.7185 -10.4593 0
    endloop
  endfacet
  facet normal 0.609026 -0.79315 0
    outer loop
      vertex -13.0927 -10.6977 0
      vertex -12.9751 -10.6074 2
      vertex -13.0927 -10.6977 2
    endloop
  endfacet
  facet normal 0.609026 -0.79315 0
    outer loop
      vertex -12.9751 -10.6074 2
      vertex -13.0927 -10.6977 0
      vertex -12.9751 -10.6074 0
    endloop
  endfacet
  facet normal 0.300809 -0.953685 0
    outer loop
      vertex -12.5814 -10.4025 0
      vertex -12.44 -10.3579 2
      vertex -12.5814 -10.4025 2
    endloop
  endfacet
  facet normal 0.300809 -0.953685 0
    outer loop
      vertex -12.44 -10.3579 2
      vertex -12.5814 -10.4025 0
      vertex -12.44 -10.3579 0
    endloop
  endfacet
  facet normal 0.130175 -0.991491 0
    outer loop
      vertex -12.2952 -10.3258 0
      vertex -12.1482 -10.3065 2
      vertex -12.2952 -10.3258 2
    endloop
  endfacet
  facet normal 0.130175 -0.991491 0
    outer loop
      vertex -12.1482 -10.3065 2
      vertex -12.2952 -10.3258 0
      vertex -12.1482 -10.3065 0
    endloop
  endfacet
  facet normal -0.99904 0.0438175 0
    outer loop
      vertex -10.3065 -12.1482 0
      vertex -10.3 -12 2
      vertex -10.3 -12 0
    endloop
  endfacet
  facet normal -0.99904 0.0438175 0
    outer loop
      vertex -10.3 -12 2
      vertex -10.3065 -12.1482 0
      vertex -10.3065 -12.1482 2
    endloop
  endfacet
  facet normal -0.300809 0.953685 0
    outer loop
      vertex -11.4186 -13.5975 0
      vertex -11.56 -13.6421 2
      vertex -11.4186 -13.5975 2
    endloop
  endfacet
  facet normal -0.300809 0.953685 0
    outer loop
      vertex -11.56 -13.6421 2
      vertex -11.4186 -13.5975 0
      vertex -11.56 -13.6421 0
    endloop
  endfacet
  facet normal -0.46199 0.886885 0
    outer loop
      vertex -11.15 -13.4722 0
      vertex -11.2815 -13.5407 2
      vertex -11.15 -13.4722 2
    endloop
  endfacet
  facet normal -0.46199 0.886885 0
    outer loop
      vertex -11.2815 -13.5407 2
      vertex -11.15 -13.4722 0
      vertex -11.2815 -13.5407 0
    endloop
  endfacet
  facet normal -0.79315 0.609026 0
    outer loop
      vertex -10.6977 -13.0927 0
      vertex -10.6074 -12.9751 2
      vertex -10.6074 -12.9751 0
    endloop
  endfacet
  facet normal -0.79315 0.609026 0
    outer loop
      vertex -10.6074 -12.9751 2
      vertex -10.6977 -13.0927 0
      vertex -10.6977 -13.0927 2
    endloop
  endfacet
  facet normal 0.675419 0.737434 -0
    outer loop
      vertex -13.0927 -13.3023 0
      vertex -13.2021 -13.2021 2
      vertex -13.0927 -13.3023 2
    endloop
  endfacet
  facet normal 0.675419 0.737434 0
    outer loop
      vertex -13.2021 -13.2021 2
      vertex -13.0927 -13.3023 0
      vertex -13.2021 -13.2021 0
    endloop
  endfacet
  facet normal 0.536832 0.843689 -0
    outer loop
      vertex -12.85 -13.4722 0
      vertex -12.9751 -13.3926 2
      vertex -12.85 -13.4722 2
    endloop
  endfacet
  facet normal 0.536832 0.843689 0
    outer loop
      vertex -12.9751 -13.3926 2
      vertex -12.85 -13.4722 0
      vertex -12.9751 -13.3926 0
    endloop
  endfacet
  facet normal 0.382749 0.923853 -0
    outer loop
      vertex -12.5814 -13.5975 0
      vertex -12.7185 -13.5407 2
      vertex -12.5814 -13.5975 2
    endloop
  endfacet
  facet normal 0.382749 0.923853 0
    outer loop
      vertex -12.7185 -13.5407 2
      vertex -12.5814 -13.5975 0
      vertex -12.7185 -13.5407 0
    endloop
  endfacet
  facet normal 0.216431 0.976298 -0
    outer loop
      vertex -12.2952 -13.6742 0
      vertex -12.44 -13.6421 2
      vertex -12.2952 -13.6742 2
    endloop
  endfacet
  facet normal 0.216431 0.976298 0
    outer loop
      vertex -12.44 -13.6421 2
      vertex -12.2952 -13.6742 0
      vertex -12.44 -13.6421 0
    endloop
  endfacet
  facet normal 0.886885 0.46199 0
    outer loop
      vertex -13.4722 -12.85 2
      vertex -13.5407 -12.7185 0
      vertex -13.5407 -12.7185 2
    endloop
  endfacet
  facet normal 0.886885 0.46199 0
    outer loop
      vertex -13.5407 -12.7185 0
      vertex -13.4722 -12.85 2
      vertex -13.4722 -12.85 0
    endloop
  endfacet
  facet normal 0.79315 0.609026 0
    outer loop
      vertex -13.3023 -13.0927 2
      vertex -13.3926 -12.9751 0
      vertex -13.3926 -12.9751 2
    endloop
  endfacet
  facet normal 0.79315 0.609026 0
    outer loop
      vertex -13.3926 -12.9751 0
      vertex -13.3023 -13.0927 2
      vertex -13.3023 -13.0927 0
    endloop
  endfacet
  facet normal 0.953685 0.300809 0
    outer loop
      vertex -13.5975 -12.5814 2
      vertex -13.6421 -12.44 0
      vertex -13.6421 -12.44 2
    endloop
  endfacet
  facet normal 0.953685 0.300809 0
    outer loop
      vertex -13.6421 -12.44 0
      vertex -13.5975 -12.5814 2
      vertex -13.5975 -12.5814 0
    endloop
  endfacet
  facet normal -0.130175 -0.991491 0
    outer loop
      vertex -11.8518 -10.3065 0
      vertex -11.7048 -10.3258 2
      vertex -11.8518 -10.3065 2
    endloop
  endfacet
  facet normal -0.130175 -0.991491 -0
    outer loop
      vertex -11.7048 -10.3258 2
      vertex -11.8518 -10.3065 0
      vertex -11.7048 -10.3258 0
    endloop
  endfacet
  facet normal 0.991491 -0.130175 0
    outer loop
      vertex -13.6935 -11.8518 2
      vertex -13.6742 -11.7048 0
      vertex -13.6742 -11.7048 2
    endloop
  endfacet
  facet normal 0.991491 -0.130175 0
    outer loop
      vertex -13.6742 -11.7048 0
      vertex -13.6935 -11.8518 2
      vertex -13.6935 -11.8518 0
    endloop
  endfacet
  facet normal 0.0438175 -0.99904 0
    outer loop
      vertex -12.1482 -10.3065 0
      vertex -12 -10.3 2
      vertex -12.1482 -10.3065 2
    endloop
  endfacet
  facet normal 0.0438175 -0.99904 0
    outer loop
      vertex -12 -10.3 2
      vertex -12.1482 -10.3065 0
      vertex -12 -10.3 0
    endloop
  endfacet
  facet normal -0.991491 0.130175 0
    outer loop
      vertex -10.3258 -12.2952 0
      vertex -10.3065 -12.1482 2
      vertex -10.3065 -12.1482 0
    endloop
  endfacet
  facet normal -0.991491 0.130175 0
    outer loop
      vertex -10.3065 -12.1482 2
      vertex -10.3258 -12.2952 0
      vertex -10.3258 -12.2952 2
    endloop
  endfacet
  facet normal -0.0438175 0.99904 0
    outer loop
      vertex -11.8518 -13.6935 0
      vertex -12 -13.7 2
      vertex -11.8518 -13.6935 2
    endloop
  endfacet
  facet normal -0.0438175 0.99904 0
    outer loop
      vertex -12 -13.7 2
      vertex -11.8518 -13.6935 0
      vertex -12 -13.7 0
    endloop
  endfacet
  facet normal -0.216431 0.976298 0
    outer loop
      vertex -11.56 -13.6421 0
      vertex -11.7048 -13.6742 2
      vertex -11.56 -13.6421 2
    endloop
  endfacet
  facet normal -0.216431 0.976298 0
    outer loop
      vertex -11.7048 -13.6742 2
      vertex -11.56 -13.6421 0
      vertex -11.7048 -13.6742 0
    endloop
  endfacet
  facet normal -0.382749 0.923853 0
    outer loop
      vertex -11.2815 -13.5407 0
      vertex -11.4186 -13.5975 2
      vertex -11.2815 -13.5407 2
    endloop
  endfacet
  facet normal -0.382749 0.923853 0
    outer loop
      vertex -11.4186 -13.5975 2
      vertex -11.2815 -13.5407 0
      vertex -11.4186 -13.5975 0
    endloop
  endfacet
  facet normal -0.609026 0.79315 0
    outer loop
      vertex -10.9073 -13.3023 0
      vertex -11.0249 -13.3926 2
      vertex -10.9073 -13.3023 2
    endloop
  endfacet
  facet normal -0.609026 0.79315 0
    outer loop
      vertex -11.0249 -13.3926 2
      vertex -10.9073 -13.3023 0
      vertex -11.0249 -13.3926 0
    endloop
  endfacet
  facet normal -0.737434 0.675419 0
    outer loop
      vertex -10.7979 -13.2021 0
      vertex -10.6977 -13.0927 2
      vertex -10.6977 -13.0927 0
    endloop
  endfacet
  facet normal -0.737434 0.675419 0
    outer loop
      vertex -10.6977 -13.0927 2
      vertex -10.7979 -13.2021 0
      vertex -10.7979 -13.2021 2
    endloop
  endfacet
  facet normal -0.536832 0.843689 0
    outer loop
      vertex -11.0249 -13.3926 0
      vertex -11.15 -13.4722 2
      vertex -11.0249 -13.3926 2
    endloop
  endfacet
  facet normal -0.536832 0.843689 0
    outer loop
      vertex -11.15 -13.4722 2
      vertex -11.0249 -13.3926 0
      vertex -11.15 -13.4722 0
    endloop
  endfacet
  facet normal 0.609026 0.79315 -0
    outer loop
      vertex -12.9751 -13.3926 0
      vertex -13.0927 -13.3023 2
      vertex -12.9751 -13.3926 2
    endloop
  endfacet
  facet normal 0.609026 0.79315 0
    outer loop
      vertex -13.0927 -13.3023 2
      vertex -12.9751 -13.3926 0
      vertex -13.0927 -13.3023 0
    endloop
  endfacet
  facet normal 0.46199 0.886885 -0
    outer loop
      vertex -12.7185 -13.5407 0
      vertex -12.85 -13.4722 2
      vertex -12.7185 -13.5407 2
    endloop
  endfacet
  facet normal 0.46199 0.886885 0
    outer loop
      vertex -12.85 -13.4722 2
      vertex -12.7185 -13.5407 0
      vertex -12.85 -13.4722 0
    endloop
  endfacet
  facet normal 0.300809 0.953685 -0
    outer loop
      vertex -12.44 -13.6421 0
      vertex -12.5814 -13.5975 2
      vertex -12.44 -13.6421 2
    endloop
  endfacet
  facet normal 0.300809 0.953685 0
    outer loop
      vertex -12.5814 -13.5975 2
      vertex -12.44 -13.6421 0
      vertex -12.5814 -13.5975 0
    endloop
  endfacet
  facet normal 0.130175 0.991491 -0
    outer loop
      vertex -12.1482 -13.6935 0
      vertex -12.2952 -13.6742 2
      vertex -12.1482 -13.6935 2
    endloop
  endfacet
  facet normal 0.130175 0.991491 0
    outer loop
      vertex -12.2952 -13.6742 2
      vertex -12.1482 -13.6935 0
      vertex -12.2952 -13.6742 0
    endloop
  endfacet
  facet normal 0.843689 0.536832 0
    outer loop
      vertex -13.3926 -12.9751 2
      vertex -13.4722 -12.85 0
      vertex -13.4722 -12.85 2
    endloop
  endfacet
  facet normal 0.843689 0.536832 0
    outer loop
      vertex -13.4722 -12.85 0
      vertex -13.3926 -12.9751 2
      vertex -13.3926 -12.9751 0
    endloop
  endfacet
  facet normal 0.923853 0.382749 0
    outer loop
      vertex -13.5407 -12.7185 2
      vertex -13.5975 -12.5814 0
      vertex -13.5975 -12.5814 2
    endloop
  endfacet
  facet normal 0.923853 0.382749 0
    outer loop
      vertex -13.5975 -12.5814 0
      vertex -13.5407 -12.7185 2
      vertex -13.5407 -12.7185 0
    endloop
  endfacet
  facet normal 0.976298 0.216431 0
    outer loop
      vertex -13.6421 -12.44 2
      vertex -13.6742 -12.2952 0
      vertex -13.6742 -12.2952 2
    endloop
  endfacet
  facet normal 0.976298 0.216431 0
    outer loop
      vertex -13.6742 -12.2952 0
      vertex -13.6421 -12.44 2
      vertex -13.6421 -12.44 0
    endloop
  endfacet
  facet normal 0.99904 0.0438175 0
    outer loop
      vertex -13.6935 -12.1482 2
      vertex -13.7 -12 0
      vertex -13.7 -12 2
    endloop
  endfacet
  facet normal 0.99904 0.0438175 0
    outer loop
      vertex -13.7 -12 0
      vertex -13.6935 -12.1482 2
      vertex -13.6935 -12.1482 0
    endloop
  endfacet
  facet normal -0.843689 0.536832 0
    outer loop
      vertex -10.6074 -12.9751 0
      vertex -10.5278 -12.85 2
      vertex -10.5278 -12.85 0
    endloop
  endfacet
  facet normal -0.843689 0.536832 0
    outer loop
      vertex -10.5278 -12.85 2
      vertex -10.6074 -12.9751 0
      vertex -10.6074 -12.9751 2
    endloop
  endfacet
  facet normal -0.923853 0.382749 0
    outer loop
      vertex -10.4593 -12.7185 0
      vertex -10.4025 -12.5814 2
      vertex -10.4025 -12.5814 0
    endloop
  endfacet
  facet normal -0.923853 0.382749 0
    outer loop
      vertex -10.4025 -12.5814 2
      vertex -10.4593 -12.7185 0
      vertex -10.4593 -12.7185 2
    endloop
  endfacet
  facet normal -0.130175 0.991491 0
    outer loop
      vertex -11.7048 -13.6742 0
      vertex -11.8518 -13.6935 2
      vertex -11.7048 -13.6742 2
    endloop
  endfacet
  facet normal -0.130175 0.991491 0
    outer loop
      vertex -11.8518 -13.6935 2
      vertex -11.7048 -13.6742 0
      vertex -11.8518 -13.6935 0
    endloop
  endfacet
  facet normal -0.675419 0.737434 0
    outer loop
      vertex -10.7979 -13.2021 0
      vertex -10.9073 -13.3023 2
      vertex -10.7979 -13.2021 2
    endloop
  endfacet
  facet normal -0.675419 0.737434 0
    outer loop
      vertex -10.9073 -13.3023 2
      vertex -10.7979 -13.2021 0
      vertex -10.9073 -13.3023 0
    endloop
  endfacet
  facet normal 0.991491 0.130175 0
    outer loop
      vertex -13.6742 -12.2952 2
      vertex -13.6935 -12.1482 0
      vertex -13.6935 -12.1482 2
    endloop
  endfacet
  facet normal 0.991491 0.130175 0
    outer loop
      vertex -13.6935 -12.1482 0
      vertex -13.6742 -12.2952 2
      vertex -13.6742 -12.2952 0
    endloop
  endfacet
  facet normal -0.886885 0.46199 0
    outer loop
      vertex -10.5278 -12.85 0
      vertex -10.4593 -12.7185 2
      vertex -10.4593 -12.7185 0
    endloop
  endfacet
  facet normal -0.886885 0.46199 0
    outer loop
      vertex -10.4593 -12.7185 2
      vertex -10.5278 -12.85 0
      vertex -10.5278 -12.85 2
    endloop
  endfacet
  facet normal -0.953685 0.300809 0
    outer loop
      vertex -10.4025 -12.5814 0
      vertex -10.3579 -12.44 2
      vertex -10.3579 -12.44 0
    endloop
  endfacet
  facet normal -0.953685 0.300809 0
    outer loop
      vertex -10.3579 -12.44 2
      vertex -10.4025 -12.5814 0
      vertex -10.4025 -12.5814 2
    endloop
  endfacet
  facet normal -0.886885 -0.46199 0
    outer loop
      vertex -10.4593 12.7185 0
      vertex -10.5278 12.85 2
      vertex -10.5278 12.85 0
    endloop
  endfacet
  facet normal -0.886885 -0.46199 0
    outer loop
      vertex -10.5278 12.85 2
      vertex -10.4593 12.7185 0
      vertex -10.4593 12.7185 2
    endloop
  endfacet
  facet normal -0.300809 -0.953685 0
    outer loop
      vertex -11.56 13.6421 0
      vertex -11.4186 13.5975 2
      vertex -11.56 13.6421 2
    endloop
  endfacet
  facet normal -0.300809 -0.953685 -0
    outer loop
      vertex -11.4186 13.5975 2
      vertex -11.56 13.6421 0
      vertex -11.4186 13.5975 0
    endloop
  endfacet
  facet normal 0.382749 -0.923853 0
    outer loop
      vertex -12.7185 13.5407 0
      vertex -12.5814 13.5975 2
      vertex -12.7185 13.5407 2
    endloop
  endfacet
  facet normal 0.382749 -0.923853 0
    outer loop
      vertex -12.5814 13.5975 2
      vertex -12.7185 13.5407 0
      vertex -12.5814 13.5975 0
    endloop
  endfacet
  facet normal 0.953685 -0.300809 0
    outer loop
      vertex -13.6421 12.44 2
      vertex -13.5975 12.5814 0
      vertex -13.5975 12.5814 2
    endloop
  endfacet
  facet normal 0.953685 -0.300809 0
    outer loop
      vertex -13.5975 12.5814 0
      vertex -13.6421 12.44 2
      vertex -13.6421 12.44 0
    endloop
  endfacet
  facet normal -0.99904 0.0438175 0
    outer loop
      vertex -10.3065 11.8518 0
      vertex -10.3 12 2
      vertex -10.3 12 0
    endloop
  endfacet
  facet normal -0.99904 0.0438175 0
    outer loop
      vertex -10.3 12 2
      vertex -10.3065 11.8518 0
      vertex -10.3065 11.8518 2
    endloop
  endfacet
  facet normal -0.0438175 -0.99904 0
    outer loop
      vertex -12 13.7 0
      vertex -11.8518 13.6935 2
      vertex -12 13.7 2
    endloop
  endfacet
  facet normal -0.0438175 -0.99904 -0
    outer loop
      vertex -11.8518 13.6935 2
      vertex -12 13.7 0
      vertex -11.8518 13.6935 0
    endloop
  endfacet
  facet normal -0.46199 -0.886885 0
    outer loop
      vertex -11.2815 13.5407 0
      vertex -11.15 13.4722 2
      vertex -11.2815 13.5407 2
    endloop
  endfacet
  facet normal -0.46199 -0.886885 -0
    outer loop
      vertex -11.15 13.4722 2
      vertex -11.2815 13.5407 0
      vertex -11.15 13.4722 0
    endloop
  endfacet
  facet normal 0.99904 -0.0438175 0
    outer loop
      vertex -13.7 12 2
      vertex -13.6935 12.1482 0
      vertex -13.6935 12.1482 2
    endloop
  endfacet
  facet normal 0.99904 -0.0438175 0
    outer loop
      vertex -13.6935 12.1482 0
      vertex -13.7 12 2
      vertex -13.7 12 0
    endloop
  endfacet
  facet normal 0.79315 -0.609026 0
    outer loop
      vertex -13.3926 12.9751 2
      vertex -13.3023 13.0927 0
      vertex -13.3023 13.0927 2
    endloop
  endfacet
  facet normal 0.79315 -0.609026 0
    outer loop
      vertex -13.3023 13.0927 0
      vertex -13.3926 12.9751 2
      vertex -13.3926 12.9751 0
    endloop
  endfacet
  facet normal 0.216431 -0.976298 0
    outer loop
      vertex -12.44 13.6421 0
      vertex -12.2952 13.6742 2
      vertex -12.44 13.6421 2
    endloop
  endfacet
  facet normal 0.216431 -0.976298 0
    outer loop
      vertex -12.2952 13.6742 2
      vertex -12.44 13.6421 0
      vertex -12.2952 13.6742 0
    endloop
  endfacet
  facet normal -0.991491 -0.130175 0
    outer loop
      vertex -10.3065 12.1482 0
      vertex -10.3258 12.2952 2
      vertex -10.3258 12.2952 0
    endloop
  endfacet
  facet normal -0.991491 -0.130175 0
    outer loop
      vertex -10.3258 12.2952 2
      vertex -10.3065 12.1482 0
      vertex -10.3065 12.1482 2
    endloop
  endfacet
  facet normal -0.843689 -0.536832 0
    outer loop
      vertex -10.5278 12.85 0
      vertex -10.6074 12.9751 2
      vertex -10.6074 12.9751 0
    endloop
  endfacet
  facet normal -0.843689 -0.536832 0
    outer loop
      vertex -10.6074 12.9751 2
      vertex -10.5278 12.85 0
      vertex -10.5278 12.85 2
    endloop
  endfacet
  facet normal -0.675419 -0.737434 0
    outer loop
      vertex -10.9073 13.3023 0
      vertex -10.7979 13.2021 2
      vertex -10.9073 13.3023 2
    endloop
  endfacet
  facet normal -0.675419 -0.737434 -0
    outer loop
      vertex -10.7979 13.2021 2
      vertex -10.9073 13.3023 0
      vertex -10.7979 13.2021 0
    endloop
  endfacet
  facet normal 0.0438175 -0.99904 0
    outer loop
      vertex -12.1482 13.6935 0
      vertex -12 13.7 2
      vertex -12.1482 13.6935 2
    endloop
  endfacet
  facet normal 0.0438175 -0.99904 0
    outer loop
      vertex -12 13.7 2
      vertex -12.1482 13.6935 0
      vertex -12 13.7 0
    endloop
  endfacet
  facet normal -0.216431 -0.976298 0
    outer loop
      vertex -11.7048 13.6742 0
      vertex -11.56 13.6421 2
      vertex -11.7048 13.6742 2
    endloop
  endfacet
  facet normal -0.216431 -0.976298 -0
    outer loop
      vertex -11.56 13.6421 2
      vertex -11.7048 13.6742 0
      vertex -11.56 13.6421 0
    endloop
  endfacet
  facet normal -0.130175 -0.991491 0
    outer loop
      vertex -11.8518 13.6935 0
      vertex -11.7048 13.6742 2
      vertex -11.8518 13.6935 2
    endloop
  endfacet
  facet normal -0.130175 -0.991491 -0
    outer loop
      vertex -11.7048 13.6742 2
      vertex -11.8518 13.6935 0
      vertex -11.7048 13.6742 0
    endloop
  endfacet
  facet normal -0.382749 -0.923853 0
    outer loop
      vertex -11.4186 13.5975 0
      vertex -11.2815 13.5407 2
      vertex -11.4186 13.5975 2
    endloop
  endfacet
  facet normal -0.382749 -0.923853 -0
    outer loop
      vertex -11.2815 13.5407 2
      vertex -11.4186 13.5975 0
      vertex -11.2815 13.5407 0
    endloop
  endfacet
  facet normal -0.609026 -0.79315 0
    outer loop
      vertex -11.0249 13.3926 0
      vertex -10.9073 13.3023 2
      vertex -11.0249 13.3926 2
    endloop
  endfacet
  facet normal -0.609026 -0.79315 -0
    outer loop
      vertex -10.9073 13.3023 2
      vertex -11.0249 13.3926 0
      vertex -10.9073 13.3023 0
    endloop
  endfacet
  facet normal 0.99904 0.0438175 0
    outer loop
      vertex -13.6935 11.8518 2
      vertex -13.7 12 0
      vertex -13.7 12 2
    endloop
  endfacet
  facet normal 0.99904 0.0438175 0
    outer loop
      vertex -13.7 12 0
      vertex -13.6935 11.8518 2
      vertex -13.6935 11.8518 0
    endloop
  endfacet
  facet normal 0.976298 -0.216431 0
    outer loop
      vertex -13.6742 12.2952 2
      vertex -13.6421 12.44 0
      vertex -13.6421 12.44 2
    endloop
  endfacet
  facet normal 0.976298 -0.216431 0
    outer loop
      vertex -13.6421 12.44 0
      vertex -13.6742 12.2952 2
      vertex -13.6742 12.2952 0
    endloop
  endfacet
  facet normal 0.991491 -0.130175 0
    outer loop
      vertex -13.6935 12.1482 2
      vertex -13.6742 12.2952 0
      vertex -13.6742 12.2952 2
    endloop
  endfacet
  facet normal 0.991491 -0.130175 0
    outer loop
      vertex -13.6742 12.2952 0
      vertex -13.6935 12.1482 2
      vertex -13.6935 12.1482 0
    endloop
  endfacet
  facet normal 0.923853 -0.382749 0
    outer loop
      vertex -13.5975 12.5814 2
      vertex -13.5407 12.7185 0
      vertex -13.5407 12.7185 2
    endloop
  endfacet
  facet normal 0.923853 -0.382749 0
    outer loop
      vertex -13.5407 12.7185 0
      vertex -13.5975 12.5814 2
      vertex -13.5975 12.5814 0
    endloop
  endfacet
  facet normal 0.886885 -0.46199 0
    outer loop
      vertex -13.5407 12.7185 2
      vertex -13.4722 12.85 0
      vertex -13.4722 12.85 2
    endloop
  endfacet
  facet normal 0.886885 -0.46199 0
    outer loop
      vertex -13.4722 12.85 0
      vertex -13.5407 12.7185 2
      vertex -13.5407 12.7185 0
    endloop
  endfacet
  facet normal 0.300809 -0.953685 0
    outer loop
      vertex -12.5814 13.5975 0
      vertex -12.44 13.6421 2
      vertex -12.5814 13.5975 2
    endloop
  endfacet
  facet normal 0.300809 -0.953685 0
    outer loop
      vertex -12.44 13.6421 2
      vertex -12.5814 13.5975 0
      vertex -12.44 13.6421 0
    endloop
  endfacet
  facet normal 0.130175 -0.991491 0
    outer loop
      vertex -12.2952 13.6742 0
      vertex -12.1482 13.6935 2
      vertex -12.2952 13.6742 2
    endloop
  endfacet
  facet normal 0.130175 -0.991491 0
    outer loop
      vertex -12.1482 13.6935 2
      vertex -12.2952 13.6742 0
      vertex -12.1482 13.6935 0
    endloop
  endfacet
  facet normal 0.536832 -0.843689 0
    outer loop
      vertex -12.9751 13.3926 0
      vertex -12.85 13.4722 2
      vertex -12.9751 13.3926 2
    endloop
  endfacet
  facet normal 0.536832 -0.843689 0
    outer loop
      vertex -12.85 13.4722 2
      vertex -12.9751 13.3926 0
      vertex -12.85 13.4722 0
    endloop
  endfacet
  facet normal 0.46199 -0.886885 0
    outer loop
      vertex -12.85 13.4722 0
      vertex -12.7185 13.5407 2
      vertex -12.85 13.4722 2
    endloop
  endfacet
  facet normal 0.46199 -0.886885 0
    outer loop
      vertex -12.7185 13.5407 2
      vertex -12.85 13.4722 0
      vertex -12.7185 13.5407 0
    endloop
  endfacet
  facet normal 0.737434 -0.675419 0
    outer loop
      vertex -13.3023 13.0927 2
      vertex -13.2021 13.2021 0
      vertex -13.2021 13.2021 2
    endloop
  endfacet
  facet normal 0.737434 -0.675419 0
    outer loop
      vertex -13.2021 13.2021 0
      vertex -13.3023 13.0927 2
      vertex -13.3023 13.0927 0
    endloop
  endfacet
  facet normal -0.99904 -0.0438175 0
    outer loop
      vertex -10.3 12 0
      vertex -10.3065 12.1482 2
      vertex -10.3065 12.1482 0
    endloop
  endfacet
  facet normal -0.99904 -0.0438175 0
    outer loop
      vertex -10.3065 12.1482 2
      vertex -10.3 12 0
      vertex -10.3 12 2
    endloop
  endfacet
  facet normal -0.976298 0.216431 0
    outer loop
      vertex -10.3579 11.56 0
      vertex -10.3258 11.7048 2
      vertex -10.3258 11.7048 0
    endloop
  endfacet
  facet normal -0.976298 0.216431 0
    outer loop
      vertex -10.3258 11.7048 2
      vertex -10.3579 11.56 0
      vertex -10.3579 11.56 2
    endloop
  endfacet
  facet normal 0.886885 0.46199 0
    outer loop
      vertex -13.4722 11.15 2
      vertex -13.5407 11.2815 0
      vertex -13.5407 11.2815 2
    endloop
  endfacet
  facet normal 0.886885 0.46199 0
    outer loop
      vertex -13.5407 11.2815 0
      vertex -13.4722 11.15 2
      vertex -13.4722 11.15 0
    endloop
  endfacet
  facet normal -0.216431 0.976298 0
    outer loop
      vertex -11.56 10.3579 0
      vertex -11.7048 10.3258 2
      vertex -11.56 10.3579 2
    endloop
  endfacet
  facet normal -0.216431 0.976298 0
    outer loop
      vertex -11.7048 10.3258 2
      vertex -11.56 10.3579 0
      vertex -11.7048 10.3258 0
    endloop
  endfacet
  facet normal -0.923853 -0.382749 0
    outer loop
      vertex -10.4025 12.5814 0
      vertex -10.4593 12.7185 2
      vertex -10.4593 12.7185 0
    endloop
  endfacet
  facet normal -0.923853 -0.382749 0
    outer loop
      vertex -10.4593 12.7185 2
      vertex -10.4025 12.5814 0
      vertex -10.4025 12.5814 2
    endloop
  endfacet
  facet normal -0.953685 -0.300809 0
    outer loop
      vertex -10.3579 12.44 0
      vertex -10.4025 12.5814 2
      vertex -10.4025 12.5814 0
    endloop
  endfacet
  facet normal -0.953685 -0.300809 0
    outer loop
      vertex -10.4025 12.5814 2
      vertex -10.3579 12.44 0
      vertex -10.3579 12.44 2
    endloop
  endfacet
  facet normal -0.976298 -0.216431 0
    outer loop
      vertex -10.3258 12.2952 0
      vertex -10.3579 12.44 2
      vertex -10.3579 12.44 0
    endloop
  endfacet
  facet normal -0.976298 -0.216431 0
    outer loop
      vertex -10.3579 12.44 2
      vertex -10.3258 12.2952 0
      vertex -10.3258 12.2952 2
    endloop
  endfacet
  facet normal -0.79315 -0.609026 0
    outer loop
      vertex -10.6074 12.9751 0
      vertex -10.6977 13.0927 2
      vertex -10.6977 13.0927 0
    endloop
  endfacet
  facet normal -0.79315 -0.609026 0
    outer loop
      vertex -10.6977 13.0927 2
      vertex -10.6074 12.9751 0
      vertex -10.6074 12.9751 2
    endloop
  endfacet
  facet normal -0.737434 -0.675419 0
    outer loop
      vertex -10.6977 13.0927 0
      vertex -10.7979 13.2021 2
      vertex -10.7979 13.2021 0
    endloop
  endfacet
  facet normal -0.737434 -0.675419 0
    outer loop
      vertex -10.7979 13.2021 2
      vertex -10.6977 13.0927 0
      vertex -10.6977 13.0927 2
    endloop
  endfacet
  facet normal -0.536832 -0.843689 0
    outer loop
      vertex -11.15 13.4722 0
      vertex -11.0249 13.3926 2
      vertex -11.15 13.4722 2
    endloop
  endfacet
  facet normal -0.536832 -0.843689 -0
    outer loop
      vertex -11.0249 13.3926 2
      vertex -11.15 13.4722 0
      vertex -11.0249 13.3926 0
    endloop
  endfacet
  facet normal 0.843689 -0.536832 0
    outer loop
      vertex -13.4722 12.85 2
      vertex -13.3926 12.9751 0
      vertex -13.3926 12.9751 2
    endloop
  endfacet
  facet normal 0.843689 -0.536832 0
    outer loop
      vertex -13.3926 12.9751 0
      vertex -13.4722 12.85 2
      vertex -13.4722 12.85 0
    endloop
  endfacet
  facet normal 0.675419 -0.737434 0
    outer loop
      vertex -13.2021 13.2021 0
      vertex -13.0927 13.3023 2
      vertex -13.2021 13.2021 2
    endloop
  endfacet
  facet normal 0.675419 -0.737434 0
    outer loop
      vertex -13.0927 13.3023 2
      vertex -13.2021 13.2021 0
      vertex -13.0927 13.3023 0
    endloop
  endfacet
  facet normal 0.609026 -0.79315 0
    outer loop
      vertex -13.0927 13.3023 0
      vertex -12.9751 13.3926 2
      vertex -13.0927 13.3023 2
    endloop
  endfacet
  facet normal 0.609026 -0.79315 0
    outer loop
      vertex -12.9751 13.3926 2
      vertex -13.0927 13.3023 0
      vertex -12.9751 13.3926 0
    endloop
  endfacet
  facet normal -0.991491 0.130175 0
    outer loop
      vertex -10.3258 11.7048 0
      vertex -10.3065 11.8518 2
      vertex -10.3065 11.8518 0
    endloop
  endfacet
  facet normal -0.991491 0.130175 0
    outer loop
      vertex -10.3065 11.8518 2
      vertex -10.3258 11.7048 0
      vertex -10.3258 11.7048 2
    endloop
  endfacet
  facet normal -0.923853 0.382749 0
    outer loop
      vertex -10.4593 11.2815 0
      vertex -10.4025 11.4186 2
      vertex -10.4025 11.4186 0
    endloop
  endfacet
  facet normal -0.923853 0.382749 0
    outer loop
      vertex -10.4025 11.4186 2
      vertex -10.4593 11.2815 0
      vertex -10.4593 11.2815 2
    endloop
  endfacet
  facet normal 0.0438175 0.99904 -0
    outer loop
      vertex -12 10.3 0
      vertex -12.1482 10.3065 2
      vertex -12 10.3 2
    endloop
  endfacet
  facet normal 0.0438175 0.99904 0
    outer loop
      vertex -12.1482 10.3065 2
      vertex -12 10.3 0
      vertex -12.1482 10.3065 0
    endloop
  endfacet
  facet normal 0.991491 0.130175 0
    outer loop
      vertex -13.6742 11.7048 2
      vertex -13.6935 11.8518 0
      vertex -13.6935 11.8518 2
    endloop
  endfacet
  facet normal 0.991491 0.130175 0
    outer loop
      vertex -13.6935 11.8518 0
      vertex -13.6742 11.7048 2
      vertex -13.6742 11.7048 0
    endloop
  endfacet
  facet normal 0.79315 0.609026 0
    outer loop
      vertex -13.3023 10.9073 2
      vertex -13.3926 11.0249 0
      vertex -13.3926 11.0249 2
    endloop
  endfacet
  facet normal 0.79315 0.609026 0
    outer loop
      vertex -13.3926 11.0249 0
      vertex -13.3023 10.9073 2
      vertex -13.3023 10.9073 0
    endloop
  endfacet
  facet normal 0.953685 0.300809 0
    outer loop
      vertex -13.5975 11.4186 2
      vertex -13.6421 11.56 0
      vertex -13.6421 11.56 2
    endloop
  endfacet
  facet normal 0.953685 0.300809 0
    outer loop
      vertex -13.6421 11.56 0
      vertex -13.5975 11.4186 2
      vertex -13.5975 11.4186 0
    endloop
  endfacet
  facet normal -0.130175 0.991491 0
    outer loop
      vertex -11.7048 10.3258 0
      vertex -11.8518 10.3065 2
      vertex -11.7048 10.3258 2
    endloop
  endfacet
  facet normal -0.130175 0.991491 0
    outer loop
      vertex -11.8518 10.3065 2
      vertex -11.7048 10.3258 0
      vertex -11.8518 10.3065 0
    endloop
  endfacet
  facet normal -0.382749 0.923853 0
    outer loop
      vertex -11.2815 10.4593 0
      vertex -11.4186 10.4025 2
      vertex -11.2815 10.4593 2
    endloop
  endfacet
  facet normal -0.382749 0.923853 0
    outer loop
      vertex -11.4186 10.4025 2
      vertex -11.2815 10.4593 0
      vertex -11.4186 10.4025 0
    endloop
  endfacet
  facet normal -0.79315 0.609026 0
    outer loop
      vertex -10.6977 10.9073 0
      vertex -10.6074 11.0249 2
      vertex -10.6074 11.0249 0
    endloop
  endfacet
  facet normal -0.79315 0.609026 0
    outer loop
      vertex -10.6074 11.0249 2
      vertex -10.6977 10.9073 0
      vertex -10.6977 10.9073 2
    endloop
  endfacet
  facet normal -0.953685 0.300809 0
    outer loop
      vertex -10.4025 11.4186 0
      vertex -10.3579 11.56 2
      vertex -10.3579 11.56 0
    endloop
  endfacet
  facet normal -0.953685 0.300809 0
    outer loop
      vertex -10.3579 11.56 2
      vertex -10.4025 11.4186 0
      vertex -10.4025 11.4186 2
    endloop
  endfacet
  facet normal 0.382749 0.923853 -0
    outer loop
      vertex -12.5814 10.4025 0
      vertex -12.7185 10.4593 2
      vertex -12.5814 10.4025 2
    endloop
  endfacet
  facet normal 0.382749 0.923853 0
    outer loop
      vertex -12.7185 10.4593 2
      vertex -12.5814 10.4025 0
      vertex -12.7185 10.4593 0
    endloop
  endfacet
  facet normal 0.46199 0.886885 -0
    outer loop
      vertex -12.7185 10.4593 0
      vertex -12.85 10.5278 2
      vertex -12.7185 10.4593 2
    endloop
  endfacet
  facet normal 0.46199 0.886885 0
    outer loop
      vertex -12.85 10.5278 2
      vertex -12.7185 10.4593 0
      vertex -12.85 10.5278 0
    endloop
  endfacet
  facet normal -0.0438175 0.99904 0
    outer loop
      vertex -11.8518 10.3065 0
      vertex -12 10.3 2
      vertex -11.8518 10.3065 2
    endloop
  endfacet
  facet normal -0.0438175 0.99904 0
    outer loop
      vertex -12 10.3 2
      vertex -11.8518 10.3065 0
      vertex -12 10.3 0
    endloop
  endfacet
  facet normal 0.675419 0.737434 -0
    outer loop
      vertex -13.0927 10.6977 0
      vertex -13.2021 10.7979 2
      vertex -13.0927 10.6977 2
    endloop
  endfacet
  facet normal 0.675419 0.737434 0
    outer loop
      vertex -13.2021 10.7979 2
      vertex -13.0927 10.6977 0
      vertex -13.2021 10.7979 0
    endloop
  endfacet
  facet normal 0.976298 0.216431 0
    outer loop
      vertex -13.6421 11.56 2
      vertex -13.6742 11.7048 0
      vertex -13.6742 11.7048 2
    endloop
  endfacet
  facet normal 0.976298 0.216431 0
    outer loop
      vertex -13.6742 11.7048 0
      vertex -13.6421 11.56 2
      vertex -13.6421 11.56 0
    endloop
  endfacet
  facet normal 0.923853 0.382749 0
    outer loop
      vertex -13.5407 11.2815 2
      vertex -13.5975 11.4186 0
      vertex -13.5975 11.4186 2
    endloop
  endfacet
  facet normal 0.923853 0.382749 0
    outer loop
      vertex -13.5975 11.4186 0
      vertex -13.5407 11.2815 2
      vertex -13.5407 11.2815 0
    endloop
  endfacet
  facet normal -0.300809 0.953685 0
    outer loop
      vertex -11.4186 10.4025 0
      vertex -11.56 10.3579 2
      vertex -11.4186 10.4025 2
    endloop
  endfacet
  facet normal -0.300809 0.953685 0
    outer loop
      vertex -11.56 10.3579 2
      vertex -11.4186 10.4025 0
      vertex -11.56 10.3579 0
    endloop
  endfacet
  facet normal -0.737434 0.675419 0
    outer loop
      vertex -10.7979 10.7979 0
      vertex -10.6977 10.9073 2
      vertex -10.6977 10.9073 0
    endloop
  endfacet
  facet normal -0.737434 0.675419 0
    outer loop
      vertex -10.6977 10.9073 2
      vertex -10.7979 10.7979 0
      vertex -10.7979 10.7979 2
    endloop
  endfacet
  facet normal -0.536832 0.843689 0
    outer loop
      vertex -11.0249 10.6074 0
      vertex -11.15 10.5278 2
      vertex -11.0249 10.6074 2
    endloop
  endfacet
  facet normal -0.536832 0.843689 0
    outer loop
      vertex -11.15 10.5278 2
      vertex -11.0249 10.6074 0
      vertex -11.15 10.5278 0
    endloop
  endfacet
  facet normal -0.46199 0.886885 0
    outer loop
      vertex -11.15 10.5278 0
      vertex -11.2815 10.4593 2
      vertex -11.15 10.5278 2
    endloop
  endfacet
  facet normal -0.46199 0.886885 0
    outer loop
      vertex -11.2815 10.4593 2
      vertex -11.15 10.5278 0
      vertex -11.2815 10.4593 0
    endloop
  endfacet
  facet normal -0.886885 0.46199 0
    outer loop
      vertex -10.5278 11.15 0
      vertex -10.4593 11.2815 2
      vertex -10.4593 11.2815 0
    endloop
  endfacet
  facet normal -0.886885 0.46199 0
    outer loop
      vertex -10.4593 11.2815 2
      vertex -10.5278 11.15 0
      vertex -10.5278 11.15 2
    endloop
  endfacet
  facet normal -0.843689 0.536832 0
    outer loop
      vertex -10.6074 11.0249 0
      vertex -10.5278 11.15 2
      vertex -10.5278 11.15 0
    endloop
  endfacet
  facet normal -0.843689 0.536832 0
    outer loop
      vertex -10.5278 11.15 2
      vertex -10.6074 11.0249 0
      vertex -10.6074 11.0249 2
    endloop
  endfacet
  facet normal 0.216431 0.976298 -0
    outer loop
      vertex -12.2952 10.3258 0
      vertex -12.44 10.3579 2
      vertex -12.2952 10.3258 2
    endloop
  endfacet
  facet normal 0.216431 0.976298 0
    outer loop
      vertex -12.44 10.3579 2
      vertex -12.2952 10.3258 0
      vertex -12.44 10.3579 0
    endloop
  endfacet
  facet normal 0.130175 0.991491 -0
    outer loop
      vertex -12.1482 10.3065 0
      vertex -12.2952 10.3258 2
      vertex -12.1482 10.3065 2
    endloop
  endfacet
  facet normal 0.130175 0.991491 0
    outer loop
      vertex -12.2952 10.3258 2
      vertex -12.1482 10.3065 0
      vertex -12.2952 10.3258 0
    endloop
  endfacet
  facet normal 0.843689 0.536832 0
    outer loop
      vertex -13.3926 11.0249 2
      vertex -13.4722 11.15 0
      vertex -13.4722 11.15 2
    endloop
  endfacet
  facet normal 0.843689 0.536832 0
    outer loop
      vertex -13.4722 11.15 0
      vertex -13.3926 11.0249 2
      vertex -13.3926 11.0249 0
    endloop
  endfacet
  facet normal -0.675419 0.737434 0
    outer loop
      vertex -10.7979 10.7979 0
      vertex -10.9073 10.6977 2
      vertex -10.7979 10.7979 2
    endloop
  endfacet
  facet normal -0.675419 0.737434 0
    outer loop
      vertex -10.9073 10.6977 2
      vertex -10.7979 10.7979 0
      vertex -10.9073 10.6977 0
    endloop
  endfacet
  facet normal -0.609026 0.79315 0
    outer loop
      vertex -10.9073 10.6977 0
      vertex -11.0249 10.6074 2
      vertex -10.9073 10.6977 2
    endloop
  endfacet
  facet normal -0.609026 0.79315 0
    outer loop
      vertex -11.0249 10.6074 2
      vertex -10.9073 10.6977 0
      vertex -11.0249 10.6074 0
    endloop
  endfacet
  facet normal 0.300809 0.953685 -0
    outer loop
      vertex -12.44 10.3579 0
      vertex -12.5814 10.4025 2
      vertex -12.44 10.3579 2
    endloop
  endfacet
  facet normal 0.300809 0.953685 0
    outer loop
      vertex -12.5814 10.4025 2
      vertex -12.44 10.3579 0
      vertex -12.5814 10.4025 0
    endloop
  endfacet
  facet normal 0.536832 0.843689 -0
    outer loop
      vertex -12.85 10.5278 0
      vertex -12.9751 10.6074 2
      vertex -12.85 10.5278 2
    endloop
  endfacet
  facet normal 0.536832 0.843689 0
    outer loop
      vertex -12.9751 10.6074 2
      vertex -12.85 10.5278 0
      vertex -12.9751 10.6074 0
    endloop
  endfacet
  facet normal 0.609026 0.79315 -0
    outer loop
      vertex -12.9751 10.6074 0
      vertex -13.0927 10.6977 2
      vertex -12.9751 10.6074 2
    endloop
  endfacet
  facet normal 0.609026 0.79315 0
    outer loop
      vertex -13.0927 10.6977 2
      vertex -12.9751 10.6074 0
      vertex -13.0927 10.6977 0
    endloop
  endfacet
  facet normal 0.737434 0.675419 0
    outer loop
      vertex -13.2021 10.7979 2
      vertex -13.3023 10.9073 0
      vertex -13.3023 10.9073 2
    endloop
  endfacet
  facet normal 0.737434 0.675419 0
    outer loop
      vertex -13.3023 10.9073 0
      vertex -13.2021 10.7979 2
      vertex -13.2021 10.7979 0
    endloop
  endfacet
  facet normal -0.99904 -0.0438175 0
    outer loop
      vertex 13.7 -12 0
      vertex 13.6935 -11.8518 2
      vertex 13.6935 -11.8518 0
    endloop
  endfacet
  facet normal -0.99904 -0.0438175 0
    outer loop
      vertex 13.6935 -11.8518 2
      vertex 13.7 -12 0
      vertex 13.7 -12 2
    endloop
  endfacet
  facet normal 0.99904 -0.0438175 0
    outer loop
      vertex 10.3 -12 2
      vertex 10.3065 -11.8518 0
      vertex 10.3065 -11.8518 2
    endloop
  endfacet
  facet normal 0.99904 -0.0438175 0
    outer loop
      vertex 10.3065 -11.8518 0
      vertex 10.3 -12 2
      vertex 10.3 -12 0
    endloop
  endfacet
  facet normal -0.0438175 -0.99904 0
    outer loop
      vertex 12 -10.3 0
      vertex 12.1482 -10.3065 2
      vertex 12 -10.3 2
    endloop
  endfacet
  facet normal -0.0438175 -0.99904 -0
    outer loop
      vertex 12.1482 -10.3065 2
      vertex 12 -10.3 0
      vertex 12.1482 -10.3065 0
    endloop
  endfacet
  facet normal -0.737434 -0.675419 0
    outer loop
      vertex 13.3023 -10.9073 0
      vertex 13.2021 -10.7979 2
      vertex 13.2021 -10.7979 0
    endloop
  endfacet
  facet normal -0.737434 -0.675419 0
    outer loop
      vertex 13.2021 -10.7979 2
      vertex 13.3023 -10.9073 0
      vertex 13.3023 -10.9073 2
    endloop
  endfacet
  facet normal 0.675419 -0.737434 0
    outer loop
      vertex 10.7979 -10.7979 0
      vertex 10.9073 -10.6977 2
      vertex 10.7979 -10.7979 2
    endloop
  endfacet
  facet normal 0.675419 -0.737434 0
    outer loop
      vertex 10.9073 -10.6977 2
      vertex 10.7979 -10.7979 0
      vertex 10.9073 -10.6977 0
    endloop
  endfacet
  facet normal 0.382749 -0.923853 0
    outer loop
      vertex 11.2815 -10.4593 0
      vertex 11.4186 -10.4025 2
      vertex 11.2815 -10.4593 2
    endloop
  endfacet
  facet normal 0.382749 -0.923853 0
    outer loop
      vertex 11.4186 -10.4025 2
      vertex 11.2815 -10.4593 0
      vertex 11.4186 -10.4025 0
    endloop
  endfacet
  facet normal 0.953685 0.300809 0
    outer loop
      vertex 10.4025 -12.5814 2
      vertex 10.3579 -12.44 0
      vertex 10.3579 -12.44 2
    endloop
  endfacet
  facet normal 0.953685 0.300809 0
    outer loop
      vertex 10.3579 -12.44 0
      vertex 10.4025 -12.5814 2
      vertex 10.4025 -12.5814 0
    endloop
  endfacet
  facet normal -0.923853 -0.382749 0
    outer loop
      vertex 13.5975 -11.4186 0
      vertex 13.5407 -11.2815 2
      vertex 13.5407 -11.2815 0
    endloop
  endfacet
  facet normal -0.923853 -0.382749 0
    outer loop
      vertex 13.5407 -11.2815 2
      vertex 13.5975 -11.4186 0
      vertex 13.5975 -11.4186 2
    endloop
  endfacet
  facet normal -0.46199 -0.886885 0
    outer loop
      vertex 12.7185 -10.4593 0
      vertex 12.85 -10.5278 2
      vertex 12.7185 -10.4593 2
    endloop
  endfacet
  facet normal -0.46199 -0.886885 -0
    outer loop
      vertex 12.85 -10.5278 2
      vertex 12.7185 -10.4593 0
      vertex 12.85 -10.5278 0
    endloop
  endfacet
  facet normal 0.843689 -0.536832 0
    outer loop
      vertex 10.5278 -11.15 2
      vertex 10.6074 -11.0249 0
      vertex 10.6074 -11.0249 2
    endloop
  endfacet
  facet normal 0.843689 -0.536832 0
    outer loop
      vertex 10.6074 -11.0249 0
      vertex 10.5278 -11.15 2
      vertex 10.5278 -11.15 0
    endloop
  endfacet
  facet normal 0.79315 -0.609026 0
    outer loop
      vertex 10.6074 -11.0249 2
      vertex 10.6977 -10.9073 0
      vertex 10.6977 -10.9073 2
    endloop
  endfacet
  facet normal 0.79315 -0.609026 0
    outer loop
      vertex 10.6977 -10.9073 0
      vertex 10.6074 -11.0249 2
      vertex 10.6074 -11.0249 0
    endloop
  endfacet
  facet normal 0.216431 -0.976298 0
    outer loop
      vertex 11.56 -10.3579 0
      vertex 11.7048 -10.3258 2
      vertex 11.56 -10.3579 2
    endloop
  endfacet
  facet normal 0.216431 -0.976298 0
    outer loop
      vertex 11.7048 -10.3258 2
      vertex 11.56 -10.3579 0
      vertex 11.7048 -10.3258 0
    endloop
  endfacet
  facet normal -0.300809 0.953685 0
    outer loop
      vertex 12.5814 -13.5975 0
      vertex 12.44 -13.6421 2
      vertex 12.5814 -13.5975 2
    endloop
  endfacet
  facet normal -0.300809 0.953685 0
    outer loop
      vertex 12.44 -13.6421 2
      vertex 12.5814 -13.5975 0
      vertex 12.44 -13.6421 0
    endloop
  endfacet
  facet normal -0.737434 0.675419 0
    outer loop
      vertex 13.2021 -13.2021 0
      vertex 13.3023 -13.0927 2
      vertex 13.3023 -13.0927 0
    endloop
  endfacet
  facet normal -0.737434 0.675419 0
    outer loop
      vertex 13.3023 -13.0927 2
      vertex 13.2021 -13.2021 0
      vertex 13.2021 -13.2021 2
    endloop
  endfacet
  facet normal 0.382749 0.923853 -0
    outer loop
      vertex 11.4186 -13.5975 0
      vertex 11.2815 -13.5407 2
      vertex 11.4186 -13.5975 2
    endloop
  endfacet
  facet normal 0.382749 0.923853 0
    outer loop
      vertex 11.2815 -13.5407 2
      vertex 11.4186 -13.5975 0
      vertex 11.2815 -13.5407 0
    endloop
  endfacet
  facet normal 0.737434 0.675419 0
    outer loop
      vertex 10.7979 -13.2021 2
      vertex 10.6977 -13.0927 0
      vertex 10.6977 -13.0927 2
    endloop
  endfacet
  facet normal 0.737434 0.675419 0
    outer loop
      vertex 10.6977 -13.0927 0
      vertex 10.7979 -13.2021 2
      vertex 10.7979 -13.2021 0
    endloop
  endfacet
  facet normal 0.79315 0.609026 0
    outer loop
      vertex 10.6977 -13.0927 2
      vertex 10.6074 -12.9751 0
      vertex 10.6074 -12.9751 2
    endloop
  endfacet
  facet normal 0.79315 0.609026 0
    outer loop
      vertex 10.6074 -12.9751 0
      vertex 10.6977 -13.0927 2
      vertex 10.6977 -13.0927 0
    endloop
  endfacet
  facet normal -0.976298 -0.216431 0
    outer loop
      vertex 13.6742 -11.7048 0
      vertex 13.6421 -11.56 2
      vertex 13.6421 -11.56 0
    endloop
  endfacet
  facet normal -0.976298 -0.216431 0
    outer loop
      vertex 13.6421 -11.56 2
      vertex 13.6742 -11.7048 0
      vertex 13.6742 -11.7048 2
    endloop
  endfacet
  facet normal -0.991491 -0.130175 0
    outer loop
      vertex 13.6935 -11.8518 0
      vertex 13.6742 -11.7048 2
      vertex 13.6742 -11.7048 0
    endloop
  endfacet
  facet normal -0.991491 -0.130175 0
    outer loop
      vertex 13.6742 -11.7048 2
      vertex 13.6935 -11.8518 0
      vertex 13.6935 -11.8518 2
    endloop
  endfacet
  facet normal -0.953685 -0.300809 0
    outer loop
      vertex 13.6421 -11.56 0
      vertex 13.5975 -11.4186 2
      vertex 13.5975 -11.4186 0
    endloop
  endfacet
  facet normal -0.953685 -0.300809 0
    outer loop
      vertex 13.5975 -11.4186 2
      vertex 13.6421 -11.56 0
      vertex 13.6421 -11.56 2
    endloop
  endfacet
  facet normal -0.843689 -0.536832 0
    outer loop
      vertex 13.4722 -11.15 0
      vertex 13.3926 -11.0249 2
      vertex 13.3926 -11.0249 0
    endloop
  endfacet
  facet normal -0.843689 -0.536832 0
    outer loop
      vertex 13.3926 -11.0249 2
      vertex 13.4722 -11.15 0
      vertex 13.4722 -11.15 2
    endloop
  endfacet
  facet normal -0.79315 -0.609026 0
    outer loop
      vertex 13.3926 -11.0249 0
      vertex 13.3023 -10.9073 2
      vertex 13.3023 -10.9073 0
    endloop
  endfacet
  facet normal -0.79315 -0.609026 0
    outer loop
      vertex 13.3023 -10.9073 2
      vertex 13.3926 -11.0249 0
      vertex 13.3926 -11.0249 2
    endloop
  endfacet
  facet normal -0.886885 -0.46199 0
    outer loop
      vertex 13.5407 -11.2815 0
      vertex 13.4722 -11.15 2
      vertex 13.4722 -11.15 0
    endloop
  endfacet
  facet normal -0.886885 -0.46199 0
    outer loop
      vertex 13.4722 -11.15 2
      vertex 13.5407 -11.2815 0
      vertex 13.5407 -11.2815 2
    endloop
  endfacet
  facet normal -0.300809 -0.953685 0
    outer loop
      vertex 12.44 -10.3579 0
      vertex 12.5814 -10.4025 2
      vertex 12.44 -10.3579 2
    endloop
  endfacet
  facet normal -0.300809 -0.953685 -0
    outer loop
      vertex 12.5814 -10.4025 2
      vertex 12.44 -10.3579 0
      vertex 12.5814 -10.4025 0
    endloop
  endfacet
  facet normal -0.216431 -0.976298 0
    outer loop
      vertex 12.2952 -10.3258 0
      vertex 12.44 -10.3579 2
      vertex 12.2952 -10.3258 2
    endloop
  endfacet
  facet normal -0.216431 -0.976298 -0
    outer loop
      vertex 12.44 -10.3579 2
      vertex 12.2952 -10.3258 0
      vertex 12.44 -10.3579 0
    endloop
  endfacet
  facet normal -0.609026 -0.79315 0
    outer loop
      vertex 12.9751 -10.6074 0
      vertex 13.0927 -10.6977 2
      vertex 12.9751 -10.6074 2
    endloop
  endfacet
  facet normal -0.609026 -0.79315 -0
    outer loop
      vertex 13.0927 -10.6977 2
      vertex 12.9751 -10.6074 0
      vertex 13.0927 -10.6977 0
    endloop
  endfacet
  facet normal -0.536832 -0.843689 0
    outer loop
      vertex 12.85 -10.5278 0
      vertex 12.9751 -10.6074 2
      vertex 12.85 -10.5278 2
    endloop
  endfacet
  facet normal -0.536832 -0.843689 -0
    outer loop
      vertex 12.9751 -10.6074 2
      vertex 12.85 -10.5278 0
      vertex 12.9751 -10.6074 0
    endloop
  endfacet
  facet normal -0.675419 -0.737434 0
    outer loop
      vertex 13.0927 -10.6977 0
      vertex 13.2021 -10.7979 2
      vertex 13.0927 -10.6977 2
    endloop
  endfacet
  facet normal -0.675419 -0.737434 -0
    outer loop
      vertex 13.2021 -10.7979 2
      vertex 13.0927 -10.6977 0
      vertex 13.2021 -10.7979 0
    endloop
  endfacet
  facet normal 0.953685 -0.300809 0
    outer loop
      vertex 10.3579 -11.56 2
      vertex 10.4025 -11.4186 0
      vertex 10.4025 -11.4186 2
    endloop
  endfacet
  facet normal 0.953685 -0.300809 0
    outer loop
      vertex 10.4025 -11.4186 0
      vertex 10.3579 -11.56 2
      vertex 10.3579 -11.56 0
    endloop
  endfacet
  facet normal 0.886885 -0.46199 0
    outer loop
      vertex 10.4593 -11.2815 2
      vertex 10.5278 -11.15 0
      vertex 10.5278 -11.15 2
    endloop
  endfacet
  facet normal 0.886885 -0.46199 0
    outer loop
      vertex 10.5278 -11.15 0
      vertex 10.4593 -11.2815 2
      vertex 10.4593 -11.2815 0
    endloop
  endfacet
  facet normal 0.976298 -0.216431 0
    outer loop
      vertex 10.3258 -11.7048 2
      vertex 10.3579 -11.56 0
      vertex 10.3579 -11.56 2
    endloop
  endfacet
  facet normal 0.976298 -0.216431 0
    outer loop
      vertex 10.3579 -11.56 0
      vertex 10.3258 -11.7048 2
      vertex 10.3258 -11.7048 0
    endloop
  endfacet
  facet normal 0.536832 -0.843689 0
    outer loop
      vertex 11.0249 -10.6074 0
      vertex 11.15 -10.5278 2
      vertex 11.0249 -10.6074 2
    endloop
  endfacet
  facet normal 0.536832 -0.843689 0
    outer loop
      vertex 11.15 -10.5278 2
      vertex 11.0249 -10.6074 0
      vertex 11.15 -10.5278 0
    endloop
  endfacet
  facet normal 0.130175 -0.991491 0
    outer loop
      vertex 11.7048 -10.3258 0
      vertex 11.8518 -10.3065 2
      vertex 11.7048 -10.3258 2
    endloop
  endfacet
  facet normal 0.130175 -0.991491 0
    outer loop
      vertex 11.8518 -10.3065 2
      vertex 11.7048 -10.3258 0
      vertex 11.8518 -10.3065 0
    endloop
  endfacet
  facet normal -0.99904 0.0438175 0
    outer loop
      vertex 13.6935 -12.1482 0
      vertex 13.7 -12 2
      vertex 13.7 -12 0
    endloop
  endfacet
  facet normal -0.99904 0.0438175 0
    outer loop
      vertex 13.7 -12 2
      vertex 13.6935 -12.1482 0
      vertex 13.6935 -12.1482 2
    endloop
  endfacet
  facet normal -0.46199 0.886885 0
    outer loop
      vertex 12.85 -13.4722 0
      vertex 12.7185 -13.5407 2
      vertex 12.85 -13.4722 2
    endloop
  endfacet
  facet normal -0.46199 0.886885 0
    outer loop
      vertex 12.7185 -13.5407 2
      vertex 12.85 -13.4722 0
      vertex 12.7185 -13.5407 0
    endloop
  endfacet
  facet normal -0.79315 0.609026 0
    outer loop
      vertex 13.3023 -13.0927 0
      vertex 13.3926 -12.9751 2
      vertex 13.3926 -12.9751 0
    endloop
  endfacet
  facet normal -0.79315 0.609026 0
    outer loop
      vertex 13.3926 -12.9751 2
      vertex 13.3023 -13.0927 0
      vertex 13.3023 -13.0927 2
    endloop
  endfacet
  facet normal 0.609026 0.79315 -0
    outer loop
      vertex 11.0249 -13.3926 0
      vertex 10.9073 -13.3023 2
      vertex 11.0249 -13.3926 2
    endloop
  endfacet
  facet normal 0.609026 0.79315 0
    outer loop
      vertex 10.9073 -13.3023 2
      vertex 11.0249 -13.3926 0
      vertex 10.9073 -13.3023 0
    endloop
  endfacet
  facet normal 0.675419 0.737434 -0
    outer loop
      vertex 10.9073 -13.3023 0
      vertex 10.7979 -13.2021 2
      vertex 10.9073 -13.3023 2
    endloop
  endfacet
  facet normal 0.675419 0.737434 0
    outer loop
      vertex 10.7979 -13.2021 2
      vertex 10.9073 -13.3023 0
      vertex 10.7979 -13.2021 0
    endloop
  endfacet
  facet normal 0.536832 0.843689 -0
    outer loop
      vertex 11.15 -13.4722 0
      vertex 11.0249 -13.3926 2
      vertex 11.15 -13.4722 2
    endloop
  endfacet
  facet normal 0.536832 0.843689 0
    outer loop
      vertex 11.0249 -13.3926 2
      vertex 11.15 -13.4722 0
      vertex 11.0249 -13.3926 0
    endloop
  endfacet
  facet normal 0.216431 0.976298 -0
    outer loop
      vertex 11.7048 -13.6742 0
      vertex 11.56 -13.6421 2
      vertex 11.7048 -13.6742 2
    endloop
  endfacet
  facet normal 0.216431 0.976298 0
    outer loop
      vertex 11.56 -13.6421 2
      vertex 11.7048 -13.6742 0
      vertex 11.56 -13.6421 0
    endloop
  endfacet
  facet normal 0.886885 0.46199 0
    outer loop
      vertex 10.5278 -12.85 2
      vertex 10.4593 -12.7185 0
      vertex 10.4593 -12.7185 2
    endloop
  endfacet
  facet normal 0.886885 0.46199 0
    outer loop
      vertex 10.4593 -12.7185 0
      vertex 10.5278 -12.85 2
      vertex 10.5278 -12.85 0
    endloop
  endfacet
  facet normal 0.923853 0.382749 0
    outer loop
      vertex 10.4593 -12.7185 2
      vertex 10.4025 -12.5814 0
      vertex 10.4025 -12.5814 2
    endloop
  endfacet
  facet normal 0.923853 0.382749 0
    outer loop
      vertex 10.4025 -12.5814 0
      vertex 10.4593 -12.7185 2
      vertex 10.4593 -12.7185 0
    endloop
  endfacet
  facet normal -0.382749 -0.923853 0
    outer loop
      vertex 12.5814 -10.4025 0
      vertex 12.7185 -10.4593 2
      vertex 12.5814 -10.4025 2
    endloop
  endfacet
  facet normal -0.382749 -0.923853 -0
    outer loop
      vertex 12.7185 -10.4593 2
      vertex 12.5814 -10.4025 0
      vertex 12.7185 -10.4593 0
    endloop
  endfacet
  facet normal -0.130175 -0.991491 0
    outer loop
      vertex 12.1482 -10.3065 0
      vertex 12.2952 -10.3258 2
      vertex 12.1482 -10.3065 2
    endloop
  endfacet
  facet normal -0.130175 -0.991491 -0
    outer loop
      vertex 12.2952 -10.3258 2
      vertex 12.1482 -10.3065 0
      vertex 12.2952 -10.3258 0
    endloop
  endfacet
  facet normal 0.737434 -0.675419 0
    outer loop
      vertex 10.6977 -10.9073 2
      vertex 10.7979 -10.7979 0
      vertex 10.7979 -10.7979 2
    endloop
  endfacet
  facet normal 0.737434 -0.675419 0
    outer loop
      vertex 10.7979 -10.7979 0
      vertex 10.6977 -10.9073 2
      vertex 10.6977 -10.9073 0
    endloop
  endfacet
  facet normal 0.923853 -0.382749 0
    outer loop
      vertex 10.4025 -11.4186 2
      vertex 10.4593 -11.2815 0
      vertex 10.4593 -11.2815 2
    endloop
  endfacet
  facet normal 0.923853 -0.382749 0
    outer loop
      vertex 10.4593 -11.2815 0
      vertex 10.4025 -11.4186 2
      vertex 10.4025 -11.4186 0
    endloop
  endfacet
  facet normal 0.991491 -0.130175 0
    outer loop
      vertex 10.3065 -11.8518 2
      vertex 10.3258 -11.7048 0
      vertex 10.3258 -11.7048 2
    endloop
  endfacet
  facet normal 0.991491 -0.130175 0
    outer loop
      vertex 10.3258 -11.7048 0
      vertex 10.3065 -11.8518 2
      vertex 10.3065 -11.8518 0
    endloop
  endfacet
  facet normal 0.609026 -0.79315 0
    outer loop
      vertex 10.9073 -10.6977 0
      vertex 11.0249 -10.6074 2
      vertex 10.9073 -10.6977 2
    endloop
  endfacet
  facet normal 0.609026 -0.79315 0
    outer loop
      vertex 11.0249 -10.6074 2
      vertex 10.9073 -10.6977 0
      vertex 11.0249 -10.6074 0
    endloop
  endfacet
  facet normal 0.46199 -0.886885 0
    outer loop
      vertex 11.15 -10.5278 0
      vertex 11.2815 -10.4593 2
      vertex 11.15 -10.5278 2
    endloop
  endfacet
  facet normal 0.46199 -0.886885 0
    outer loop
      vertex 11.2815 -10.4593 2
      vertex 11.15 -10.5278 0
      vertex 11.2815 -10.4593 0
    endloop
  endfacet
  facet normal 0.300809 -0.953685 0
    outer loop
      vertex 11.4186 -10.4025 0
      vertex 11.56 -10.3579 2
      vertex 11.4186 -10.4025 2
    endloop
  endfacet
  facet normal 0.300809 -0.953685 0
    outer loop
      vertex 11.56 -10.3579 2
      vertex 11.4186 -10.4025 0
      vertex 11.56 -10.3579 0
    endloop
  endfacet
  facet normal 0.0438175 -0.99904 0
    outer loop
      vertex 11.8518 -10.3065 0
      vertex 12 -10.3 2
      vertex 11.8518 -10.3065 2
    endloop
  endfacet
  facet normal 0.0438175 -0.99904 0
    outer loop
      vertex 12 -10.3 2
      vertex 11.8518 -10.3065 0
      vertex 12 -10.3 0
    endloop
  endfacet
  facet normal -0.923853 0.382749 0
    outer loop
      vertex 13.5407 -12.7185 0
      vertex 13.5975 -12.5814 2
      vertex 13.5975 -12.5814 0
    endloop
  endfacet
  facet normal -0.923853 0.382749 0
    outer loop
      vertex 13.5975 -12.5814 2
      vertex 13.5407 -12.7185 0
      vertex 13.5407 -12.7185 2
    endloop
  endfacet
  facet normal -0.0438175 0.99904 0
    outer loop
      vertex 12.1482 -13.6935 0
      vertex 12 -13.7 2
      vertex 12.1482 -13.6935 2
    endloop
  endfacet
  facet normal -0.0438175 0.99904 0
    outer loop
      vertex 12 -13.7 2
      vertex 12.1482 -13.6935 0
      vertex 12 -13.7 0
    endloop
  endfacet
  facet normal -0.216431 0.976298 0
    outer loop
      vertex 12.44 -13.6421 0
      vertex 12.2952 -13.6742 2
      vertex 12.44 -13.6421 2
    endloop
  endfacet
  facet normal -0.216431 0.976298 0
    outer loop
      vertex 12.2952 -13.6742 2
      vertex 12.44 -13.6421 0
      vertex 12.2952 -13.6742 0
    endloop
  endfacet
  facet normal -0.382749 0.923853 0
    outer loop
      vertex 12.7185 -13.5407 0
      vertex 12.5814 -13.5975 2
      vertex 12.7185 -13.5407 2
    endloop
  endfacet
  facet normal -0.382749 0.923853 0
    outer loop
      vertex 12.5814 -13.5975 2
      vertex 12.7185 -13.5407 0
      vertex 12.5814 -13.5975 0
    endloop
  endfacet
  facet normal -0.609026 0.79315 0
    outer loop
      vertex 13.0927 -13.3023 0
      vertex 12.9751 -13.3926 2
      vertex 13.0927 -13.3023 2
    endloop
  endfacet
  facet normal -0.609026 0.79315 0
    outer loop
      vertex 12.9751 -13.3926 2
      vertex 13.0927 -13.3023 0
      vertex 12.9751 -13.3926 0
    endloop
  endfacet
  facet normal -0.675419 0.737434 0
    outer loop
      vertex 13.2021 -13.2021 0
      vertex 13.0927 -13.3023 2
      vertex 13.2021 -13.2021 2
    endloop
  endfacet
  facet normal -0.675419 0.737434 0
    outer loop
      vertex 13.0927 -13.3023 2
      vertex 13.2021 -13.2021 0
      vertex 13.0927 -13.3023 0
    endloop
  endfacet
  facet normal -0.536832 0.843689 0
    outer loop
      vertex 12.9751 -13.3926 0
      vertex 12.85 -13.4722 2
      vertex 12.9751 -13.3926 2
    endloop
  endfacet
  facet normal -0.536832 0.843689 0
    outer loop
      vertex 12.85 -13.4722 2
      vertex 12.9751 -13.3926 0
      vertex 12.85 -13.4722 0
    endloop
  endfacet
  facet normal 0.46199 0.886885 -0
    outer loop
      vertex 11.2815 -13.5407 0
      vertex 11.15 -13.4722 2
      vertex 11.2815 -13.5407 2
    endloop
  endfacet
  facet normal 0.46199 0.886885 0
    outer loop
      vertex 11.15 -13.4722 2
      vertex 11.2815 -13.5407 0
      vertex 11.15 -13.4722 0
    endloop
  endfacet
  facet normal 0.300809 0.953685 -0
    outer loop
      vertex 11.56 -13.6421 0
      vertex 11.4186 -13.5975 2
      vertex 11.56 -13.6421 2
    endloop
  endfacet
  facet normal 0.300809 0.953685 0
    outer loop
      vertex 11.4186 -13.5975 2
      vertex 11.56 -13.6421 0
      vertex 11.4186 -13.5975 0
    endloop
  endfacet
  facet normal 0.130175 0.991491 -0
    outer loop
      vertex 11.8518 -13.6935 0
      vertex 11.7048 -13.6742 2
      vertex 11.8518 -13.6935 2
    endloop
  endfacet
  facet normal 0.130175 0.991491 0
    outer loop
      vertex 11.7048 -13.6742 2
      vertex 11.8518 -13.6935 0
      vertex 11.7048 -13.6742 0
    endloop
  endfacet
  facet normal 0.843689 0.536832 0
    outer loop
      vertex 10.6074 -12.9751 2
      vertex 10.5278 -12.85 0
      vertex 10.5278 -12.85 2
    endloop
  endfacet
  facet normal 0.843689 0.536832 0
    outer loop
      vertex 10.5278 -12.85 0
      vertex 10.6074 -12.9751 2
      vertex 10.6074 -12.9751 0
    endloop
  endfacet
  facet normal 0.976298 0.216431 0
    outer loop
      vertex 10.3579 -12.44 2
      vertex 10.3258 -12.2952 0
      vertex 10.3258 -12.2952 2
    endloop
  endfacet
  facet normal 0.976298 0.216431 0
    outer loop
      vertex 10.3258 -12.2952 0
      vertex 10.3579 -12.44 2
      vertex 10.3579 -12.44 0
    endloop
  endfacet
  facet normal 0.99904 0.0438175 0
    outer loop
      vertex 10.3065 -12.1482 2
      vertex 10.3 -12 0
      vertex 10.3 -12 2
    endloop
  endfacet
  facet normal 0.99904 0.0438175 0
    outer loop
      vertex 10.3 -12 0
      vertex 10.3065 -12.1482 2
      vertex 10.3065 -12.1482 0
    endloop
  endfacet
  facet normal -0.843689 0.536832 0
    outer loop
      vertex 13.3926 -12.9751 0
      vertex 13.4722 -12.85 2
      vertex 13.4722 -12.85 0
    endloop
  endfacet
  facet normal -0.843689 0.536832 0
    outer loop
      vertex 13.4722 -12.85 2
      vertex 13.3926 -12.9751 0
      vertex 13.3926 -12.9751 2
    endloop
  endfacet
  facet normal -0.886885 0.46199 0
    outer loop
      vertex 13.4722 -12.85 0
      vertex 13.5407 -12.7185 2
      vertex 13.5407 -12.7185 0
    endloop
  endfacet
  facet normal -0.886885 0.46199 0
    outer loop
      vertex 13.5407 -12.7185 2
      vertex 13.4722 -12.85 0
      vertex 13.4722 -12.85 2
    endloop
  endfacet
  facet normal -0.991491 0.130175 0
    outer loop
      vertex 13.6742 -12.2952 0
      vertex 13.6935 -12.1482 2
      vertex 13.6935 -12.1482 0
    endloop
  endfacet
  facet normal -0.991491 0.130175 0
    outer loop
      vertex 13.6935 -12.1482 2
      vertex 13.6742 -12.2952 0
      vertex 13.6742 -12.2952 2
    endloop
  endfacet
  facet normal -0.130175 0.991491 0
    outer loop
      vertex 12.2952 -13.6742 0
      vertex 12.1482 -13.6935 2
      vertex 12.2952 -13.6742 2
    endloop
  endfacet
  facet normal -0.130175 0.991491 0
    outer loop
      vertex 12.1482 -13.6935 2
      vertex 12.2952 -13.6742 0
      vertex 12.1482 -13.6935 0
    endloop
  endfacet
  facet normal 0.0438175 0.99904 -0
    outer loop
      vertex 12 -13.7 0
      vertex 11.8518 -13.6935 2
      vertex 12 -13.7 2
    endloop
  endfacet
  facet normal 0.0438175 0.99904 0
    outer loop
      vertex 11.8518 -13.6935 2
      vertex 12 -13.7 0
      vertex 11.8518 -13.6935 0
    endloop
  endfacet
  facet normal 0.991491 0.130175 0
    outer loop
      vertex 10.3258 -12.2952 2
      vertex 10.3065 -12.1482 0
      vertex 10.3065 -12.1482 2
    endloop
  endfacet
  facet normal 0.991491 0.130175 0
    outer loop
      vertex 10.3065 -12.1482 0
      vertex 10.3258 -12.2952 2
      vertex 10.3258 -12.2952 0
    endloop
  endfacet
  facet normal -0.953685 0.300809 0
    outer loop
      vertex 13.5975 -12.5814 0
      vertex 13.6421 -12.44 2
      vertex 13.6421 -12.44 0
    endloop
  endfacet
  facet normal -0.953685 0.300809 0
    outer loop
      vertex 13.6421 -12.44 2
      vertex 13.5975 -12.5814 0
      vertex 13.5975 -12.5814 2
    endloop
  endfacet
  facet normal -0.976298 0.216431 0
    outer loop
      vertex 13.6421 -12.44 0
      vertex 13.6742 -12.2952 2
      vertex 13.6742 -12.2952 0
    endloop
  endfacet
  facet normal -0.976298 0.216431 0
    outer loop
      vertex 13.6742 -12.2952 2
      vertex 13.6421 -12.44 0
      vertex 13.6421 -12.44 2
    endloop
  endfacet
  facet normal -0.99904 -0.0438175 0
    outer loop
      vertex 13.7 12 0
      vertex 13.6935 12.1482 2
      vertex 13.6935 12.1482 0
    endloop
  endfacet
  facet normal -0.99904 -0.0438175 0
    outer loop
      vertex 13.6935 12.1482 2
      vertex 13.7 12 0
      vertex 13.7 12 2
    endloop
  endfacet
  facet normal 0.0438175 -0.99904 0
    outer loop
      vertex 11.8518 13.6935 0
      vertex 12 13.7 2
      vertex 11.8518 13.6935 2
    endloop
  endfacet
  facet normal 0.0438175 -0.99904 0
    outer loop
      vertex 12 13.7 2
      vertex 11.8518 13.6935 0
      vertex 12 13.7 0
    endloop
  endfacet
  facet normal -0.675419 -0.737434 0
    outer loop
      vertex 13.0927 13.3023 0
      vertex 13.2021 13.2021 2
      vertex 13.0927 13.3023 2
    endloop
  endfacet
  facet normal -0.675419 -0.737434 -0
    outer loop
      vertex 13.2021 13.2021 2
      vertex 13.0927 13.3023 0
      vertex 13.2021 13.2021 0
    endloop
  endfacet
  facet normal 0.737434 -0.675419 0
    outer loop
      vertex 10.6977 13.0927 2
      vertex 10.7979 13.2021 0
      vertex 10.7979 13.2021 2
    endloop
  endfacet
  facet normal 0.737434 -0.675419 0
    outer loop
      vertex 10.7979 13.2021 0
      vertex 10.6977 13.0927 2
      vertex 10.6977 13.0927 0
    endloop
  endfacet
  facet normal 0.382749 -0.923853 0
    outer loop
      vertex 11.2815 13.5407 0
      vertex 11.4186 13.5975 2
      vertex 11.2815 13.5407 2
    endloop
  endfacet
  facet normal 0.382749 -0.923853 0
    outer loop
      vertex 11.4186 13.5975 2
      vertex 11.2815 13.5407 0
      vertex 11.4186 13.5975 0
    endloop
  endfacet
  facet normal -0.923853 -0.382749 0
    outer loop
      vertex 13.5975 12.5814 0
      vertex 13.5407 12.7185 2
      vertex 13.5407 12.7185 0
    endloop
  endfacet
  facet normal -0.923853 -0.382749 0
    outer loop
      vertex 13.5407 12.7185 2
      vertex 13.5975 12.5814 0
      vertex 13.5975 12.5814 2
    endloop
  endfacet
  facet normal -0.300809 -0.953685 0
    outer loop
      vertex 12.44 13.6421 0
      vertex 12.5814 13.5975 2
      vertex 12.44 13.6421 2
    endloop
  endfacet
  facet normal -0.300809 -0.953685 -0
    outer loop
      vertex 12.5814 13.5975 2
      vertex 12.44 13.6421 0
      vertex 12.5814 13.5975 0
    endloop
  endfacet
  facet normal 0.923853 -0.382749 0
    outer loop
      vertex 10.4025 12.5814 2
      vertex 10.4593 12.7185 0
      vertex 10.4593 12.7185 2
    endloop
  endfacet
  facet normal 0.923853 -0.382749 0
    outer loop
      vertex 10.4593 12.7185 0
      vertex 10.4025 12.5814 2
      vertex 10.4025 12.5814 0
    endloop
  endfacet
  facet normal 0.99904 0.0438175 0
    outer loop
      vertex 10.3065 11.8518 2
      vertex 10.3 12 0
      vertex 10.3 12 2
    endloop
  endfacet
  facet normal 0.99904 0.0438175 0
    outer loop
      vertex 10.3 12 0
      vertex 10.3065 11.8518 2
      vertex 10.3065 11.8518 0
    endloop
  endfacet
  facet normal 0.0438175 0.99904 -0
    outer loop
      vertex 12 10.3 0
      vertex 11.8518 10.3065 2
      vertex 12 10.3 2
    endloop
  endfacet
  facet normal 0.0438175 0.99904 0
    outer loop
      vertex 11.8518 10.3065 2
      vertex 12 10.3 0
      vertex 11.8518 10.3065 0
    endloop
  endfacet
  facet normal -0.976298 -0.216431 0
    outer loop
      vertex 13.6742 12.2952 0
      vertex 13.6421 12.44 2
      vertex 13.6421 12.44 0
    endloop
  endfacet
  facet normal -0.976298 -0.216431 0
    outer loop
      vertex 13.6421 12.44 2
      vertex 13.6742 12.2952 0
      vertex 13.6742 12.2952 2
    endloop
  endfacet
  facet normal -0.991491 -0.130175 0
    outer loop
      vertex 13.6935 12.1482 0
      vertex 13.6742 12.2952 2
      vertex 13.6742 12.2952 0
    endloop
  endfacet
  facet normal -0.991491 -0.130175 0
    outer loop
      vertex 13.6742 12.2952 2
      vertex 13.6935 12.1482 0
      vertex 13.6935 12.1482 2
    endloop
  endfacet
  facet normal -0.953685 -0.300809 0
    outer loop
      vertex 13.6421 12.44 0
      vertex 13.5975 12.5814 2
      vertex 13.5975 12.5814 0
    endloop
  endfacet
  facet normal -0.953685 -0.300809 0
    outer loop
      vertex 13.5975 12.5814 2
      vertex 13.6421 12.44 0
      vertex 13.6421 12.44 2
    endloop
  endfacet
  facet normal -0.843689 -0.536832 0
    outer loop
      vertex 13.4722 12.85 0
      vertex 13.3926 12.9751 2
      vertex 13.3926 12.9751 0
    endloop
  endfacet
  facet normal -0.843689 -0.536832 0
    outer loop
      vertex 13.3926 12.9751 2
      vertex 13.4722 12.85 0
      vertex 13.4722 12.85 2
    endloop
  endfacet
  facet normal -0.737434 -0.675419 0
    outer loop
      vertex 13.3023 13.0927 0
      vertex 13.2021 13.2021 2
      vertex 13.2021 13.2021 0
    endloop
  endfacet
  facet normal -0.737434 -0.675419 0
    outer loop
      vertex 13.2021 13.2021 2
      vertex 13.3023 13.0927 0
      vertex 13.3023 13.0927 2
    endloop
  endfacet
  facet normal -0.886885 -0.46199 0
    outer loop
      vertex 13.5407 12.7185 0
      vertex 13.4722 12.85 2
      vertex 13.4722 12.85 0
    endloop
  endfacet
  facet normal -0.886885 -0.46199 0
    outer loop
      vertex 13.4722 12.85 2
      vertex 13.5407 12.7185 0
      vertex 13.5407 12.7185 2
    endloop
  endfacet
  facet normal -0.216431 -0.976298 0
    outer loop
      vertex 12.2952 13.6742 0
      vertex 12.44 13.6421 2
      vertex 12.2952 13.6742 2
    endloop
  endfacet
  facet normal -0.216431 -0.976298 -0
    outer loop
      vertex 12.44 13.6421 2
      vertex 12.2952 13.6742 0
      vertex 12.44 13.6421 0
    endloop
  endfacet
  facet normal -0.130175 -0.991491 0
    outer loop
      vertex 12.1482 13.6935 0
      vertex 12.2952 13.6742 2
      vertex 12.1482 13.6935 2
    endloop
  endfacet
  facet normal -0.130175 -0.991491 -0
    outer loop
      vertex 12.2952 13.6742 2
      vertex 12.1482 13.6935 0
      vertex 12.2952 13.6742 0
    endloop
  endfacet
  facet normal -0.0438175 -0.99904 0
    outer loop
      vertex 12 13.7 0
      vertex 12.1482 13.6935 2
      vertex 12 13.7 2
    endloop
  endfacet
  facet normal -0.0438175 -0.99904 -0
    outer loop
      vertex 12.1482 13.6935 2
      vertex 12 13.7 0
      vertex 12.1482 13.6935 0
    endloop
  endfacet
  facet normal -0.609026 -0.79315 0
    outer loop
      vertex 12.9751 13.3926 0
      vertex 13.0927 13.3023 2
      vertex 12.9751 13.3926 2
    endloop
  endfacet
  facet normal -0.609026 -0.79315 -0
    outer loop
      vertex 13.0927 13.3023 2
      vertex 12.9751 13.3926 0
      vertex 13.0927 13.3023 0
    endloop
  endfacet
  facet normal -0.382749 -0.923853 0
    outer loop
      vertex 12.5814 13.5975 0
      vertex 12.7185 13.5407 2
      vertex 12.5814 13.5975 2
    endloop
  endfacet
  facet normal -0.382749 -0.923853 -0
    outer loop
      vertex 12.7185 13.5407 2
      vertex 12.5814 13.5975 0
      vertex 12.7185 13.5407 0
    endloop
  endfacet
  facet normal 0.79315 -0.609026 0
    outer loop
      vertex 10.6074 12.9751 2
      vertex 10.6977 13.0927 0
      vertex 10.6977 13.0927 2
    endloop
  endfacet
  facet normal 0.79315 -0.609026 0
    outer loop
      vertex 10.6977 13.0927 0
      vertex 10.6074 12.9751 2
      vertex 10.6074 12.9751 0
    endloop
  endfacet
  facet normal 0.953685 -0.300809 0
    outer loop
      vertex 10.3579 12.44 2
      vertex 10.4025 12.5814 0
      vertex 10.4025 12.5814 2
    endloop
  endfacet
  facet normal 0.953685 -0.300809 0
    outer loop
      vertex 10.4025 12.5814 0
      vertex 10.3579 12.44 2
      vertex 10.3579 12.44 0
    endloop
  endfacet
  facet normal 0.976298 -0.216431 0
    outer loop
      vertex 10.3258 12.2952 2
      vertex 10.3579 12.44 0
      vertex 10.3579 12.44 2
    endloop
  endfacet
  facet normal 0.976298 -0.216431 0
    outer loop
      vertex 10.3579 12.44 0
      vertex 10.3258 12.2952 2
      vertex 10.3258 12.2952 0
    endloop
  endfacet
  facet normal 0.991491 -0.130175 0
    outer loop
      vertex 10.3065 12.1482 2
      vertex 10.3258 12.2952 0
      vertex 10.3258 12.2952 2
    endloop
  endfacet
  facet normal 0.991491 -0.130175 0
    outer loop
      vertex 10.3258 12.2952 0
      vertex 10.3065 12.1482 2
      vertex 10.3065 12.1482 0
    endloop
  endfacet
  facet normal 0.99904 -0.0438175 0
    outer loop
      vertex 10.3 12 2
      vertex 10.3065 12.1482 0
      vertex 10.3065 12.1482 2
    endloop
  endfacet
  facet normal 0.99904 -0.0438175 0
    outer loop
      vertex 10.3065 12.1482 0
      vertex 10.3 12 2
      vertex 10.3 12 0
    endloop
  endfacet
  facet normal 0.46199 -0.886885 0
    outer loop
      vertex 11.15 13.4722 0
      vertex 11.2815 13.5407 2
      vertex 11.15 13.4722 2
    endloop
  endfacet
  facet normal 0.46199 -0.886885 0
    outer loop
      vertex 11.2815 13.5407 2
      vertex 11.15 13.4722 0
      vertex 11.2815 13.5407 0
    endloop
  endfacet
  facet normal 0.536832 -0.843689 0
    outer loop
      vertex 11.0249 13.3926 0
      vertex 11.15 13.4722 2
      vertex 11.0249 13.3926 2
    endloop
  endfacet
  facet normal 0.536832 -0.843689 0
    outer loop
      vertex 11.15 13.4722 2
      vertex 11.0249 13.3926 0
      vertex 11.15 13.4722 0
    endloop
  endfacet
  facet normal 0.675419 -0.737434 0
    outer loop
      vertex 10.7979 13.2021 0
      vertex 10.9073 13.3023 2
      vertex 10.7979 13.2021 2
    endloop
  endfacet
  facet normal 0.675419 -0.737434 0
    outer loop
      vertex 10.9073 13.3023 2
      vertex 10.7979 13.2021 0
      vertex 10.9073 13.3023 0
    endloop
  endfacet
  facet normal 0.130175 -0.991491 0
    outer loop
      vertex 11.7048 13.6742 0
      vertex 11.8518 13.6935 2
      vertex 11.7048 13.6742 2
    endloop
  endfacet
  facet normal 0.130175 -0.991491 0
    outer loop
      vertex 11.8518 13.6935 2
      vertex 11.7048 13.6742 0
      vertex 11.8518 13.6935 0
    endloop
  endfacet
  facet normal 0.216431 -0.976298 0
    outer loop
      vertex 11.56 13.6421 0
      vertex 11.7048 13.6742 2
      vertex 11.56 13.6421 2
    endloop
  endfacet
  facet normal 0.216431 -0.976298 0
    outer loop
      vertex 11.7048 13.6742 2
      vertex 11.56 13.6421 0
      vertex 11.7048 13.6742 0
    endloop
  endfacet
  facet normal -0.99904 0.0438175 0
    outer loop
      vertex 13.6935 11.8518 0
      vertex 13.7 12 2
      vertex 13.7 12 0
    endloop
  endfacet
  facet normal -0.99904 0.0438175 0
    outer loop
      vertex 13.7 12 2
      vertex 13.6935 11.8518 0
      vertex 13.6935 11.8518 2
    endloop
  endfacet
  facet normal 0.923853 0.382749 0
    outer loop
      vertex 10.4593 11.2815 2
      vertex 10.4025 11.4186 0
      vertex 10.4025 11.4186 2
    endloop
  endfacet
  facet normal 0.923853 0.382749 0
    outer loop
      vertex 10.4025 11.4186 0
      vertex 10.4593 11.2815 2
      vertex 10.4593 11.2815 0
    endloop
  endfacet
  facet normal -0.382749 0.923853 0
    outer loop
      vertex 12.7185 10.4593 0
      vertex 12.5814 10.4025 2
      vertex 12.7185 10.4593 2
    endloop
  endfacet
  facet normal -0.382749 0.923853 0
    outer loop
      vertex 12.5814 10.4025 2
      vertex 12.7185 10.4593 0
      vertex 12.5814 10.4025 0
    endloop
  endfacet
  facet normal -0.79315 -0.609026 0
    outer loop
      vertex 13.3926 12.9751 0
      vertex 13.3023 13.0927 2
      vertex 13.3023 13.0927 0
    endloop
  endfacet
  facet normal -0.79315 -0.609026 0
    outer loop
      vertex 13.3023 13.0927 2
      vertex 13.3926 12.9751 0
      vertex 13.3926 12.9751 2
    endloop
  endfacet
  facet normal -0.536832 -0.843689 0
    outer loop
      vertex 12.85 13.4722 0
      vertex 12.9751 13.3926 2
      vertex 12.85 13.4722 2
    endloop
  endfacet
  facet normal -0.536832 -0.843689 -0
    outer loop
      vertex 12.9751 13.3926 2
      vertex 12.85 13.4722 0
      vertex 12.9751 13.3926 0
    endloop
  endfacet
  facet normal -0.46199 -0.886885 0
    outer loop
      vertex 12.7185 13.5407 0
      vertex 12.85 13.4722 2
      vertex 12.7185 13.5407 2
    endloop
  endfacet
  facet normal -0.46199 -0.886885 -0
    outer loop
      vertex 12.85 13.4722 2
      vertex 12.7185 13.5407 0
      vertex 12.85 13.4722 0
    endloop
  endfacet
  facet normal 0.609026 -0.79315 0
    outer loop
      vertex 10.9073 13.3023 0
      vertex 11.0249 13.3926 2
      vertex 10.9073 13.3023 2
    endloop
  endfacet
  facet normal 0.609026 -0.79315 0
    outer loop
      vertex 11.0249 13.3926 2
      vertex 10.9073 13.3023 0
      vertex 11.0249 13.3926 0
    endloop
  endfacet
  facet normal 0.300809 -0.953685 0
    outer loop
      vertex 11.4186 13.5975 0
      vertex 11.56 13.6421 2
      vertex 11.4186 13.5975 2
    endloop
  endfacet
  facet normal 0.300809 -0.953685 0
    outer loop
      vertex 11.56 13.6421 2
      vertex 11.4186 13.5975 0
      vertex 11.56 13.6421 0
    endloop
  endfacet
  facet normal -0.953685 0.300809 0
    outer loop
      vertex 13.5975 11.4186 0
      vertex 13.6421 11.56 2
      vertex 13.6421 11.56 0
    endloop
  endfacet
  facet normal -0.953685 0.300809 0
    outer loop
      vertex 13.6421 11.56 2
      vertex 13.5975 11.4186 0
      vertex 13.5975 11.4186 2
    endloop
  endfacet
  facet normal -0.976298 0.216431 0
    outer loop
      vertex 13.6421 11.56 0
      vertex 13.6742 11.7048 2
      vertex 13.6742 11.7048 0
    endloop
  endfacet
  facet normal -0.976298 0.216431 0
    outer loop
      vertex 13.6742 11.7048 2
      vertex 13.6421 11.56 0
      vertex 13.6421 11.56 2
    endloop
  endfacet
  facet normal -0.923853 0.382749 0
    outer loop
      vertex 13.5407 11.2815 0
      vertex 13.5975 11.4186 2
      vertex 13.5975 11.4186 0
    endloop
  endfacet
  facet normal -0.923853 0.382749 0
    outer loop
      vertex 13.5975 11.4186 2
      vertex 13.5407 11.2815 0
      vertex 13.5407 11.2815 2
    endloop
  endfacet
  facet normal -0.0438175 0.99904 0
    outer loop
      vertex 12.1482 10.3065 0
      vertex 12 10.3 2
      vertex 12.1482 10.3065 2
    endloop
  endfacet
  facet normal -0.0438175 0.99904 0
    outer loop
      vertex 12 10.3 2
      vertex 12.1482 10.3065 0
      vertex 12 10.3 0
    endloop
  endfacet
  facet normal 0.953685 0.300809 0
    outer loop
      vertex 10.4025 11.4186 2
      vertex 10.3579 11.56 0
      vertex 10.3579 11.56 2
    endloop
  endfacet
  facet normal 0.953685 0.300809 0
    outer loop
      vertex 10.3579 11.56 0
      vertex 10.4025 11.4186 2
      vertex 10.4025 11.4186 0
    endloop
  endfacet
  facet normal 0.991491 0.130175 0
    outer loop
      vertex 10.3258 11.7048 2
      vertex 10.3065 11.8518 0
      vertex 10.3065 11.8518 2
    endloop
  endfacet
  facet normal 0.991491 0.130175 0
    outer loop
      vertex 10.3065 11.8518 0
      vertex 10.3258 11.7048 2
      vertex 10.3258 11.7048 0
    endloop
  endfacet
  facet normal -0.130175 0.991491 0
    outer loop
      vertex 12.2952 10.3258 0
      vertex 12.1482 10.3065 2
      vertex 12.2952 10.3258 2
    endloop
  endfacet
  facet normal -0.130175 0.991491 0
    outer loop
      vertex 12.1482 10.3065 2
      vertex 12.2952 10.3258 0
      vertex 12.1482 10.3065 0
    endloop
  endfacet
  facet normal -0.300809 0.953685 0
    outer loop
      vertex 12.5814 10.4025 0
      vertex 12.44 10.3579 2
      vertex 12.5814 10.4025 2
    endloop
  endfacet
  facet normal -0.300809 0.953685 0
    outer loop
      vertex 12.44 10.3579 2
      vertex 12.5814 10.4025 0
      vertex 12.44 10.3579 0
    endloop
  endfacet
  facet normal 0.886885 -0.46199 0
    outer loop
      vertex 10.4593 12.7185 2
      vertex 10.5278 12.85 0
      vertex 10.5278 12.85 2
    endloop
  endfacet
  facet normal 0.886885 -0.46199 0
    outer loop
      vertex 10.5278 12.85 0
      vertex 10.4593 12.7185 2
      vertex 10.4593 12.7185 0
    endloop
  endfacet
  facet normal 0.843689 -0.536832 0
    outer loop
      vertex 10.5278 12.85 2
      vertex 10.6074 12.9751 0
      vertex 10.6074 12.9751 2
    endloop
  endfacet
  facet normal 0.843689 -0.536832 0
    outer loop
      vertex 10.6074 12.9751 0
      vertex 10.5278 12.85 2
      vertex 10.5278 12.85 0
    endloop
  endfacet
  facet normal -0.991491 0.130175 0
    outer loop
      vertex 13.6742 11.7048 0
      vertex 13.6935 11.8518 2
      vertex 13.6935 11.8518 0
    endloop
  endfacet
  facet normal -0.991491 0.130175 0
    outer loop
      vertex 13.6935 11.8518 2
      vertex 13.6742 11.7048 0
      vertex 13.6742 11.7048 2
    endloop
  endfacet
  facet normal -0.79315 0.609026 0
    outer loop
      vertex 13.3023 10.9073 0
      vertex 13.3926 11.0249 2
      vertex 13.3926 11.0249 0
    endloop
  endfacet
  facet normal -0.79315 0.609026 0
    outer loop
      vertex 13.3926 11.0249 2
      vertex 13.3023 10.9073 0
      vertex 13.3023 10.9073 2
    endloop
  endfacet
  facet normal -0.843689 0.536832 0
    outer loop
      vertex 13.3926 11.0249 0
      vertex 13.4722 11.15 2
      vertex 13.4722 11.15 0
    endloop
  endfacet
  facet normal -0.843689 0.536832 0
    outer loop
      vertex 13.4722 11.15 2
      vertex 13.3926 11.0249 0
      vertex 13.3926 11.0249 2
    endloop
  endfacet
  facet normal -0.886885 0.46199 0
    outer loop
      vertex 13.4722 11.15 0
      vertex 13.5407 11.2815 2
      vertex 13.5407 11.2815 0
    endloop
  endfacet
  facet normal -0.886885 0.46199 0
    outer loop
      vertex 13.5407 11.2815 2
      vertex 13.4722 11.15 0
      vertex 13.4722 11.15 2
    endloop
  endfacet
  facet normal -0.46199 0.886885 0
    outer loop
      vertex 12.85 10.5278 0
      vertex 12.7185 10.4593 2
      vertex 12.85 10.5278 2
    endloop
  endfacet
  facet normal -0.46199 0.886885 0
    outer loop
      vertex 12.7185 10.4593 2
      vertex 12.85 10.5278 0
      vertex 12.7185 10.4593 0
    endloop
  endfacet
  facet normal -0.609026 0.79315 0
    outer loop
      vertex 13.0927 10.6977 0
      vertex 12.9751 10.6074 2
      vertex 13.0927 10.6977 2
    endloop
  endfacet
  facet normal -0.609026 0.79315 0
    outer loop
      vertex 12.9751 10.6074 2
      vertex 13.0927 10.6977 0
      vertex 12.9751 10.6074 0
    endloop
  endfacet
  facet normal 0.216431 0.976298 -0
    outer loop
      vertex 11.7048 10.3258 0
      vertex 11.56 10.3579 2
      vertex 11.7048 10.3258 2
    endloop
  endfacet
  facet normal 0.216431 0.976298 0
    outer loop
      vertex 11.56 10.3579 2
      vertex 11.7048 10.3258 0
      vertex 11.56 10.3579 0
    endloop
  endfacet
  facet normal 0.675419 0.737434 -0
    outer loop
      vertex 10.9073 10.6977 0
      vertex 10.7979 10.7979 2
      vertex 10.9073 10.6977 2
    endloop
  endfacet
  facet normal 0.675419 0.737434 0
    outer loop
      vertex 10.7979 10.7979 2
      vertex 10.9073 10.6977 0
      vertex 10.7979 10.7979 0
    endloop
  endfacet
  facet normal 0.886885 0.46199 0
    outer loop
      vertex 10.5278 11.15 2
      vertex 10.4593 11.2815 0
      vertex 10.4593 11.2815 2
    endloop
  endfacet
  facet normal 0.886885 0.46199 0
    outer loop
      vertex 10.4593 11.2815 0
      vertex 10.5278 11.15 2
      vertex 10.5278 11.15 0
    endloop
  endfacet
  facet normal 0.976298 0.216431 0
    outer loop
      vertex 10.3579 11.56 2
      vertex 10.3258 11.7048 0
      vertex 10.3258 11.7048 2
    endloop
  endfacet
  facet normal 0.976298 0.216431 0
    outer loop
      vertex 10.3258 11.7048 0
      vertex 10.3579 11.56 2
      vertex 10.3579 11.56 0
    endloop
  endfacet
  facet normal -0.216431 0.976298 0
    outer loop
      vertex 12.44 10.3579 0
      vertex 12.2952 10.3258 2
      vertex 12.44 10.3579 2
    endloop
  endfacet
  facet normal -0.216431 0.976298 0
    outer loop
      vertex 12.2952 10.3258 2
      vertex 12.44 10.3579 0
      vertex 12.2952 10.3258 0
    endloop
  endfacet
  facet normal -0.536832 0.843689 0
    outer loop
      vertex 12.9751 10.6074 0
      vertex 12.85 10.5278 2
      vertex 12.9751 10.6074 2
    endloop
  endfacet
  facet normal -0.536832 0.843689 0
    outer loop
      vertex 12.85 10.5278 2
      vertex 12.9751 10.6074 0
      vertex 12.85 10.5278 0
    endloop
  endfacet
  facet normal 0.609026 0.79315 -0
    outer loop
      vertex 11.0249 10.6074 0
      vertex 10.9073 10.6977 2
      vertex 11.0249 10.6074 2
    endloop
  endfacet
  facet normal 0.609026 0.79315 0
    outer loop
      vertex 10.9073 10.6977 2
      vertex 11.0249 10.6074 0
      vertex 10.9073 10.6977 0
    endloop
  endfacet
  facet normal 0.382749 0.923853 -0
    outer loop
      vertex 11.4186 10.4025 0
      vertex 11.2815 10.4593 2
      vertex 11.4186 10.4025 2
    endloop
  endfacet
  facet normal 0.382749 0.923853 0
    outer loop
      vertex 11.2815 10.4593 2
      vertex 11.4186 10.4025 0
      vertex 11.2815 10.4593 0
    endloop
  endfacet
  facet normal 0.46199 0.886885 -0
    outer loop
      vertex 11.2815 10.4593 0
      vertex 11.15 10.5278 2
      vertex 11.2815 10.4593 2
    endloop
  endfacet
  facet normal 0.46199 0.886885 0
    outer loop
      vertex 11.15 10.5278 2
      vertex 11.2815 10.4593 0
      vertex 11.15 10.5278 0
    endloop
  endfacet
  facet normal 0.79315 0.609026 0
    outer loop
      vertex 10.6977 10.9073 2
      vertex 10.6074 11.0249 0
      vertex 10.6074 11.0249 2
    endloop
  endfacet
  facet normal 0.79315 0.609026 0
    outer loop
      vertex 10.6074 11.0249 0
      vertex 10.6977 10.9073 2
      vertex 10.6977 10.9073 0
    endloop
  endfacet
  facet normal 0.843689 0.536832 0
    outer loop
      vertex 10.6074 11.0249 2
      vertex 10.5278 11.15 0
      vertex 10.5278 11.15 2
    endloop
  endfacet
  facet normal 0.843689 0.536832 0
    outer loop
      vertex 10.5278 11.15 0
      vertex 10.6074 11.0249 2
      vertex 10.6074 11.0249 0
    endloop
  endfacet
  facet normal -0.675419 0.737434 0
    outer loop
      vertex 13.2021 10.7979 0
      vertex 13.0927 10.6977 2
      vertex 13.2021 10.7979 2
    endloop
  endfacet
  facet normal -0.675419 0.737434 0
    outer loop
      vertex 13.0927 10.6977 2
      vertex 13.2021 10.7979 0
      vertex 13.0927 10.6977 0
    endloop
  endfacet
  facet normal -0.737434 0.675419 0
    outer loop
      vertex 13.2021 10.7979 0
      vertex 13.3023 10.9073 2
      vertex 13.3023 10.9073 0
    endloop
  endfacet
  facet normal -0.737434 0.675419 0
    outer loop
      vertex 13.3023 10.9073 2
      vertex 13.2021 10.7979 0
      vertex 13.2021 10.7979 2
    endloop
  endfacet
  facet normal 0.130175 0.991491 -0
    outer loop
      vertex 11.8518 10.3065 0
      vertex 11.7048 10.3258 2
      vertex 11.8518 10.3065 2
    endloop
  endfacet
  facet normal 0.130175 0.991491 0
    outer loop
      vertex 11.7048 10.3258 2
      vertex 11.8518 10.3065 0
      vertex 11.7048 10.3258 0
    endloop
  endfacet
  facet normal 0.300809 0.953685 -0
    outer loop
      vertex 11.56 10.3579 0
      vertex 11.4186 10.4025 2
      vertex 11.56 10.3579 2
    endloop
  endfacet
  facet normal 0.300809 0.953685 0
    outer loop
      vertex 11.4186 10.4025 2
      vertex 11.56 10.3579 0
      vertex 11.4186 10.4025 0
    endloop
  endfacet
  facet normal 0.536832 0.843689 -0
    outer loop
      vertex 11.15 10.5278 0
      vertex 11.0249 10.6074 2
      vertex 11.15 10.5278 2
    endloop
  endfacet
  facet normal 0.536832 0.843689 0
    outer loop
      vertex 11.0249 10.6074 2
      vertex 11.15 10.5278 0
      vertex 11.0249 10.6074 0
    endloop
  endfacet
  facet normal 0.737434 0.675419 0
    outer loop
      vertex 10.7979 10.7979 2
      vertex 10.6977 10.9073 0
      vertex 10.6977 10.9073 2
    endloop
  endfacet
  facet normal 0.737434 0.675419 0
    outer loop
      vertex 10.6977 10.9073 0
      vertex 10.7979 10.7979 2
      vertex 10.7979 10.7979 0
    endloop
  endfacet
  facet normal -0.99142 -0.130712 0
    outer loop
      vertex -16.9544 -14.5209 0
      vertex -16.9886 -14.2615 2
      vertex -16.9886 -14.2615 0
    endloop
  endfacet
  facet normal -0.99142 -0.130712 0
    outer loop
      vertex -16.9886 -14.2615 2
      vertex -16.9544 -14.5209 0
      vertex -16.9544 -14.5209 2
    endloop
  endfacet
  facet normal -0.976331 -0.216283 0
    outer loop
      vertex -16.8978 -14.7764 0
      vertex -16.9544 -14.5209 2
      vertex -16.9544 -14.5209 0
    endloop
  endfacet
  facet normal -0.976331 -0.216283 0
    outer loop
      vertex -16.9544 -14.5209 2
      vertex -16.8978 -14.7764 0
      vertex -16.8978 -14.7764 2
    endloop
  endfacet
  facet normal -0 0 -1
    outer loop
      vertex -5.16188 -5.16188 0
      vertex -10.9073 -10.6977 0
      vertex -5.59212 -4.69235 0
    endloop
  endfacet
  facet normal 0 0 -1
    outer loop
      vertex -7.3 0 0
      vertex -10.3065 11.8518 0
      vertex -10.3 12 0
    endloop
  endfacet
  facet normal 0 0 -1
    outer loop
      vertex -11.0249 -10.6074 0
      vertex -5.59212 -4.69235 0
      vertex -10.9073 -10.6977 0
    endloop
  endfacet
  facet normal 0 0 -1
    outer loop
      vertex -7.3 0 0
      vertex -10.3258 11.7048 0
      vertex -10.3065 11.8518 0
    endloop
  endfacet
  facet normal 0 0 -1
    outer loop
      vertex -11.15 -10.5278 0
      vertex -5.59212 -4.69235 0
      vertex -11.0249 -10.6074 0
    endloop
  endfacet
  facet normal 0 0 -1
    outer loop
      vertex -7.3 0 0
      vertex -10.3579 11.56 0
      vertex -10.3258 11.7048 0
    endloop
  endfacet
  facet normal -0 0 -1
    outer loop
      vertex -5.59212 -4.69235 0
      vertex -11.15 -10.5278 0
      vertex -5.97981 -4.18711 0
    endloop
  endfacet
  facet normal 0 0 -1
    outer loop
      vertex -7.3 0 0
      vertex -10.4025 11.4186 0
      vertex -10.3579 11.56 0
    endloop
  endfacet
  facet normal 0 0 -1
    outer loop
      vertex -11.2815 -10.4593 0
      vertex -5.97981 -4.18711 0
      vertex -11.15 -10.5278 0
    endloop
  endfacet
  facet normal 0 0 -1
    outer loop
      vertex -7.3 0 0
      vertex -10.4593 11.2815 0
      vertex -10.4025 11.4186 0
    endloop
  endfacet
  facet normal 0 0 -1
    outer loop
      vertex -11.4186 -10.4025 0
      vertex -5.97981 -4.18711 0
      vertex -11.2815 -10.4593 0
    endloop
  endfacet
  facet normal 0 0 -1
    outer loop
      vertex -7.3 0 0
      vertex -10.5278 11.15 0
      vertex -10.4593 11.2815 0
    endloop
  endfacet
  facet normal -0 0 -1
    outer loop
      vertex -5.97981 -4.18711 0
      vertex -11.4186 -10.4025 0
      vertex -6.32199 -3.65 0
    endloop
  endfacet
  facet normal 0 0 -1
    outer loop
      vertex -7.3 0 0
      vertex -10.6074 11.0249 0
      vertex -10.5278 11.15 0
    endloop
  endfacet
  facet normal 0 0 -1
    outer loop
      vertex -11.56 -10.3579 0
      vertex -6.32199 -3.65 0
      vertex -11.4186 -10.4025 0
    endloop
  endfacet
  facet normal 0 0 -1
    outer loop
      vertex -7.3 0 0
      vertex -10.6977 10.9073 0
      vertex -10.6074 11.0249 0
    endloop
  endfacet
  facet normal 0 0 -1
    outer loop
      vertex -11.7048 -10.3258 0
      vertex -6.32199 -3.65 0
      vertex -11.56 -10.3579 0
    endloop
  endfacet
  facet normal 0 0 -1
    outer loop
      vertex -7.3 0 0
      vertex -10.7979 10.7979 0
      vertex -10.6977 10.9073 0
    endloop
  endfacet
  facet normal -0 0 -1
    outer loop
      vertex -6.32199 -3.65 0
      vertex -11.7048 -10.3258 0
      vertex -6.61605 -3.08511 0
    endloop
  endfacet
  facet normal 0 0 -1
    outer loop
      vertex -7.3 0 0
      vertex -10.9073 10.6977 0
      vertex -10.7979 10.7979 0
    endloop
  endfacet
  facet normal 0 0 -1
    outer loop
      vertex -11.8518 -10.3065 0
      vertex -6.61605 -3.08511 0
      vertex -11.7048 -10.3258 0
    endloop
  endfacet
  facet normal 0 0 -1
    outer loop
      vertex -7.3 0 0
      vertex -11.0249 10.6074 0
      vertex -10.9073 10.6977 0
    endloop
  endfacet
  facet normal 0 0 -1
    outer loop
      vertex -12 -10.3 0
      vertex -6.61605 -3.08511 0
      vertex -11.8518 -10.3065 0
    endloop
  endfacet
  facet normal 0 0 -1
    outer loop
      vertex -7.3 0 0
      vertex -11.15 10.5278 0
      vertex -11.0249 10.6074 0
    endloop
  endfacet
  facet normal -0 0 -1
    outer loop
      vertex -6.61605 -3.08511 0
      vertex -12 -10.3 0
      vertex -6.85976 -2.49675 0
    endloop
  endfacet
  facet normal 0 0 -1
    outer loop
      vertex -7.3 0 0
      vertex -11.2815 10.4593 0
      vertex -11.15 10.5278 0
    endloop
  endfacet
  facet normal 0 0 -1
    outer loop
      vertex -12.1482 -10.3065 0
      vertex -6.85976 -2.49675 0
      vertex -12 -10.3 0
    endloop
  endfacet
  facet normal 0 0 -1
    outer loop
      vertex -7.3 0 0
      vertex -11.4186 10.4025 0
      vertex -11.2815 10.4593 0
    endloop
  endfacet
  facet normal -0 0 -1
    outer loop
      vertex -6.85976 -2.49675 0
      vertex -12.1482 -10.3065 0
      vertex -7.05126 -1.88938 0
    endloop
  endfacet
  facet normal 0 0 -1
    outer loop
      vertex -7.3 0 0
      vertex -11.56 10.3579 0
      vertex -11.4186 10.4025 0
    endloop
  endfacet
  facet normal 0 0 -1
    outer loop
      vertex -12.2952 -10.3258 0
      vertex -7.05126 -1.88938 0
      vertex -12.1482 -10.3065 0
    endloop
  endfacet
  facet normal 0 0 -1
    outer loop
      vertex -7.3 0 0
      vertex -11.7048 10.3258 0
      vertex -11.56 10.3579 0
    endloop
  endfacet
  facet normal 0 0 -1
    outer loop
      vertex -12.44 -10.3579 0
      vertex -7.05126 -1.88938 0
      vertex -12.2952 -10.3258 0
    endloop
  endfacet
  facet normal 0 0 -1
    outer loop
      vertex -7.3 0 0
      vertex -11.8518 10.3065 0
      vertex -11.7048 10.3258 0
    endloop
  endfacet
  facet normal -0 0 -1
    outer loop
      vertex -7.05126 -1.88938 0
      vertex -12.44 -10.3579 0
      vertex -7.1891 -1.26763 0
    endloop
  endfacet
  facet normal 0 0 -1
    outer loop
      vertex -7.3 0 0
      vertex -12 10.3 0
      vertex -11.8518 10.3065 0
    endloop
  endfacet
  facet normal 0 0 -1
    outer loop
      vertex -12.5814 -10.4025 0
      vertex -7.1891 -1.26763 0
      vertex -12.44 -10.3579 0
    endloop
  endfacet
  facet normal 0 0 -1
    outer loop
      vertex -7.3 0 0
      vertex -12.1482 10.3065 0
      vertex -12 10.3 0
    endloop
  endfacet
  facet normal -0 0 -1
    outer loop
      vertex -7.1891 -1.26763 0
      vertex -12.5814 -10.4025 0
      vertex -7.27222 -0.636236 0
    endloop
  endfacet
  facet normal 0 0 -1
    outer loop
      vertex -7.3 0 0
      vertex -12.2952 10.3258 0
      vertex -12.1482 10.3065 0
    endloop
  endfacet
  facet normal 0 0 -1
    outer loop
      vertex -12.7185 -10.4593 0
      vertex -7.27222 -0.636236 0
      vertex -12.5814 -10.4025 0
    endloop
  endfacet
  facet normal 0 0 -1
    outer loop
      vertex -7.3 0 0
      vertex -12.44 10.3579 0
      vertex -12.2952 10.3258 0
    endloop
  endfacet
  facet normal 0 0 -1
    outer loop
      vertex -12.85 -10.5278 0
      vertex -7.27222 -0.636236 0
      vertex -12.7185 -10.4593 0
    endloop
  endfacet
  facet normal 0 0 -1
    outer loop
      vertex -7.3 0 0
      vertex -12.5814 10.4025 0
      vertex -12.44 10.3579 0
    endloop
  endfacet
  facet normal -0 0 -1
    outer loop
      vertex -7.27222 -0.636236 0
      vertex -12.85 -10.5278 0
      vertex -7.3 0 0
    endloop
  endfacet
  facet normal 0 0 -1
    outer loop
      vertex -7.3 0 0
      vertex -12.7185 10.4593 0
      vertex -12.5814 10.4025 0
    endloop
  endfacet
  facet normal 0 0 -1
    outer loop
      vertex -12.9751 -10.6074 0
      vertex -7.3 0 0
      vertex -12.85 -10.5278 0
    endloop
  endfacet
  facet normal 0 0 -1
    outer loop
      vertex -7.3 0 0
      vertex -12.85 10.5278 0
      vertex -12.7185 10.4593 0
    endloop
  endfacet
  facet normal 0 0 -1
    outer loop
      vertex -12.9751 10.6074 0
      vertex -7.3 0 0
      vertex -12.9751 -10.6074 0
    endloop
  endfacet
  facet normal 0 0 -1
    outer loop
      vertex -7.3 0 0
      vertex -12.9751 10.6074 0
      vertex -12.85 10.5278 0
    endloop
  endfacet
  facet normal 0 0 -1
    outer loop
      vertex -13.0927 -10.6977 0
      vertex -12.9751 10.6074 0
      vertex -12.9751 -10.6074 0
    endloop
  endfacet
  facet normal 0 0 -1
    outer loop
      vertex -13.0927 -10.6977 0
      vertex -13.0927 10.6977 0
      vertex -12.9751 10.6074 0
    endloop
  endfacet
  facet normal 0 0 -1
    outer loop
      vertex -13.2021 -10.7979 0
      vertex -13.0927 10.6977 0
      vertex -13.0927 -10.6977 0
    endloop
  endfacet
  facet normal 0 0 -1
    outer loop
      vertex -13.2021 -10.7979 0
      vertex -13.2021 10.7979 0
      vertex -13.0927 10.6977 0
    endloop
  endfacet
  facet normal 0 0 -1
    outer loop
      vertex -13.3023 -10.9073 0
      vertex -13.2021 10.7979 0
      vertex -13.2021 -10.7979 0
    endloop
  endfacet
  facet normal 0 0 -1
    outer loop
      vertex -13.3023 -10.9073 0
      vertex -13.3023 10.9073 0
      vertex -13.2021 10.7979 0
    endloop
  endfacet
  facet normal 0 0 -1
    outer loop
      vertex -17 -14 0
      vertex -13.3023 -10.9073 0
      vertex -13.3926 -11.0249 0
    endloop
  endfacet
  facet normal -0 0 -1
    outer loop
      vertex -13.3023 -10.9073 0
      vertex -17 -14 0
      vertex -13.3023 10.9073 0
    endloop
  endfacet
  facet normal 0 0 -1
    outer loop
      vertex -17 -14 0
      vertex -13.3926 -11.0249 0
      vertex -13.4722 -11.15 0
    endloop
  endfacet
  facet normal 0 0 -1
    outer loop
      vertex -17 14 0
      vertex -13.3023 10.9073 0
      vertex -17 -14 0
    endloop
  endfacet
  facet normal 0 0 -1
    outer loop
      vertex -17 -14 0
      vertex -13.4722 -11.15 0
      vertex -13.5407 -11.2815 0
    endloop
  endfacet
  facet normal 0 0 -1
    outer loop
      vertex -13.3023 10.9073 0
      vertex -17 14 0
      vertex -13.3926 11.0249 0
    endloop
  endfacet
  facet normal 0 0 -1
    outer loop
      vertex -17 -14 0
      vertex -13.5407 -11.2815 0
      vertex -13.5975 -11.4186 0
    endloop
  endfacet
  facet normal 0 0 -1
    outer loop
      vertex -13.3926 11.0249 0
      vertex -17 14 0
      vertex -13.4722 11.15 0
    endloop
  endfacet
  facet normal 0 0 -1
    outer loop
      vertex -17 -14 0
      vertex -13.5975 -11.4186 0
      vertex -13.6421 -11.56 0
    endloop
  endfacet
  facet normal 0 0 -1
    outer loop
      vertex -13.4722 11.15 0
      vertex -17 14 0
      vertex -13.5407 11.2815 0
    endloop
  endfacet
  facet normal 0 0 -1
    outer loop
      vertex -17 -14 0
      vertex -13.6421 -11.56 0
      vertex -13.6742 -11.7048 0
    endloop
  endfacet
  facet normal 0 0 -1
    outer loop
      vertex -13.5407 11.2815 0
      vertex -17 14 0
      vertex -13.5975 11.4186 0
    endloop
  endfacet
  facet normal 0 0 -1
    outer loop
      vertex -17 -14 0
      vertex -13.6742 -11.7048 0
      vertex -13.6935 -11.8518 0
    endloop
  endfacet
  facet normal 0 0 -1
    outer loop
      vertex -13.5975 11.4186 0
      vertex -17 14 0
      vertex -13.6421 11.56 0
    endloop
  endfacet
  facet normal 0 0 -1
    outer loop
      vertex -17 -14 0
      vertex -13.6935 -11.8518 0
      vertex -13.7 -12 0
    endloop
  endfacet
  facet normal 0 0 -1
    outer loop
      vertex -13.6421 11.56 0
      vertex -17 14 0
      vertex -13.6742 11.7048 0
    endloop
  endfacet
  facet normal 0 0 -1
    outer loop
      vertex 13.6421 -11.56 0
      vertex 17 -14 0
      vertex 13.6742 -11.7048 0
    endloop
  endfacet
  facet normal 0 0 -1
    outer loop
      vertex 17 14 0
      vertex 13.6935 11.8518 0
      vertex 13.7 12 0
    endloop
  endfacet
  facet normal 0 0 -1
    outer loop
      vertex 13.5975 -11.4186 0
      vertex 17 -14 0
      vertex 13.6421 -11.56 0
    endloop
  endfacet
  facet normal 0 0 -1
    outer loop
      vertex 17 14 0
      vertex 13.6742 11.7048 0
      vertex 13.6935 11.8518 0
    endloop
  endfacet
  facet normal 0 0 -1
    outer loop
      vertex 13.5407 -11.2815 0
      vertex 17 -14 0
      vertex 13.5975 -11.4186 0
    endloop
  endfacet
  facet normal 0 0 -1
    outer loop
      vertex 17 14 0
      vertex 13.6421 11.56 0
      vertex 13.6742 11.7048 0
    endloop
  endfacet
  facet normal 0 0 -1
    outer loop
      vertex 13.4722 -11.15 0
      vertex 17 -14 0
      vertex 13.5407 -11.2815 0
    endloop
  endfacet
  facet normal 0 0 -1
    outer loop
      vertex 17 14 0
      vertex 13.5975 11.4186 0
      vertex 13.6421 11.56 0
    endloop
  endfacet
  facet normal 0 0 -1
    outer loop
      vertex 13.3926 -11.0249 0
      vertex 17 -14 0
      vertex 13.4722 -11.15 0
    endloop
  endfacet
  facet normal 0 0 -1
    outer loop
      vertex 17 14 0
      vertex 13.5407 11.2815 0
      vertex 13.5975 11.4186 0
    endloop
  endfacet
  facet normal 0 0 -1
    outer loop
      vertex 13.3023 -10.9073 0
      vertex 17 -14 0
      vertex 13.3926 -11.0249 0
    endloop
  endfacet
  facet normal 0 0 -1
    outer loop
      vertex 17 14 0
      vertex 13.4722 11.15 0
      vertex 13.5407 11.2815 0
    endloop
  endfacet
  facet normal 0 0 -1
    outer loop
      vertex 17 -14 0
      vertex 13.3023 -10.9073 0
      vertex 17 14 0
    endloop
  endfacet
  facet normal 0 0 -1
    outer loop
      vertex 17 14 0
      vertex 13.3926 11.0249 0
      vertex 13.4722 11.15 0
    endloop
  endfacet
  facet normal 0 0 -1
    outer loop
      vertex 13.3023 10.9073 0
      vertex 17 14 0
      vertex 13.3023 -10.9073 0
    endloop
  endfacet
  facet normal 0 0 -1
    outer loop
      vertex 17 14 0
      vertex 13.3023 10.9073 0
      vertex 13.3926 11.0249 0
    endloop
  endfacet
  facet normal 0 0 -1
    outer loop
      vertex 13.2021 -10.7979 0
      vertex 13.3023 10.9073 0
      vertex 13.3023 -10.9073 0
    endloop
  endfacet
  facet normal 0 0 -1
    outer loop
      vertex 13.2021 -10.7979 0
      vertex 13.2021 10.7979 0
      vertex 13.3023 10.9073 0
    endloop
  endfacet
  facet normal 0 0 -1
    outer loop
      vertex 13.0927 -10.6977 0
      vertex 13.2021 10.7979 0
      vertex 13.2021 -10.7979 0
    endloop
  endfacet
  facet normal 0 0 -1
    outer loop
      vertex 13.0927 -10.6977 0
      vertex 13.0927 10.6977 0
      vertex 13.2021 10.7979 0
    endloop
  endfacet
  facet normal 0 0 -1
    outer loop
      vertex 12.9751 -10.6074 0
      vertex 13.0927 10.6977 0
      vertex 13.0927 -10.6977 0
    endloop
  endfacet
  facet normal 0 0 -1
    outer loop
      vertex 12.9751 -10.6074 0
      vertex 12.9751 10.6074 0
      vertex 13.0927 10.6977 0
    endloop
  endfacet
  facet normal 0 0 -1
    outer loop
      vertex 7.3 0 0
      vertex 12.9751 -10.6074 0
      vertex 12.85 -10.5278 0
    endloop
  endfacet
  facet normal 0 0 -1
    outer loop
      vertex 12.9751 -10.6074 0
      vertex 7.3 0 0
      vertex 12.9751 10.6074 0
    endloop
  endfacet
  facet normal 0 0 -1
    outer loop
      vertex 7.27222 -0.636236 0
      vertex 12.85 -10.5278 0
      vertex 12.7185 -10.4593 0
    endloop
  endfacet
  facet normal 0 0 -1
    outer loop
      vertex 12.9751 10.6074 0
      vertex 7.3 0 0
      vertex 12.85 10.5278 0
    endloop
  endfacet
  facet normal 0 0 -1
    outer loop
      vertex 7.27222 -0.636236 0
      vertex 12.7185 -10.4593 0
      vertex 12.5814 -10.4025 0
    endloop
  endfacet
  facet normal 0 0 -1
    outer loop
      vertex 7.27222 0.636236 0
      vertex 12.85 10.5278 0
      vertex 7.3 0 0
    endloop
  endfacet
  facet normal 0 0 -1
    outer loop
      vertex 7.1891 -1.26763 0
      vertex 12.5814 -10.4025 0
      vertex 12.44 -10.3579 0
    endloop
  endfacet
  facet normal 0 0 -1
    outer loop
      vertex 12.85 10.5278 0
      vertex 7.27222 0.636236 0
      vertex 12.7185 10.4593 0
    endloop
  endfacet
  facet normal 0 0 -1
    outer loop
      vertex 7.05126 -1.88938 0
      vertex 12.44 -10.3579 0
      vertex 12.2952 -10.3258 0
    endloop
  endfacet
  facet normal 0 0 -1
    outer loop
      vertex 12.7185 10.4593 0
      vertex 7.27222 0.636236 0
      vertex 12.5814 10.4025 0
    endloop
  endfacet
  facet normal 0 0 -1
    outer loop
      vertex 7.05126 -1.88938 0
      vertex 12.2952 -10.3258 0
      vertex 12.1482 -10.3065 0
    endloop
  endfacet
  facet normal 0 0 -1
    outer loop
      vertex 7.1891 1.26763 0
      vertex 12.5814 10.4025 0
      vertex 7.27222 0.636236 0
    endloop
  endfacet
  facet normal 0 0 -1
    outer loop
      vertex 6.85976 -2.49675 0
      vertex 12.1482 -10.3065 0
      vertex 12 -10.3 0
    endloop
  endfacet
  facet normal 0 0 -1
    outer loop
      vertex 12.5814 10.4025 0
      vertex 7.1891 1.26763 0
      vertex 12.44 10.3579 0
    endloop
  endfacet
  facet normal 0 0 -1
    outer loop
      vertex 6.61605 -3.08511 0
      vertex 12 -10.3 0
      vertex 11.8518 -10.3065 0
    endloop
  endfacet
  facet normal 0 0 -1
    outer loop
      vertex 7.05126 1.88938 0
      vertex 12.44 10.3579 0
      vertex 7.1891 1.26763 0
    endloop
  endfacet
  facet normal 0 0 -1
    outer loop
      vertex 6.61605 -3.08511 0
      vertex 11.8518 -10.3065 0
      vertex 11.7048 -10.3258 0
    endloop
  endfacet
  facet normal 0 0 -1
    outer loop
      vertex 12.44 10.3579 0
      vertex 7.05126 1.88938 0
      vertex 12.2952 10.3258 0
    endloop
  endfacet
  facet normal 0 0 -1
    outer loop
      vertex 6.32199 -3.65 0
      vertex 11.7048 -10.3258 0
      vertex 11.56 -10.3579 0
    endloop
  endfacet
  facet normal 0 0 -1
    outer loop
      vertex 12.2952 10.3258 0
      vertex 7.05126 1.88938 0
      vertex 12.1482 10.3065 0
    endloop
  endfacet
  facet normal 0 0 -1
    outer loop
      vertex 6.32199 -3.65 0
      vertex 11.56 -10.3579 0
      vertex 11.4186 -10.4025 0
    endloop
  endfacet
  facet normal 0 0 -1
    outer loop
      vertex 6.85976 2.49675 0
      vertex 12.1482 10.3065 0
      vertex 7.05126 1.88938 0
    endloop
  endfacet
  facet normal 0 0 -1
    outer loop
      vertex 5.97981 -4.18711 0
      vertex 11.4186 -10.4025 0
      vertex 11.2815 -10.4593 0
    endloop
  endfacet
  facet normal 0 0 -1
    outer loop
      vertex 12.1482 10.3065 0
      vertex 6.85976 2.49675 0
      vertex 12 10.3 0
    endloop
  endfacet
  facet normal 0 0 -1
    outer loop
      vertex 5.97981 -4.18711 0
      vertex 11.2815 -10.4593 0
      vertex 11.15 -10.5278 0
    endloop
  endfacet
  facet normal 0 0 -1
    outer loop
      vertex 6.61605 3.08511 0
      vertex 12 10.3 0
      vertex 6.85976 2.49675 0
    endloop
  endfacet
  facet normal 0 0 -1
    outer loop
      vertex 5.59212 -4.69235 0
      vertex 11.15 -10.5278 0
      vertex 11.0249 -10.6074 0
    endloop
  endfacet
  facet normal -0 0 -1
    outer loop
      vertex 12 10.3 0
      vertex 6.61605 3.08511 0
      vertex 11.8518 10.3065 0
    endloop
  endfacet
  facet normal 0 0 -1
    outer loop
      vertex 5.59212 -4.69235 0
      vertex 11.0249 -10.6074 0
      vertex 10.9073 -10.6977 0
    endloop
  endfacet
  facet normal -0 0 -1
    outer loop
      vertex 11.8518 10.3065 0
      vertex 6.61605 3.08511 0
      vertex 11.7048 10.3258 0
    endloop
  endfacet
  facet normal 0 0 -1
    outer loop
      vertex 5.16188 -5.16188 0
      vertex 10.9073 -10.6977 0
      vertex 10.7979 -10.7979 0
    endloop
  endfacet
  facet normal 0 0 -1
    outer loop
      vertex 6.32199 3.65 0
      vertex 11.7048 10.3258 0
      vertex 6.61605 3.08511 0
    endloop
  endfacet
  facet normal 0 0 -1
    outer loop
      vertex 5.16188 -5.16188 0
      vertex 10.7979 -10.7979 0
      vertex 10.6977 -10.9073 0
    endloop
  endfacet
  facet normal -0 0 -1
    outer loop
      vertex 11.7048 10.3258 0
      vertex 6.32199 3.65 0
      vertex 11.56 10.3579 0
    endloop
  endfacet
  facet normal 0 0 -1
    outer loop
      vertex 4.69235 -5.59212 0
      vertex 10.6977 -10.9073 0
      vertex 10.6074 -11.0249 0
    endloop
  endfacet
  facet normal -0 0 -1
    outer loop
      vertex 11.56 10.3579 0
      vertex 6.32199 3.65 0
      vertex 11.4186 10.4025 0
    endloop
  endfacet
  facet normal 0 0 -1
    outer loop
      vertex 4.69235 -5.59212 0
      vertex 10.6074 -11.0249 0
      vertex 10.5278 -11.15 0
    endloop
  endfacet
  facet normal 0 0 -1
    outer loop
      vertex 5.97981 4.18711 0
      vertex 11.4186 10.4025 0
      vertex 6.32199 3.65 0
    endloop
  endfacet
  facet normal 0 0 -1
    outer loop
      vertex 4.18711 -5.97981 0
      vertex 10.5278 -11.15 0
      vertex 10.4593 -11.2815 0
    endloop
  endfacet
  facet normal -0 0 -1
    outer loop
      vertex 11.4186 10.4025 0
      vertex 5.97981 4.18711 0
      vertex 11.2815 10.4593 0
    endloop
  endfacet
  facet normal 0 0 -1
    outer loop
      vertex 4.18711 -5.97981 0
      vertex 10.4593 -11.2815 0
      vertex 10.4025 -11.4186 0
    endloop
  endfacet
  facet normal -0 0 -1
    outer loop
      vertex 11.2815 10.4593 0
      vertex 5.97981 4.18711 0
      vertex 11.15 10.5278 0
    endloop
  endfacet
  facet normal 0 0 -1
    outer loop
      vertex 3.65 -6.32199 0
      vertex 10.4025 -11.4186 0
      vertex 10.3579 -11.56 0
    endloop
  endfacet
  facet normal 0 0 -1
    outer loop
      vertex 5.59212 4.69235 0
      vertex 11.15 10.5278 0
      vertex 5.97981 4.18711 0
    endloop
  endfacet
  facet normal 0 0 -1
    outer loop
      vertex 3.65 -6.32199 0
      vertex 10.3579 -11.56 0
      vertex 10.3258 -11.7048 0
    endloop
  endfacet
  facet normal -0 0 -1
    outer loop
      vertex 11.15 10.5278 0
      vertex 5.59212 4.69235 0
      vertex 11.0249 10.6074 0
    endloop
  endfacet
  facet normal 0 0 -1
    outer loop
      vertex 3.08511 -6.61605 0
      vertex 10.3258 -11.7048 0
      vertex 10.3065 -11.8518 0
    endloop
  endfacet
  facet normal -0 0 -1
    outer loop
      vertex 11.0249 10.6074 0
      vertex 5.59212 4.69235 0
      vertex 10.9073 10.6977 0
    endloop
  endfacet
  facet normal 0 0 -1
    outer loop
      vertex 3.08511 -6.61605 0
      vertex 10.3065 -11.8518 0
      vertex 10.3 -12 0
    endloop
  endfacet
  facet normal 0 0 -1
    outer loop
      vertex 5.16188 5.16188 0
      vertex 10.9073 10.6977 0
      vertex 5.59212 4.69235 0
    endloop
  endfacet
  facet normal 0 0 -1
    outer loop
      vertex 13.3926 -12.9751 0
      vertex 17 -14 0
      vertex 16.9886 -14.2615 0
    endloop
  endfacet
  facet normal 0 0 -1
    outer loop
      vertex 13.6935 -11.8518 0
      vertex 17 -14 0
      vertex 13.7 -12 0
    endloop
  endfacet
  facet normal 0 0 -1
    outer loop
      vertex 13.3926 -12.9751 0
      vertex 16.9886 -14.2615 0
      vertex 16.9544 -14.5209 0
    endloop
  endfacet
  facet normal 0 0 -1
    outer loop
      vertex 13.6742 -11.7048 0
      vertex 17 -14 0
      vertex 13.6935 -11.8518 0
    endloop
  endfacet
  facet normal 0 0 -1
    outer loop
      vertex 13.3926 -12.9751 0
      vertex 16.9544 -14.5209 0
      vertex 16.8978 -14.7764 0
    endloop
  endfacet
  facet normal 0 0 -1
    outer loop
      vertex 13.6935 12.1482 0
      vertex 17 14 0
      vertex 13.7 12 0
    endloop
  endfacet
  facet normal 0 0 -1
    outer loop
      vertex 13.3023 -13.0927 0
      vertex 16.8978 -14.7764 0
      vertex 16.8191 -15.026 0
    endloop
  endfacet
  facet normal 0 0 -1
    outer loop
      vertex 13.6742 12.2952 0
      vertex 17 14 0
      vertex 13.6935 12.1482 0
    endloop
  endfacet
  facet normal 0 0 -1
    outer loop
      vertex 13.3023 -13.0927 0
      vertex 16.8191 -15.026 0
      vertex 16.7189 -15.2679 0
    endloop
  endfacet
  facet normal 0 0 -1
    outer loop
      vertex 13.6421 12.44 0
      vertex 17 14 0
      vertex 13.6742 12.2952 0
    endloop
  endfacet
  facet normal 0 0 -1
    outer loop
      vertex 13.3023 -13.0927 0
      vertex 16.7189 -15.2679 0
      vertex 16.5981 -15.5 0
    endloop
  endfacet
  facet normal 0 0 -1
    outer loop
      vertex 13.5975 12.5814 0
      vertex 17 14 0
      vertex 13.6421 12.44 0
    endloop
  endfacet
  facet normal 0 0 -1
    outer loop
      vertex 13.3023 -13.0927 0
      vertex 16.5981 -15.5 0
      vertex 16.4574 -15.7207 0
    endloop
  endfacet
  facet normal 0 0 -1
    outer loop
      vertex 13.5407 12.7185 0
      vertex 17 14 0
      vertex 13.5975 12.5814 0
    endloop
  endfacet
  facet normal 0 0 -1
    outer loop
      vertex 13.2021 -13.2021 0
      vertex 16.4574 -15.7207 0
      vertex 16.2981 -15.9284 0
    endloop
  endfacet
  facet normal 0 0 -1
    outer loop
      vertex 13.4722 12.85 0
      vertex 17 14 0
      vertex 13.5407 12.7185 0
    endloop
  endfacet
  facet normal 0 0 -1
    outer loop
      vertex 13.2021 -13.2021 0
      vertex 16.2981 -15.9284 0
      vertex 16.1213 -16.1213 0
    endloop
  endfacet
  facet normal 0 0 -1
    outer loop
      vertex 13.3926 12.9751 0
      vertex 17 14 0
      vertex 13.4722 12.85 0
    endloop
  endfacet
  facet normal 0 0 -1
    outer loop
      vertex 13.2021 -13.2021 0
      vertex 16.1213 -16.1213 0
      vertex 15.9284 -16.2981 0
    endloop
  endfacet
  facet normal -0 0 -1
    outer loop
      vertex 17 14 0
      vertex 13.3926 12.9751 0
      vertex 16.9886 14.2615 0
    endloop
  endfacet
  facet normal 0 0 -1
    outer loop
      vertex 13.2021 -13.2021 0
      vertex 15.9284 -16.2981 0
      vertex 15.7207 -16.4574 0
    endloop
  endfacet
  facet normal -0 0 -1
    outer loop
      vertex 16.9886 14.2615 0
      vertex 13.3926 12.9751 0
      vertex 16.9544 14.5209 0
    endloop
  endfacet
  facet normal 0 0 -1
    outer loop
      vertex 13.0927 -13.3023 0
      vertex 15.7207 -16.4574 0
      vertex 15.5 -16.5981 0
    endloop
  endfacet
  facet normal -0 0 -1
    outer loop
      vertex 16.9544 14.5209 0
      vertex 13.3926 12.9751 0
      vertex 16.8978 14.7764 0
    endloop
  endfacet
  facet normal 0 0 -1
    outer loop
      vertex 13.0927 -13.3023 0
      vertex 15.5 -16.5981 0
      vertex 15.2679 -16.7189 0
    endloop
  endfacet
  facet normal 0 0 -1
    outer loop
      vertex 13.3023 13.0927 0
      vertex 16.8978 14.7764 0
      vertex 13.3926 12.9751 0
    endloop
  endfacet
  facet normal 0 0 -1
    outer loop
      vertex 13.0927 -13.3023 0
      vertex 15.2679 -16.7189 0
      vertex 15.026 -16.8191 0
    endloop
  endfacet
  facet normal -0 0 -1
    outer loop
      vertex 16.8978 14.7764 0
      vertex 13.3023 13.0927 0
      vertex 16.8191 15.026 0
    endloop
  endfacet
  facet normal 0 0 -1
    outer loop
      vertex 13.0927 -13.3023 0
      vertex 15.026 -16.8191 0
      vertex 14.7764 -16.8978 0
    endloop
  endfacet
  facet normal -0 0 -1
    outer loop
      vertex 16.8191 15.026 0
      vertex 13.3023 13.0927 0
      vertex 16.7189 15.2679 0
    endloop
  endfacet
  facet normal 0 0 -1
    outer loop
      vertex 12.9751 -13.3926 0
      vertex 14.7764 -16.8978 0
      vertex 14.5209 -16.9544 0
    endloop
  endfacet
  facet normal -0 0 -1
    outer loop
      vertex 16.7189 15.2679 0
      vertex 13.3023 13.0927 0
      vertex 16.5981 15.5 0
    endloop
  endfacet
  facet normal 0 0 -1
    outer loop
      vertex 12.9751 -13.3926 0
      vertex 14.5209 -16.9544 0
      vertex 14.2615 -16.9886 0
    endloop
  endfacet
  facet normal -0 0 -1
    outer loop
      vertex 16.5981 15.5 0
      vertex 13.3023 13.0927 0
      vertex 16.4574 15.7207 0
    endloop
  endfacet
  facet normal 0 0 -1
    outer loop
      vertex 12.9751 -13.3926 0
      vertex 14.2615 -16.9886 0
      vertex 14 -17 0
    endloop
  endfacet
  facet normal 0 0 -1
    outer loop
      vertex 13.2021 13.2021 0
      vertex 16.4574 15.7207 0
      vertex 13.3023 13.0927 0
    endloop
  endfacet
  facet normal -0 0 -1
    outer loop
      vertex 16.4574 15.7207 0
      vertex 13.2021 13.2021 0
      vertex 16.2981 15.9284 0
    endloop
  endfacet
  facet normal 0 0 -1
    outer loop
      vertex 17 -14 0
      vertex 13.6935 -12.1482 0
      vertex 13.7 -12 0
    endloop
  endfacet
  facet normal 0 0 -1
    outer loop
      vertex 17 -14 0
      vertex 13.6742 -12.2952 0
      vertex 13.6935 -12.1482 0
    endloop
  endfacet
  facet normal 0 0 -1
    outer loop
      vertex 17 -14 0
      vertex 13.6421 -12.44 0
      vertex 13.6742 -12.2952 0
    endloop
  endfacet
  facet normal 0 0 -1
    outer loop
      vertex 17 -14 0
      vertex 13.5975 -12.5814 0
      vertex 13.6421 -12.44 0
    endloop
  endfacet
  facet normal 0 0 -1
    outer loop
      vertex 17 -14 0
      vertex 13.5407 -12.7185 0
      vertex 13.5975 -12.5814 0
    endloop
  endfacet
  facet normal 0 0 -1
    outer loop
      vertex 17 -14 0
      vertex 13.4722 -12.85 0
      vertex 13.5407 -12.7185 0
    endloop
  endfacet
  facet normal 0 0 -1
    outer loop
      vertex 17 -14 0
      vertex 13.3926 -12.9751 0
      vertex 13.4722 -12.85 0
    endloop
  endfacet
  facet normal 0 0 -1
    outer loop
      vertex 16.8978 -14.7764 0
      vertex 13.3023 -13.0927 0
      vertex 13.3926 -12.9751 0
    endloop
  endfacet
  facet normal 0 0 -1
    outer loop
      vertex 16.4574 -15.7207 0
      vertex 13.2021 -13.2021 0
      vertex 13.3023 -13.0927 0
    endloop
  endfacet
  facet normal 0 0 -1
    outer loop
      vertex 15.7207 -16.4574 0
      vertex 13.0927 -13.3023 0
      vertex 13.2021 -13.2021 0
    endloop
  endfacet
  facet normal 0 0 -1
    outer loop
      vertex 14.7764 -16.8978 0
      vertex 12.9751 -13.3926 0
      vertex 13.0927 -13.3023 0
    endloop
  endfacet
  facet normal 0 0 -1
    outer loop
      vertex 14 -17 0
      vertex 12.85 -13.4722 0
      vertex 12.9751 -13.3926 0
    endloop
  endfacet
  facet normal 0 0 -1
    outer loop
      vertex 14 -17 0
      vertex 12.7185 -13.5407 0
      vertex 12.85 -13.4722 0
    endloop
  endfacet
  facet normal 0 0 -1
    outer loop
      vertex 14 -17 0
      vertex 12.5814 -13.5975 0
      vertex 12.7185 -13.5407 0
    endloop
  endfacet
  facet normal 0 0 -1
    outer loop
      vertex 14 -17 0
      vertex 12.44 -13.6421 0
      vertex 12.5814 -13.5975 0
    endloop
  endfacet
  facet normal 0 0 -1
    outer loop
      vertex 14 -17 0
      vertex 12.2952 -13.6742 0
      vertex 12.44 -13.6421 0
    endloop
  endfacet
  facet normal 0 0 -1
    outer loop
      vertex 14 -17 0
      vertex 12.1482 -13.6935 0
      vertex 12.2952 -13.6742 0
    endloop
  endfacet
  facet normal 0 0 -1
    outer loop
      vertex 14 -17 0
      vertex 12 -13.7 0
      vertex 12.1482 -13.6935 0
    endloop
  endfacet
  facet normal 0 0 -1
    outer loop
      vertex 14 -17 0
      vertex 11.8518 -13.6935 0
      vertex 12 -13.7 0
    endloop
  endfacet
  facet normal 0 0 -1
    outer loop
      vertex 14 -17 0
      vertex 11.7048 -13.6742 0
      vertex 11.8518 -13.6935 0
    endloop
  endfacet
  facet normal 0 0 -1
    outer loop
      vertex 14 -17 0
      vertex 11.56 -13.6421 0
      vertex 11.7048 -13.6742 0
    endloop
  endfacet
  facet normal 0 0 -1
    outer loop
      vertex 14 -17 0
      vertex 11.4186 -13.5975 0
      vertex 11.56 -13.6421 0
    endloop
  endfacet
  facet normal 0 0 -1
    outer loop
      vertex 14 -17 0
      vertex 11.2815 -13.5407 0
      vertex 11.4186 -13.5975 0
    endloop
  endfacet
  facet normal 0 0 -1
    outer loop
      vertex 14 -17 0
      vertex 11.15 -13.4722 0
      vertex 11.2815 -13.5407 0
    endloop
  endfacet
  facet normal 0 0 -1
    outer loop
      vertex 14 -17 0
      vertex 11.0249 -13.3926 0
      vertex 11.15 -13.4722 0
    endloop
  endfacet
  facet normal 0 0 -1
    outer loop
      vertex 14 -17 0
      vertex 10.9073 -13.3023 0
      vertex 11.0249 -13.3926 0
    endloop
  endfacet
  facet normal 0 0 -1
    outer loop
      vertex -10.9073 -13.3023 0
      vertex 10.9073 -13.3023 0
      vertex 14 -17 0
    endloop
  endfacet
  facet normal 0 0 -1
    outer loop
      vertex 10.9073 -13.3023 0
      vertex -10.9073 -13.3023 0
      vertex 10.7979 -13.2021 0
    endloop
  endfacet
  facet normal -0 0 -1
    outer loop
      vertex 10.9073 10.6977 0
      vertex 5.16188 5.16188 0
      vertex 10.7979 10.7979 0
    endloop
  endfacet
  facet normal 0 0 -1
    outer loop
      vertex 2.49675 -6.85976 0
      vertex 10.3 -12 0
      vertex 10.3065 -12.1482 0
    endloop
  endfacet
  facet normal 0 0 -1
    outer loop
      vertex 1.88938 -7.05126 0
      vertex 10.3065 -12.1482 0
      vertex 10.3258 -12.2952 0
    endloop
  endfacet
  facet normal 0 0 -1
    outer loop
      vertex 1.88938 -7.05126 0
      vertex 10.3258 -12.2952 0
      vertex 10.3579 -12.44 0
    endloop
  endfacet
  facet normal 0 0 -1
    outer loop
      vertex 12.85 -10.5278 0
      vertex 7.27222 -0.636236 0
      vertex 7.3 0 0
    endloop
  endfacet
  facet normal 0 0 -1
    outer loop
      vertex 12.5814 -10.4025 0
      vertex 7.1891 -1.26763 0
      vertex 7.27222 -0.636236 0
    endloop
  endfacet
  facet normal 0 0 -1
    outer loop
      vertex 12.44 -10.3579 0
      vertex 7.05126 -1.88938 0
      vertex 7.1891 -1.26763 0
    endloop
  endfacet
  facet normal 0 0 -1
    outer loop
      vertex 12.1482 -10.3065 0
      vertex 6.85976 -2.49675 0
      vertex 7.05126 -1.88938 0
    endloop
  endfacet
  facet normal 0 0 -1
    outer loop
      vertex 1.26763 -7.1891 0
      vertex 10.3579 -12.44 0
      vertex 10.4025 -12.5814 0
    endloop
  endfacet
  facet normal 0 0 -1
    outer loop
      vertex 12 -10.3 0
      vertex 6.61605 -3.08511 0
      vertex 6.85976 -2.49675 0
    endloop
  endfacet
  facet normal 0 0 -1
    outer loop
      vertex 11.7048 -10.3258 0
      vertex 6.32199 -3.65 0
      vertex 6.61605 -3.08511 0
    endloop
  endfacet
  facet normal 0 0 -1
    outer loop
      vertex 1.26763 -7.1891 0
      vertex 10.4025 -12.5814 0
      vertex 10.4593 -12.7185 0
    endloop
  endfacet
  facet normal 0 0 -1
    outer loop
      vertex 11.4186 -10.4025 0
      vertex 5.97981 -4.18711 0
      vertex 6.32199 -3.65 0
    endloop
  endfacet
  facet normal 0 0 -1
    outer loop
      vertex 0.636236 -7.27222 0
      vertex 10.4593 -12.7185 0
      vertex 10.5278 -12.85 0
    endloop
  endfacet
  facet normal 0 0 -1
    outer loop
      vertex 11.15 -10.5278 0
      vertex 5.59212 -4.69235 0
      vertex 5.97981 -4.18711 0
    endloop
  endfacet
  facet normal 0 0 -1
    outer loop
      vertex 10.9073 -10.6977 0
      vertex 5.16188 -5.16188 0
      vertex 5.59212 -4.69235 0
    endloop
  endfacet
  facet normal 0 0 -1
    outer loop
      vertex 0 -7.3 0
      vertex 10.5278 -12.85 0
      vertex 10.6074 -12.9751 0
    endloop
  endfacet
  facet normal 0 0 -1
    outer loop
      vertex 10.6977 -10.9073 0
      vertex 4.69235 -5.59212 0
      vertex 5.16188 -5.16188 0
    endloop
  endfacet
  facet normal 0 0 -1
    outer loop
      vertex -10.6074 -12.9751 0
      vertex 10.6074 -12.9751 0
      vertex 10.6977 -13.0927 0
    endloop
  endfacet
  facet normal 0 0 -1
    outer loop
      vertex 10.5278 -11.15 0
      vertex 4.18711 -5.97981 0
      vertex 4.69235 -5.59212 0
    endloop
  endfacet
  facet normal 0 -0 -1
    outer loop
      vertex -10.7979 -13.2021 0
      vertex 10.7979 -13.2021 0
      vertex -10.9073 -13.3023 0
    endloop
  endfacet
  facet normal 0 0 -1
    outer loop
      vertex 10.4025 -11.4186 0
      vertex 3.65 -6.32199 0
      vertex 4.18711 -5.97981 0
    endloop
  endfacet
  facet normal 0 0 -1
    outer loop
      vertex 10.3258 -11.7048 0
      vertex 3.08511 -6.61605 0
      vertex 3.65 -6.32199 0
    endloop
  endfacet
  facet normal 0 0 -1
    outer loop
      vertex 10.3 -12 0
      vertex 2.49675 -6.85976 0
      vertex 3.08511 -6.61605 0
    endloop
  endfacet
  facet normal 0 0 -1
    outer loop
      vertex 10.3065 -12.1482 0
      vertex 1.88938 -7.05126 0
      vertex 2.49675 -6.85976 0
    endloop
  endfacet
  facet normal 0 0 -1
    outer loop
      vertex 10.3579 -12.44 0
      vertex 1.26763 -7.1891 0
      vertex 1.88938 -7.05126 0
    endloop
  endfacet
  facet normal 0 0 -1
    outer loop
      vertex 10.4593 -12.7185 0
      vertex 0.636236 -7.27222 0
      vertex 1.26763 -7.1891 0
    endloop
  endfacet
  facet normal 0 0 -1
    outer loop
      vertex 10.5278 -12.85 0
      vertex 0 -7.3 0
      vertex 0.636236 -7.27222 0
    endloop
  endfacet
  facet normal 0 0 -1
    outer loop
      vertex 10.6074 -12.9751 0
      vertex -10.6074 -12.9751 0
      vertex 0 -7.3 0
    endloop
  endfacet
  facet normal 0 -0 -1
    outer loop
      vertex -10.5278 -12.85 0
      vertex 0 -7.3 0
      vertex -10.6074 -12.9751 0
    endloop
  endfacet
  facet normal -0 0 -1
    outer loop
      vertex 0 -7.3 0
      vertex -10.5278 -12.85 0
      vertex -0.636236 -7.27222 0
    endloop
  endfacet
  facet normal 0 -0 -1
    outer loop
      vertex -10.4593 -12.7185 0
      vertex -0.636236 -7.27222 0
      vertex -10.5278 -12.85 0
    endloop
  endfacet
  facet normal 0 -0 -1
    outer loop
      vertex -10.4025 -12.5814 0
      vertex -1.26763 -7.1891 0
      vertex -10.4593 -12.7185 0
    endloop
  endfacet
  facet normal 0 -0 -1
    outer loop
      vertex -10.3579 -12.44 0
      vertex -1.26763 -7.1891 0
      vertex -10.4025 -12.5814 0
    endloop
  endfacet
  facet normal 0 0 -1
    outer loop
      vertex -10.7979 -10.7979 0
      vertex -5.16188 -5.16188 0
      vertex -10.6977 -10.9073 0
    endloop
  endfacet
  facet normal -0 0 -1
    outer loop
      vertex -4.69235 -5.59212 0
      vertex -10.6977 -10.9073 0
      vertex -5.16188 -5.16188 0
    endloop
  endfacet
  facet normal 0 0 -1
    outer loop
      vertex -10.6977 -10.9073 0
      vertex -4.69235 -5.59212 0
      vertex -10.6074 -11.0249 0
    endloop
  endfacet
  facet normal 0 0 -1
    outer loop
      vertex -10.6074 -11.0249 0
      vertex -4.69235 -5.59212 0
      vertex -10.5278 -11.15 0
    endloop
  endfacet
  facet normal -0 0 -1
    outer loop
      vertex -4.18711 -5.97981 0
      vertex -10.5278 -11.15 0
      vertex -4.69235 -5.59212 0
    endloop
  endfacet
  facet normal 0 0 -1
    outer loop
      vertex -10.5278 -11.15 0
      vertex -4.18711 -5.97981 0
      vertex -10.4593 -11.2815 0
    endloop
  endfacet
  facet normal 0 0 -1
    outer loop
      vertex -10.4593 -11.2815 0
      vertex -4.18711 -5.97981 0
      vertex -10.4025 -11.4186 0
    endloop
  endfacet
  facet normal -0 0 -1
    outer loop
      vertex -3.65 -6.32199 0
      vertex -10.4025 -11.4186 0
      vertex -4.18711 -5.97981 0
    endloop
  endfacet
  facet normal 0 0 -1
    outer loop
      vertex -10.4025 -11.4186 0
      vertex -3.65 -6.32199 0
      vertex -10.3579 -11.56 0
    endloop
  endfacet
  facet normal 0 0 -1
    outer loop
      vertex -10.3579 -11.56 0
      vertex -3.65 -6.32199 0
      vertex -10.3258 -11.7048 0
    endloop
  endfacet
  facet normal -0 0 -1
    outer loop
      vertex -3.08511 -6.61605 0
      vertex -10.3258 -11.7048 0
      vertex -3.65 -6.32199 0
    endloop
  endfacet
  facet normal 0 0 -1
    outer loop
      vertex -10.3258 -11.7048 0
      vertex -3.08511 -6.61605 0
      vertex -10.3065 -11.8518 0
    endloop
  endfacet
  facet normal 0 -0 -1
    outer loop
      vertex -10.3258 -12.2952 0
      vertex -1.88938 -7.05126 0
      vertex -10.3579 -12.44 0
    endloop
  endfacet
  facet normal 0 0 -1
    outer loop
      vertex -10.3065 -11.8518 0
      vertex -3.08511 -6.61605 0
      vertex -10.3 -12 0
    endloop
  endfacet
  facet normal -0 0 -1
    outer loop
      vertex -2.49675 -6.85976 0
      vertex -10.3 -12 0
      vertex -3.08511 -6.61605 0
    endloop
  endfacet
  facet normal 0 -0 -1
    outer loop
      vertex -10.3 -12 0
      vertex -2.49675 -6.85976 0
      vertex -10.3065 -12.1482 0
    endloop
  endfacet
  facet normal -0 0 -1
    outer loop
      vertex -1.88938 -7.05126 0
      vertex -10.3065 -12.1482 0
      vertex -2.49675 -6.85976 0
    endloop
  endfacet
  facet normal 0 -0 -1
    outer loop
      vertex -10.3065 -12.1482 0
      vertex -1.88938 -7.05126 0
      vertex -10.3258 -12.2952 0
    endloop
  endfacet
  facet normal -0 0 -1
    outer loop
      vertex -1.26763 -7.1891 0
      vertex -10.3579 -12.44 0
      vertex -1.88938 -7.05126 0
    endloop
  endfacet
  facet normal -0 0 -1
    outer loop
      vertex -0.636236 -7.27222 0
      vertex -10.4593 -12.7185 0
      vertex -1.26763 -7.1891 0
    endloop
  endfacet
  facet normal 0 0 -1
    outer loop
      vertex 10.6977 -13.0927 0
      vertex -10.6977 -13.0927 0
      vertex -10.6074 -12.9751 0
    endloop
  endfacet
  facet normal -0 0 -1
    outer loop
      vertex 10.6977 -13.0927 0
      vertex -10.7979 -13.2021 0
      vertex -10.6977 -13.0927 0
    endloop
  endfacet
  facet normal 0 0 -1
    outer loop
      vertex 10.7979 -13.2021 0
      vertex -10.7979 -13.2021 0
      vertex 10.6977 -13.0927 0
    endloop
  endfacet
  facet normal 0 0 -1
    outer loop
      vertex -14 -17 0
      vertex -10.9073 -13.3023 0
      vertex 14 -17 0
    endloop
  endfacet
  facet normal 0 0 -1
    outer loop
      vertex -10.9073 -13.3023 0
      vertex -14 -17 0
      vertex -11.0249 -13.3926 0
    endloop
  endfacet
  facet normal 0 0 -1
    outer loop
      vertex -11.0249 -13.3926 0
      vertex -14 -17 0
      vertex -11.15 -13.4722 0
    endloop
  endfacet
  facet normal 0 0 -1
    outer loop
      vertex -11.15 -13.4722 0
      vertex -14 -17 0
      vertex -11.2815 -13.5407 0
    endloop
  endfacet
  facet normal 0 0 -1
    outer loop
      vertex -11.2815 -13.5407 0
      vertex -14 -17 0
      vertex -11.4186 -13.5975 0
    endloop
  endfacet
  facet normal 0 0 -1
    outer loop
      vertex -11.4186 -13.5975 0
      vertex -14 -17 0
      vertex -11.56 -13.6421 0
    endloop
  endfacet
  facet normal 0 0 -1
    outer loop
      vertex -11.56 -13.6421 0
      vertex -14 -17 0
      vertex -11.7048 -13.6742 0
    endloop
  endfacet
  facet normal 0 0 -1
    outer loop
      vertex -11.7048 -13.6742 0
      vertex -14 -17 0
      vertex -11.8518 -13.6935 0
    endloop
  endfacet
  facet normal 0 0 -1
    outer loop
      vertex -11.8518 -13.6935 0
      vertex -14 -17 0
      vertex -12 -13.7 0
    endloop
  endfacet
  facet normal 0 0 -1
    outer loop
      vertex -16.2981 -15.9284 0
      vertex -13.2021 -13.2021 0
      vertex -16.1213 -16.1213 0
    endloop
  endfacet
  facet normal 0 0 -1
    outer loop
      vertex -16.1213 -16.1213 0
      vertex -13.2021 -13.2021 0
      vertex -15.9284 -16.2981 0
    endloop
  endfacet
  facet normal 0 0 -1
    outer loop
      vertex -15.9284 -16.2981 0
      vertex -13.2021 -13.2021 0
      vertex -15.7207 -16.4574 0
    endloop
  endfacet
  facet normal -0 0 -1
    outer loop
      vertex -13.0927 -13.3023 0
      vertex -15.7207 -16.4574 0
      vertex -13.2021 -13.2021 0
    endloop
  endfacet
  facet normal 0 0 -1
    outer loop
      vertex -15.7207 -16.4574 0
      vertex -13.0927 -13.3023 0
      vertex -15.5 -16.5981 0
    endloop
  endfacet
  facet normal 0 0 -1
    outer loop
      vertex -15.5 -16.5981 0
      vertex -13.0927 -13.3023 0
      vertex -15.2679 -16.7189 0
    endloop
  endfacet
  facet normal 0 0 -1
    outer loop
      vertex -15.2679 -16.7189 0
      vertex -13.0927 -13.3023 0
      vertex -15.026 -16.8191 0
    endloop
  endfacet
  facet normal 0 0 -1
    outer loop
      vertex -15.026 -16.8191 0
      vertex -13.0927 -13.3023 0
      vertex -14.7764 -16.8978 0
    endloop
  endfacet
  facet normal -0 0 -1
    outer loop
      vertex -12.9751 -13.3926 0
      vertex -14.7764 -16.8978 0
      vertex -13.0927 -13.3023 0
    endloop
  endfacet
  facet normal 0 0 -1
    outer loop
      vertex -14.7764 -16.8978 0
      vertex -12.9751 -13.3926 0
      vertex -14.5209 -16.9544 0
    endloop
  endfacet
  facet normal 0 0 -1
    outer loop
      vertex -14.5209 -16.9544 0
      vertex -12.9751 -13.3926 0
      vertex -14.2615 -16.9886 0
    endloop
  endfacet
  facet normal 0 0 -1
    outer loop
      vertex -14.2615 -16.9886 0
      vertex -12.9751 -13.3926 0
      vertex -14 -17 0
    endloop
  endfacet
  facet normal -0 0 -1
    outer loop
      vertex -12.85 -13.4722 0
      vertex -14 -17 0
      vertex -12.9751 -13.3926 0
    endloop
  endfacet
  facet normal -0 0 -1
    outer loop
      vertex -12.7185 -13.5407 0
      vertex -14 -17 0
      vertex -12.85 -13.4722 0
    endloop
  endfacet
  facet normal -0 0 -1
    outer loop
      vertex -12.5814 -13.5975 0
      vertex -14 -17 0
      vertex -12.7185 -13.5407 0
    endloop
  endfacet
  facet normal -0 0 -1
    outer loop
      vertex -12.44 -13.6421 0
      vertex -14 -17 0
      vertex -12.5814 -13.5975 0
    endloop
  endfacet
  facet normal -0 0 -1
    outer loop
      vertex -12.2952 -13.6742 0
      vertex -14 -17 0
      vertex -12.44 -13.6421 0
    endloop
  endfacet
  facet normal -0 0 -1
    outer loop
      vertex -12.1482 -13.6935 0
      vertex -14 -17 0
      vertex -12.2952 -13.6742 0
    endloop
  endfacet
  facet normal -0 0 -1
    outer loop
      vertex -12 -13.7 0
      vertex -14 -17 0
      vertex -12.1482 -13.6935 0
    endloop
  endfacet
  facet normal -0 0 -1
    outer loop
      vertex 16.2981 15.9284 0
      vertex 13.2021 13.2021 0
      vertex 16.1213 16.1213 0
    endloop
  endfacet
  facet normal -0 0 -1
    outer loop
      vertex 16.1213 16.1213 0
      vertex 13.2021 13.2021 0
      vertex 15.9284 16.2981 0
    endloop
  endfacet
  facet normal -0 0 -1
    outer loop
      vertex 15.9284 16.2981 0
      vertex 13.2021 13.2021 0
      vertex 15.7207 16.4574 0
    endloop
  endfacet
  facet normal 0 0 -1
    outer loop
      vertex 13.0927 13.3023 0
      vertex 15.7207 16.4574 0
      vertex 13.2021 13.2021 0
    endloop
  endfacet
  facet normal -0 0 -1
    outer loop
      vertex 15.7207 16.4574 0
      vertex 13.0927 13.3023 0
      vertex 15.5 16.5981 0
    endloop
  endfacet
  facet normal -0 0 -1
    outer loop
      vertex 15.5 16.5981 0
      vertex 13.0927 13.3023 0
      vertex 15.2679 16.7189 0
    endloop
  endfacet
  facet normal -0 0 -1
    outer loop
      vertex 15.2679 16.7189 0
      vertex 13.0927 13.3023 0
      vertex 15.026 16.8191 0
    endloop
  endfacet
  facet normal -0 0 -1
    outer loop
      vertex 15.026 16.8191 0
      vertex 13.0927 13.3023 0
      vertex 14.7764 16.8978 0
    endloop
  endfacet
  facet normal 0 0 -1
    outer loop
      vertex 12.9751 13.3926 0
      vertex 14.7764 16.8978 0
      vertex 13.0927 13.3023 0
    endloop
  endfacet
  facet normal -0 0 -1
    outer loop
      vertex 14.7764 16.8978 0
      vertex 12.9751 13.3926 0
      vertex 14.5209 16.9544 0
    endloop
  endfacet
  facet normal -0 0 -1
    outer loop
      vertex 14.5209 16.9544 0
      vertex 12.9751 13.3926 0
      vertex 14.2615 16.9886 0
    endloop
  endfacet
  facet normal -0 0 -1
    outer loop
      vertex 14.2615 16.9886 0
      vertex 12.9751 13.3926 0
      vertex 14 17 0
    endloop
  endfacet
  facet normal 0 0 -1
    outer loop
      vertex 12.85 13.4722 0
      vertex 14 17 0
      vertex 12.9751 13.3926 0
    endloop
  endfacet
  facet normal 0 0 -1
    outer loop
      vertex 12.7185 13.5407 0
      vertex 14 17 0
      vertex 12.85 13.4722 0
    endloop
  endfacet
  facet normal 0 0 -1
    outer loop
      vertex 12.5814 13.5975 0
      vertex 14 17 0
      vertex 12.7185 13.5407 0
    endloop
  endfacet
  facet normal 0 0 -1
    outer loop
      vertex 12.44 13.6421 0
      vertex 14 17 0
      vertex 12.5814 13.5975 0
    endloop
  endfacet
  facet normal 0 0 -1
    outer loop
      vertex 12.2952 13.6742 0
      vertex 14 17 0
      vertex 12.44 13.6421 0
    endloop
  endfacet
  facet normal 0 0 -1
    outer loop
      vertex 12.1482 13.6935 0
      vertex 14 17 0
      vertex 12.2952 13.6742 0
    endloop
  endfacet
  facet normal 0 0 -1
    outer loop
      vertex 12 13.7 0
      vertex 14 17 0
      vertex 12.1482 13.6935 0
    endloop
  endfacet
  facet normal 0 0 -1
    outer loop
      vertex 11.8518 13.6935 0
      vertex 14 17 0
      vertex 12 13.7 0
    endloop
  endfacet
  facet normal 0 0 -1
    outer loop
      vertex 11.7048 13.6742 0
      vertex 14 17 0
      vertex 11.8518 13.6935 0
    endloop
  endfacet
  facet normal 0 0 -1
    outer loop
      vertex 11.56 13.6421 0
      vertex 14 17 0
      vertex 11.7048 13.6742 0
    endloop
  endfacet
  facet normal 0 0 -1
    outer loop
      vertex 11.4186 13.5975 0
      vertex 14 17 0
      vertex 11.56 13.6421 0
    endloop
  endfacet
  facet normal 0 0 -1
    outer loop
      vertex 11.2815 13.5407 0
      vertex 14 17 0
      vertex 11.4186 13.5975 0
    endloop
  endfacet
  facet normal 0 0 -1
    outer loop
      vertex 11.15 13.4722 0
      vertex 14 17 0
      vertex 11.2815 13.5407 0
    endloop
  endfacet
  facet normal 0 0 -1
    outer loop
      vertex 11.0249 13.3926 0
      vertex 14 17 0
      vertex 11.15 13.4722 0
    endloop
  endfacet
  facet normal 0 0 -1
    outer loop
      vertex 10.9073 13.3023 0
      vertex 14 17 0
      vertex 11.0249 13.3926 0
    endloop
  endfacet
  facet normal 0 0 -1
    outer loop
      vertex -10.9073 13.3023 0
      vertex 10.9073 13.3023 0
      vertex 10.7979 13.2021 0
    endloop
  endfacet
  facet normal 0 0 -1
    outer loop
      vertex -10.7979 13.2021 0
      vertex 10.7979 13.2021 0
      vertex 10.6977 13.0927 0
    endloop
  endfacet
  facet normal -0 0 -1
    outer loop
      vertex 10.7979 10.7979 0
      vertex 5.16188 5.16188 0
      vertex 10.6977 10.9073 0
    endloop
  endfacet
  facet normal 0 0 -1
    outer loop
      vertex 4.69235 5.59212 0
      vertex 10.6977 10.9073 0
      vertex 5.16188 5.16188 0
    endloop
  endfacet
  facet normal -0 0 -1
    outer loop
      vertex 10.6977 10.9073 0
      vertex 4.69235 5.59212 0
      vertex 10.6074 11.0249 0
    endloop
  endfacet
  facet normal -0 0 -1
    outer loop
      vertex 10.6074 11.0249 0
      vertex 4.69235 5.59212 0
      vertex 10.5278 11.15 0
    endloop
  endfacet
  facet normal 0 0 -1
    outer loop
      vertex 4.18711 5.97981 0
      vertex 10.5278 11.15 0
      vertex 4.69235 5.59212 0
    endloop
  endfacet
  facet normal -0 0 -1
    outer loop
      vertex 10.5278 11.15 0
      vertex 4.18711 5.97981 0
      vertex 10.4593 11.2815 0
    endloop
  endfacet
  facet normal -0 0 -1
    outer loop
      vertex 10.4593 11.2815 0
      vertex 4.18711 5.97981 0
      vertex 10.4025 11.4186 0
    endloop
  endfacet
  facet normal 0 0 -1
    outer loop
      vertex 3.65 6.32199 0
      vertex 10.4025 11.4186 0
      vertex 4.18711 5.97981 0
    endloop
  endfacet
  facet normal -0 0 -1
    outer loop
      vertex 10.4025 11.4186 0
      vertex 3.65 6.32199 0
      vertex 10.3579 11.56 0
    endloop
  endfacet
  facet normal -0 0 -1
    outer loop
      vertex 10.3579 11.56 0
      vertex 3.65 6.32199 0
      vertex 10.3258 11.7048 0
    endloop
  endfacet
  facet normal 0 0 -1
    outer loop
      vertex 3.08511 6.61605 0
      vertex 10.3258 11.7048 0
      vertex 3.65 6.32199 0
    endloop
  endfacet
  facet normal -0 0 -1
    outer loop
      vertex 10.3258 11.7048 0
      vertex 3.08511 6.61605 0
      vertex 10.3065 11.8518 0
    endloop
  endfacet
  facet normal -0 0 -1
    outer loop
      vertex 10.3065 11.8518 0
      vertex 3.08511 6.61605 0
      vertex 10.3 12 0
    endloop
  endfacet
  facet normal 0 0 -1
    outer loop
      vertex 2.49675 6.85976 0
      vertex 10.3 12 0
      vertex 3.08511 6.61605 0
    endloop
  endfacet
  facet normal -0 0 -1
    outer loop
      vertex 10.3 12 0
      vertex 2.49675 6.85976 0
      vertex 10.3065 12.1482 0
    endloop
  endfacet
  facet normal 0 0 -1
    outer loop
      vertex 1.88938 7.05126 0
      vertex 10.3065 12.1482 0
      vertex 2.49675 6.85976 0
    endloop
  endfacet
  facet normal -0 0 -1
    outer loop
      vertex 10.3065 12.1482 0
      vertex 1.88938 7.05126 0
      vertex 10.3258 12.2952 0
    endloop
  endfacet
  facet normal -0 0 -1
    outer loop
      vertex 10.3258 12.2952 0
      vertex 1.88938 7.05126 0
      vertex 10.3579 12.44 0
    endloop
  endfacet
  facet normal 0 0 -1
    outer loop
      vertex 1.26763 7.1891 0
      vertex 10.3579 12.44 0
      vertex 1.88938 7.05126 0
    endloop
  endfacet
  facet normal -0 0 -1
    outer loop
      vertex 10.3579 12.44 0
      vertex 1.26763 7.1891 0
      vertex 10.4025 12.5814 0
    endloop
  endfacet
  facet normal -0 0 -1
    outer loop
      vertex 10.4025 12.5814 0
      vertex 1.26763 7.1891 0
      vertex 10.4593 12.7185 0
    endloop
  endfacet
  facet normal 0 0 -1
    outer loop
      vertex 0.636236 7.27222 0
      vertex 10.4593 12.7185 0
      vertex 1.26763 7.1891 0
    endloop
  endfacet
  facet normal -0 0 -1
    outer loop
      vertex 10.4593 12.7185 0
      vertex 0.636236 7.27222 0
      vertex 10.5278 12.85 0
    endloop
  endfacet
  facet normal 0 0 -1
    outer loop
      vertex 0 7.3 0
      vertex 10.5278 12.85 0
      vertex 0.636236 7.27222 0
    endloop
  endfacet
  facet normal -0 0 -1
    outer loop
      vertex 10.5278 12.85 0
      vertex 0 7.3 0
      vertex 10.6074 12.9751 0
    endloop
  endfacet
  facet normal 0 0 -1
    outer loop
      vertex -10.6074 12.9751 0
      vertex 10.6074 12.9751 0
      vertex 0 7.3 0
    endloop
  endfacet
  facet normal 0 0 -1
    outer loop
      vertex 10.6074 12.9751 0
      vertex -10.6074 12.9751 0
      vertex 10.6977 13.0927 0
    endloop
  endfacet
  facet normal 0 0 -1
    outer loop
      vertex -10.5278 12.85 0
      vertex 0 7.3 0
      vertex -0.636236 7.27222 0
    endloop
  endfacet
  facet normal 0 0 -1
    outer loop
      vertex -10.4593 12.7185 0
      vertex -0.636236 7.27222 0
      vertex -1.26763 7.1891 0
    endloop
  endfacet
  facet normal 0 0 -1
    outer loop
      vertex -10.3579 12.44 0
      vertex -1.26763 7.1891 0
      vertex -1.88938 7.05126 0
    endloop
  endfacet
  facet normal 0 0 -1
    outer loop
      vertex -10.3065 12.1482 0
      vertex -1.88938 7.05126 0
      vertex -2.49675 6.85976 0
    endloop
  endfacet
  facet normal 0 0 -1
    outer loop
      vertex -10.3 12 0
      vertex -2.49675 6.85976 0
      vertex -3.08511 6.61605 0
    endloop
  endfacet
  facet normal 0 0 -1
    outer loop
      vertex -10.3 12 0
      vertex -3.08511 6.61605 0
      vertex -3.65 6.32199 0
    endloop
  endfacet
  facet normal 0 0 -1
    outer loop
      vertex -10.9073 -10.6977 0
      vertex -5.16188 -5.16188 0
      vertex -10.7979 -10.7979 0
    endloop
  endfacet
  facet normal 0 0 -1
    outer loop
      vertex -7.3 0 0
      vertex -10.3 12 0
      vertex -7.27222 0.636236 0
    endloop
  endfacet
  facet normal 0 0 -1
    outer loop
      vertex -7.27222 0.636236 0
      vertex -10.3 12 0
      vertex -7.1891 1.26763 0
    endloop
  endfacet
  facet normal 0 0 -1
    outer loop
      vertex -7.1891 1.26763 0
      vertex -10.3 12 0
      vertex -7.05126 1.88938 0
    endloop
  endfacet
  facet normal 0 0 -1
    outer loop
      vertex -10.3 12 0
      vertex -6.85976 2.49675 0
      vertex -7.05126 1.88938 0
    endloop
  endfacet
  facet normal 0 0 -1
    outer loop
      vertex -10.3 12 0
      vertex -6.61605 3.08511 0
      vertex -6.85976 2.49675 0
    endloop
  endfacet
  facet normal 0 0 -1
    outer loop
      vertex -10.3 12 0
      vertex -6.32199 3.65 0
      vertex -6.61605 3.08511 0
    endloop
  endfacet
  facet normal 0 0 -1
    outer loop
      vertex -10.3 12 0
      vertex -5.97981 4.18711 0
      vertex -6.32199 3.65 0
    endloop
  endfacet
  facet normal 0 0 -1
    outer loop
      vertex -10.3 12 0
      vertex -5.59212 4.69235 0
      vertex -5.97981 4.18711 0
    endloop
  endfacet
  facet normal 0 0 -1
    outer loop
      vertex -10.3 12 0
      vertex -5.16188 5.16188 0
      vertex -5.59212 4.69235 0
    endloop
  endfacet
  facet normal 0 0 -1
    outer loop
      vertex -10.3 12 0
      vertex -4.69235 5.59212 0
      vertex -5.16188 5.16188 0
    endloop
  endfacet
  facet normal 0 0 -1
    outer loop
      vertex -10.3 12 0
      vertex -4.18711 5.97981 0
      vertex -4.69235 5.59212 0
    endloop
  endfacet
  facet normal 0 0 -1
    outer loop
      vertex -10.3 12 0
      vertex -3.65 6.32199 0
      vertex -4.18711 5.97981 0
    endloop
  endfacet
  facet normal 0 0 -1
    outer loop
      vertex -2.49675 6.85976 0
      vertex -10.3 12 0
      vertex -10.3065 12.1482 0
    endloop
  endfacet
  facet normal 0 0 -1
    outer loop
      vertex -1.88938 7.05126 0
      vertex -10.3065 12.1482 0
      vertex -10.3258 12.2952 0
    endloop
  endfacet
  facet normal 0 0 -1
    outer loop
      vertex -1.88938 7.05126 0
      vertex -10.3258 12.2952 0
      vertex -10.3579 12.44 0
    endloop
  endfacet
  facet normal 0 0 -1
    outer loop
      vertex -1.26763 7.1891 0
      vertex -10.3579 12.44 0
      vertex -10.4025 12.5814 0
    endloop
  endfacet
  facet normal 0 0 -1
    outer loop
      vertex -1.26763 7.1891 0
      vertex -10.4025 12.5814 0
      vertex -10.4593 12.7185 0
    endloop
  endfacet
  facet normal 0 0 -1
    outer loop
      vertex -0.636236 7.27222 0
      vertex -10.4593 12.7185 0
      vertex -10.5278 12.85 0
    endloop
  endfacet
  facet normal 0 0 -1
    outer loop
      vertex 0 7.3 0
      vertex -10.5278 12.85 0
      vertex -10.6074 12.9751 0
    endloop
  endfacet
  facet normal 0 0 -1
    outer loop
      vertex -10.6977 13.0927 0
      vertex 10.6977 13.0927 0
      vertex -10.6074 12.9751 0
    endloop
  endfacet
  facet normal 0 0 -1
    outer loop
      vertex -10.7979 13.2021 0
      vertex 10.6977 13.0927 0
      vertex -10.6977 13.0927 0
    endloop
  endfacet
  facet normal 0 0 -1
    outer loop
      vertex 10.7979 13.2021 0
      vertex -10.7979 13.2021 0
      vertex -10.9073 13.3023 0
    endloop
  endfacet
  facet normal 0 0 -1
    outer loop
      vertex 10.9073 13.3023 0
      vertex -10.9073 13.3023 0
      vertex 14 17 0
    endloop
  endfacet
  facet normal 0 0 -1
    outer loop
      vertex -14 17 0
      vertex -10.9073 13.3023 0
      vertex -11.0249 13.3926 0
    endloop
  endfacet
  facet normal 0 0 -1
    outer loop
      vertex -14 17 0
      vertex -11.0249 13.3926 0
      vertex -11.15 13.4722 0
    endloop
  endfacet
  facet normal 0 0 -1
    outer loop
      vertex -14 17 0
      vertex -11.15 13.4722 0
      vertex -11.2815 13.5407 0
    endloop
  endfacet
  facet normal 0 0 -1
    outer loop
      vertex -14 17 0
      vertex -11.2815 13.5407 0
      vertex -11.4186 13.5975 0
    endloop
  endfacet
  facet normal 0 0 -1
    outer loop
      vertex -14 17 0
      vertex -11.4186 13.5975 0
      vertex -11.56 13.6421 0
    endloop
  endfacet
  facet normal 0 0 -1
    outer loop
      vertex -14 17 0
      vertex -11.56 13.6421 0
      vertex -11.7048 13.6742 0
    endloop
  endfacet
  facet normal 0 0 -1
    outer loop
      vertex -14 17 0
      vertex -11.7048 13.6742 0
      vertex -11.8518 13.6935 0
    endloop
  endfacet
  facet normal 0 0 -1
    outer loop
      vertex -14 17 0
      vertex -11.8518 13.6935 0
      vertex -12 13.7 0
    endloop
  endfacet
  facet normal 0 0 -1
    outer loop
      vertex -14 17 0
      vertex -12 13.7 0
      vertex -12.1482 13.6935 0
    endloop
  endfacet
  facet normal 0 0 -1
    outer loop
      vertex -10.9073 13.3023 0
      vertex -14 17 0
      vertex 14 17 0
    endloop
  endfacet
  facet normal 0 0 -1
    outer loop
      vertex -12.2952 13.6742 0
      vertex -14 17 0
      vertex -12.1482 13.6935 0
    endloop
  endfacet
  facet normal 0 0 -1
    outer loop
      vertex -12.44 13.6421 0
      vertex -14 17 0
      vertex -12.2952 13.6742 0
    endloop
  endfacet
  facet normal 0 0 -1
    outer loop
      vertex -12.5814 13.5975 0
      vertex -14 17 0
      vertex -12.44 13.6421 0
    endloop
  endfacet
  facet normal 0 0 -1
    outer loop
      vertex -12.7185 13.5407 0
      vertex -14 17 0
      vertex -12.5814 13.5975 0
    endloop
  endfacet
  facet normal 0 0 -1
    outer loop
      vertex -12.85 13.4722 0
      vertex -14 17 0
      vertex -12.7185 13.5407 0
    endloop
  endfacet
  facet normal 0 0 -1
    outer loop
      vertex -12.9751 13.3926 0
      vertex -14 17 0
      vertex -12.85 13.4722 0
    endloop
  endfacet
  facet normal 0 0 -1
    outer loop
      vertex -14.7764 16.8978 0
      vertex -12.9751 13.3926 0
      vertex -13.0927 13.3023 0
    endloop
  endfacet
  facet normal 0 0 -1
    outer loop
      vertex -15.7207 16.4574 0
      vertex -13.0927 13.3023 0
      vertex -13.2021 13.2021 0
    endloop
  endfacet
  facet normal 0 0 -1
    outer loop
      vertex -16.4574 15.7207 0
      vertex -13.2021 13.2021 0
      vertex -13.3023 13.0927 0
    endloop
  endfacet
  facet normal 0 0 -1
    outer loop
      vertex -16.8978 14.7764 0
      vertex -13.3023 13.0927 0
      vertex -13.3926 12.9751 0
    endloop
  endfacet
  facet normal 0 0 -1
    outer loop
      vertex -17 14 0
      vertex -13.3926 12.9751 0
      vertex -13.4722 12.85 0
    endloop
  endfacet
  facet normal 0 0 -1
    outer loop
      vertex -17 14 0
      vertex -13.4722 12.85 0
      vertex -13.5407 12.7185 0
    endloop
  endfacet
  facet normal 0 0 -1
    outer loop
      vertex -17 14 0
      vertex -13.5407 12.7185 0
      vertex -13.5975 12.5814 0
    endloop
  endfacet
  facet normal 0 0 -1
    outer loop
      vertex -17 14 0
      vertex -13.5975 12.5814 0
      vertex -13.6421 12.44 0
    endloop
  endfacet
  facet normal 0 0 -1
    outer loop
      vertex -17 14 0
      vertex -13.6421 12.44 0
      vertex -13.6742 12.2952 0
    endloop
  endfacet
  facet normal 0 0 -1
    outer loop
      vertex -17 14 0
      vertex -13.6742 12.2952 0
      vertex -13.6935 12.1482 0
    endloop
  endfacet
  facet normal 0 0 -1
    outer loop
      vertex -17 14 0
      vertex -13.6935 12.1482 0
      vertex -13.7 12 0
    endloop
  endfacet
  facet normal 0 0 -1
    outer loop
      vertex -13.6742 11.7048 0
      vertex -17 14 0
      vertex -13.6935 11.8518 0
    endloop
  endfacet
  facet normal 0 0 -1
    outer loop
      vertex -16.4574 -15.7207 0
      vertex -13.2021 -13.2021 0
      vertex -16.2981 -15.9284 0
    endloop
  endfacet
  facet normal 0 0 -1
    outer loop
      vertex -13.6935 11.8518 0
      vertex -17 14 0
      vertex -13.7 12 0
    endloop
  endfacet
  facet normal -0 0 -1
    outer loop
      vertex -13.2021 -13.2021 0
      vertex -16.4574 -15.7207 0
      vertex -13.3023 -13.0927 0
    endloop
  endfacet
  facet normal 0 0 -1
    outer loop
      vertex -13.3926 12.9751 0
      vertex -17 14 0
      vertex -16.9886 14.2615 0
    endloop
  endfacet
  facet normal 0 0 -1
    outer loop
      vertex -16.5981 -15.5 0
      vertex -13.3023 -13.0927 0
      vertex -16.4574 -15.7207 0
    endloop
  endfacet
  facet normal 0 0 -1
    outer loop
      vertex -12.9751 13.3926 0
      vertex -14.2615 16.9886 0
      vertex -14 17 0
    endloop
  endfacet
  facet normal 0 0 -1
    outer loop
      vertex -16.7189 -15.2679 0
      vertex -13.3023 -13.0927 0
      vertex -16.5981 -15.5 0
    endloop
  endfacet
  facet normal 0 0 -1
    outer loop
      vertex -12.9751 13.3926 0
      vertex -14.5209 16.9544 0
      vertex -14.2615 16.9886 0
    endloop
  endfacet
  facet normal 0 0 -1
    outer loop
      vertex -16.8191 -15.026 0
      vertex -13.3023 -13.0927 0
      vertex -16.7189 -15.2679 0
    endloop
  endfacet
  facet normal 0 0 -1
    outer loop
      vertex -12.9751 13.3926 0
      vertex -14.7764 16.8978 0
      vertex -14.5209 16.9544 0
    endloop
  endfacet
  facet normal 0 0 -1
    outer loop
      vertex -16.8978 -14.7764 0
      vertex -13.3023 -13.0927 0
      vertex -16.8191 -15.026 0
    endloop
  endfacet
  facet normal 0 0 -1
    outer loop
      vertex -13.0927 13.3023 0
      vertex -15.026 16.8191 0
      vertex -14.7764 16.8978 0
    endloop
  endfacet
  facet normal -0 0 -1
    outer loop
      vertex -13.3023 -13.0927 0
      vertex -16.8978 -14.7764 0
      vertex -13.3926 -12.9751 0
    endloop
  endfacet
  facet normal 0 0 -1
    outer loop
      vertex -13.0927 13.3023 0
      vertex -15.2679 16.7189 0
      vertex -15.026 16.8191 0
    endloop
  endfacet
  facet normal 0 0 -1
    outer loop
      vertex -16.9544 -14.5209 0
      vertex -13.3926 -12.9751 0
      vertex -16.8978 -14.7764 0
    endloop
  endfacet
  facet normal 0 0 -1
    outer loop
      vertex -13.0927 13.3023 0
      vertex -15.5 16.5981 0
      vertex -15.2679 16.7189 0
    endloop
  endfacet
  facet normal 0 0 -1
    outer loop
      vertex -16.9886 -14.2615 0
      vertex -13.3926 -12.9751 0
      vertex -16.9544 -14.5209 0
    endloop
  endfacet
  facet normal 0 0 -1
    outer loop
      vertex -13.0927 13.3023 0
      vertex -15.7207 16.4574 0
      vertex -15.5 16.5981 0
    endloop
  endfacet
  facet normal 0 0 -1
    outer loop
      vertex -17 -14 0
      vertex -13.3926 -12.9751 0
      vertex -16.9886 -14.2615 0
    endloop
  endfacet
  facet normal 0 0 -1
    outer loop
      vertex -13.2021 13.2021 0
      vertex -15.9284 16.2981 0
      vertex -15.7207 16.4574 0
    endloop
  endfacet
  facet normal -0 0 -1
    outer loop
      vertex -13.3926 -12.9751 0
      vertex -17 -14 0
      vertex -13.4722 -12.85 0
    endloop
  endfacet
  facet normal 0 0 -1
    outer loop
      vertex -13.2021 13.2021 0
      vertex -16.1213 16.1213 0
      vertex -15.9284 16.2981 0
    endloop
  endfacet
  facet normal -0 0 -1
    outer loop
      vertex -13.4722 -12.85 0
      vertex -17 -14 0
      vertex -13.5407 -12.7185 0
    endloop
  endfacet
  facet normal 0 0 -1
    outer loop
      vertex -13.2021 13.2021 0
      vertex -16.2981 15.9284 0
      vertex -16.1213 16.1213 0
    endloop
  endfacet
  facet normal -0 0 -1
    outer loop
      vertex -13.5407 -12.7185 0
      vertex -17 -14 0
      vertex -13.5975 -12.5814 0
    endloop
  endfacet
  facet normal 0 0 -1
    outer loop
      vertex -13.2021 13.2021 0
      vertex -16.4574 15.7207 0
      vertex -16.2981 15.9284 0
    endloop
  endfacet
  facet normal -0 0 -1
    outer loop
      vertex -13.5975 -12.5814 0
      vertex -17 -14 0
      vertex -13.6421 -12.44 0
    endloop
  endfacet
  facet normal 0 0 -1
    outer loop
      vertex -13.3023 13.0927 0
      vertex -16.5981 15.5 0
      vertex -16.4574 15.7207 0
    endloop
  endfacet
  facet normal -0 0 -1
    outer loop
      vertex -13.6421 -12.44 0
      vertex -17 -14 0
      vertex -13.6742 -12.2952 0
    endloop
  endfacet
  facet normal 0 0 -1
    outer loop
      vertex -13.3023 13.0927 0
      vertex -16.7189 15.2679 0
      vertex -16.5981 15.5 0
    endloop
  endfacet
  facet normal -0 0 -1
    outer loop
      vertex -13.6742 -12.2952 0
      vertex -17 -14 0
      vertex -13.6935 -12.1482 0
    endloop
  endfacet
  facet normal 0 0 -1
    outer loop
      vertex -13.3023 13.0927 0
      vertex -16.8191 15.026 0
      vertex -16.7189 15.2679 0
    endloop
  endfacet
  facet normal -0 0 -1
    outer loop
      vertex -13.6935 -12.1482 0
      vertex -17 -14 0
      vertex -13.7 -12 0
    endloop
  endfacet
  facet normal 0 0 -1
    outer loop
      vertex -13.3023 13.0927 0
      vertex -16.8978 14.7764 0
      vertex -16.8191 15.026 0
    endloop
  endfacet
  facet normal 0 0 -1
    outer loop
      vertex -13.3926 12.9751 0
      vertex -16.9544 14.5209 0
      vertex -16.8978 14.7764 0
    endloop
  endfacet
  facet normal 0 0 -1
    outer loop
      vertex -13.3926 12.9751 0
      vertex -16.9886 14.2615 0
      vertex -16.9544 14.5209 0
    endloop
  endfacet
  facet normal -0.0435533 -0.999051 0
    outer loop
      vertex -14.2615 -16.9886 0
      vertex -14 -17 2
      vertex -14.2615 -16.9886 2
    endloop
  endfacet
  facet normal -0.0435533 -0.999051 -0
    outer loop
      vertex -14 -17 2
      vertex -14.2615 -16.9886 0
      vertex -14 -17 0
    endloop
  endfacet
  facet normal 0 0 1
    outer loop
      vertex -5.16188 5.16188 2
      vertex -10.9073 10.6977 2
      vertex -5.59212 4.69235 2
    endloop
  endfacet
  facet normal 0 0 1
    outer loop
      vertex -7.3 0 2
      vertex -10.3065 -11.8518 2
      vertex -10.3 -12 2
    endloop
  endfacet
  facet normal -0 0 1
    outer loop
      vertex -11.0249 10.6074 2
      vertex -5.59212 4.69235 2
      vertex -10.9073 10.6977 2
    endloop
  endfacet
  facet normal 0 0 1
    outer loop
      vertex -7.3 0 2
      vertex -10.3258 -11.7048 2
      vertex -10.3065 -11.8518 2
    endloop
  endfacet
  facet normal -0 0 1
    outer loop
      vertex -11.15 10.5278 2
      vertex -5.59212 4.69235 2
      vertex -11.0249 10.6074 2
    endloop
  endfacet
  facet normal 0 0 1
    outer loop
      vertex -7.3 0 2
      vertex -10.3579 -11.56 2
      vertex -10.3258 -11.7048 2
    endloop
  endfacet
  facet normal 0 0 1
    outer loop
      vertex -5.59212 4.69235 2
      vertex -11.15 10.5278 2
      vertex -5.97981 4.18711 2
    endloop
  endfacet
  facet normal 0 0 1
    outer loop
      vertex -7.3 0 2
      vertex -10.4025 -11.4186 2
      vertex -10.3579 -11.56 2
    endloop
  endfacet
  facet normal -0 0 1
    outer loop
      vertex -11.2815 10.4593 2
      vertex -5.97981 4.18711 2
      vertex -11.15 10.5278 2
    endloop
  endfacet
  facet normal 0 0 1
    outer loop
      vertex -7.3 0 2
      vertex -10.4593 -11.2815 2
      vertex -10.4025 -11.4186 2
    endloop
  endfacet
  facet normal -0 0 1
    outer loop
      vertex -11.4186 10.4025 2
      vertex -5.97981 4.18711 2
      vertex -11.2815 10.4593 2
    endloop
  endfacet
  facet normal 0 0 1
    outer loop
      vertex -7.3 0 2
      vertex -10.5278 -11.15 2
      vertex -10.4593 -11.2815 2
    endloop
  endfacet
  facet normal 0 0 1
    outer loop
      vertex -5.97981 4.18711 2
      vertex -11.4186 10.4025 2
      vertex -6.32199 3.65 2
    endloop
  endfacet
  facet normal 0 0 1
    outer loop
      vertex -7.3 0 2
      vertex -10.6074 -11.0249 2
      vertex -10.5278 -11.15 2
    endloop
  endfacet
  facet normal -0 0 1
    outer loop
      vertex -11.56 10.3579 2
      vertex -6.32199 3.65 2
      vertex -11.4186 10.4025 2
    endloop
  endfacet
  facet normal 0 0 1
    outer loop
      vertex -7.3 0 2
      vertex -10.6977 -10.9073 2
      vertex -10.6074 -11.0249 2
    endloop
  endfacet
  facet normal -0 0 1
    outer loop
      vertex -11.7048 10.3258 2
      vertex -6.32199 3.65 2
      vertex -11.56 10.3579 2
    endloop
  endfacet
  facet normal 0 0 1
    outer loop
      vertex -7.3 0 2
      vertex -10.7979 -10.7979 2
      vertex -10.6977 -10.9073 2
    endloop
  endfacet
  facet normal 0 0 1
    outer loop
      vertex -6.32199 3.65 2
      vertex -11.7048 10.3258 2
      vertex -6.61605 3.08511 2
    endloop
  endfacet
  facet normal 0 0 1
    outer loop
      vertex -7.3 0 2
      vertex -10.9073 -10.6977 2
      vertex -10.7979 -10.7979 2
    endloop
  endfacet
  facet normal -0 0 1
    outer loop
      vertex -11.8518 10.3065 2
      vertex -6.61605 3.08511 2
      vertex -11.7048 10.3258 2
    endloop
  endfacet
  facet normal 0 0 1
    outer loop
      vertex -7.3 0 2
      vertex -11.0249 -10.6074 2
      vertex -10.9073 -10.6977 2
    endloop
  endfacet
  facet normal -0 0 1
    outer loop
      vertex -12 10.3 2
      vertex -6.61605 3.08511 2
      vertex -11.8518 10.3065 2
    endloop
  endfacet
  facet normal 0 0 1
    outer loop
      vertex -7.3 0 2
      vertex -11.15 -10.5278 2
      vertex -11.0249 -10.6074 2
    endloop
  endfacet
  facet normal 0 0 1
    outer loop
      vertex -6.61605 3.08511 2
      vertex -12 10.3 2
      vertex -6.85976 2.49675 2
    endloop
  endfacet
  facet normal 0 0 1
    outer loop
      vertex -7.3 0 2
      vertex -11.2815 -10.4593 2
      vertex -11.15 -10.5278 2
    endloop
  endfacet
  facet normal 0 0 1
    outer loop
      vertex -12.1482 10.3065 2
      vertex -6.85976 2.49675 2
      vertex -12 10.3 2
    endloop
  endfacet
  facet normal 0 0 1
    outer loop
      vertex -7.3 0 2
      vertex -11.4186 -10.4025 2
      vertex -11.2815 -10.4593 2
    endloop
  endfacet
  facet normal 0 0 1
    outer loop
      vertex -6.85976 2.49675 2
      vertex -12.1482 10.3065 2
      vertex -7.05126 1.88938 2
    endloop
  endfacet
  facet normal 0 0 1
    outer loop
      vertex -7.3 0 2
      vertex -11.56 -10.3579 2
      vertex -11.4186 -10.4025 2
    endloop
  endfacet
  facet normal 0 0 1
    outer loop
      vertex -12.2952 10.3258 2
      vertex -7.05126 1.88938 2
      vertex -12.1482 10.3065 2
    endloop
  endfacet
  facet normal 0 0 1
    outer loop
      vertex -7.3 0 2
      vertex -11.7048 -10.3258 2
      vertex -11.56 -10.3579 2
    endloop
  endfacet
  facet normal 0 0 1
    outer loop
      vertex -12.44 10.3579 2
      vertex -7.05126 1.88938 2
      vertex -12.2952 10.3258 2
    endloop
  endfacet
  facet normal 0 0 1
    outer loop
      vertex -7.3 0 2
      vertex -11.8518 -10.3065 2
      vertex -11.7048 -10.3258 2
    endloop
  endfacet
  facet normal 0 0 1
    outer loop
      vertex -7.05126 1.88938 2
      vertex -12.44 10.3579 2
      vertex -7.1891 1.26763 2
    endloop
  endfacet
  facet normal 0 0 1
    outer loop
      vertex -7.3 0 2
      vertex -12 -10.3 2
      vertex -11.8518 -10.3065 2
    endloop
  endfacet
  facet normal 0 0 1
    outer loop
      vertex -12.5814 10.4025 2
      vertex -7.1891 1.26763 2
      vertex -12.44 10.3579 2
    endloop
  endfacet
  facet normal 0 0 1
    outer loop
      vertex -7.3 0 2
      vertex -12.1482 -10.3065 2
      vertex -12 -10.3 2
    endloop
  endfacet
  facet normal 0 0 1
    outer loop
      vertex -7.1891 1.26763 2
      vertex -12.5814 10.4025 2
      vertex -7.27222 0.636236 2
    endloop
  endfacet
  facet normal 0 0 1
    outer loop
      vertex -7.3 0 2
      vertex -12.2952 -10.3258 2
      vertex -12.1482 -10.3065 2
    endloop
  endfacet
  facet normal 0 0 1
    outer loop
      vertex -12.7185 10.4593 2
      vertex -7.27222 0.636236 2
      vertex -12.5814 10.4025 2
    endloop
  endfacet
  facet normal 0 0 1
    outer loop
      vertex -7.3 0 2
      vertex -12.44 -10.3579 2
      vertex -12.2952 -10.3258 2
    endloop
  endfacet
  facet normal 0 0 1
    outer loop
      vertex -12.85 10.5278 2
      vertex -7.27222 0.636236 2
      vertex -12.7185 10.4593 2
    endloop
  endfacet
  facet normal 0 0 1
    outer loop
      vertex -7.3 0 2
      vertex -12.5814 -10.4025 2
      vertex -12.44 -10.3579 2
    endloop
  endfacet
  facet normal 0 0 1
    outer loop
      vertex -7.27222 0.636236 2
      vertex -12.85 10.5278 2
      vertex -7.3 0 2
    endloop
  endfacet
  facet normal 0 0 1
    outer loop
      vertex -7.3 0 2
      vertex -12.7185 -10.4593 2
      vertex -12.5814 -10.4025 2
    endloop
  endfacet
  facet normal 0 0 1
    outer loop
      vertex -12.9751 10.6074 2
      vertex -7.3 0 2
      vertex -12.85 10.5278 2
    endloop
  endfacet
  facet normal 0 0 1
    outer loop
      vertex -7.3 0 2
      vertex -12.85 -10.5278 2
      vertex -12.7185 -10.4593 2
    endloop
  endfacet
  facet normal 0 0 1
    outer loop
      vertex -12.9751 -10.6074 2
      vertex -7.3 0 2
      vertex -12.9751 10.6074 2
    endloop
  endfacet
  facet normal 0 0 1
    outer loop
      vertex -7.3 0 2
      vertex -12.9751 -10.6074 2
      vertex -12.85 -10.5278 2
    endloop
  endfacet
  facet normal 0 0 1
    outer loop
      vertex -13.0927 10.6977 2
      vertex -12.9751 -10.6074 2
      vertex -12.9751 10.6074 2
    endloop
  endfacet
  facet normal 0 0 1
    outer loop
      vertex -13.0927 10.6977 2
      vertex -13.0927 -10.6977 2
      vertex -12.9751 -10.6074 2
    endloop
  endfacet
  facet normal 0 0 1
    outer loop
      vertex -13.2021 10.7979 2
      vertex -13.0927 -10.6977 2
      vertex -13.0927 10.6977 2
    endloop
  endfacet
  facet normal 0 0 1
    outer loop
      vertex -13.2021 10.7979 2
      vertex -13.2021 -10.7979 2
      vertex -13.0927 -10.6977 2
    endloop
  endfacet
  facet normal 0 0 1
    outer loop
      vertex -13.3023 10.9073 2
      vertex -13.2021 -10.7979 2
      vertex -13.2021 10.7979 2
    endloop
  endfacet
  facet normal 0 0 1
    outer loop
      vertex -13.3023 10.9073 2
      vertex -13.3023 -10.9073 2
      vertex -13.2021 -10.7979 2
    endloop
  endfacet
  facet normal 0 0 1
    outer loop
      vertex -17 14 2
      vertex -13.3023 10.9073 2
      vertex -13.3926 11.0249 2
    endloop
  endfacet
  facet normal 0 0 1
    outer loop
      vertex -13.3023 10.9073 2
      vertex -17 14 2
      vertex -13.3023 -10.9073 2
    endloop
  endfacet
  facet normal 0 0 1
    outer loop
      vertex -17 14 2
      vertex -13.3926 11.0249 2
      vertex -13.4722 11.15 2
    endloop
  endfacet
  facet normal 0 0 1
    outer loop
      vertex -17 -14 2
      vertex -13.3023 -10.9073 2
      vertex -17 14 2
    endloop
  endfacet
  facet normal 0 0 1
    outer loop
      vertex -17 14 2
      vertex -13.4722 11.15 2
      vertex -13.5407 11.2815 2
    endloop
  endfacet
  facet normal 0 0 1
    outer loop
      vertex -13.3023 -10.9073 2
      vertex -17 -14 2
      vertex -13.3926 -11.0249 2
    endloop
  endfacet
  facet normal 0 0 1
    outer loop
      vertex -17 14 2
      vertex -13.5407 11.2815 2
      vertex -13.5975 11.4186 2
    endloop
  endfacet
  facet normal 0 0 1
    outer loop
      vertex -13.3926 -11.0249 2
      vertex -17 -14 2
      vertex -13.4722 -11.15 2
    endloop
  endfacet
  facet normal 0 0 1
    outer loop
      vertex -17 14 2
      vertex -13.5975 11.4186 2
      vertex -13.6421 11.56 2
    endloop
  endfacet
  facet normal 0 0 1
    outer loop
      vertex -13.4722 -11.15 2
      vertex -17 -14 2
      vertex -13.5407 -11.2815 2
    endloop
  endfacet
  facet normal 0 0 1
    outer loop
      vertex -17 14 2
      vertex -13.6421 11.56 2
      vertex -13.6742 11.7048 2
    endloop
  endfacet
  facet normal 0 0 1
    outer loop
      vertex -13.5407 -11.2815 2
      vertex -17 -14 2
      vertex -13.5975 -11.4186 2
    endloop
  endfacet
  facet normal 0 0 1
    outer loop
      vertex -17 14 2
      vertex -13.6742 11.7048 2
      vertex -13.6935 11.8518 2
    endloop
  endfacet
  facet normal 0 0 1
    outer loop
      vertex -13.5975 -11.4186 2
      vertex -17 -14 2
      vertex -13.6421 -11.56 2
    endloop
  endfacet
  facet normal 0 0 1
    outer loop
      vertex -17 14 2
      vertex -13.6935 11.8518 2
      vertex -13.7 12 2
    endloop
  endfacet
  facet normal 0 0 1
    outer loop
      vertex -13.6421 -11.56 2
      vertex -17 -14 2
      vertex -13.6742 -11.7048 2
    endloop
  endfacet
  facet normal 0 0 1
    outer loop
      vertex 13.6421 11.56 2
      vertex 17 14 2
      vertex 13.6742 11.7048 2
    endloop
  endfacet
  facet normal 0 0 1
    outer loop
      vertex 17 -14 2
      vertex 13.6935 -11.8518 2
      vertex 13.7 -12 2
    endloop
  endfacet
  facet normal 0 0 1
    outer loop
      vertex 13.5975 11.4186 2
      vertex 17 14 2
      vertex 13.6421 11.56 2
    endloop
  endfacet
  facet normal 0 0 1
    outer loop
      vertex 17 -14 2
      vertex 13.6742 -11.7048 2
      vertex 13.6935 -11.8518 2
    endloop
  endfacet
  facet normal 0 0 1
    outer loop
      vertex 13.5407 11.2815 2
      vertex 17 14 2
      vertex 13.5975 11.4186 2
    endloop
  endfacet
  facet normal 0 0 1
    outer loop
      vertex 17 -14 2
      vertex 13.6421 -11.56 2
      vertex 13.6742 -11.7048 2
    endloop
  endfacet
  facet normal 0 0 1
    outer loop
      vertex 13.4722 11.15 2
      vertex 17 14 2
      vertex 13.5407 11.2815 2
    endloop
  endfacet
  facet normal 0 0 1
    outer loop
      vertex 17 -14 2
      vertex 13.5975 -11.4186 2
      vertex 13.6421 -11.56 2
    endloop
  endfacet
  facet normal 0 0 1
    outer loop
      vertex 13.3926 11.0249 2
      vertex 17 14 2
      vertex 13.4722 11.15 2
    endloop
  endfacet
  facet normal 0 0 1
    outer loop
      vertex 17 -14 2
      vertex 13.5407 -11.2815 2
      vertex 13.5975 -11.4186 2
    endloop
  endfacet
  facet normal 0 0 1
    outer loop
      vertex 13.3023 10.9073 2
      vertex 17 14 2
      vertex 13.3926 11.0249 2
    endloop
  endfacet
  facet normal 0 0 1
    outer loop
      vertex 17 -14 2
      vertex 13.4722 -11.15 2
      vertex 13.5407 -11.2815 2
    endloop
  endfacet
  facet normal 0 0 1
    outer loop
      vertex 17 14 2
      vertex 13.3023 10.9073 2
      vertex 17 -14 2
    endloop
  endfacet
  facet normal 0 0 1
    outer loop
      vertex 17 -14 2
      vertex 13.3926 -11.0249 2
      vertex 13.4722 -11.15 2
    endloop
  endfacet
  facet normal -0 0 1
    outer loop
      vertex 13.3023 -10.9073 2
      vertex 17 -14 2
      vertex 13.3023 10.9073 2
    endloop
  endfacet
  facet normal 0 0 1
    outer loop
      vertex 17 -14 2
      vertex 13.3023 -10.9073 2
      vertex 13.3926 -11.0249 2
    endloop
  endfacet
  facet normal -0 0 1
    outer loop
      vertex 13.2021 10.7979 2
      vertex 13.3023 -10.9073 2
      vertex 13.3023 10.9073 2
    endloop
  endfacet
  facet normal 0 0 1
    outer loop
      vertex 13.2021 10.7979 2
      vertex 13.2021 -10.7979 2
      vertex 13.3023 -10.9073 2
    endloop
  endfacet
  facet normal -0 0 1
    outer loop
      vertex 13.0927 10.6977 2
      vertex 13.2021 -10.7979 2
      vertex 13.2021 10.7979 2
    endloop
  endfacet
  facet normal 0 0 1
    outer loop
      vertex 13.0927 10.6977 2
      vertex 13.0927 -10.6977 2
      vertex 13.2021 -10.7979 2
    endloop
  endfacet
  facet normal -0 0 1
    outer loop
      vertex 12.9751 10.6074 2
      vertex 13.0927 -10.6977 2
      vertex 13.0927 10.6977 2
    endloop
  endfacet
  facet normal 0 0 1
    outer loop
      vertex 12.9751 10.6074 2
      vertex 12.9751 -10.6074 2
      vertex 13.0927 -10.6977 2
    endloop
  endfacet
  facet normal 0 0 1
    outer loop
      vertex 7.3 0 2
      vertex 12.9751 10.6074 2
      vertex 12.85 10.5278 2
    endloop
  endfacet
  facet normal 0 0 1
    outer loop
      vertex 12.9751 10.6074 2
      vertex 7.3 0 2
      vertex 12.9751 -10.6074 2
    endloop
  endfacet
  facet normal 0 0 1
    outer loop
      vertex 7.27222 0.636236 2
      vertex 12.85 10.5278 2
      vertex 12.7185 10.4593 2
    endloop
  endfacet
  facet normal 0 0 1
    outer loop
      vertex 12.9751 -10.6074 2
      vertex 7.3 0 2
      vertex 12.85 -10.5278 2
    endloop
  endfacet
  facet normal 0 0 1
    outer loop
      vertex 7.27222 0.636236 2
      vertex 12.7185 10.4593 2
      vertex 12.5814 10.4025 2
    endloop
  endfacet
  facet normal -0 0 1
    outer loop
      vertex 7.27222 -0.636236 2
      vertex 12.85 -10.5278 2
      vertex 7.3 0 2
    endloop
  endfacet
  facet normal 0 0 1
    outer loop
      vertex 7.1891 1.26763 2
      vertex 12.5814 10.4025 2
      vertex 12.44 10.3579 2
    endloop
  endfacet
  facet normal 0 0 1
    outer loop
      vertex 12.85 -10.5278 2
      vertex 7.27222 -0.636236 2
      vertex 12.7185 -10.4593 2
    endloop
  endfacet
  facet normal 0 0 1
    outer loop
      vertex 7.05126 1.88938 2
      vertex 12.44 10.3579 2
      vertex 12.2952 10.3258 2
    endloop
  endfacet
  facet normal 0 0 1
    outer loop
      vertex 12.7185 -10.4593 2
      vertex 7.27222 -0.636236 2
      vertex 12.5814 -10.4025 2
    endloop
  endfacet
  facet normal 0 0 1
    outer loop
      vertex 7.05126 1.88938 2
      vertex 12.2952 10.3258 2
      vertex 12.1482 10.3065 2
    endloop
  endfacet
  facet normal -0 0 1
    outer loop
      vertex 7.1891 -1.26763 2
      vertex 12.5814 -10.4025 2
      vertex 7.27222 -0.636236 2
    endloop
  endfacet
  facet normal 0 0 1
    outer loop
      vertex 6.85976 2.49675 2
      vertex 12.1482 10.3065 2
      vertex 12 10.3 2
    endloop
  endfacet
  facet normal 0 0 1
    outer loop
      vertex 12.5814 -10.4025 2
      vertex 7.1891 -1.26763 2
      vertex 12.44 -10.3579 2
    endloop
  endfacet
  facet normal 0 0 1
    outer loop
      vertex 6.61605 3.08511 2
      vertex 12 10.3 2
      vertex 11.8518 10.3065 2
    endloop
  endfacet
  facet normal -0 0 1
    outer loop
      vertex 7.05126 -1.88938 2
      vertex 12.44 -10.3579 2
      vertex 7.1891 -1.26763 2
    endloop
  endfacet
  facet normal 0 0 1
    outer loop
      vertex 6.61605 3.08511 2
      vertex 11.8518 10.3065 2
      vertex 11.7048 10.3258 2
    endloop
  endfacet
  facet normal 0 0 1
    outer loop
      vertex 12.44 -10.3579 2
      vertex 7.05126 -1.88938 2
      vertex 12.2952 -10.3258 2
    endloop
  endfacet
  facet normal 0 0 1
    outer loop
      vertex 6.32199 3.65 2
      vertex 11.7048 10.3258 2
      vertex 11.56 10.3579 2
    endloop
  endfacet
  facet normal 0 0 1
    outer loop
      vertex 12.2952 -10.3258 2
      vertex 7.05126 -1.88938 2
      vertex 12.1482 -10.3065 2
    endloop
  endfacet
  facet normal 0 0 1
    outer loop
      vertex 6.32199 3.65 2
      vertex 11.56 10.3579 2
      vertex 11.4186 10.4025 2
    endloop
  endfacet
  facet normal -0 0 1
    outer loop
      vertex 6.85976 -2.49675 2
      vertex 12.1482 -10.3065 2
      vertex 7.05126 -1.88938 2
    endloop
  endfacet
  facet normal 0 0 1
    outer loop
      vertex 5.97981 4.18711 2
      vertex 11.4186 10.4025 2
      vertex 11.2815 10.4593 2
    endloop
  endfacet
  facet normal 0 0 1
    outer loop
      vertex 12.1482 -10.3065 2
      vertex 6.85976 -2.49675 2
      vertex 12 -10.3 2
    endloop
  endfacet
  facet normal 0 0 1
    outer loop
      vertex 5.97981 4.18711 2
      vertex 11.2815 10.4593 2
      vertex 11.15 10.5278 2
    endloop
  endfacet
  facet normal -0 0 1
    outer loop
      vertex 6.61605 -3.08511 2
      vertex 12 -10.3 2
      vertex 6.85976 -2.49675 2
    endloop
  endfacet
  facet normal 0 0 1
    outer loop
      vertex 5.59212 4.69235 2
      vertex 11.15 10.5278 2
      vertex 11.0249 10.6074 2
    endloop
  endfacet
  facet normal 0 0 1
    outer loop
      vertex 12 -10.3 2
      vertex 6.61605 -3.08511 2
      vertex 11.8518 -10.3065 2
    endloop
  endfacet
  facet normal 0 0 1
    outer loop
      vertex 5.59212 4.69235 2
      vertex 11.0249 10.6074 2
      vertex 10.9073 10.6977 2
    endloop
  endfacet
  facet normal 0 0 1
    outer loop
      vertex 11.8518 -10.3065 2
      vertex 6.61605 -3.08511 2
      vertex 11.7048 -10.3258 2
    endloop
  endfacet
  facet normal 0 0 1
    outer loop
      vertex 5.16188 5.16188 2
      vertex 10.9073 10.6977 2
      vertex 10.7979 10.7979 2
    endloop
  endfacet
  facet normal -0 0 1
    outer loop
      vertex 6.32199 -3.65 2
      vertex 11.7048 -10.3258 2
      vertex 6.61605 -3.08511 2
    endloop
  endfacet
  facet normal 0 0 1
    outer loop
      vertex 5.16188 5.16188 2
      vertex 10.7979 10.7979 2
      vertex 10.6977 10.9073 2
    endloop
  endfacet
  facet normal 0 0 1
    outer loop
      vertex 11.7048 -10.3258 2
      vertex 6.32199 -3.65 2
      vertex 11.56 -10.3579 2
    endloop
  endfacet
  facet normal 0 0 1
    outer loop
      vertex 4.69235 5.59212 2
      vertex 10.6977 10.9073 2
      vertex 10.6074 11.0249 2
    endloop
  endfacet
  facet normal 0 0 1
    outer loop
      vertex 11.56 -10.3579 2
      vertex 6.32199 -3.65 2
      vertex 11.4186 -10.4025 2
    endloop
  endfacet
  facet normal 0 0 1
    outer loop
      vertex 4.69235 5.59212 2
      vertex 10.6074 11.0249 2
      vertex 10.5278 11.15 2
    endloop
  endfacet
  facet normal -0 0 1
    outer loop
      vertex 5.97981 -4.18711 2
      vertex 11.4186 -10.4025 2
      vertex 6.32199 -3.65 2
    endloop
  endfacet
  facet normal 0 0 1
    outer loop
      vertex 4.18711 5.97981 2
      vertex 10.5278 11.15 2
      vertex 10.4593 11.2815 2
    endloop
  endfacet
  facet normal 0 0 1
    outer loop
      vertex 11.4186 -10.4025 2
      vertex 5.97981 -4.18711 2
      vertex 11.2815 -10.4593 2
    endloop
  endfacet
  facet normal 0 0 1
    outer loop
      vertex 4.18711 5.97981 2
      vertex 10.4593 11.2815 2
      vertex 10.4025 11.4186 2
    endloop
  endfacet
  facet normal 0 0 1
    outer loop
      vertex 11.2815 -10.4593 2
      vertex 5.97981 -4.18711 2
      vertex 11.15 -10.5278 2
    endloop
  endfacet
  facet normal 0 0 1
    outer loop
      vertex 3.65 6.32199 2
      vertex 10.4025 11.4186 2
      vertex 10.3579 11.56 2
    endloop
  endfacet
  facet normal -0 0 1
    outer loop
      vertex 5.59212 -4.69235 2
      vertex 11.15 -10.5278 2
      vertex 5.97981 -4.18711 2
    endloop
  endfacet
  facet normal 0 0 1
    outer loop
      vertex 3.65 6.32199 2
      vertex 10.3579 11.56 2
      vertex 10.3258 11.7048 2
    endloop
  endfacet
  facet normal 0 0 1
    outer loop
      vertex 11.15 -10.5278 2
      vertex 5.59212 -4.69235 2
      vertex 11.0249 -10.6074 2
    endloop
  endfacet
  facet normal 0 0 1
    outer loop
      vertex 3.08511 6.61605 2
      vertex 10.3258 11.7048 2
      vertex 10.3065 11.8518 2
    endloop
  endfacet
  facet normal 0 0 1
    outer loop
      vertex 11.0249 -10.6074 2
      vertex 5.59212 -4.69235 2
      vertex 10.9073 -10.6977 2
    endloop
  endfacet
  facet normal 0 0 1
    outer loop
      vertex 3.08511 6.61605 2
      vertex 10.3065 11.8518 2
      vertex 10.3 12 2
    endloop
  endfacet
  facet normal -0 0 1
    outer loop
      vertex 5.16188 -5.16188 2
      vertex 10.9073 -10.6977 2
      vertex 5.59212 -4.69235 2
    endloop
  endfacet
  facet normal 0 0 1
    outer loop
      vertex 13.3926 12.9751 2
      vertex 17 14 2
      vertex 16.9886 14.2615 2
    endloop
  endfacet
  facet normal 0 0 1
    outer loop
      vertex 13.6935 11.8518 2
      vertex 17 14 2
      vertex 13.7 12 2
    endloop
  endfacet
  facet normal 0 0 1
    outer loop
      vertex 13.3926 12.9751 2
      vertex 16.9886 14.2615 2
      vertex 16.9544 14.5209 2
    endloop
  endfacet
  facet normal 0 0 1
    outer loop
      vertex 13.6742 11.7048 2
      vertex 17 14 2
      vertex 13.6935 11.8518 2
    endloop
  endfacet
  facet normal 0 0 1
    outer loop
      vertex 13.3926 12.9751 2
      vertex 16.9544 14.5209 2
      vertex 16.8978 14.7764 2
    endloop
  endfacet
  facet normal -0 0 1
    outer loop
      vertex 13.6935 -12.1482 2
      vertex 17 -14 2
      vertex 13.7 -12 2
    endloop
  endfacet
  facet normal 0 0 1
    outer loop
      vertex 13.3023 13.0927 2
      vertex 16.8978 14.7764 2
      vertex 16.8191 15.026 2
    endloop
  endfacet
  facet normal -0 0 1
    outer loop
      vertex 13.6742 -12.2952 2
      vertex 17 -14 2
      vertex 13.6935 -12.1482 2
    endloop
  endfacet
  facet normal 0 0 1
    outer loop
      vertex 13.3023 13.0927 2
      vertex 16.8191 15.026 2
      vertex 16.7189 15.2679 2
    endloop
  endfacet
  facet normal -0 0 1
    outer loop
      vertex 13.6421 -12.44 2
      vertex 17 -14 2
      vertex 13.6742 -12.2952 2
    endloop
  endfacet
  facet normal 0 0 1
    outer loop
      vertex 13.3023 13.0927 2
      vertex 16.7189 15.2679 2
      vertex 16.5981 15.5 2
    endloop
  endfacet
  facet normal -0 0 1
    outer loop
      vertex 13.5975 -12.5814 2
      vertex 17 -14 2
      vertex 13.6421 -12.44 2
    endloop
  endfacet
  facet normal 0 0 1
    outer loop
      vertex 13.3023 13.0927 2
      vertex 16.5981 15.5 2
      vertex 16.4574 15.7207 2
    endloop
  endfacet
  facet normal -0 0 1
    outer loop
      vertex 13.5407 -12.7185 2
      vertex 17 -14 2
      vertex 13.5975 -12.5814 2
    endloop
  endfacet
  facet normal 0 0 1
    outer loop
      vertex 13.2021 13.2021 2
      vertex 16.4574 15.7207 2
      vertex 16.2981 15.9284 2
    endloop
  endfacet
  facet normal -0 0 1
    outer loop
      vertex 13.4722 -12.85 2
      vertex 17 -14 2
      vertex 13.5407 -12.7185 2
    endloop
  endfacet
  facet normal 0 0 1
    outer loop
      vertex 13.2021 13.2021 2
      vertex 16.2981 15.9284 2
      vertex 16.1213 16.1213 2
    endloop
  endfacet
  facet normal -0 0 1
    outer loop
      vertex 13.3926 -12.9751 2
      vertex 17 -14 2
      vertex 13.4722 -12.85 2
    endloop
  endfacet
  facet normal 0 0 1
    outer loop
      vertex 13.2021 13.2021 2
      vertex 16.1213 16.1213 2
      vertex 15.9284 16.2981 2
    endloop
  endfacet
  facet normal 0 0 1
    outer loop
      vertex 17 -14 2
      vertex 13.3926 -12.9751 2
      vertex 16.9886 -14.2615 2
    endloop
  endfacet
  facet normal 0 0 1
    outer loop
      vertex 13.2021 13.2021 2
      vertex 15.9284 16.2981 2
      vertex 15.7207 16.4574 2
    endloop
  endfacet
  facet normal 0 0 1
    outer loop
      vertex 16.9886 -14.2615 2
      vertex 13.3926 -12.9751 2
      vertex 16.9544 -14.5209 2
    endloop
  endfacet
  facet normal 0 0 1
    outer loop
      vertex 13.0927 13.3023 2
      vertex 15.7207 16.4574 2
      vertex 15.5 16.5981 2
    endloop
  endfacet
  facet normal 0 0 1
    outer loop
      vertex 16.9544 -14.5209 2
      vertex 13.3926 -12.9751 2
      vertex 16.8978 -14.7764 2
    endloop
  endfacet
  facet normal 0 0 1
    outer loop
      vertex 13.0927 13.3023 2
      vertex 15.5 16.5981 2
      vertex 15.2679 16.7189 2
    endloop
  endfacet
  facet normal -0 0 1
    outer loop
      vertex 13.3023 -13.0927 2
      vertex 16.8978 -14.7764 2
      vertex 13.3926 -12.9751 2
    endloop
  endfacet
  facet normal 0 0 1
    outer loop
      vertex 13.0927 13.3023 2
      vertex 15.2679 16.7189 2
      vertex 15.026 16.8191 2
    endloop
  endfacet
  facet normal 0 0 1
    outer loop
      vertex 16.8978 -14.7764 2
      vertex 13.3023 -13.0927 2
      vertex 16.8191 -15.026 2
    endloop
  endfacet
  facet normal 0 0 1
    outer loop
      vertex 13.0927 13.3023 2
      vertex 15.026 16.8191 2
      vertex 14.7764 16.8978 2
    endloop
  endfacet
  facet normal 0 0 1
    outer loop
      vertex 16.8191 -15.026 2
      vertex 13.3023 -13.0927 2
      vertex 16.7189 -15.2679 2
    endloop
  endfacet
  facet normal 0 0 1
    outer loop
      vertex 12.9751 13.3926 2
      vertex 14.7764 16.8978 2
      vertex 14.5209 16.9544 2
    endloop
  endfacet
  facet normal 0 0 1
    outer loop
      vertex 16.7189 -15.2679 2
      vertex 13.3023 -13.0927 2
      vertex 16.5981 -15.5 2
    endloop
  endfacet
  facet normal 0 0 1
    outer loop
      vertex 12.9751 13.3926 2
      vertex 14.5209 16.9544 2
      vertex 14.2615 16.9886 2
    endloop
  endfacet
  facet normal 0 0 1
    outer loop
      vertex 16.5981 -15.5 2
      vertex 13.3023 -13.0927 2
      vertex 16.4574 -15.7207 2
    endloop
  endfacet
  facet normal 0 0 1
    outer loop
      vertex 12.9751 13.3926 2
      vertex 14.2615 16.9886 2
      vertex 14 17 2
    endloop
  endfacet
  facet normal -0 0 1
    outer loop
      vertex 13.2021 -13.2021 2
      vertex 16.4574 -15.7207 2
      vertex 13.3023 -13.0927 2
    endloop
  endfacet
  facet normal 0 0 1
    outer loop
      vertex 16.4574 -15.7207 2
      vertex 13.2021 -13.2021 2
      vertex 16.2981 -15.9284 2
    endloop
  endfacet
  facet normal 0 0 1
    outer loop
      vertex 17 14 2
      vertex 13.6935 12.1482 2
      vertex 13.7 12 2
    endloop
  endfacet
  facet normal 0 0 1
    outer loop
      vertex 17 14 2
      vertex 13.6742 12.2952 2
      vertex 13.6935 12.1482 2
    endloop
  endfacet
  facet normal 0 0 1
    outer loop
      vertex 17 14 2
      vertex 13.6421 12.44 2
      vertex 13.6742 12.2952 2
    endloop
  endfacet
  facet normal 0 0 1
    outer loop
      vertex 17 14 2
      vertex 13.5975 12.5814 2
      vertex 13.6421 12.44 2
    endloop
  endfacet
  facet normal 0 0 1
    outer loop
      vertex 17 14 2
      vertex 13.5407 12.7185 2
      vertex 13.5975 12.5814 2
    endloop
  endfacet
  facet normal 0 0 1
    outer loop
      vertex 17 14 2
      vertex 13.4722 12.85 2
      vertex 13.5407 12.7185 2
    endloop
  endfacet
  facet normal 0 0 1
    outer loop
      vertex 17 14 2
      vertex 13.3926 12.9751 2
      vertex 13.4722 12.85 2
    endloop
  endfacet
  facet normal 0 0 1
    outer loop
      vertex 16.8978 14.7764 2
      vertex 13.3023 13.0927 2
      vertex 13.3926 12.9751 2
    endloop
  endfacet
  facet normal 0 0 1
    outer loop
      vertex 16.4574 15.7207 2
      vertex 13.2021 13.2021 2
      vertex 13.3023 13.0927 2
    endloop
  endfacet
  facet normal 0 0 1
    outer loop
      vertex 15.7207 16.4574 2
      vertex 13.0927 13.3023 2
      vertex 13.2021 13.2021 2
    endloop
  endfacet
  facet normal 0 0 1
    outer loop
      vertex 14.7764 16.8978 2
      vertex 12.9751 13.3926 2
      vertex 13.0927 13.3023 2
    endloop
  endfacet
  facet normal 0 0 1
    outer loop
      vertex 14 17 2
      vertex 12.85 13.4722 2
      vertex 12.9751 13.3926 2
    endloop
  endfacet
  facet normal 0 0 1
    outer loop
      vertex 14 17 2
      vertex 12.7185 13.5407 2
      vertex 12.85 13.4722 2
    endloop
  endfacet
  facet normal 0 0 1
    outer loop
      vertex 14 17 2
      vertex 12.5814 13.5975 2
      vertex 12.7185 13.5407 2
    endloop
  endfacet
  facet normal 0 0 1
    outer loop
      vertex 14 17 2
      vertex 12.44 13.6421 2
      vertex 12.5814 13.5975 2
    endloop
  endfacet
  facet normal 0 0 1
    outer loop
      vertex 14 17 2
      vertex 12.2952 13.6742 2
      vertex 12.44 13.6421 2
    endloop
  endfacet
  facet normal 0 0 1
    outer loop
      vertex 14 17 2
      vertex 12.1482 13.6935 2
      vertex 12.2952 13.6742 2
    endloop
  endfacet
  facet normal 0 0 1
    outer loop
      vertex 14 17 2
      vertex 12 13.7 2
      vertex 12.1482 13.6935 2
    endloop
  endfacet
  facet normal 0 0 1
    outer loop
      vertex 14 17 2
      vertex 11.8518 13.6935 2
      vertex 12 13.7 2
    endloop
  endfacet
  facet normal 0 0 1
    outer loop
      vertex 14 17 2
      vertex 11.7048 13.6742 2
      vertex 11.8518 13.6935 2
    endloop
  endfacet
  facet normal 0 0 1
    outer loop
      vertex 14 17 2
      vertex 11.56 13.6421 2
      vertex 11.7048 13.6742 2
    endloop
  endfacet
  facet normal 0 0 1
    outer loop
      vertex 14 17 2
      vertex 11.4186 13.5975 2
      vertex 11.56 13.6421 2
    endloop
  endfacet
  facet normal 0 0 1
    outer loop
      vertex 14 17 2
      vertex 11.2815 13.5407 2
      vertex 11.4186 13.5975 2
    endloop
  endfacet
  facet normal 0 0 1
    outer loop
      vertex 14 17 2
      vertex 11.15 13.4722 2
      vertex 11.2815 13.5407 2
    endloop
  endfacet
  facet normal 0 0 1
    outer loop
      vertex 14 17 2
      vertex 11.0249 13.3926 2
      vertex 11.15 13.4722 2
    endloop
  endfacet
  facet normal 0 0 1
    outer loop
      vertex 14 17 2
      vertex 10.9073 13.3023 2
      vertex 11.0249 13.3926 2
    endloop
  endfacet
  facet normal 0 0 1
    outer loop
      vertex -10.9073 13.3023 2
      vertex 10.9073 13.3023 2
      vertex 14 17 2
    endloop
  endfacet
  facet normal 0 0 1
    outer loop
      vertex 10.9073 13.3023 2
      vertex -10.9073 13.3023 2
      vertex 10.7979 13.2021 2
    endloop
  endfacet
  facet normal 0 0 1
    outer loop
      vertex 10.9073 -10.6977 2
      vertex 5.16188 -5.16188 2
      vertex 10.7979 -10.7979 2
    endloop
  endfacet
  facet normal 0 0 1
    outer loop
      vertex 2.49675 6.85976 2
      vertex 10.3 12 2
      vertex 10.3065 12.1482 2
    endloop
  endfacet
  facet normal 0 0 1
    outer loop
      vertex 1.88938 7.05126 2
      vertex 10.3065 12.1482 2
      vertex 10.3258 12.2952 2
    endloop
  endfacet
  facet normal 0 0 1
    outer loop
      vertex 1.88938 7.05126 2
      vertex 10.3258 12.2952 2
      vertex 10.3579 12.44 2
    endloop
  endfacet
  facet normal 0 0 1
    outer loop
      vertex 12.85 10.5278 2
      vertex 7.27222 0.636236 2
      vertex 7.3 0 2
    endloop
  endfacet
  facet normal 0 0 1
    outer loop
      vertex 12.5814 10.4025 2
      vertex 7.1891 1.26763 2
      vertex 7.27222 0.636236 2
    endloop
  endfacet
  facet normal 0 0 1
    outer loop
      vertex 12.44 10.3579 2
      vertex 7.05126 1.88938 2
      vertex 7.1891 1.26763 2
    endloop
  endfacet
  facet normal 0 0 1
    outer loop
      vertex 12.1482 10.3065 2
      vertex 6.85976 2.49675 2
      vertex 7.05126 1.88938 2
    endloop
  endfacet
  facet normal 0 0 1
    outer loop
      vertex 1.26763 7.1891 2
      vertex 10.3579 12.44 2
      vertex 10.4025 12.5814 2
    endloop
  endfacet
  facet normal 0 0 1
    outer loop
      vertex 12 10.3 2
      vertex 6.61605 3.08511 2
      vertex 6.85976 2.49675 2
    endloop
  endfacet
  facet normal 0 0 1
    outer loop
      vertex 11.7048 10.3258 2
      vertex 6.32199 3.65 2
      vertex 6.61605 3.08511 2
    endloop
  endfacet
  facet normal 0 0 1
    outer loop
      vertex 1.26763 7.1891 2
      vertex 10.4025 12.5814 2
      vertex 10.4593 12.7185 2
    endloop
  endfacet
  facet normal 0 0 1
    outer loop
      vertex 11.4186 10.4025 2
      vertex 5.97981 4.18711 2
      vertex 6.32199 3.65 2
    endloop
  endfacet
  facet normal 0 0 1
    outer loop
      vertex 0.636236 7.27222 2
      vertex 10.4593 12.7185 2
      vertex 10.5278 12.85 2
    endloop
  endfacet
  facet normal 0 0 1
    outer loop
      vertex 11.15 10.5278 2
      vertex 5.59212 4.69235 2
      vertex 5.97981 4.18711 2
    endloop
  endfacet
  facet normal 0 0 1
    outer loop
      vertex 10.9073 10.6977 2
      vertex 5.16188 5.16188 2
      vertex 5.59212 4.69235 2
    endloop
  endfacet
  facet normal 0 0 1
    outer loop
      vertex 0 7.3 2
      vertex 10.5278 12.85 2
      vertex 10.6074 12.9751 2
    endloop
  endfacet
  facet normal 0 0 1
    outer loop
      vertex 10.6977 10.9073 2
      vertex 4.69235 5.59212 2
      vertex 5.16188 5.16188 2
    endloop
  endfacet
  facet normal 0 0 1
    outer loop
      vertex -10.6074 12.9751 2
      vertex 10.6074 12.9751 2
      vertex 10.6977 13.0927 2
    endloop
  endfacet
  facet normal 0 0 1
    outer loop
      vertex 10.5278 11.15 2
      vertex 4.18711 5.97981 2
      vertex 4.69235 5.59212 2
    endloop
  endfacet
  facet normal 0 -0 1
    outer loop
      vertex -10.7979 13.2021 2
      vertex 10.7979 13.2021 2
      vertex -10.9073 13.3023 2
    endloop
  endfacet
  facet normal 0 0 1
    outer loop
      vertex 10.4025 11.4186 2
      vertex 3.65 6.32199 2
      vertex 4.18711 5.97981 2
    endloop
  endfacet
  facet normal 0 0 1
    outer loop
      vertex 10.3258 11.7048 2
      vertex 3.08511 6.61605 2
      vertex 3.65 6.32199 2
    endloop
  endfacet
  facet normal 0 0 1
    outer loop
      vertex 10.3 12 2
      vertex 2.49675 6.85976 2
      vertex 3.08511 6.61605 2
    endloop
  endfacet
  facet normal 0 0 1
    outer loop
      vertex 10.3065 12.1482 2
      vertex 1.88938 7.05126 2
      vertex 2.49675 6.85976 2
    endloop
  endfacet
  facet normal 0 0 1
    outer loop
      vertex 10.3579 12.44 2
      vertex 1.26763 7.1891 2
      vertex 1.88938 7.05126 2
    endloop
  endfacet
  facet normal 0 0 1
    outer loop
      vertex 10.4593 12.7185 2
      vertex 0.636236 7.27222 2
      vertex 1.26763 7.1891 2
    endloop
  endfacet
  facet normal 0 0 1
    outer loop
      vertex 10.5278 12.85 2
      vertex 0 7.3 2
      vertex 0.636236 7.27222 2
    endloop
  endfacet
  facet normal 0 0 1
    outer loop
      vertex 10.6074 12.9751 2
      vertex -10.6074 12.9751 2
      vertex 0 7.3 2
    endloop
  endfacet
  facet normal -0 -0 1
    outer loop
      vertex -10.5278 12.85 2
      vertex 0 7.3 2
      vertex -10.6074 12.9751 2
    endloop
  endfacet
  facet normal 0 0 1
    outer loop
      vertex 0 7.3 2
      vertex -10.5278 12.85 2
      vertex -0.636236 7.27222 2
    endloop
  endfacet
  facet normal -0 -0 1
    outer loop
      vertex -10.4593 12.7185 2
      vertex -0.636236 7.27222 2
      vertex -10.5278 12.85 2
    endloop
  endfacet
  facet normal -0 -0 1
    outer loop
      vertex -10.4025 12.5814 2
      vertex -1.26763 7.1891 2
      vertex -10.4593 12.7185 2
    endloop
  endfacet
  facet normal -0 -0 1
    outer loop
      vertex -10.3579 12.44 2
      vertex -1.26763 7.1891 2
      vertex -10.4025 12.5814 2
    endloop
  endfacet
  facet normal -0 0 1
    outer loop
      vertex -10.7979 10.7979 2
      vertex -5.16188 5.16188 2
      vertex -10.6977 10.9073 2
    endloop
  endfacet
  facet normal 0 0 1
    outer loop
      vertex -4.69235 5.59212 2
      vertex -10.6977 10.9073 2
      vertex -5.16188 5.16188 2
    endloop
  endfacet
  facet normal -0 0 1
    outer loop
      vertex -10.6977 10.9073 2
      vertex -4.69235 5.59212 2
      vertex -10.6074 11.0249 2
    endloop
  endfacet
  facet normal -0 0 1
    outer loop
      vertex -10.6074 11.0249 2
      vertex -4.69235 5.59212 2
      vertex -10.5278 11.15 2
    endloop
  endfacet
  facet normal 0 0 1
    outer loop
      vertex -4.18711 5.97981 2
      vertex -10.5278 11.15 2
      vertex -4.69235 5.59212 2
    endloop
  endfacet
  facet normal -0 0 1
    outer loop
      vertex -10.5278 11.15 2
      vertex -4.18711 5.97981 2
      vertex -10.4593 11.2815 2
    endloop
  endfacet
  facet normal -0 0 1
    outer loop
      vertex -10.4593 11.2815 2
      vertex -4.18711 5.97981 2
      vertex -10.4025 11.4186 2
    endloop
  endfacet
  facet normal 0 0 1
    outer loop
      vertex -3.65 6.32199 2
      vertex -10.4025 11.4186 2
      vertex -4.18711 5.97981 2
    endloop
  endfacet
  facet normal -0 0 1
    outer loop
      vertex -10.4025 11.4186 2
      vertex -3.65 6.32199 2
      vertex -10.3579 11.56 2
    endloop
  endfacet
  facet normal -0 0 1
    outer loop
      vertex -10.3579 11.56 2
      vertex -3.65 6.32199 2
      vertex -10.3258 11.7048 2
    endloop
  endfacet
  facet normal 0 0 1
    outer loop
      vertex -3.08511 6.61605 2
      vertex -10.3258 11.7048 2
      vertex -3.65 6.32199 2
    endloop
  endfacet
  facet normal -0 0 1
    outer loop
      vertex -10.3258 11.7048 2
      vertex -3.08511 6.61605 2
      vertex -10.3065 11.8518 2
    endloop
  endfacet
  facet normal -0 -0 1
    outer loop
      vertex -10.3258 12.2952 2
      vertex -1.88938 7.05126 2
      vertex -10.3579 12.44 2
    endloop
  endfacet
  facet normal -0 0 1
    outer loop
      vertex -10.3065 11.8518 2
      vertex -3.08511 6.61605 2
      vertex -10.3 12 2
    endloop
  endfacet
  facet normal 0 0 1
    outer loop
      vertex -2.49675 6.85976 2
      vertex -10.3 12 2
      vertex -3.08511 6.61605 2
    endloop
  endfacet
  facet normal -0 -0 1
    outer loop
      vertex -10.3 12 2
      vertex -2.49675 6.85976 2
      vertex -10.3065 12.1482 2
    endloop
  endfacet
  facet normal 0 0 1
    outer loop
      vertex -1.88938 7.05126 2
      vertex -10.3065 12.1482 2
      vertex -2.49675 6.85976 2
    endloop
  endfacet
  facet normal -0 -0 1
    outer loop
      vertex -10.3065 12.1482 2
      vertex -1.88938 7.05126 2
      vertex -10.3258 12.2952 2
    endloop
  endfacet
  facet normal 0 0 1
    outer loop
      vertex -1.26763 7.1891 2
      vertex -10.3579 12.44 2
      vertex -1.88938 7.05126 2
    endloop
  endfacet
  facet normal 0 0 1
    outer loop
      vertex -0.636236 7.27222 2
      vertex -10.4593 12.7185 2
      vertex -1.26763 7.1891 2
    endloop
  endfacet
  facet normal 0 0 1
    outer loop
      vertex 10.6977 13.0927 2
      vertex -10.6977 13.0927 2
      vertex -10.6074 12.9751 2
    endloop
  endfacet
  facet normal 0 0 1
    outer loop
      vertex 10.6977 13.0927 2
      vertex -10.7979 13.2021 2
      vertex -10.6977 13.0927 2
    endloop
  endfacet
  facet normal 0 0 1
    outer loop
      vertex 10.7979 13.2021 2
      vertex -10.7979 13.2021 2
      vertex 10.6977 13.0927 2
    endloop
  endfacet
  facet normal -0 0 1
    outer loop
      vertex -14 17 2
      vertex -10.9073 13.3023 2
      vertex 14 17 2
    endloop
  endfacet
  facet normal 0 0 1
    outer loop
      vertex -10.9073 13.3023 2
      vertex -14 17 2
      vertex -11.0249 13.3926 2
    endloop
  endfacet
  facet normal 0 0 1
    outer loop
      vertex -11.0249 13.3926 2
      vertex -14 17 2
      vertex -11.15 13.4722 2
    endloop
  endfacet
  facet normal 0 0 1
    outer loop
      vertex -11.15 13.4722 2
      vertex -14 17 2
      vertex -11.2815 13.5407 2
    endloop
  endfacet
  facet normal 0 0 1
    outer loop
      vertex -11.2815 13.5407 2
      vertex -14 17 2
      vertex -11.4186 13.5975 2
    endloop
  endfacet
  facet normal 0 0 1
    outer loop
      vertex -11.4186 13.5975 2
      vertex -14 17 2
      vertex -11.56 13.6421 2
    endloop
  endfacet
  facet normal 0 0 1
    outer loop
      vertex -11.56 13.6421 2
      vertex -14 17 2
      vertex -11.7048 13.6742 2
    endloop
  endfacet
  facet normal 0 0 1
    outer loop
      vertex -11.7048 13.6742 2
      vertex -14 17 2
      vertex -11.8518 13.6935 2
    endloop
  endfacet
  facet normal 0 0 1
    outer loop
      vertex -11.8518 13.6935 2
      vertex -14 17 2
      vertex -12 13.7 2
    endloop
  endfacet
  facet normal -0 0 1
    outer loop
      vertex -16.2981 15.9284 2
      vertex -13.2021 13.2021 2
      vertex -16.1213 16.1213 2
    endloop
  endfacet
  facet normal -0 0 1
    outer loop
      vertex -16.1213 16.1213 2
      vertex -13.2021 13.2021 2
      vertex -15.9284 16.2981 2
    endloop
  endfacet
  facet normal -0 0 1
    outer loop
      vertex -15.9284 16.2981 2
      vertex -13.2021 13.2021 2
      vertex -15.7207 16.4574 2
    endloop
  endfacet
  facet normal 0 0 1
    outer loop
      vertex -13.0927 13.3023 2
      vertex -15.7207 16.4574 2
      vertex -13.2021 13.2021 2
    endloop
  endfacet
  facet normal -0 0 1
    outer loop
      vertex -15.7207 16.4574 2
      vertex -13.0927 13.3023 2
      vertex -15.5 16.5981 2
    endloop
  endfacet
  facet normal -0 0 1
    outer loop
      vertex -15.5 16.5981 2
      vertex -13.0927 13.3023 2
      vertex -15.2679 16.7189 2
    endloop
  endfacet
  facet normal -0 0 1
    outer loop
      vertex -15.2679 16.7189 2
      vertex -13.0927 13.3023 2
      vertex -15.026 16.8191 2
    endloop
  endfacet
  facet normal -0 0 1
    outer loop
      vertex -15.026 16.8191 2
      vertex -13.0927 13.3023 2
      vertex -14.7764 16.8978 2
    endloop
  endfacet
  facet normal 0 0 1
    outer loop
      vertex -12.9751 13.3926 2
      vertex -14.7764 16.8978 2
      vertex -13.0927 13.3023 2
    endloop
  endfacet
  facet normal -0 0 1
    outer loop
      vertex -14.7764 16.8978 2
      vertex -12.9751 13.3926 2
      vertex -14.5209 16.9544 2
    endloop
  endfacet
  facet normal -0 0 1
    outer loop
      vertex -14.5209 16.9544 2
      vertex -12.9751 13.3926 2
      vertex -14.2615 16.9886 2
    endloop
  endfacet
  facet normal -0 0 1
    outer loop
      vertex -14.2615 16.9886 2
      vertex -12.9751 13.3926 2
      vertex -14 17 2
    endloop
  endfacet
  facet normal 0 0 1
    outer loop
      vertex -12.85 13.4722 2
      vertex -14 17 2
      vertex -12.9751 13.3926 2
    endloop
  endfacet
  facet normal 0 0 1
    outer loop
      vertex -12.7185 13.5407 2
      vertex -14 17 2
      vertex -12.85 13.4722 2
    endloop
  endfacet
  facet normal 0 0 1
    outer loop
      vertex -12.5814 13.5975 2
      vertex -14 17 2
      vertex -12.7185 13.5407 2
    endloop
  endfacet
  facet normal 0 0 1
    outer loop
      vertex -12.44 13.6421 2
      vertex -14 17 2
      vertex -12.5814 13.5975 2
    endloop
  endfacet
  facet normal 0 0 1
    outer loop
      vertex -12.2952 13.6742 2
      vertex -14 17 2
      vertex -12.44 13.6421 2
    endloop
  endfacet
  facet normal 0 0 1
    outer loop
      vertex -12.1482 13.6935 2
      vertex -14 17 2
      vertex -12.2952 13.6742 2
    endloop
  endfacet
  facet normal 0 0 1
    outer loop
      vertex -12 13.7 2
      vertex -14 17 2
      vertex -12.1482 13.6935 2
    endloop
  endfacet
  facet normal 0 0 1
    outer loop
      vertex 16.2981 -15.9284 2
      vertex 13.2021 -13.2021 2
      vertex 16.1213 -16.1213 2
    endloop
  endfacet
  facet normal 0 0 1
    outer loop
      vertex 16.1213 -16.1213 2
      vertex 13.2021 -13.2021 2
      vertex 15.9284 -16.2981 2
    endloop
  endfacet
  facet normal 0 0 1
    outer loop
      vertex 15.9284 -16.2981 2
      vertex 13.2021 -13.2021 2
      vertex 15.7207 -16.4574 2
    endloop
  endfacet
  facet normal -0 0 1
    outer loop
      vertex 13.0927 -13.3023 2
      vertex 15.7207 -16.4574 2
      vertex 13.2021 -13.2021 2
    endloop
  endfacet
  facet normal 0 0 1
    outer loop
      vertex 15.7207 -16.4574 2
      vertex 13.0927 -13.3023 2
      vertex 15.5 -16.5981 2
    endloop
  endfacet
  facet normal 0 0 1
    outer loop
      vertex 15.5 -16.5981 2
      vertex 13.0927 -13.3023 2
      vertex 15.2679 -16.7189 2
    endloop
  endfacet
  facet normal 0 0 1
    outer loop
      vertex 15.2679 -16.7189 2
      vertex 13.0927 -13.3023 2
      vertex 15.026 -16.8191 2
    endloop
  endfacet
  facet normal 0 0 1
    outer loop
      vertex 15.026 -16.8191 2
      vertex 13.0927 -13.3023 2
      vertex 14.7764 -16.8978 2
    endloop
  endfacet
  facet normal -0 0 1
    outer loop
      vertex 12.9751 -13.3926 2
      vertex 14.7764 -16.8978 2
      vertex 13.0927 -13.3023 2
    endloop
  endfacet
  facet normal 0 0 1
    outer loop
      vertex 14.7764 -16.8978 2
      vertex 12.9751 -13.3926 2
      vertex 14.5209 -16.9544 2
    endloop
  endfacet
  facet normal 0 0 1
    outer loop
      vertex 14.5209 -16.9544 2
      vertex 12.9751 -13.3926 2
      vertex 14.2615 -16.9886 2
    endloop
  endfacet
  facet normal 0 0 1
    outer loop
      vertex 14.2615 -16.9886 2
      vertex 12.9751 -13.3926 2
      vertex 14 -17 2
    endloop
  endfacet
  facet normal -0 0 1
    outer loop
      vertex 12.85 -13.4722 2
      vertex 14 -17 2
      vertex 12.9751 -13.3926 2
    endloop
  endfacet
  facet normal -0 0 1
    outer loop
      vertex 12.7185 -13.5407 2
      vertex 14 -17 2
      vertex 12.85 -13.4722 2
    endloop
  endfacet
  facet normal -0 0 1
    outer loop
      vertex 12.5814 -13.5975 2
      vertex 14 -17 2
      vertex 12.7185 -13.5407 2
    endloop
  endfacet
  facet normal -0 0 1
    outer loop
      vertex 12.44 -13.6421 2
      vertex 14 -17 2
      vertex 12.5814 -13.5975 2
    endloop
  endfacet
  facet normal -0 0 1
    outer loop
      vertex 12.2952 -13.6742 2
      vertex 14 -17 2
      vertex 12.44 -13.6421 2
    endloop
  endfacet
  facet normal -0 0 1
    outer loop
      vertex 12.1482 -13.6935 2
      vertex 14 -17 2
      vertex 12.2952 -13.6742 2
    endloop
  endfacet
  facet normal -0 0 1
    outer loop
      vertex 12 -13.7 2
      vertex 14 -17 2
      vertex 12.1482 -13.6935 2
    endloop
  endfacet
  facet normal 0 0 1
    outer loop
      vertex 11.8518 -13.6935 2
      vertex 14 -17 2
      vertex 12 -13.7 2
    endloop
  endfacet
  facet normal 0 0 1
    outer loop
      vertex 11.7048 -13.6742 2
      vertex 14 -17 2
      vertex 11.8518 -13.6935 2
    endloop
  endfacet
  facet normal 0 0 1
    outer loop
      vertex 11.56 -13.6421 2
      vertex 14 -17 2
      vertex 11.7048 -13.6742 2
    endloop
  endfacet
  facet normal 0 0 1
    outer loop
      vertex 11.4186 -13.5975 2
      vertex 14 -17 2
      vertex 11.56 -13.6421 2
    endloop
  endfacet
  facet normal 0 0 1
    outer loop
      vertex 11.2815 -13.5407 2
      vertex 14 -17 2
      vertex 11.4186 -13.5975 2
    endloop
  endfacet
  facet normal 0 0 1
    outer loop
      vertex 11.15 -13.4722 2
      vertex 14 -17 2
      vertex 11.2815 -13.5407 2
    endloop
  endfacet
  facet normal 0 0 1
    outer loop
      vertex 11.0249 -13.3926 2
      vertex 14 -17 2
      vertex 11.15 -13.4722 2
    endloop
  endfacet
  facet normal 0 0 1
    outer loop
      vertex 10.9073 -13.3023 2
      vertex 14 -17 2
      vertex 11.0249 -13.3926 2
    endloop
  endfacet
  facet normal 0 0 1
    outer loop
      vertex -10.9073 -13.3023 2
      vertex 10.9073 -13.3023 2
      vertex 10.7979 -13.2021 2
    endloop
  endfacet
  facet normal 0 0 1
    outer loop
      vertex -10.7979 -13.2021 2
      vertex 10.7979 -13.2021 2
      vertex 10.6977 -13.0927 2
    endloop
  endfacet
  facet normal 0 0 1
    outer loop
      vertex 10.7979 -10.7979 2
      vertex 5.16188 -5.16188 2
      vertex 10.6977 -10.9073 2
    endloop
  endfacet
  facet normal -0 0 1
    outer loop
      vertex 4.69235 -5.59212 2
      vertex 10.6977 -10.9073 2
      vertex 5.16188 -5.16188 2
    endloop
  endfacet
  facet normal 0 0 1
    outer loop
      vertex 10.6977 -10.9073 2
      vertex 4.69235 -5.59212 2
      vertex 10.6074 -11.0249 2
    endloop
  endfacet
  facet normal 0 0 1
    outer loop
      vertex 10.6074 -11.0249 2
      vertex 4.69235 -5.59212 2
      vertex 10.5278 -11.15 2
    endloop
  endfacet
  facet normal -0 0 1
    outer loop
      vertex 4.18711 -5.97981 2
      vertex 10.5278 -11.15 2
      vertex 4.69235 -5.59212 2
    endloop
  endfacet
  facet normal 0 0 1
    outer loop
      vertex 10.5278 -11.15 2
      vertex 4.18711 -5.97981 2
      vertex 10.4593 -11.2815 2
    endloop
  endfacet
  facet normal 0 0 1
    outer loop
      vertex 10.4593 -11.2815 2
      vertex 4.18711 -5.97981 2
      vertex 10.4025 -11.4186 2
    endloop
  endfacet
  facet normal -0 0 1
    outer loop
      vertex 3.65 -6.32199 2
      vertex 10.4025 -11.4186 2
      vertex 4.18711 -5.97981 2
    endloop
  endfacet
  facet normal 0 0 1
    outer loop
      vertex 10.4025 -11.4186 2
      vertex 3.65 -6.32199 2
      vertex 10.3579 -11.56 2
    endloop
  endfacet
  facet normal 0 0 1
    outer loop
      vertex 10.3579 -11.56 2
      vertex 3.65 -6.32199 2
      vertex 10.3258 -11.7048 2
    endloop
  endfacet
  facet normal -0 0 1
    outer loop
      vertex 3.08511 -6.61605 2
      vertex 10.3258 -11.7048 2
      vertex 3.65 -6.32199 2
    endloop
  endfacet
  facet normal 0 0 1
    outer loop
      vertex 10.3258 -11.7048 2
      vertex 3.08511 -6.61605 2
      vertex 10.3065 -11.8518 2
    endloop
  endfacet
  facet normal 0 0 1
    outer loop
      vertex 10.3065 -11.8518 2
      vertex 3.08511 -6.61605 2
      vertex 10.3 -12 2
    endloop
  endfacet
  facet normal -0 0 1
    outer loop
      vertex 2.49675 -6.85976 2
      vertex 10.3 -12 2
      vertex 3.08511 -6.61605 2
    endloop
  endfacet
  facet normal 0 0 1
    outer loop
      vertex 10.3 -12 2
      vertex 2.49675 -6.85976 2
      vertex 10.3065 -12.1482 2
    endloop
  endfacet
  facet normal -0 0 1
    outer loop
      vertex 1.88938 -7.05126 2
      vertex 10.3065 -12.1482 2
      vertex 2.49675 -6.85976 2
    endloop
  endfacet
  facet normal 0 0 1
    outer loop
      vertex 10.3065 -12.1482 2
      vertex 1.88938 -7.05126 2
      vertex 10.3258 -12.2952 2
    endloop
  endfacet
  facet normal 0 0 1
    outer loop
      vertex 10.3258 -12.2952 2
      vertex 1.88938 -7.05126 2
      vertex 10.3579 -12.44 2
    endloop
  endfacet
  facet normal -0 0 1
    outer loop
      vertex 1.26763 -7.1891 2
      vertex 10.3579 -12.44 2
      vertex 1.88938 -7.05126 2
    endloop
  endfacet
  facet normal 0 0 1
    outer loop
      vertex 10.3579 -12.44 2
      vertex 1.26763 -7.1891 2
      vertex 10.4025 -12.5814 2
    endloop
  endfacet
  facet normal 0 0 1
    outer loop
      vertex 10.4025 -12.5814 2
      vertex 1.26763 -7.1891 2
      vertex 10.4593 -12.7185 2
    endloop
  endfacet
  facet normal -0 0 1
    outer loop
      vertex 0.636236 -7.27222 2
      vertex 10.4593 -12.7185 2
      vertex 1.26763 -7.1891 2
    endloop
  endfacet
  facet normal 0 0 1
    outer loop
      vertex 10.4593 -12.7185 2
      vertex 0.636236 -7.27222 2
      vertex 10.5278 -12.85 2
    endloop
  endfacet
  facet normal -0 0 1
    outer loop
      vertex 0 -7.3 2
      vertex 10.5278 -12.85 2
      vertex 0.636236 -7.27222 2
    endloop
  endfacet
  facet normal 0 0 1
    outer loop
      vertex 10.5278 -12.85 2
      vertex 0 -7.3 2
      vertex 10.6074 -12.9751 2
    endloop
  endfacet
  facet normal 0 0 1
    outer loop
      vertex -10.6074 -12.9751 2
      vertex 10.6074 -12.9751 2
      vertex 0 -7.3 2
    endloop
  endfacet
  facet normal 0 0 1
    outer loop
      vertex 10.6074 -12.9751 2
      vertex -10.6074 -12.9751 2
      vertex 10.6977 -13.0927 2
    endloop
  endfacet
  facet normal 0 0 1
    outer loop
      vertex -10.5278 -12.85 2
      vertex 0 -7.3 2
      vertex -0.636236 -7.27222 2
    endloop
  endfacet
  facet normal 0 0 1
    outer loop
      vertex -10.4593 -12.7185 2
      vertex -0.636236 -7.27222 2
      vertex -1.26763 -7.1891 2
    endloop
  endfacet
  facet normal 0 0 1
    outer loop
      vertex -10.3579 -12.44 2
      vertex -1.26763 -7.1891 2
      vertex -1.88938 -7.05126 2
    endloop
  endfacet
  facet normal 0 0 1
    outer loop
      vertex -10.3065 -12.1482 2
      vertex -1.88938 -7.05126 2
      vertex -2.49675 -6.85976 2
    endloop
  endfacet
  facet normal 0 0 1
    outer loop
      vertex -10.3 -12 2
      vertex -2.49675 -6.85976 2
      vertex -3.08511 -6.61605 2
    endloop
  endfacet
  facet normal 0 0 1
    outer loop
      vertex -10.3 -12 2
      vertex -3.08511 -6.61605 2
      vertex -3.65 -6.32199 2
    endloop
  endfacet
  facet normal -0 0 1
    outer loop
      vertex -10.9073 10.6977 2
      vertex -5.16188 5.16188 2
      vertex -10.7979 10.7979 2
    endloop
  endfacet
  facet normal 0 0 1
    outer loop
      vertex -7.3 0 2
      vertex -10.3 -12 2
      vertex -7.27222 -0.636236 2
    endloop
  endfacet
  facet normal 0 0 1
    outer loop
      vertex -7.27222 -0.636236 2
      vertex -10.3 -12 2
      vertex -7.1891 -1.26763 2
    endloop
  endfacet
  facet normal 0 0 1
    outer loop
      vertex -7.1891 -1.26763 2
      vertex -10.3 -12 2
      vertex -7.05126 -1.88938 2
    endloop
  endfacet
  facet normal 0 0 1
    outer loop
      vertex -10.3 -12 2
      vertex -6.85976 -2.49675 2
      vertex -7.05126 -1.88938 2
    endloop
  endfacet
  facet normal 0 0 1
    outer loop
      vertex -10.3 -12 2
      vertex -6.61605 -3.08511 2
      vertex -6.85976 -2.49675 2
    endloop
  endfacet
  facet normal 0 0 1
    outer loop
      vertex -10.3 -12 2
      vertex -6.32199 -3.65 2
      vertex -6.61605 -3.08511 2
    endloop
  endfacet
  facet normal 0 0 1
    outer loop
      vertex -10.3 -12 2
      vertex -5.97981 -4.18711 2
      vertex -6.32199 -3.65 2
    endloop
  endfacet
  facet normal 0 0 1
    outer loop
      vertex -10.3 -12 2
      vertex -5.59212 -4.69235 2
      vertex -5.97981 -4.18711 2
    endloop
  endfacet
  facet normal 0 0 1
    outer loop
      vertex -10.3 -12 2
      vertex -5.16188 -5.16188 2
      vertex -5.59212 -4.69235 2
    endloop
  endfacet
  facet normal 0 0 1
    outer loop
      vertex -10.3 -12 2
      vertex -4.69235 -5.59212 2
      vertex -5.16188 -5.16188 2
    endloop
  endfacet
  facet normal 0 0 1
    outer loop
      vertex -10.3 -12 2
      vertex -4.18711 -5.97981 2
      vertex -4.69235 -5.59212 2
    endloop
  endfacet
  facet normal 0 0 1
    outer loop
      vertex -10.3 -12 2
      vertex -3.65 -6.32199 2
      vertex -4.18711 -5.97981 2
    endloop
  endfacet
  facet normal 0 0 1
    outer loop
      vertex -2.49675 -6.85976 2
      vertex -10.3 -12 2
      vertex -10.3065 -12.1482 2
    endloop
  endfacet
  facet normal 0 0 1
    outer loop
      vertex -1.88938 -7.05126 2
      vertex -10.3065 -12.1482 2
      vertex -10.3258 -12.2952 2
    endloop
  endfacet
  facet normal 0 0 1
    outer loop
      vertex -1.88938 -7.05126 2
      vertex -10.3258 -12.2952 2
      vertex -10.3579 -12.44 2
    endloop
  endfacet
  facet normal 0 0 1
    outer loop
      vertex -1.26763 -7.1891 2
      vertex -10.3579 -12.44 2
      vertex -10.4025 -12.5814 2
    endloop
  endfacet
  facet normal 0 0 1
    outer loop
      vertex -1.26763 -7.1891 2
      vertex -10.4025 -12.5814 2
      vertex -10.4593 -12.7185 2
    endloop
  endfacet
  facet normal 0 0 1
    outer loop
      vertex -0.636236 -7.27222 2
      vertex -10.4593 -12.7185 2
      vertex -10.5278 -12.85 2
    endloop
  endfacet
  facet normal 0 0 1
    outer loop
      vertex 0 -7.3 2
      vertex -10.5278 -12.85 2
      vertex -10.6074 -12.9751 2
    endloop
  endfacet
  facet normal 0 0 1
    outer loop
      vertex -10.6977 -13.0927 2
      vertex 10.6977 -13.0927 2
      vertex -10.6074 -12.9751 2
    endloop
  endfacet
  facet normal 0 0 1
    outer loop
      vertex -10.7979 -13.2021 2
      vertex 10.6977 -13.0927 2
      vertex -10.6977 -13.0927 2
    endloop
  endfacet
  facet normal 0 0 1
    outer loop
      vertex 10.7979 -13.2021 2
      vertex -10.7979 -13.2021 2
      vertex -10.9073 -13.3023 2
    endloop
  endfacet
  facet normal 0 0 1
    outer loop
      vertex 10.9073 -13.3023 2
      vertex -10.9073 -13.3023 2
      vertex 14 -17 2
    endloop
  endfacet
  facet normal 0 0 1
    outer loop
      vertex -14 -17 2
      vertex -10.9073 -13.3023 2
      vertex -11.0249 -13.3926 2
    endloop
  endfacet
  facet normal 0 0 1
    outer loop
      vertex -14 -17 2
      vertex -11.0249 -13.3926 2
      vertex -11.15 -13.4722 2
    endloop
  endfacet
  facet normal 0 0 1
    outer loop
      vertex -14 -17 2
      vertex -11.15 -13.4722 2
      vertex -11.2815 -13.5407 2
    endloop
  endfacet
  facet normal 0 0 1
    outer loop
      vertex -14 -17 2
      vertex -11.2815 -13.5407 2
      vertex -11.4186 -13.5975 2
    endloop
  endfacet
  facet normal 0 0 1
    outer loop
      vertex -14 -17 2
      vertex -11.4186 -13.5975 2
      vertex -11.56 -13.6421 2
    endloop
  endfacet
  facet normal 0 0 1
    outer loop
      vertex -14 -17 2
      vertex -11.56 -13.6421 2
      vertex -11.7048 -13.6742 2
    endloop
  endfacet
  facet normal 0 0 1
    outer loop
      vertex -14 -17 2
      vertex -11.7048 -13.6742 2
      vertex -11.8518 -13.6935 2
    endloop
  endfacet
  facet normal 0 0 1
    outer loop
      vertex -14 -17 2
      vertex -11.8518 -13.6935 2
      vertex -12 -13.7 2
    endloop
  endfacet
  facet normal 0 0 1
    outer loop
      vertex -14 -17 2
      vertex -12 -13.7 2
      vertex -12.1482 -13.6935 2
    endloop
  endfacet
  facet normal 0 0 1
    outer loop
      vertex -10.9073 -13.3023 2
      vertex -14 -17 2
      vertex 14 -17 2
    endloop
  endfacet
  facet normal 0 0 1
    outer loop
      vertex -12.2952 -13.6742 2
      vertex -14 -17 2
      vertex -12.1482 -13.6935 2
    endloop
  endfacet
  facet normal 0 0 1
    outer loop
      vertex -12.44 -13.6421 2
      vertex -14 -17 2
      vertex -12.2952 -13.6742 2
    endloop
  endfacet
  facet normal 0 0 1
    outer loop
      vertex -12.5814 -13.5975 2
      vertex -14 -17 2
      vertex -12.44 -13.6421 2
    endloop
  endfacet
  facet normal 0 0 1
    outer loop
      vertex -12.7185 -13.5407 2
      vertex -14 -17 2
      vertex -12.5814 -13.5975 2
    endloop
  endfacet
  facet normal 0 0 1
    outer loop
      vertex -12.85 -13.4722 2
      vertex -14 -17 2
      vertex -12.7185 -13.5407 2
    endloop
  endfacet
  facet normal 0 0 1
    outer loop
      vertex -12.9751 -13.3926 2
      vertex -14 -17 2
      vertex -12.85 -13.4722 2
    endloop
  endfacet
  facet normal 0 0 1
    outer loop
      vertex -14.7764 -16.8978 2
      vertex -12.9751 -13.3926 2
      vertex -13.0927 -13.3023 2
    endloop
  endfacet
  facet normal 0 0 1
    outer loop
      vertex -15.7207 -16.4574 2
      vertex -13.0927 -13.3023 2
      vertex -13.2021 -13.2021 2
    endloop
  endfacet
  facet normal 0 0 1
    outer loop
      vertex -16.4574 -15.7207 2
      vertex -13.2021 -13.2021 2
      vertex -13.3023 -13.0927 2
    endloop
  endfacet
  facet normal 0 0 1
    outer loop
      vertex -16.8978 -14.7764 2
      vertex -13.3023 -13.0927 2
      vertex -13.3926 -12.9751 2
    endloop
  endfacet
  facet normal 0 0 1
    outer loop
      vertex -17 -14 2
      vertex -13.3926 -12.9751 2
      vertex -13.4722 -12.85 2
    endloop
  endfacet
  facet normal 0 0 1
    outer loop
      vertex -17 -14 2
      vertex -13.4722 -12.85 2
      vertex -13.5407 -12.7185 2
    endloop
  endfacet
  facet normal 0 0 1
    outer loop
      vertex -17 -14 2
      vertex -13.5407 -12.7185 2
      vertex -13.5975 -12.5814 2
    endloop
  endfacet
  facet normal 0 0 1
    outer loop
      vertex -17 -14 2
      vertex -13.5975 -12.5814 2
      vertex -13.6421 -12.44 2
    endloop
  endfacet
  facet normal 0 0 1
    outer loop
      vertex -17 -14 2
      vertex -13.6421 -12.44 2
      vertex -13.6742 -12.2952 2
    endloop
  endfacet
  facet normal 0 0 1
    outer loop
      vertex -17 -14 2
      vertex -13.6742 -12.2952 2
      vertex -13.6935 -12.1482 2
    endloop
  endfacet
  facet normal 0 0 1
    outer loop
      vertex -17 -14 2
      vertex -13.6935 -12.1482 2
      vertex -13.7 -12 2
    endloop
  endfacet
  facet normal 0 0 1
    outer loop
      vertex -13.6742 -11.7048 2
      vertex -17 -14 2
      vertex -13.6935 -11.8518 2
    endloop
  endfacet
  facet normal -0 0 1
    outer loop
      vertex -16.4574 15.7207 2
      vertex -13.2021 13.2021 2
      vertex -16.2981 15.9284 2
    endloop
  endfacet
  facet normal 0 0 1
    outer loop
      vertex -13.6935 -11.8518 2
      vertex -17 -14 2
      vertex -13.7 -12 2
    endloop
  endfacet
  facet normal 0 0 1
    outer loop
      vertex -13.2021 13.2021 2
      vertex -16.4574 15.7207 2
      vertex -13.3023 13.0927 2
    endloop
  endfacet
  facet normal 0 0 1
    outer loop
      vertex -13.3926 -12.9751 2
      vertex -17 -14 2
      vertex -16.9886 -14.2615 2
    endloop
  endfacet
  facet normal -0 0 1
    outer loop
      vertex -16.5981 15.5 2
      vertex -13.3023 13.0927 2
      vertex -16.4574 15.7207 2
    endloop
  endfacet
  facet normal 0 0 1
    outer loop
      vertex -12.9751 -13.3926 2
      vertex -14.2615 -16.9886 2
      vertex -14 -17 2
    endloop
  endfacet
  facet normal -0 0 1
    outer loop
      vertex -16.7189 15.2679 2
      vertex -13.3023 13.0927 2
      vertex -16.5981 15.5 2
    endloop
  endfacet
  facet normal 0 0 1
    outer loop
      vertex -12.9751 -13.3926 2
      vertex -14.5209 -16.9544 2
      vertex -14.2615 -16.9886 2
    endloop
  endfacet
  facet normal -0 0 1
    outer loop
      vertex -16.8191 15.026 2
      vertex -13.3023 13.0927 2
      vertex -16.7189 15.2679 2
    endloop
  endfacet
  facet normal 0 0 1
    outer loop
      vertex -12.9751 -13.3926 2
      vertex -14.7764 -16.8978 2
      vertex -14.5209 -16.9544 2
    endloop
  endfacet
  facet normal -0 0 1
    outer loop
      vertex -16.8978 14.7764 2
      vertex -13.3023 13.0927 2
      vertex -16.8191 15.026 2
    endloop
  endfacet
  facet normal 0 0 1
    outer loop
      vertex -13.0927 -13.3023 2
      vertex -15.026 -16.8191 2
      vertex -14.7764 -16.8978 2
    endloop
  endfacet
  facet normal 0 0 1
    outer loop
      vertex -13.3023 13.0927 2
      vertex -16.8978 14.7764 2
      vertex -13.3926 12.9751 2
    endloop
  endfacet
  facet normal 0 0 1
    outer loop
      vertex -13.0927 -13.3023 2
      vertex -15.2679 -16.7189 2
      vertex -15.026 -16.8191 2
    endloop
  endfacet
  facet normal -0 0 1
    outer loop
      vertex -16.9544 14.5209 2
      vertex -13.3926 12.9751 2
      vertex -16.8978 14.7764 2
    endloop
  endfacet
  facet normal 0 0 1
    outer loop
      vertex -13.0927 -13.3023 2
      vertex -15.5 -16.5981 2
      vertex -15.2679 -16.7189 2
    endloop
  endfacet
  facet normal -0 0 1
    outer loop
      vertex -16.9886 14.2615 2
      vertex -13.3926 12.9751 2
      vertex -16.9544 14.5209 2
    endloop
  endfacet
  facet normal 0 0 1
    outer loop
      vertex -13.0927 -13.3023 2
      vertex -15.7207 -16.4574 2
      vertex -15.5 -16.5981 2
    endloop
  endfacet
  facet normal -0 0 1
    outer loop
      vertex -17 14 2
      vertex -13.3926 12.9751 2
      vertex -16.9886 14.2615 2
    endloop
  endfacet
  facet normal 0 0 1
    outer loop
      vertex -13.2021 -13.2021 2
      vertex -15.9284 -16.2981 2
      vertex -15.7207 -16.4574 2
    endloop
  endfacet
  facet normal 0 0 1
    outer loop
      vertex -13.3926 12.9751 2
      vertex -17 14 2
      vertex -13.4722 12.85 2
    endloop
  endfacet
  facet normal 0 0 1
    outer loop
      vertex -13.2021 -13.2021 2
      vertex -16.1213 -16.1213 2
      vertex -15.9284 -16.2981 2
    endloop
  endfacet
  facet normal 0 0 1
    outer loop
      vertex -13.4722 12.85 2
      vertex -17 14 2
      vertex -13.5407 12.7185 2
    endloop
  endfacet
  facet normal 0 0 1
    outer loop
      vertex -13.2021 -13.2021 2
      vertex -16.2981 -15.9284 2
      vertex -16.1213 -16.1213 2
    endloop
  endfacet
  facet normal 0 0 1
    outer loop
      vertex -13.5407 12.7185 2
      vertex -17 14 2
      vertex -13.5975 12.5814 2
    endloop
  endfacet
  facet normal 0 0 1
    outer loop
      vertex -13.2021 -13.2021 2
      vertex -16.4574 -15.7207 2
      vertex -16.2981 -15.9284 2
    endloop
  endfacet
  facet normal 0 0 1
    outer loop
      vertex -13.5975 12.5814 2
      vertex -17 14 2
      vertex -13.6421 12.44 2
    endloop
  endfacet
  facet normal 0 0 1
    outer loop
      vertex -13.3023 -13.0927 2
      vertex -16.5981 -15.5 2
      vertex -16.4574 -15.7207 2
    endloop
  endfacet
  facet normal 0 0 1
    outer loop
      vertex -13.6421 12.44 2
      vertex -17 14 2
      vertex -13.6742 12.2952 2
    endloop
  endfacet
  facet normal 0 0 1
    outer loop
      vertex -13.3023 -13.0927 2
      vertex -16.7189 -15.2679 2
      vertex -16.5981 -15.5 2
    endloop
  endfacet
  facet normal 0 0 1
    outer loop
      vertex -13.6742 12.2952 2
      vertex -17 14 2
      vertex -13.6935 12.1482 2
    endloop
  endfacet
  facet normal 0 0 1
    outer loop
      vertex -13.3023 -13.0927 2
      vertex -16.8191 -15.026 2
      vertex -16.7189 -15.2679 2
    endloop
  endfacet
  facet normal 0 0 1
    outer loop
      vertex -13.6935 12.1482 2
      vertex -17 14 2
      vertex -13.7 12 2
    endloop
  endfacet
  facet normal 0 0 1
    outer loop
      vertex -13.3023 -13.0927 2
      vertex -16.8978 -14.7764 2
      vertex -16.8191 -15.026 2
    endloop
  endfacet
  facet normal 0 0 1
    outer loop
      vertex -13.3926 -12.9751 2
      vertex -16.9544 -14.5209 2
      vertex -16.8978 -14.7764 2
    endloop
  endfacet
  facet normal 0 0 1
    outer loop
      vertex -13.3926 -12.9751 2
      vertex -16.9886 -14.2615 2
      vertex -16.9544 -14.5209 2
    endloop
  endfacet
  facet normal -0.999051 0.0435533 0
    outer loop
      vertex -17 14 0
      vertex -16.9886 14.2615 2
      vertex -16.9886 14.2615 0
    endloop
  endfacet
  facet normal -0.999051 0.0435533 0
    outer loop
      vertex -16.9886 14.2615 2
      vertex -17 14 0
      vertex -17 14 2
    endloop
  endfacet
  facet normal 1 -0 0
    outer loop
      vertex 17 -14 2
      vertex 17 14 0
      vertex 17 14 2
    endloop
  endfacet
  facet normal 1 0 0
    outer loop
      vertex 17 14 0
      vertex 17 -14 2
      vertex 17 -14 0
    endloop
  endfacet
  facet normal 0.0435533 -0.999051 0
    outer loop
      vertex 14 -17 0
      vertex 14.2615 -16.9886 2
      vertex 14 -17 2
    endloop
  endfacet
  facet normal 0.0435533 -0.999051 0
    outer loop
      vertex 14.2615 -16.9886 2
      vertex 14 -17 0
      vertex 14.2615 -16.9886 0
    endloop
  endfacet
  facet normal -0.999051 -0.0435533 0
    outer loop
      vertex -16.9886 -14.2615 0
      vertex -17 -14 2
      vertex -17 -14 0
    endloop
  endfacet
  facet normal -0.999051 -0.0435533 0
    outer loop
      vertex -17 -14 2
      vertex -16.9886 -14.2615 0
      vertex -16.9886 -14.2615 2
    endloop
  endfacet
  facet normal -1 0 0
    outer loop
      vertex -17 -14 0
      vertex -17 14 2
      vertex -17 14 0
    endloop
  endfacet
  facet normal -1 -0 0
    outer loop
      vertex -17 14 2
      vertex -17 -14 0
      vertex -17 -14 2
    endloop
  endfacet
  facet normal 0.99142 0.130712 0
    outer loop
      vertex 16.9886 14.2615 2
      vertex 16.9544 14.5209 0
      vertex 16.9544 14.5209 2
    endloop
  endfacet
  facet normal 0.99142 0.130712 0
    outer loop
      vertex 16.9544 14.5209 0
      vertex 16.9886 14.2615 2
      vertex 16.9886 14.2615 0
    endloop
  endfacet
  facet normal 0.737202 -0.675673 0
    outer loop
      vertex 16.1213 -16.1213 2
      vertex 16.2981 -15.9284 0
      vertex 16.2981 -15.9284 2
    endloop
  endfacet
  facet normal 0.737202 -0.675673 0
    outer loop
      vertex 16.2981 -15.9284 0
      vertex 16.1213 -16.1213 2
      vertex 16.1213 -16.1213 0
    endloop
  endfacet
  facet normal 0.675673 -0.737202 0
    outer loop
      vertex 15.9284 -16.2981 0
      vertex 16.1213 -16.1213 2
      vertex 15.9284 -16.2981 2
    endloop
  endfacet
  facet normal 0.675673 -0.737202 0
    outer loop
      vertex 16.1213 -16.1213 2
      vertex 15.9284 -16.2981 0
      vertex 16.1213 -16.1213 0
    endloop
  endfacet
  facet normal -0.887048 0.461678 0
    outer loop
      vertex -16.7189 15.2679 0
      vertex -16.5981 15.5 2
      vertex -16.5981 15.5 0
    endloop
  endfacet
  facet normal -0.887048 0.461678 0
    outer loop
      vertex -16.5981 15.5 2
      vertex -16.7189 15.2679 0
      vertex -16.7189 15.2679 2
    endloop
  endfacet
  facet normal 0.675673 0.737202 -0
    outer loop
      vertex 16.1213 16.1213 0
      vertex 15.9284 16.2981 2
      vertex 16.1213 16.1213 2
    endloop
  endfacet
  facet normal 0.675673 0.737202 0
    outer loop
      vertex 15.9284 16.2981 2
      vertex 16.1213 16.1213 0
      vertex 15.9284 16.2981 0
    endloop
  endfacet
  facet normal 0.130712 0.99142 -0
    outer loop
      vertex 14.5209 16.9544 0
      vertex 14.2615 16.9886 2
      vertex 14.5209 16.9544 2
    endloop
  endfacet
  facet normal 0.130712 0.99142 0
    outer loop
      vertex 14.2615 16.9886 2
      vertex 14.5209 16.9544 0
      vertex 14.2615 16.9886 0
    endloop
  endfacet
  facet normal -0.382689 0.923877 0
    outer loop
      vertex -15.026 16.8191 0
      vertex -15.2679 16.7189 2
      vertex -15.026 16.8191 2
    endloop
  endfacet
  facet normal -0.382689 0.923877 0
    outer loop
      vertex -15.2679 16.7189 2
      vertex -15.026 16.8191 0
      vertex -15.2679 16.7189 0
    endloop
  endfacet
  facet normal 0 1 -0
    outer loop
      vertex 14 17 0
      vertex -14 17 2
      vertex 14 17 2
    endloop
  endfacet
  facet normal 0 1 0
    outer loop
      vertex -14 17 2
      vertex 14 17 0
      vertex -14 17 0
    endloop
  endfacet
  facet normal 0.0435533 0.999051 -0
    outer loop
      vertex 14.2615 16.9886 0
      vertex 14 17 2
      vertex 14.2615 16.9886 2
    endloop
  endfacet
  facet normal 0.0435533 0.999051 0
    outer loop
      vertex 14 17 2
      vertex 14.2615 16.9886 0
      vertex 14 17 0
    endloop
  endfacet
  facet normal 0.999051 0.0435533 0
    outer loop
      vertex 17 14 2
      vertex 16.9886 14.2615 0
      vertex 16.9886 14.2615 2
    endloop
  endfacet
  facet normal 0.999051 0.0435533 0
    outer loop
      vertex 16.9886 14.2615 0
      vertex 17 14 2
      vertex 17 14 0
    endloop
  endfacet
  facet normal 0 -1 0
    outer loop
      vertex -14 -17 0
      vertex 14 -17 2
      vertex -14 -17 2
    endloop
  endfacet
  facet normal 0 -1 -0
    outer loop
      vertex 14 -17 2
      vertex -14 -17 0
      vertex 14 -17 0
    endloop
  endfacet
  facet normal 0.99142 -0.130712 0
    outer loop
      vertex 16.9544 -14.5209 2
      vertex 16.9886 -14.2615 0
      vertex 16.9886 -14.2615 2
    endloop
  endfacet
  facet normal 0.99142 -0.130712 0
    outer loop
      vertex 16.9886 -14.2615 0
      vertex 16.9544 -14.5209 2
      vertex 16.9544 -14.5209 0
    endloop
  endfacet
  facet normal 0.923877 -0.382689 0
    outer loop
      vertex 16.7189 -15.2679 2
      vertex 16.8191 -15.026 0
      vertex 16.8191 -15.026 2
    endloop
  endfacet
  facet normal 0.923877 -0.382689 0
    outer loop
      vertex 16.8191 -15.026 0
      vertex 16.7189 -15.2679 2
      vertex 16.7189 -15.2679 0
    endloop
  endfacet
  facet normal -0.953715 -0.300711 0
    outer loop
      vertex -16.8191 -15.026 0
      vertex -16.8978 -14.7764 2
      vertex -16.8978 -14.7764 0
    endloop
  endfacet
  facet normal -0.953715 -0.300711 0
    outer loop
      vertex -16.8978 -14.7764 2
      vertex -16.8191 -15.026 0
      vertex -16.8191 -15.026 2
    endloop
  endfacet
  facet normal -0.737202 -0.675673 0
    outer loop
      vertex -16.1213 -16.1213 0
      vertex -16.2981 -15.9284 2
      vertex -16.2981 -15.9284 0
    endloop
  endfacet
  facet normal -0.737202 -0.675673 0
    outer loop
      vertex -16.2981 -15.9284 2
      vertex -16.1213 -16.1213 0
      vertex -16.1213 -16.1213 2
    endloop
  endfacet
  facet normal -0.675673 -0.737202 0
    outer loop
      vertex -16.1213 -16.1213 0
      vertex -15.9284 -16.2981 2
      vertex -16.1213 -16.1213 2
    endloop
  endfacet
  facet normal -0.675673 -0.737202 -0
    outer loop
      vertex -15.9284 -16.2981 2
      vertex -16.1213 -16.1213 0
      vertex -15.9284 -16.2981 0
    endloop
  endfacet
  facet normal -0.99142 0.130712 0
    outer loop
      vertex -16.9886 14.2615 0
      vertex -16.9544 14.5209 2
      vertex -16.9544 14.5209 0
    endloop
  endfacet
  facet normal -0.99142 0.130712 0
    outer loop
      vertex -16.9544 14.5209 2
      vertex -16.9886 14.2615 0
      vertex -16.9886 14.2615 2
    endloop
  endfacet
  facet normal -0.923877 0.382689 0
    outer loop
      vertex -16.8191 15.026 0
      vertex -16.7189 15.2679 2
      vertex -16.7189 15.2679 0
    endloop
  endfacet
  facet normal -0.923877 0.382689 0
    outer loop
      vertex -16.7189 15.2679 2
      vertex -16.8191 15.026 0
      vertex -16.8191 15.026 2
    endloop
  endfacet
  facet normal -0.976331 0.216283 0
    outer loop
      vertex -16.9544 14.5209 0
      vertex -16.8978 14.7764 2
      vertex -16.8978 14.7764 0
    endloop
  endfacet
  facet normal -0.976331 0.216283 0
    outer loop
      vertex -16.8978 14.7764 2
      vertex -16.9544 14.5209 0
      vertex -16.9544 14.5209 2
    endloop
  endfacet
  facet normal -0.737202 0.675673 0
    outer loop
      vertex -16.2981 15.9284 0
      vertex -16.1213 16.1213 2
      vertex -16.1213 16.1213 0
    endloop
  endfacet
  facet normal -0.737202 0.675673 0
    outer loop
      vertex -16.1213 16.1213 2
      vertex -16.2981 15.9284 0
      vertex -16.2981 15.9284 2
    endloop
  endfacet
  facet normal -0.675673 0.737202 0
    outer loop
      vertex -15.9284 16.2981 0
      vertex -16.1213 16.1213 2
      vertex -15.9284 16.2981 2
    endloop
  endfacet
  facet normal -0.675673 0.737202 0
    outer loop
      vertex -16.1213 16.1213 2
      vertex -15.9284 16.2981 0
      vertex -16.1213 16.1213 0
    endloop
  endfacet
  facet normal 0.887048 0.461678 0
    outer loop
      vertex 16.7189 15.2679 2
      vertex 16.5981 15.5 0
      vertex 16.5981 15.5 2
    endloop
  endfacet
  facet normal 0.887048 0.461678 0
    outer loop
      vertex 16.5981 15.5 0
      vertex 16.7189 15.2679 2
      vertex 16.7189 15.2679 0
    endloop
  endfacet
  facet normal 0.382689 0.923877 -0
    outer loop
      vertex 15.2679 16.7189 0
      vertex 15.026 16.8191 2
      vertex 15.2679 16.7189 2
    endloop
  endfacet
  facet normal 0.382689 0.923877 0
    outer loop
      vertex 15.026 16.8191 2
      vertex 15.2679 16.7189 0
      vertex 15.026 16.8191 0
    endloop
  endfacet
  facet normal -0.216283 0.976331 0
    outer loop
      vertex -14.5209 16.9544 0
      vertex -14.7764 16.8978 2
      vertex -14.5209 16.9544 2
    endloop
  endfacet
  facet normal -0.216283 0.976331 0
    outer loop
      vertex -14.7764 16.8978 2
      vertex -14.5209 16.9544 0
      vertex -14.7764 16.8978 0
    endloop
  endfacet
  facet normal -0.461678 0.887048 0
    outer loop
      vertex -15.2679 16.7189 0
      vertex -15.5 16.5981 2
      vertex -15.2679 16.7189 2
    endloop
  endfacet
  facet normal -0.461678 0.887048 0
    outer loop
      vertex -15.5 16.5981 2
      vertex -15.2679 16.7189 0
      vertex -15.5 16.5981 0
    endloop
  endfacet
  facet normal -0.608584 -0.79349 0
    outer loop
      vertex -15.9284 -16.2981 0
      vertex -15.7207 -16.4574 2
      vertex -15.9284 -16.2981 2
    endloop
  endfacet
  facet normal -0.608584 -0.79349 -0
    outer loop
      vertex -15.7207 -16.4574 2
      vertex -15.9284 -16.2981 0
      vertex -15.7207 -16.4574 0
    endloop
  endfacet
  facet normal -0.130712 -0.99142 0
    outer loop
      vertex -14.5209 -16.9544 0
      vertex -14.2615 -16.9886 2
      vertex -14.5209 -16.9544 2
    endloop
  endfacet
  facet normal -0.130712 -0.99142 -0
    outer loop
      vertex -14.2615 -16.9886 2
      vertex -14.5209 -16.9544 0
      vertex -14.2615 -16.9886 0
    endloop
  endfacet
  facet normal 0.843221 -0.537568 0
    outer loop
      vertex 16.4574 -15.7207 2
      vertex 16.5981 -15.5 0
      vertex 16.5981 -15.5 2
    endloop
  endfacet
  facet normal 0.843221 -0.537568 0
    outer loop
      vertex 16.5981 -15.5 0
      vertex 16.4574 -15.7207 2
      vertex 16.4574 -15.7207 0
    endloop
  endfacet
  facet normal 0.537568 -0.843221 0
    outer loop
      vertex 15.5 -16.5981 0
      vertex 15.7207 -16.4574 2
      vertex 15.5 -16.5981 2
    endloop
  endfacet
  facet normal 0.537568 -0.843221 0
    outer loop
      vertex 15.7207 -16.4574 2
      vertex 15.5 -16.5981 0
      vertex 15.7207 -16.4574 0
    endloop
  endfacet
  facet normal 0.608584 -0.79349 0
    outer loop
      vertex 15.7207 -16.4574 0
      vertex 15.9284 -16.2981 2
      vertex 15.7207 -16.4574 2
    endloop
  endfacet
  facet normal 0.608584 -0.79349 0
    outer loop
      vertex 15.9284 -16.2981 2
      vertex 15.7207 -16.4574 0
      vertex 15.9284 -16.2981 0
    endloop
  endfacet
  facet normal 0.216283 -0.976331 0
    outer loop
      vertex 14.5209 -16.9544 0
      vertex 14.7764 -16.8978 2
      vertex 14.5209 -16.9544 2
    endloop
  endfacet
  facet normal 0.216283 -0.976331 0
    outer loop
      vertex 14.7764 -16.8978 2
      vertex 14.5209 -16.9544 0
      vertex 14.7764 -16.8978 0
    endloop
  endfacet
  facet normal -0.953715 0.300711 0
    outer loop
      vertex -16.8978 14.7764 0
      vertex -16.8191 15.026 2
      vertex -16.8191 15.026 0
    endloop
  endfacet
  facet normal -0.953715 0.300711 0
    outer loop
      vertex -16.8191 15.026 2
      vertex -16.8978 14.7764 0
      vertex -16.8978 14.7764 2
    endloop
  endfacet
  facet normal -0.843221 0.537568 0
    outer loop
      vertex -16.5981 15.5 0
      vertex -16.4574 15.7207 2
      vertex -16.4574 15.7207 0
    endloop
  endfacet
  facet normal -0.843221 0.537568 0
    outer loop
      vertex -16.4574 15.7207 2
      vertex -16.5981 15.5 0
      vertex -16.5981 15.5 2
    endloop
  endfacet
  facet normal -0.79349 0.608584 0
    outer loop
      vertex -16.4574 15.7207 0
      vertex -16.2981 15.9284 2
      vertex -16.2981 15.9284 0
    endloop
  endfacet
  facet normal -0.79349 0.608584 0
    outer loop
      vertex -16.2981 15.9284 2
      vertex -16.4574 15.7207 0
      vertex -16.4574 15.7207 2
    endloop
  endfacet
  facet normal 0.923877 0.382689 0
    outer loop
      vertex 16.8191 15.026 2
      vertex 16.7189 15.2679 0
      vertex 16.7189 15.2679 2
    endloop
  endfacet
  facet normal 0.923877 0.382689 0
    outer loop
      vertex 16.7189 15.2679 0
      vertex 16.8191 15.026 2
      vertex 16.8191 15.026 0
    endloop
  endfacet
  facet normal 0.953715 0.300711 0
    outer loop
      vertex 16.8978 14.7764 2
      vertex 16.8191 15.026 0
      vertex 16.8191 15.026 2
    endloop
  endfacet
  facet normal 0.953715 0.300711 0
    outer loop
      vertex 16.8191 15.026 0
      vertex 16.8978 14.7764 2
      vertex 16.8978 14.7764 0
    endloop
  endfacet
  facet normal 0.976331 0.216283 0
    outer loop
      vertex 16.9544 14.5209 2
      vertex 16.8978 14.7764 0
      vertex 16.8978 14.7764 2
    endloop
  endfacet
  facet normal 0.976331 0.216283 0
    outer loop
      vertex 16.8978 14.7764 0
      vertex 16.9544 14.5209 2
      vertex 16.9544 14.5209 0
    endloop
  endfacet
  facet normal 0.737202 0.675673 0
    outer loop
      vertex 16.2981 15.9284 2
      vertex 16.1213 16.1213 0
      vertex 16.1213 16.1213 2
    endloop
  endfacet
  facet normal 0.737202 0.675673 0
    outer loop
      vertex 16.1213 16.1213 0
      vertex 16.2981 15.9284 2
      vertex 16.2981 15.9284 0
    endloop
  endfacet
  facet normal 0.79349 0.608584 0
    outer loop
      vertex 16.4574 15.7207 2
      vertex 16.2981 15.9284 0
      vertex 16.2981 15.9284 2
    endloop
  endfacet
  facet normal 0.79349 0.608584 0
    outer loop
      vertex 16.2981 15.9284 0
      vertex 16.4574 15.7207 2
      vertex 16.4574 15.7207 0
    endloop
  endfacet
  facet normal 0.843221 0.537568 0
    outer loop
      vertex 16.5981 15.5 2
      vertex 16.4574 15.7207 0
      vertex 16.4574 15.7207 2
    endloop
  endfacet
  facet normal 0.843221 0.537568 0
    outer loop
      vertex 16.4574 15.7207 0
      vertex 16.5981 15.5 2
      vertex 16.5981 15.5 0
    endloop
  endfacet
  facet normal 0.461678 0.887048 -0
    outer loop
      vertex 15.5 16.5981 0
      vertex 15.2679 16.7189 2
      vertex 15.5 16.5981 2
    endloop
  endfacet
  facet normal 0.461678 0.887048 0
    outer loop
      vertex 15.2679 16.7189 2
      vertex 15.5 16.5981 0
      vertex 15.2679 16.7189 0
    endloop
  endfacet
  facet normal 0.537568 0.843221 -0
    outer loop
      vertex 15.7207 16.4574 0
      vertex 15.5 16.5981 2
      vertex 15.7207 16.4574 2
    endloop
  endfacet
  facet normal 0.537568 0.843221 0
    outer loop
      vertex 15.5 16.5981 2
      vertex 15.7207 16.4574 0
      vertex 15.5 16.5981 0
    endloop
  endfacet
  facet normal 0.608584 0.79349 -0
    outer loop
      vertex 15.9284 16.2981 0
      vertex 15.7207 16.4574 2
      vertex 15.9284 16.2981 2
    endloop
  endfacet
  facet normal 0.608584 0.79349 0
    outer loop
      vertex 15.7207 16.4574 2
      vertex 15.9284 16.2981 0
      vertex 15.7207 16.4574 0
    endloop
  endfacet
  facet normal 0.216283 0.976331 -0
    outer loop
      vertex 14.7764 16.8978 0
      vertex 14.5209 16.9544 2
      vertex 14.7764 16.8978 2
    endloop
  endfacet
  facet normal 0.216283 0.976331 0
    outer loop
      vertex 14.5209 16.9544 2
      vertex 14.7764 16.8978 0
      vertex 14.5209 16.9544 0
    endloop
  endfacet
  facet normal 0.300711 0.953715 -0
    outer loop
      vertex 15.026 16.8191 0
      vertex 14.7764 16.8978 2
      vertex 15.026 16.8191 2
    endloop
  endfacet
  facet normal 0.300711 0.953715 0
    outer loop
      vertex 14.7764 16.8978 2
      vertex 15.026 16.8191 0
      vertex 14.7764 16.8978 0
    endloop
  endfacet
  facet normal -0.300711 0.953715 0
    outer loop
      vertex -14.7764 16.8978 0
      vertex -15.026 16.8191 2
      vertex -14.7764 16.8978 2
    endloop
  endfacet
  facet normal -0.300711 0.953715 0
    outer loop
      vertex -15.026 16.8191 2
      vertex -14.7764 16.8978 0
      vertex -15.026 16.8191 0
    endloop
  endfacet
  facet normal -0.130712 0.99142 0
    outer loop
      vertex -14.2615 16.9886 0
      vertex -14.5209 16.9544 2
      vertex -14.2615 16.9886 2
    endloop
  endfacet
  facet normal -0.130712 0.99142 0
    outer loop
      vertex -14.5209 16.9544 2
      vertex -14.2615 16.9886 0
      vertex -14.5209 16.9544 0
    endloop
  endfacet
  facet normal -0.0435533 0.999051 0
    outer loop
      vertex -14 17 0
      vertex -14.2615 16.9886 2
      vertex -14 17 2
    endloop
  endfacet
  facet normal -0.0435533 0.999051 0
    outer loop
      vertex -14.2615 16.9886 2
      vertex -14 17 0
      vertex -14.2615 16.9886 0
    endloop
  endfacet
  facet normal -0.608584 0.79349 0
    outer loop
      vertex -15.7207 16.4574 0
      vertex -15.9284 16.2981 2
      vertex -15.7207 16.4574 2
    endloop
  endfacet
  facet normal -0.608584 0.79349 0
    outer loop
      vertex -15.9284 16.2981 2
      vertex -15.7207 16.4574 0
      vertex -15.9284 16.2981 0
    endloop
  endfacet
  facet normal -0.537568 0.843221 0
    outer loop
      vertex -15.5 16.5981 0
      vertex -15.7207 16.4574 2
      vertex -15.5 16.5981 2
    endloop
  endfacet
  facet normal -0.537568 0.843221 0
    outer loop
      vertex -15.7207 16.4574 2
      vertex -15.5 16.5981 0
      vertex -15.7207 16.4574 0
    endloop
  endfacet
  facet normal 0.999051 -0.0435533 0
    outer loop
      vertex 16.9886 -14.2615 2
      vertex 17 -14 0
      vertex 17 -14 2
    endloop
  endfacet
  facet normal 0.999051 -0.0435533 0
    outer loop
      vertex 17 -14 0
      vertex 16.9886 -14.2615 2
      vertex 16.9886 -14.2615 0
    endloop
  endfacet
  facet normal 0.953715 -0.300711 0
    outer loop
      vertex 16.8191 -15.026 2
      vertex 16.8978 -14.7764 0
      vertex 16.8978 -14.7764 2
    endloop
  endfacet
  facet normal 0.953715 -0.300711 0
    outer loop
      vertex 16.8978 -14.7764 0
      vertex 16.8191 -15.026 2
      vertex 16.8191 -15.026 0
    endloop
  endfacet
  facet normal 0.976331 -0.216283 0
    outer loop
      vertex 16.8978 -14.7764 2
      vertex 16.9544 -14.5209 0
      vertex 16.9544 -14.5209 2
    endloop
  endfacet
  facet normal 0.976331 -0.216283 0
    outer loop
      vertex 16.9544 -14.5209 0
      vertex 16.8978 -14.7764 2
      vertex 16.8978 -14.7764 0
    endloop
  endfacet
  facet normal 0.79349 -0.608584 0
    outer loop
      vertex 16.2981 -15.9284 2
      vertex 16.4574 -15.7207 0
      vertex 16.4574 -15.7207 2
    endloop
  endfacet
  facet normal 0.79349 -0.608584 0
    outer loop
      vertex 16.4574 -15.7207 0
      vertex 16.2981 -15.9284 2
      vertex 16.2981 -15.9284 0
    endloop
  endfacet
  facet normal 0.130712 -0.99142 0
    outer loop
      vertex 14.2615 -16.9886 0
      vertex 14.5209 -16.9544 2
      vertex 14.2615 -16.9886 2
    endloop
  endfacet
  facet normal 0.130712 -0.99142 0
    outer loop
      vertex 14.5209 -16.9544 2
      vertex 14.2615 -16.9886 0
      vertex 14.5209 -16.9544 0
    endloop
  endfacet
  facet normal 0.461678 -0.887048 0
    outer loop
      vertex 15.2679 -16.7189 0
      vertex 15.5 -16.5981 2
      vertex 15.2679 -16.7189 2
    endloop
  endfacet
  facet normal 0.461678 -0.887048 0
    outer loop
      vertex 15.5 -16.5981 2
      vertex 15.2679 -16.7189 0
      vertex 15.5 -16.5981 0
    endloop
  endfacet
  facet normal 0.382689 -0.923877 0
    outer loop
      vertex 15.026 -16.8191 0
      vertex 15.2679 -16.7189 2
      vertex 15.026 -16.8191 2
    endloop
  endfacet
  facet normal 0.382689 -0.923877 0
    outer loop
      vertex 15.2679 -16.7189 2
      vertex 15.026 -16.8191 0
      vertex 15.2679 -16.7189 0
    endloop
  endfacet
  facet normal 0.300711 -0.953715 0
    outer loop
      vertex 14.7764 -16.8978 0
      vertex 15.026 -16.8191 2
      vertex 14.7764 -16.8978 2
    endloop
  endfacet
  facet normal 0.300711 -0.953715 0
    outer loop
      vertex 15.026 -16.8191 2
      vertex 14.7764 -16.8978 0
      vertex 15.026 -16.8191 0
    endloop
  endfacet
  facet normal -0.843221 -0.537568 0
    outer loop
      vertex -16.4574 -15.7207 0
      vertex -16.5981 -15.5 2
      vertex -16.5981 -15.5 0
    endloop
  endfacet
  facet normal -0.843221 -0.537568 0
    outer loop
      vertex -16.5981 -15.5 2
      vertex -16.4574 -15.7207 0
      vertex -16.4574 -15.7207 2
    endloop
  endfacet
  facet normal -0.300711 -0.953715 0
    outer loop
      vertex -15.026 -16.8191 0
      vertex -14.7764 -16.8978 2
      vertex -15.026 -16.8191 2
    endloop
  endfacet
  facet normal -0.300711 -0.953715 -0
    outer loop
      vertex -14.7764 -16.8978 2
      vertex -15.026 -16.8191 0
      vertex -14.7764 -16.8978 0
    endloop
  endfacet
  facet normal 0.887048 -0.461678 0
    outer loop
      vertex 16.5981 -15.5 2
      vertex 16.7189 -15.2679 0
      vertex 16.7189 -15.2679 2
    endloop
  endfacet
  facet normal 0.887048 -0.461678 0
    outer loop
      vertex 16.7189 -15.2679 0
      vertex 16.5981 -15.5 2
      vertex 16.5981 -15.5 0
    endloop
  endfacet
  facet normal -0.887048 -0.461678 0
    outer loop
      vertex -16.5981 -15.5 0
      vertex -16.7189 -15.2679 2
      vertex -16.7189 -15.2679 0
    endloop
  endfacet
  facet normal -0.887048 -0.461678 0
    outer loop
      vertex -16.7189 -15.2679 2
      vertex -16.5981 -15.5 0
      vertex -16.5981 -15.5 2
    endloop
  endfacet
  facet normal -0.461678 -0.887048 0
    outer loop
      vertex -15.5 -16.5981 0
      vertex -15.2679 -16.7189 2
      vertex -15.5 -16.5981 2
    endloop
  endfacet
  facet normal -0.461678 -0.887048 -0
    outer loop
      vertex -15.2679 -16.7189 2
      vertex -15.5 -16.5981 0
      vertex -15.2679 -16.7189 0
    endloop
  endfacet
  facet normal -0.216283 -0.976331 0
    outer loop
      vertex -14.7764 -16.8978 0
      vertex -14.5209 -16.9544 2
      vertex -14.7764 -16.8978 2
    endloop
  endfacet
  facet normal -0.216283 -0.976331 -0
    outer loop
      vertex -14.5209 -16.9544 2
      vertex -14.7764 -16.8978 0
      vertex -14.5209 -16.9544 0
    endloop
  endfacet
  facet normal -0.923877 -0.382689 0
    outer loop
      vertex -16.7189 -15.2679 0
      vertex -16.8191 -15.026 2
      vertex -16.8191 -15.026 0
    endloop
  endfacet
  facet normal -0.923877 -0.382689 0
    outer loop
      vertex -16.8191 -15.026 2
      vertex -16.7189 -15.2679 0
      vertex -16.7189 -15.2679 2
    endloop
  endfacet
  facet normal -0.79349 -0.608584 0
    outer loop
      vertex -16.2981 -15.9284 0
      vertex -16.4574 -15.7207 2
      vertex -16.4574 -15.7207 0
    endloop
  endfacet
  facet normal -0.79349 -0.608584 0
    outer loop
      vertex -16.4574 -15.7207 2
      vertex -16.2981 -15.9284 0
      vertex -16.2981 -15.9284 2
    endloop
  endfacet
  facet normal -0.537568 -0.843221 0
    outer loop
      vertex -15.7207 -16.4574 0
      vertex -15.5 -16.5981 2
      vertex -15.7207 -16.4574 2
    endloop
  endfacet
  facet normal -0.537568 -0.843221 -0
    outer loop
      vertex -15.5 -16.5981 2
      vertex -15.7207 -16.4574 0
      vertex -15.5 -16.5981 0
    endloop
  endfacet
  facet normal -0.382689 -0.923877 0
    outer loop
      vertex -15.2679 -16.7189 0
      vertex -15.026 -16.8191 2
      vertex -15.2679 -16.7189 2
    endloop
  endfacet
  facet normal -0.382689 -0.923877 -0
    outer loop
      vertex -15.026 -16.8191 2
      vertex -15.2679 -16.7189 0
      vertex -15.026 -16.8191 0
    endloop
  endfacet
  facet normal -0.843389 -0.537303 0
    outer loop
      vertex 6.32199 3.65 0
      vertex 5.97981 4.18711 2
      vertex 5.97981 4.18711 0
    endloop
  endfacet
  facet normal -0.843389 -0.537303 0
    outer loop
      vertex 5.97981 4.18711 2
      vertex 6.32199 3.65 0
      vertex 6.32199 3.65 2
    endloop
  endfacet
  facet normal -0.300701 -0.953718 0
    outer loop
      vertex 1.88938 7.05126 0
      vertex 2.49675 6.85976 2
      vertex 1.88938 7.05126 2
    endloop
  endfacet
  facet normal -0.300701 -0.953718 -0
    outer loop
      vertex 2.49675 6.85976 2
      vertex 1.88938 7.05126 0
      vertex 2.49675 6.85976 0
    endloop
  endfacet
  facet normal 0.461745 -0.887013 0
    outer loop
      vertex -3.65 6.32199 0
      vertex -3.08511 6.61605 2
      vertex -3.65 6.32199 2
    endloop
  endfacet
  facet normal 0.461745 -0.887013 0
    outer loop
      vertex -3.08511 6.61605 2
      vertex -3.65 6.32199 0
      vertex -3.08511 6.61605 0
    endloop
  endfacet
  facet normal 0.923878 -0.382688 0
    outer loop
      vertex -6.85976 2.49675 2
      vertex -6.61605 3.08511 0
      vertex -6.61605 3.08511 2
    endloop
  endfacet
  facet normal 0.923878 -0.382688 0
    outer loop
      vertex -6.61605 3.08511 0
      vertex -6.85976 2.49675 2
      vertex -6.85976 2.49675 0
    endloop
  endfacet
  facet normal -0.999048 0.0436215 0
    outer loop
      vertex 7.27222 -0.636236 0
      vertex 7.3 0 2
      vertex 7.3 0 0
    endloop
  endfacet
  facet normal -0.999048 0.0436215 0
    outer loop
      vertex 7.3 0 2
      vertex 7.27222 -0.636236 0
      vertex 7.27222 -0.636236 2
    endloop
  endfacet
  facet normal -0.0436215 -0.999048 0
    outer loop
      vertex 0 7.3 0
      vertex 0.636236 7.27222 2
      vertex 0 7.3 2
    endloop
  endfacet
  facet normal -0.0436215 -0.999048 -0
    outer loop
      vertex 0.636236 7.27222 2
      vertex 0 7.3 0
      vertex 0.636236 7.27222 0
    endloop
  endfacet
  facet normal -0.537303 -0.843389 0
    outer loop
      vertex 3.65 6.32199 0
      vertex 4.18711 5.97981 2
      vertex 3.65 6.32199 2
    endloop
  endfacet
  facet normal -0.537303 -0.843389 -0
    outer loop
      vertex 4.18711 5.97981 2
      vertex 3.65 6.32199 0
      vertex 4.18711 5.97981 0
    endloop
  endfacet
  facet normal 0.991446 -0.130519 0
    outer loop
      vertex -7.27222 0.636236 2
      vertex -7.1891 1.26763 0
      vertex -7.1891 1.26763 2
    endloop
  endfacet
  facet normal 0.991446 -0.130519 0
    outer loop
      vertex -7.1891 1.26763 0
      vertex -7.27222 0.636236 2
      vertex -7.27222 0.636236 0
    endloop
  endfacet
  facet normal 0.793349 -0.608767 0
    outer loop
      vertex -5.97981 4.18711 2
      vertex -5.59212 4.69235 0
      vertex -5.59212 4.69235 2
    endloop
  endfacet
  facet normal 0.793349 -0.608767 0
    outer loop
      vertex -5.59212 4.69235 0
      vertex -5.97981 4.18711 2
      vertex -5.97981 4.18711 0
    endloop
  endfacet
  facet normal 0.216442 -0.976296 0
    outer loop
      vertex -1.88938 7.05126 0
      vertex -1.26763 7.1891 2
      vertex -1.88938 7.05126 2
    endloop
  endfacet
  facet normal 0.216442 -0.976296 0
    outer loop
      vertex -1.26763 7.1891 2
      vertex -1.88938 7.05126 0
      vertex -1.26763 7.1891 0
    endloop
  endfacet
  facet normal -0.537303 0.843389 0
    outer loop
      vertex 4.18711 -5.97981 0
      vertex 3.65 -6.32199 2
      vertex 4.18711 -5.97981 2
    endloop
  endfacet
  facet normal -0.537303 0.843389 0
    outer loop
      vertex 3.65 -6.32199 2
      vertex 4.18711 -5.97981 0
      vertex 3.65 -6.32199 0
    endloop
  endfacet
  facet normal -0.991446 -0.130519 0
    outer loop
      vertex 7.27222 0.636236 0
      vertex 7.1891 1.26763 2
      vertex 7.1891 1.26763 0
    endloop
  endfacet
  facet normal -0.991446 -0.130519 0
    outer loop
      vertex 7.1891 1.26763 2
      vertex 7.27222 0.636236 0
      vertex 7.27222 0.636236 2
    endloop
  endfacet
  facet normal -0.793349 -0.608767 0
    outer loop
      vertex 5.97981 4.18711 0
      vertex 5.59212 4.69235 2
      vertex 5.59212 4.69235 0
    endloop
  endfacet
  facet normal -0.793349 -0.608767 0
    outer loop
      vertex 5.59212 4.69235 2
      vertex 5.97981 4.18711 0
      vertex 5.97981 4.18711 2
    endloop
  endfacet
  facet normal -0.675586 -0.737281 0
    outer loop
      vertex 4.69235 5.59212 0
      vertex 5.16188 5.16188 2
      vertex 4.69235 5.59212 2
    endloop
  endfacet
  facet normal -0.675586 -0.737281 -0
    outer loop
      vertex 5.16188 5.16188 2
      vertex 4.69235 5.59212 0
      vertex 5.16188 5.16188 0
    endloop
  endfacet
  facet normal -0.737281 -0.675586 0
    outer loop
      vertex 5.59212 4.69235 0
      vertex 5.16188 5.16188 2
      vertex 5.16188 5.16188 0
    endloop
  endfacet
  facet normal -0.737281 -0.675586 0
    outer loop
      vertex 5.16188 5.16188 2
      vertex 5.59212 4.69235 0
      vertex 5.59212 4.69235 2
    endloop
  endfacet
  facet normal 0.0436215 -0.999048 0
    outer loop
      vertex -0.636236 7.27222 0
      vertex 0 7.3 2
      vertex -0.636236 7.27222 2
    endloop
  endfacet
  facet normal 0.0436215 -0.999048 0
    outer loop
      vertex 0 7.3 2
      vertex -0.636236 7.27222 0
      vertex 0 7.3 0
    endloop
  endfacet
  facet normal -0.216442 -0.976296 0
    outer loop
      vertex 1.26763 7.1891 0
      vertex 1.88938 7.05126 2
      vertex 1.26763 7.1891 2
    endloop
  endfacet
  facet normal -0.216442 -0.976296 -0
    outer loop
      vertex 1.88938 7.05126 2
      vertex 1.26763 7.1891 0
      vertex 1.88938 7.05126 0
    endloop
  endfacet
  facet normal -0.130519 -0.991446 0
    outer loop
      vertex 0.636236 7.27222 0
      vertex 1.26763 7.1891 2
      vertex 0.636236 7.27222 2
    endloop
  endfacet
  facet normal -0.130519 -0.991446 -0
    outer loop
      vertex 1.26763 7.1891 2
      vertex 0.636236 7.27222 0
      vertex 1.26763 7.1891 0
    endloop
  endfacet
  facet normal -0.608767 -0.793349 0
    outer loop
      vertex 4.18711 5.97981 0
      vertex 4.69235 5.59212 2
      vertex 4.18711 5.97981 2
    endloop
  endfacet
  facet normal -0.608767 -0.793349 -0
    outer loop
      vertex 4.69235 5.59212 2
      vertex 4.18711 5.97981 0
      vertex 4.69235 5.59212 0
    endloop
  endfacet
  facet normal 0.999048 -0.0436215 0
    outer loop
      vertex -7.3 0 2
      vertex -7.27222 0.636236 0
      vertex -7.27222 0.636236 2
    endloop
  endfacet
  facet normal 0.999048 -0.0436215 0
    outer loop
      vertex -7.27222 0.636236 0
      vertex -7.3 0 2
      vertex -7.3 0 0
    endloop
  endfacet
  facet normal 0.953718 -0.300701 0
    outer loop
      vertex -7.05126 1.88938 2
      vertex -6.85976 2.49675 0
      vertex -6.85976 2.49675 2
    endloop
  endfacet
  facet normal 0.953718 -0.300701 0
    outer loop
      vertex -6.85976 2.49675 0
      vertex -7.05126 1.88938 2
      vertex -7.05126 1.88938 0
    endloop
  endfacet
  facet normal 0.976296 -0.216442 0
    outer loop
      vertex -7.1891 1.26763 2
      vertex -7.05126 1.88938 0
      vertex -7.05126 1.88938 2
    endloop
  endfacet
  facet normal 0.976296 -0.216442 0
    outer loop
      vertex -7.05126 1.88938 0
      vertex -7.1891 1.26763 2
      vertex -7.1891 1.26763 0
    endloop
  endfacet
  facet normal 0.887013 -0.461745 0
    outer loop
      vertex -6.61605 3.08511 2
      vertex -6.32199 3.65 0
      vertex -6.32199 3.65 2
    endloop
  endfacet
  facet normal 0.887013 -0.461745 0
    outer loop
      vertex -6.32199 3.65 0
      vertex -6.61605 3.08511 2
      vertex -6.61605 3.08511 0
    endloop
  endfacet
  facet normal 0.843389 -0.537303 0
    outer loop
      vertex -6.32199 3.65 2
      vertex -5.97981 4.18711 0
      vertex -5.97981 4.18711 2
    endloop
  endfacet
  facet normal 0.843389 -0.537303 0
    outer loop
      vertex -5.97981 4.18711 0
      vertex -6.32199 3.65 2
      vertex -6.32199 3.65 0
    endloop
  endfacet
  facet normal 0.300701 -0.953718 0
    outer loop
      vertex -2.49675 6.85976 0
      vertex -1.88938 7.05126 2
      vertex -2.49675 6.85976 2
    endloop
  endfacet
  facet normal 0.300701 -0.953718 0
    outer loop
      vertex -1.88938 7.05126 2
      vertex -2.49675 6.85976 0
      vertex -1.88938 7.05126 0
    endloop
  endfacet
  facet normal 0.130519 -0.991446 0
    outer loop
      vertex -1.26763 7.1891 0
      vertex -0.636236 7.27222 2
      vertex -1.26763 7.1891 2
    endloop
  endfacet
  facet normal 0.130519 -0.991446 0
    outer loop
      vertex -0.636236 7.27222 2
      vertex -1.26763 7.1891 0
      vertex -0.636236 7.27222 0
    endloop
  endfacet
  facet normal 0.608767 -0.793349 0
    outer loop
      vertex -4.69235 5.59212 0
      vertex -4.18711 5.97981 2
      vertex -4.69235 5.59212 2
    endloop
  endfacet
  facet normal 0.608767 -0.793349 0
    outer loop
      vertex -4.18711 5.97981 2
      vertex -4.69235 5.59212 0
      vertex -4.18711 5.97981 0
    endloop
  endfacet
  facet normal 0.675586 -0.737281 0
    outer loop
      vertex -5.16188 5.16188 0
      vertex -4.69235 5.59212 2
      vertex -5.16188 5.16188 2
    endloop
  endfacet
  facet normal 0.675586 -0.737281 0
    outer loop
      vertex -4.69235 5.59212 2
      vertex -5.16188 5.16188 0
      vertex -4.69235 5.59212 0
    endloop
  endfacet
  facet normal 0.537303 -0.843389 0
    outer loop
      vertex -4.18711 5.97981 0
      vertex -3.65 6.32199 2
      vertex -4.18711 5.97981 2
    endloop
  endfacet
  facet normal 0.537303 -0.843389 0
    outer loop
      vertex -3.65 6.32199 2
      vertex -4.18711 5.97981 0
      vertex -3.65 6.32199 0
    endloop
  endfacet
  facet normal 0.737281 -0.675586 0
    outer loop
      vertex -5.59212 4.69235 2
      vertex -5.16188 5.16188 0
      vertex -5.16188 5.16188 2
    endloop
  endfacet
  facet normal 0.737281 -0.675586 0
    outer loop
      vertex -5.16188 5.16188 0
      vertex -5.59212 4.69235 2
      vertex -5.59212 4.69235 0
    endloop
  endfacet
  facet normal -0.999048 -0.0436215 0
    outer loop
      vertex 7.3 0 0
      vertex 7.27222 0.636236 2
      vertex 7.27222 0.636236 0
    endloop
  endfacet
  facet normal -0.999048 -0.0436215 0
    outer loop
      vertex 7.27222 0.636236 2
      vertex 7.3 0 0
      vertex 7.3 0 2
    endloop
  endfacet
  facet normal -0.976296 0.216442 0
    outer loop
      vertex 7.05126 -1.88938 0
      vertex 7.1891 -1.26763 2
      vertex 7.1891 -1.26763 0
    endloop
  endfacet
  facet normal -0.976296 0.216442 0
    outer loop
      vertex 7.1891 -1.26763 2
      vertex 7.05126 -1.88938 0
      vertex 7.05126 -1.88938 2
    endloop
  endfacet
  facet normal -0.130519 0.991446 0
    outer loop
      vertex 1.26763 -7.1891 0
      vertex 0.636236 -7.27222 2
      vertex 1.26763 -7.1891 2
    endloop
  endfacet
  facet normal -0.130519 0.991446 0
    outer loop
      vertex 0.636236 -7.27222 2
      vertex 1.26763 -7.1891 0
      vertex 0.636236 -7.27222 0
    endloop
  endfacet
  facet normal -0.216442 0.976296 0
    outer loop
      vertex 1.88938 -7.05126 0
      vertex 1.26763 -7.1891 2
      vertex 1.88938 -7.05126 2
    endloop
  endfacet
  facet normal -0.216442 0.976296 0
    outer loop
      vertex 1.26763 -7.1891 2
      vertex 1.88938 -7.05126 0
      vertex 1.26763 -7.1891 0
    endloop
  endfacet
  facet normal -0.953718 -0.300701 0
    outer loop
      vertex 7.05126 1.88938 0
      vertex 6.85976 2.49675 2
      vertex 6.85976 2.49675 0
    endloop
  endfacet
  facet normal -0.953718 -0.300701 0
    outer loop
      vertex 6.85976 2.49675 2
      vertex 7.05126 1.88938 0
      vertex 7.05126 1.88938 2
    endloop
  endfacet
  facet normal -0.887013 -0.461745 0
    outer loop
      vertex 6.61605 3.08511 0
      vertex 6.32199 3.65 2
      vertex 6.32199 3.65 0
    endloop
  endfacet
  facet normal -0.887013 -0.461745 0
    outer loop
      vertex 6.32199 3.65 2
      vertex 6.61605 3.08511 0
      vertex 6.61605 3.08511 2
    endloop
  endfacet
  facet normal -0.461745 -0.887013 0
    outer loop
      vertex 3.08511 6.61605 0
      vertex 3.65 6.32199 2
      vertex 3.08511 6.61605 2
    endloop
  endfacet
  facet normal -0.461745 -0.887013 -0
    outer loop
      vertex 3.65 6.32199 2
      vertex 3.08511 6.61605 0
      vertex 3.65 6.32199 0
    endloop
  endfacet
  facet normal -0.382688 -0.923878 0
    outer loop
      vertex 2.49675 6.85976 0
      vertex 3.08511 6.61605 2
      vertex 2.49675 6.85976 2
    endloop
  endfacet
  facet normal -0.382688 -0.923878 -0
    outer loop
      vertex 3.08511 6.61605 2
      vertex 2.49675 6.85976 0
      vertex 3.08511 6.61605 0
    endloop
  endfacet
  facet normal 0.382688 -0.923878 0
    outer loop
      vertex -3.08511 6.61605 0
      vertex -2.49675 6.85976 2
      vertex -3.08511 6.61605 2
    endloop
  endfacet
  facet normal 0.382688 -0.923878 0
    outer loop
      vertex -2.49675 6.85976 2
      vertex -3.08511 6.61605 0
      vertex -2.49675 6.85976 0
    endloop
  endfacet
  facet normal -0.991446 0.130519 0
    outer loop
      vertex 7.1891 -1.26763 0
      vertex 7.27222 -0.636236 2
      vertex 7.27222 -0.636236 0
    endloop
  endfacet
  facet normal -0.991446 0.130519 0
    outer loop
      vertex 7.27222 -0.636236 2
      vertex 7.1891 -1.26763 0
      vertex 7.1891 -1.26763 2
    endloop
  endfacet
  facet normal -0.887013 0.461745 0
    outer loop
      vertex 6.32199 -3.65 0
      vertex 6.61605 -3.08511 2
      vertex 6.61605 -3.08511 0
    endloop
  endfacet
  facet normal -0.887013 0.461745 0
    outer loop
      vertex 6.61605 -3.08511 2
      vertex 6.32199 -3.65 0
      vertex 6.32199 -3.65 2
    endloop
  endfacet
  facet normal -0.953718 0.300701 0
    outer loop
      vertex 6.85976 -2.49675 0
      vertex 7.05126 -1.88938 2
      vertex 7.05126 -1.88938 0
    endloop
  endfacet
  facet normal -0.953718 0.300701 0
    outer loop
      vertex 7.05126 -1.88938 2
      vertex 6.85976 -2.49675 0
      vertex 6.85976 -2.49675 2
    endloop
  endfacet
  facet normal -0.793349 0.608767 0
    outer loop
      vertex 5.59212 -4.69235 0
      vertex 5.97981 -4.18711 2
      vertex 5.97981 -4.18711 0
    endloop
  endfacet
  facet normal -0.793349 0.608767 0
    outer loop
      vertex 5.97981 -4.18711 2
      vertex 5.59212 -4.69235 0
      vertex 5.59212 -4.69235 2
    endloop
  endfacet
  facet normal -0.843389 0.537303 0
    outer loop
      vertex 5.97981 -4.18711 0
      vertex 6.32199 -3.65 2
      vertex 6.32199 -3.65 0
    endloop
  endfacet
  facet normal -0.843389 0.537303 0
    outer loop
      vertex 6.32199 -3.65 2
      vertex 5.97981 -4.18711 0
      vertex 5.97981 -4.18711 2
    endloop
  endfacet
  facet normal 0.0436215 0.999048 -0
    outer loop
      vertex 0 -7.3 0
      vertex -0.636236 -7.27222 2
      vertex 0 -7.3 2
    endloop
  endfacet
  facet normal 0.0436215 0.999048 0
    outer loop
      vertex -0.636236 -7.27222 2
      vertex 0 -7.3 0
      vertex -0.636236 -7.27222 0
    endloop
  endfacet
  facet normal 0.999048 0.0436215 0
    outer loop
      vertex -7.27222 -0.636236 2
      vertex -7.3 0 0
      vertex -7.3 0 2
    endloop
  endfacet
  facet normal 0.999048 0.0436215 0
    outer loop
      vertex -7.3 0 0
      vertex -7.27222 -0.636236 2
      vertex -7.27222 -0.636236 0
    endloop
  endfacet
  facet normal -0.382688 0.923878 0
    outer loop
      vertex 3.08511 -6.61605 0
      vertex 2.49675 -6.85976 2
      vertex 3.08511 -6.61605 2
    endloop
  endfacet
  facet normal -0.382688 0.923878 0
    outer loop
      vertex 2.49675 -6.85976 2
      vertex 3.08511 -6.61605 0
      vertex 2.49675 -6.85976 0
    endloop
  endfacet
  facet normal -0.300701 0.953718 0
    outer loop
      vertex 2.49675 -6.85976 0
      vertex 1.88938 -7.05126 2
      vertex 2.49675 -6.85976 2
    endloop
  endfacet
  facet normal -0.300701 0.953718 0
    outer loop
      vertex 1.88938 -7.05126 2
      vertex 2.49675 -6.85976 0
      vertex 1.88938 -7.05126 0
    endloop
  endfacet
  facet normal -0.461745 0.887013 0
    outer loop
      vertex 3.65 -6.32199 0
      vertex 3.08511 -6.61605 2
      vertex 3.65 -6.32199 2
    endloop
  endfacet
  facet normal -0.461745 0.887013 0
    outer loop
      vertex 3.08511 -6.61605 2
      vertex 3.65 -6.32199 0
      vertex 3.08511 -6.61605 0
    endloop
  endfacet
  facet normal -0.923878 -0.382688 0
    outer loop
      vertex 6.85976 2.49675 0
      vertex 6.61605 3.08511 2
      vertex 6.61605 3.08511 0
    endloop
  endfacet
  facet normal -0.923878 -0.382688 0
    outer loop
      vertex 6.61605 3.08511 2
      vertex 6.85976 2.49675 0
      vertex 6.85976 2.49675 2
    endloop
  endfacet
  facet normal -0.976296 -0.216442 0
    outer loop
      vertex 7.1891 1.26763 0
      vertex 7.05126 1.88938 2
      vertex 7.05126 1.88938 0
    endloop
  endfacet
  facet normal -0.976296 -0.216442 0
    outer loop
      vertex 7.05126 1.88938 2
      vertex 7.1891 1.26763 0
      vertex 7.1891 1.26763 2
    endloop
  endfacet
  facet normal -0.675586 0.737281 0
    outer loop
      vertex 5.16188 -5.16188 0
      vertex 4.69235 -5.59212 2
      vertex 5.16188 -5.16188 2
    endloop
  endfacet
  facet normal -0.675586 0.737281 0
    outer loop
      vertex 4.69235 -5.59212 2
      vertex 5.16188 -5.16188 0
      vertex 4.69235 -5.59212 0
    endloop
  endfacet
  facet normal 0.461745 0.887013 -0
    outer loop
      vertex -3.08511 -6.61605 0
      vertex -3.65 -6.32199 2
      vertex -3.08511 -6.61605 2
    endloop
  endfacet
  facet normal 0.461745 0.887013 0
    outer loop
      vertex -3.65 -6.32199 2
      vertex -3.08511 -6.61605 0
      vertex -3.65 -6.32199 0
    endloop
  endfacet
  facet normal -0.0436215 0.999048 0
    outer loop
      vertex 0.636236 -7.27222 0
      vertex 0 -7.3 2
      vertex 0.636236 -7.27222 2
    endloop
  endfacet
  facet normal -0.0436215 0.999048 0
    outer loop
      vertex 0 -7.3 2
      vertex 0.636236 -7.27222 0
      vertex 0 -7.3 0
    endloop
  endfacet
  facet normal 0.976296 0.216442 0
    outer loop
      vertex -7.05126 -1.88938 2
      vertex -7.1891 -1.26763 0
      vertex -7.1891 -1.26763 2
    endloop
  endfacet
  facet normal 0.976296 0.216442 0
    outer loop
      vertex -7.1891 -1.26763 0
      vertex -7.05126 -1.88938 2
      vertex -7.05126 -1.88938 0
    endloop
  endfacet
  facet normal 0.991446 0.130519 0
    outer loop
      vertex -7.1891 -1.26763 2
      vertex -7.27222 -0.636236 0
      vertex -7.27222 -0.636236 2
    endloop
  endfacet
  facet normal 0.991446 0.130519 0
    outer loop
      vertex -7.27222 -0.636236 0
      vertex -7.1891 -1.26763 2
      vertex -7.1891 -1.26763 0
    endloop
  endfacet
  facet normal 0.887013 0.461745 0
    outer loop
      vertex -6.32199 -3.65 2
      vertex -6.61605 -3.08511 0
      vertex -6.61605 -3.08511 2
    endloop
  endfacet
  facet normal 0.887013 0.461745 0
    outer loop
      vertex -6.61605 -3.08511 0
      vertex -6.32199 -3.65 2
      vertex -6.32199 -3.65 0
    endloop
  endfacet
  facet normal 0.953718 0.300701 0
    outer loop
      vertex -6.85976 -2.49675 2
      vertex -7.05126 -1.88938 0
      vertex -7.05126 -1.88938 2
    endloop
  endfacet
  facet normal 0.953718 0.300701 0
    outer loop
      vertex -7.05126 -1.88938 0
      vertex -6.85976 -2.49675 2
      vertex -6.85976 -2.49675 0
    endloop
  endfacet
  facet normal 0.923878 0.382688 0
    outer loop
      vertex -6.61605 -3.08511 2
      vertex -6.85976 -2.49675 0
      vertex -6.85976 -2.49675 2
    endloop
  endfacet
  facet normal 0.923878 0.382688 0
    outer loop
      vertex -6.85976 -2.49675 0
      vertex -6.61605 -3.08511 2
      vertex -6.61605 -3.08511 0
    endloop
  endfacet
  facet normal -0.923878 0.382688 0
    outer loop
      vertex 6.61605 -3.08511 0
      vertex 6.85976 -2.49675 2
      vertex 6.85976 -2.49675 0
    endloop
  endfacet
  facet normal -0.923878 0.382688 0
    outer loop
      vertex 6.85976 -2.49675 2
      vertex 6.61605 -3.08511 0
      vertex 6.61605 -3.08511 2
    endloop
  endfacet
  facet normal -0.737281 0.675586 0
    outer loop
      vertex 5.16188 -5.16188 0
      vertex 5.59212 -4.69235 2
      vertex 5.59212 -4.69235 0
    endloop
  endfacet
  facet normal -0.737281 0.675586 0
    outer loop
      vertex 5.59212 -4.69235 2
      vertex 5.16188 -5.16188 0
      vertex 5.16188 -5.16188 2
    endloop
  endfacet
  facet normal -0.608767 0.793349 0
    outer loop
      vertex 4.69235 -5.59212 0
      vertex 4.18711 -5.97981 2
      vertex 4.69235 -5.59212 2
    endloop
  endfacet
  facet normal -0.608767 0.793349 0
    outer loop
      vertex 4.18711 -5.97981 2
      vertex 4.69235 -5.59212 0
      vertex 4.18711 -5.97981 0
    endloop
  endfacet
  facet normal 0.608767 0.793349 -0
    outer loop
      vertex -4.18711 -5.97981 0
      vertex -4.69235 -5.59212 2
      vertex -4.18711 -5.97981 2
    endloop
  endfacet
  facet normal 0.608767 0.793349 0
    outer loop
      vertex -4.69235 -5.59212 2
      vertex -4.18711 -5.97981 0
      vertex -4.69235 -5.59212 0
    endloop
  endfacet
  facet normal 0.216442 0.976296 -0
    outer loop
      vertex -1.26763 -7.1891 0
      vertex -1.88938 -7.05126 2
      vertex -1.26763 -7.1891 2
    endloop
  endfacet
  facet normal 0.216442 0.976296 0
    outer loop
      vertex -1.88938 -7.05126 2
      vertex -1.26763 -7.1891 0
      vertex -1.88938 -7.05126 0
    endloop
  endfacet
  facet normal 0.130519 0.991446 -0
    outer loop
      vertex -0.636236 -7.27222 0
      vertex -1.26763 -7.1891 2
      vertex -0.636236 -7.27222 2
    endloop
  endfacet
  facet normal 0.130519 0.991446 0
    outer loop
      vertex -1.26763 -7.1891 2
      vertex -0.636236 -7.27222 0
      vertex -1.26763 -7.1891 0
    endloop
  endfacet
  facet normal 0.843389 0.537303 0
    outer loop
      vertex -5.97981 -4.18711 2
      vertex -6.32199 -3.65 0
      vertex -6.32199 -3.65 2
    endloop
  endfacet
  facet normal 0.843389 0.537303 0
    outer loop
      vertex -6.32199 -3.65 0
      vertex -5.97981 -4.18711 2
      vertex -5.97981 -4.18711 0
    endloop
  endfacet
  facet normal 0.737281 0.675586 0
    outer loop
      vertex -5.16188 -5.16188 2
      vertex -5.59212 -4.69235 0
      vertex -5.59212 -4.69235 2
    endloop
  endfacet
  facet normal 0.737281 0.675586 0
    outer loop
      vertex -5.59212 -4.69235 0
      vertex -5.16188 -5.16188 2
      vertex -5.16188 -5.16188 0
    endloop
  endfacet
  facet normal 0.793349 0.608767 0
    outer loop
      vertex -5.59212 -4.69235 2
      vertex -5.97981 -4.18711 0
      vertex -5.97981 -4.18711 2
    endloop
  endfacet
  facet normal 0.793349 0.608767 0
    outer loop
      vertex -5.97981 -4.18711 0
      vertex -5.59212 -4.69235 2
      vertex -5.59212 -4.69235 0
    endloop
  endfacet
  facet normal 0.675586 0.737281 -0
    outer loop
      vertex -4.69235 -5.59212 0
      vertex -5.16188 -5.16188 2
      vertex -4.69235 -5.59212 2
    endloop
  endfacet
  facet normal 0.675586 0.737281 0
    outer loop
      vertex -5.16188 -5.16188 2
      vertex -4.69235 -5.59212 0
      vertex -5.16188 -5.16188 0
    endloop
  endfacet
  facet normal 0.537303 0.843389 -0
    outer loop
      vertex -3.65 -6.32199 0
      vertex -4.18711 -5.97981 2
      vertex -3.65 -6.32199 2
    endloop
  endfacet
  facet normal 0.537303 0.843389 0
    outer loop
      vertex -4.18711 -5.97981 2
      vertex -3.65 -6.32199 0
      vertex -4.18711 -5.97981 0
    endloop
  endfacet
  facet normal 0.300701 0.953718 -0
    outer loop
      vertex -1.88938 -7.05126 0
      vertex -2.49675 -6.85976 2
      vertex -1.88938 -7.05126 2
    endloop
  endfacet
  facet normal 0.300701 0.953718 0
    outer loop
      vertex -2.49675 -6.85976 2
      vertex -1.88938 -7.05126 0
      vertex -2.49675 -6.85976 0
    endloop
  endfacet
  facet normal 0.382688 0.923878 -0
    outer loop
      vertex -2.49675 -6.85976 0
      vertex -3.08511 -6.61605 2
      vertex -2.49675 -6.85976 2
    endloop
  endfacet
  facet normal 0.382688 0.923878 0
    outer loop
      vertex -3.08511 -6.61605 2
      vertex -2.49675 -6.85976 0
      vertex -3.08511 -6.61605 0
    endloop
  endfacet
endsolid OpenSCAD_Model
