solid OpenSCAD_Model
  facet normal -0.99904 -0.0438175 0
    outer loop
      vertex -10.3 -12 0
      vertex -10.3065 -11.8518 5
      vertex -10.3065 -11.8518 0
    endloop
  endfacet
  facet normal -0.99904 -0.0438175 0
    outer loop
      vertex -10.3065 -11.8518 5
      vertex -10.3 -12 0
      vertex -10.3 -12 5
    endloop
  endfacet
  facet normal 0.99904 -0.0438175 0
    outer loop
      vertex -13.7 -12 5
      vertex -13.6935 -11.8518 0
      vertex -13.6935 -11.8518 5
    endloop
  endfacet
  facet normal 0.99904 -0.0438175 0
    outer loop
      vertex -13.6935 -11.8518 0
      vertex -13.7 -12 5
      vertex -13.7 -12 0
    endloop
  endfacet
  facet normal -0.0438175 -0.99904 0
    outer loop
      vertex -12 -10.3 0
      vertex -11.8518 -10.3065 5
      vertex -12 -10.3 5
    endloop
  endfacet
  facet normal -0.0438175 -0.99904 -0
    outer loop
      vertex -11.8518 -10.3065 5
      vertex -12 -10.3 0
      vertex -11.8518 -10.3065 0
    endloop
  endfacet
  facet normal -0.737434 -0.675419 0
    outer loop
      vertex -10.6977 -10.9073 0
      vertex -10.7979 -10.7979 5
      vertex -10.7979 -10.7979 0
    endloop
  endfacet
  facet normal -0.737434 -0.675419 0
    outer loop
      vertex -10.7979 -10.7979 5
      vertex -10.6977 -10.9073 0
      vertex -10.6977 -10.9073 5
    endloop
  endfacet
  facet normal 0.675419 -0.737434 0
    outer loop
      vertex -13.2021 -10.7979 0
      vertex -13.0927 -10.6977 5
      vertex -13.2021 -10.7979 5
    endloop
  endfacet
  facet normal 0.675419 -0.737434 0
    outer loop
      vertex -13.0927 -10.6977 5
      vertex -13.2021 -10.7979 0
      vertex -13.0927 -10.6977 0
    endloop
  endfacet
  facet normal 0.382749 -0.923853 0
    outer loop
      vertex -12.7185 -10.4593 0
      vertex -12.5814 -10.4025 5
      vertex -12.7185 -10.4593 5
    endloop
  endfacet
  facet normal 0.382749 -0.923853 0
    outer loop
      vertex -12.5814 -10.4025 5
      vertex -12.7185 -10.4593 0
      vertex -12.5814 -10.4025 0
    endloop
  endfacet
  facet normal -0.923853 -0.382749 0
    outer loop
      vertex -10.4025 -11.4186 0
      vertex -10.4593 -11.2815 5
      vertex -10.4593 -11.2815 0
    endloop
  endfacet
  facet normal -0.923853 -0.382749 0
    outer loop
      vertex -10.4593 -11.2815 5
      vertex -10.4025 -11.4186 0
      vertex -10.4025 -11.4186 5
    endloop
  endfacet
  facet normal -0.46199 -0.886885 0
    outer loop
      vertex -11.2815 -10.4593 0
      vertex -11.15 -10.5278 5
      vertex -11.2815 -10.4593 5
    endloop
  endfacet
  facet normal -0.46199 -0.886885 -0
    outer loop
      vertex -11.15 -10.5278 5
      vertex -11.2815 -10.4593 0
      vertex -11.15 -10.5278 0
    endloop
  endfacet
  facet normal -0.609026 -0.79315 0
    outer loop
      vertex -11.0249 -10.6074 0
      vertex -10.9073 -10.6977 5
      vertex -11.0249 -10.6074 5
    endloop
  endfacet
  facet normal -0.609026 -0.79315 -0
    outer loop
      vertex -10.9073 -10.6977 5
      vertex -11.0249 -10.6074 0
      vertex -10.9073 -10.6977 0
    endloop
  endfacet
  facet normal 0.886885 -0.46199 0
    outer loop
      vertex -13.5407 -11.2815 5
      vertex -13.4722 -11.15 0
      vertex -13.4722 -11.15 5
    endloop
  endfacet
  facet normal 0.886885 -0.46199 0
    outer loop
      vertex -13.4722 -11.15 0
      vertex -13.5407 -11.2815 5
      vertex -13.5407 -11.2815 0
    endloop
  endfacet
  facet normal 0.216431 -0.976298 0
    outer loop
      vertex -12.44 -10.3579 0
      vertex -12.2952 -10.3258 5
      vertex -12.44 -10.3579 5
    endloop
  endfacet
  facet normal 0.216431 -0.976298 0
    outer loop
      vertex -12.2952 -10.3258 5
      vertex -12.44 -10.3579 0
      vertex -12.2952 -10.3258 0
    endloop
  endfacet
  facet normal -0.976298 0.216431 0
    outer loop
      vertex -10.3579 -12.44 0
      vertex -10.3258 -12.2952 5
      vertex -10.3258 -12.2952 0
    endloop
  endfacet
  facet normal -0.976298 0.216431 0
    outer loop
      vertex -10.3258 -12.2952 5
      vertex -10.3579 -12.44 0
      vertex -10.3579 -12.44 5
    endloop
  endfacet
  facet normal -0.976298 -0.216431 0
    outer loop
      vertex -10.3258 -11.7048 0
      vertex -10.3579 -11.56 5
      vertex -10.3579 -11.56 0
    endloop
  endfacet
  facet normal -0.976298 -0.216431 0
    outer loop
      vertex -10.3579 -11.56 5
      vertex -10.3258 -11.7048 0
      vertex -10.3258 -11.7048 5
    endloop
  endfacet
  facet normal -0.991491 -0.130175 0
    outer loop
      vertex -10.3065 -11.8518 0
      vertex -10.3258 -11.7048 5
      vertex -10.3258 -11.7048 0
    endloop
  endfacet
  facet normal -0.991491 -0.130175 0
    outer loop
      vertex -10.3258 -11.7048 5
      vertex -10.3065 -11.8518 0
      vertex -10.3065 -11.8518 5
    endloop
  endfacet
  facet normal -0.953685 -0.300809 0
    outer loop
      vertex -10.3579 -11.56 0
      vertex -10.4025 -11.4186 5
      vertex -10.4025 -11.4186 0
    endloop
  endfacet
  facet normal -0.953685 -0.300809 0
    outer loop
      vertex -10.4025 -11.4186 5
      vertex -10.3579 -11.56 0
      vertex -10.3579 -11.56 5
    endloop
  endfacet
  facet normal -0.843689 -0.536832 0
    outer loop
      vertex -10.5278 -11.15 0
      vertex -10.6074 -11.0249 5
      vertex -10.6074 -11.0249 0
    endloop
  endfacet
  facet normal -0.843689 -0.536832 0
    outer loop
      vertex -10.6074 -11.0249 5
      vertex -10.5278 -11.15 0
      vertex -10.5278 -11.15 5
    endloop
  endfacet
  facet normal -0.79315 -0.609026 0
    outer loop
      vertex -10.6074 -11.0249 0
      vertex -10.6977 -10.9073 5
      vertex -10.6977 -10.9073 0
    endloop
  endfacet
  facet normal -0.79315 -0.609026 0
    outer loop
      vertex -10.6977 -10.9073 5
      vertex -10.6074 -11.0249 0
      vertex -10.6074 -11.0249 5
    endloop
  endfacet
  facet normal -0.886885 -0.46199 0
    outer loop
      vertex -10.4593 -11.2815 0
      vertex -10.5278 -11.15 5
      vertex -10.5278 -11.15 0
    endloop
  endfacet
  facet normal -0.886885 -0.46199 0
    outer loop
      vertex -10.5278 -11.15 5
      vertex -10.4593 -11.2815 0
      vertex -10.4593 -11.2815 5
    endloop
  endfacet
  facet normal -0.300809 -0.953685 0
    outer loop
      vertex -11.56 -10.3579 0
      vertex -11.4186 -10.4025 5
      vertex -11.56 -10.3579 5
    endloop
  endfacet
  facet normal -0.300809 -0.953685 -0
    outer loop
      vertex -11.4186 -10.4025 5
      vertex -11.56 -10.3579 0
      vertex -11.4186 -10.4025 0
    endloop
  endfacet
  facet normal -0.382749 -0.923853 0
    outer loop
      vertex -11.4186 -10.4025 0
      vertex -11.2815 -10.4593 5
      vertex -11.4186 -10.4025 5
    endloop
  endfacet
  facet normal -0.382749 -0.923853 -0
    outer loop
      vertex -11.2815 -10.4593 5
      vertex -11.4186 -10.4025 0
      vertex -11.2815 -10.4593 0
    endloop
  endfacet
  facet normal -0.216431 -0.976298 0
    outer loop
      vertex -11.7048 -10.3258 0
      vertex -11.56 -10.3579 5
      vertex -11.7048 -10.3258 5
    endloop
  endfacet
  facet normal -0.216431 -0.976298 -0
    outer loop
      vertex -11.56 -10.3579 5
      vertex -11.7048 -10.3258 0
      vertex -11.56 -10.3579 0
    endloop
  endfacet
  facet normal -0.536832 -0.843689 0
    outer loop
      vertex -11.15 -10.5278 0
      vertex -11.0249 -10.6074 5
      vertex -11.15 -10.5278 5
    endloop
  endfacet
  facet normal -0.536832 -0.843689 -0
    outer loop
      vertex -11.0249 -10.6074 5
      vertex -11.15 -10.5278 0
      vertex -11.0249 -10.6074 0
    endloop
  endfacet
  facet normal -0.675419 -0.737434 0
    outer loop
      vertex -10.9073 -10.6977 0
      vertex -10.7979 -10.7979 5
      vertex -10.9073 -10.6977 5
    endloop
  endfacet
  facet normal -0.675419 -0.737434 -0
    outer loop
      vertex -10.7979 -10.7979 5
      vertex -10.9073 -10.6977 0
      vertex -10.7979 -10.7979 0
    endloop
  endfacet
  facet normal 0.953685 -0.300809 0
    outer loop
      vertex -13.6421 -11.56 5
      vertex -13.5975 -11.4186 0
      vertex -13.5975 -11.4186 5
    endloop
  endfacet
  facet normal 0.953685 -0.300809 0
    outer loop
      vertex -13.5975 -11.4186 0
      vertex -13.6421 -11.56 5
      vertex -13.6421 -11.56 0
    endloop
  endfacet
  facet normal 0.79315 -0.609026 0
    outer loop
      vertex -13.3926 -11.0249 5
      vertex -13.3023 -10.9073 0
      vertex -13.3023 -10.9073 5
    endloop
  endfacet
  facet normal 0.79315 -0.609026 0
    outer loop
      vertex -13.3023 -10.9073 0
      vertex -13.3926 -11.0249 5
      vertex -13.3926 -11.0249 0
    endloop
  endfacet
  facet normal 0.737434 -0.675419 0
    outer loop
      vertex -13.3023 -10.9073 5
      vertex -13.2021 -10.7979 0
      vertex -13.2021 -10.7979 5
    endloop
  endfacet
  facet normal 0.737434 -0.675419 0
    outer loop
      vertex -13.2021 -10.7979 0
      vertex -13.3023 -10.9073 5
      vertex -13.3023 -10.9073 0
    endloop
  endfacet
  facet normal 0.843689 -0.536832 0
    outer loop
      vertex -13.4722 -11.15 5
      vertex -13.3926 -11.0249 0
      vertex -13.3926 -11.0249 5
    endloop
  endfacet
  facet normal 0.843689 -0.536832 0
    outer loop
      vertex -13.3926 -11.0249 0
      vertex -13.4722 -11.15 5
      vertex -13.4722 -11.15 0
    endloop
  endfacet
  facet normal 0.923853 -0.382749 0
    outer loop
      vertex -13.5975 -11.4186 5
      vertex -13.5407 -11.2815 0
      vertex -13.5407 -11.2815 5
    endloop
  endfacet
  facet normal 0.923853 -0.382749 0
    outer loop
      vertex -13.5407 -11.2815 0
      vertex -13.5975 -11.4186 5
      vertex -13.5975 -11.4186 0
    endloop
  endfacet
  facet normal 0.976298 -0.216431 0
    outer loop
      vertex -13.6742 -11.7048 5
      vertex -13.6421 -11.56 0
      vertex -13.6421 -11.56 5
    endloop
  endfacet
  facet normal 0.976298 -0.216431 0
    outer loop
      vertex -13.6421 -11.56 0
      vertex -13.6742 -11.7048 5
      vertex -13.6742 -11.7048 0
    endloop
  endfacet
  facet normal 0.536832 -0.843689 0
    outer loop
      vertex -12.9751 -10.6074 0
      vertex -12.85 -10.5278 5
      vertex -12.9751 -10.6074 5
    endloop
  endfacet
  facet normal 0.536832 -0.843689 0
    outer loop
      vertex -12.85 -10.5278 5
      vertex -12.9751 -10.6074 0
      vertex -12.85 -10.5278 0
    endloop
  endfacet
  facet normal 0.46199 -0.886885 0
    outer loop
      vertex -12.85 -10.5278 0
      vertex -12.7185 -10.4593 5
      vertex -12.85 -10.5278 5
    endloop
  endfacet
  facet normal 0.46199 -0.886885 0
    outer loop
      vertex -12.7185 -10.4593 5
      vertex -12.85 -10.5278 0
      vertex -12.7185 -10.4593 0
    endloop
  endfacet
  facet normal 0.609026 -0.79315 0
    outer loop
      vertex -13.0927 -10.6977 0
      vertex -12.9751 -10.6074 5
      vertex -13.0927 -10.6977 5
    endloop
  endfacet
  facet normal 0.609026 -0.79315 0
    outer loop
      vertex -12.9751 -10.6074 5
      vertex -13.0927 -10.6977 0
      vertex -12.9751 -10.6074 0
    endloop
  endfacet
  facet normal 0.300809 -0.953685 0
    outer loop
      vertex -12.5814 -10.4025 0
      vertex -12.44 -10.3579 5
      vertex -12.5814 -10.4025 5
    endloop
  endfacet
  facet normal 0.300809 -0.953685 0
    outer loop
      vertex -12.44 -10.3579 5
      vertex -12.5814 -10.4025 0
      vertex -12.44 -10.3579 0
    endloop
  endfacet
  facet normal 0.130175 -0.991491 0
    outer loop
      vertex -12.2952 -10.3258 0
      vertex -12.1482 -10.3065 5
      vertex -12.2952 -10.3258 5
    endloop
  endfacet
  facet normal 0.130175 -0.991491 0
    outer loop
      vertex -12.1482 -10.3065 5
      vertex -12.2952 -10.3258 0
      vertex -12.1482 -10.3065 0
    endloop
  endfacet
  facet normal -0.99904 0.0438175 0
    outer loop
      vertex -10.3065 -12.1482 0
      vertex -10.3 -12 5
      vertex -10.3 -12 0
    endloop
  endfacet
  facet normal -0.99904 0.0438175 0
    outer loop
      vertex -10.3 -12 5
      vertex -10.3065 -12.1482 0
      vertex -10.3065 -12.1482 5
    endloop
  endfacet
  facet normal -0.300809 0.953685 0
    outer loop
      vertex -11.4186 -13.5975 0
      vertex -11.56 -13.6421 5
      vertex -11.4186 -13.5975 5
    endloop
  endfacet
  facet normal -0.300809 0.953685 0
    outer loop
      vertex -11.56 -13.6421 5
      vertex -11.4186 -13.5975 0
      vertex -11.56 -13.6421 0
    endloop
  endfacet
  facet normal -0.46199 0.886885 0
    outer loop
      vertex -11.15 -13.4722 0
      vertex -11.2815 -13.5407 5
      vertex -11.15 -13.4722 5
    endloop
  endfacet
  facet normal -0.46199 0.886885 0
    outer loop
      vertex -11.2815 -13.5407 5
      vertex -11.15 -13.4722 0
      vertex -11.2815 -13.5407 0
    endloop
  endfacet
  facet normal -0.79315 0.609026 0
    outer loop
      vertex -10.6977 -13.0927 0
      vertex -10.6074 -12.9751 5
      vertex -10.6074 -12.9751 0
    endloop
  endfacet
  facet normal -0.79315 0.609026 0
    outer loop
      vertex -10.6074 -12.9751 5
      vertex -10.6977 -13.0927 0
      vertex -10.6977 -13.0927 5
    endloop
  endfacet
  facet normal 0.675419 0.737434 -0
    outer loop
      vertex -13.0927 -13.3023 0
      vertex -13.2021 -13.2021 5
      vertex -13.0927 -13.3023 5
    endloop
  endfacet
  facet normal 0.675419 0.737434 0
    outer loop
      vertex -13.2021 -13.2021 5
      vertex -13.0927 -13.3023 0
      vertex -13.2021 -13.2021 0
    endloop
  endfacet
  facet normal 0.536832 0.843689 -0
    outer loop
      vertex -12.85 -13.4722 0
      vertex -12.9751 -13.3926 5
      vertex -12.85 -13.4722 5
    endloop
  endfacet
  facet normal 0.536832 0.843689 0
    outer loop
      vertex -12.9751 -13.3926 5
      vertex -12.85 -13.4722 0
      vertex -12.9751 -13.3926 0
    endloop
  endfacet
  facet normal 0.382749 0.923853 -0
    outer loop
      vertex -12.5814 -13.5975 0
      vertex -12.7185 -13.5407 5
      vertex -12.5814 -13.5975 5
    endloop
  endfacet
  facet normal 0.382749 0.923853 0
    outer loop
      vertex -12.7185 -13.5407 5
      vertex -12.5814 -13.5975 0
      vertex -12.7185 -13.5407 0
    endloop
  endfacet
  facet normal 0.216431 0.976298 -0
    outer loop
      vertex -12.2952 -13.6742 0
      vertex -12.44 -13.6421 5
      vertex -12.2952 -13.6742 5
    endloop
  endfacet
  facet normal 0.216431 0.976298 0
    outer loop
      vertex -12.44 -13.6421 5
      vertex -12.2952 -13.6742 0
      vertex -12.44 -13.6421 0
    endloop
  endfacet
  facet normal 0.886885 0.46199 0
    outer loop
      vertex -13.4722 -12.85 5
      vertex -13.5407 -12.7185 0
      vertex -13.5407 -12.7185 5
    endloop
  endfacet
  facet normal 0.886885 0.46199 0
    outer loop
      vertex -13.5407 -12.7185 0
      vertex -13.4722 -12.85 5
      vertex -13.4722 -12.85 0
    endloop
  endfacet
  facet normal 0.79315 0.609026 0
    outer loop
      vertex -13.3023 -13.0927 5
      vertex -13.3926 -12.9751 0
      vertex -13.3926 -12.9751 5
    endloop
  endfacet
  facet normal 0.79315 0.609026 0
    outer loop
      vertex -13.3926 -12.9751 0
      vertex -13.3023 -13.0927 5
      vertex -13.3023 -13.0927 0
    endloop
  endfacet
  facet normal 0.953685 0.300809 0
    outer loop
      vertex -13.5975 -12.5814 5
      vertex -13.6421 -12.44 0
      vertex -13.6421 -12.44 5
    endloop
  endfacet
  facet normal 0.953685 0.300809 0
    outer loop
      vertex -13.6421 -12.44 0
      vertex -13.5975 -12.5814 5
      vertex -13.5975 -12.5814 0
    endloop
  endfacet
  facet normal -0.130175 -0.991491 0
    outer loop
      vertex -11.8518 -10.3065 0
      vertex -11.7048 -10.3258 5
      vertex -11.8518 -10.3065 5
    endloop
  endfacet
  facet normal -0.130175 -0.991491 -0
    outer loop
      vertex -11.7048 -10.3258 5
      vertex -11.8518 -10.3065 0
      vertex -11.7048 -10.3258 0
    endloop
  endfacet
  facet normal 0.991491 -0.130175 0
    outer loop
      vertex -13.6935 -11.8518 5
      vertex -13.6742 -11.7048 0
      vertex -13.6742 -11.7048 5
    endloop
  endfacet
  facet normal 0.991491 -0.130175 0
    outer loop
      vertex -13.6742 -11.7048 0
      vertex -13.6935 -11.8518 5
      vertex -13.6935 -11.8518 0
    endloop
  endfacet
  facet normal 0.0438175 -0.99904 0
    outer loop
      vertex -12.1482 -10.3065 0
      vertex -12 -10.3 5
      vertex -12.1482 -10.3065 5
    endloop
  endfacet
  facet normal 0.0438175 -0.99904 0
    outer loop
      vertex -12 -10.3 5
      vertex -12.1482 -10.3065 0
      vertex -12 -10.3 0
    endloop
  endfacet
  facet normal -0.0438175 0.99904 0
    outer loop
      vertex -11.8518 -13.6935 0
      vertex -12 -13.7 5
      vertex -11.8518 -13.6935 5
    endloop
  endfacet
  facet normal -0.0438175 0.99904 0
    outer loop
      vertex -12 -13.7 5
      vertex -11.8518 -13.6935 0
      vertex -12 -13.7 0
    endloop
  endfacet
  facet normal -0.216431 0.976298 0
    outer loop
      vertex -11.56 -13.6421 0
      vertex -11.7048 -13.6742 5
      vertex -11.56 -13.6421 5
    endloop
  endfacet
  facet normal -0.216431 0.976298 0
    outer loop
      vertex -11.7048 -13.6742 5
      vertex -11.56 -13.6421 0
      vertex -11.7048 -13.6742 0
    endloop
  endfacet
  facet normal -0.382749 0.923853 0
    outer loop
      vertex -11.2815 -13.5407 0
      vertex -11.4186 -13.5975 5
      vertex -11.2815 -13.5407 5
    endloop
  endfacet
  facet normal -0.382749 0.923853 0
    outer loop
      vertex -11.4186 -13.5975 5
      vertex -11.2815 -13.5407 0
      vertex -11.4186 -13.5975 0
    endloop
  endfacet
  facet normal -0.609026 0.79315 0
    outer loop
      vertex -10.9073 -13.3023 0
      vertex -11.0249 -13.3926 5
      vertex -10.9073 -13.3023 5
    endloop
  endfacet
  facet normal -0.609026 0.79315 0
    outer loop
      vertex -11.0249 -13.3926 5
      vertex -10.9073 -13.3023 0
      vertex -11.0249 -13.3926 0
    endloop
  endfacet
  facet normal -0.737434 0.675419 0
    outer loop
      vertex -10.7979 -13.2021 0
      vertex -10.6977 -13.0927 5
      vertex -10.6977 -13.0927 0
    endloop
  endfacet
  facet normal -0.737434 0.675419 0
    outer loop
      vertex -10.6977 -13.0927 5
      vertex -10.7979 -13.2021 0
      vertex -10.7979 -13.2021 5
    endloop
  endfacet
  facet normal -0.536832 0.843689 0
    outer loop
      vertex -11.0249 -13.3926 0
      vertex -11.15 -13.4722 5
      vertex -11.0249 -13.3926 5
    endloop
  endfacet
  facet normal -0.536832 0.843689 0
    outer loop
      vertex -11.15 -13.4722 5
      vertex -11.0249 -13.3926 0
      vertex -11.15 -13.4722 0
    endloop
  endfacet
  facet normal 0.609026 0.79315 -0
    outer loop
      vertex -12.9751 -13.3926 0
      vertex -13.0927 -13.3023 5
      vertex -12.9751 -13.3926 5
    endloop
  endfacet
  facet normal 0.609026 0.79315 0
    outer loop
      vertex -13.0927 -13.3023 5
      vertex -12.9751 -13.3926 0
      vertex -13.0927 -13.3023 0
    endloop
  endfacet
  facet normal 0.46199 0.886885 -0
    outer loop
      vertex -12.7185 -13.5407 0
      vertex -12.85 -13.4722 5
      vertex -12.7185 -13.5407 5
    endloop
  endfacet
  facet normal 0.46199 0.886885 0
    outer loop
      vertex -12.85 -13.4722 5
      vertex -12.7185 -13.5407 0
      vertex -12.85 -13.4722 0
    endloop
  endfacet
  facet normal 0.300809 0.953685 -0
    outer loop
      vertex -12.44 -13.6421 0
      vertex -12.5814 -13.5975 5
      vertex -12.44 -13.6421 5
    endloop
  endfacet
  facet normal 0.300809 0.953685 0
    outer loop
      vertex -12.5814 -13.5975 5
      vertex -12.44 -13.6421 0
      vertex -12.5814 -13.5975 0
    endloop
  endfacet
  facet normal 0.130175 0.991491 -0
    outer loop
      vertex -12.1482 -13.6935 0
      vertex -12.2952 -13.6742 5
      vertex -12.1482 -13.6935 5
    endloop
  endfacet
  facet normal 0.130175 0.991491 0
    outer loop
      vertex -12.2952 -13.6742 5
      vertex -12.1482 -13.6935 0
      vertex -12.2952 -13.6742 0
    endloop
  endfacet
  facet normal 0.843689 0.536832 0
    outer loop
      vertex -13.3926 -12.9751 5
      vertex -13.4722 -12.85 0
      vertex -13.4722 -12.85 5
    endloop
  endfacet
  facet normal 0.843689 0.536832 0
    outer loop
      vertex -13.4722 -12.85 0
      vertex -13.3926 -12.9751 5
      vertex -13.3926 -12.9751 0
    endloop
  endfacet
  facet normal 0.737434 0.675419 0
    outer loop
      vertex -13.2021 -13.2021 5
      vertex -13.3023 -13.0927 0
      vertex -13.3023 -13.0927 5
    endloop
  endfacet
  facet normal 0.737434 0.675419 0
    outer loop
      vertex -13.3023 -13.0927 0
      vertex -13.2021 -13.2021 5
      vertex -13.2021 -13.2021 0
    endloop
  endfacet
  facet normal 0.923853 0.382749 0
    outer loop
      vertex -13.5407 -12.7185 5
      vertex -13.5975 -12.5814 0
      vertex -13.5975 -12.5814 5
    endloop
  endfacet
  facet normal 0.923853 0.382749 0
    outer loop
      vertex -13.5975 -12.5814 0
      vertex -13.5407 -12.7185 5
      vertex -13.5407 -12.7185 0
    endloop
  endfacet
  facet normal 0.976298 0.216431 0
    outer loop
      vertex -13.6421 -12.44 5
      vertex -13.6742 -12.2952 0
      vertex -13.6742 -12.2952 5
    endloop
  endfacet
  facet normal 0.976298 0.216431 0
    outer loop
      vertex -13.6742 -12.2952 0
      vertex -13.6421 -12.44 5
      vertex -13.6421 -12.44 0
    endloop
  endfacet
  facet normal 0.99904 0.0438175 0
    outer loop
      vertex -13.6935 -12.1482 5
      vertex -13.7 -12 0
      vertex -13.7 -12 5
    endloop
  endfacet
  facet normal 0.99904 0.0438175 0
    outer loop
      vertex -13.7 -12 0
      vertex -13.6935 -12.1482 5
      vertex -13.6935 -12.1482 0
    endloop
  endfacet
  facet normal -0.843689 0.536832 0
    outer loop
      vertex -10.6074 -12.9751 0
      vertex -10.5278 -12.85 5
      vertex -10.5278 -12.85 0
    endloop
  endfacet
  facet normal -0.843689 0.536832 0
    outer loop
      vertex -10.5278 -12.85 5
      vertex -10.6074 -12.9751 0
      vertex -10.6074 -12.9751 5
    endloop
  endfacet
  facet normal -0.923853 0.382749 0
    outer loop
      vertex -10.4593 -12.7185 0
      vertex -10.4025 -12.5814 5
      vertex -10.4025 -12.5814 0
    endloop
  endfacet
  facet normal -0.923853 0.382749 0
    outer loop
      vertex -10.4025 -12.5814 5
      vertex -10.4593 -12.7185 0
      vertex -10.4593 -12.7185 5
    endloop
  endfacet
  facet normal -0.130175 0.991491 0
    outer loop
      vertex -11.7048 -13.6742 0
      vertex -11.8518 -13.6935 5
      vertex -11.7048 -13.6742 5
    endloop
  endfacet
  facet normal -0.130175 0.991491 0
    outer loop
      vertex -11.8518 -13.6935 5
      vertex -11.7048 -13.6742 0
      vertex -11.8518 -13.6935 0
    endloop
  endfacet
  facet normal -0.675419 0.737434 0
    outer loop
      vertex -10.7979 -13.2021 0
      vertex -10.9073 -13.3023 5
      vertex -10.7979 -13.2021 5
    endloop
  endfacet
  facet normal -0.675419 0.737434 0
    outer loop
      vertex -10.9073 -13.3023 5
      vertex -10.7979 -13.2021 0
      vertex -10.9073 -13.3023 0
    endloop
  endfacet
  facet normal 0.0438175 0.99904 -0
    outer loop
      vertex -12 -13.7 0
      vertex -12.1482 -13.6935 5
      vertex -12 -13.7 5
    endloop
  endfacet
  facet normal 0.0438175 0.99904 0
    outer loop
      vertex -12.1482 -13.6935 5
      vertex -12 -13.7 0
      vertex -12.1482 -13.6935 0
    endloop
  endfacet
  facet normal 0.991491 0.130175 0
    outer loop
      vertex -13.6742 -12.2952 5
      vertex -13.6935 -12.1482 0
      vertex -13.6935 -12.1482 5
    endloop
  endfacet
  facet normal 0.991491 0.130175 0
    outer loop
      vertex -13.6935 -12.1482 0
      vertex -13.6742 -12.2952 5
      vertex -13.6742 -12.2952 0
    endloop
  endfacet
  facet normal -0.991491 0.130175 0
    outer loop
      vertex -10.3258 -12.2952 0
      vertex -10.3065 -12.1482 5
      vertex -10.3065 -12.1482 0
    endloop
  endfacet
  facet normal -0.991491 0.130175 0
    outer loop
      vertex -10.3065 -12.1482 5
      vertex -10.3258 -12.2952 0
      vertex -10.3258 -12.2952 5
    endloop
  endfacet
  facet normal -0.886885 0.46199 0
    outer loop
      vertex -10.5278 -12.85 0
      vertex -10.4593 -12.7185 5
      vertex -10.4593 -12.7185 0
    endloop
  endfacet
  facet normal -0.886885 0.46199 0
    outer loop
      vertex -10.4593 -12.7185 5
      vertex -10.5278 -12.85 0
      vertex -10.5278 -12.85 5
    endloop
  endfacet
  facet normal -0.953685 0.300809 0
    outer loop
      vertex -10.4025 -12.5814 0
      vertex -10.3579 -12.44 5
      vertex -10.3579 -12.44 0
    endloop
  endfacet
  facet normal -0.953685 0.300809 0
    outer loop
      vertex -10.3579 -12.44 5
      vertex -10.4025 -12.5814 0
      vertex -10.4025 -12.5814 5
    endloop
  endfacet
  facet normal -0.99904 -0.0438175 0
    outer loop
      vertex -10.3 12 0
      vertex -10.3065 12.1482 5
      vertex -10.3065 12.1482 0
    endloop
  endfacet
  facet normal -0.99904 -0.0438175 0
    outer loop
      vertex -10.3065 12.1482 5
      vertex -10.3 12 0
      vertex -10.3 12 5
    endloop
  endfacet
  facet normal 0.0438175 -0.99904 0
    outer loop
      vertex -12.1482 13.6935 0
      vertex -12 13.7 5
      vertex -12.1482 13.6935 5
    endloop
  endfacet
  facet normal 0.0438175 -0.99904 0
    outer loop
      vertex -12 13.7 5
      vertex -12.1482 13.6935 0
      vertex -12 13.7 0
    endloop
  endfacet
  facet normal -0.0438175 0.99904 0
    outer loop
      vertex -11.8518 10.3065 0
      vertex -12 10.3 5
      vertex -11.8518 10.3065 5
    endloop
  endfacet
  facet normal -0.0438175 0.99904 0
    outer loop
      vertex -12 10.3 5
      vertex -11.8518 10.3065 0
      vertex -12 10.3 0
    endloop
  endfacet
  facet normal -0.675419 -0.737434 0
    outer loop
      vertex -10.9073 13.3023 0
      vertex -10.7979 13.2021 5
      vertex -10.9073 13.3023 5
    endloop
  endfacet
  facet normal -0.675419 -0.737434 -0
    outer loop
      vertex -10.7979 13.2021 5
      vertex -10.9073 13.3023 0
      vertex -10.7979 13.2021 0
    endloop
  endfacet
  facet normal 0.737434 -0.675419 0
    outer loop
      vertex -13.3023 13.0927 5
      vertex -13.2021 13.2021 0
      vertex -13.2021 13.2021 5
    endloop
  endfacet
  facet normal 0.737434 -0.675419 0
    outer loop
      vertex -13.2021 13.2021 0
      vertex -13.3023 13.0927 5
      vertex -13.3023 13.0927 0
    endloop
  endfacet
  facet normal 0.382749 -0.923853 0
    outer loop
      vertex -12.7185 13.5407 0
      vertex -12.5814 13.5975 5
      vertex -12.7185 13.5407 5
    endloop
  endfacet
  facet normal 0.382749 -0.923853 0
    outer loop
      vertex -12.5814 13.5975 5
      vertex -12.7185 13.5407 0
      vertex -12.5814 13.5975 0
    endloop
  endfacet
  facet normal -0.923853 -0.382749 0
    outer loop
      vertex -10.4025 12.5814 0
      vertex -10.4593 12.7185 5
      vertex -10.4593 12.7185 0
    endloop
  endfacet
  facet normal -0.923853 -0.382749 0
    outer loop
      vertex -10.4593 12.7185 5
      vertex -10.4025 12.5814 0
      vertex -10.4025 12.5814 5
    endloop
  endfacet
  facet normal -0.300809 -0.953685 0
    outer loop
      vertex -11.56 13.6421 0
      vertex -11.4186 13.5975 5
      vertex -11.56 13.6421 5
    endloop
  endfacet
  facet normal -0.300809 -0.953685 -0
    outer loop
      vertex -11.4186 13.5975 5
      vertex -11.56 13.6421 0
      vertex -11.4186 13.5975 0
    endloop
  endfacet
  facet normal -0.536832 -0.843689 0
    outer loop
      vertex -11.15 13.4722 0
      vertex -11.0249 13.3926 5
      vertex -11.15 13.4722 5
    endloop
  endfacet
  facet normal -0.536832 -0.843689 -0
    outer loop
      vertex -11.0249 13.3926 5
      vertex -11.15 13.4722 0
      vertex -11.0249 13.3926 0
    endloop
  endfacet
  facet normal 0.923853 -0.382749 0
    outer loop
      vertex -13.5975 12.5814 5
      vertex -13.5407 12.7185 0
      vertex -13.5407 12.7185 5
    endloop
  endfacet
  facet normal 0.923853 -0.382749 0
    outer loop
      vertex -13.5407 12.7185 0
      vertex -13.5975 12.5814 5
      vertex -13.5975 12.5814 0
    endloop
  endfacet
  facet normal 0.216431 -0.976298 0
    outer loop
      vertex -12.44 13.6421 0
      vertex -12.2952 13.6742 5
      vertex -12.44 13.6421 5
    endloop
  endfacet
  facet normal 0.216431 -0.976298 0
    outer loop
      vertex -12.2952 13.6742 5
      vertex -12.44 13.6421 0
      vertex -12.2952 13.6742 0
    endloop
  endfacet
  facet normal -0.300809 0.953685 0
    outer loop
      vertex -11.4186 10.4025 0
      vertex -11.56 10.3579 5
      vertex -11.4186 10.4025 5
    endloop
  endfacet
  facet normal -0.300809 0.953685 0
    outer loop
      vertex -11.56 10.3579 5
      vertex -11.4186 10.4025 0
      vertex -11.56 10.3579 0
    endloop
  endfacet
  facet normal -0.976298 -0.216431 0
    outer loop
      vertex -10.3258 12.2952 0
      vertex -10.3579 12.44 5
      vertex -10.3579 12.44 0
    endloop
  endfacet
  facet normal -0.976298 -0.216431 0
    outer loop
      vertex -10.3579 12.44 5
      vertex -10.3258 12.2952 0
      vertex -10.3258 12.2952 5
    endloop
  endfacet
  facet normal -0.991491 -0.130175 0
    outer loop
      vertex -10.3065 12.1482 0
      vertex -10.3258 12.2952 5
      vertex -10.3258 12.2952 0
    endloop
  endfacet
  facet normal -0.991491 -0.130175 0
    outer loop
      vertex -10.3258 12.2952 5
      vertex -10.3065 12.1482 0
      vertex -10.3065 12.1482 5
    endloop
  endfacet
  facet normal -0.953685 -0.300809 0
    outer loop
      vertex -10.3579 12.44 0
      vertex -10.4025 12.5814 5
      vertex -10.4025 12.5814 0
    endloop
  endfacet
  facet normal -0.953685 -0.300809 0
    outer loop
      vertex -10.4025 12.5814 5
      vertex -10.3579 12.44 0
      vertex -10.3579 12.44 5
    endloop
  endfacet
  facet normal -0.843689 -0.536832 0
    outer loop
      vertex -10.5278 12.85 0
      vertex -10.6074 12.9751 5
      vertex -10.6074 12.9751 0
    endloop
  endfacet
  facet normal -0.843689 -0.536832 0
    outer loop
      vertex -10.6074 12.9751 5
      vertex -10.5278 12.85 0
      vertex -10.5278 12.85 5
    endloop
  endfacet
  facet normal -0.130175 -0.991491 0
    outer loop
      vertex -11.8518 13.6935 0
      vertex -11.7048 13.6742 5
      vertex -11.8518 13.6935 5
    endloop
  endfacet
  facet normal -0.130175 -0.991491 -0
    outer loop
      vertex -11.7048 13.6742 5
      vertex -11.8518 13.6935 0
      vertex -11.7048 13.6742 0
    endloop
  endfacet
  facet normal -0.216431 -0.976298 0
    outer loop
      vertex -11.7048 13.6742 0
      vertex -11.56 13.6421 5
      vertex -11.7048 13.6742 5
    endloop
  endfacet
  facet normal -0.216431 -0.976298 -0
    outer loop
      vertex -11.56 13.6421 5
      vertex -11.7048 13.6742 0
      vertex -11.56 13.6421 0
    endloop
  endfacet
  facet normal -0.0438175 -0.99904 0
    outer loop
      vertex -12 13.7 0
      vertex -11.8518 13.6935 5
      vertex -12 13.7 5
    endloop
  endfacet
  facet normal -0.0438175 -0.99904 -0
    outer loop
      vertex -11.8518 13.6935 5
      vertex -12 13.7 0
      vertex -11.8518 13.6935 0
    endloop
  endfacet
  facet normal -0.609026 -0.79315 0
    outer loop
      vertex -11.0249 13.3926 0
      vertex -10.9073 13.3023 5
      vertex -11.0249 13.3926 5
    endloop
  endfacet
  facet normal -0.609026 -0.79315 -0
    outer loop
      vertex -10.9073 13.3023 5
      vertex -11.0249 13.3926 0
      vertex -10.9073 13.3023 0
    endloop
  endfacet
  facet normal 0.991491 -0.130175 0
    outer loop
      vertex -13.6935 12.1482 5
      vertex -13.6742 12.2952 0
      vertex -13.6742 12.2952 5
    endloop
  endfacet
  facet normal 0.991491 -0.130175 0
    outer loop
      vertex -13.6742 12.2952 0
      vertex -13.6935 12.1482 5
      vertex -13.6935 12.1482 0
    endloop
  endfacet
  facet normal 0.79315 -0.609026 0
    outer loop
      vertex -13.3926 12.9751 5
      vertex -13.3023 13.0927 0
      vertex -13.3023 13.0927 5
    endloop
  endfacet
  facet normal 0.79315 -0.609026 0
    outer loop
      vertex -13.3023 13.0927 0
      vertex -13.3926 12.9751 5
      vertex -13.3926 12.9751 0
    endloop
  endfacet
  facet normal 0.953685 -0.300809 0
    outer loop
      vertex -13.6421 12.44 5
      vertex -13.5975 12.5814 0
      vertex -13.5975 12.5814 5
    endloop
  endfacet
  facet normal 0.953685 -0.300809 0
    outer loop
      vertex -13.5975 12.5814 0
      vertex -13.6421 12.44 5
      vertex -13.6421 12.44 0
    endloop
  endfacet
  facet normal 0.976298 -0.216431 0
    outer loop
      vertex -13.6742 12.2952 5
      vertex -13.6421 12.44 0
      vertex -13.6421 12.44 5
    endloop
  endfacet
  facet normal 0.976298 -0.216431 0
    outer loop
      vertex -13.6421 12.44 0
      vertex -13.6742 12.2952 5
      vertex -13.6742 12.2952 0
    endloop
  endfacet
  facet normal 0.99904 -0.0438175 0
    outer loop
      vertex -13.7 12 5
      vertex -13.6935 12.1482 0
      vertex -13.6935 12.1482 5
    endloop
  endfacet
  facet normal 0.99904 -0.0438175 0
    outer loop
      vertex -13.6935 12.1482 0
      vertex -13.7 12 5
      vertex -13.7 12 0
    endloop
  endfacet
  facet normal 0.46199 -0.886885 0
    outer loop
      vertex -12.85 13.4722 0
      vertex -12.7185 13.5407 5
      vertex -12.85 13.4722 5
    endloop
  endfacet
  facet normal 0.46199 -0.886885 0
    outer loop
      vertex -12.7185 13.5407 5
      vertex -12.85 13.4722 0
      vertex -12.7185 13.5407 0
    endloop
  endfacet
  facet normal 0.536832 -0.843689 0
    outer loop
      vertex -12.9751 13.3926 0
      vertex -12.85 13.4722 5
      vertex -12.9751 13.3926 5
    endloop
  endfacet
  facet normal 0.536832 -0.843689 0
    outer loop
      vertex -12.85 13.4722 5
      vertex -12.9751 13.3926 0
      vertex -12.85 13.4722 0
    endloop
  endfacet
  facet normal 0.675419 -0.737434 0
    outer loop
      vertex -13.2021 13.2021 0
      vertex -13.0927 13.3023 5
      vertex -13.2021 13.2021 5
    endloop
  endfacet
  facet normal 0.675419 -0.737434 0
    outer loop
      vertex -13.0927 13.3023 5
      vertex -13.2021 13.2021 0
      vertex -13.0927 13.3023 0
    endloop
  endfacet
  facet normal 0.300809 -0.953685 0
    outer loop
      vertex -12.5814 13.5975 0
      vertex -12.44 13.6421 5
      vertex -12.5814 13.5975 5
    endloop
  endfacet
  facet normal 0.300809 -0.953685 0
    outer loop
      vertex -12.44 13.6421 5
      vertex -12.5814 13.5975 0
      vertex -12.44 13.6421 0
    endloop
  endfacet
  facet normal 0.130175 -0.991491 0
    outer loop
      vertex -12.2952 13.6742 0
      vertex -12.1482 13.6935 5
      vertex -12.2952 13.6742 5
    endloop
  endfacet
  facet normal 0.130175 -0.991491 0
    outer loop
      vertex -12.1482 13.6935 5
      vertex -12.2952 13.6742 0
      vertex -12.1482 13.6935 0
    endloop
  endfacet
  facet normal -0.976298 0.216431 0
    outer loop
      vertex -10.3579 11.56 0
      vertex -10.3258 11.7048 5
      vertex -10.3258 11.7048 0
    endloop
  endfacet
  facet normal -0.976298 0.216431 0
    outer loop
      vertex -10.3258 11.7048 5
      vertex -10.3579 11.56 0
      vertex -10.3579 11.56 5
    endloop
  endfacet
  facet normal -0.99904 0.0438175 0
    outer loop
      vertex -10.3065 11.8518 0
      vertex -10.3 12 5
      vertex -10.3 12 0
    endloop
  endfacet
  facet normal -0.99904 0.0438175 0
    outer loop
      vertex -10.3 12 5
      vertex -10.3065 11.8518 0
      vertex -10.3065 11.8518 5
    endloop
  endfacet
  facet normal -0.737434 0.675419 0
    outer loop
      vertex -10.7979 10.7979 0
      vertex -10.6977 10.9073 5
      vertex -10.6977 10.9073 0
    endloop
  endfacet
  facet normal -0.737434 0.675419 0
    outer loop
      vertex -10.6977 10.9073 5
      vertex -10.7979 10.7979 0
      vertex -10.7979 10.7979 5
    endloop
  endfacet
  facet normal -0.843689 0.536832 0
    outer loop
      vertex -10.6074 11.0249 0
      vertex -10.5278 11.15 5
      vertex -10.5278 11.15 0
    endloop
  endfacet
  facet normal -0.843689 0.536832 0
    outer loop
      vertex -10.5278 11.15 5
      vertex -10.6074 11.0249 0
      vertex -10.6074 11.0249 5
    endloop
  endfacet
  facet normal -0.130175 0.991491 0
    outer loop
      vertex -11.7048 10.3258 0
      vertex -11.8518 10.3065 5
      vertex -11.7048 10.3258 5
    endloop
  endfacet
  facet normal -0.130175 0.991491 0
    outer loop
      vertex -11.8518 10.3065 5
      vertex -11.7048 10.3258 0
      vertex -11.8518 10.3065 0
    endloop
  endfacet
  facet normal -0.382749 0.923853 0
    outer loop
      vertex -11.2815 10.4593 0
      vertex -11.4186 10.4025 5
      vertex -11.2815 10.4593 5
    endloop
  endfacet
  facet normal -0.382749 0.923853 0
    outer loop
      vertex -11.4186 10.4025 5
      vertex -11.2815 10.4593 0
      vertex -11.4186 10.4025 0
    endloop
  endfacet
  facet normal -0.737434 -0.675419 0
    outer loop
      vertex -10.6977 13.0927 0
      vertex -10.7979 13.2021 5
      vertex -10.7979 13.2021 0
    endloop
  endfacet
  facet normal -0.737434 -0.675419 0
    outer loop
      vertex -10.7979 13.2021 5
      vertex -10.6977 13.0927 0
      vertex -10.6977 13.0927 5
    endloop
  endfacet
  facet normal -0.886885 -0.46199 0
    outer loop
      vertex -10.4593 12.7185 0
      vertex -10.5278 12.85 5
      vertex -10.5278 12.85 0
    endloop
  endfacet
  facet normal -0.886885 -0.46199 0
    outer loop
      vertex -10.5278 12.85 5
      vertex -10.4593 12.7185 0
      vertex -10.4593 12.7185 5
    endloop
  endfacet
  facet normal -0.382749 -0.923853 0
    outer loop
      vertex -11.4186 13.5975 0
      vertex -11.2815 13.5407 5
      vertex -11.4186 13.5975 5
    endloop
  endfacet
  facet normal -0.382749 -0.923853 -0
    outer loop
      vertex -11.2815 13.5407 5
      vertex -11.4186 13.5975 0
      vertex -11.2815 13.5407 0
    endloop
  endfacet
  facet normal -0.46199 -0.886885 0
    outer loop
      vertex -11.2815 13.5407 0
      vertex -11.15 13.4722 5
      vertex -11.2815 13.5407 5
    endloop
  endfacet
  facet normal -0.46199 -0.886885 -0
    outer loop
      vertex -11.15 13.4722 5
      vertex -11.2815 13.5407 0
      vertex -11.15 13.4722 0
    endloop
  endfacet
  facet normal 0.99904 0.0438175 0
    outer loop
      vertex -13.6935 11.8518 5
      vertex -13.7 12 0
      vertex -13.7 12 5
    endloop
  endfacet
  facet normal 0.99904 0.0438175 0
    outer loop
      vertex -13.7 12 0
      vertex -13.6935 11.8518 5
      vertex -13.6935 11.8518 0
    endloop
  endfacet
  facet normal 0.609026 -0.79315 0
    outer loop
      vertex -13.0927 13.3023 0
      vertex -12.9751 13.3926 5
      vertex -13.0927 13.3023 5
    endloop
  endfacet
  facet normal 0.609026 -0.79315 0
    outer loop
      vertex -12.9751 13.3926 5
      vertex -13.0927 13.3023 0
      vertex -12.9751 13.3926 0
    endloop
  endfacet
  facet normal -0.923853 0.382749 0
    outer loop
      vertex -10.4593 11.2815 0
      vertex -10.4025 11.4186 5
      vertex -10.4025 11.4186 0
    endloop
  endfacet
  facet normal -0.923853 0.382749 0
    outer loop
      vertex -10.4025 11.4186 5
      vertex -10.4593 11.2815 0
      vertex -10.4593 11.2815 5
    endloop
  endfacet
  facet normal -0.79315 0.609026 0
    outer loop
      vertex -10.6977 10.9073 0
      vertex -10.6074 11.0249 5
      vertex -10.6074 11.0249 0
    endloop
  endfacet
  facet normal -0.79315 0.609026 0
    outer loop
      vertex -10.6074 11.0249 5
      vertex -10.6977 10.9073 0
      vertex -10.6977 10.9073 5
    endloop
  endfacet
  facet normal -0.953685 0.300809 0
    outer loop
      vertex -10.4025 11.4186 0
      vertex -10.3579 11.56 5
      vertex -10.3579 11.56 0
    endloop
  endfacet
  facet normal -0.953685 0.300809 0
    outer loop
      vertex -10.3579 11.56 5
      vertex -10.4025 11.4186 0
      vertex -10.4025 11.4186 5
    endloop
  endfacet
  facet normal 0.953685 0.300809 0
    outer loop
      vertex -13.5975 11.4186 5
      vertex -13.6421 11.56 0
      vertex -13.6421 11.56 5
    endloop
  endfacet
  facet normal 0.953685 0.300809 0
    outer loop
      vertex -13.6421 11.56 0
      vertex -13.5975 11.4186 5
      vertex -13.5975 11.4186 0
    endloop
  endfacet
  facet normal -0.79315 -0.609026 0
    outer loop
      vertex -10.6074 12.9751 0
      vertex -10.6977 13.0927 5
      vertex -10.6977 13.0927 0
    endloop
  endfacet
  facet normal -0.79315 -0.609026 0
    outer loop
      vertex -10.6977 13.0927 5
      vertex -10.6074 12.9751 0
      vertex -10.6074 12.9751 5
    endloop
  endfacet
  facet normal 0.886885 -0.46199 0
    outer loop
      vertex -13.5407 12.7185 5
      vertex -13.4722 12.85 0
      vertex -13.4722 12.85 5
    endloop
  endfacet
  facet normal 0.886885 -0.46199 0
    outer loop
      vertex -13.4722 12.85 0
      vertex -13.5407 12.7185 5
      vertex -13.5407 12.7185 0
    endloop
  endfacet
  facet normal 0.843689 -0.536832 0
    outer loop
      vertex -13.4722 12.85 5
      vertex -13.3926 12.9751 0
      vertex -13.3926 12.9751 5
    endloop
  endfacet
  facet normal 0.843689 -0.536832 0
    outer loop
      vertex -13.3926 12.9751 0
      vertex -13.4722 12.85 5
      vertex -13.4722 12.85 0
    endloop
  endfacet
  facet normal -0.991491 0.130175 0
    outer loop
      vertex -10.3258 11.7048 0
      vertex -10.3065 11.8518 5
      vertex -10.3065 11.8518 0
    endloop
  endfacet
  facet normal -0.991491 0.130175 0
    outer loop
      vertex -10.3065 11.8518 5
      vertex -10.3258 11.7048 0
      vertex -10.3258 11.7048 5
    endloop
  endfacet
  facet normal -0.46199 0.886885 0
    outer loop
      vertex -11.15 10.5278 0
      vertex -11.2815 10.4593 5
      vertex -11.15 10.5278 5
    endloop
  endfacet
  facet normal -0.46199 0.886885 0
    outer loop
      vertex -11.2815 10.4593 5
      vertex -11.15 10.5278 0
      vertex -11.2815 10.4593 0
    endloop
  endfacet
  facet normal 0.0438175 0.99904 -0
    outer loop
      vertex -12 10.3 0
      vertex -12.1482 10.3065 5
      vertex -12 10.3 5
    endloop
  endfacet
  facet normal 0.0438175 0.99904 0
    outer loop
      vertex -12.1482 10.3065 5
      vertex -12 10.3 0
      vertex -12.1482 10.3065 0
    endloop
  endfacet
  facet normal 0.130175 0.991491 -0
    outer loop
      vertex -12.1482 10.3065 0
      vertex -12.2952 10.3258 5
      vertex -12.1482 10.3065 5
    endloop
  endfacet
  facet normal 0.130175 0.991491 0
    outer loop
      vertex -12.2952 10.3258 5
      vertex -12.1482 10.3065 0
      vertex -12.2952 10.3258 0
    endloop
  endfacet
  facet normal 0.382749 0.923853 -0
    outer loop
      vertex -12.5814 10.4025 0
      vertex -12.7185 10.4593 5
      vertex -12.5814 10.4025 5
    endloop
  endfacet
  facet normal 0.382749 0.923853 0
    outer loop
      vertex -12.7185 10.4593 5
      vertex -12.5814 10.4025 0
      vertex -12.7185 10.4593 0
    endloop
  endfacet
  facet normal 0.675419 0.737434 -0
    outer loop
      vertex -13.0927 10.6977 0
      vertex -13.2021 10.7979 5
      vertex -13.0927 10.6977 5
    endloop
  endfacet
  facet normal 0.675419 0.737434 0
    outer loop
      vertex -13.2021 10.7979 5
      vertex -13.0927 10.6977 0
      vertex -13.2021 10.7979 0
    endloop
  endfacet
  facet normal 0.886885 0.46199 0
    outer loop
      vertex -13.4722 11.15 5
      vertex -13.5407 11.2815 0
      vertex -13.5407 11.2815 5
    endloop
  endfacet
  facet normal 0.886885 0.46199 0
    outer loop
      vertex -13.5407 11.2815 0
      vertex -13.4722 11.15 5
      vertex -13.4722 11.15 0
    endloop
  endfacet
  facet normal 0.923853 0.382749 0
    outer loop
      vertex -13.5407 11.2815 5
      vertex -13.5975 11.4186 0
      vertex -13.5975 11.4186 5
    endloop
  endfacet
  facet normal 0.923853 0.382749 0
    outer loop
      vertex -13.5975 11.4186 0
      vertex -13.5407 11.2815 5
      vertex -13.5407 11.2815 0
    endloop
  endfacet
  facet normal 0.976298 0.216431 0
    outer loop
      vertex -13.6421 11.56 5
      vertex -13.6742 11.7048 0
      vertex -13.6742 11.7048 5
    endloop
  endfacet
  facet normal 0.976298 0.216431 0
    outer loop
      vertex -13.6742 11.7048 0
      vertex -13.6421 11.56 5
      vertex -13.6421 11.56 0
    endloop
  endfacet
  facet normal 0.991491 0.130175 0
    outer loop
      vertex -13.6742 11.7048 5
      vertex -13.6935 11.8518 0
      vertex -13.6935 11.8518 5
    endloop
  endfacet
  facet normal 0.991491 0.130175 0
    outer loop
      vertex -13.6935 11.8518 0
      vertex -13.6742 11.7048 5
      vertex -13.6742 11.7048 0
    endloop
  endfacet
  facet normal -0.216431 0.976298 0
    outer loop
      vertex -11.56 10.3579 0
      vertex -11.7048 10.3258 5
      vertex -11.56 10.3579 5
    endloop
  endfacet
  facet normal -0.216431 0.976298 0
    outer loop
      vertex -11.7048 10.3258 5
      vertex -11.56 10.3579 0
      vertex -11.7048 10.3258 0
    endloop
  endfacet
  facet normal -0.886885 0.46199 0
    outer loop
      vertex -10.5278 11.15 0
      vertex -10.4593 11.2815 5
      vertex -10.4593 11.2815 0
    endloop
  endfacet
  facet normal -0.886885 0.46199 0
    outer loop
      vertex -10.4593 11.2815 5
      vertex -10.5278 11.15 0
      vertex -10.5278 11.15 5
    endloop
  endfacet
  facet normal -0.675419 0.737434 0
    outer loop
      vertex -10.7979 10.7979 0
      vertex -10.9073 10.6977 5
      vertex -10.7979 10.7979 5
    endloop
  endfacet
  facet normal -0.675419 0.737434 0
    outer loop
      vertex -10.9073 10.6977 5
      vertex -10.7979 10.7979 0
      vertex -10.9073 10.6977 0
    endloop
  endfacet
  facet normal -0.609026 0.79315 0
    outer loop
      vertex -10.9073 10.6977 0
      vertex -11.0249 10.6074 5
      vertex -10.9073 10.6977 5
    endloop
  endfacet
  facet normal -0.609026 0.79315 0
    outer loop
      vertex -11.0249 10.6074 5
      vertex -10.9073 10.6977 0
      vertex -11.0249 10.6074 0
    endloop
  endfacet
  facet normal 0.216431 0.976298 -0
    outer loop
      vertex -12.2952 10.3258 0
      vertex -12.44 10.3579 5
      vertex -12.2952 10.3258 5
    endloop
  endfacet
  facet normal 0.216431 0.976298 0
    outer loop
      vertex -12.44 10.3579 5
      vertex -12.2952 10.3258 0
      vertex -12.44 10.3579 0
    endloop
  endfacet
  facet normal 0.609026 0.79315 -0
    outer loop
      vertex -12.9751 10.6074 0
      vertex -13.0927 10.6977 5
      vertex -12.9751 10.6074 5
    endloop
  endfacet
  facet normal 0.609026 0.79315 0
    outer loop
      vertex -13.0927 10.6977 5
      vertex -12.9751 10.6074 0
      vertex -13.0927 10.6977 0
    endloop
  endfacet
  facet normal 0.79315 0.609026 0
    outer loop
      vertex -13.3023 10.9073 5
      vertex -13.3926 11.0249 0
      vertex -13.3926 11.0249 5
    endloop
  endfacet
  facet normal 0.79315 0.609026 0
    outer loop
      vertex -13.3926 11.0249 0
      vertex -13.3023 10.9073 5
      vertex -13.3023 10.9073 0
    endloop
  endfacet
  facet normal 0.843689 0.536832 0
    outer loop
      vertex -13.3926 11.0249 5
      vertex -13.4722 11.15 0
      vertex -13.4722 11.15 5
    endloop
  endfacet
  facet normal 0.843689 0.536832 0
    outer loop
      vertex -13.4722 11.15 0
      vertex -13.3926 11.0249 5
      vertex -13.3926 11.0249 0
    endloop
  endfacet
  facet normal -0.536832 0.843689 0
    outer loop
      vertex -11.0249 10.6074 0
      vertex -11.15 10.5278 5
      vertex -11.0249 10.6074 5
    endloop
  endfacet
  facet normal -0.536832 0.843689 0
    outer loop
      vertex -11.15 10.5278 5
      vertex -11.0249 10.6074 0
      vertex -11.15 10.5278 0
    endloop
  endfacet
  facet normal 0.46199 0.886885 -0
    outer loop
      vertex -12.7185 10.4593 0
      vertex -12.85 10.5278 5
      vertex -12.7185 10.4593 5
    endloop
  endfacet
  facet normal 0.46199 0.886885 0
    outer loop
      vertex -12.85 10.5278 5
      vertex -12.7185 10.4593 0
      vertex -12.85 10.5278 0
    endloop
  endfacet
  facet normal 0.536832 0.843689 -0
    outer loop
      vertex -12.85 10.5278 0
      vertex -12.9751 10.6074 5
      vertex -12.85 10.5278 5
    endloop
  endfacet
  facet normal 0.536832 0.843689 0
    outer loop
      vertex -12.9751 10.6074 5
      vertex -12.85 10.5278 0
      vertex -12.9751 10.6074 0
    endloop
  endfacet
  facet normal 0.300809 0.953685 -0
    outer loop
      vertex -12.44 10.3579 0
      vertex -12.5814 10.4025 5
      vertex -12.44 10.3579 5
    endloop
  endfacet
  facet normal 0.300809 0.953685 0
    outer loop
      vertex -12.5814 10.4025 5
      vertex -12.44 10.3579 0
      vertex -12.5814 10.4025 0
    endloop
  endfacet
  facet normal 0.737434 0.675419 0
    outer loop
      vertex -13.2021 10.7979 5
      vertex -13.3023 10.9073 0
      vertex -13.3023 10.9073 5
    endloop
  endfacet
  facet normal 0.737434 0.675419 0
    outer loop
      vertex -13.3023 10.9073 0
      vertex -13.2021 10.7979 5
      vertex -13.2021 10.7979 0
    endloop
  endfacet
  facet normal -0.99904 -0.0438175 0
    outer loop
      vertex 13.7 -12 0
      vertex 13.6935 -11.8518 5
      vertex 13.6935 -11.8518 0
    endloop
  endfacet
  facet normal -0.99904 -0.0438175 0
    outer loop
      vertex 13.6935 -11.8518 5
      vertex 13.7 -12 0
      vertex 13.7 -12 5
    endloop
  endfacet
  facet normal 0.99904 -0.0438175 0
    outer loop
      vertex 10.3 -12 5
      vertex 10.3065 -11.8518 0
      vertex 10.3065 -11.8518 5
    endloop
  endfacet
  facet normal 0.99904 -0.0438175 0
    outer loop
      vertex 10.3065 -11.8518 0
      vertex 10.3 -12 5
      vertex 10.3 -12 0
    endloop
  endfacet
  facet normal -0.0438175 -0.99904 0
    outer loop
      vertex 12 -10.3 0
      vertex 12.1482 -10.3065 5
      vertex 12 -10.3 5
    endloop
  endfacet
  facet normal -0.0438175 -0.99904 -0
    outer loop
      vertex 12.1482 -10.3065 5
      vertex 12 -10.3 0
      vertex 12.1482 -10.3065 0
    endloop
  endfacet
  facet normal 0.737434 0.675419 0
    outer loop
      vertex 10.7979 -13.2021 5
      vertex 10.6977 -13.0927 0
      vertex 10.6977 -13.0927 5
    endloop
  endfacet
  facet normal 0.737434 0.675419 0
    outer loop
      vertex 10.6977 -13.0927 0
      vertex 10.7979 -13.2021 5
      vertex 10.7979 -13.2021 0
    endloop
  endfacet
  facet normal -0.737434 -0.675419 0
    outer loop
      vertex 13.3023 -10.9073 0
      vertex 13.2021 -10.7979 5
      vertex 13.2021 -10.7979 0
    endloop
  endfacet
  facet normal -0.737434 -0.675419 0
    outer loop
      vertex 13.2021 -10.7979 5
      vertex 13.3023 -10.9073 0
      vertex 13.3023 -10.9073 5
    endloop
  endfacet
  facet normal 0.675419 -0.737434 0
    outer loop
      vertex 10.7979 -10.7979 0
      vertex 10.9073 -10.6977 5
      vertex 10.7979 -10.7979 5
    endloop
  endfacet
  facet normal 0.675419 -0.737434 0
    outer loop
      vertex 10.9073 -10.6977 5
      vertex 10.7979 -10.7979 0
      vertex 10.9073 -10.6977 0
    endloop
  endfacet
  facet normal 0.382749 -0.923853 0
    outer loop
      vertex 11.2815 -10.4593 0
      vertex 11.4186 -10.4025 5
      vertex 11.2815 -10.4593 5
    endloop
  endfacet
  facet normal 0.382749 -0.923853 0
    outer loop
      vertex 11.4186 -10.4025 5
      vertex 11.2815 -10.4593 0
      vertex 11.4186 -10.4025 0
    endloop
  endfacet
  facet normal -0.923853 -0.382749 0
    outer loop
      vertex 13.5975 -11.4186 0
      vertex 13.5407 -11.2815 5
      vertex 13.5407 -11.2815 0
    endloop
  endfacet
  facet normal -0.923853 -0.382749 0
    outer loop
      vertex 13.5407 -11.2815 5
      vertex 13.5975 -11.4186 0
      vertex 13.5975 -11.4186 5
    endloop
  endfacet
  facet normal -0.46199 -0.886885 0
    outer loop
      vertex 12.7185 -10.4593 0
      vertex 12.85 -10.5278 5
      vertex 12.7185 -10.4593 5
    endloop
  endfacet
  facet normal -0.46199 -0.886885 -0
    outer loop
      vertex 12.85 -10.5278 5
      vertex 12.7185 -10.4593 0
      vertex 12.85 -10.5278 0
    endloop
  endfacet
  facet normal -0.609026 -0.79315 0
    outer loop
      vertex 12.9751 -10.6074 0
      vertex 13.0927 -10.6977 5
      vertex 12.9751 -10.6074 5
    endloop
  endfacet
  facet normal -0.609026 -0.79315 -0
    outer loop
      vertex 13.0927 -10.6977 5
      vertex 12.9751 -10.6074 0
      vertex 13.0927 -10.6977 0
    endloop
  endfacet
  facet normal 0.886885 -0.46199 0
    outer loop
      vertex 10.4593 -11.2815 5
      vertex 10.5278 -11.15 0
      vertex 10.5278 -11.15 5
    endloop
  endfacet
  facet normal 0.886885 -0.46199 0
    outer loop
      vertex 10.5278 -11.15 0
      vertex 10.4593 -11.2815 5
      vertex 10.4593 -11.2815 0
    endloop
  endfacet
  facet normal 0.216431 -0.976298 0
    outer loop
      vertex 11.56 -10.3579 0
      vertex 11.7048 -10.3258 5
      vertex 11.56 -10.3579 5
    endloop
  endfacet
  facet normal 0.216431 -0.976298 0
    outer loop
      vertex 11.7048 -10.3258 5
      vertex 11.56 -10.3579 0
      vertex 11.7048 -10.3258 0
    endloop
  endfacet
  facet normal 0.923853 0.382749 0
    outer loop
      vertex 10.4593 -12.7185 5
      vertex 10.4025 -12.5814 0
      vertex 10.4025 -12.5814 5
    endloop
  endfacet
  facet normal 0.923853 0.382749 0
    outer loop
      vertex 10.4025 -12.5814 0
      vertex 10.4593 -12.7185 5
      vertex 10.4593 -12.7185 0
    endloop
  endfacet
  facet normal -0.976298 -0.216431 0
    outer loop
      vertex 13.6742 -11.7048 0
      vertex 13.6421 -11.56 5
      vertex 13.6421 -11.56 0
    endloop
  endfacet
  facet normal -0.976298 -0.216431 0
    outer loop
      vertex 13.6421 -11.56 5
      vertex 13.6742 -11.7048 0
      vertex 13.6742 -11.7048 5
    endloop
  endfacet
  facet normal -0.991491 -0.130175 0
    outer loop
      vertex 13.6935 -11.8518 0
      vertex 13.6742 -11.7048 5
      vertex 13.6742 -11.7048 0
    endloop
  endfacet
  facet normal -0.991491 -0.130175 0
    outer loop
      vertex 13.6742 -11.7048 5
      vertex 13.6935 -11.8518 0
      vertex 13.6935 -11.8518 5
    endloop
  endfacet
  facet normal -0.953685 -0.300809 0
    outer loop
      vertex 13.6421 -11.56 0
      vertex 13.5975 -11.4186 5
      vertex 13.5975 -11.4186 0
    endloop
  endfacet
  facet normal -0.953685 -0.300809 0
    outer loop
      vertex 13.5975 -11.4186 5
      vertex 13.6421 -11.56 0
      vertex 13.6421 -11.56 5
    endloop
  endfacet
  facet normal -0.843689 -0.536832 0
    outer loop
      vertex 13.4722 -11.15 0
      vertex 13.3926 -11.0249 5
      vertex 13.3926 -11.0249 0
    endloop
  endfacet
  facet normal -0.843689 -0.536832 0
    outer loop
      vertex 13.3926 -11.0249 5
      vertex 13.4722 -11.15 0
      vertex 13.4722 -11.15 5
    endloop
  endfacet
  facet normal -0.79315 -0.609026 0
    outer loop
      vertex 13.3926 -11.0249 0
      vertex 13.3023 -10.9073 5
      vertex 13.3023 -10.9073 0
    endloop
  endfacet
  facet normal -0.79315 -0.609026 0
    outer loop
      vertex 13.3023 -10.9073 5
      vertex 13.3926 -11.0249 0
      vertex 13.3926 -11.0249 5
    endloop
  endfacet
  facet normal -0.886885 -0.46199 0
    outer loop
      vertex 13.5407 -11.2815 0
      vertex 13.4722 -11.15 5
      vertex 13.4722 -11.15 0
    endloop
  endfacet
  facet normal -0.886885 -0.46199 0
    outer loop
      vertex 13.4722 -11.15 5
      vertex 13.5407 -11.2815 0
      vertex 13.5407 -11.2815 5
    endloop
  endfacet
  facet normal -0.300809 -0.953685 0
    outer loop
      vertex 12.44 -10.3579 0
      vertex 12.5814 -10.4025 5
      vertex 12.44 -10.3579 5
    endloop
  endfacet
  facet normal -0.300809 -0.953685 -0
    outer loop
      vertex 12.5814 -10.4025 5
      vertex 12.44 -10.3579 0
      vertex 12.5814 -10.4025 0
    endloop
  endfacet
  facet normal -0.382749 -0.923853 0
    outer loop
      vertex 12.5814 -10.4025 0
      vertex 12.7185 -10.4593 5
      vertex 12.5814 -10.4025 5
    endloop
  endfacet
  facet normal -0.382749 -0.923853 -0
    outer loop
      vertex 12.7185 -10.4593 5
      vertex 12.5814 -10.4025 0
      vertex 12.7185 -10.4593 0
    endloop
  endfacet
  facet normal -0.216431 -0.976298 0
    outer loop
      vertex 12.2952 -10.3258 0
      vertex 12.44 -10.3579 5
      vertex 12.2952 -10.3258 5
    endloop
  endfacet
  facet normal -0.216431 -0.976298 -0
    outer loop
      vertex 12.44 -10.3579 5
      vertex 12.2952 -10.3258 0
      vertex 12.44 -10.3579 0
    endloop
  endfacet
  facet normal -0.536832 -0.843689 0
    outer loop
      vertex 12.85 -10.5278 0
      vertex 12.9751 -10.6074 5
      vertex 12.85 -10.5278 5
    endloop
  endfacet
  facet normal -0.536832 -0.843689 -0
    outer loop
      vertex 12.9751 -10.6074 5
      vertex 12.85 -10.5278 0
      vertex 12.9751 -10.6074 0
    endloop
  endfacet
  facet normal -0.675419 -0.737434 0
    outer loop
      vertex 13.0927 -10.6977 0
      vertex 13.2021 -10.7979 5
      vertex 13.0927 -10.6977 5
    endloop
  endfacet
  facet normal -0.675419 -0.737434 -0
    outer loop
      vertex 13.2021 -10.7979 5
      vertex 13.0927 -10.6977 0
      vertex 13.2021 -10.7979 0
    endloop
  endfacet
  facet normal 0.953685 -0.300809 0
    outer loop
      vertex 10.3579 -11.56 5
      vertex 10.4025 -11.4186 0
      vertex 10.4025 -11.4186 5
    endloop
  endfacet
  facet normal 0.953685 -0.300809 0
    outer loop
      vertex 10.4025 -11.4186 0
      vertex 10.3579 -11.56 5
      vertex 10.3579 -11.56 0
    endloop
  endfacet
  facet normal 0.79315 -0.609026 0
    outer loop
      vertex 10.6074 -11.0249 5
      vertex 10.6977 -10.9073 0
      vertex 10.6977 -10.9073 5
    endloop
  endfacet
  facet normal 0.79315 -0.609026 0
    outer loop
      vertex 10.6977 -10.9073 0
      vertex 10.6074 -11.0249 5
      vertex 10.6074 -11.0249 0
    endloop
  endfacet
  facet normal 0.737434 -0.675419 0
    outer loop
      vertex 10.6977 -10.9073 5
      vertex 10.7979 -10.7979 0
      vertex 10.7979 -10.7979 5
    endloop
  endfacet
  facet normal 0.737434 -0.675419 0
    outer loop
      vertex 10.7979 -10.7979 0
      vertex 10.6977 -10.9073 5
      vertex 10.6977 -10.9073 0
    endloop
  endfacet
  facet normal 0.843689 -0.536832 0
    outer loop
      vertex 10.5278 -11.15 5
      vertex 10.6074 -11.0249 0
      vertex 10.6074 -11.0249 5
    endloop
  endfacet
  facet normal 0.843689 -0.536832 0
    outer loop
      vertex 10.6074 -11.0249 0
      vertex 10.5278 -11.15 5
      vertex 10.5278 -11.15 0
    endloop
  endfacet
  facet normal 0.923853 -0.382749 0
    outer loop
      vertex 10.4025 -11.4186 5
      vertex 10.4593 -11.2815 0
      vertex 10.4593 -11.2815 5
    endloop
  endfacet
  facet normal 0.923853 -0.382749 0
    outer loop
      vertex 10.4593 -11.2815 0
      vertex 10.4025 -11.4186 5
      vertex 10.4025 -11.4186 0
    endloop
  endfacet
  facet normal 0.976298 -0.216431 0
    outer loop
      vertex 10.3258 -11.7048 5
      vertex 10.3579 -11.56 0
      vertex 10.3579 -11.56 5
    endloop
  endfacet
  facet normal 0.976298 -0.216431 0
    outer loop
      vertex 10.3579 -11.56 0
      vertex 10.3258 -11.7048 5
      vertex 10.3258 -11.7048 0
    endloop
  endfacet
  facet normal 0.536832 -0.843689 0
    outer loop
      vertex 11.0249 -10.6074 0
      vertex 11.15 -10.5278 5
      vertex 11.0249 -10.6074 5
    endloop
  endfacet
  facet normal 0.536832 -0.843689 0
    outer loop
      vertex 11.15 -10.5278 5
      vertex 11.0249 -10.6074 0
      vertex 11.15 -10.5278 0
    endloop
  endfacet
  facet normal 0.46199 -0.886885 0
    outer loop
      vertex 11.15 -10.5278 0
      vertex 11.2815 -10.4593 5
      vertex 11.15 -10.5278 5
    endloop
  endfacet
  facet normal 0.46199 -0.886885 0
    outer loop
      vertex 11.2815 -10.4593 5
      vertex 11.15 -10.5278 0
      vertex 11.2815 -10.4593 0
    endloop
  endfacet
  facet normal 0.609026 -0.79315 0
    outer loop
      vertex 10.9073 -10.6977 0
      vertex 11.0249 -10.6074 5
      vertex 10.9073 -10.6977 5
    endloop
  endfacet
  facet normal 0.609026 -0.79315 0
    outer loop
      vertex 11.0249 -10.6074 5
      vertex 10.9073 -10.6977 0
      vertex 11.0249 -10.6074 0
    endloop
  endfacet
  facet normal 0.300809 -0.953685 0
    outer loop
      vertex 11.4186 -10.4025 0
      vertex 11.56 -10.3579 5
      vertex 11.4186 -10.4025 5
    endloop
  endfacet
  facet normal 0.300809 -0.953685 0
    outer loop
      vertex 11.56 -10.3579 5
      vertex 11.4186 -10.4025 0
      vertex 11.56 -10.3579 0
    endloop
  endfacet
  facet normal 0.0438175 -0.99904 0
    outer loop
      vertex 11.8518 -10.3065 0
      vertex 12 -10.3 5
      vertex 11.8518 -10.3065 5
    endloop
  endfacet
  facet normal 0.0438175 -0.99904 0
    outer loop
      vertex 12 -10.3 5
      vertex 11.8518 -10.3065 0
      vertex 12 -10.3 0
    endloop
  endfacet
  facet normal -0.99904 0.0438175 0
    outer loop
      vertex 13.6935 -12.1482 0
      vertex 13.7 -12 5
      vertex 13.7 -12 0
    endloop
  endfacet
  facet normal -0.99904 0.0438175 0
    outer loop
      vertex 13.7 -12 5
      vertex 13.6935 -12.1482 0
      vertex 13.6935 -12.1482 5
    endloop
  endfacet
  facet normal -0.300809 0.953685 0
    outer loop
      vertex 12.5814 -13.5975 0
      vertex 12.44 -13.6421 5
      vertex 12.5814 -13.5975 5
    endloop
  endfacet
  facet normal -0.300809 0.953685 0
    outer loop
      vertex 12.44 -13.6421 5
      vertex 12.5814 -13.5975 0
      vertex 12.44 -13.6421 0
    endloop
  endfacet
  facet normal -0.46199 0.886885 0
    outer loop
      vertex 12.85 -13.4722 0
      vertex 12.7185 -13.5407 5
      vertex 12.85 -13.4722 5
    endloop
  endfacet
  facet normal -0.46199 0.886885 0
    outer loop
      vertex 12.7185 -13.5407 5
      vertex 12.85 -13.4722 0
      vertex 12.7185 -13.5407 0
    endloop
  endfacet
  facet normal -0.79315 0.609026 0
    outer loop
      vertex 13.3023 -13.0927 0
      vertex 13.3926 -12.9751 5
      vertex 13.3926 -12.9751 0
    endloop
  endfacet
  facet normal -0.79315 0.609026 0
    outer loop
      vertex 13.3926 -12.9751 5
      vertex 13.3023 -13.0927 0
      vertex 13.3023 -13.0927 5
    endloop
  endfacet
  facet normal 0.675419 0.737434 -0
    outer loop
      vertex 10.9073 -13.3023 0
      vertex 10.7979 -13.2021 5
      vertex 10.9073 -13.3023 5
    endloop
  endfacet
  facet normal 0.675419 0.737434 0
    outer loop
      vertex 10.7979 -13.2021 5
      vertex 10.9073 -13.3023 0
      vertex 10.7979 -13.2021 0
    endloop
  endfacet
  facet normal 0.536832 0.843689 -0
    outer loop
      vertex 11.15 -13.4722 0
      vertex 11.0249 -13.3926 5
      vertex 11.15 -13.4722 5
    endloop
  endfacet
  facet normal 0.536832 0.843689 0
    outer loop
      vertex 11.0249 -13.3926 5
      vertex 11.15 -13.4722 0
      vertex 11.0249 -13.3926 0
    endloop
  endfacet
  facet normal 0.382749 0.923853 -0
    outer loop
      vertex 11.4186 -13.5975 0
      vertex 11.2815 -13.5407 5
      vertex 11.4186 -13.5975 5
    endloop
  endfacet
  facet normal 0.382749 0.923853 0
    outer loop
      vertex 11.2815 -13.5407 5
      vertex 11.4186 -13.5975 0
      vertex 11.2815 -13.5407 0
    endloop
  endfacet
  facet normal 0.216431 0.976298 -0
    outer loop
      vertex 11.7048 -13.6742 0
      vertex 11.56 -13.6421 5
      vertex 11.7048 -13.6742 5
    endloop
  endfacet
  facet normal 0.216431 0.976298 0
    outer loop
      vertex 11.56 -13.6421 5
      vertex 11.7048 -13.6742 0
      vertex 11.56 -13.6421 0
    endloop
  endfacet
  facet normal 0.0438175 0.99904 -0
    outer loop
      vertex 12 -13.7 0
      vertex 11.8518 -13.6935 5
      vertex 12 -13.7 5
    endloop
  endfacet
  facet normal 0.0438175 0.99904 0
    outer loop
      vertex 11.8518 -13.6935 5
      vertex 12 -13.7 0
      vertex 11.8518 -13.6935 0
    endloop
  endfacet
  facet normal 0.886885 0.46199 0
    outer loop
      vertex 10.5278 -12.85 5
      vertex 10.4593 -12.7185 0
      vertex 10.4593 -12.7185 5
    endloop
  endfacet
  facet normal 0.886885 0.46199 0
    outer loop
      vertex 10.4593 -12.7185 0
      vertex 10.5278 -12.85 5
      vertex 10.5278 -12.85 0
    endloop
  endfacet
  facet normal 0.79315 0.609026 0
    outer loop
      vertex 10.6977 -13.0927 5
      vertex 10.6074 -12.9751 0
      vertex 10.6074 -12.9751 5
    endloop
  endfacet
  facet normal 0.79315 0.609026 0
    outer loop
      vertex 10.6074 -12.9751 0
      vertex 10.6977 -13.0927 5
      vertex 10.6977 -13.0927 0
    endloop
  endfacet
  facet normal 0.953685 0.300809 0
    outer loop
      vertex 10.4025 -12.5814 5
      vertex 10.3579 -12.44 0
      vertex 10.3579 -12.44 5
    endloop
  endfacet
  facet normal 0.953685 0.300809 0
    outer loop
      vertex 10.3579 -12.44 0
      vertex 10.4025 -12.5814 5
      vertex 10.4025 -12.5814 0
    endloop
  endfacet
  facet normal 0.976298 0.216431 0
    outer loop
      vertex 10.3579 -12.44 5
      vertex 10.3258 -12.2952 0
      vertex 10.3258 -12.2952 5
    endloop
  endfacet
  facet normal 0.976298 0.216431 0
    outer loop
      vertex 10.3258 -12.2952 0
      vertex 10.3579 -12.44 5
      vertex 10.3579 -12.44 0
    endloop
  endfacet
  facet normal -0.130175 -0.991491 0
    outer loop
      vertex 12.1482 -10.3065 0
      vertex 12.2952 -10.3258 5
      vertex 12.1482 -10.3065 5
    endloop
  endfacet
  facet normal -0.130175 -0.991491 -0
    outer loop
      vertex 12.2952 -10.3258 5
      vertex 12.1482 -10.3065 0
      vertex 12.2952 -10.3258 0
    endloop
  endfacet
  facet normal 0.991491 -0.130175 0
    outer loop
      vertex 10.3065 -11.8518 5
      vertex 10.3258 -11.7048 0
      vertex 10.3258 -11.7048 5
    endloop
  endfacet
  facet normal 0.991491 -0.130175 0
    outer loop
      vertex 10.3258 -11.7048 0
      vertex 10.3065 -11.8518 5
      vertex 10.3065 -11.8518 0
    endloop
  endfacet
  facet normal 0.130175 -0.991491 0
    outer loop
      vertex 11.7048 -10.3258 0
      vertex 11.8518 -10.3065 5
      vertex 11.7048 -10.3258 5
    endloop
  endfacet
  facet normal 0.130175 -0.991491 0
    outer loop
      vertex 11.8518 -10.3065 5
      vertex 11.7048 -10.3258 0
      vertex 11.8518 -10.3065 0
    endloop
  endfacet
  facet normal -0.923853 0.382749 0
    outer loop
      vertex 13.5407 -12.7185 0
      vertex 13.5975 -12.5814 5
      vertex 13.5975 -12.5814 0
    endloop
  endfacet
  facet normal -0.923853 0.382749 0
    outer loop
      vertex 13.5975 -12.5814 5
      vertex 13.5407 -12.7185 0
      vertex 13.5407 -12.7185 5
    endloop
  endfacet
  facet normal -0.976298 0.216431 0
    outer loop
      vertex 13.6421 -12.44 0
      vertex 13.6742 -12.2952 5
      vertex 13.6742 -12.2952 0
    endloop
  endfacet
  facet normal -0.976298 0.216431 0
    outer loop
      vertex 13.6742 -12.2952 5
      vertex 13.6421 -12.44 0
      vertex 13.6421 -12.44 5
    endloop
  endfacet
  facet normal -0.216431 0.976298 0
    outer loop
      vertex 12.44 -13.6421 0
      vertex 12.2952 -13.6742 5
      vertex 12.44 -13.6421 5
    endloop
  endfacet
  facet normal -0.216431 0.976298 0
    outer loop
      vertex 12.2952 -13.6742 5
      vertex 12.44 -13.6421 0
      vertex 12.2952 -13.6742 0
    endloop
  endfacet
  facet normal -0.0438175 0.99904 0
    outer loop
      vertex 12.1482 -13.6935 0
      vertex 12 -13.7 5
      vertex 12.1482 -13.6935 5
    endloop
  endfacet
  facet normal -0.0438175 0.99904 0
    outer loop
      vertex 12 -13.7 5
      vertex 12.1482 -13.6935 0
      vertex 12 -13.7 0
    endloop
  endfacet
  facet normal -0.130175 0.991491 0
    outer loop
      vertex 12.2952 -13.6742 0
      vertex 12.1482 -13.6935 5
      vertex 12.2952 -13.6742 5
    endloop
  endfacet
  facet normal -0.130175 0.991491 0
    outer loop
      vertex 12.1482 -13.6935 5
      vertex 12.2952 -13.6742 0
      vertex 12.1482 -13.6935 0
    endloop
  endfacet
  facet normal -0.382749 0.923853 0
    outer loop
      vertex 12.7185 -13.5407 0
      vertex 12.5814 -13.5975 5
      vertex 12.7185 -13.5407 5
    endloop
  endfacet
  facet normal -0.382749 0.923853 0
    outer loop
      vertex 12.5814 -13.5975 5
      vertex 12.7185 -13.5407 0
      vertex 12.5814 -13.5975 0
    endloop
  endfacet
  facet normal -0.737434 0.675419 0
    outer loop
      vertex 13.2021 -13.2021 0
      vertex 13.3023 -13.0927 5
      vertex 13.3023 -13.0927 0
    endloop
  endfacet
  facet normal -0.737434 0.675419 0
    outer loop
      vertex 13.3023 -13.0927 5
      vertex 13.2021 -13.2021 0
      vertex 13.2021 -13.2021 5
    endloop
  endfacet
  facet normal -0.609026 0.79315 0
    outer loop
      vertex 13.0927 -13.3023 0
      vertex 12.9751 -13.3926 5
      vertex 13.0927 -13.3023 5
    endloop
  endfacet
  facet normal -0.609026 0.79315 0
    outer loop
      vertex 12.9751 -13.3926 5
      vertex 13.0927 -13.3023 0
      vertex 12.9751 -13.3926 0
    endloop
  endfacet
  facet normal -0.675419 0.737434 0
    outer loop
      vertex 13.2021 -13.2021 0
      vertex 13.0927 -13.3023 5
      vertex 13.2021 -13.2021 5
    endloop
  endfacet
  facet normal -0.675419 0.737434 0
    outer loop
      vertex 13.0927 -13.3023 5
      vertex 13.2021 -13.2021 0
      vertex 13.0927 -13.3023 0
    endloop
  endfacet
  facet normal -0.536832 0.843689 0
    outer loop
      vertex 12.9751 -13.3926 0
      vertex 12.85 -13.4722 5
      vertex 12.9751 -13.3926 5
    endloop
  endfacet
  facet normal -0.536832 0.843689 0
    outer loop
      vertex 12.85 -13.4722 5
      vertex 12.9751 -13.3926 0
      vertex 12.85 -13.4722 0
    endloop
  endfacet
  facet normal 0.609026 0.79315 -0
    outer loop
      vertex 11.0249 -13.3926 0
      vertex 10.9073 -13.3023 5
      vertex 11.0249 -13.3926 5
    endloop
  endfacet
  facet normal 0.609026 0.79315 0
    outer loop
      vertex 10.9073 -13.3023 5
      vertex 11.0249 -13.3926 0
      vertex 10.9073 -13.3023 0
    endloop
  endfacet
  facet normal 0.46199 0.886885 -0
    outer loop
      vertex 11.2815 -13.5407 0
      vertex 11.15 -13.4722 5
      vertex 11.2815 -13.5407 5
    endloop
  endfacet
  facet normal 0.46199 0.886885 0
    outer loop
      vertex 11.15 -13.4722 5
      vertex 11.2815 -13.5407 0
      vertex 11.15 -13.4722 0
    endloop
  endfacet
  facet normal 0.300809 0.953685 -0
    outer loop
      vertex 11.56 -13.6421 0
      vertex 11.4186 -13.5975 5
      vertex 11.56 -13.6421 5
    endloop
  endfacet
  facet normal 0.300809 0.953685 0
    outer loop
      vertex 11.4186 -13.5975 5
      vertex 11.56 -13.6421 0
      vertex 11.4186 -13.5975 0
    endloop
  endfacet
  facet normal 0.130175 0.991491 -0
    outer loop
      vertex 11.8518 -13.6935 0
      vertex 11.7048 -13.6742 5
      vertex 11.8518 -13.6935 5
    endloop
  endfacet
  facet normal 0.130175 0.991491 0
    outer loop
      vertex 11.7048 -13.6742 5
      vertex 11.8518 -13.6935 0
      vertex 11.7048 -13.6742 0
    endloop
  endfacet
  facet normal 0.843689 0.536832 0
    outer loop
      vertex 10.6074 -12.9751 5
      vertex 10.5278 -12.85 0
      vertex 10.5278 -12.85 5
    endloop
  endfacet
  facet normal 0.843689 0.536832 0
    outer loop
      vertex 10.5278 -12.85 0
      vertex 10.6074 -12.9751 5
      vertex 10.6074 -12.9751 0
    endloop
  endfacet
  facet normal 0.99904 0.0438175 0
    outer loop
      vertex 10.3065 -12.1482 5
      vertex 10.3 -12 0
      vertex 10.3 -12 5
    endloop
  endfacet
  facet normal 0.99904 0.0438175 0
    outer loop
      vertex 10.3 -12 0
      vertex 10.3065 -12.1482 5
      vertex 10.3065 -12.1482 0
    endloop
  endfacet
  facet normal -0.991491 0.130175 0
    outer loop
      vertex 13.6742 -12.2952 0
      vertex 13.6935 -12.1482 5
      vertex 13.6935 -12.1482 0
    endloop
  endfacet
  facet normal -0.991491 0.130175 0
    outer loop
      vertex 13.6935 -12.1482 5
      vertex 13.6742 -12.2952 0
      vertex 13.6742 -12.2952 5
    endloop
  endfacet
  facet normal -0.843689 0.536832 0
    outer loop
      vertex 13.3926 -12.9751 0
      vertex 13.4722 -12.85 5
      vertex 13.4722 -12.85 0
    endloop
  endfacet
  facet normal -0.843689 0.536832 0
    outer loop
      vertex 13.4722 -12.85 5
      vertex 13.3926 -12.9751 0
      vertex 13.3926 -12.9751 5
    endloop
  endfacet
  facet normal 0.991491 0.130175 0
    outer loop
      vertex 10.3258 -12.2952 5
      vertex 10.3065 -12.1482 0
      vertex 10.3065 -12.1482 5
    endloop
  endfacet
  facet normal 0.991491 0.130175 0
    outer loop
      vertex 10.3065 -12.1482 0
      vertex 10.3258 -12.2952 5
      vertex 10.3258 -12.2952 0
    endloop
  endfacet
  facet normal -0.886885 0.46199 0
    outer loop
      vertex 13.4722 -12.85 0
      vertex 13.5407 -12.7185 5
      vertex 13.5407 -12.7185 0
    endloop
  endfacet
  facet normal -0.886885 0.46199 0
    outer loop
      vertex 13.5407 -12.7185 5
      vertex 13.4722 -12.85 0
      vertex 13.4722 -12.85 5
    endloop
  endfacet
  facet normal -0.953685 0.300809 0
    outer loop
      vertex 13.5975 -12.5814 0
      vertex 13.6421 -12.44 5
      vertex 13.6421 -12.44 0
    endloop
  endfacet
  facet normal -0.953685 0.300809 0
    outer loop
      vertex 13.6421 -12.44 5
      vertex 13.5975 -12.5814 0
      vertex 13.5975 -12.5814 5
    endloop
  endfacet
  facet normal -0.99904 -0.0438175 0
    outer loop
      vertex 13.7 12 0
      vertex 13.6935 12.1482 5
      vertex 13.6935 12.1482 0
    endloop
  endfacet
  facet normal -0.99904 -0.0438175 0
    outer loop
      vertex 13.6935 12.1482 5
      vertex 13.7 12 0
      vertex 13.7 12 5
    endloop
  endfacet
  facet normal 0.0438175 -0.99904 0
    outer loop
      vertex 11.8518 13.6935 0
      vertex 12 13.7 5
      vertex 11.8518 13.6935 5
    endloop
  endfacet
  facet normal 0.0438175 -0.99904 0
    outer loop
      vertex 12 13.7 5
      vertex 11.8518 13.6935 0
      vertex 12 13.7 0
    endloop
  endfacet
  facet normal -0.0438175 0.99904 0
    outer loop
      vertex 12.1482 10.3065 0
      vertex 12 10.3 5
      vertex 12.1482 10.3065 5
    endloop
  endfacet
  facet normal -0.0438175 0.99904 0
    outer loop
      vertex 12 10.3 5
      vertex 12.1482 10.3065 0
      vertex 12 10.3 0
    endloop
  endfacet
  facet normal -0.675419 -0.737434 0
    outer loop
      vertex 13.0927 13.3023 0
      vertex 13.2021 13.2021 5
      vertex 13.0927 13.3023 5
    endloop
  endfacet
  facet normal -0.675419 -0.737434 -0
    outer loop
      vertex 13.2021 13.2021 5
      vertex 13.0927 13.3023 0
      vertex 13.2021 13.2021 0
    endloop
  endfacet
  facet normal 0.737434 -0.675419 0
    outer loop
      vertex 10.6977 13.0927 5
      vertex 10.7979 13.2021 0
      vertex 10.7979 13.2021 5
    endloop
  endfacet
  facet normal 0.737434 -0.675419 0
    outer loop
      vertex 10.7979 13.2021 0
      vertex 10.6977 13.0927 5
      vertex 10.6977 13.0927 0
    endloop
  endfacet
  facet normal 0.382749 -0.923853 0
    outer loop
      vertex 11.2815 13.5407 0
      vertex 11.4186 13.5975 5
      vertex 11.2815 13.5407 5
    endloop
  endfacet
  facet normal 0.382749 -0.923853 0
    outer loop
      vertex 11.4186 13.5975 5
      vertex 11.2815 13.5407 0
      vertex 11.4186 13.5975 0
    endloop
  endfacet
  facet normal -0.923853 -0.382749 0
    outer loop
      vertex 13.5975 12.5814 0
      vertex 13.5407 12.7185 5
      vertex 13.5407 12.7185 0
    endloop
  endfacet
  facet normal -0.923853 -0.382749 0
    outer loop
      vertex 13.5407 12.7185 5
      vertex 13.5975 12.5814 0
      vertex 13.5975 12.5814 5
    endloop
  endfacet
  facet normal -0.300809 -0.953685 0
    outer loop
      vertex 12.44 13.6421 0
      vertex 12.5814 13.5975 5
      vertex 12.44 13.6421 5
    endloop
  endfacet
  facet normal -0.300809 -0.953685 -0
    outer loop
      vertex 12.5814 13.5975 5
      vertex 12.44 13.6421 0
      vertex 12.5814 13.5975 0
    endloop
  endfacet
  facet normal -0.46199 -0.886885 0
    outer loop
      vertex 12.7185 13.5407 0
      vertex 12.85 13.4722 5
      vertex 12.7185 13.5407 5
    endloop
  endfacet
  facet normal -0.46199 -0.886885 -0
    outer loop
      vertex 12.85 13.4722 5
      vertex 12.7185 13.5407 0
      vertex 12.85 13.4722 0
    endloop
  endfacet
  facet normal 0.953685 -0.300809 0
    outer loop
      vertex 10.3579 12.44 5
      vertex 10.4025 12.5814 0
      vertex 10.4025 12.5814 5
    endloop
  endfacet
  facet normal 0.953685 -0.300809 0
    outer loop
      vertex 10.4025 12.5814 0
      vertex 10.3579 12.44 5
      vertex 10.3579 12.44 0
    endloop
  endfacet
  facet normal 0.216431 -0.976298 0
    outer loop
      vertex 11.56 13.6421 0
      vertex 11.7048 13.6742 5
      vertex 11.56 13.6421 5
    endloop
  endfacet
  facet normal 0.216431 -0.976298 0
    outer loop
      vertex 11.7048 13.6742 5
      vertex 11.56 13.6421 0
      vertex 11.7048 13.6742 0
    endloop
  endfacet
  facet normal -0.300809 0.953685 0
    outer loop
      vertex 12.5814 10.4025 0
      vertex 12.44 10.3579 5
      vertex 12.5814 10.4025 5
    endloop
  endfacet
  facet normal -0.300809 0.953685 0
    outer loop
      vertex 12.44 10.3579 5
      vertex 12.5814 10.4025 0
      vertex 12.44 10.3579 0
    endloop
  endfacet
  facet normal -0.976298 -0.216431 0
    outer loop
      vertex 13.6742 12.2952 0
      vertex 13.6421 12.44 5
      vertex 13.6421 12.44 0
    endloop
  endfacet
  facet normal -0.976298 -0.216431 0
    outer loop
      vertex 13.6421 12.44 5
      vertex 13.6742 12.2952 0
      vertex 13.6742 12.2952 5
    endloop
  endfacet
  facet normal -0.991491 -0.130175 0
    outer loop
      vertex 13.6935 12.1482 0
      vertex 13.6742 12.2952 5
      vertex 13.6742 12.2952 0
    endloop
  endfacet
  facet normal -0.991491 -0.130175 0
    outer loop
      vertex 13.6742 12.2952 5
      vertex 13.6935 12.1482 0
      vertex 13.6935 12.1482 5
    endloop
  endfacet
  facet normal -0.953685 -0.300809 0
    outer loop
      vertex 13.6421 12.44 0
      vertex 13.5975 12.5814 5
      vertex 13.5975 12.5814 0
    endloop
  endfacet
  facet normal -0.953685 -0.300809 0
    outer loop
      vertex 13.5975 12.5814 5
      vertex 13.6421 12.44 0
      vertex 13.6421 12.44 5
    endloop
  endfacet
  facet normal -0.843689 -0.536832 0
    outer loop
      vertex 13.4722 12.85 0
      vertex 13.3926 12.9751 5
      vertex 13.3926 12.9751 0
    endloop
  endfacet
  facet normal -0.843689 -0.536832 0
    outer loop
      vertex 13.3926 12.9751 5
      vertex 13.4722 12.85 0
      vertex 13.4722 12.85 5
    endloop
  endfacet
  facet normal -0.886885 -0.46199 0
    outer loop
      vertex 13.5407 12.7185 0
      vertex 13.4722 12.85 5
      vertex 13.4722 12.85 0
    endloop
  endfacet
  facet normal -0.886885 -0.46199 0
    outer loop
      vertex 13.4722 12.85 5
      vertex 13.5407 12.7185 0
      vertex 13.5407 12.7185 5
    endloop
  endfacet
  facet normal -0.130175 -0.991491 0
    outer loop
      vertex 12.1482 13.6935 0
      vertex 12.2952 13.6742 5
      vertex 12.1482 13.6935 5
    endloop
  endfacet
  facet normal -0.130175 -0.991491 -0
    outer loop
      vertex 12.2952 13.6742 5
      vertex 12.1482 13.6935 0
      vertex 12.2952 13.6742 0
    endloop
  endfacet
  facet normal -0.216431 -0.976298 0
    outer loop
      vertex 12.2952 13.6742 0
      vertex 12.44 13.6421 5
      vertex 12.2952 13.6742 5
    endloop
  endfacet
  facet normal -0.216431 -0.976298 -0
    outer loop
      vertex 12.44 13.6421 5
      vertex 12.2952 13.6742 0
      vertex 12.44 13.6421 0
    endloop
  endfacet
  facet normal -0.0438175 -0.99904 0
    outer loop
      vertex 12 13.7 0
      vertex 12.1482 13.6935 5
      vertex 12 13.7 5
    endloop
  endfacet
  facet normal -0.0438175 -0.99904 -0
    outer loop
      vertex 12.1482 13.6935 5
      vertex 12 13.7 0
      vertex 12.1482 13.6935 0
    endloop
  endfacet
  facet normal -0.382749 -0.923853 0
    outer loop
      vertex 12.5814 13.5975 0
      vertex 12.7185 13.5407 5
      vertex 12.5814 13.5975 5
    endloop
  endfacet
  facet normal -0.382749 -0.923853 -0
    outer loop
      vertex 12.7185 13.5407 5
      vertex 12.5814 13.5975 0
      vertex 12.7185 13.5407 0
    endloop
  endfacet
  facet normal -0.609026 -0.79315 0
    outer loop
      vertex 12.9751 13.3926 0
      vertex 13.0927 13.3023 5
      vertex 12.9751 13.3926 5
    endloop
  endfacet
  facet normal -0.609026 -0.79315 -0
    outer loop
      vertex 13.0927 13.3023 5
      vertex 12.9751 13.3926 0
      vertex 13.0927 13.3023 0
    endloop
  endfacet
  facet normal 0.991491 -0.130175 0
    outer loop
      vertex 10.3065 12.1482 5
      vertex 10.3258 12.2952 0
      vertex 10.3258 12.2952 5
    endloop
  endfacet
  facet normal 0.991491 -0.130175 0
    outer loop
      vertex 10.3258 12.2952 0
      vertex 10.3065 12.1482 5
      vertex 10.3065 12.1482 0
    endloop
  endfacet
  facet normal 0.886885 -0.46199 0
    outer loop
      vertex 10.4593 12.7185 5
      vertex 10.5278 12.85 0
      vertex 10.5278 12.85 5
    endloop
  endfacet
  facet normal 0.886885 -0.46199 0
    outer loop
      vertex 10.5278 12.85 0
      vertex 10.4593 12.7185 5
      vertex 10.4593 12.7185 0
    endloop
  endfacet
  facet normal 0.79315 -0.609026 0
    outer loop
      vertex 10.6074 12.9751 5
      vertex 10.6977 13.0927 0
      vertex 10.6977 13.0927 5
    endloop
  endfacet
  facet normal 0.79315 -0.609026 0
    outer loop
      vertex 10.6977 13.0927 0
      vertex 10.6074 12.9751 5
      vertex 10.6074 12.9751 0
    endloop
  endfacet
  facet normal 0.923853 -0.382749 0
    outer loop
      vertex 10.4025 12.5814 5
      vertex 10.4593 12.7185 0
      vertex 10.4593 12.7185 5
    endloop
  endfacet
  facet normal 0.923853 -0.382749 0
    outer loop
      vertex 10.4593 12.7185 0
      vertex 10.4025 12.5814 5
      vertex 10.4025 12.5814 0
    endloop
  endfacet
  facet normal 0.976298 -0.216431 0
    outer loop
      vertex 10.3258 12.2952 5
      vertex 10.3579 12.44 0
      vertex 10.3579 12.44 5
    endloop
  endfacet
  facet normal 0.976298 -0.216431 0
    outer loop
      vertex 10.3579 12.44 0
      vertex 10.3258 12.2952 5
      vertex 10.3258 12.2952 0
    endloop
  endfacet
  facet normal 0.99904 -0.0438175 0
    outer loop
      vertex 10.3 12 5
      vertex 10.3065 12.1482 0
      vertex 10.3065 12.1482 5
    endloop
  endfacet
  facet normal 0.99904 -0.0438175 0
    outer loop
      vertex 10.3065 12.1482 0
      vertex 10.3 12 5
      vertex 10.3 12 0
    endloop
  endfacet
  facet normal 0.536832 -0.843689 0
    outer loop
      vertex 11.0249 13.3926 0
      vertex 11.15 13.4722 5
      vertex 11.0249 13.3926 5
    endloop
  endfacet
  facet normal 0.536832 -0.843689 0
    outer loop
      vertex 11.15 13.4722 5
      vertex 11.0249 13.3926 0
      vertex 11.15 13.4722 0
    endloop
  endfacet
  facet normal 0.46199 -0.886885 0
    outer loop
      vertex 11.15 13.4722 0
      vertex 11.2815 13.5407 5
      vertex 11.15 13.4722 5
    endloop
  endfacet
  facet normal 0.46199 -0.886885 0
    outer loop
      vertex 11.2815 13.5407 5
      vertex 11.15 13.4722 0
      vertex 11.2815 13.5407 0
    endloop
  endfacet
  facet normal 0.300809 -0.953685 0
    outer loop
      vertex 11.4186 13.5975 0
      vertex 11.56 13.6421 5
      vertex 11.4186 13.5975 5
    endloop
  endfacet
  facet normal 0.300809 -0.953685 0
    outer loop
      vertex 11.56 13.6421 5
      vertex 11.4186 13.5975 0
      vertex 11.56 13.6421 0
    endloop
  endfacet
  facet normal 0.130175 -0.991491 0
    outer loop
      vertex 11.7048 13.6742 0
      vertex 11.8518 13.6935 5
      vertex 11.7048 13.6742 5
    endloop
  endfacet
  facet normal 0.130175 -0.991491 0
    outer loop
      vertex 11.8518 13.6935 5
      vertex 11.7048 13.6742 0
      vertex 11.8518 13.6935 0
    endloop
  endfacet
  facet normal -0.976298 0.216431 0
    outer loop
      vertex 13.6421 11.56 0
      vertex 13.6742 11.7048 5
      vertex 13.6742 11.7048 0
    endloop
  endfacet
  facet normal -0.976298 0.216431 0
    outer loop
      vertex 13.6742 11.7048 5
      vertex 13.6421 11.56 0
      vertex 13.6421 11.56 5
    endloop
  endfacet
  facet normal -0.99904 0.0438175 0
    outer loop
      vertex 13.6935 11.8518 0
      vertex 13.7 12 5
      vertex 13.7 12 0
    endloop
  endfacet
  facet normal -0.99904 0.0438175 0
    outer loop
      vertex 13.7 12 5
      vertex 13.6935 11.8518 0
      vertex 13.6935 11.8518 5
    endloop
  endfacet
  facet normal -0.737434 0.675419 0
    outer loop
      vertex 13.2021 10.7979 0
      vertex 13.3023 10.9073 5
      vertex 13.3023 10.9073 0
    endloop
  endfacet
  facet normal -0.737434 0.675419 0
    outer loop
      vertex 13.3023 10.9073 5
      vertex 13.2021 10.7979 0
      vertex 13.2021 10.7979 5
    endloop
  endfacet
  facet normal -0.79315 -0.609026 0
    outer loop
      vertex 13.3926 12.9751 0
      vertex 13.3023 13.0927 5
      vertex 13.3023 13.0927 0
    endloop
  endfacet
  facet normal -0.79315 -0.609026 0
    outer loop
      vertex 13.3023 13.0927 5
      vertex 13.3926 12.9751 0
      vertex 13.3926 12.9751 5
    endloop
  endfacet
  facet normal -0.737434 -0.675419 0
    outer loop
      vertex 13.3023 13.0927 0
      vertex 13.2021 13.2021 5
      vertex 13.2021 13.2021 0
    endloop
  endfacet
  facet normal -0.737434 -0.675419 0
    outer loop
      vertex 13.2021 13.2021 5
      vertex 13.3023 13.0927 0
      vertex 13.3023 13.0927 5
    endloop
  endfacet
  facet normal -0.536832 -0.843689 0
    outer loop
      vertex 12.85 13.4722 0
      vertex 12.9751 13.3926 5
      vertex 12.85 13.4722 5
    endloop
  endfacet
  facet normal -0.536832 -0.843689 -0
    outer loop
      vertex 12.9751 13.3926 5
      vertex 12.85 13.4722 0
      vertex 12.9751 13.3926 0
    endloop
  endfacet
  facet normal 0.843689 -0.536832 0
    outer loop
      vertex 10.5278 12.85 5
      vertex 10.6074 12.9751 0
      vertex 10.6074 12.9751 5
    endloop
  endfacet
  facet normal 0.843689 -0.536832 0
    outer loop
      vertex 10.6074 12.9751 0
      vertex 10.5278 12.85 5
      vertex 10.5278 12.85 0
    endloop
  endfacet
  facet normal 0.99904 0.0438175 0
    outer loop
      vertex 10.3065 11.8518 5
      vertex 10.3 12 0
      vertex 10.3 12 5
    endloop
  endfacet
  facet normal 0.99904 0.0438175 0
    outer loop
      vertex 10.3 12 0
      vertex 10.3065 11.8518 5
      vertex 10.3065 11.8518 0
    endloop
  endfacet
  facet normal 0.609026 -0.79315 0
    outer loop
      vertex 10.9073 13.3023 0
      vertex 11.0249 13.3926 5
      vertex 10.9073 13.3023 5
    endloop
  endfacet
  facet normal 0.609026 -0.79315 0
    outer loop
      vertex 11.0249 13.3926 5
      vertex 10.9073 13.3023 0
      vertex 11.0249 13.3926 0
    endloop
  endfacet
  facet normal 0.675419 -0.737434 0
    outer loop
      vertex 10.7979 13.2021 0
      vertex 10.9073 13.3023 5
      vertex 10.7979 13.2021 5
    endloop
  endfacet
  facet normal 0.675419 -0.737434 0
    outer loop
      vertex 10.9073 13.3023 5
      vertex 10.7979 13.2021 0
      vertex 10.9073 13.3023 0
    endloop
  endfacet
  facet normal -0.923853 0.382749 0
    outer loop
      vertex 13.5407 11.2815 0
      vertex 13.5975 11.4186 5
      vertex 13.5975 11.4186 0
    endloop
  endfacet
  facet normal -0.923853 0.382749 0
    outer loop
      vertex 13.5975 11.4186 5
      vertex 13.5407 11.2815 0
      vertex 13.5407 11.2815 5
    endloop
  endfacet
  facet normal -0.79315 0.609026 0
    outer loop
      vertex 13.3023 10.9073 0
      vertex 13.3926 11.0249 5
      vertex 13.3926 11.0249 0
    endloop
  endfacet
  facet normal -0.79315 0.609026 0
    outer loop
      vertex 13.3926 11.0249 5
      vertex 13.3023 10.9073 0
      vertex 13.3023 10.9073 5
    endloop
  endfacet
  facet normal -0.953685 0.300809 0
    outer loop
      vertex 13.5975 11.4186 0
      vertex 13.6421 11.56 5
      vertex 13.6421 11.56 0
    endloop
  endfacet
  facet normal -0.953685 0.300809 0
    outer loop
      vertex 13.6421 11.56 5
      vertex 13.5975 11.4186 0
      vertex 13.5975 11.4186 5
    endloop
  endfacet
  facet normal 0.953685 0.300809 0
    outer loop
      vertex 10.4025 11.4186 5
      vertex 10.3579 11.56 0
      vertex 10.3579 11.56 5
    endloop
  endfacet
  facet normal 0.953685 0.300809 0
    outer loop
      vertex 10.3579 11.56 0
      vertex 10.4025 11.4186 5
      vertex 10.4025 11.4186 0
    endloop
  endfacet
  facet normal 0.991491 0.130175 0
    outer loop
      vertex 10.3258 11.7048 5
      vertex 10.3065 11.8518 0
      vertex 10.3065 11.8518 5
    endloop
  endfacet
  facet normal 0.991491 0.130175 0
    outer loop
      vertex 10.3065 11.8518 0
      vertex 10.3258 11.7048 5
      vertex 10.3258 11.7048 0
    endloop
  endfacet
  facet normal -0.382749 0.923853 0
    outer loop
      vertex 12.7185 10.4593 0
      vertex 12.5814 10.4025 5
      vertex 12.7185 10.4593 5
    endloop
  endfacet
  facet normal -0.382749 0.923853 0
    outer loop
      vertex 12.5814 10.4025 5
      vertex 12.7185 10.4593 0
      vertex 12.5814 10.4025 0
    endloop
  endfacet
  facet normal -0.991491 0.130175 0
    outer loop
      vertex 13.6742 11.7048 0
      vertex 13.6935 11.8518 5
      vertex 13.6935 11.8518 0
    endloop
  endfacet
  facet normal -0.991491 0.130175 0
    outer loop
      vertex 13.6935 11.8518 5
      vertex 13.6742 11.7048 0
      vertex 13.6742 11.7048 5
    endloop
  endfacet
  facet normal -0.46199 0.886885 0
    outer loop
      vertex 12.85 10.5278 0
      vertex 12.7185 10.4593 5
      vertex 12.85 10.5278 5
    endloop
  endfacet
  facet normal -0.46199 0.886885 0
    outer loop
      vertex 12.7185 10.4593 5
      vertex 12.85 10.5278 0
      vertex 12.7185 10.4593 0
    endloop
  endfacet
  facet normal 0.0438175 0.99904 -0
    outer loop
      vertex 12 10.3 0
      vertex 11.8518 10.3065 5
      vertex 12 10.3 5
    endloop
  endfacet
  facet normal 0.0438175 0.99904 0
    outer loop
      vertex 11.8518 10.3065 5
      vertex 12 10.3 0
      vertex 11.8518 10.3065 0
    endloop
  endfacet
  facet normal 0.382749 0.923853 -0
    outer loop
      vertex 11.4186 10.4025 0
      vertex 11.2815 10.4593 5
      vertex 11.4186 10.4025 5
    endloop
  endfacet
  facet normal 0.382749 0.923853 0
    outer loop
      vertex 11.2815 10.4593 5
      vertex 11.4186 10.4025 0
      vertex 11.2815 10.4593 0
    endloop
  endfacet
  facet normal 0.886885 0.46199 0
    outer loop
      vertex 10.5278 11.15 5
      vertex 10.4593 11.2815 0
      vertex 10.4593 11.2815 5
    endloop
  endfacet
  facet normal 0.886885 0.46199 0
    outer loop
      vertex 10.4593 11.2815 0
      vertex 10.5278 11.15 5
      vertex 10.5278 11.15 0
    endloop
  endfacet
  facet normal 0.675419 0.737434 -0
    outer loop
      vertex 10.9073 10.6977 0
      vertex 10.7979 10.7979 5
      vertex 10.9073 10.6977 5
    endloop
  endfacet
  facet normal 0.675419 0.737434 0
    outer loop
      vertex 10.7979 10.7979 5
      vertex 10.9073 10.6977 0
      vertex 10.7979 10.7979 0
    endloop
  endfacet
  facet normal 0.923853 0.382749 0
    outer loop
      vertex 10.4593 11.2815 5
      vertex 10.4025 11.4186 0
      vertex 10.4025 11.4186 5
    endloop
  endfacet
  facet normal 0.923853 0.382749 0
    outer loop
      vertex 10.4025 11.4186 0
      vertex 10.4593 11.2815 5
      vertex 10.4593 11.2815 0
    endloop
  endfacet
  facet normal 0.976298 0.216431 0
    outer loop
      vertex 10.3579 11.56 5
      vertex 10.3258 11.7048 0
      vertex 10.3258 11.7048 5
    endloop
  endfacet
  facet normal 0.976298 0.216431 0
    outer loop
      vertex 10.3258 11.7048 0
      vertex 10.3579 11.56 5
      vertex 10.3579 11.56 0
    endloop
  endfacet
  facet normal -0.216431 0.976298 0
    outer loop
      vertex 12.44 10.3579 0
      vertex 12.2952 10.3258 5
      vertex 12.44 10.3579 5
    endloop
  endfacet
  facet normal -0.216431 0.976298 0
    outer loop
      vertex 12.2952 10.3258 5
      vertex 12.44 10.3579 0
      vertex 12.2952 10.3258 0
    endloop
  endfacet
  facet normal -0.130175 0.991491 0
    outer loop
      vertex 12.2952 10.3258 0
      vertex 12.1482 10.3065 5
      vertex 12.2952 10.3258 5
    endloop
  endfacet
  facet normal -0.130175 0.991491 0
    outer loop
      vertex 12.1482 10.3065 5
      vertex 12.2952 10.3258 0
      vertex 12.1482 10.3065 0
    endloop
  endfacet
  facet normal -0.886885 0.46199 0
    outer loop
      vertex 13.4722 11.15 0
      vertex 13.5407 11.2815 5
      vertex 13.5407 11.2815 0
    endloop
  endfacet
  facet normal -0.886885 0.46199 0
    outer loop
      vertex 13.5407 11.2815 5
      vertex 13.4722 11.15 0
      vertex 13.4722 11.15 5
    endloop
  endfacet
  facet normal -0.843689 0.536832 0
    outer loop
      vertex 13.3926 11.0249 0
      vertex 13.4722 11.15 5
      vertex 13.4722 11.15 0
    endloop
  endfacet
  facet normal -0.843689 0.536832 0
    outer loop
      vertex 13.4722 11.15 5
      vertex 13.3926 11.0249 0
      vertex 13.3926 11.0249 5
    endloop
  endfacet
  facet normal -0.675419 0.737434 0
    outer loop
      vertex 13.2021 10.7979 0
      vertex 13.0927 10.6977 5
      vertex 13.2021 10.7979 5
    endloop
  endfacet
  facet normal -0.675419 0.737434 0
    outer loop
      vertex 13.0927 10.6977 5
      vertex 13.2021 10.7979 0
      vertex 13.0927 10.6977 0
    endloop
  endfacet
  facet normal -0.609026 0.79315 0
    outer loop
      vertex 13.0927 10.6977 0
      vertex 12.9751 10.6074 5
      vertex 13.0927 10.6977 5
    endloop
  endfacet
  facet normal -0.609026 0.79315 0
    outer loop
      vertex 12.9751 10.6074 5
      vertex 13.0927 10.6977 0
      vertex 12.9751 10.6074 0
    endloop
  endfacet
  facet normal 0.216431 0.976298 -0
    outer loop
      vertex 11.7048 10.3258 0
      vertex 11.56 10.3579 5
      vertex 11.7048 10.3258 5
    endloop
  endfacet
  facet normal 0.216431 0.976298 0
    outer loop
      vertex 11.56 10.3579 5
      vertex 11.7048 10.3258 0
      vertex 11.56 10.3579 0
    endloop
  endfacet
  facet normal 0.609026 0.79315 -0
    outer loop
      vertex 11.0249 10.6074 0
      vertex 10.9073 10.6977 5
      vertex 11.0249 10.6074 5
    endloop
  endfacet
  facet normal 0.609026 0.79315 0
    outer loop
      vertex 10.9073 10.6977 5
      vertex 11.0249 10.6074 0
      vertex 10.9073 10.6977 0
    endloop
  endfacet
  facet normal 0.843689 0.536832 0
    outer loop
      vertex 10.6074 11.0249 5
      vertex 10.5278 11.15 0
      vertex 10.5278 11.15 5
    endloop
  endfacet
  facet normal 0.843689 0.536832 0
    outer loop
      vertex 10.5278 11.15 0
      vertex 10.6074 11.0249 5
      vertex 10.6074 11.0249 0
    endloop
  endfacet
  facet normal -0.536832 0.843689 0
    outer loop
      vertex 12.9751 10.6074 0
      vertex 12.85 10.5278 5
      vertex 12.9751 10.6074 5
    endloop
  endfacet
  facet normal -0.536832 0.843689 0
    outer loop
      vertex 12.85 10.5278 5
      vertex 12.9751 10.6074 0
      vertex 12.85 10.5278 0
    endloop
  endfacet
  facet normal 0.130175 0.991491 -0
    outer loop
      vertex 11.8518 10.3065 0
      vertex 11.7048 10.3258 5
      vertex 11.8518 10.3065 5
    endloop
  endfacet
  facet normal 0.130175 0.991491 0
    outer loop
      vertex 11.7048 10.3258 5
      vertex 11.8518 10.3065 0
      vertex 11.7048 10.3258 0
    endloop
  endfacet
  facet normal 0.46199 0.886885 -0
    outer loop
      vertex 11.2815 10.4593 0
      vertex 11.15 10.5278 5
      vertex 11.2815 10.4593 5
    endloop
  endfacet
  facet normal 0.46199 0.886885 0
    outer loop
      vertex 11.15 10.5278 5
      vertex 11.2815 10.4593 0
      vertex 11.15 10.5278 0
    endloop
  endfacet
  facet normal 0.536832 0.843689 -0
    outer loop
      vertex 11.15 10.5278 0
      vertex 11.0249 10.6074 5
      vertex 11.15 10.5278 5
    endloop
  endfacet
  facet normal 0.536832 0.843689 0
    outer loop
      vertex 11.0249 10.6074 5
      vertex 11.15 10.5278 0
      vertex 11.0249 10.6074 0
    endloop
  endfacet
  facet normal 0.300809 0.953685 -0
    outer loop
      vertex 11.56 10.3579 0
      vertex 11.4186 10.4025 5
      vertex 11.56 10.3579 5
    endloop
  endfacet
  facet normal 0.300809 0.953685 0
    outer loop
      vertex 11.4186 10.4025 5
      vertex 11.56 10.3579 0
      vertex 11.4186 10.4025 0
    endloop
  endfacet
  facet normal 0.737434 0.675419 0
    outer loop
      vertex 10.7979 10.7979 5
      vertex 10.6977 10.9073 0
      vertex 10.6977 10.9073 5
    endloop
  endfacet
  facet normal 0.737434 0.675419 0
    outer loop
      vertex 10.6977 10.9073 0
      vertex 10.7979 10.7979 5
      vertex 10.7979 10.7979 0
    endloop
  endfacet
  facet normal 0.79315 0.609026 0
    outer loop
      vertex 10.6977 10.9073 5
      vertex 10.6074 11.0249 0
      vertex 10.6074 11.0249 5
    endloop
  endfacet
  facet normal 0.79315 0.609026 0
    outer loop
      vertex 10.6074 11.0249 0
      vertex 10.6977 10.9073 5
      vertex 10.6977 10.9073 0
    endloop
  endfacet
  facet normal -0.675419 -0.737434 0
    outer loop
      vertex -24.9073 -14.6977 0
      vertex -24.7979 -14.7979 5
      vertex -24.9073 -14.6977 5
    endloop
  endfacet
  facet normal -0.675419 -0.737434 -0
    outer loop
      vertex -24.7979 -14.7979 5
      vertex -24.9073 -14.6977 0
      vertex -24.7979 -14.7979 0
    endloop
  endfacet
  facet normal -0.99904 0.0438175 0
    outer loop
      vertex -24.3065 -16.1482 0
      vertex -24.3 -16 5
      vertex -24.3 -16 0
    endloop
  endfacet
  facet normal -0.99904 0.0438175 0
    outer loop
      vertex -24.3 -16 5
      vertex -24.3065 -16.1482 0
      vertex -24.3065 -16.1482 5
    endloop
  endfacet
  facet normal -0.609026 -0.79315 0
    outer loop
      vertex -25.0249 -14.6074 0
      vertex -24.9073 -14.6977 5
      vertex -25.0249 -14.6074 5
    endloop
  endfacet
  facet normal -0.609026 -0.79315 -0
    outer loop
      vertex -24.9073 -14.6977 5
      vertex -25.0249 -14.6074 0
      vertex -24.9073 -14.6977 0
    endloop
  endfacet
  facet normal 0.382749 -0.923853 0
    outer loop
      vertex -26.7185 -14.4593 0
      vertex -26.5814 -14.4025 5
      vertex -26.7185 -14.4593 5
    endloop
  endfacet
  facet normal 0.382749 -0.923853 0
    outer loop
      vertex -26.5814 -14.4025 5
      vertex -26.7185 -14.4593 0
      vertex -26.5814 -14.4025 0
    endloop
  endfacet
  facet normal 0.886885 -0.46199 0
    outer loop
      vertex -27.5407 -15.2815 5
      vertex -27.4722 -15.15 0
      vertex -27.4722 -15.15 5
    endloop
  endfacet
  facet normal 0.886885 -0.46199 0
    outer loop
      vertex -27.4722 -15.15 0
      vertex -27.5407 -15.2815 5
      vertex -27.5407 -15.2815 0
    endloop
  endfacet
  facet normal 0.886885 0.46199 0
    outer loop
      vertex -27.4722 -16.85 5
      vertex -27.5407 -16.7185 0
      vertex -27.5407 -16.7185 5
    endloop
  endfacet
  facet normal 0.886885 0.46199 0
    outer loop
      vertex -27.5407 -16.7185 0
      vertex -27.4722 -16.85 5
      vertex -27.4722 -16.85 0
    endloop
  endfacet
  facet normal -0.976298 -0.216431 0
    outer loop
      vertex -24.3258 -15.7048 0
      vertex -24.3579 -15.56 5
      vertex -24.3579 -15.56 0
    endloop
  endfacet
  facet normal -0.976298 -0.216431 0
    outer loop
      vertex -24.3579 -15.56 5
      vertex -24.3258 -15.7048 0
      vertex -24.3258 -15.7048 5
    endloop
  endfacet
  facet normal -0.953685 -0.300809 0
    outer loop
      vertex -24.3579 -15.56 0
      vertex -24.4025 -15.4186 5
      vertex -24.4025 -15.4186 0
    endloop
  endfacet
  facet normal -0.953685 -0.300809 0
    outer loop
      vertex -24.4025 -15.4186 5
      vertex -24.3579 -15.56 0
      vertex -24.3579 -15.56 5
    endloop
  endfacet
  facet normal -0.79315 -0.609026 0
    outer loop
      vertex -24.6074 -15.0249 0
      vertex -24.6977 -14.9073 5
      vertex -24.6977 -14.9073 0
    endloop
  endfacet
  facet normal -0.79315 -0.609026 0
    outer loop
      vertex -24.6977 -14.9073 5
      vertex -24.6074 -15.0249 0
      vertex -24.6074 -15.0249 5
    endloop
  endfacet
  facet normal -0.536832 -0.843689 0
    outer loop
      vertex -25.15 -14.5278 0
      vertex -25.0249 -14.6074 5
      vertex -25.15 -14.5278 5
    endloop
  endfacet
  facet normal -0.536832 -0.843689 -0
    outer loop
      vertex -25.0249 -14.6074 5
      vertex -25.15 -14.5278 0
      vertex -25.0249 -14.6074 0
    endloop
  endfacet
  facet normal 0.609026 -0.79315 0
    outer loop
      vertex -27.0927 -14.6977 0
      vertex -26.9751 -14.6074 5
      vertex -27.0927 -14.6977 5
    endloop
  endfacet
  facet normal 0.609026 -0.79315 0
    outer loop
      vertex -26.9751 -14.6074 5
      vertex -27.0927 -14.6977 0
      vertex -26.9751 -14.6074 0
    endloop
  endfacet
  facet normal -0.300809 0.953685 0
    outer loop
      vertex -25.4186 -17.5975 0
      vertex -25.56 -17.6421 5
      vertex -25.4186 -17.5975 5
    endloop
  endfacet
  facet normal -0.300809 0.953685 0
    outer loop
      vertex -25.56 -17.6421 5
      vertex -25.4186 -17.5975 0
      vertex -25.56 -17.6421 0
    endloop
  endfacet
  facet normal -0.737434 0.675419 0
    outer loop
      vertex -24.7979 -17.2021 0
      vertex -24.6977 -17.0927 5
      vertex -24.6977 -17.0927 0
    endloop
  endfacet
  facet normal -0.737434 0.675419 0
    outer loop
      vertex -24.6977 -17.0927 5
      vertex -24.7979 -17.2021 0
      vertex -24.7979 -17.2021 5
    endloop
  endfacet
  facet normal 0.0438175 0.99904 -0
    outer loop
      vertex -26 -17.7 0
      vertex -26.1482 -17.6935 5
      vertex -26 -17.7 5
    endloop
  endfacet
  facet normal 0.0438175 0.99904 0
    outer loop
      vertex -26.1482 -17.6935 5
      vertex -26 -17.7 0
      vertex -26.1482 -17.6935 0
    endloop
  endfacet
  facet normal 0.536832 0.843689 -0
    outer loop
      vertex -26.85 -17.4722 0
      vertex -26.9751 -17.3926 5
      vertex -26.85 -17.4722 5
    endloop
  endfacet
  facet normal 0.536832 0.843689 0
    outer loop
      vertex -26.9751 -17.3926 5
      vertex -26.85 -17.4722 0
      vertex -26.9751 -17.3926 0
    endloop
  endfacet
  facet normal -0.923853 -0.382749 0
    outer loop
      vertex -24.4025 -15.4186 0
      vertex -24.4593 -15.2815 5
      vertex -24.4593 -15.2815 0
    endloop
  endfacet
  facet normal -0.923853 -0.382749 0
    outer loop
      vertex -24.4593 -15.2815 5
      vertex -24.4025 -15.4186 0
      vertex -24.4025 -15.4186 5
    endloop
  endfacet
  facet normal -0.886885 -0.46199 0
    outer loop
      vertex -24.4593 -15.2815 0
      vertex -24.5278 -15.15 5
      vertex -24.5278 -15.15 0
    endloop
  endfacet
  facet normal -0.886885 -0.46199 0
    outer loop
      vertex -24.5278 -15.15 5
      vertex -24.4593 -15.2815 0
      vertex -24.4593 -15.2815 5
    endloop
  endfacet
  facet normal -0.843689 -0.536832 0
    outer loop
      vertex -24.5278 -15.15 0
      vertex -24.6074 -15.0249 5
      vertex -24.6074 -15.0249 0
    endloop
  endfacet
  facet normal -0.843689 -0.536832 0
    outer loop
      vertex -24.6074 -15.0249 5
      vertex -24.5278 -15.15 0
      vertex -24.5278 -15.15 5
    endloop
  endfacet
  facet normal -0.737434 -0.675419 0
    outer loop
      vertex -24.6977 -14.9073 0
      vertex -24.7979 -14.7979 5
      vertex -24.7979 -14.7979 0
    endloop
  endfacet
  facet normal -0.737434 -0.675419 0
    outer loop
      vertex -24.7979 -14.7979 5
      vertex -24.6977 -14.9073 0
      vertex -24.6977 -14.9073 5
    endloop
  endfacet
  facet normal -0.46199 -0.886885 0
    outer loop
      vertex -25.2815 -14.4593 0
      vertex -25.15 -14.5278 5
      vertex -25.2815 -14.4593 5
    endloop
  endfacet
  facet normal -0.46199 -0.886885 -0
    outer loop
      vertex -25.15 -14.5278 5
      vertex -25.2815 -14.4593 0
      vertex -25.15 -14.5278 0
    endloop
  endfacet
  facet normal -0.382749 -0.923853 0
    outer loop
      vertex -25.4186 -14.4025 0
      vertex -25.2815 -14.4593 5
      vertex -25.4186 -14.4025 5
    endloop
  endfacet
  facet normal -0.382749 -0.923853 -0
    outer loop
      vertex -25.2815 -14.4593 5
      vertex -25.4186 -14.4025 0
      vertex -25.2815 -14.4593 0
    endloop
  endfacet
  facet normal -0.300809 -0.953685 0
    outer loop
      vertex -25.56 -14.3579 0
      vertex -25.4186 -14.4025 5
      vertex -25.56 -14.3579 5
    endloop
  endfacet
  facet normal -0.300809 -0.953685 -0
    outer loop
      vertex -25.4186 -14.4025 5
      vertex -25.56 -14.3579 0
      vertex -25.4186 -14.4025 0
    endloop
  endfacet
  facet normal -0.216431 -0.976298 0
    outer loop
      vertex -25.7048 -14.3258 0
      vertex -25.56 -14.3579 5
      vertex -25.7048 -14.3258 5
    endloop
  endfacet
  facet normal -0.216431 -0.976298 -0
    outer loop
      vertex -25.56 -14.3579 5
      vertex -25.7048 -14.3258 0
      vertex -25.56 -14.3579 0
    endloop
  endfacet
  facet normal 0.923853 -0.382749 0
    outer loop
      vertex -27.5975 -15.4186 5
      vertex -27.5407 -15.2815 0
      vertex -27.5407 -15.2815 5
    endloop
  endfacet
  facet normal 0.923853 -0.382749 0
    outer loop
      vertex -27.5407 -15.2815 0
      vertex -27.5975 -15.4186 5
      vertex -27.5975 -15.4186 0
    endloop
  endfacet
  facet normal 0.953685 -0.300809 0
    outer loop
      vertex -27.6421 -15.56 5
      vertex -27.5975 -15.4186 0
      vertex -27.5975 -15.4186 5
    endloop
  endfacet
  facet normal 0.953685 -0.300809 0
    outer loop
      vertex -27.5975 -15.4186 0
      vertex -27.6421 -15.56 5
      vertex -27.6421 -15.56 0
    endloop
  endfacet
  facet normal 0.976298 -0.216431 0
    outer loop
      vertex -27.6742 -15.7048 5
      vertex -27.6421 -15.56 0
      vertex -27.6421 -15.56 5
    endloop
  endfacet
  facet normal 0.976298 -0.216431 0
    outer loop
      vertex -27.6421 -15.56 0
      vertex -27.6742 -15.7048 5
      vertex -27.6742 -15.7048 0
    endloop
  endfacet
  facet normal 0.737434 -0.675419 0
    outer loop
      vertex -27.3023 -14.9073 5
      vertex -27.2021 -14.7979 0
      vertex -27.2021 -14.7979 5
    endloop
  endfacet
  facet normal 0.737434 -0.675419 0
    outer loop
      vertex -27.2021 -14.7979 0
      vertex -27.3023 -14.9073 5
      vertex -27.3023 -14.9073 0
    endloop
  endfacet
  facet normal 0.79315 -0.609026 0
    outer loop
      vertex -27.3926 -15.0249 5
      vertex -27.3023 -14.9073 0
      vertex -27.3023 -14.9073 5
    endloop
  endfacet
  facet normal 0.79315 -0.609026 0
    outer loop
      vertex -27.3023 -14.9073 0
      vertex -27.3926 -15.0249 5
      vertex -27.3926 -15.0249 0
    endloop
  endfacet
  facet normal 0.216431 -0.976298 0
    outer loop
      vertex -26.44 -14.3579 0
      vertex -26.2952 -14.3258 5
      vertex -26.44 -14.3579 5
    endloop
  endfacet
  facet normal 0.216431 -0.976298 0
    outer loop
      vertex -26.2952 -14.3258 5
      vertex -26.44 -14.3579 0
      vertex -26.2952 -14.3258 0
    endloop
  endfacet
  facet normal 0.46199 -0.886885 0
    outer loop
      vertex -26.85 -14.5278 0
      vertex -26.7185 -14.4593 5
      vertex -26.85 -14.5278 5
    endloop
  endfacet
  facet normal 0.46199 -0.886885 0
    outer loop
      vertex -26.7185 -14.4593 5
      vertex -26.85 -14.5278 0
      vertex -26.7185 -14.4593 0
    endloop
  endfacet
  facet normal 0.536832 -0.843689 0
    outer loop
      vertex -26.9751 -14.6074 0
      vertex -26.85 -14.5278 5
      vertex -26.9751 -14.6074 5
    endloop
  endfacet
  facet normal 0.536832 -0.843689 0
    outer loop
      vertex -26.85 -14.5278 5
      vertex -26.9751 -14.6074 0
      vertex -26.85 -14.5278 0
    endloop
  endfacet
  facet normal 0.675419 -0.737434 0
    outer loop
      vertex -27.2021 -14.7979 0
      vertex -27.0927 -14.6977 5
      vertex -27.2021 -14.7979 5
    endloop
  endfacet
  facet normal 0.675419 -0.737434 0
    outer loop
      vertex -27.0927 -14.6977 5
      vertex -27.2021 -14.7979 0
      vertex -27.0927 -14.6977 0
    endloop
  endfacet
  facet normal -0.99904 -0.0438175 0
    outer loop
      vertex -24.3 -16 0
      vertex -24.3065 -15.8518 5
      vertex -24.3065 -15.8518 0
    endloop
  endfacet
  facet normal -0.99904 -0.0438175 0
    outer loop
      vertex -24.3065 -15.8518 5
      vertex -24.3 -16 0
      vertex -24.3 -16 5
    endloop
  endfacet
  facet normal -0.991491 0.130175 0
    outer loop
      vertex -24.3258 -16.2952 0
      vertex -24.3065 -16.1482 5
      vertex -24.3065 -16.1482 0
    endloop
  endfacet
  facet normal -0.991491 0.130175 0
    outer loop
      vertex -24.3065 -16.1482 5
      vertex -24.3258 -16.2952 0
      vertex -24.3258 -16.2952 5
    endloop
  endfacet
  facet normal -0.216431 0.976298 0
    outer loop
      vertex -25.56 -17.6421 0
      vertex -25.7048 -17.6742 5
      vertex -25.56 -17.6421 5
    endloop
  endfacet
  facet normal -0.216431 0.976298 0
    outer loop
      vertex -25.7048 -17.6742 5
      vertex -25.56 -17.6421 0
      vertex -25.7048 -17.6742 0
    endloop
  endfacet
  facet normal -0.886885 0.46199 0
    outer loop
      vertex -24.5278 -16.85 0
      vertex -24.4593 -16.7185 5
      vertex -24.4593 -16.7185 0
    endloop
  endfacet
  facet normal -0.886885 0.46199 0
    outer loop
      vertex -24.4593 -16.7185 5
      vertex -24.5278 -16.85 0
      vertex -24.5278 -16.85 5
    endloop
  endfacet
  facet normal -0.46199 0.886885 0
    outer loop
      vertex -25.15 -17.4722 0
      vertex -25.2815 -17.5407 5
      vertex -25.15 -17.4722 5
    endloop
  endfacet
  facet normal -0.46199 0.886885 0
    outer loop
      vertex -25.2815 -17.5407 5
      vertex -25.15 -17.4722 0
      vertex -25.2815 -17.5407 0
    endloop
  endfacet
  facet normal 0.300809 0.953685 -0
    outer loop
      vertex -26.44 -17.6421 0
      vertex -26.5814 -17.5975 5
      vertex -26.44 -17.6421 5
    endloop
  endfacet
  facet normal 0.300809 0.953685 0
    outer loop
      vertex -26.5814 -17.5975 5
      vertex -26.44 -17.6421 0
      vertex -26.5814 -17.5975 0
    endloop
  endfacet
  facet normal 0.382749 0.923853 -0
    outer loop
      vertex -26.5814 -17.5975 0
      vertex -26.7185 -17.5407 5
      vertex -26.5814 -17.5975 5
    endloop
  endfacet
  facet normal 0.382749 0.923853 0
    outer loop
      vertex -26.7185 -17.5407 5
      vertex -26.5814 -17.5975 0
      vertex -26.7185 -17.5407 0
    endloop
  endfacet
  facet normal 0.216431 0.976298 -0
    outer loop
      vertex -26.2952 -17.6742 0
      vertex -26.44 -17.6421 5
      vertex -26.2952 -17.6742 5
    endloop
  endfacet
  facet normal 0.216431 0.976298 0
    outer loop
      vertex -26.44 -17.6421 5
      vertex -26.2952 -17.6742 0
      vertex -26.44 -17.6421 0
    endloop
  endfacet
  facet normal 0.46199 0.886885 -0
    outer loop
      vertex -26.7185 -17.5407 0
      vertex -26.85 -17.4722 5
      vertex -26.7185 -17.5407 5
    endloop
  endfacet
  facet normal 0.46199 0.886885 0
    outer loop
      vertex -26.85 -17.4722 5
      vertex -26.7185 -17.5407 0
      vertex -26.85 -17.4722 0
    endloop
  endfacet
  facet normal 0.675419 0.737434 -0
    outer loop
      vertex -27.0927 -17.3023 0
      vertex -27.2021 -17.2021 5
      vertex -27.0927 -17.3023 5
    endloop
  endfacet
  facet normal 0.675419 0.737434 0
    outer loop
      vertex -27.2021 -17.2021 5
      vertex -27.0927 -17.3023 0
      vertex -27.2021 -17.2021 0
    endloop
  endfacet
  facet normal 0.953685 0.300809 0
    outer loop
      vertex -27.5975 -16.5814 5
      vertex -27.6421 -16.44 0
      vertex -27.6421 -16.44 5
    endloop
  endfacet
  facet normal 0.953685 0.300809 0
    outer loop
      vertex -27.6421 -16.44 0
      vertex -27.5975 -16.5814 5
      vertex -27.5975 -16.5814 0
    endloop
  endfacet
  facet normal 0.79315 0.609026 0
    outer loop
      vertex -27.3023 -17.0927 5
      vertex -27.3926 -16.9751 0
      vertex -27.3926 -16.9751 5
    endloop
  endfacet
  facet normal 0.79315 0.609026 0
    outer loop
      vertex -27.3926 -16.9751 0
      vertex -27.3023 -17.0927 5
      vertex -27.3023 -17.0927 0
    endloop
  endfacet
  facet normal 0.737434 0.675419 0
    outer loop
      vertex -27.2021 -17.2021 5
      vertex -27.3023 -17.0927 0
      vertex -27.3023 -17.0927 5
    endloop
  endfacet
  facet normal 0.737434 0.675419 0
    outer loop
      vertex -27.3023 -17.0927 0
      vertex -27.2021 -17.2021 5
      vertex -27.2021 -17.2021 0
    endloop
  endfacet
  facet normal 0.843689 0.536832 0
    outer loop
      vertex -27.3926 -16.9751 5
      vertex -27.4722 -16.85 0
      vertex -27.4722 -16.85 5
    endloop
  endfacet
  facet normal 0.843689 0.536832 0
    outer loop
      vertex -27.4722 -16.85 0
      vertex -27.3926 -16.9751 5
      vertex -27.3926 -16.9751 0
    endloop
  endfacet
  facet normal -0.991491 -0.130175 0
    outer loop
      vertex -24.3065 -15.8518 0
      vertex -24.3258 -15.7048 5
      vertex -24.3258 -15.7048 0
    endloop
  endfacet
  facet normal -0.991491 -0.130175 0
    outer loop
      vertex -24.3258 -15.7048 5
      vertex -24.3065 -15.8518 0
      vertex -24.3065 -15.8518 5
    endloop
  endfacet
  facet normal -0.0438175 -0.99904 0
    outer loop
      vertex -26 -14.3 0
      vertex -25.8518 -14.3065 5
      vertex -26 -14.3 5
    endloop
  endfacet
  facet normal -0.0438175 -0.99904 -0
    outer loop
      vertex -25.8518 -14.3065 5
      vertex -26 -14.3 0
      vertex -25.8518 -14.3065 0
    endloop
  endfacet
  facet normal -0.130175 -0.991491 0
    outer loop
      vertex -25.8518 -14.3065 0
      vertex -25.7048 -14.3258 5
      vertex -25.8518 -14.3065 5
    endloop
  endfacet
  facet normal -0.130175 -0.991491 -0
    outer loop
      vertex -25.7048 -14.3258 5
      vertex -25.8518 -14.3065 0
      vertex -25.7048 -14.3258 0
    endloop
  endfacet
  facet normal 0.99904 -0.0438175 0
    outer loop
      vertex -27.7 -16 5
      vertex -27.6935 -15.8518 0
      vertex -27.6935 -15.8518 5
    endloop
  endfacet
  facet normal 0.99904 -0.0438175 0
    outer loop
      vertex -27.6935 -15.8518 0
      vertex -27.7 -16 5
      vertex -27.7 -16 0
    endloop
  endfacet
  facet normal 0.843689 -0.536832 0
    outer loop
      vertex -27.4722 -15.15 5
      vertex -27.3926 -15.0249 0
      vertex -27.3926 -15.0249 5
    endloop
  endfacet
  facet normal 0.843689 -0.536832 0
    outer loop
      vertex -27.3926 -15.0249 0
      vertex -27.4722 -15.15 5
      vertex -27.4722 -15.15 0
    endloop
  endfacet
  facet normal 0.300809 -0.953685 0
    outer loop
      vertex -26.5814 -14.4025 0
      vertex -26.44 -14.3579 5
      vertex -26.5814 -14.4025 5
    endloop
  endfacet
  facet normal 0.300809 -0.953685 0
    outer loop
      vertex -26.44 -14.3579 5
      vertex -26.5814 -14.4025 0
      vertex -26.44 -14.3579 0
    endloop
  endfacet
  facet normal 0.0438175 -0.99904 0
    outer loop
      vertex -26.1482 -14.3065 0
      vertex -26 -14.3 5
      vertex -26.1482 -14.3065 5
    endloop
  endfacet
  facet normal 0.0438175 -0.99904 0
    outer loop
      vertex -26 -14.3 5
      vertex -26.1482 -14.3065 0
      vertex -26 -14.3 0
    endloop
  endfacet
  facet normal 0.130175 -0.991491 0
    outer loop
      vertex -26.2952 -14.3258 0
      vertex -26.1482 -14.3065 5
      vertex -26.2952 -14.3258 5
    endloop
  endfacet
  facet normal 0.130175 -0.991491 0
    outer loop
      vertex -26.1482 -14.3065 5
      vertex -26.2952 -14.3258 0
      vertex -26.1482 -14.3065 0
    endloop
  endfacet
  facet normal -0.976298 0.216431 0
    outer loop
      vertex -24.3579 -16.44 0
      vertex -24.3258 -16.2952 5
      vertex -24.3258 -16.2952 0
    endloop
  endfacet
  facet normal -0.976298 0.216431 0
    outer loop
      vertex -24.3258 -16.2952 5
      vertex -24.3579 -16.44 0
      vertex -24.3579 -16.44 5
    endloop
  endfacet
  facet normal -0.0438175 0.99904 0
    outer loop
      vertex -25.8518 -17.6935 0
      vertex -26 -17.7 5
      vertex -25.8518 -17.6935 5
    endloop
  endfacet
  facet normal -0.0438175 0.99904 0
    outer loop
      vertex -26 -17.7 5
      vertex -25.8518 -17.6935 0
      vertex -26 -17.7 0
    endloop
  endfacet
  facet normal -0.923853 0.382749 0
    outer loop
      vertex -24.4593 -16.7185 0
      vertex -24.4025 -16.5814 5
      vertex -24.4025 -16.5814 0
    endloop
  endfacet
  facet normal -0.923853 0.382749 0
    outer loop
      vertex -24.4025 -16.5814 5
      vertex -24.4593 -16.7185 0
      vertex -24.4593 -16.7185 5
    endloop
  endfacet
  facet normal -0.79315 0.609026 0
    outer loop
      vertex -24.6977 -17.0927 0
      vertex -24.6074 -16.9751 5
      vertex -24.6074 -16.9751 0
    endloop
  endfacet
  facet normal -0.79315 0.609026 0
    outer loop
      vertex -24.6074 -16.9751 5
      vertex -24.6977 -17.0927 0
      vertex -24.6977 -17.0927 5
    endloop
  endfacet
  facet normal -0.843689 0.536832 0
    outer loop
      vertex -24.6074 -16.9751 0
      vertex -24.5278 -16.85 5
      vertex -24.5278 -16.85 0
    endloop
  endfacet
  facet normal -0.843689 0.536832 0
    outer loop
      vertex -24.5278 -16.85 5
      vertex -24.6074 -16.9751 0
      vertex -24.6074 -16.9751 5
    endloop
  endfacet
  facet normal -0.130175 0.991491 0
    outer loop
      vertex -25.7048 -17.6742 0
      vertex -25.8518 -17.6935 5
      vertex -25.7048 -17.6742 5
    endloop
  endfacet
  facet normal -0.130175 0.991491 0
    outer loop
      vertex -25.8518 -17.6935 5
      vertex -25.7048 -17.6742 0
      vertex -25.8518 -17.6935 0
    endloop
  endfacet
  facet normal -0.382749 0.923853 0
    outer loop
      vertex -25.2815 -17.5407 0
      vertex -25.4186 -17.5975 5
      vertex -25.2815 -17.5407 5
    endloop
  endfacet
  facet normal -0.382749 0.923853 0
    outer loop
      vertex -25.4186 -17.5975 5
      vertex -25.2815 -17.5407 0
      vertex -25.4186 -17.5975 0
    endloop
  endfacet
  facet normal -0.609026 0.79315 0
    outer loop
      vertex -24.9073 -17.3023 0
      vertex -25.0249 -17.3926 5
      vertex -24.9073 -17.3023 5
    endloop
  endfacet
  facet normal -0.609026 0.79315 0
    outer loop
      vertex -25.0249 -17.3926 5
      vertex -24.9073 -17.3023 0
      vertex -25.0249 -17.3926 0
    endloop
  endfacet
  facet normal -0.536832 0.843689 0
    outer loop
      vertex -25.0249 -17.3926 0
      vertex -25.15 -17.4722 5
      vertex -25.0249 -17.3926 5
    endloop
  endfacet
  facet normal -0.536832 0.843689 0
    outer loop
      vertex -25.15 -17.4722 5
      vertex -25.0249 -17.3926 0
      vertex -25.15 -17.4722 0
    endloop
  endfacet
  facet normal 0.130175 0.991491 -0
    outer loop
      vertex -26.1482 -17.6935 0
      vertex -26.2952 -17.6742 5
      vertex -26.1482 -17.6935 5
    endloop
  endfacet
  facet normal 0.130175 0.991491 0
    outer loop
      vertex -26.2952 -17.6742 5
      vertex -26.1482 -17.6935 0
      vertex -26.2952 -17.6742 0
    endloop
  endfacet
  facet normal 0.609026 0.79315 -0
    outer loop
      vertex -26.9751 -17.3926 0
      vertex -27.0927 -17.3023 5
      vertex -26.9751 -17.3926 5
    endloop
  endfacet
  facet normal 0.609026 0.79315 0
    outer loop
      vertex -27.0927 -17.3023 5
      vertex -26.9751 -17.3926 0
      vertex -27.0927 -17.3023 0
    endloop
  endfacet
  facet normal 0.99904 0.0438175 0
    outer loop
      vertex -27.6935 -16.1482 5
      vertex -27.7 -16 0
      vertex -27.7 -16 5
    endloop
  endfacet
  facet normal 0.99904 0.0438175 0
    outer loop
      vertex -27.7 -16 0
      vertex -27.6935 -16.1482 5
      vertex -27.6935 -16.1482 0
    endloop
  endfacet
  facet normal 0.976298 0.216431 0
    outer loop
      vertex -27.6421 -16.44 5
      vertex -27.6742 -16.2952 0
      vertex -27.6742 -16.2952 5
    endloop
  endfacet
  facet normal 0.976298 0.216431 0
    outer loop
      vertex -27.6742 -16.2952 0
      vertex -27.6421 -16.44 5
      vertex -27.6421 -16.44 0
    endloop
  endfacet
  facet normal 0.923853 0.382749 0
    outer loop
      vertex -27.5407 -16.7185 5
      vertex -27.5975 -16.5814 0
      vertex -27.5975 -16.5814 5
    endloop
  endfacet
  facet normal 0.923853 0.382749 0
    outer loop
      vertex -27.5975 -16.5814 0
      vertex -27.5407 -16.7185 5
      vertex -27.5407 -16.7185 0
    endloop
  endfacet
  facet normal 0.991491 -0.130175 0
    outer loop
      vertex -27.6935 -15.8518 5
      vertex -27.6742 -15.7048 0
      vertex -27.6742 -15.7048 5
    endloop
  endfacet
  facet normal 0.991491 -0.130175 0
    outer loop
      vertex -27.6742 -15.7048 0
      vertex -27.6935 -15.8518 5
      vertex -27.6935 -15.8518 0
    endloop
  endfacet
  facet normal -0.953685 0.300809 0
    outer loop
      vertex -24.4025 -16.5814 0
      vertex -24.3579 -16.44 5
      vertex -24.3579 -16.44 0
    endloop
  endfacet
  facet normal -0.953685 0.300809 0
    outer loop
      vertex -24.3579 -16.44 5
      vertex -24.4025 -16.5814 0
      vertex -24.4025 -16.5814 5
    endloop
  endfacet
  facet normal -0.675419 0.737434 0
    outer loop
      vertex -24.7979 -17.2021 0
      vertex -24.9073 -17.3023 5
      vertex -24.7979 -17.2021 5
    endloop
  endfacet
  facet normal -0.675419 0.737434 0
    outer loop
      vertex -24.9073 -17.3023 5
      vertex -24.7979 -17.2021 0
      vertex -24.9073 -17.3023 0
    endloop
  endfacet
  facet normal 0.991491 0.130175 0
    outer loop
      vertex -27.6742 -16.2952 5
      vertex -27.6935 -16.1482 0
      vertex -27.6935 -16.1482 5
    endloop
  endfacet
  facet normal 0.991491 0.130175 0
    outer loop
      vertex -27.6935 -16.1482 0
      vertex -27.6742 -16.2952 5
      vertex -27.6742 -16.2952 0
    endloop
  endfacet
  facet normal -0.99904 -0.0438175 0
    outer loop
      vertex -24.3 16 0
      vertex -24.3065 16.1482 5
      vertex -24.3065 16.1482 0
    endloop
  endfacet
  facet normal -0.99904 -0.0438175 0
    outer loop
      vertex -24.3065 16.1482 5
      vertex -24.3 16 0
      vertex -24.3 16 5
    endloop
  endfacet
  facet normal 0.0438175 -0.99904 0
    outer loop
      vertex -26.1482 17.6935 0
      vertex -26 17.7 5
      vertex -26.1482 17.6935 5
    endloop
  endfacet
  facet normal 0.0438175 -0.99904 0
    outer loop
      vertex -26 17.7 5
      vertex -26.1482 17.6935 0
      vertex -26 17.7 0
    endloop
  endfacet
  facet normal -0.0438175 0.99904 0
    outer loop
      vertex -25.8518 14.3065 0
      vertex -26 14.3 5
      vertex -25.8518 14.3065 5
    endloop
  endfacet
  facet normal -0.0438175 0.99904 0
    outer loop
      vertex -26 14.3 5
      vertex -25.8518 14.3065 0
      vertex -26 14.3 0
    endloop
  endfacet
  facet normal -0.675419 -0.737434 0
    outer loop
      vertex -24.9073 17.3023 0
      vertex -24.7979 17.2021 5
      vertex -24.9073 17.3023 5
    endloop
  endfacet
  facet normal -0.675419 -0.737434 -0
    outer loop
      vertex -24.7979 17.2021 5
      vertex -24.9073 17.3023 0
      vertex -24.7979 17.2021 0
    endloop
  endfacet
  facet normal 0.737434 -0.675419 0
    outer loop
      vertex -27.3023 17.0927 5
      vertex -27.2021 17.2021 0
      vertex -27.2021 17.2021 5
    endloop
  endfacet
  facet normal 0.737434 -0.675419 0
    outer loop
      vertex -27.2021 17.2021 0
      vertex -27.3023 17.0927 5
      vertex -27.3023 17.0927 0
    endloop
  endfacet
  facet normal 0.382749 -0.923853 0
    outer loop
      vertex -26.7185 17.5407 0
      vertex -26.5814 17.5975 5
      vertex -26.7185 17.5407 5
    endloop
  endfacet
  facet normal 0.382749 -0.923853 0
    outer loop
      vertex -26.5814 17.5975 5
      vertex -26.7185 17.5407 0
      vertex -26.5814 17.5975 0
    endloop
  endfacet
  facet normal -0.923853 -0.382749 0
    outer loop
      vertex -24.4025 16.5814 0
      vertex -24.4593 16.7185 5
      vertex -24.4593 16.7185 0
    endloop
  endfacet
  facet normal -0.923853 -0.382749 0
    outer loop
      vertex -24.4593 16.7185 5
      vertex -24.4025 16.5814 0
      vertex -24.4025 16.5814 5
    endloop
  endfacet
  facet normal -0.300809 -0.953685 0
    outer loop
      vertex -25.56 17.6421 0
      vertex -25.4186 17.5975 5
      vertex -25.56 17.6421 5
    endloop
  endfacet
  facet normal -0.300809 -0.953685 -0
    outer loop
      vertex -25.4186 17.5975 5
      vertex -25.56 17.6421 0
      vertex -25.4186 17.5975 0
    endloop
  endfacet
  facet normal -0.536832 -0.843689 0
    outer loop
      vertex -25.15 17.4722 0
      vertex -25.0249 17.3926 5
      vertex -25.15 17.4722 5
    endloop
  endfacet
  facet normal -0.536832 -0.843689 -0
    outer loop
      vertex -25.0249 17.3926 5
      vertex -25.15 17.4722 0
      vertex -25.0249 17.3926 0
    endloop
  endfacet
  facet normal 0.923853 -0.382749 0
    outer loop
      vertex -27.5975 16.5814 5
      vertex -27.5407 16.7185 0
      vertex -27.5407 16.7185 5
    endloop
  endfacet
  facet normal 0.923853 -0.382749 0
    outer loop
      vertex -27.5407 16.7185 0
      vertex -27.5975 16.5814 5
      vertex -27.5975 16.5814 0
    endloop
  endfacet
  facet normal 0.216431 -0.976298 0
    outer loop
      vertex -26.44 17.6421 0
      vertex -26.2952 17.6742 5
      vertex -26.44 17.6421 5
    endloop
  endfacet
  facet normal 0.216431 -0.976298 0
    outer loop
      vertex -26.2952 17.6742 5
      vertex -26.44 17.6421 0
      vertex -26.2952 17.6742 0
    endloop
  endfacet
  facet normal -0.300809 0.953685 0
    outer loop
      vertex -25.4186 14.4025 0
      vertex -25.56 14.3579 5
      vertex -25.4186 14.4025 5
    endloop
  endfacet
  facet normal -0.300809 0.953685 0
    outer loop
      vertex -25.56 14.3579 5
      vertex -25.4186 14.4025 0
      vertex -25.56 14.3579 0
    endloop
  endfacet
  facet normal -0.976298 -0.216431 0
    outer loop
      vertex -24.3258 16.2952 0
      vertex -24.3579 16.44 5
      vertex -24.3579 16.44 0
    endloop
  endfacet
  facet normal -0.976298 -0.216431 0
    outer loop
      vertex -24.3579 16.44 5
      vertex -24.3258 16.2952 0
      vertex -24.3258 16.2952 5
    endloop
  endfacet
  facet normal -0.991491 -0.130175 0
    outer loop
      vertex -24.3065 16.1482 0
      vertex -24.3258 16.2952 5
      vertex -24.3258 16.2952 0
    endloop
  endfacet
  facet normal -0.991491 -0.130175 0
    outer loop
      vertex -24.3258 16.2952 5
      vertex -24.3065 16.1482 0
      vertex -24.3065 16.1482 5
    endloop
  endfacet
  facet normal -0.953685 -0.300809 0
    outer loop
      vertex -24.3579 16.44 0
      vertex -24.4025 16.5814 5
      vertex -24.4025 16.5814 0
    endloop
  endfacet
  facet normal -0.953685 -0.300809 0
    outer loop
      vertex -24.4025 16.5814 5
      vertex -24.3579 16.44 0
      vertex -24.3579 16.44 5
    endloop
  endfacet
  facet normal -0.843689 -0.536832 0
    outer loop
      vertex -24.5278 16.85 0
      vertex -24.6074 16.9751 5
      vertex -24.6074 16.9751 0
    endloop
  endfacet
  facet normal -0.843689 -0.536832 0
    outer loop
      vertex -24.6074 16.9751 5
      vertex -24.5278 16.85 0
      vertex -24.5278 16.85 5
    endloop
  endfacet
  facet normal -0.130175 -0.991491 0
    outer loop
      vertex -25.8518 17.6935 0
      vertex -25.7048 17.6742 5
      vertex -25.8518 17.6935 5
    endloop
  endfacet
  facet normal -0.130175 -0.991491 -0
    outer loop
      vertex -25.7048 17.6742 5
      vertex -25.8518 17.6935 0
      vertex -25.7048 17.6742 0
    endloop
  endfacet
  facet normal -0.216431 -0.976298 0
    outer loop
      vertex -25.7048 17.6742 0
      vertex -25.56 17.6421 5
      vertex -25.7048 17.6742 5
    endloop
  endfacet
  facet normal -0.216431 -0.976298 -0
    outer loop
      vertex -25.56 17.6421 5
      vertex -25.7048 17.6742 0
      vertex -25.56 17.6421 0
    endloop
  endfacet
  facet normal -0.0438175 -0.99904 0
    outer loop
      vertex -26 17.7 0
      vertex -25.8518 17.6935 5
      vertex -26 17.7 5
    endloop
  endfacet
  facet normal -0.0438175 -0.99904 -0
    outer loop
      vertex -25.8518 17.6935 5
      vertex -26 17.7 0
      vertex -25.8518 17.6935 0
    endloop
  endfacet
  facet normal -0.382749 -0.923853 0
    outer loop
      vertex -25.4186 17.5975 0
      vertex -25.2815 17.5407 5
      vertex -25.4186 17.5975 5
    endloop
  endfacet
  facet normal -0.382749 -0.923853 -0
    outer loop
      vertex -25.2815 17.5407 5
      vertex -25.4186 17.5975 0
      vertex -25.2815 17.5407 0
    endloop
  endfacet
  facet normal -0.609026 -0.79315 0
    outer loop
      vertex -25.0249 17.3926 0
      vertex -24.9073 17.3023 5
      vertex -25.0249 17.3926 5
    endloop
  endfacet
  facet normal -0.609026 -0.79315 -0
    outer loop
      vertex -24.9073 17.3023 5
      vertex -25.0249 17.3926 0
      vertex -24.9073 17.3023 0
    endloop
  endfacet
  facet normal 0.991491 -0.130175 0
    outer loop
      vertex -27.6935 16.1482 5
      vertex -27.6742 16.2952 0
      vertex -27.6742 16.2952 5
    endloop
  endfacet
  facet normal 0.991491 -0.130175 0
    outer loop
      vertex -27.6742 16.2952 0
      vertex -27.6935 16.1482 5
      vertex -27.6935 16.1482 0
    endloop
  endfacet
  facet normal 0.953685 -0.300809 0
    outer loop
      vertex -27.6421 16.44 5
      vertex -27.5975 16.5814 0
      vertex -27.5975 16.5814 5
    endloop
  endfacet
  facet normal 0.953685 -0.300809 0
    outer loop
      vertex -27.5975 16.5814 0
      vertex -27.6421 16.44 5
      vertex -27.6421 16.44 0
    endloop
  endfacet
  facet normal 0.976298 -0.216431 0
    outer loop
      vertex -27.6742 16.2952 5
      vertex -27.6421 16.44 0
      vertex -27.6421 16.44 5
    endloop
  endfacet
  facet normal 0.976298 -0.216431 0
    outer loop
      vertex -27.6421 16.44 0
      vertex -27.6742 16.2952 5
      vertex -27.6742 16.2952 0
    endloop
  endfacet
  facet normal 0.99904 -0.0438175 0
    outer loop
      vertex -27.7 16 5
      vertex -27.6935 16.1482 0
      vertex -27.6935 16.1482 5
    endloop
  endfacet
  facet normal 0.99904 -0.0438175 0
    outer loop
      vertex -27.6935 16.1482 0
      vertex -27.7 16 5
      vertex -27.7 16 0
    endloop
  endfacet
  facet normal 0.46199 -0.886885 0
    outer loop
      vertex -26.85 17.4722 0
      vertex -26.7185 17.5407 5
      vertex -26.85 17.4722 5
    endloop
  endfacet
  facet normal 0.46199 -0.886885 0
    outer loop
      vertex -26.7185 17.5407 5
      vertex -26.85 17.4722 0
      vertex -26.7185 17.5407 0
    endloop
  endfacet
  facet normal 0.536832 -0.843689 0
    outer loop
      vertex -26.9751 17.3926 0
      vertex -26.85 17.4722 5
      vertex -26.9751 17.3926 5
    endloop
  endfacet
  facet normal 0.536832 -0.843689 0
    outer loop
      vertex -26.85 17.4722 5
      vertex -26.9751 17.3926 0
      vertex -26.85 17.4722 0
    endloop
  endfacet
  facet normal 0.675419 -0.737434 0
    outer loop
      vertex -27.2021 17.2021 0
      vertex -27.0927 17.3023 5
      vertex -27.2021 17.2021 5
    endloop
  endfacet
  facet normal 0.675419 -0.737434 0
    outer loop
      vertex -27.0927 17.3023 5
      vertex -27.2021 17.2021 0
      vertex -27.0927 17.3023 0
    endloop
  endfacet
  facet normal 0.300809 -0.953685 0
    outer loop
      vertex -26.5814 17.5975 0
      vertex -26.44 17.6421 5
      vertex -26.5814 17.5975 5
    endloop
  endfacet
  facet normal 0.300809 -0.953685 0
    outer loop
      vertex -26.44 17.6421 5
      vertex -26.5814 17.5975 0
      vertex -26.44 17.6421 0
    endloop
  endfacet
  facet normal 0.130175 -0.991491 0
    outer loop
      vertex -26.2952 17.6742 0
      vertex -26.1482 17.6935 5
      vertex -26.2952 17.6742 5
    endloop
  endfacet
  facet normal 0.130175 -0.991491 0
    outer loop
      vertex -26.1482 17.6935 5
      vertex -26.2952 17.6742 0
      vertex -26.1482 17.6935 0
    endloop
  endfacet
  facet normal -0.99904 0.0438175 0
    outer loop
      vertex -24.3065 15.8518 0
      vertex -24.3 16 5
      vertex -24.3 16 0
    endloop
  endfacet
  facet normal -0.99904 0.0438175 0
    outer loop
      vertex -24.3 16 5
      vertex -24.3065 15.8518 0
      vertex -24.3065 15.8518 5
    endloop
  endfacet
  facet normal -0.737434 0.675419 0
    outer loop
      vertex -24.7979 14.7979 0
      vertex -24.6977 14.9073 5
      vertex -24.6977 14.9073 0
    endloop
  endfacet
  facet normal -0.737434 0.675419 0
    outer loop
      vertex -24.6977 14.9073 5
      vertex -24.7979 14.7979 0
      vertex -24.7979 14.7979 5
    endloop
  endfacet
  facet normal -0.130175 0.991491 0
    outer loop
      vertex -25.7048 14.3258 0
      vertex -25.8518 14.3065 5
      vertex -25.7048 14.3258 5
    endloop
  endfacet
  facet normal -0.130175 0.991491 0
    outer loop
      vertex -25.8518 14.3065 5
      vertex -25.7048 14.3258 0
      vertex -25.8518 14.3065 0
    endloop
  endfacet
  facet normal -0.382749 0.923853 0
    outer loop
      vertex -25.2815 14.4593 0
      vertex -25.4186 14.4025 5
      vertex -25.2815 14.4593 5
    endloop
  endfacet
  facet normal -0.382749 0.923853 0
    outer loop
      vertex -25.4186 14.4025 5
      vertex -25.2815 14.4593 0
      vertex -25.4186 14.4025 0
    endloop
  endfacet
  facet normal -0.737434 -0.675419 0
    outer loop
      vertex -24.6977 17.0927 0
      vertex -24.7979 17.2021 5
      vertex -24.7979 17.2021 0
    endloop
  endfacet
  facet normal -0.737434 -0.675419 0
    outer loop
      vertex -24.7979 17.2021 5
      vertex -24.6977 17.0927 0
      vertex -24.6977 17.0927 5
    endloop
  endfacet
  facet normal -0.886885 -0.46199 0
    outer loop
      vertex -24.4593 16.7185 0
      vertex -24.5278 16.85 5
      vertex -24.5278 16.85 0
    endloop
  endfacet
  facet normal -0.886885 -0.46199 0
    outer loop
      vertex -24.5278 16.85 5
      vertex -24.4593 16.7185 0
      vertex -24.4593 16.7185 5
    endloop
  endfacet
  facet normal -0.46199 -0.886885 0
    outer loop
      vertex -25.2815 17.5407 0
      vertex -25.15 17.4722 5
      vertex -25.2815 17.5407 5
    endloop
  endfacet
  facet normal -0.46199 -0.886885 -0
    outer loop
      vertex -25.15 17.4722 5
      vertex -25.2815 17.5407 0
      vertex -25.15 17.4722 0
    endloop
  endfacet
  facet normal 0.99904 0.0438175 0
    outer loop
      vertex -27.6935 15.8518 5
      vertex -27.7 16 0
      vertex -27.7 16 5
    endloop
  endfacet
  facet normal 0.99904 0.0438175 0
    outer loop
      vertex -27.7 16 0
      vertex -27.6935 15.8518 5
      vertex -27.6935 15.8518 0
    endloop
  endfacet
  facet normal 0.609026 -0.79315 0
    outer loop
      vertex -27.0927 17.3023 0
      vertex -26.9751 17.3926 5
      vertex -27.0927 17.3023 5
    endloop
  endfacet
  facet normal 0.609026 -0.79315 0
    outer loop
      vertex -26.9751 17.3926 5
      vertex -27.0927 17.3023 0
      vertex -26.9751 17.3926 0
    endloop
  endfacet
  facet normal -0.976298 0.216431 0
    outer loop
      vertex -24.3579 15.56 0
      vertex -24.3258 15.7048 5
      vertex -24.3258 15.7048 0
    endloop
  endfacet
  facet normal -0.976298 0.216431 0
    outer loop
      vertex -24.3258 15.7048 5
      vertex -24.3579 15.56 0
      vertex -24.3579 15.56 5
    endloop
  endfacet
  facet normal -0.79315 0.609026 0
    outer loop
      vertex -24.6977 14.9073 0
      vertex -24.6074 15.0249 5
      vertex -24.6074 15.0249 0
    endloop
  endfacet
  facet normal -0.79315 0.609026 0
    outer loop
      vertex -24.6074 15.0249 5
      vertex -24.6977 14.9073 0
      vertex -24.6977 14.9073 5
    endloop
  endfacet
  facet normal -0.46199 0.886885 0
    outer loop
      vertex -25.15 14.5278 0
      vertex -25.2815 14.4593 5
      vertex -25.15 14.5278 5
    endloop
  endfacet
  facet normal -0.46199 0.886885 0
    outer loop
      vertex -25.2815 14.4593 5
      vertex -25.15 14.5278 0
      vertex -25.2815 14.4593 0
    endloop
  endfacet
  facet normal -0.923853 0.382749 0
    outer loop
      vertex -24.4593 15.2815 0
      vertex -24.4025 15.4186 5
      vertex -24.4025 15.4186 0
    endloop
  endfacet
  facet normal -0.923853 0.382749 0
    outer loop
      vertex -24.4025 15.4186 5
      vertex -24.4593 15.2815 0
      vertex -24.4593 15.2815 5
    endloop
  endfacet
  facet normal 0.953685 0.300809 0
    outer loop
      vertex -27.5975 15.4186 5
      vertex -27.6421 15.56 0
      vertex -27.6421 15.56 5
    endloop
  endfacet
  facet normal 0.953685 0.300809 0
    outer loop
      vertex -27.6421 15.56 0
      vertex -27.5975 15.4186 5
      vertex -27.5975 15.4186 0
    endloop
  endfacet
  facet normal 0.923853 0.382749 0
    outer loop
      vertex -27.5407 15.2815 5
      vertex -27.5975 15.4186 0
      vertex -27.5975 15.4186 5
    endloop
  endfacet
  facet normal 0.923853 0.382749 0
    outer loop
      vertex -27.5975 15.4186 0
      vertex -27.5407 15.2815 5
      vertex -27.5407 15.2815 0
    endloop
  endfacet
  facet normal -0.79315 -0.609026 0
    outer loop
      vertex -24.6074 16.9751 0
      vertex -24.6977 17.0927 5
      vertex -24.6977 17.0927 0
    endloop
  endfacet
  facet normal -0.79315 -0.609026 0
    outer loop
      vertex -24.6977 17.0927 5
      vertex -24.6074 16.9751 0
      vertex -24.6074 16.9751 5
    endloop
  endfacet
  facet normal 0.886885 -0.46199 0
    outer loop
      vertex -27.5407 16.7185 5
      vertex -27.4722 16.85 0
      vertex -27.4722 16.85 5
    endloop
  endfacet
  facet normal 0.886885 -0.46199 0
    outer loop
      vertex -27.4722 16.85 0
      vertex -27.5407 16.7185 5
      vertex -27.5407 16.7185 0
    endloop
  endfacet
  facet normal 0.843689 -0.536832 0
    outer loop
      vertex -27.4722 16.85 5
      vertex -27.3926 16.9751 0
      vertex -27.3926 16.9751 5
    endloop
  endfacet
  facet normal 0.843689 -0.536832 0
    outer loop
      vertex -27.3926 16.9751 0
      vertex -27.4722 16.85 5
      vertex -27.4722 16.85 0
    endloop
  endfacet
  facet normal 0.79315 -0.609026 0
    outer loop
      vertex -27.3926 16.9751 5
      vertex -27.3023 17.0927 0
      vertex -27.3023 17.0927 5
    endloop
  endfacet
  facet normal 0.79315 -0.609026 0
    outer loop
      vertex -27.3023 17.0927 0
      vertex -27.3926 16.9751 5
      vertex -27.3926 16.9751 0
    endloop
  endfacet
  facet normal -0.991491 0.130175 0
    outer loop
      vertex -24.3258 15.7048 0
      vertex -24.3065 15.8518 5
      vertex -24.3065 15.8518 0
    endloop
  endfacet
  facet normal -0.991491 0.130175 0
    outer loop
      vertex -24.3065 15.8518 5
      vertex -24.3258 15.7048 0
      vertex -24.3258 15.7048 5
    endloop
  endfacet
  facet normal -0.843689 0.536832 0
    outer loop
      vertex -24.6074 15.0249 0
      vertex -24.5278 15.15 5
      vertex -24.5278 15.15 0
    endloop
  endfacet
  facet normal -0.843689 0.536832 0
    outer loop
      vertex -24.5278 15.15 5
      vertex -24.6074 15.0249 0
      vertex -24.6074 15.0249 5
    endloop
  endfacet
  facet normal -0.886885 0.46199 0
    outer loop
      vertex -24.5278 15.15 0
      vertex -24.4593 15.2815 5
      vertex -24.4593 15.2815 0
    endloop
  endfacet
  facet normal -0.886885 0.46199 0
    outer loop
      vertex -24.4593 15.2815 5
      vertex -24.5278 15.15 0
      vertex -24.5278 15.15 5
    endloop
  endfacet
  facet normal -0.609026 0.79315 0
    outer loop
      vertex -24.9073 14.6977 0
      vertex -25.0249 14.6074 5
      vertex -24.9073 14.6977 5
    endloop
  endfacet
  facet normal -0.609026 0.79315 0
    outer loop
      vertex -25.0249 14.6074 5
      vertex -24.9073 14.6977 0
      vertex -25.0249 14.6074 0
    endloop
  endfacet
  facet normal -0.953685 0.300809 0
    outer loop
      vertex -24.4025 15.4186 0
      vertex -24.3579 15.56 5
      vertex -24.3579 15.56 0
    endloop
  endfacet
  facet normal -0.953685 0.300809 0
    outer loop
      vertex -24.3579 15.56 5
      vertex -24.4025 15.4186 0
      vertex -24.4025 15.4186 5
    endloop
  endfacet
  facet normal 0.0438175 0.99904 -0
    outer loop
      vertex -26 14.3 0
      vertex -26.1482 14.3065 5
      vertex -26 14.3 5
    endloop
  endfacet
  facet normal 0.0438175 0.99904 0
    outer loop
      vertex -26.1482 14.3065 5
      vertex -26 14.3 0
      vertex -26.1482 14.3065 0
    endloop
  endfacet
  facet normal 0.675419 0.737434 -0
    outer loop
      vertex -27.0927 14.6977 0
      vertex -27.2021 14.7979 5
      vertex -27.0927 14.6977 5
    endloop
  endfacet
  facet normal 0.675419 0.737434 0
    outer loop
      vertex -27.2021 14.7979 5
      vertex -27.0927 14.6977 0
      vertex -27.2021 14.7979 0
    endloop
  endfacet
  facet normal 0.79315 0.609026 0
    outer loop
      vertex -27.3023 14.9073 5
      vertex -27.3926 15.0249 0
      vertex -27.3926 15.0249 5
    endloop
  endfacet
  facet normal 0.79315 0.609026 0
    outer loop
      vertex -27.3926 15.0249 0
      vertex -27.3023 14.9073 5
      vertex -27.3023 14.9073 0
    endloop
  endfacet
  facet normal 0.886885 0.46199 0
    outer loop
      vertex -27.4722 15.15 5
      vertex -27.5407 15.2815 0
      vertex -27.5407 15.2815 5
    endloop
  endfacet
  facet normal 0.886885 0.46199 0
    outer loop
      vertex -27.5407 15.2815 0
      vertex -27.4722 15.15 5
      vertex -27.4722 15.15 0
    endloop
  endfacet
  facet normal 0.976298 0.216431 0
    outer loop
      vertex -27.6421 15.56 5
      vertex -27.6742 15.7048 0
      vertex -27.6742 15.7048 5
    endloop
  endfacet
  facet normal 0.976298 0.216431 0
    outer loop
      vertex -27.6742 15.7048 0
      vertex -27.6421 15.56 5
      vertex -27.6421 15.56 0
    endloop
  endfacet
  facet normal 0.991491 0.130175 0
    outer loop
      vertex -27.6742 15.7048 5
      vertex -27.6935 15.8518 0
      vertex -27.6935 15.8518 5
    endloop
  endfacet
  facet normal 0.991491 0.130175 0
    outer loop
      vertex -27.6935 15.8518 0
      vertex -27.6742 15.7048 5
      vertex -27.6742 15.7048 0
    endloop
  endfacet
  facet normal -0.216431 0.976298 0
    outer loop
      vertex -25.56 14.3579 0
      vertex -25.7048 14.3258 5
      vertex -25.56 14.3579 5
    endloop
  endfacet
  facet normal -0.216431 0.976298 0
    outer loop
      vertex -25.7048 14.3258 5
      vertex -25.56 14.3579 0
      vertex -25.7048 14.3258 0
    endloop
  endfacet
  facet normal -0.675419 0.737434 0
    outer loop
      vertex -24.7979 14.7979 0
      vertex -24.9073 14.6977 5
      vertex -24.7979 14.7979 5
    endloop
  endfacet
  facet normal -0.675419 0.737434 0
    outer loop
      vertex -24.9073 14.6977 5
      vertex -24.7979 14.7979 0
      vertex -24.9073 14.6977 0
    endloop
  endfacet
  facet normal 0.216431 0.976298 -0
    outer loop
      vertex -26.2952 14.3258 0
      vertex -26.44 14.3579 5
      vertex -26.2952 14.3258 5
    endloop
  endfacet
  facet normal 0.216431 0.976298 0
    outer loop
      vertex -26.44 14.3579 5
      vertex -26.2952 14.3258 0
      vertex -26.44 14.3579 0
    endloop
  endfacet
  facet normal 0.609026 0.79315 -0
    outer loop
      vertex -26.9751 14.6074 0
      vertex -27.0927 14.6977 5
      vertex -26.9751 14.6074 5
    endloop
  endfacet
  facet normal 0.609026 0.79315 0
    outer loop
      vertex -27.0927 14.6977 5
      vertex -26.9751 14.6074 0
      vertex -27.0927 14.6977 0
    endloop
  endfacet
  facet normal 0.382749 0.923853 -0
    outer loop
      vertex -26.5814 14.4025 0
      vertex -26.7185 14.4593 5
      vertex -26.5814 14.4025 5
    endloop
  endfacet
  facet normal 0.382749 0.923853 0
    outer loop
      vertex -26.7185 14.4593 5
      vertex -26.5814 14.4025 0
      vertex -26.7185 14.4593 0
    endloop
  endfacet
  facet normal 0.843689 0.536832 0
    outer loop
      vertex -27.3926 15.0249 5
      vertex -27.4722 15.15 0
      vertex -27.4722 15.15 5
    endloop
  endfacet
  facet normal 0.843689 0.536832 0
    outer loop
      vertex -27.4722 15.15 0
      vertex -27.3926 15.0249 5
      vertex -27.3926 15.0249 0
    endloop
  endfacet
  facet normal -0.536832 0.843689 0
    outer loop
      vertex -25.0249 14.6074 0
      vertex -25.15 14.5278 5
      vertex -25.0249 14.6074 5
    endloop
  endfacet
  facet normal -0.536832 0.843689 0
    outer loop
      vertex -25.15 14.5278 5
      vertex -25.0249 14.6074 0
      vertex -25.15 14.5278 0
    endloop
  endfacet
  facet normal 0.130175 0.991491 -0
    outer loop
      vertex -26.1482 14.3065 0
      vertex -26.2952 14.3258 5
      vertex -26.1482 14.3065 5
    endloop
  endfacet
  facet normal 0.130175 0.991491 0
    outer loop
      vertex -26.2952 14.3258 5
      vertex -26.1482 14.3065 0
      vertex -26.2952 14.3258 0
    endloop
  endfacet
  facet normal 0.300809 0.953685 -0
    outer loop
      vertex -26.44 14.3579 0
      vertex -26.5814 14.4025 5
      vertex -26.44 14.3579 5
    endloop
  endfacet
  facet normal 0.300809 0.953685 0
    outer loop
      vertex -26.5814 14.4025 5
      vertex -26.44 14.3579 0
      vertex -26.5814 14.4025 0
    endloop
  endfacet
  facet normal 0.46199 0.886885 -0
    outer loop
      vertex -26.7185 14.4593 0
      vertex -26.85 14.5278 5
      vertex -26.7185 14.4593 5
    endloop
  endfacet
  facet normal 0.46199 0.886885 0
    outer loop
      vertex -26.85 14.5278 5
      vertex -26.7185 14.4593 0
      vertex -26.85 14.5278 0
    endloop
  endfacet
  facet normal 0.536832 0.843689 -0
    outer loop
      vertex -26.85 14.5278 0
      vertex -26.9751 14.6074 5
      vertex -26.85 14.5278 5
    endloop
  endfacet
  facet normal 0.536832 0.843689 0
    outer loop
      vertex -26.9751 14.6074 5
      vertex -26.85 14.5278 0
      vertex -26.9751 14.6074 0
    endloop
  endfacet
  facet normal 0.737434 0.675419 0
    outer loop
      vertex -27.2021 14.7979 5
      vertex -27.3023 14.9073 0
      vertex -27.3023 14.9073 5
    endloop
  endfacet
  facet normal 0.737434 0.675419 0
    outer loop
      vertex -27.3023 14.9073 0
      vertex -27.2021 14.7979 5
      vertex -27.2021 14.7979 0
    endloop
  endfacet
  facet normal -0.99904 -0.0438175 0
    outer loop
      vertex 27.7 -16 0
      vertex 27.6935 -15.8518 5
      vertex 27.6935 -15.8518 0
    endloop
  endfacet
  facet normal -0.99904 -0.0438175 0
    outer loop
      vertex 27.6935 -15.8518 5
      vertex 27.7 -16 0
      vertex 27.7 -16 5
    endloop
  endfacet
  facet normal 0.99904 -0.0438175 0
    outer loop
      vertex 24.3 -16 5
      vertex 24.3065 -15.8518 0
      vertex 24.3065 -15.8518 5
    endloop
  endfacet
  facet normal 0.99904 -0.0438175 0
    outer loop
      vertex 24.3065 -15.8518 0
      vertex 24.3 -16 5
      vertex 24.3 -16 0
    endloop
  endfacet
  facet normal -0.0438175 -0.99904 0
    outer loop
      vertex 26 -14.3 0
      vertex 26.1482 -14.3065 5
      vertex 26 -14.3 5
    endloop
  endfacet
  facet normal -0.0438175 -0.99904 -0
    outer loop
      vertex 26.1482 -14.3065 5
      vertex 26 -14.3 0
      vertex 26.1482 -14.3065 0
    endloop
  endfacet
  facet normal 0.0438175 0.99904 -0
    outer loop
      vertex 26 -17.7 0
      vertex 25.8518 -17.6935 5
      vertex 26 -17.7 5
    endloop
  endfacet
  facet normal 0.0438175 0.99904 0
    outer loop
      vertex 25.8518 -17.6935 5
      vertex 26 -17.7 0
      vertex 25.8518 -17.6935 0
    endloop
  endfacet
  facet normal -0.737434 -0.675419 0
    outer loop
      vertex 27.3023 -14.9073 0
      vertex 27.2021 -14.7979 5
      vertex 27.2021 -14.7979 0
    endloop
  endfacet
  facet normal -0.737434 -0.675419 0
    outer loop
      vertex 27.2021 -14.7979 5
      vertex 27.3023 -14.9073 0
      vertex 27.3023 -14.9073 5
    endloop
  endfacet
  facet normal 0.675419 -0.737434 0
    outer loop
      vertex 24.7979 -14.7979 0
      vertex 24.9073 -14.6977 5
      vertex 24.7979 -14.7979 5
    endloop
  endfacet
  facet normal 0.675419 -0.737434 0
    outer loop
      vertex 24.9073 -14.6977 5
      vertex 24.7979 -14.7979 0
      vertex 24.9073 -14.6977 0
    endloop
  endfacet
  facet normal 0.382749 -0.923853 0
    outer loop
      vertex 25.2815 -14.4593 0
      vertex 25.4186 -14.4025 5
      vertex 25.2815 -14.4593 5
    endloop
  endfacet
  facet normal 0.382749 -0.923853 0
    outer loop
      vertex 25.4186 -14.4025 5
      vertex 25.2815 -14.4593 0
      vertex 25.4186 -14.4025 0
    endloop
  endfacet
  facet normal 0.953685 0.300809 0
    outer loop
      vertex 24.4025 -16.5814 5
      vertex 24.3579 -16.44 0
      vertex 24.3579 -16.44 5
    endloop
  endfacet
  facet normal 0.953685 0.300809 0
    outer loop
      vertex 24.3579 -16.44 0
      vertex 24.4025 -16.5814 5
      vertex 24.4025 -16.5814 0
    endloop
  endfacet
  facet normal -0.923853 -0.382749 0
    outer loop
      vertex 27.5975 -15.4186 0
      vertex 27.5407 -15.2815 5
      vertex 27.5407 -15.2815 0
    endloop
  endfacet
  facet normal -0.923853 -0.382749 0
    outer loop
      vertex 27.5407 -15.2815 5
      vertex 27.5975 -15.4186 0
      vertex 27.5975 -15.4186 5
    endloop
  endfacet
  facet normal -0.46199 -0.886885 0
    outer loop
      vertex 26.7185 -14.4593 0
      vertex 26.85 -14.5278 5
      vertex 26.7185 -14.4593 5
    endloop
  endfacet
  facet normal -0.46199 -0.886885 -0
    outer loop
      vertex 26.85 -14.5278 5
      vertex 26.7185 -14.4593 0
      vertex 26.85 -14.5278 0
    endloop
  endfacet
  facet normal 0.843689 -0.536832 0
    outer loop
      vertex 24.5278 -15.15 5
      vertex 24.6074 -15.0249 0
      vertex 24.6074 -15.0249 5
    endloop
  endfacet
  facet normal 0.843689 -0.536832 0
    outer loop
      vertex 24.6074 -15.0249 0
      vertex 24.5278 -15.15 5
      vertex 24.5278 -15.15 0
    endloop
  endfacet
  facet normal 0.79315 -0.609026 0
    outer loop
      vertex 24.6074 -15.0249 5
      vertex 24.6977 -14.9073 0
      vertex 24.6977 -14.9073 5
    endloop
  endfacet
  facet normal 0.79315 -0.609026 0
    outer loop
      vertex 24.6977 -14.9073 0
      vertex 24.6074 -15.0249 5
      vertex 24.6074 -15.0249 0
    endloop
  endfacet
  facet normal 0.216431 -0.976298 0
    outer loop
      vertex 25.56 -14.3579 0
      vertex 25.7048 -14.3258 5
      vertex 25.56 -14.3579 5
    endloop
  endfacet
  facet normal 0.216431 -0.976298 0
    outer loop
      vertex 25.7048 -14.3258 5
      vertex 25.56 -14.3579 0
      vertex 25.7048 -14.3258 0
    endloop
  endfacet
  facet normal -0.300809 0.953685 0
    outer loop
      vertex 26.5814 -17.5975 0
      vertex 26.44 -17.6421 5
      vertex 26.5814 -17.5975 5
    endloop
  endfacet
  facet normal -0.300809 0.953685 0
    outer loop
      vertex 26.44 -17.6421 5
      vertex 26.5814 -17.5975 0
      vertex 26.44 -17.6421 0
    endloop
  endfacet
  facet normal -0.737434 0.675419 0
    outer loop
      vertex 27.2021 -17.2021 0
      vertex 27.3023 -17.0927 5
      vertex 27.3023 -17.0927 0
    endloop
  endfacet
  facet normal -0.737434 0.675419 0
    outer loop
      vertex 27.3023 -17.0927 5
      vertex 27.2021 -17.2021 0
      vertex 27.2021 -17.2021 5
    endloop
  endfacet
  facet normal 0.382749 0.923853 -0
    outer loop
      vertex 25.4186 -17.5975 0
      vertex 25.2815 -17.5407 5
      vertex 25.4186 -17.5975 5
    endloop
  endfacet
  facet normal 0.382749 0.923853 0
    outer loop
      vertex 25.2815 -17.5407 5
      vertex 25.4186 -17.5975 0
      vertex 25.2815 -17.5407 0
    endloop
  endfacet
  facet normal 0.737434 0.675419 0
    outer loop
      vertex 24.7979 -17.2021 5
      vertex 24.6977 -17.0927 0
      vertex 24.6977 -17.0927 5
    endloop
  endfacet
  facet normal 0.737434 0.675419 0
    outer loop
      vertex 24.6977 -17.0927 0
      vertex 24.7979 -17.2021 5
      vertex 24.7979 -17.2021 0
    endloop
  endfacet
  facet normal 0.79315 0.609026 0
    outer loop
      vertex 24.6977 -17.0927 5
      vertex 24.6074 -16.9751 0
      vertex 24.6074 -16.9751 5
    endloop
  endfacet
  facet normal 0.79315 0.609026 0
    outer loop
      vertex 24.6074 -16.9751 0
      vertex 24.6977 -17.0927 5
      vertex 24.6977 -17.0927 0
    endloop
  endfacet
  facet normal -0.976298 -0.216431 0
    outer loop
      vertex 27.6742 -15.7048 0
      vertex 27.6421 -15.56 5
      vertex 27.6421 -15.56 0
    endloop
  endfacet
  facet normal -0.976298 -0.216431 0
    outer loop
      vertex 27.6421 -15.56 5
      vertex 27.6742 -15.7048 0
      vertex 27.6742 -15.7048 5
    endloop
  endfacet
  facet normal -0.991491 -0.130175 0
    outer loop
      vertex 27.6935 -15.8518 0
      vertex 27.6742 -15.7048 5
      vertex 27.6742 -15.7048 0
    endloop
  endfacet
  facet normal -0.991491 -0.130175 0
    outer loop
      vertex 27.6742 -15.7048 5
      vertex 27.6935 -15.8518 0
      vertex 27.6935 -15.8518 5
    endloop
  endfacet
  facet normal -0.953685 -0.300809 0
    outer loop
      vertex 27.6421 -15.56 0
      vertex 27.5975 -15.4186 5
      vertex 27.5975 -15.4186 0
    endloop
  endfacet
  facet normal -0.953685 -0.300809 0
    outer loop
      vertex 27.5975 -15.4186 5
      vertex 27.6421 -15.56 0
      vertex 27.6421 -15.56 5
    endloop
  endfacet
  facet normal -0.843689 -0.536832 0
    outer loop
      vertex 27.4722 -15.15 0
      vertex 27.3926 -15.0249 5
      vertex 27.3926 -15.0249 0
    endloop
  endfacet
  facet normal -0.843689 -0.536832 0
    outer loop
      vertex 27.3926 -15.0249 5
      vertex 27.4722 -15.15 0
      vertex 27.4722 -15.15 5
    endloop
  endfacet
  facet normal -0.886885 -0.46199 0
    outer loop
      vertex 27.5407 -15.2815 0
      vertex 27.4722 -15.15 5
      vertex 27.4722 -15.15 0
    endloop
  endfacet
  facet normal -0.886885 -0.46199 0
    outer loop
      vertex 27.4722 -15.15 5
      vertex 27.5407 -15.2815 0
      vertex 27.5407 -15.2815 5
    endloop
  endfacet
  facet normal -0.300809 -0.953685 0
    outer loop
      vertex 26.44 -14.3579 0
      vertex 26.5814 -14.4025 5
      vertex 26.44 -14.3579 5
    endloop
  endfacet
  facet normal -0.300809 -0.953685 -0
    outer loop
      vertex 26.5814 -14.4025 5
      vertex 26.44 -14.3579 0
      vertex 26.5814 -14.4025 0
    endloop
  endfacet
  facet normal -0.216431 -0.976298 0
    outer loop
      vertex 26.2952 -14.3258 0
      vertex 26.44 -14.3579 5
      vertex 26.2952 -14.3258 5
    endloop
  endfacet
  facet normal -0.216431 -0.976298 -0
    outer loop
      vertex 26.44 -14.3579 5
      vertex 26.2952 -14.3258 0
      vertex 26.44 -14.3579 0
    endloop
  endfacet
  facet normal -0.609026 -0.79315 0
    outer loop
      vertex 26.9751 -14.6074 0
      vertex 27.0927 -14.6977 5
      vertex 26.9751 -14.6074 5
    endloop
  endfacet
  facet normal -0.609026 -0.79315 -0
    outer loop
      vertex 27.0927 -14.6977 5
      vertex 26.9751 -14.6074 0
      vertex 27.0927 -14.6977 0
    endloop
  endfacet
  facet normal -0.536832 -0.843689 0
    outer loop
      vertex 26.85 -14.5278 0
      vertex 26.9751 -14.6074 5
      vertex 26.85 -14.5278 5
    endloop
  endfacet
  facet normal -0.536832 -0.843689 -0
    outer loop
      vertex 26.9751 -14.6074 5
      vertex 26.85 -14.5278 0
      vertex 26.9751 -14.6074 0
    endloop
  endfacet
  facet normal -0.675419 -0.737434 0
    outer loop
      vertex 27.0927 -14.6977 0
      vertex 27.2021 -14.7979 5
      vertex 27.0927 -14.6977 5
    endloop
  endfacet
  facet normal -0.675419 -0.737434 -0
    outer loop
      vertex 27.2021 -14.7979 5
      vertex 27.0927 -14.6977 0
      vertex 27.2021 -14.7979 0
    endloop
  endfacet
  facet normal 0.953685 -0.300809 0
    outer loop
      vertex 24.3579 -15.56 5
      vertex 24.4025 -15.4186 0
      vertex 24.4025 -15.4186 5
    endloop
  endfacet
  facet normal 0.953685 -0.300809 0
    outer loop
      vertex 24.4025 -15.4186 0
      vertex 24.3579 -15.56 5
      vertex 24.3579 -15.56 0
    endloop
  endfacet
  facet normal 0.886885 -0.46199 0
    outer loop
      vertex 24.4593 -15.2815 5
      vertex 24.5278 -15.15 0
      vertex 24.5278 -15.15 5
    endloop
  endfacet
  facet normal 0.886885 -0.46199 0
    outer loop
      vertex 24.5278 -15.15 0
      vertex 24.4593 -15.2815 5
      vertex 24.4593 -15.2815 0
    endloop
  endfacet
  facet normal 0.976298 -0.216431 0
    outer loop
      vertex 24.3258 -15.7048 5
      vertex 24.3579 -15.56 0
      vertex 24.3579 -15.56 5
    endloop
  endfacet
  facet normal 0.976298 -0.216431 0
    outer loop
      vertex 24.3579 -15.56 0
      vertex 24.3258 -15.7048 5
      vertex 24.3258 -15.7048 0
    endloop
  endfacet
  facet normal 0.536832 -0.843689 0
    outer loop
      vertex 25.0249 -14.6074 0
      vertex 25.15 -14.5278 5
      vertex 25.0249 -14.6074 5
    endloop
  endfacet
  facet normal 0.536832 -0.843689 0
    outer loop
      vertex 25.15 -14.5278 5
      vertex 25.0249 -14.6074 0
      vertex 25.15 -14.5278 0
    endloop
  endfacet
  facet normal 0.130175 -0.991491 0
    outer loop
      vertex 25.7048 -14.3258 0
      vertex 25.8518 -14.3065 5
      vertex 25.7048 -14.3258 5
    endloop
  endfacet
  facet normal 0.130175 -0.991491 0
    outer loop
      vertex 25.8518 -14.3065 5
      vertex 25.7048 -14.3258 0
      vertex 25.8518 -14.3065 0
    endloop
  endfacet
  facet normal -0.99904 0.0438175 0
    outer loop
      vertex 27.6935 -16.1482 0
      vertex 27.7 -16 5
      vertex 27.7 -16 0
    endloop
  endfacet
  facet normal -0.99904 0.0438175 0
    outer loop
      vertex 27.7 -16 5
      vertex 27.6935 -16.1482 0
      vertex 27.6935 -16.1482 5
    endloop
  endfacet
  facet normal -0.46199 0.886885 0
    outer loop
      vertex 26.85 -17.4722 0
      vertex 26.7185 -17.5407 5
      vertex 26.85 -17.4722 5
    endloop
  endfacet
  facet normal -0.46199 0.886885 0
    outer loop
      vertex 26.7185 -17.5407 5
      vertex 26.85 -17.4722 0
      vertex 26.7185 -17.5407 0
    endloop
  endfacet
  facet normal -0.79315 0.609026 0
    outer loop
      vertex 27.3023 -17.0927 0
      vertex 27.3926 -16.9751 5
      vertex 27.3926 -16.9751 0
    endloop
  endfacet
  facet normal -0.79315 0.609026 0
    outer loop
      vertex 27.3926 -16.9751 5
      vertex 27.3023 -17.0927 0
      vertex 27.3023 -17.0927 5
    endloop
  endfacet
  facet normal 0.609026 0.79315 -0
    outer loop
      vertex 25.0249 -17.3926 0
      vertex 24.9073 -17.3023 5
      vertex 25.0249 -17.3926 5
    endloop
  endfacet
  facet normal 0.609026 0.79315 0
    outer loop
      vertex 24.9073 -17.3023 5
      vertex 25.0249 -17.3926 0
      vertex 24.9073 -17.3023 0
    endloop
  endfacet
  facet normal 0.675419 0.737434 -0
    outer loop
      vertex 24.9073 -17.3023 0
      vertex 24.7979 -17.2021 5
      vertex 24.9073 -17.3023 5
    endloop
  endfacet
  facet normal 0.675419 0.737434 0
    outer loop
      vertex 24.7979 -17.2021 5
      vertex 24.9073 -17.3023 0
      vertex 24.7979 -17.2021 0
    endloop
  endfacet
  facet normal 0.536832 0.843689 -0
    outer loop
      vertex 25.15 -17.4722 0
      vertex 25.0249 -17.3926 5
      vertex 25.15 -17.4722 5
    endloop
  endfacet
  facet normal 0.536832 0.843689 0
    outer loop
      vertex 25.0249 -17.3926 5
      vertex 25.15 -17.4722 0
      vertex 25.0249 -17.3926 0
    endloop
  endfacet
  facet normal 0.216431 0.976298 -0
    outer loop
      vertex 25.7048 -17.6742 0
      vertex 25.56 -17.6421 5
      vertex 25.7048 -17.6742 5
    endloop
  endfacet
  facet normal 0.216431 0.976298 0
    outer loop
      vertex 25.56 -17.6421 5
      vertex 25.7048 -17.6742 0
      vertex 25.56 -17.6421 0
    endloop
  endfacet
  facet normal 0.886885 0.46199 0
    outer loop
      vertex 24.5278 -16.85 5
      vertex 24.4593 -16.7185 0
      vertex 24.4593 -16.7185 5
    endloop
  endfacet
  facet normal 0.886885 0.46199 0
    outer loop
      vertex 24.4593 -16.7185 0
      vertex 24.5278 -16.85 5
      vertex 24.5278 -16.85 0
    endloop
  endfacet
  facet normal -0.79315 -0.609026 0
    outer loop
      vertex 27.3926 -15.0249 0
      vertex 27.3023 -14.9073 5
      vertex 27.3023 -14.9073 0
    endloop
  endfacet
  facet normal -0.79315 -0.609026 0
    outer loop
      vertex 27.3023 -14.9073 5
      vertex 27.3926 -15.0249 0
      vertex 27.3926 -15.0249 5
    endloop
  endfacet
  facet normal -0.382749 -0.923853 0
    outer loop
      vertex 26.5814 -14.4025 0
      vertex 26.7185 -14.4593 5
      vertex 26.5814 -14.4025 5
    endloop
  endfacet
  facet normal -0.382749 -0.923853 -0
    outer loop
      vertex 26.7185 -14.4593 5
      vertex 26.5814 -14.4025 0
      vertex 26.7185 -14.4593 0
    endloop
  endfacet
  facet normal -0.130175 -0.991491 0
    outer loop
      vertex 26.1482 -14.3065 0
      vertex 26.2952 -14.3258 5
      vertex 26.1482 -14.3065 5
    endloop
  endfacet
  facet normal -0.130175 -0.991491 -0
    outer loop
      vertex 26.2952 -14.3258 5
      vertex 26.1482 -14.3065 0
      vertex 26.2952 -14.3258 0
    endloop
  endfacet
  facet normal 0.737434 -0.675419 0
    outer loop
      vertex 24.6977 -14.9073 5
      vertex 24.7979 -14.7979 0
      vertex 24.7979 -14.7979 5
    endloop
  endfacet
  facet normal 0.737434 -0.675419 0
    outer loop
      vertex 24.7979 -14.7979 0
      vertex 24.6977 -14.9073 5
      vertex 24.6977 -14.9073 0
    endloop
  endfacet
  facet normal 0.923853 -0.382749 0
    outer loop
      vertex 24.4025 -15.4186 5
      vertex 24.4593 -15.2815 0
      vertex 24.4593 -15.2815 5
    endloop
  endfacet
  facet normal 0.923853 -0.382749 0
    outer loop
      vertex 24.4593 -15.2815 0
      vertex 24.4025 -15.4186 5
      vertex 24.4025 -15.4186 0
    endloop
  endfacet
  facet normal 0.991491 -0.130175 0
    outer loop
      vertex 24.3065 -15.8518 5
      vertex 24.3258 -15.7048 0
      vertex 24.3258 -15.7048 5
    endloop
  endfacet
  facet normal 0.991491 -0.130175 0
    outer loop
      vertex 24.3258 -15.7048 0
      vertex 24.3065 -15.8518 5
      vertex 24.3065 -15.8518 0
    endloop
  endfacet
  facet normal 0.609026 -0.79315 0
    outer loop
      vertex 24.9073 -14.6977 0
      vertex 25.0249 -14.6074 5
      vertex 24.9073 -14.6977 5
    endloop
  endfacet
  facet normal 0.609026 -0.79315 0
    outer loop
      vertex 25.0249 -14.6074 5
      vertex 24.9073 -14.6977 0
      vertex 25.0249 -14.6074 0
    endloop
  endfacet
  facet normal 0.46199 -0.886885 0
    outer loop
      vertex 25.15 -14.5278 0
      vertex 25.2815 -14.4593 5
      vertex 25.15 -14.5278 5
    endloop
  endfacet
  facet normal 0.46199 -0.886885 0
    outer loop
      vertex 25.2815 -14.4593 5
      vertex 25.15 -14.5278 0
      vertex 25.2815 -14.4593 0
    endloop
  endfacet
  facet normal 0.300809 -0.953685 0
    outer loop
      vertex 25.4186 -14.4025 0
      vertex 25.56 -14.3579 5
      vertex 25.4186 -14.4025 5
    endloop
  endfacet
  facet normal 0.300809 -0.953685 0
    outer loop
      vertex 25.56 -14.3579 5
      vertex 25.4186 -14.4025 0
      vertex 25.56 -14.3579 0
    endloop
  endfacet
  facet normal 0.0438175 -0.99904 0
    outer loop
      vertex 25.8518 -14.3065 0
      vertex 26 -14.3 5
      vertex 25.8518 -14.3065 5
    endloop
  endfacet
  facet normal 0.0438175 -0.99904 0
    outer loop
      vertex 26 -14.3 5
      vertex 25.8518 -14.3065 0
      vertex 26 -14.3 0
    endloop
  endfacet
  facet normal -0.923853 0.382749 0
    outer loop
      vertex 27.5407 -16.7185 0
      vertex 27.5975 -16.5814 5
      vertex 27.5975 -16.5814 0
    endloop
  endfacet
  facet normal -0.923853 0.382749 0
    outer loop
      vertex 27.5975 -16.5814 5
      vertex 27.5407 -16.7185 0
      vertex 27.5407 -16.7185 5
    endloop
  endfacet
  facet normal -0.991491 0.130175 0
    outer loop
      vertex 27.6742 -16.2952 0
      vertex 27.6935 -16.1482 5
      vertex 27.6935 -16.1482 0
    endloop
  endfacet
  facet normal -0.991491 0.130175 0
    outer loop
      vertex 27.6935 -16.1482 5
      vertex 27.6742 -16.2952 0
      vertex 27.6742 -16.2952 5
    endloop
  endfacet
  facet normal -0.0438175 0.99904 0
    outer loop
      vertex 26.1482 -17.6935 0
      vertex 26 -17.7 5
      vertex 26.1482 -17.6935 5
    endloop
  endfacet
  facet normal -0.0438175 0.99904 0
    outer loop
      vertex 26 -17.7 5
      vertex 26.1482 -17.6935 0
      vertex 26 -17.7 0
    endloop
  endfacet
  facet normal -0.216431 0.976298 0
    outer loop
      vertex 26.44 -17.6421 0
      vertex 26.2952 -17.6742 5
      vertex 26.44 -17.6421 5
    endloop
  endfacet
  facet normal -0.216431 0.976298 0
    outer loop
      vertex 26.2952 -17.6742 5
      vertex 26.44 -17.6421 0
      vertex 26.2952 -17.6742 0
    endloop
  endfacet
  facet normal -0.382749 0.923853 0
    outer loop
      vertex 26.7185 -17.5407 0
      vertex 26.5814 -17.5975 5
      vertex 26.7185 -17.5407 5
    endloop
  endfacet
  facet normal -0.382749 0.923853 0
    outer loop
      vertex 26.5814 -17.5975 5
      vertex 26.7185 -17.5407 0
      vertex 26.5814 -17.5975 0
    endloop
  endfacet
  facet normal -0.609026 0.79315 0
    outer loop
      vertex 27.0927 -17.3023 0
      vertex 26.9751 -17.3926 5
      vertex 27.0927 -17.3023 5
    endloop
  endfacet
  facet normal -0.609026 0.79315 0
    outer loop
      vertex 26.9751 -17.3926 5
      vertex 27.0927 -17.3023 0
      vertex 26.9751 -17.3926 0
    endloop
  endfacet
  facet normal -0.536832 0.843689 0
    outer loop
      vertex 26.9751 -17.3926 0
      vertex 26.85 -17.4722 5
      vertex 26.9751 -17.3926 5
    endloop
  endfacet
  facet normal -0.536832 0.843689 0
    outer loop
      vertex 26.85 -17.4722 5
      vertex 26.9751 -17.3926 0
      vertex 26.85 -17.4722 0
    endloop
  endfacet
  facet normal 0.46199 0.886885 -0
    outer loop
      vertex 25.2815 -17.5407 0
      vertex 25.15 -17.4722 5
      vertex 25.2815 -17.5407 5
    endloop
  endfacet
  facet normal 0.46199 0.886885 0
    outer loop
      vertex 25.15 -17.4722 5
      vertex 25.2815 -17.5407 0
      vertex 25.15 -17.4722 0
    endloop
  endfacet
  facet normal 0.300809 0.953685 -0
    outer loop
      vertex 25.56 -17.6421 0
      vertex 25.4186 -17.5975 5
      vertex 25.56 -17.6421 5
    endloop
  endfacet
  facet normal 0.300809 0.953685 0
    outer loop
      vertex 25.4186 -17.5975 5
      vertex 25.56 -17.6421 0
      vertex 25.4186 -17.5975 0
    endloop
  endfacet
  facet normal 0.130175 0.991491 -0
    outer loop
      vertex 25.8518 -17.6935 0
      vertex 25.7048 -17.6742 5
      vertex 25.8518 -17.6935 5
    endloop
  endfacet
  facet normal 0.130175 0.991491 0
    outer loop
      vertex 25.7048 -17.6742 5
      vertex 25.8518 -17.6935 0
      vertex 25.7048 -17.6742 0
    endloop
  endfacet
  facet normal 0.843689 0.536832 0
    outer loop
      vertex 24.6074 -16.9751 5
      vertex 24.5278 -16.85 0
      vertex 24.5278 -16.85 5
    endloop
  endfacet
  facet normal 0.843689 0.536832 0
    outer loop
      vertex 24.5278 -16.85 0
      vertex 24.6074 -16.9751 5
      vertex 24.6074 -16.9751 0
    endloop
  endfacet
  facet normal 0.923853 0.382749 0
    outer loop
      vertex 24.4593 -16.7185 5
      vertex 24.4025 -16.5814 0
      vertex 24.4025 -16.5814 5
    endloop
  endfacet
  facet normal 0.923853 0.382749 0
    outer loop
      vertex 24.4025 -16.5814 0
      vertex 24.4593 -16.7185 5
      vertex 24.4593 -16.7185 0
    endloop
  endfacet
  facet normal 0.976298 0.216431 0
    outer loop
      vertex 24.3579 -16.44 5
      vertex 24.3258 -16.2952 0
      vertex 24.3258 -16.2952 5
    endloop
  endfacet
  facet normal 0.976298 0.216431 0
    outer loop
      vertex 24.3258 -16.2952 0
      vertex 24.3579 -16.44 5
      vertex 24.3579 -16.44 0
    endloop
  endfacet
  facet normal 0.99904 0.0438175 0
    outer loop
      vertex 24.3065 -16.1482 5
      vertex 24.3 -16 0
      vertex 24.3 -16 5
    endloop
  endfacet
  facet normal 0.99904 0.0438175 0
    outer loop
      vertex 24.3 -16 0
      vertex 24.3065 -16.1482 5
      vertex 24.3065 -16.1482 0
    endloop
  endfacet
  facet normal -0.843689 0.536832 0
    outer loop
      vertex 27.3926 -16.9751 0
      vertex 27.4722 -16.85 5
      vertex 27.4722 -16.85 0
    endloop
  endfacet
  facet normal -0.843689 0.536832 0
    outer loop
      vertex 27.4722 -16.85 5
      vertex 27.3926 -16.9751 0
      vertex 27.3926 -16.9751 5
    endloop
  endfacet
  facet normal -0.130175 0.991491 0
    outer loop
      vertex 26.2952 -17.6742 0
      vertex 26.1482 -17.6935 5
      vertex 26.2952 -17.6742 5
    endloop
  endfacet
  facet normal -0.130175 0.991491 0
    outer loop
      vertex 26.1482 -17.6935 5
      vertex 26.2952 -17.6742 0
      vertex 26.1482 -17.6935 0
    endloop
  endfacet
  facet normal -0.675419 0.737434 0
    outer loop
      vertex 27.2021 -17.2021 0
      vertex 27.0927 -17.3023 5
      vertex 27.2021 -17.2021 5
    endloop
  endfacet
  facet normal -0.675419 0.737434 0
    outer loop
      vertex 27.0927 -17.3023 5
      vertex 27.2021 -17.2021 0
      vertex 27.0927 -17.3023 0
    endloop
  endfacet
  facet normal 0.991491 0.130175 0
    outer loop
      vertex 24.3258 -16.2952 5
      vertex 24.3065 -16.1482 0
      vertex 24.3065 -16.1482 5
    endloop
  endfacet
  facet normal 0.991491 0.130175 0
    outer loop
      vertex 24.3065 -16.1482 0
      vertex 24.3258 -16.2952 5
      vertex 24.3258 -16.2952 0
    endloop
  endfacet
  facet normal -0.886885 0.46199 0
    outer loop
      vertex 27.4722 -16.85 0
      vertex 27.5407 -16.7185 5
      vertex 27.5407 -16.7185 0
    endloop
  endfacet
  facet normal -0.886885 0.46199 0
    outer loop
      vertex 27.5407 -16.7185 5
      vertex 27.4722 -16.85 0
      vertex 27.4722 -16.85 5
    endloop
  endfacet
  facet normal -0.953685 0.300809 0
    outer loop
      vertex 27.5975 -16.5814 0
      vertex 27.6421 -16.44 5
      vertex 27.6421 -16.44 0
    endloop
  endfacet
  facet normal -0.953685 0.300809 0
    outer loop
      vertex 27.6421 -16.44 5
      vertex 27.5975 -16.5814 0
      vertex 27.5975 -16.5814 5
    endloop
  endfacet
  facet normal -0.976298 0.216431 0
    outer loop
      vertex 27.6421 -16.44 0
      vertex 27.6742 -16.2952 5
      vertex 27.6742 -16.2952 0
    endloop
  endfacet
  facet normal -0.976298 0.216431 0
    outer loop
      vertex 27.6742 -16.2952 5
      vertex 27.6421 -16.44 0
      vertex 27.6421 -16.44 5
    endloop
  endfacet
  facet normal -0.886885 -0.46199 0
    outer loop
      vertex 27.5407 16.7185 0
      vertex 27.4722 16.85 5
      vertex 27.4722 16.85 0
    endloop
  endfacet
  facet normal -0.886885 -0.46199 0
    outer loop
      vertex 27.4722 16.85 5
      vertex 27.5407 16.7185 0
      vertex 27.5407 16.7185 5
    endloop
  endfacet
  facet normal -0.300809 -0.953685 0
    outer loop
      vertex 26.44 17.6421 0
      vertex 26.5814 17.5975 5
      vertex 26.44 17.6421 5
    endloop
  endfacet
  facet normal -0.300809 -0.953685 -0
    outer loop
      vertex 26.5814 17.5975 5
      vertex 26.44 17.6421 0
      vertex 26.5814 17.5975 0
    endloop
  endfacet
  facet normal 0.382749 -0.923853 0
    outer loop
      vertex 25.2815 17.5407 0
      vertex 25.4186 17.5975 5
      vertex 25.2815 17.5407 5
    endloop
  endfacet
  facet normal 0.382749 -0.923853 0
    outer loop
      vertex 25.4186 17.5975 5
      vertex 25.2815 17.5407 0
      vertex 25.4186 17.5975 0
    endloop
  endfacet
  facet normal 0.953685 -0.300809 0
    outer loop
      vertex 24.3579 16.44 5
      vertex 24.4025 16.5814 0
      vertex 24.4025 16.5814 5
    endloop
  endfacet
  facet normal 0.953685 -0.300809 0
    outer loop
      vertex 24.4025 16.5814 0
      vertex 24.3579 16.44 5
      vertex 24.3579 16.44 0
    endloop
  endfacet
  facet normal -0.99904 0.0438175 0
    outer loop
      vertex 27.6935 15.8518 0
      vertex 27.7 16 5
      vertex 27.7 16 0
    endloop
  endfacet
  facet normal -0.99904 0.0438175 0
    outer loop
      vertex 27.7 16 5
      vertex 27.6935 15.8518 0
      vertex 27.6935 15.8518 5
    endloop
  endfacet
  facet normal -0.0438175 -0.99904 0
    outer loop
      vertex 26 17.7 0
      vertex 26.1482 17.6935 5
      vertex 26 17.7 5
    endloop
  endfacet
  facet normal -0.0438175 -0.99904 -0
    outer loop
      vertex 26.1482 17.6935 5
      vertex 26 17.7 0
      vertex 26.1482 17.6935 0
    endloop
  endfacet
  facet normal -0.46199 -0.886885 0
    outer loop
      vertex 26.7185 17.5407 0
      vertex 26.85 17.4722 5
      vertex 26.7185 17.5407 5
    endloop
  endfacet
  facet normal -0.46199 -0.886885 -0
    outer loop
      vertex 26.85 17.4722 5
      vertex 26.7185 17.5407 0
      vertex 26.85 17.4722 0
    endloop
  endfacet
  facet normal 0.79315 -0.609026 0
    outer loop
      vertex 24.6074 16.9751 5
      vertex 24.6977 17.0927 0
      vertex 24.6977 17.0927 5
    endloop
  endfacet
  facet normal 0.79315 -0.609026 0
    outer loop
      vertex 24.6977 17.0927 0
      vertex 24.6074 16.9751 5
      vertex 24.6074 16.9751 0
    endloop
  endfacet
  facet normal 0.216431 -0.976298 0
    outer loop
      vertex 25.56 17.6421 0
      vertex 25.7048 17.6742 5
      vertex 25.56 17.6421 5
    endloop
  endfacet
  facet normal 0.216431 -0.976298 0
    outer loop
      vertex 25.7048 17.6742 5
      vertex 25.56 17.6421 0
      vertex 25.7048 17.6742 0
    endloop
  endfacet
  facet normal -0.130175 0.991491 0
    outer loop
      vertex 26.2952 14.3258 0
      vertex 26.1482 14.3065 5
      vertex 26.2952 14.3258 5
    endloop
  endfacet
  facet normal -0.130175 0.991491 0
    outer loop
      vertex 26.1482 14.3065 5
      vertex 26.2952 14.3258 0
      vertex 26.1482 14.3065 0
    endloop
  endfacet
  facet normal -0.991491 -0.130175 0
    outer loop
      vertex 27.6935 16.1482 0
      vertex 27.6742 16.2952 5
      vertex 27.6742 16.2952 0
    endloop
  endfacet
  facet normal -0.991491 -0.130175 0
    outer loop
      vertex 27.6742 16.2952 5
      vertex 27.6935 16.1482 0
      vertex 27.6935 16.1482 5
    endloop
  endfacet
  facet normal -0.843689 -0.536832 0
    outer loop
      vertex 27.4722 16.85 0
      vertex 27.3926 16.9751 5
      vertex 27.3926 16.9751 0
    endloop
  endfacet
  facet normal -0.843689 -0.536832 0
    outer loop
      vertex 27.3926 16.9751 5
      vertex 27.4722 16.85 0
      vertex 27.4722 16.85 5
    endloop
  endfacet
  facet normal -0.675419 -0.737434 0
    outer loop
      vertex 27.0927 17.3023 0
      vertex 27.2021 17.2021 5
      vertex 27.0927 17.3023 5
    endloop
  endfacet
  facet normal -0.675419 -0.737434 -0
    outer loop
      vertex 27.2021 17.2021 5
      vertex 27.0927 17.3023 0
      vertex 27.2021 17.2021 0
    endloop
  endfacet
  facet normal 0.0438175 -0.99904 0
    outer loop
      vertex 25.8518 17.6935 0
      vertex 26 17.7 5
      vertex 25.8518 17.6935 5
    endloop
  endfacet
  facet normal 0.0438175 -0.99904 0
    outer loop
      vertex 26 17.7 5
      vertex 25.8518 17.6935 0
      vertex 26 17.7 0
    endloop
  endfacet
  facet normal -0.216431 -0.976298 0
    outer loop
      vertex 26.2952 17.6742 0
      vertex 26.44 17.6421 5
      vertex 26.2952 17.6742 5
    endloop
  endfacet
  facet normal -0.216431 -0.976298 -0
    outer loop
      vertex 26.44 17.6421 5
      vertex 26.2952 17.6742 0
      vertex 26.44 17.6421 0
    endloop
  endfacet
  facet normal -0.130175 -0.991491 0
    outer loop
      vertex 26.1482 17.6935 0
      vertex 26.2952 17.6742 5
      vertex 26.1482 17.6935 5
    endloop
  endfacet
  facet normal -0.130175 -0.991491 -0
    outer loop
      vertex 26.2952 17.6742 5
      vertex 26.1482 17.6935 0
      vertex 26.2952 17.6742 0
    endloop
  endfacet
  facet normal -0.382749 -0.923853 0
    outer loop
      vertex 26.5814 17.5975 0
      vertex 26.7185 17.5407 5
      vertex 26.5814 17.5975 5
    endloop
  endfacet
  facet normal -0.382749 -0.923853 -0
    outer loop
      vertex 26.7185 17.5407 5
      vertex 26.5814 17.5975 0
      vertex 26.7185 17.5407 0
    endloop
  endfacet
  facet normal -0.609026 -0.79315 0
    outer loop
      vertex 26.9751 17.3926 0
      vertex 27.0927 17.3023 5
      vertex 26.9751 17.3926 5
    endloop
  endfacet
  facet normal -0.609026 -0.79315 -0
    outer loop
      vertex 27.0927 17.3023 5
      vertex 26.9751 17.3926 0
      vertex 27.0927 17.3023 0
    endloop
  endfacet
  facet normal 0.99904 0.0438175 0
    outer loop
      vertex 24.3065 15.8518 5
      vertex 24.3 16 0
      vertex 24.3 16 5
    endloop
  endfacet
  facet normal 0.99904 0.0438175 0
    outer loop
      vertex 24.3 16 0
      vertex 24.3065 15.8518 5
      vertex 24.3065 15.8518 0
    endloop
  endfacet
  facet normal 0.976298 -0.216431 0
    outer loop
      vertex 24.3258 16.2952 5
      vertex 24.3579 16.44 0
      vertex 24.3579 16.44 5
    endloop
  endfacet
  facet normal 0.976298 -0.216431 0
    outer loop
      vertex 24.3579 16.44 0
      vertex 24.3258 16.2952 5
      vertex 24.3258 16.2952 0
    endloop
  endfacet
  facet normal 0.991491 -0.130175 0
    outer loop
      vertex 24.3065 16.1482 5
      vertex 24.3258 16.2952 0
      vertex 24.3258 16.2952 5
    endloop
  endfacet
  facet normal 0.991491 -0.130175 0
    outer loop
      vertex 24.3258 16.2952 0
      vertex 24.3065 16.1482 5
      vertex 24.3065 16.1482 0
    endloop
  endfacet
  facet normal 0.923853 -0.382749 0
    outer loop
      vertex 24.4025 16.5814 5
      vertex 24.4593 16.7185 0
      vertex 24.4593 16.7185 5
    endloop
  endfacet
  facet normal 0.923853 -0.382749 0
    outer loop
      vertex 24.4593 16.7185 0
      vertex 24.4025 16.5814 5
      vertex 24.4025 16.5814 0
    endloop
  endfacet
  facet normal 0.886885 -0.46199 0
    outer loop
      vertex 24.4593 16.7185 5
      vertex 24.5278 16.85 0
      vertex 24.5278 16.85 5
    endloop
  endfacet
  facet normal 0.886885 -0.46199 0
    outer loop
      vertex 24.5278 16.85 0
      vertex 24.4593 16.7185 5
      vertex 24.4593 16.7185 0
    endloop
  endfacet
  facet normal 0.300809 -0.953685 0
    outer loop
      vertex 25.4186 17.5975 0
      vertex 25.56 17.6421 5
      vertex 25.4186 17.5975 5
    endloop
  endfacet
  facet normal 0.300809 -0.953685 0
    outer loop
      vertex 25.56 17.6421 5
      vertex 25.4186 17.5975 0
      vertex 25.56 17.6421 0
    endloop
  endfacet
  facet normal 0.130175 -0.991491 0
    outer loop
      vertex 25.7048 17.6742 0
      vertex 25.8518 17.6935 5
      vertex 25.7048 17.6742 5
    endloop
  endfacet
  facet normal 0.130175 -0.991491 0
    outer loop
      vertex 25.8518 17.6935 5
      vertex 25.7048 17.6742 0
      vertex 25.8518 17.6935 0
    endloop
  endfacet
  facet normal 0.536832 -0.843689 0
    outer loop
      vertex 25.0249 17.3926 0
      vertex 25.15 17.4722 5
      vertex 25.0249 17.3926 5
    endloop
  endfacet
  facet normal 0.536832 -0.843689 0
    outer loop
      vertex 25.15 17.4722 5
      vertex 25.0249 17.3926 0
      vertex 25.15 17.4722 0
    endloop
  endfacet
  facet normal 0.46199 -0.886885 0
    outer loop
      vertex 25.15 17.4722 0
      vertex 25.2815 17.5407 5
      vertex 25.15 17.4722 5
    endloop
  endfacet
  facet normal 0.46199 -0.886885 0
    outer loop
      vertex 25.2815 17.5407 5
      vertex 25.15 17.4722 0
      vertex 25.2815 17.5407 0
    endloop
  endfacet
  facet normal 0.737434 -0.675419 0
    outer loop
      vertex 24.6977 17.0927 5
      vertex 24.7979 17.2021 0
      vertex 24.7979 17.2021 5
    endloop
  endfacet
  facet normal 0.737434 -0.675419 0
    outer loop
      vertex 24.7979 17.2021 0
      vertex 24.6977 17.0927 5
      vertex 24.6977 17.0927 0
    endloop
  endfacet
  facet normal -0.99904 -0.0438175 0
    outer loop
      vertex 27.7 16 0
      vertex 27.6935 16.1482 5
      vertex 27.6935 16.1482 0
    endloop
  endfacet
  facet normal -0.99904 -0.0438175 0
    outer loop
      vertex 27.6935 16.1482 5
      vertex 27.7 16 0
      vertex 27.7 16 5
    endloop
  endfacet
  facet normal -0.991491 0.130175 0
    outer loop
      vertex 27.6742 15.7048 0
      vertex 27.6935 15.8518 5
      vertex 27.6935 15.8518 0
    endloop
  endfacet
  facet normal -0.991491 0.130175 0
    outer loop
      vertex 27.6935 15.8518 5
      vertex 27.6742 15.7048 0
      vertex 27.6742 15.7048 5
    endloop
  endfacet
  facet normal 0.843689 0.536832 0
    outer loop
      vertex 24.6074 15.0249 5
      vertex 24.5278 15.15 0
      vertex 24.5278 15.15 5
    endloop
  endfacet
  facet normal 0.843689 0.536832 0
    outer loop
      vertex 24.5278 15.15 0
      vertex 24.6074 15.0249 5
      vertex 24.6074 15.0249 0
    endloop
  endfacet
  facet normal -0.923853 -0.382749 0
    outer loop
      vertex 27.5975 16.5814 0
      vertex 27.5407 16.7185 5
      vertex 27.5407 16.7185 0
    endloop
  endfacet
  facet normal -0.923853 -0.382749 0
    outer loop
      vertex 27.5407 16.7185 5
      vertex 27.5975 16.5814 0
      vertex 27.5975 16.5814 5
    endloop
  endfacet
  facet normal -0.953685 -0.300809 0
    outer loop
      vertex 27.6421 16.44 0
      vertex 27.5975 16.5814 5
      vertex 27.5975 16.5814 0
    endloop
  endfacet
  facet normal -0.953685 -0.300809 0
    outer loop
      vertex 27.5975 16.5814 5
      vertex 27.6421 16.44 0
      vertex 27.6421 16.44 5
    endloop
  endfacet
  facet normal -0.976298 -0.216431 0
    outer loop
      vertex 27.6742 16.2952 0
      vertex 27.6421 16.44 5
      vertex 27.6421 16.44 0
    endloop
  endfacet
  facet normal -0.976298 -0.216431 0
    outer loop
      vertex 27.6421 16.44 5
      vertex 27.6742 16.2952 0
      vertex 27.6742 16.2952 5
    endloop
  endfacet
  facet normal -0.79315 -0.609026 0
    outer loop
      vertex 27.3926 16.9751 0
      vertex 27.3023 17.0927 5
      vertex 27.3023 17.0927 0
    endloop
  endfacet
  facet normal -0.79315 -0.609026 0
    outer loop
      vertex 27.3023 17.0927 5
      vertex 27.3926 16.9751 0
      vertex 27.3926 16.9751 5
    endloop
  endfacet
  facet normal -0.737434 -0.675419 0
    outer loop
      vertex 27.3023 17.0927 0
      vertex 27.2021 17.2021 5
      vertex 27.2021 17.2021 0
    endloop
  endfacet
  facet normal -0.737434 -0.675419 0
    outer loop
      vertex 27.2021 17.2021 5
      vertex 27.3023 17.0927 0
      vertex 27.3023 17.0927 5
    endloop
  endfacet
  facet normal -0.536832 -0.843689 0
    outer loop
      vertex 26.85 17.4722 0
      vertex 26.9751 17.3926 5
      vertex 26.85 17.4722 5
    endloop
  endfacet
  facet normal -0.536832 -0.843689 -0
    outer loop
      vertex 26.9751 17.3926 5
      vertex 26.85 17.4722 0
      vertex 26.9751 17.3926 0
    endloop
  endfacet
  facet normal 0.99904 -0.0438175 0
    outer loop
      vertex 24.3 16 5
      vertex 24.3065 16.1482 0
      vertex 24.3065 16.1482 5
    endloop
  endfacet
  facet normal 0.99904 -0.0438175 0
    outer loop
      vertex 24.3065 16.1482 0
      vertex 24.3 16 5
      vertex 24.3 16 0
    endloop
  endfacet
  facet normal 0.843689 -0.536832 0
    outer loop
      vertex 24.5278 16.85 5
      vertex 24.6074 16.9751 0
      vertex 24.6074 16.9751 5
    endloop
  endfacet
  facet normal 0.843689 -0.536832 0
    outer loop
      vertex 24.6074 16.9751 0
      vertex 24.5278 16.85 5
      vertex 24.5278 16.85 0
    endloop
  endfacet
  facet normal 0.675419 -0.737434 0
    outer loop
      vertex 24.7979 17.2021 0
      vertex 24.9073 17.3023 5
      vertex 24.7979 17.2021 5
    endloop
  endfacet
  facet normal 0.675419 -0.737434 0
    outer loop
      vertex 24.9073 17.3023 5
      vertex 24.7979 17.2021 0
      vertex 24.9073 17.3023 0
    endloop
  endfacet
  facet normal -0.923853 0.382749 0
    outer loop
      vertex 27.5407 15.2815 0
      vertex 27.5975 15.4186 5
      vertex 27.5975 15.4186 0
    endloop
  endfacet
  facet normal -0.923853 0.382749 0
    outer loop
      vertex 27.5975 15.4186 5
      vertex 27.5407 15.2815 0
      vertex 27.5407 15.2815 5
    endloop
  endfacet
  facet normal -0.976298 0.216431 0
    outer loop
      vertex 27.6421 15.56 0
      vertex 27.6742 15.7048 5
      vertex 27.6742 15.7048 0
    endloop
  endfacet
  facet normal -0.976298 0.216431 0
    outer loop
      vertex 27.6742 15.7048 5
      vertex 27.6421 15.56 0
      vertex 27.6421 15.56 5
    endloop
  endfacet
  facet normal 0.0438175 0.99904 -0
    outer loop
      vertex 26 14.3 0
      vertex 25.8518 14.3065 5
      vertex 26 14.3 5
    endloop
  endfacet
  facet normal 0.0438175 0.99904 0
    outer loop
      vertex 25.8518 14.3065 5
      vertex 26 14.3 0
      vertex 25.8518 14.3065 0
    endloop
  endfacet
  facet normal 0.991491 0.130175 0
    outer loop
      vertex 24.3258 15.7048 5
      vertex 24.3065 15.8518 0
      vertex 24.3065 15.8518 5
    endloop
  endfacet
  facet normal 0.991491 0.130175 0
    outer loop
      vertex 24.3065 15.8518 0
      vertex 24.3258 15.7048 5
      vertex 24.3258 15.7048 0
    endloop
  endfacet
  facet normal 0.953685 0.300809 0
    outer loop
      vertex 24.4025 15.4186 5
      vertex 24.3579 15.56 0
      vertex 24.3579 15.56 5
    endloop
  endfacet
  facet normal 0.953685 0.300809 0
    outer loop
      vertex 24.3579 15.56 0
      vertex 24.4025 15.4186 5
      vertex 24.4025 15.4186 0
    endloop
  endfacet
  facet normal -0.382749 0.923853 0
    outer loop
      vertex 26.7185 14.4593 0
      vertex 26.5814 14.4025 5
      vertex 26.7185 14.4593 5
    endloop
  endfacet
  facet normal -0.382749 0.923853 0
    outer loop
      vertex 26.5814 14.4025 5
      vertex 26.7185 14.4593 0
      vertex 26.5814 14.4025 0
    endloop
  endfacet
  facet normal 0.609026 -0.79315 0
    outer loop
      vertex 24.9073 17.3023 0
      vertex 25.0249 17.3926 5
      vertex 24.9073 17.3023 5
    endloop
  endfacet
  facet normal 0.609026 -0.79315 0
    outer loop
      vertex 25.0249 17.3926 5
      vertex 24.9073 17.3023 0
      vertex 25.0249 17.3926 0
    endloop
  endfacet
  facet normal -0.46199 0.886885 0
    outer loop
      vertex 26.85 14.5278 0
      vertex 26.7185 14.4593 5
      vertex 26.85 14.5278 5
    endloop
  endfacet
  facet normal -0.46199 0.886885 0
    outer loop
      vertex 26.7185 14.4593 5
      vertex 26.85 14.5278 0
      vertex 26.7185 14.4593 0
    endloop
  endfacet
  facet normal -0.609026 0.79315 0
    outer loop
      vertex 27.0927 14.6977 0
      vertex 26.9751 14.6074 5
      vertex 27.0927 14.6977 5
    endloop
  endfacet
  facet normal -0.609026 0.79315 0
    outer loop
      vertex 26.9751 14.6074 5
      vertex 27.0927 14.6977 0
      vertex 26.9751 14.6074 0
    endloop
  endfacet
  facet normal -0.79315 0.609026 0
    outer loop
      vertex 27.3023 14.9073 0
      vertex 27.3926 15.0249 5
      vertex 27.3926 15.0249 0
    endloop
  endfacet
  facet normal -0.79315 0.609026 0
    outer loop
      vertex 27.3926 15.0249 5
      vertex 27.3023 14.9073 0
      vertex 27.3023 14.9073 5
    endloop
  endfacet
  facet normal -0.953685 0.300809 0
    outer loop
      vertex 27.5975 15.4186 0
      vertex 27.6421 15.56 5
      vertex 27.6421 15.56 0
    endloop
  endfacet
  facet normal -0.953685 0.300809 0
    outer loop
      vertex 27.6421 15.56 5
      vertex 27.5975 15.4186 0
      vertex 27.5975 15.4186 5
    endloop
  endfacet
  facet normal 0.382749 0.923853 -0
    outer loop
      vertex 25.4186 14.4025 0
      vertex 25.2815 14.4593 5
      vertex 25.4186 14.4025 5
    endloop
  endfacet
  facet normal 0.382749 0.923853 0
    outer loop
      vertex 25.2815 14.4593 5
      vertex 25.4186 14.4025 0
      vertex 25.2815 14.4593 0
    endloop
  endfacet
  facet normal -0.0438175 0.99904 0
    outer loop
      vertex 26.1482 14.3065 0
      vertex 26 14.3 5
      vertex 26.1482 14.3065 5
    endloop
  endfacet
  facet normal -0.0438175 0.99904 0
    outer loop
      vertex 26 14.3 5
      vertex 26.1482 14.3065 0
      vertex 26 14.3 0
    endloop
  endfacet
  facet normal 0.886885 0.46199 0
    outer loop
      vertex 24.5278 15.15 5
      vertex 24.4593 15.2815 0
      vertex 24.4593 15.2815 5
    endloop
  endfacet
  facet normal 0.886885 0.46199 0
    outer loop
      vertex 24.4593 15.2815 0
      vertex 24.5278 15.15 5
      vertex 24.5278 15.15 0
    endloop
  endfacet
  facet normal 0.675419 0.737434 -0
    outer loop
      vertex 24.9073 14.6977 0
      vertex 24.7979 14.7979 5
      vertex 24.9073 14.6977 5
    endloop
  endfacet
  facet normal 0.675419 0.737434 0
    outer loop
      vertex 24.7979 14.7979 5
      vertex 24.9073 14.6977 0
      vertex 24.7979 14.7979 0
    endloop
  endfacet
  facet normal 0.976298 0.216431 0
    outer loop
      vertex 24.3579 15.56 5
      vertex 24.3258 15.7048 0
      vertex 24.3258 15.7048 5
    endloop
  endfacet
  facet normal 0.976298 0.216431 0
    outer loop
      vertex 24.3258 15.7048 0
      vertex 24.3579 15.56 5
      vertex 24.3579 15.56 0
    endloop
  endfacet
  facet normal 0.923853 0.382749 0
    outer loop
      vertex 24.4593 15.2815 5
      vertex 24.4025 15.4186 0
      vertex 24.4025 15.4186 5
    endloop
  endfacet
  facet normal 0.923853 0.382749 0
    outer loop
      vertex 24.4025 15.4186 0
      vertex 24.4593 15.2815 5
      vertex 24.4593 15.2815 0
    endloop
  endfacet
  facet normal -0.300809 0.953685 0
    outer loop
      vertex 26.5814 14.4025 0
      vertex 26.44 14.3579 5
      vertex 26.5814 14.4025 5
    endloop
  endfacet
  facet normal -0.300809 0.953685 0
    outer loop
      vertex 26.44 14.3579 5
      vertex 26.5814 14.4025 0
      vertex 26.44 14.3579 0
    endloop
  endfacet
  facet normal -0.216431 0.976298 0
    outer loop
      vertex 26.44 14.3579 0
      vertex 26.2952 14.3258 5
      vertex 26.44 14.3579 5
    endloop
  endfacet
  facet normal -0.216431 0.976298 0
    outer loop
      vertex 26.2952 14.3258 5
      vertex 26.44 14.3579 0
      vertex 26.2952 14.3258 0
    endloop
  endfacet
  facet normal -0.536832 0.843689 0
    outer loop
      vertex 26.9751 14.6074 0
      vertex 26.85 14.5278 5
      vertex 26.9751 14.6074 5
    endloop
  endfacet
  facet normal -0.536832 0.843689 0
    outer loop
      vertex 26.85 14.5278 5
      vertex 26.9751 14.6074 0
      vertex 26.85 14.5278 0
    endloop
  endfacet
  facet normal -0.737434 0.675419 0
    outer loop
      vertex 27.2021 14.7979 0
      vertex 27.3023 14.9073 5
      vertex 27.3023 14.9073 0
    endloop
  endfacet
  facet normal -0.737434 0.675419 0
    outer loop
      vertex 27.3023 14.9073 5
      vertex 27.2021 14.7979 0
      vertex 27.2021 14.7979 5
    endloop
  endfacet
  facet normal -0.886885 0.46199 0
    outer loop
      vertex 27.4722 15.15 0
      vertex 27.5407 15.2815 5
      vertex 27.5407 15.2815 0
    endloop
  endfacet
  facet normal -0.886885 0.46199 0
    outer loop
      vertex 27.5407 15.2815 5
      vertex 27.4722 15.15 0
      vertex 27.4722 15.15 5
    endloop
  endfacet
  facet normal -0.843689 0.536832 0
    outer loop
      vertex 27.3926 15.0249 0
      vertex 27.4722 15.15 5
      vertex 27.4722 15.15 0
    endloop
  endfacet
  facet normal -0.843689 0.536832 0
    outer loop
      vertex 27.4722 15.15 5
      vertex 27.3926 15.0249 0
      vertex 27.3926 15.0249 5
    endloop
  endfacet
  facet normal 0.609026 0.79315 -0
    outer loop
      vertex 25.0249 14.6074 0
      vertex 24.9073 14.6977 5
      vertex 25.0249 14.6074 5
    endloop
  endfacet
  facet normal 0.609026 0.79315 0
    outer loop
      vertex 24.9073 14.6977 5
      vertex 25.0249 14.6074 0
      vertex 24.9073 14.6977 0
    endloop
  endfacet
  facet normal 0.216431 0.976298 -0
    outer loop
      vertex 25.7048 14.3258 0
      vertex 25.56 14.3579 5
      vertex 25.7048 14.3258 5
    endloop
  endfacet
  facet normal 0.216431 0.976298 0
    outer loop
      vertex 25.56 14.3579 5
      vertex 25.7048 14.3258 0
      vertex 25.56 14.3579 0
    endloop
  endfacet
  facet normal 0.130175 0.991491 -0
    outer loop
      vertex 25.8518 14.3065 0
      vertex 25.7048 14.3258 5
      vertex 25.8518 14.3065 5
    endloop
  endfacet
  facet normal 0.130175 0.991491 0
    outer loop
      vertex 25.7048 14.3258 5
      vertex 25.8518 14.3065 0
      vertex 25.7048 14.3258 0
    endloop
  endfacet
  facet normal 0.79315 0.609026 0
    outer loop
      vertex 24.6977 14.9073 5
      vertex 24.6074 15.0249 0
      vertex 24.6074 15.0249 5
    endloop
  endfacet
  facet normal 0.79315 0.609026 0
    outer loop
      vertex 24.6074 15.0249 0
      vertex 24.6977 14.9073 5
      vertex 24.6977 14.9073 0
    endloop
  endfacet
  facet normal -0.675419 0.737434 0
    outer loop
      vertex 27.2021 14.7979 0
      vertex 27.0927 14.6977 5
      vertex 27.2021 14.7979 5
    endloop
  endfacet
  facet normal -0.675419 0.737434 0
    outer loop
      vertex 27.0927 14.6977 5
      vertex 27.2021 14.7979 0
      vertex 27.0927 14.6977 0
    endloop
  endfacet
  facet normal 0.46199 0.886885 -0
    outer loop
      vertex 25.2815 14.4593 0
      vertex 25.15 14.5278 5
      vertex 25.2815 14.4593 5
    endloop
  endfacet
  facet normal 0.46199 0.886885 0
    outer loop
      vertex 25.15 14.5278 5
      vertex 25.2815 14.4593 0
      vertex 25.15 14.5278 0
    endloop
  endfacet
  facet normal 0.536832 0.843689 -0
    outer loop
      vertex 25.15 14.5278 0
      vertex 25.0249 14.6074 5
      vertex 25.15 14.5278 5
    endloop
  endfacet
  facet normal 0.536832 0.843689 0
    outer loop
      vertex 25.0249 14.6074 5
      vertex 25.15 14.5278 0
      vertex 25.0249 14.6074 0
    endloop
  endfacet
  facet normal 0.300809 0.953685 -0
    outer loop
      vertex 25.56 14.3579 0
      vertex 25.4186 14.4025 5
      vertex 25.56 14.3579 5
    endloop
  endfacet
  facet normal 0.300809 0.953685 0
    outer loop
      vertex 25.4186 14.4025 5
      vertex 25.56 14.3579 0
      vertex 25.4186 14.4025 0
    endloop
  endfacet
  facet normal 0.737434 0.675419 0
    outer loop
      vertex 24.7979 14.7979 5
      vertex 24.6977 14.9073 0
      vertex 24.6977 14.9073 5
    endloop
  endfacet
  facet normal 0.737434 0.675419 0
    outer loop
      vertex 24.6977 14.9073 0
      vertex 24.7979 14.7979 5
      vertex 24.7979 14.7979 0
    endloop
  endfacet
  facet normal 0.675584 0.737283 -0
    outer loop
      vertex 28.2843 28.2843 0
      vertex 25.7115 30.6418 5
      vertex 28.2843 28.2843 5
    endloop
  endfacet
  facet normal 0.675584 0.737283 0
    outer loop
      vertex 25.7115 30.6418 5
      vertex 28.2843 28.2843 0
      vertex 25.7115 30.6418 0
    endloop
  endfacet
  facet normal -0.300702 0.953718 0
    outer loop
      vertex -10.3528 38.637 0
      vertex -13.6808 37.5877 5
      vertex -10.3528 38.637 5
    endloop
  endfacet
  facet normal -0.300702 0.953718 0
    outer loop
      vertex -13.6808 37.5877 5
      vertex -10.3528 38.637 0
      vertex -13.6808 37.5877 0
    endloop
  endfacet
  facet normal -0.923878 0.382688 0
    outer loop
      vertex -37.5877 13.6808 0
      vertex -36.2523 16.9047 5
      vertex -36.2523 16.9047 0
    endloop
  endfacet
  facet normal -0.923878 0.382688 0
    outer loop
      vertex -36.2523 16.9047 5
      vertex -37.5877 13.6808 0
      vertex -37.5877 13.6808 5
    endloop
  endfacet
  facet normal 0.923878 -0.382688 0
    outer loop
      vertex 36.2523 -16.9047 5
      vertex 37.5877 -13.6808 0
      vertex 37.5877 -13.6808 5
    endloop
  endfacet
  facet normal 0.923878 -0.382688 0
    outer loop
      vertex 37.5877 -13.6808 0
      vertex 36.2523 -16.9047 5
      vertex 36.2523 -16.9047 0
    endloop
  endfacet
  facet normal -0.382688 -0.923878 0
    outer loop
      vertex -16.9047 -36.2523 0
      vertex -13.6808 -37.5877 5
      vertex -16.9047 -36.2523 5
    endloop
  endfacet
  facet normal -0.382688 -0.923878 -0
    outer loop
      vertex -13.6808 -37.5877 5
      vertex -16.9047 -36.2523 0
      vertex -13.6808 -37.5877 0
    endloop
  endfacet
  facet normal 0.923878 0.382688 0
    outer loop
      vertex 37.5877 13.6808 5
      vertex 36.2523 16.9047 0
      vertex 36.2523 16.9047 5
    endloop
  endfacet
  facet normal 0.923878 0.382688 0
    outer loop
      vertex 36.2523 16.9047 0
      vertex 37.5877 13.6808 5
      vertex 37.5877 13.6808 0
    endloop
  endfacet
  facet normal 0.887012 0.461746 0
    outer loop
      vertex 36.2523 16.9047 5
      vertex 34.641 20 0
      vertex 34.641 20 5
    endloop
  endfacet
  facet normal 0.887012 0.461746 0
    outer loop
      vertex 34.641 20 0
      vertex 36.2523 16.9047 5
      vertex 36.2523 16.9047 0
    endloop
  endfacet
  facet normal 0.382688 0.923878 -0
    outer loop
      vertex 16.9047 36.2523 0
      vertex 13.6808 37.5877 5
      vertex 16.9047 36.2523 5
    endloop
  endfacet
  facet normal 0.382688 0.923878 0
    outer loop
      vertex 13.6808 37.5877 5
      vertex 16.9047 36.2523 0
      vertex 13.6808 37.5877 0
    endloop
  endfacet
  facet normal -0.737283 0.675584 0
    outer loop
      vertex -30.6418 25.7115 0
      vertex -28.2843 28.2843 5
      vertex -28.2843 28.2843 0
    endloop
  endfacet
  facet normal -0.737283 0.675584 0
    outer loop
      vertex -28.2843 28.2843 5
      vertex -30.6418 25.7115 0
      vertex -30.6418 25.7115 5
    endloop
  endfacet
  facet normal -0.130532 0.991444 0
    outer loop
      vertex -3.48623 39.8478 0
      vertex -6.94593 39.3923 5
      vertex -3.48623 39.8478 5
    endloop
  endfacet
  facet normal -0.130532 0.991444 0
    outer loop
      vertex -6.94593 39.3923 5
      vertex -3.48623 39.8478 0
      vertex -6.94593 39.3923 0
    endloop
  endfacet
  facet normal 0.999048 -0.0436159 0
    outer loop
      vertex 39.8478 -3.48623 5
      vertex 40 0 0
      vertex 40 0 5
    endloop
  endfacet
  facet normal 0.999048 -0.0436159 0
    outer loop
      vertex 40 0 0
      vertex 39.8478 -3.48623 5
      vertex 39.8478 -3.48623 0
    endloop
  endfacet
  facet normal 0.737283 -0.675584 0
    outer loop
      vertex 28.2843 -28.2843 5
      vertex 30.6418 -25.7115 0
      vertex 30.6418 -25.7115 5
    endloop
  endfacet
  facet normal 0.737283 -0.675584 0
    outer loop
      vertex 30.6418 -25.7115 0
      vertex 28.2843 -28.2843 5
      vertex 28.2843 -28.2843 0
    endloop
  endfacet
  facet normal -0.130532 -0.991444 0
    outer loop
      vertex -6.94593 -39.3923 0
      vertex -3.48623 -39.8478 5
      vertex -6.94593 -39.3923 5
    endloop
  endfacet
  facet normal -0.130532 -0.991444 -0
    outer loop
      vertex -3.48623 -39.8478 5
      vertex -6.94593 -39.3923 0
      vertex -3.48623 -39.8478 0
    endloop
  endfacet
  facet normal -0.675584 -0.737283 0
    outer loop
      vertex -28.2843 -28.2843 0
      vertex -25.7115 -30.6418 5
      vertex -28.2843 -28.2843 5
    endloop
  endfacet
  facet normal -0.675584 -0.737283 -0
    outer loop
      vertex -25.7115 -30.6418 5
      vertex -28.2843 -28.2843 0
      vertex -25.7115 -30.6418 0
    endloop
  endfacet
  facet normal 0.991444 0.130532 0
    outer loop
      vertex 39.8478 3.48623 5
      vertex 39.3923 6.94593 0
      vertex 39.3923 6.94593 5
    endloop
  endfacet
  facet normal 0.991444 0.130532 0
    outer loop
      vertex 39.3923 6.94593 0
      vertex 39.8478 3.48623 5
      vertex 39.8478 3.48623 0
    endloop
  endfacet
  facet normal 0.976295 0.216444 0
    outer loop
      vertex 39.3923 6.94593 5
      vertex 38.637 10.3528 0
      vertex 38.637 10.3528 5
    endloop
  endfacet
  facet normal 0.976295 0.216444 0
    outer loop
      vertex 38.637 10.3528 0
      vertex 39.3923 6.94593 5
      vertex 39.3923 6.94593 0
    endloop
  endfacet
  facet normal 0.953718 0.300702 0
    outer loop
      vertex 38.637 10.3528 5
      vertex 37.5877 13.6808 0
      vertex 37.5877 13.6808 5
    endloop
  endfacet
  facet normal 0.953718 0.300702 0
    outer loop
      vertex 37.5877 13.6808 0
      vertex 38.637 10.3528 5
      vertex 38.637 10.3528 0
    endloop
  endfacet
  facet normal 0.793349 0.608767 0
    outer loop
      vertex 32.7661 22.9431 5
      vertex 30.6418 25.7115 0
      vertex 30.6418 25.7115 5
    endloop
  endfacet
  facet normal 0.793349 0.608767 0
    outer loop
      vertex 30.6418 25.7115 0
      vertex 32.7661 22.9431 5
      vertex 32.7661 22.9431 0
    endloop
  endfacet
  facet normal 0.843399 0.537287 0
    outer loop
      vertex 34.641 20 5
      vertex 32.7661 22.9431 0
      vertex 32.7661 22.9431 5
    endloop
  endfacet
  facet normal 0.843399 0.537287 0
    outer loop
      vertex 32.7661 22.9431 0
      vertex 34.641 20 5
      vertex 34.641 20 0
    endloop
  endfacet
  facet normal 0.737283 0.675584 0
    outer loop
      vertex 30.6418 25.7115 5
      vertex 28.2843 28.2843 0
      vertex 28.2843 28.2843 5
    endloop
  endfacet
  facet normal 0.737283 0.675584 0
    outer loop
      vertex 28.2843 28.2843 0
      vertex 30.6418 25.7115 5
      vertex 30.6418 25.7115 0
    endloop
  endfacet
  facet normal 0.537287 0.843399 -0
    outer loop
      vertex 22.9431 32.7661 0
      vertex 20 34.641 5
      vertex 22.9431 32.7661 5
    endloop
  endfacet
  facet normal 0.537287 0.843399 0
    outer loop
      vertex 20 34.641 5
      vertex 22.9431 32.7661 0
      vertex 20 34.641 0
    endloop
  endfacet
  facet normal 0.0436159 0.999048 -0
    outer loop
      vertex 3.48623 39.8478 0
      vertex 0 40 5
      vertex 3.48623 39.8478 5
    endloop
  endfacet
  facet normal 0.0436159 0.999048 0
    outer loop
      vertex 0 40 5
      vertex 3.48623 39.8478 0
      vertex 0 40 0
    endloop
  endfacet
  facet normal 0.461746 0.887012 -0
    outer loop
      vertex 20 34.641 0
      vertex 16.9047 36.2523 5
      vertex 20 34.641 5
    endloop
  endfacet
  facet normal 0.461746 0.887012 0
    outer loop
      vertex 16.9047 36.2523 5
      vertex 20 34.641 0
      vertex 16.9047 36.2523 0
    endloop
  endfacet
  facet normal 0.300702 0.953718 -0
    outer loop
      vertex 13.6808 37.5877 0
      vertex 10.3528 38.637 5
      vertex 13.6808 37.5877 5
    endloop
  endfacet
  facet normal 0.300702 0.953718 0
    outer loop
      vertex 10.3528 38.637 5
      vertex 13.6808 37.5877 0
      vertex 10.3528 38.637 0
    endloop
  endfacet
  facet normal 0.216444 0.976295 -0
    outer loop
      vertex 10.3528 38.637 0
      vertex 6.94593 39.3923 5
      vertex 10.3528 38.637 5
    endloop
  endfacet
  facet normal 0.216444 0.976295 0
    outer loop
      vertex 6.94593 39.3923 5
      vertex 10.3528 38.637 0
      vertex 6.94593 39.3923 0
    endloop
  endfacet
  facet normal -0.999048 0.0436159 0
    outer loop
      vertex -40 0 0
      vertex -39.8478 3.48623 5
      vertex -39.8478 3.48623 0
    endloop
  endfacet
  facet normal -0.999048 0.0436159 0
    outer loop
      vertex -39.8478 3.48623 5
      vertex -40 0 0
      vertex -40 0 5
    endloop
  endfacet
  facet normal -0.953718 0.300702 0
    outer loop
      vertex -38.637 10.3528 0
      vertex -37.5877 13.6808 5
      vertex -37.5877 13.6808 0
    endloop
  endfacet
  facet normal -0.953718 0.300702 0
    outer loop
      vertex -37.5877 13.6808 5
      vertex -38.637 10.3528 0
      vertex -38.637 10.3528 5
    endloop
  endfacet
  facet normal -0.976295 0.216444 0
    outer loop
      vertex -39.3923 6.94593 0
      vertex -38.637 10.3528 5
      vertex -38.637 10.3528 0
    endloop
  endfacet
  facet normal -0.976295 0.216444 0
    outer loop
      vertex -38.637 10.3528 5
      vertex -39.3923 6.94593 0
      vertex -39.3923 6.94593 5
    endloop
  endfacet
  facet normal -0.887012 0.461746 0
    outer loop
      vertex -36.2523 16.9047 0
      vertex -34.641 20 5
      vertex -34.641 20 0
    endloop
  endfacet
  facet normal -0.887012 0.461746 0
    outer loop
      vertex -34.641 20 5
      vertex -36.2523 16.9047 0
      vertex -36.2523 16.9047 5
    endloop
  endfacet
  facet normal -0.843399 0.537287 0
    outer loop
      vertex -34.641 20 0
      vertex -32.7661 22.9431 5
      vertex -32.7661 22.9431 0
    endloop
  endfacet
  facet normal -0.843399 0.537287 0
    outer loop
      vertex -32.7661 22.9431 5
      vertex -34.641 20 0
      vertex -34.641 20 5
    endloop
  endfacet
  facet normal -0.216444 0.976295 0
    outer loop
      vertex -6.94593 39.3923 0
      vertex -10.3528 38.637 5
      vertex -6.94593 39.3923 5
    endloop
  endfacet
  facet normal -0.216444 0.976295 0
    outer loop
      vertex -10.3528 38.637 5
      vertex -6.94593 39.3923 0
      vertex -10.3528 38.637 0
    endloop
  endfacet
  facet normal -0.0436159 0.999048 0
    outer loop
      vertex 0 40 0
      vertex -3.48623 39.8478 5
      vertex 0 40 5
    endloop
  endfacet
  facet normal -0.0436159 0.999048 0
    outer loop
      vertex -3.48623 39.8478 5
      vertex 0 40 0
      vertex -3.48623 39.8478 0
    endloop
  endfacet
  facet normal -0.461746 0.887012 0
    outer loop
      vertex -16.9047 36.2523 0
      vertex -20 34.641 5
      vertex -16.9047 36.2523 5
    endloop
  endfacet
  facet normal -0.461746 0.887012 0
    outer loop
      vertex -20 34.641 5
      vertex -16.9047 36.2523 0
      vertex -20 34.641 0
    endloop
  endfacet
  facet normal -0.382688 0.923878 0
    outer loop
      vertex -13.6808 37.5877 0
      vertex -16.9047 36.2523 5
      vertex -13.6808 37.5877 5
    endloop
  endfacet
  facet normal -0.382688 0.923878 0
    outer loop
      vertex -16.9047 36.2523 5
      vertex -13.6808 37.5877 0
      vertex -16.9047 36.2523 0
    endloop
  endfacet
  facet normal -0.675584 0.737283 0
    outer loop
      vertex -25.7115 30.6418 0
      vertex -28.2843 28.2843 5
      vertex -25.7115 30.6418 5
    endloop
  endfacet
  facet normal -0.675584 0.737283 0
    outer loop
      vertex -28.2843 28.2843 5
      vertex -25.7115 30.6418 0
      vertex -28.2843 28.2843 0
    endloop
  endfacet
  facet normal 0.999048 0.0436159 0
    outer loop
      vertex 40 0 5
      vertex 39.8478 3.48623 0
      vertex 39.8478 3.48623 5
    endloop
  endfacet
  facet normal 0.999048 0.0436159 0
    outer loop
      vertex 39.8478 3.48623 0
      vertex 40 0 5
      vertex 40 0 0
    endloop
  endfacet
  facet normal 0.0436159 -0.999048 0
    outer loop
      vertex 0 -40 0
      vertex 3.48623 -39.8478 5
      vertex 0 -40 5
    endloop
  endfacet
  facet normal 0.0436159 -0.999048 0
    outer loop
      vertex 3.48623 -39.8478 5
      vertex 0 -40 0
      vertex 3.48623 -39.8478 0
    endloop
  endfacet
  facet normal 0.953718 -0.300702 0
    outer loop
      vertex 37.5877 -13.6808 5
      vertex 38.637 -10.3528 0
      vertex 38.637 -10.3528 5
    endloop
  endfacet
  facet normal 0.953718 -0.300702 0
    outer loop
      vertex 38.637 -10.3528 0
      vertex 37.5877 -13.6808 5
      vertex 37.5877 -13.6808 0
    endloop
  endfacet
  facet normal 0.130532 -0.991444 0
    outer loop
      vertex 3.48623 -39.8478 0
      vertex 6.94593 -39.3923 5
      vertex 3.48623 -39.8478 5
    endloop
  endfacet
  facet normal 0.130532 -0.991444 0
    outer loop
      vertex 6.94593 -39.3923 5
      vertex 3.48623 -39.8478 0
      vertex 6.94593 -39.3923 0
    endloop
  endfacet
  facet normal 0.216444 -0.976295 0
    outer loop
      vertex 6.94593 -39.3923 0
      vertex 10.3528 -38.637 5
      vertex 6.94593 -39.3923 5
    endloop
  endfacet
  facet normal 0.216444 -0.976295 0
    outer loop
      vertex 10.3528 -38.637 5
      vertex 6.94593 -39.3923 0
      vertex 10.3528 -38.637 0
    endloop
  endfacet
  facet normal 0.382688 -0.923878 0
    outer loop
      vertex 13.6808 -37.5877 0
      vertex 16.9047 -36.2523 5
      vertex 13.6808 -37.5877 5
    endloop
  endfacet
  facet normal 0.382688 -0.923878 0
    outer loop
      vertex 16.9047 -36.2523 5
      vertex 13.6808 -37.5877 0
      vertex 16.9047 -36.2523 0
    endloop
  endfacet
  facet normal 0.887012 -0.461746 0
    outer loop
      vertex 34.641 -20 5
      vertex 36.2523 -16.9047 0
      vertex 36.2523 -16.9047 5
    endloop
  endfacet
  facet normal 0.887012 -0.461746 0
    outer loop
      vertex 36.2523 -16.9047 0
      vertex 34.641 -20 5
      vertex 34.641 -20 0
    endloop
  endfacet
  facet normal 0.843399 -0.537287 0
    outer loop
      vertex 32.7661 -22.9431 5
      vertex 34.641 -20 0
      vertex 34.641 -20 5
    endloop
  endfacet
  facet normal 0.843399 -0.537287 0
    outer loop
      vertex 34.641 -20 0
      vertex 32.7661 -22.9431 5
      vertex 32.7661 -22.9431 0
    endloop
  endfacet
  facet normal -0.0436159 -0.999048 0
    outer loop
      vertex -3.48623 -39.8478 0
      vertex 0 -40 5
      vertex -3.48623 -39.8478 5
    endloop
  endfacet
  facet normal -0.0436159 -0.999048 -0
    outer loop
      vertex 0 -40 5
      vertex -3.48623 -39.8478 0
      vertex 0 -40 0
    endloop
  endfacet
  facet normal -0.300702 -0.953718 0
    outer loop
      vertex -13.6808 -37.5877 0
      vertex -10.3528 -38.637 5
      vertex -13.6808 -37.5877 5
    endloop
  endfacet
  facet normal -0.300702 -0.953718 -0
    outer loop
      vertex -10.3528 -38.637 5
      vertex -13.6808 -37.5877 0
      vertex -10.3528 -38.637 0
    endloop
  endfacet
  facet normal -0.461746 -0.887012 0
    outer loop
      vertex -20 -34.641 0
      vertex -16.9047 -36.2523 5
      vertex -20 -34.641 5
    endloop
  endfacet
  facet normal -0.461746 -0.887012 -0
    outer loop
      vertex -16.9047 -36.2523 5
      vertex -20 -34.641 0
      vertex -16.9047 -36.2523 0
    endloop
  endfacet
  facet normal -0.537287 -0.843399 0
    outer loop
      vertex -22.9431 -32.7661 0
      vertex -20 -34.641 5
      vertex -22.9431 -32.7661 5
    endloop
  endfacet
  facet normal -0.537287 -0.843399 -0
    outer loop
      vertex -20 -34.641 5
      vertex -22.9431 -32.7661 0
      vertex -20 -34.641 0
    endloop
  endfacet
  facet normal -0.976295 -0.216444 0
    outer loop
      vertex -38.637 -10.3528 0
      vertex -39.3923 -6.94593 5
      vertex -39.3923 -6.94593 0
    endloop
  endfacet
  facet normal -0.976295 -0.216444 0
    outer loop
      vertex -39.3923 -6.94593 5
      vertex -38.637 -10.3528 0
      vertex -38.637 -10.3528 5
    endloop
  endfacet
  facet normal -0.999048 -0.0436159 0
    outer loop
      vertex -39.8478 -3.48623 0
      vertex -40 0 5
      vertex -40 0 0
    endloop
  endfacet
  facet normal -0.999048 -0.0436159 0
    outer loop
      vertex -40 0 5
      vertex -39.8478 -3.48623 0
      vertex -39.8478 -3.48623 5
    endloop
  endfacet
  facet normal -0 0 -1
    outer loop
      vertex -13.6421 -11.56 0
      vertex -24.9073 -14.6977 0
      vertex -13.5975 -11.4186 0
    endloop
  endfacet
  facet normal 0 0 -1
    outer loop
      vertex -13.3023 10.9073 0
      vertex -24.3065 15.8518 0
      vertex -24.3 16 0
    endloop
  endfacet
  facet normal 0 0 -1
    outer loop
      vertex -25.0249 -14.6074 0
      vertex -13.5975 -11.4186 0
      vertex -24.9073 -14.6977 0
    endloop
  endfacet
  facet normal 0 0 -1
    outer loop
      vertex -13.3023 10.9073 0
      vertex -24.3258 15.7048 0
      vertex -24.3065 15.8518 0
    endloop
  endfacet
  facet normal -0 0 -1
    outer loop
      vertex -13.5975 -11.4186 0
      vertex -25.0249 -14.6074 0
      vertex -13.5407 -11.2815 0
    endloop
  endfacet
  facet normal 0 0 -1
    outer loop
      vertex -13.3023 10.9073 0
      vertex -24.3579 15.56 0
      vertex -24.3258 15.7048 0
    endloop
  endfacet
  facet normal 0 0 -1
    outer loop
      vertex -25.15 -14.5278 0
      vertex -13.5407 -11.2815 0
      vertex -25.0249 -14.6074 0
    endloop
  endfacet
  facet normal 0 0 -1
    outer loop
      vertex -13.3023 10.9073 0
      vertex -24.4025 15.4186 0
      vertex -24.3579 15.56 0
    endloop
  endfacet
  facet normal -0 0 -1
    outer loop
      vertex -13.5407 -11.2815 0
      vertex -25.15 -14.5278 0
      vertex -13.4722 -11.15 0
    endloop
  endfacet
  facet normal 0 0 -1
    outer loop
      vertex -13.3023 10.9073 0
      vertex -24.4593 15.2815 0
      vertex -24.4025 15.4186 0
    endloop
  endfacet
  facet normal 0 0 -1
    outer loop
      vertex -25.2815 -14.4593 0
      vertex -13.4722 -11.15 0
      vertex -25.15 -14.5278 0
    endloop
  endfacet
  facet normal 0 0 -1
    outer loop
      vertex -13.3023 10.9073 0
      vertex -24.5278 15.15 0
      vertex -24.4593 15.2815 0
    endloop
  endfacet
  facet normal -0 0 -1
    outer loop
      vertex -13.4722 -11.15 0
      vertex -25.2815 -14.4593 0
      vertex -13.3926 -11.0249 0
    endloop
  endfacet
  facet normal 0 0 -1
    outer loop
      vertex -13.3023 10.9073 0
      vertex -24.6074 15.0249 0
      vertex -24.5278 15.15 0
    endloop
  endfacet
  facet normal 0 0 -1
    outer loop
      vertex -25.4186 -14.4025 0
      vertex -13.3926 -11.0249 0
      vertex -25.2815 -14.4593 0
    endloop
  endfacet
  facet normal 0 0 -1
    outer loop
      vertex -13.3023 10.9073 0
      vertex -24.6977 14.9073 0
      vertex -24.6074 15.0249 0
    endloop
  endfacet
  facet normal -0 0 -1
    outer loop
      vertex -13.3926 -11.0249 0
      vertex -25.4186 -14.4025 0
      vertex -13.3023 -10.9073 0
    endloop
  endfacet
  facet normal 0 0 -1
    outer loop
      vertex -13.3023 10.9073 0
      vertex -24.7979 14.7979 0
      vertex -24.6977 14.9073 0
    endloop
  endfacet
  facet normal 0 0 -1
    outer loop
      vertex -25.56 -14.3579 0
      vertex -13.3023 -10.9073 0
      vertex -25.4186 -14.4025 0
    endloop
  endfacet
  facet normal 0 0 -1
    outer loop
      vertex -13.3023 10.9073 0
      vertex -24.9073 14.6977 0
      vertex -24.7979 14.7979 0
    endloop
  endfacet
  facet normal -0 0 -1
    outer loop
      vertex -13.3023 -10.9073 0
      vertex -25.56 -14.3579 0
      vertex -13.2021 -10.7979 0
    endloop
  endfacet
  facet normal 0 0 -1
    outer loop
      vertex -13.3023 10.9073 0
      vertex -25.0249 14.6074 0
      vertex -24.9073 14.6977 0
    endloop
  endfacet
  facet normal -0 0 -1
    outer loop
      vertex -13.2021 -10.7979 0
      vertex -25.56 -14.3579 0
      vertex -9 0 0
    endloop
  endfacet
  facet normal 0 0 -1
    outer loop
      vertex -13.3023 10.9073 0
      vertex -25.15 14.5278 0
      vertex -25.0249 14.6074 0
    endloop
  endfacet
  facet normal 0 0 -1
    outer loop
      vertex -25.7048 -14.3258 0
      vertex -9 0 0
      vertex -25.56 -14.3579 0
    endloop
  endfacet
  facet normal 0 0 -1
    outer loop
      vertex -13.3023 10.9073 0
      vertex -25.2815 14.4593 0
      vertex -25.15 14.5278 0
    endloop
  endfacet
  facet normal 0 0 -1
    outer loop
      vertex -25.7048 14.3258 0
      vertex -9 0 0
      vertex -25.7048 -14.3258 0
    endloop
  endfacet
  facet normal 0 0 -1
    outer loop
      vertex -13.3023 10.9073 0
      vertex -25.4186 14.4025 0
      vertex -25.2815 14.4593 0
    endloop
  endfacet
  facet normal 0 0 -1
    outer loop
      vertex -9 0 0
      vertex -25.7048 14.3258 0
      vertex -13.2021 10.7979 0
    endloop
  endfacet
  facet normal 0 0 -1
    outer loop
      vertex -13.3023 10.9073 0
      vertex -25.56 14.3579 0
      vertex -25.4186 14.4025 0
    endloop
  endfacet
  facet normal 0 -0 -1
    outer loop
      vertex -25.56 14.3579 0
      vertex -13.2021 10.7979 0
      vertex -25.7048 14.3258 0
    endloop
  endfacet
  facet normal 0 0 -1
    outer loop
      vertex -13.2021 10.7979 0
      vertex -25.56 14.3579 0
      vertex -13.3023 10.9073 0
    endloop
  endfacet
  facet normal 0 0 -1
    outer loop
      vertex -25.8518 -14.3065 0
      vertex -25.7048 14.3258 0
      vertex -25.7048 -14.3258 0
    endloop
  endfacet
  facet normal 0 0 -1
    outer loop
      vertex -25.8518 -14.3065 0
      vertex -25.8518 14.3065 0
      vertex -25.7048 14.3258 0
    endloop
  endfacet
  facet normal 0 0 -1
    outer loop
      vertex -26 -14.3 0
      vertex -25.8518 14.3065 0
      vertex -25.8518 -14.3065 0
    endloop
  endfacet
  facet normal 0 0 -1
    outer loop
      vertex -26 -14.3 0
      vertex -26 14.3 0
      vertex -25.8518 14.3065 0
    endloop
  endfacet
  facet normal 0 0 -1
    outer loop
      vertex -40 0 0
      vertex -26 -14.3 0
      vertex -26.1482 -14.3065 0
    endloop
  endfacet
  facet normal 0 0 -1
    outer loop
      vertex -26 -14.3 0
      vertex -40 0 0
      vertex -26 14.3 0
    endloop
  endfacet
  facet normal 0 0 -1
    outer loop
      vertex -39.8478 -3.48623 0
      vertex -26.1482 -14.3065 0
      vertex -26.2952 -14.3258 0
    endloop
  endfacet
  facet normal -0 0 -1
    outer loop
      vertex -26 14.3 0
      vertex -40 0 0
      vertex -26.1482 14.3065 0
    endloop
  endfacet
  facet normal 0 0 -1
    outer loop
      vertex -39.8478 -3.48623 0
      vertex -26.2952 -14.3258 0
      vertex -26.44 -14.3579 0
    endloop
  endfacet
  facet normal 0 -0 -1
    outer loop
      vertex -39.8478 3.48623 0
      vertex -26.1482 14.3065 0
      vertex -40 0 0
    endloop
  endfacet
  facet normal 0 0 -1
    outer loop
      vertex -39.3923 -6.94593 0
      vertex -26.44 -14.3579 0
      vertex -26.5814 -14.4025 0
    endloop
  endfacet
  facet normal -0 0 -1
    outer loop
      vertex -26.1482 14.3065 0
      vertex -39.8478 3.48623 0
      vertex -26.2952 14.3258 0
    endloop
  endfacet
  facet normal 0 0 -1
    outer loop
      vertex -39.3923 -6.94593 0
      vertex -26.5814 -14.4025 0
      vertex -26.7185 -14.4593 0
    endloop
  endfacet
  facet normal -0 0 -1
    outer loop
      vertex -26.2952 14.3258 0
      vertex -39.8478 3.48623 0
      vertex -26.44 14.3579 0
    endloop
  endfacet
  facet normal 0 0 -1
    outer loop
      vertex -39.3923 -6.94593 0
      vertex -26.7185 -14.4593 0
      vertex -26.85 -14.5278 0
    endloop
  endfacet
  facet normal 0 -0 -1
    outer loop
      vertex -39.3923 6.94593 0
      vertex -26.44 14.3579 0
      vertex -39.8478 3.48623 0
    endloop
  endfacet
  facet normal 0 0 -1
    outer loop
      vertex -38.637 -10.3528 0
      vertex -26.85 -14.5278 0
      vertex -26.9751 -14.6074 0
    endloop
  endfacet
  facet normal -0 0 -1
    outer loop
      vertex -26.44 14.3579 0
      vertex -39.3923 6.94593 0
      vertex -26.5814 14.4025 0
    endloop
  endfacet
  facet normal 0 0 -1
    outer loop
      vertex -38.637 -10.3528 0
      vertex -26.9751 -14.6074 0
      vertex -27.0927 -14.6977 0
    endloop
  endfacet
  facet normal -0 0 -1
    outer loop
      vertex -26.5814 14.4025 0
      vertex -39.3923 6.94593 0
      vertex -26.7185 14.4593 0
    endloop
  endfacet
  facet normal 0 0 -1
    outer loop
      vertex -38.637 -10.3528 0
      vertex -27.0927 -14.6977 0
      vertex -27.2021 -14.7979 0
    endloop
  endfacet
  facet normal -0 0 -1
    outer loop
      vertex -26.7185 14.4593 0
      vertex -39.3923 6.94593 0
      vertex -26.85 14.5278 0
    endloop
  endfacet
  facet normal 0 0 -1
    outer loop
      vertex -37.5877 -13.6808 0
      vertex -27.2021 -14.7979 0
      vertex -27.3023 -14.9073 0
    endloop
  endfacet
  facet normal 0 -0 -1
    outer loop
      vertex -38.637 10.3528 0
      vertex -26.85 14.5278 0
      vertex -39.3923 6.94593 0
    endloop
  endfacet
  facet normal 0 0 -1
    outer loop
      vertex -37.5877 -13.6808 0
      vertex -27.3023 -14.9073 0
      vertex -27.3926 -15.0249 0
    endloop
  endfacet
  facet normal -0 0 -1
    outer loop
      vertex -26.85 14.5278 0
      vertex -38.637 10.3528 0
      vertex -26.9751 14.6074 0
    endloop
  endfacet
  facet normal 0 0 -1
    outer loop
      vertex -37.5877 -13.6808 0
      vertex -27.3926 -15.0249 0
      vertex -27.4722 -15.15 0
    endloop
  endfacet
  facet normal -0 0 -1
    outer loop
      vertex -26.9751 14.6074 0
      vertex -38.637 10.3528 0
      vertex -27.0927 14.6977 0
    endloop
  endfacet
  facet normal 0 0 -1
    outer loop
      vertex -37.5877 -13.6808 0
      vertex -27.4722 -15.15 0
      vertex -27.5407 -15.2815 0
    endloop
  endfacet
  facet normal -0 0 -1
    outer loop
      vertex -27.0927 14.6977 0
      vertex -38.637 10.3528 0
      vertex -27.2021 14.7979 0
    endloop
  endfacet
  facet normal 0 0 -1
    outer loop
      vertex -37.5877 -13.6808 0
      vertex -27.5407 -15.2815 0
      vertex -27.5975 -15.4186 0
    endloop
  endfacet
  facet normal 0 -0 -1
    outer loop
      vertex -37.5877 13.6808 0
      vertex -27.2021 14.7979 0
      vertex -38.637 10.3528 0
    endloop
  endfacet
  facet normal 0 0 -1
    outer loop
      vertex -36.2523 -16.9047 0
      vertex -27.5975 -15.4186 0
      vertex -27.6421 -15.56 0
    endloop
  endfacet
  facet normal -0 0 -1
    outer loop
      vertex -27.2021 14.7979 0
      vertex -37.5877 13.6808 0
      vertex -27.3023 14.9073 0
    endloop
  endfacet
  facet normal 0 0 -1
    outer loop
      vertex -36.2523 -16.9047 0
      vertex -27.6421 -15.56 0
      vertex -27.6742 -15.7048 0
    endloop
  endfacet
  facet normal -0 0 -1
    outer loop
      vertex -27.3023 14.9073 0
      vertex -37.5877 13.6808 0
      vertex -27.3926 15.0249 0
    endloop
  endfacet
  facet normal 0 0 -1
    outer loop
      vertex -36.2523 -16.9047 0
      vertex -27.6742 -15.7048 0
      vertex -27.6935 -15.8518 0
    endloop
  endfacet
  facet normal -0 0 -1
    outer loop
      vertex -27.3926 15.0249 0
      vertex -37.5877 13.6808 0
      vertex -27.4722 15.15 0
    endloop
  endfacet
  facet normal 0 0 -1
    outer loop
      vertex -36.2523 -16.9047 0
      vertex -27.6935 -15.8518 0
      vertex -27.7 -16 0
    endloop
  endfacet
  facet normal -0 0 -1
    outer loop
      vertex -27.4722 15.15 0
      vertex -37.5877 13.6808 0
      vertex -27.5407 15.2815 0
    endloop
  endfacet
  facet normal 0 0 -1
    outer loop
      vertex -13.0927 13.3023 0
      vertex -24.4025 16.5814 0
      vertex -12.9751 13.3926 0
    endloop
  endfacet
  facet normal 0 0 -1
    outer loop
      vertex -24.4593 16.7185 0
      vertex -12.9751 13.3926 0
      vertex -24.4025 16.5814 0
    endloop
  endfacet
  facet normal 0 0 -1
    outer loop
      vertex -12.9751 13.3926 0
      vertex -24.4593 16.7185 0
      vertex -12.85 13.4722 0
    endloop
  endfacet
  facet normal 0 0 -1
    outer loop
      vertex -24.5278 16.85 0
      vertex -12.85 13.4722 0
      vertex -24.4593 16.7185 0
    endloop
  endfacet
  facet normal 0 0 -1
    outer loop
      vertex -12.85 13.4722 0
      vertex -24.5278 16.85 0
      vertex -12.7185 13.5407 0
    endloop
  endfacet
  facet normal 0 0 -1
    outer loop
      vertex -24.6074 16.9751 0
      vertex -12.7185 13.5407 0
      vertex -24.5278 16.85 0
    endloop
  endfacet
  facet normal 0 0 -1
    outer loop
      vertex -12.7185 13.5407 0
      vertex -24.6074 16.9751 0
      vertex -12.5814 13.5975 0
    endloop
  endfacet
  facet normal 0 0 -1
    outer loop
      vertex -24.6977 17.0927 0
      vertex -12.5814 13.5975 0
      vertex -24.6074 16.9751 0
    endloop
  endfacet
  facet normal 0 0 -1
    outer loop
      vertex -12.5814 13.5975 0
      vertex -24.6977 17.0927 0
      vertex -22.9431 32.7661 0
    endloop
  endfacet
  facet normal 0 0 -1
    outer loop
      vertex -24.7979 17.2021 0
      vertex -22.9431 32.7661 0
      vertex -24.6977 17.0927 0
    endloop
  endfacet
  facet normal 0 0 -1
    outer loop
      vertex -24.9073 17.3023 0
      vertex -22.9431 32.7661 0
      vertex -24.7979 17.2021 0
    endloop
  endfacet
  facet normal 0 0 -1
    outer loop
      vertex -25.7115 30.6418 0
      vertex -24.9073 17.3023 0
      vertex -25.0249 17.3926 0
    endloop
  endfacet
  facet normal 0 0 -1
    outer loop
      vertex -25.7115 30.6418 0
      vertex -25.0249 17.3926 0
      vertex -25.15 17.4722 0
    endloop
  endfacet
  facet normal 0 0 -1
    outer loop
      vertex -25.7115 30.6418 0
      vertex -25.15 17.4722 0
      vertex -25.2815 17.5407 0
    endloop
  endfacet
  facet normal 0 0 -1
    outer loop
      vertex -28.2843 28.2843 0
      vertex -25.2815 17.5407 0
      vertex -25.4186 17.5975 0
    endloop
  endfacet
  facet normal 0 0 -1
    outer loop
      vertex -28.2843 28.2843 0
      vertex -25.4186 17.5975 0
      vertex -25.56 17.6421 0
    endloop
  endfacet
  facet normal 0 0 -1
    outer loop
      vertex -28.2843 28.2843 0
      vertex -25.56 17.6421 0
      vertex -25.7048 17.6742 0
    endloop
  endfacet
  facet normal 0 0 -1
    outer loop
      vertex -24.9073 17.3023 0
      vertex -25.7115 30.6418 0
      vertex -22.9431 32.7661 0
    endloop
  endfacet
  facet normal 0 0 -1
    outer loop
      vertex -28.2843 28.2843 0
      vertex -25.7048 17.6742 0
      vertex -25.8518 17.6935 0
    endloop
  endfacet
  facet normal 0 0 -1
    outer loop
      vertex -30.6418 25.7115 0
      vertex -25.8518 17.6935 0
      vertex -26 17.7 0
    endloop
  endfacet
  facet normal 0 0 -1
    outer loop
      vertex -30.6418 25.7115 0
      vertex -26 17.7 0
      vertex -26.1482 17.6935 0
    endloop
  endfacet
  facet normal 0 0 -1
    outer loop
      vertex -30.6418 25.7115 0
      vertex -26.1482 17.6935 0
      vertex -26.2952 17.6742 0
    endloop
  endfacet
  facet normal 0 0 -1
    outer loop
      vertex -30.6418 25.7115 0
      vertex -26.2952 17.6742 0
      vertex -26.44 17.6421 0
    endloop
  endfacet
  facet normal 0 0 -1
    outer loop
      vertex -30.6418 25.7115 0
      vertex -26.44 17.6421 0
      vertex -26.5814 17.5975 0
    endloop
  endfacet
  facet normal 0 0 -1
    outer loop
      vertex -30.6418 25.7115 0
      vertex -26.5814 17.5975 0
      vertex -26.7185 17.5407 0
    endloop
  endfacet
  facet normal 0 0 -1
    outer loop
      vertex -32.7661 22.9431 0
      vertex -26.7185 17.5407 0
      vertex -26.85 17.4722 0
    endloop
  endfacet
  facet normal 0 0 -1
    outer loop
      vertex -32.7661 22.9431 0
      vertex -26.85 17.4722 0
      vertex -26.9751 17.3926 0
    endloop
  endfacet
  facet normal 0 0 -1
    outer loop
      vertex -32.7661 22.9431 0
      vertex -26.9751 17.3926 0
      vertex -27.0927 17.3023 0
    endloop
  endfacet
  facet normal 0 0 -1
    outer loop
      vertex -32.7661 22.9431 0
      vertex -27.0927 17.3023 0
      vertex -27.2021 17.2021 0
    endloop
  endfacet
  facet normal 0 0 -1
    outer loop
      vertex -32.7661 22.9431 0
      vertex -27.2021 17.2021 0
      vertex -27.3023 17.0927 0
    endloop
  endfacet
  facet normal 0 0 -1
    outer loop
      vertex -32.7661 22.9431 0
      vertex -27.3023 17.0927 0
      vertex -27.3926 16.9751 0
    endloop
  endfacet
  facet normal 0 0 -1
    outer loop
      vertex -34.641 20 0
      vertex -27.3926 16.9751 0
      vertex -27.4722 16.85 0
    endloop
  endfacet
  facet normal 0 0 -1
    outer loop
      vertex -34.641 20 0
      vertex -27.4722 16.85 0
      vertex -27.5407 16.7185 0
    endloop
  endfacet
  facet normal 0 0 -1
    outer loop
      vertex -34.641 20 0
      vertex -27.5407 16.7185 0
      vertex -27.5975 16.5814 0
    endloop
  endfacet
  facet normal 0 0 -1
    outer loop
      vertex -34.641 20 0
      vertex -27.5975 16.5814 0
      vertex -27.6421 16.44 0
    endloop
  endfacet
  facet normal 0 0 -1
    outer loop
      vertex -34.641 20 0
      vertex -27.6421 16.44 0
      vertex -27.6742 16.2952 0
    endloop
  endfacet
  facet normal 0 0 -1
    outer loop
      vertex -25.2815 17.5407 0
      vertex -28.2843 28.2843 0
      vertex -25.7115 30.6418 0
    endloop
  endfacet
  facet normal 0 0 -1
    outer loop
      vertex -34.641 20 0
      vertex -27.6742 16.2952 0
      vertex -27.6935 16.1482 0
    endloop
  endfacet
  facet normal 0 0 -1
    outer loop
      vertex -36.2523 16.9047 0
      vertex -27.6935 16.1482 0
      vertex -27.7 16 0
    endloop
  endfacet
  facet normal -0 0 -1
    outer loop
      vertex -27.6742 -16.2952 0
      vertex -34.641 -20 0
      vertex -27.6935 -16.1482 0
    endloop
  endfacet
  facet normal 0 0 -1
    outer loop
      vertex -36.2523 -16.9047 0
      vertex -27.6935 -16.1482 0
      vertex -34.641 -20 0
    endloop
  endfacet
  facet normal 0 0 -1
    outer loop
      vertex -25.8518 17.6935 0
      vertex -30.6418 25.7115 0
      vertex -28.2843 28.2843 0
    endloop
  endfacet
  facet normal -0 0 -1
    outer loop
      vertex -27.6935 -16.1482 0
      vertex -36.2523 -16.9047 0
      vertex -27.7 -16 0
    endloop
  endfacet
  facet normal 0 0 -1
    outer loop
      vertex -26.7185 17.5407 0
      vertex -32.7661 22.9431 0
      vertex -30.6418 25.7115 0
    endloop
  endfacet
  facet normal -0 0 -1
    outer loop
      vertex -27.5975 -15.4186 0
      vertex -36.2523 -16.9047 0
      vertex -37.5877 -13.6808 0
    endloop
  endfacet
  facet normal 0 0 -1
    outer loop
      vertex -27.3926 16.9751 0
      vertex -34.641 20 0
      vertex -32.7661 22.9431 0
    endloop
  endfacet
  facet normal 0 0 -1
    outer loop
      vertex -27.2021 -14.7979 0
      vertex -37.5877 -13.6808 0
      vertex -38.637 -10.3528 0
    endloop
  endfacet
  facet normal 0 0 -1
    outer loop
      vertex -27.6935 16.1482 0
      vertex -36.2523 16.9047 0
      vertex -34.641 20 0
    endloop
  endfacet
  facet normal 0 0 -1
    outer loop
      vertex -26.85 -14.5278 0
      vertex -38.637 -10.3528 0
      vertex -39.3923 -6.94593 0
    endloop
  endfacet
  facet normal 0 0 -1
    outer loop
      vertex -27.6935 15.8518 0
      vertex -36.2523 16.9047 0
      vertex -27.7 16 0
    endloop
  endfacet
  facet normal 0 0 -1
    outer loop
      vertex -26.44 -14.3579 0
      vertex -39.3923 -6.94593 0
      vertex -39.8478 -3.48623 0
    endloop
  endfacet
  facet normal 0 0 -1
    outer loop
      vertex -27.6742 15.7048 0
      vertex -36.2523 16.9047 0
      vertex -27.6935 15.8518 0
    endloop
  endfacet
  facet normal 0 0 -1
    outer loop
      vertex -26.1482 -14.3065 0
      vertex -39.8478 -3.48623 0
      vertex -40 0 0
    endloop
  endfacet
  facet normal 0 0 -1
    outer loop
      vertex -27.6421 15.56 0
      vertex -36.2523 16.9047 0
      vertex -27.6742 15.7048 0
    endloop
  endfacet
  facet normal -0 0 -1
    outer loop
      vertex -27.5407 15.2815 0
      vertex -37.5877 13.6808 0
      vertex -27.5975 15.4186 0
    endloop
  endfacet
  facet normal 0 0 -1
    outer loop
      vertex -27.5975 15.4186 0
      vertex -36.2523 16.9047 0
      vertex -27.6421 15.56 0
    endloop
  endfacet
  facet normal 0 -0 -1
    outer loop
      vertex -36.2523 16.9047 0
      vertex -27.5975 15.4186 0
      vertex -37.5877 13.6808 0
    endloop
  endfacet
  facet normal -0 0 -1
    outer loop
      vertex -6.36396 -6.36396 0
      vertex -10.9073 -10.6977 0
      vertex -6.8944 -5.78509 0
    endloop
  endfacet
  facet normal 0 0 -1
    outer loop
      vertex -9 0 0
      vertex -10.3065 11.8518 0
      vertex -10.3 12 0
    endloop
  endfacet
  facet normal 0 0 -1
    outer loop
      vertex -11.0249 -10.6074 0
      vertex -6.8944 -5.78509 0
      vertex -10.9073 -10.6977 0
    endloop
  endfacet
  facet normal 0 0 -1
    outer loop
      vertex -9 0 0
      vertex -10.3258 11.7048 0
      vertex -10.3065 11.8518 0
    endloop
  endfacet
  facet normal 0 0 -1
    outer loop
      vertex -11.15 -10.5278 0
      vertex -6.8944 -5.78509 0
      vertex -11.0249 -10.6074 0
    endloop
  endfacet
  facet normal 0 0 -1
    outer loop
      vertex -9 0 0
      vertex -10.3579 11.56 0
      vertex -10.3258 11.7048 0
    endloop
  endfacet
  facet normal 0 0 -1
    outer loop
      vertex -11.2815 -10.4593 0
      vertex -6.8944 -5.78509 0
      vertex -11.15 -10.5278 0
    endloop
  endfacet
  facet normal 0 0 -1
    outer loop
      vertex -9 0 0
      vertex -10.4025 11.4186 0
      vertex -10.3579 11.56 0
    endloop
  endfacet
  facet normal -0 0 -1
    outer loop
      vertex -6.8944 -5.78509 0
      vertex -11.2815 -10.4593 0
      vertex -7.37237 -5.16219 0
    endloop
  endfacet
  facet normal 0 0 -1
    outer loop
      vertex -9 0 0
      vertex -10.4593 11.2815 0
      vertex -10.4025 11.4186 0
    endloop
  endfacet
  facet normal 0 0 -1
    outer loop
      vertex -11.4186 -10.4025 0
      vertex -7.37237 -5.16219 0
      vertex -11.2815 -10.4593 0
    endloop
  endfacet
  facet normal 0 0 -1
    outer loop
      vertex -9 0 0
      vertex -10.5278 11.15 0
      vertex -10.4593 11.2815 0
    endloop
  endfacet
  facet normal 0 0 -1
    outer loop
      vertex -11.56 -10.3579 0
      vertex -7.37237 -5.16219 0
      vertex -11.4186 -10.4025 0
    endloop
  endfacet
  facet normal 0 0 -1
    outer loop
      vertex -9 0 0
      vertex -10.6074 11.0249 0
      vertex -10.5278 11.15 0
    endloop
  endfacet
  facet normal -0 0 -1
    outer loop
      vertex -7.37237 -5.16219 0
      vertex -11.56 -10.3579 0
      vertex -7.79423 -4.5 0
    endloop
  endfacet
  facet normal 0 0 -1
    outer loop
      vertex -9 0 0
      vertex -10.6977 10.9073 0
      vertex -10.6074 11.0249 0
    endloop
  endfacet
  facet normal 0 0 -1
    outer loop
      vertex -11.7048 -10.3258 0
      vertex -7.79423 -4.5 0
      vertex -11.56 -10.3579 0
    endloop
  endfacet
  facet normal 0 0 -1
    outer loop
      vertex -9 0 0
      vertex -10.7979 10.7979 0
      vertex -10.6977 10.9073 0
    endloop
  endfacet
  facet normal 0 0 -1
    outer loop
      vertex -11.8518 -10.3065 0
      vertex -7.79423 -4.5 0
      vertex -11.7048 -10.3258 0
    endloop
  endfacet
  facet normal 0 0 -1
    outer loop
      vertex -9 0 0
      vertex -10.9073 10.6977 0
      vertex -10.7979 10.7979 0
    endloop
  endfacet
  facet normal -0 0 -1
    outer loop
      vertex -7.79423 -4.5 0
      vertex -11.8518 -10.3065 0
      vertex -8.15677 -3.80356 0
    endloop
  endfacet
  facet normal 0 0 -1
    outer loop
      vertex -9 0 0
      vertex -11.0249 10.6074 0
      vertex -10.9073 10.6977 0
    endloop
  endfacet
  facet normal 0 0 -1
    outer loop
      vertex -12 -10.3 0
      vertex -8.15677 -3.80356 0
      vertex -11.8518 -10.3065 0
    endloop
  endfacet
  facet normal 0 0 -1
    outer loop
      vertex -9 0 0
      vertex -11.15 10.5278 0
      vertex -11.0249 10.6074 0
    endloop
  endfacet
  facet normal 0 0 -1
    outer loop
      vertex -12.1482 -10.3065 0
      vertex -8.15677 -3.80356 0
      vertex -12 -10.3 0
    endloop
  endfacet
  facet normal 0 0 -1
    outer loop
      vertex -9 0 0
      vertex -11.2815 10.4593 0
      vertex -11.15 10.5278 0
    endloop
  endfacet
  facet normal -0 0 -1
    outer loop
      vertex -8.15677 -3.80356 0
      vertex -12.1482 -10.3065 0
      vertex -8.45723 -3.07818 0
    endloop
  endfacet
  facet normal 0 0 -1
    outer loop
      vertex -9 0 0
      vertex -11.4186 10.4025 0
      vertex -11.2815 10.4593 0
    endloop
  endfacet
  facet normal 0 0 -1
    outer loop
      vertex -12.2952 -10.3258 0
      vertex -8.45723 -3.07818 0
      vertex -12.1482 -10.3065 0
    endloop
  endfacet
  facet normal 0 0 -1
    outer loop
      vertex -9 0 0
      vertex -11.56 10.3579 0
      vertex -11.4186 10.4025 0
    endloop
  endfacet
  facet normal 0 0 -1
    outer loop
      vertex -12.44 -10.3579 0
      vertex -8.45723 -3.07818 0
      vertex -12.2952 -10.3258 0
    endloop
  endfacet
  facet normal 0 0 -1
    outer loop
      vertex -9 0 0
      vertex -11.7048 10.3258 0
      vertex -11.56 10.3579 0
    endloop
  endfacet
  facet normal 0 0 -1
    outer loop
      vertex -12.5814 -10.4025 0
      vertex -8.45723 -3.07818 0
      vertex -12.44 -10.3579 0
    endloop
  endfacet
  facet normal 0 0 -1
    outer loop
      vertex -9 0 0
      vertex -11.8518 10.3065 0
      vertex -11.7048 10.3258 0
    endloop
  endfacet
  facet normal -0 0 -1
    outer loop
      vertex -8.45723 -3.07818 0
      vertex -12.5814 -10.4025 0
      vertex -8.69333 -2.32937 0
    endloop
  endfacet
  facet normal 0 0 -1
    outer loop
      vertex -9 0 0
      vertex -12 10.3 0
      vertex -11.8518 10.3065 0
    endloop
  endfacet
  facet normal 0 0 -1
    outer loop
      vertex -12.7185 -10.4593 0
      vertex -8.69333 -2.32937 0
      vertex -12.5814 -10.4025 0
    endloop
  endfacet
  facet normal 0 0 -1
    outer loop
      vertex -9 0 0
      vertex -12.1482 10.3065 0
      vertex -12 10.3 0
    endloop
  endfacet
  facet normal -0 0 -1
    outer loop
      vertex -8.69333 -2.32937 0
      vertex -12.7185 -10.4593 0
      vertex -8.86327 -1.56283 0
    endloop
  endfacet
  facet normal 0 0 -1
    outer loop
      vertex -9 0 0
      vertex -12.2952 10.3258 0
      vertex -12.1482 10.3065 0
    endloop
  endfacet
  facet normal 0 0 -1
    outer loop
      vertex -12.85 -10.5278 0
      vertex -8.86327 -1.56283 0
      vertex -12.7185 -10.4593 0
    endloop
  endfacet
  facet normal 0 0 -1
    outer loop
      vertex -9 0 0
      vertex -12.44 10.3579 0
      vertex -12.2952 10.3258 0
    endloop
  endfacet
  facet normal 0 0 -1
    outer loop
      vertex -12.9751 -10.6074 0
      vertex -8.86327 -1.56283 0
      vertex -12.85 -10.5278 0
    endloop
  endfacet
  facet normal 0 0 -1
    outer loop
      vertex -9 0 0
      vertex -12.5814 10.4025 0
      vertex -12.44 10.3579 0
    endloop
  endfacet
  facet normal -0 0 -1
    outer loop
      vertex -8.86327 -1.56283 0
      vertex -12.9751 -10.6074 0
      vertex -8.96575 -0.784401 0
    endloop
  endfacet
  facet normal 0 0 -1
    outer loop
      vertex -9 0 0
      vertex -12.7185 10.4593 0
      vertex -12.5814 10.4025 0
    endloop
  endfacet
  facet normal 0 0 -1
    outer loop
      vertex -13.0927 -10.6977 0
      vertex -8.96575 -0.784401 0
      vertex -12.9751 -10.6074 0
    endloop
  endfacet
  facet normal 0 0 -1
    outer loop
      vertex -9 0 0
      vertex -12.85 10.5278 0
      vertex -12.7185 10.4593 0
    endloop
  endfacet
  facet normal 0 0 -1
    outer loop
      vertex -13.2021 -10.7979 0
      vertex -8.96575 -0.784401 0
      vertex -13.0927 -10.6977 0
    endloop
  endfacet
  facet normal 0 0 -1
    outer loop
      vertex -9 0 0
      vertex -12.9751 10.6074 0
      vertex -12.85 10.5278 0
    endloop
  endfacet
  facet normal -0 0 -1
    outer loop
      vertex -8.96575 -0.784401 0
      vertex -13.2021 -10.7979 0
      vertex -9 0 0
    endloop
  endfacet
  facet normal 0 0 -1
    outer loop
      vertex -9 0 0
      vertex -13.0927 10.6977 0
      vertex -12.9751 10.6074 0
    endloop
  endfacet
  facet normal -0 0 -1
    outer loop
      vertex -13.6742 -11.7048 0
      vertex -24.7979 -14.7979 0
      vertex -13.6421 -11.56 0
    endloop
  endfacet
  facet normal 0 0 -1
    outer loop
      vertex -9 0 0
      vertex -13.2021 10.7979 0
      vertex -13.0927 10.6977 0
    endloop
  endfacet
  facet normal -0 0 -1
    outer loop
      vertex -13.6935 -11.8518 0
      vertex -24.6977 -14.9073 0
      vertex -13.6742 -11.7048 0
    endloop
  endfacet
  facet normal 0 0 -1
    outer loop
      vertex -24.7979 -14.7979 0
      vertex -13.6742 -11.7048 0
      vertex -24.6977 -14.9073 0
    endloop
  endfacet
  facet normal -0 0 -1
    outer loop
      vertex -13.7 -12 0
      vertex -24.6074 -15.0249 0
      vertex -13.6935 -11.8518 0
    endloop
  endfacet
  facet normal 0 0 -1
    outer loop
      vertex -24.6977 -14.9073 0
      vertex -13.6935 -11.8518 0
      vertex -24.6074 -15.0249 0
    endloop
  endfacet
  facet normal 0 0 -1
    outer loop
      vertex -24.6074 -15.0249 0
      vertex -13.7 -12 0
      vertex -24.5278 -15.15 0
    endloop
  endfacet
  facet normal 0 0 -1
    outer loop
      vertex -24.9073 -14.6977 0
      vertex -13.6421 -11.56 0
      vertex -24.7979 -14.7979 0
    endloop
  endfacet
  facet normal -0 0 -1
    outer loop
      vertex -13.6935 -12.1482 0
      vertex -24.5278 -15.15 0
      vertex -13.7 -12 0
    endloop
  endfacet
  facet normal 0 0 -1
    outer loop
      vertex -13.3023 10.9073 0
      vertex -24.3 16 0
      vertex -13.3926 11.0249 0
    endloop
  endfacet
  facet normal 0 0 -1
    outer loop
      vertex -24.5278 -15.15 0
      vertex -13.6935 -12.1482 0
      vertex -24.4593 -15.2815 0
    endloop
  endfacet
  facet normal 0 0 -1
    outer loop
      vertex -13.3926 11.0249 0
      vertex -24.3 16 0
      vertex -13.4722 11.15 0
    endloop
  endfacet
  facet normal -0 0 -1
    outer loop
      vertex -13.6742 -12.2952 0
      vertex -24.4593 -15.2815 0
      vertex -13.6935 -12.1482 0
    endloop
  endfacet
  facet normal 0 0 -1
    outer loop
      vertex -13.4722 11.15 0
      vertex -24.3 16 0
      vertex -13.5407 11.2815 0
    endloop
  endfacet
  facet normal 0 0 -1
    outer loop
      vertex -24.4593 -15.2815 0
      vertex -13.6742 -12.2952 0
      vertex -24.4025 -15.4186 0
    endloop
  endfacet
  facet normal 0 0 -1
    outer loop
      vertex -13.5407 11.2815 0
      vertex -24.3 16 0
      vertex -13.5975 11.4186 0
    endloop
  endfacet
  facet normal -0 0 -1
    outer loop
      vertex -13.6421 -12.44 0
      vertex -24.4025 -15.4186 0
      vertex -13.6742 -12.2952 0
    endloop
  endfacet
  facet normal 0 0 -1
    outer loop
      vertex -13.5975 11.4186 0
      vertex -24.3 16 0
      vertex -13.6421 11.56 0
    endloop
  endfacet
  facet normal 0 0 -1
    outer loop
      vertex -24.4025 -15.4186 0
      vertex -13.6421 -12.44 0
      vertex -24.3579 -15.56 0
    endloop
  endfacet
  facet normal 0 0 -1
    outer loop
      vertex -13.6421 11.56 0
      vertex -24.3 16 0
      vertex -13.6742 11.7048 0
    endloop
  endfacet
  facet normal 0 0 -1
    outer loop
      vertex 13.4722 -11.15 0
      vertex 25.15 -14.5278 0
      vertex 13.5407 -11.2815 0
    endloop
  endfacet
  facet normal 0 0 -1
    outer loop
      vertex 25.56 14.3579 0
      vertex 13.6935 11.8518 0
      vertex 13.7 12 0
    endloop
  endfacet
  facet normal 0 0 -1
    outer loop
      vertex 25.15 -14.5278 0
      vertex 13.4722 -11.15 0
      vertex 25.2815 -14.4593 0
    endloop
  endfacet
  facet normal 0 0 -1
    outer loop
      vertex 25.56 14.3579 0
      vertex 13.6742 11.7048 0
      vertex 13.6935 11.8518 0
    endloop
  endfacet
  facet normal 0 0 -1
    outer loop
      vertex 13.3926 -11.0249 0
      vertex 25.2815 -14.4593 0
      vertex 13.4722 -11.15 0
    endloop
  endfacet
  facet normal 0 0 -1
    outer loop
      vertex 25.56 14.3579 0
      vertex 13.6421 11.56 0
      vertex 13.6742 11.7048 0
    endloop
  endfacet
  facet normal 0 0 -1
    outer loop
      vertex 25.2815 -14.4593 0
      vertex 13.3926 -11.0249 0
      vertex 25.4186 -14.4025 0
    endloop
  endfacet
  facet normal 0 0 -1
    outer loop
      vertex 25.56 14.3579 0
      vertex 13.5975 11.4186 0
      vertex 13.6421 11.56 0
    endloop
  endfacet
  facet normal 0 0 -1
    outer loop
      vertex 13.3023 -10.9073 0
      vertex 25.4186 -14.4025 0
      vertex 13.3926 -11.0249 0
    endloop
  endfacet
  facet normal 0 0 -1
    outer loop
      vertex 25.56 14.3579 0
      vertex 13.5407 11.2815 0
      vertex 13.5975 11.4186 0
    endloop
  endfacet
  facet normal 0 0 -1
    outer loop
      vertex 25.4186 -14.4025 0
      vertex 13.3023 -10.9073 0
      vertex 25.56 -14.3579 0
    endloop
  endfacet
  facet normal 0 0 -1
    outer loop
      vertex 25.56 14.3579 0
      vertex 13.4722 11.15 0
      vertex 13.5407 11.2815 0
    endloop
  endfacet
  facet normal 0 0 -1
    outer loop
      vertex 13.2021 -10.7979 0
      vertex 25.56 -14.3579 0
      vertex 13.3023 -10.9073 0
    endloop
  endfacet
  facet normal 0 0 -1
    outer loop
      vertex 25.56 14.3579 0
      vertex 13.3926 11.0249 0
      vertex 13.4722 11.15 0
    endloop
  endfacet
  facet normal 0 0 -1
    outer loop
      vertex 9 0 0
      vertex 25.56 -14.3579 0
      vertex 13.2021 -10.7979 0
    endloop
  endfacet
  facet normal 0 0 -1
    outer loop
      vertex 25.56 14.3579 0
      vertex 13.3023 10.9073 0
      vertex 13.3926 11.0249 0
    endloop
  endfacet
  facet normal 0 0 -1
    outer loop
      vertex 25.56 -14.3579 0
      vertex 9 0 0
      vertex 25.56 14.3579 0
    endloop
  endfacet
  facet normal 0 0 -1
    outer loop
      vertex 25.56 14.3579 0
      vertex 13.2021 10.7979 0
      vertex 13.3023 10.9073 0
    endloop
  endfacet
  facet normal 0 0 -1
    outer loop
      vertex 8.96575 -0.784401 0
      vertex 13.2021 -10.7979 0
      vertex 13.0927 -10.6977 0
    endloop
  endfacet
  facet normal 0 0 -1
    outer loop
      vertex 25.56 14.3579 0
      vertex 9 0 0
      vertex 13.2021 10.7979 0
    endloop
  endfacet
  facet normal 0 0 -1
    outer loop
      vertex 8.96575 -0.784401 0
      vertex 13.0927 -10.6977 0
      vertex 12.9751 -10.6074 0
    endloop
  endfacet
  facet normal 0 0 -1
    outer loop
      vertex 8.96575 0.784401 0
      vertex 13.2021 10.7979 0
      vertex 9 0 0
    endloop
  endfacet
  facet normal 0 0 -1
    outer loop
      vertex 8.86327 -1.56283 0
      vertex 12.9751 -10.6074 0
      vertex 12.85 -10.5278 0
    endloop
  endfacet
  facet normal 0 0 -1
    outer loop
      vertex 13.2021 10.7979 0
      vertex 8.96575 0.784401 0
      vertex 13.0927 10.6977 0
    endloop
  endfacet
  facet normal 0 0 -1
    outer loop
      vertex 8.86327 -1.56283 0
      vertex 12.85 -10.5278 0
      vertex 12.7185 -10.4593 0
    endloop
  endfacet
  facet normal 0 0 -1
    outer loop
      vertex 13.0927 10.6977 0
      vertex 8.96575 0.784401 0
      vertex 12.9751 10.6074 0
    endloop
  endfacet
  facet normal 0 0 -1
    outer loop
      vertex 8.69333 -2.32937 0
      vertex 12.7185 -10.4593 0
      vertex 12.5814 -10.4025 0
    endloop
  endfacet
  facet normal 0 0 -1
    outer loop
      vertex 8.86327 1.56283 0
      vertex 12.9751 10.6074 0
      vertex 8.96575 0.784401 0
    endloop
  endfacet
  facet normal 0 0 -1
    outer loop
      vertex 8.45723 -3.07818 0
      vertex 12.5814 -10.4025 0
      vertex 12.44 -10.3579 0
    endloop
  endfacet
  facet normal 0 0 -1
    outer loop
      vertex 12.9751 10.6074 0
      vertex 8.86327 1.56283 0
      vertex 12.85 10.5278 0
    endloop
  endfacet
  facet normal 0 0 -1
    outer loop
      vertex 8.45723 -3.07818 0
      vertex 12.44 -10.3579 0
      vertex 12.2952 -10.3258 0
    endloop
  endfacet
  facet normal 0 0 -1
    outer loop
      vertex 12.85 10.5278 0
      vertex 8.86327 1.56283 0
      vertex 12.7185 10.4593 0
    endloop
  endfacet
  facet normal 0 0 -1
    outer loop
      vertex 8.45723 -3.07818 0
      vertex 12.2952 -10.3258 0
      vertex 12.1482 -10.3065 0
    endloop
  endfacet
  facet normal 0 0 -1
    outer loop
      vertex 8.69333 2.32937 0
      vertex 12.7185 10.4593 0
      vertex 8.86327 1.56283 0
    endloop
  endfacet
  facet normal 0 0 -1
    outer loop
      vertex 8.15677 -3.80356 0
      vertex 12.1482 -10.3065 0
      vertex 12 -10.3 0
    endloop
  endfacet
  facet normal 0 0 -1
    outer loop
      vertex 12.7185 10.4593 0
      vertex 8.69333 2.32937 0
      vertex 12.5814 10.4025 0
    endloop
  endfacet
  facet normal 0 0 -1
    outer loop
      vertex 8.15677 -3.80356 0
      vertex 12 -10.3 0
      vertex 11.8518 -10.3065 0
    endloop
  endfacet
  facet normal 0 0 -1
    outer loop
      vertex 8.45723 3.07818 0
      vertex 12.5814 10.4025 0
      vertex 8.69333 2.32937 0
    endloop
  endfacet
  facet normal 0 0 -1
    outer loop
      vertex 7.79423 -4.5 0
      vertex 11.8518 -10.3065 0
      vertex 11.7048 -10.3258 0
    endloop
  endfacet
  facet normal 0 0 -1
    outer loop
      vertex 12.5814 10.4025 0
      vertex 8.45723 3.07818 0
      vertex 12.44 10.3579 0
    endloop
  endfacet
  facet normal 0 0 -1
    outer loop
      vertex 7.79423 -4.5 0
      vertex 11.7048 -10.3258 0
      vertex 11.56 -10.3579 0
    endloop
  endfacet
  facet normal 0 0 -1
    outer loop
      vertex 12.44 10.3579 0
      vertex 8.45723 3.07818 0
      vertex 12.2952 10.3258 0
    endloop
  endfacet
  facet normal 0 0 -1
    outer loop
      vertex 7.37237 -5.16219 0
      vertex 11.56 -10.3579 0
      vertex 11.4186 -10.4025 0
    endloop
  endfacet
  facet normal 0 0 -1
    outer loop
      vertex 12.2952 10.3258 0
      vertex 8.45723 3.07818 0
      vertex 12.1482 10.3065 0
    endloop
  endfacet
  facet normal 0 0 -1
    outer loop
      vertex 7.37237 -5.16219 0
      vertex 11.4186 -10.4025 0
      vertex 11.2815 -10.4593 0
    endloop
  endfacet
  facet normal 0 0 -1
    outer loop
      vertex 8.15677 3.80356 0
      vertex 12.1482 10.3065 0
      vertex 8.45723 3.07818 0
    endloop
  endfacet
  facet normal 0 0 -1
    outer loop
      vertex 6.8944 -5.78509 0
      vertex 11.2815 -10.4593 0
      vertex 11.15 -10.5278 0
    endloop
  endfacet
  facet normal 0 0 -1
    outer loop
      vertex 12.1482 10.3065 0
      vertex 8.15677 3.80356 0
      vertex 12 10.3 0
    endloop
  endfacet
  facet normal 0 0 -1
    outer loop
      vertex 6.8944 -5.78509 0
      vertex 11.15 -10.5278 0
      vertex 11.0249 -10.6074 0
    endloop
  endfacet
  facet normal -0 0 -1
    outer loop
      vertex 12 10.3 0
      vertex 8.15677 3.80356 0
      vertex 11.8518 10.3065 0
    endloop
  endfacet
  facet normal 0 0 -1
    outer loop
      vertex 6.8944 -5.78509 0
      vertex 11.0249 -10.6074 0
      vertex 10.9073 -10.6977 0
    endloop
  endfacet
  facet normal 0 0 -1
    outer loop
      vertex 7.79423 4.5 0
      vertex 11.8518 10.3065 0
      vertex 8.15677 3.80356 0
    endloop
  endfacet
  facet normal 0 0 -1
    outer loop
      vertex 6.36396 -6.36396 0
      vertex 10.9073 -10.6977 0
      vertex 10.7979 -10.7979 0
    endloop
  endfacet
  facet normal -0 0 -1
    outer loop
      vertex 11.8518 10.3065 0
      vertex 7.79423 4.5 0
      vertex 11.7048 10.3258 0
    endloop
  endfacet
  facet normal 0 0 -1
    outer loop
      vertex 6.36396 -6.36396 0
      vertex 10.7979 -10.7979 0
      vertex 10.6977 -10.9073 0
    endloop
  endfacet
  facet normal -0 0 -1
    outer loop
      vertex 11.7048 10.3258 0
      vertex 7.79423 4.5 0
      vertex 11.56 10.3579 0
    endloop
  endfacet
  facet normal 0 0 -1
    outer loop
      vertex 5.78509 -6.8944 0
      vertex 10.6977 -10.9073 0
      vertex 10.6074 -11.0249 0
    endloop
  endfacet
  facet normal 0 0 -1
    outer loop
      vertex 7.37237 5.16219 0
      vertex 11.56 10.3579 0
      vertex 7.79423 4.5 0
    endloop
  endfacet
  facet normal 0 0 -1
    outer loop
      vertex 5.78509 -6.8944 0
      vertex 10.6074 -11.0249 0
      vertex 10.5278 -11.15 0
    endloop
  endfacet
  facet normal -0 0 -1
    outer loop
      vertex 11.56 10.3579 0
      vertex 7.37237 5.16219 0
      vertex 11.4186 10.4025 0
    endloop
  endfacet
  facet normal 0 0 -1
    outer loop
      vertex 5.78509 -6.8944 0
      vertex 10.5278 -11.15 0
      vertex 10.4593 -11.2815 0
    endloop
  endfacet
  facet normal -0 0 -1
    outer loop
      vertex 11.4186 10.4025 0
      vertex 7.37237 5.16219 0
      vertex 11.2815 10.4593 0
    endloop
  endfacet
  facet normal 0 0 -1
    outer loop
      vertex 5.16219 -7.37237 0
      vertex 10.4593 -11.2815 0
      vertex 10.4025 -11.4186 0
    endloop
  endfacet
  facet normal 0 0 -1
    outer loop
      vertex 6.8944 5.78509 0
      vertex 11.2815 10.4593 0
      vertex 7.37237 5.16219 0
    endloop
  endfacet
  facet normal 0 0 -1
    outer loop
      vertex 5.16219 -7.37237 0
      vertex 10.4025 -11.4186 0
      vertex 10.3579 -11.56 0
    endloop
  endfacet
  facet normal -0 0 -1
    outer loop
      vertex 11.2815 10.4593 0
      vertex 6.8944 5.78509 0
      vertex 11.15 10.5278 0
    endloop
  endfacet
  facet normal 0 0 -1
    outer loop
      vertex 4.5 -7.79423 0
      vertex 10.3579 -11.56 0
      vertex 10.3258 -11.7048 0
    endloop
  endfacet
  facet normal -0 0 -1
    outer loop
      vertex 11.15 10.5278 0
      vertex 6.8944 5.78509 0
      vertex 11.0249 10.6074 0
    endloop
  endfacet
  facet normal 0 0 -1
    outer loop
      vertex 4.5 -7.79423 0
      vertex 10.3258 -11.7048 0
      vertex 10.3065 -11.8518 0
    endloop
  endfacet
  facet normal -0 0 -1
    outer loop
      vertex 11.0249 10.6074 0
      vertex 6.8944 5.78509 0
      vertex 10.9073 10.6977 0
    endloop
  endfacet
  facet normal 0 0 -1
    outer loop
      vertex 4.5 -7.79423 0
      vertex 10.3065 -11.8518 0
      vertex 10.3 -12 0
    endloop
  endfacet
  facet normal 0 0 -1
    outer loop
      vertex 6.36396 6.36396 0
      vertex 10.9073 10.6977 0
      vertex 6.8944 5.78509 0
    endloop
  endfacet
  facet normal 0 0 -1
    outer loop
      vertex 13.3023 13.0927 0
      vertex 24.3065 16.1482 0
      vertex 13.3926 12.9751 0
    endloop
  endfacet
  facet normal -0 0 -1
    outer loop
      vertex 24.3065 16.1482 0
      vertex 13.3023 13.0927 0
      vertex 24.3258 16.2952 0
    endloop
  endfacet
  facet normal 0 0 -1
    outer loop
      vertex 13.2021 13.2021 0
      vertex 24.3258 16.2952 0
      vertex 13.3023 13.0927 0
    endloop
  endfacet
  facet normal -0 0 -1
    outer loop
      vertex 24.3258 16.2952 0
      vertex 13.2021 13.2021 0
      vertex 24.3579 16.44 0
    endloop
  endfacet
  facet normal 0 0 -1
    outer loop
      vertex 13.0927 13.3023 0
      vertex 24.3579 16.44 0
      vertex 13.2021 13.2021 0
    endloop
  endfacet
  facet normal -0 0 -1
    outer loop
      vertex 24.3579 16.44 0
      vertex 13.0927 13.3023 0
      vertex 24.4025 16.5814 0
    endloop
  endfacet
  facet normal 0 0 -1
    outer loop
      vertex 12.9751 13.3926 0
      vertex 24.4025 16.5814 0
      vertex 13.0927 13.3023 0
    endloop
  endfacet
  facet normal -0 0 -1
    outer loop
      vertex 24.4025 16.5814 0
      vertex 12.9751 13.3926 0
      vertex 24.4593 16.7185 0
    endloop
  endfacet
  facet normal 0 0 -1
    outer loop
      vertex 12.85 13.4722 0
      vertex 24.4593 16.7185 0
      vertex 12.9751 13.3926 0
    endloop
  endfacet
  facet normal -0 0 -1
    outer loop
      vertex 24.4593 16.7185 0
      vertex 12.85 13.4722 0
      vertex 24.5278 16.85 0
    endloop
  endfacet
  facet normal 0 0 -1
    outer loop
      vertex 12.7185 13.5407 0
      vertex 24.5278 16.85 0
      vertex 12.85 13.4722 0
    endloop
  endfacet
  facet normal -0 0 -1
    outer loop
      vertex 24.5278 16.85 0
      vertex 12.7185 13.5407 0
      vertex 24.6074 16.9751 0
    endloop
  endfacet
  facet normal 0 0 -1
    outer loop
      vertex 12.5814 13.5975 0
      vertex 24.6074 16.9751 0
      vertex 12.7185 13.5407 0
    endloop
  endfacet
  facet normal -0 0 -1
    outer loop
      vertex 24.6074 16.9751 0
      vertex 12.5814 13.5975 0
      vertex 20 34.641 0
    endloop
  endfacet
  facet normal 0 0 -1
    outer loop
      vertex 12.44 13.6421 0
      vertex 20 34.641 0
      vertex 12.5814 13.5975 0
    endloop
  endfacet
  facet normal 0 0 -1
    outer loop
      vertex 12.2952 13.6742 0
      vertex 20 34.641 0
      vertex 12.44 13.6421 0
    endloop
  endfacet
  facet normal 0 0 -1
    outer loop
      vertex 12.1482 13.6935 0
      vertex 20 34.641 0
      vertex 12.2952 13.6742 0
    endloop
  endfacet
  facet normal -0 0 -1
    outer loop
      vertex 20 34.641 0
      vertex 12.1482 13.6935 0
      vertex 16.9047 36.2523 0
    endloop
  endfacet
  facet normal 0 0 -1
    outer loop
      vertex 12 13.7 0
      vertex 16.9047 36.2523 0
      vertex 12.1482 13.6935 0
    endloop
  endfacet
  facet normal 0 0 -1
    outer loop
      vertex 11.8518 13.6935 0
      vertex 16.9047 36.2523 0
      vertex 12 13.7 0
    endloop
  endfacet
  facet normal -0 0 -1
    outer loop
      vertex 16.9047 36.2523 0
      vertex 11.8518 13.6935 0
      vertex 13.6808 37.5877 0
    endloop
  endfacet
  facet normal 0 0 -1
    outer loop
      vertex 11.7048 13.6742 0
      vertex 13.6808 37.5877 0
      vertex 11.8518 13.6935 0
    endloop
  endfacet
  facet normal 0 0 -1
    outer loop
      vertex 11.56 13.6421 0
      vertex 13.6808 37.5877 0
      vertex 11.7048 13.6742 0
    endloop
  endfacet
  facet normal 0 0 -1
    outer loop
      vertex 10.3528 38.637 0
      vertex 11.56 13.6421 0
      vertex 11.4186 13.5975 0
    endloop
  endfacet
  facet normal 0 0 -1
    outer loop
      vertex 10.3528 38.637 0
      vertex 11.4186 13.5975 0
      vertex 11.2815 13.5407 0
    endloop
  endfacet
  facet normal 0 0 -1
    outer loop
      vertex 6.94593 39.3923 0
      vertex 11.2815 13.5407 0
      vertex 11.15 13.4722 0
    endloop
  endfacet
  facet normal 0 0 -1
    outer loop
      vertex 6.94593 39.3923 0
      vertex 11.15 13.4722 0
      vertex 11.0249 13.3926 0
    endloop
  endfacet
  facet normal 0 0 -1
    outer loop
      vertex 3.48623 39.8478 0
      vertex 11.0249 13.3926 0
      vertex 10.9073 13.3023 0
    endloop
  endfacet
  facet normal 0 0 -1
    outer loop
      vertex 0 40 0
      vertex 10.9073 13.3023 0
      vertex 10.7979 13.2021 0
    endloop
  endfacet
  facet normal 0 0 -1
    outer loop
      vertex 0.784401 8.96575 0
      vertex 10.7979 13.2021 0
      vertex 10.6977 13.0927 0
    endloop
  endfacet
  facet normal 0 0 -1
    outer loop
      vertex 0.784401 8.96575 0
      vertex 10.6977 13.0927 0
      vertex 10.6074 12.9751 0
    endloop
  endfacet
  facet normal 0 0 -1
    outer loop
      vertex 1.56283 8.86327 0
      vertex 10.6074 12.9751 0
      vertex 10.5278 12.85 0
    endloop
  endfacet
  facet normal 0 0 -1
    outer loop
      vertex 1.56283 8.86327 0
      vertex 10.5278 12.85 0
      vertex 10.4593 12.7185 0
    endloop
  endfacet
  facet normal 0 0 -1
    outer loop
      vertex 2.32937 8.69333 0
      vertex 10.4593 12.7185 0
      vertex 10.4025 12.5814 0
    endloop
  endfacet
  facet normal 0 0 -1
    outer loop
      vertex 3.07818 8.45723 0
      vertex 10.4025 12.5814 0
      vertex 10.3579 12.44 0
    endloop
  endfacet
  facet normal 0 0 -1
    outer loop
      vertex 11.56 13.6421 0
      vertex 10.3528 38.637 0
      vertex 13.6808 37.5877 0
    endloop
  endfacet
  facet normal 0 0 -1
    outer loop
      vertex 3.07818 8.45723 0
      vertex 10.3579 12.44 0
      vertex 10.3258 12.2952 0
    endloop
  endfacet
  facet normal 0 0 -1
    outer loop
      vertex 3.07818 8.45723 0
      vertex 10.3258 12.2952 0
      vertex 10.3065 12.1482 0
    endloop
  endfacet
  facet normal 0 0 -1
    outer loop
      vertex 3.80356 8.15677 0
      vertex 10.3065 12.1482 0
      vertex 10.3 12 0
    endloop
  endfacet
  facet normal -0 0 -1
    outer loop
      vertex 10.7979 10.7979 0
      vertex 6.36396 6.36396 0
      vertex 10.6977 10.9073 0
    endloop
  endfacet
  facet normal 0 0 -1
    outer loop
      vertex 5.78509 6.8944 0
      vertex 10.6977 10.9073 0
      vertex 6.36396 6.36396 0
    endloop
  endfacet
  facet normal -0 0 -1
    outer loop
      vertex 10.6977 10.9073 0
      vertex 5.78509 6.8944 0
      vertex 10.6074 11.0249 0
    endloop
  endfacet
  facet normal -0 0 -1
    outer loop
      vertex 10.6074 11.0249 0
      vertex 5.78509 6.8944 0
      vertex 10.5278 11.15 0
    endloop
  endfacet
  facet normal -0 0 -1
    outer loop
      vertex 10.5278 11.15 0
      vertex 5.78509 6.8944 0
      vertex 10.4593 11.2815 0
    endloop
  endfacet
  facet normal 0 0 -1
    outer loop
      vertex 5.16219 7.37237 0
      vertex 10.4593 11.2815 0
      vertex 5.78509 6.8944 0
    endloop
  endfacet
  facet normal -0 0 -1
    outer loop
      vertex 10.4593 11.2815 0
      vertex 5.16219 7.37237 0
      vertex 10.4025 11.4186 0
    endloop
  endfacet
  facet normal -0 0 -1
    outer loop
      vertex 10.4025 11.4186 0
      vertex 5.16219 7.37237 0
      vertex 10.3579 11.56 0
    endloop
  endfacet
  facet normal 0 0 -1
    outer loop
      vertex 4.5 7.79423 0
      vertex 10.3579 11.56 0
      vertex 5.16219 7.37237 0
    endloop
  endfacet
  facet normal -0 0 -1
    outer loop
      vertex 10.3579 11.56 0
      vertex 4.5 7.79423 0
      vertex 10.3258 11.7048 0
    endloop
  endfacet
  facet normal -0 0 -1
    outer loop
      vertex 10.3258 11.7048 0
      vertex 4.5 7.79423 0
      vertex 10.3065 11.8518 0
    endloop
  endfacet
  facet normal -0 0 -1
    outer loop
      vertex 10.3065 11.8518 0
      vertex 4.5 7.79423 0
      vertex 10.3 12 0
    endloop
  endfacet
  facet normal 0 0 -1
    outer loop
      vertex 3.80356 8.15677 0
      vertex 10.3 12 0
      vertex 4.5 7.79423 0
    endloop
  endfacet
  facet normal 0 0 -1
    outer loop
      vertex 10.3065 12.1482 0
      vertex 3.80356 8.15677 0
      vertex 3.07818 8.45723 0
    endloop
  endfacet
  facet normal 0 0 -1
    outer loop
      vertex 10.4025 12.5814 0
      vertex 3.07818 8.45723 0
      vertex 2.32937 8.69333 0
    endloop
  endfacet
  facet normal 0 0 -1
    outer loop
      vertex 10.4593 12.7185 0
      vertex 2.32937 8.69333 0
      vertex 1.56283 8.86327 0
    endloop
  endfacet
  facet normal 0 0 -1
    outer loop
      vertex 11.2815 13.5407 0
      vertex 6.94593 39.3923 0
      vertex 10.3528 38.637 0
    endloop
  endfacet
  facet normal 0 0 -1
    outer loop
      vertex 10.6074 12.9751 0
      vertex 1.56283 8.86327 0
      vertex 0.784401 8.96575 0
    endloop
  endfacet
  facet normal 0 0 -1
    outer loop
      vertex 11.0249 13.3926 0
      vertex 3.48623 39.8478 0
      vertex 6.94593 39.3923 0
    endloop
  endfacet
  facet normal 0 0 -1
    outer loop
      vertex 10.7979 13.2021 0
      vertex 0.784401 8.96575 0
      vertex 0 9 0
    endloop
  endfacet
  facet normal -0 0 -1
    outer loop
      vertex 10.7979 13.2021 0
      vertex 0 9 0
      vertex 0 40 0
    endloop
  endfacet
  facet normal 0 0 -1
    outer loop
      vertex 10.9073 13.3023 0
      vertex 0 40 0
      vertex 3.48623 39.8478 0
    endloop
  endfacet
  facet normal 0 0 -1
    outer loop
      vertex -10.7979 13.2021 0
      vertex 0 9 0
      vertex -0.784401 8.96575 0
    endloop
  endfacet
  facet normal 0 0 -1
    outer loop
      vertex -10.6074 12.9751 0
      vertex -0.784401 8.96575 0
      vertex -1.56283 8.86327 0
    endloop
  endfacet
  facet normal 0 0 -1
    outer loop
      vertex -10.5278 12.85 0
      vertex -1.56283 8.86327 0
      vertex -2.32937 8.69333 0
    endloop
  endfacet
  facet normal 0 0 -1
    outer loop
      vertex -10.4025 12.5814 0
      vertex -2.32937 8.69333 0
      vertex -3.07818 8.45723 0
    endloop
  endfacet
  facet normal 0 0 -1
    outer loop
      vertex -0.784401 8.96575 0
      vertex -10.6977 13.0927 0
      vertex -10.7979 13.2021 0
    endloop
  endfacet
  facet normal 0 0 -1
    outer loop
      vertex -10.3258 12.2952 0
      vertex -3.07818 8.45723 0
      vertex -3.80356 8.15677 0
    endloop
  endfacet
  facet normal 0 0 -1
    outer loop
      vertex -10.3 12 0
      vertex -3.80356 8.15677 0
      vertex -4.5 7.79423 0
    endloop
  endfacet
  facet normal 0 0 -1
    outer loop
      vertex -10.3 12 0
      vertex -4.5 7.79423 0
      vertex -5.16219 7.37237 0
    endloop
  endfacet
  facet normal 0 0 -1
    outer loop
      vertex -10.3 12 0
      vertex -5.16219 7.37237 0
      vertex -5.78509 6.8944 0
    endloop
  endfacet
  facet normal 0 0 -1
    outer loop
      vertex -10.3 12 0
      vertex -5.78509 6.8944 0
      vertex -6.36396 6.36396 0
    endloop
  endfacet
  facet normal 0 0 -1
    outer loop
      vertex -10.3 12 0
      vertex -6.36396 6.36396 0
      vertex -6.8944 5.78509 0
    endloop
  endfacet
  facet normal 0 0 -1
    outer loop
      vertex -2.32937 8.69333 0
      vertex -10.4025 12.5814 0
      vertex -10.4593 12.7185 0
    endloop
  endfacet
  facet normal 0 0 -1
    outer loop
      vertex -10.3 12 0
      vertex -6.8944 5.78509 0
      vertex -7.37237 5.16219 0
    endloop
  endfacet
  facet normal 0 0 -1
    outer loop
      vertex -10.3 12 0
      vertex -7.37237 5.16219 0
      vertex -7.79423 4.5 0
    endloop
  endfacet
  facet normal 0 0 -1
    outer loop
      vertex -10.3 12 0
      vertex -7.79423 4.5 0
      vertex -8.15677 3.80356 0
    endloop
  endfacet
  facet normal 0 0 -1
    outer loop
      vertex -10.3 12 0
      vertex -8.15677 3.80356 0
      vertex -8.45723 3.07818 0
    endloop
  endfacet
  facet normal 0 0 -1
    outer loop
      vertex -10.3 12 0
      vertex -8.45723 3.07818 0
      vertex -8.69333 2.32937 0
    endloop
  endfacet
  facet normal 0 0 -1
    outer loop
      vertex -10.3 12 0
      vertex -8.69333 2.32937 0
      vertex -8.86327 1.56283 0
    endloop
  endfacet
  facet normal 0 0 -1
    outer loop
      vertex -10.3 12 0
      vertex -8.86327 1.56283 0
      vertex -8.96575 0.784401 0
    endloop
  endfacet
  facet normal 0 0 -1
    outer loop
      vertex -10.9073 -10.6977 0
      vertex -6.36396 -6.36396 0
      vertex -10.7979 -10.7979 0
    endloop
  endfacet
  facet normal 0 0 -1
    outer loop
      vertex -9 0 0
      vertex -10.3 12 0
      vertex -8.96575 0.784401 0
    endloop
  endfacet
  facet normal 0 0 -1
    outer loop
      vertex -3.80356 8.15677 0
      vertex -10.3 12 0
      vertex -10.3065 12.1482 0
    endloop
  endfacet
  facet normal 0 0 -1
    outer loop
      vertex -3.80356 8.15677 0
      vertex -10.3065 12.1482 0
      vertex -10.3258 12.2952 0
    endloop
  endfacet
  facet normal 0 0 -1
    outer loop
      vertex -3.07818 8.45723 0
      vertex -10.3258 12.2952 0
      vertex -10.3579 12.44 0
    endloop
  endfacet
  facet normal 0 0 -1
    outer loop
      vertex -3.07818 8.45723 0
      vertex -10.3579 12.44 0
      vertex -10.4025 12.5814 0
    endloop
  endfacet
  facet normal 0 0 -1
    outer loop
      vertex -2.32937 8.69333 0
      vertex -10.4593 12.7185 0
      vertex -10.5278 12.85 0
    endloop
  endfacet
  facet normal 0 0 -1
    outer loop
      vertex -1.56283 8.86327 0
      vertex -10.5278 12.85 0
      vertex -10.6074 12.9751 0
    endloop
  endfacet
  facet normal 0 0 -1
    outer loop
      vertex -0.784401 8.96575 0
      vertex -10.6074 12.9751 0
      vertex -10.6977 13.0927 0
    endloop
  endfacet
  facet normal 0 0 -1
    outer loop
      vertex 0 9 0
      vertex -10.7979 13.2021 0
      vertex 0 40 0
    endloop
  endfacet
  facet normal 0 0 -1
    outer loop
      vertex -10.9073 13.3023 0
      vertex 0 40 0
      vertex -10.7979 13.2021 0
    endloop
  endfacet
  facet normal 0 0 -1
    outer loop
      vertex 0 40 0
      vertex -10.9073 13.3023 0
      vertex -3.48623 39.8478 0
    endloop
  endfacet
  facet normal 0 0 -1
    outer loop
      vertex -11.0249 13.3926 0
      vertex -3.48623 39.8478 0
      vertex -10.9073 13.3023 0
    endloop
  endfacet
  facet normal 0 0 -1
    outer loop
      vertex -3.48623 39.8478 0
      vertex -11.0249 13.3926 0
      vertex -6.94593 39.3923 0
    endloop
  endfacet
  facet normal 0 0 -1
    outer loop
      vertex -11.15 13.4722 0
      vertex -6.94593 39.3923 0
      vertex -11.0249 13.3926 0
    endloop
  endfacet
  facet normal 0 0 -1
    outer loop
      vertex -11.2815 13.5407 0
      vertex -6.94593 39.3923 0
      vertex -11.15 13.4722 0
    endloop
  endfacet
  facet normal 0 0 -1
    outer loop
      vertex -6.94593 39.3923 0
      vertex -11.2815 13.5407 0
      vertex -10.3528 38.637 0
    endloop
  endfacet
  facet normal 0 0 -1
    outer loop
      vertex -11.4186 13.5975 0
      vertex -10.3528 38.637 0
      vertex -11.2815 13.5407 0
    endloop
  endfacet
  facet normal 0 0 -1
    outer loop
      vertex -11.56 13.6421 0
      vertex -10.3528 38.637 0
      vertex -11.4186 13.5975 0
    endloop
  endfacet
  facet normal 0 0 -1
    outer loop
      vertex -13.6808 37.5877 0
      vertex -11.56 13.6421 0
      vertex -11.7048 13.6742 0
    endloop
  endfacet
  facet normal 0 0 -1
    outer loop
      vertex -13.6808 37.5877 0
      vertex -11.7048 13.6742 0
      vertex -11.8518 13.6935 0
    endloop
  endfacet
  facet normal 0 0 -1
    outer loop
      vertex -16.9047 36.2523 0
      vertex -11.8518 13.6935 0
      vertex -12 13.7 0
    endloop
  endfacet
  facet normal 0 0 -1
    outer loop
      vertex -16.9047 36.2523 0
      vertex -12 13.7 0
      vertex -12.1482 13.6935 0
    endloop
  endfacet
  facet normal 0 0 -1
    outer loop
      vertex -20 34.641 0
      vertex -12.1482 13.6935 0
      vertex -12.2952 13.6742 0
    endloop
  endfacet
  facet normal 0 0 -1
    outer loop
      vertex -20 34.641 0
      vertex -12.2952 13.6742 0
      vertex -12.44 13.6421 0
    endloop
  endfacet
  facet normal 0 0 -1
    outer loop
      vertex -22.9431 32.7661 0
      vertex -12.44 13.6421 0
      vertex -12.5814 13.5975 0
    endloop
  endfacet
  facet normal 0 0 -1
    outer loop
      vertex -24.4025 16.5814 0
      vertex -13.0927 13.3023 0
      vertex -24.3579 16.44 0
    endloop
  endfacet
  facet normal 0 0 -1
    outer loop
      vertex -13.2021 13.2021 0
      vertex -24.3579 16.44 0
      vertex -13.0927 13.3023 0
    endloop
  endfacet
  facet normal 0 0 -1
    outer loop
      vertex -24.3579 16.44 0
      vertex -13.2021 13.2021 0
      vertex -24.3258 16.2952 0
    endloop
  endfacet
  facet normal 0 0 -1
    outer loop
      vertex -13.3023 13.0927 0
      vertex -24.3258 16.2952 0
      vertex -13.2021 13.2021 0
    endloop
  endfacet
  facet normal 0 0 -1
    outer loop
      vertex -24.3258 16.2952 0
      vertex -13.3023 13.0927 0
      vertex -24.3065 16.1482 0
    endloop
  endfacet
  facet normal 0 0 -1
    outer loop
      vertex -13.3926 12.9751 0
      vertex -24.3065 16.1482 0
      vertex -13.3023 13.0927 0
    endloop
  endfacet
  facet normal 0 0 -1
    outer loop
      vertex -24.3065 16.1482 0
      vertex -13.3926 12.9751 0
      vertex -24.3 16 0
    endloop
  endfacet
  facet normal 0 0 -1
    outer loop
      vertex -24.3 16 0
      vertex -13.3926 12.9751 0
      vertex -13.4722 12.85 0
    endloop
  endfacet
  facet normal 0 0 -1
    outer loop
      vertex -24.3 16 0
      vertex -13.4722 12.85 0
      vertex -13.5407 12.7185 0
    endloop
  endfacet
  facet normal 0 0 -1
    outer loop
      vertex -24.3 16 0
      vertex -13.5407 12.7185 0
      vertex -13.5975 12.5814 0
    endloop
  endfacet
  facet normal 0 0 -1
    outer loop
      vertex -24.3 16 0
      vertex -13.5975 12.5814 0
      vertex -13.6421 12.44 0
    endloop
  endfacet
  facet normal 0 0 -1
    outer loop
      vertex -24.3 16 0
      vertex -13.6421 12.44 0
      vertex -13.6742 12.2952 0
    endloop
  endfacet
  facet normal 0 0 -1
    outer loop
      vertex -11.56 13.6421 0
      vertex -13.6808 37.5877 0
      vertex -10.3528 38.637 0
    endloop
  endfacet
  facet normal 0 0 -1
    outer loop
      vertex -24.3 16 0
      vertex -13.6742 12.2952 0
      vertex -13.6935 12.1482 0
    endloop
  endfacet
  facet normal 0 0 -1
    outer loop
      vertex -24.3 16 0
      vertex -13.6935 12.1482 0
      vertex -13.7 12 0
    endloop
  endfacet
  facet normal 0 0 -1
    outer loop
      vertex -13.6742 11.7048 0
      vertex -24.3 16 0
      vertex -13.6935 11.8518 0
    endloop
  endfacet
  facet normal 0 0 -1
    outer loop
      vertex -24.3 16 0
      vertex -13.7 12 0
      vertex -13.6935 11.8518 0
    endloop
  endfacet
  facet normal 0 0 -1
    outer loop
      vertex -24.4593 -16.7185 0
      vertex -16.9047 -36.2523 0
      vertex -20 -34.641 0
    endloop
  endfacet
  facet normal 0 0 -1
    outer loop
      vertex -11.8518 13.6935 0
      vertex -16.9047 36.2523 0
      vertex -13.6808 37.5877 0
    endloop
  endfacet
  facet normal 0 0 -1
    outer loop
      vertex -24.6074 -16.9751 0
      vertex -20 -34.641 0
      vertex -22.9431 -32.7661 0
    endloop
  endfacet
  facet normal 0 0 -1
    outer loop
      vertex -12.1482 13.6935 0
      vertex -20 34.641 0
      vertex -16.9047 36.2523 0
    endloop
  endfacet
  facet normal 0 0 -1
    outer loop
      vertex -12.44 13.6421 0
      vertex -22.9431 32.7661 0
      vertex -20 34.641 0
    endloop
  endfacet
  facet normal 0 0 -1
    outer loop
      vertex -16.9047 -36.2523 0
      vertex -24.3065 -16.1482 0
      vertex -24.3 -16 0
    endloop
  endfacet
  facet normal 0 0 -1
    outer loop
      vertex -16.9047 -36.2523 0
      vertex -24.3258 -16.2952 0
      vertex -24.3065 -16.1482 0
    endloop
  endfacet
  facet normal 0 0 -1
    outer loop
      vertex -16.9047 -36.2523 0
      vertex -24.3579 -16.44 0
      vertex -24.3258 -16.2952 0
    endloop
  endfacet
  facet normal 0 0 -1
    outer loop
      vertex -16.9047 -36.2523 0
      vertex -24.4025 -16.5814 0
      vertex -24.3579 -16.44 0
    endloop
  endfacet
  facet normal 0 0 -1
    outer loop
      vertex -16.9047 -36.2523 0
      vertex -24.4593 -16.7185 0
      vertex -24.4025 -16.5814 0
    endloop
  endfacet
  facet normal 0 0 -1
    outer loop
      vertex -20 -34.641 0
      vertex -24.5278 -16.85 0
      vertex -24.4593 -16.7185 0
    endloop
  endfacet
  facet normal 0 0 -1
    outer loop
      vertex -20 -34.641 0
      vertex -24.6074 -16.9751 0
      vertex -24.5278 -16.85 0
    endloop
  endfacet
  facet normal 0 0 -1
    outer loop
      vertex -22.9431 -32.7661 0
      vertex -24.6977 -17.0927 0
      vertex -24.6074 -16.9751 0
    endloop
  endfacet
  facet normal 0 0 -1
    outer loop
      vertex -22.9431 -32.7661 0
      vertex -24.7979 -17.2021 0
      vertex -24.6977 -17.0927 0
    endloop
  endfacet
  facet normal 0 0 -1
    outer loop
      vertex -22.9431 -32.7661 0
      vertex -24.9073 -17.3023 0
      vertex -24.7979 -17.2021 0
    endloop
  endfacet
  facet normal 0 0 -1
    outer loop
      vertex -25.7115 -30.6418 0
      vertex -24.9073 -17.3023 0
      vertex -22.9431 -32.7661 0
    endloop
  endfacet
  facet normal 0 0 -1
    outer loop
      vertex -24.9073 -17.3023 0
      vertex -25.7115 -30.6418 0
      vertex -25.0249 -17.3926 0
    endloop
  endfacet
  facet normal 0 0 -1
    outer loop
      vertex -25.0249 -17.3926 0
      vertex -25.7115 -30.6418 0
      vertex -25.15 -17.4722 0
    endloop
  endfacet
  facet normal 0 0 -1
    outer loop
      vertex -25.15 -17.4722 0
      vertex -25.7115 -30.6418 0
      vertex -25.2815 -17.5407 0
    endloop
  endfacet
  facet normal 0 0 -1
    outer loop
      vertex -28.2843 -28.2843 0
      vertex -25.2815 -17.5407 0
      vertex -25.7115 -30.6418 0
    endloop
  endfacet
  facet normal 0 0 -1
    outer loop
      vertex -25.2815 -17.5407 0
      vertex -28.2843 -28.2843 0
      vertex -25.4186 -17.5975 0
    endloop
  endfacet
  facet normal 0 0 -1
    outer loop
      vertex -25.4186 -17.5975 0
      vertex -28.2843 -28.2843 0
      vertex -25.56 -17.6421 0
    endloop
  endfacet
  facet normal 0 0 -1
    outer loop
      vertex -25.56 -17.6421 0
      vertex -28.2843 -28.2843 0
      vertex -25.7048 -17.6742 0
    endloop
  endfacet
  facet normal 0 0 -1
    outer loop
      vertex -25.7048 -17.6742 0
      vertex -28.2843 -28.2843 0
      vertex -25.8518 -17.6935 0
    endloop
  endfacet
  facet normal 0 0 -1
    outer loop
      vertex -30.6418 -25.7115 0
      vertex -25.8518 -17.6935 0
      vertex -28.2843 -28.2843 0
    endloop
  endfacet
  facet normal 0 0 -1
    outer loop
      vertex -25.8518 -17.6935 0
      vertex -30.6418 -25.7115 0
      vertex -26 -17.7 0
    endloop
  endfacet
  facet normal -0 0 -1
    outer loop
      vertex -26 -17.7 0
      vertex -30.6418 -25.7115 0
      vertex -26.1482 -17.6935 0
    endloop
  endfacet
  facet normal -0 0 -1
    outer loop
      vertex -26.1482 -17.6935 0
      vertex -30.6418 -25.7115 0
      vertex -26.2952 -17.6742 0
    endloop
  endfacet
  facet normal -0 0 -1
    outer loop
      vertex -26.2952 -17.6742 0
      vertex -30.6418 -25.7115 0
      vertex -26.44 -17.6421 0
    endloop
  endfacet
  facet normal -0 0 -1
    outer loop
      vertex -26.44 -17.6421 0
      vertex -30.6418 -25.7115 0
      vertex -26.5814 -17.5975 0
    endloop
  endfacet
  facet normal -0 0 -1
    outer loop
      vertex -26.5814 -17.5975 0
      vertex -30.6418 -25.7115 0
      vertex -26.7185 -17.5407 0
    endloop
  endfacet
  facet normal 0 0 -1
    outer loop
      vertex -32.7661 -22.9431 0
      vertex -26.7185 -17.5407 0
      vertex -30.6418 -25.7115 0
    endloop
  endfacet
  facet normal -0 0 -1
    outer loop
      vertex -26.7185 -17.5407 0
      vertex -32.7661 -22.9431 0
      vertex -26.85 -17.4722 0
    endloop
  endfacet
  facet normal -0 0 -1
    outer loop
      vertex -26.85 -17.4722 0
      vertex -32.7661 -22.9431 0
      vertex -26.9751 -17.3926 0
    endloop
  endfacet
  facet normal -0 0 -1
    outer loop
      vertex -26.9751 -17.3926 0
      vertex -32.7661 -22.9431 0
      vertex -27.0927 -17.3023 0
    endloop
  endfacet
  facet normal -0 0 -1
    outer loop
      vertex -27.0927 -17.3023 0
      vertex -32.7661 -22.9431 0
      vertex -27.2021 -17.2021 0
    endloop
  endfacet
  facet normal -0 0 -1
    outer loop
      vertex -27.2021 -17.2021 0
      vertex -32.7661 -22.9431 0
      vertex -27.3023 -17.0927 0
    endloop
  endfacet
  facet normal -0 0 -1
    outer loop
      vertex -27.3023 -17.0927 0
      vertex -32.7661 -22.9431 0
      vertex -27.3926 -16.9751 0
    endloop
  endfacet
  facet normal 0 0 -1
    outer loop
      vertex -34.641 -20 0
      vertex -27.3926 -16.9751 0
      vertex -32.7661 -22.9431 0
    endloop
  endfacet
  facet normal -0 0 -1
    outer loop
      vertex -27.3926 -16.9751 0
      vertex -34.641 -20 0
      vertex -27.4722 -16.85 0
    endloop
  endfacet
  facet normal -0 0 -1
    outer loop
      vertex -27.6421 -16.44 0
      vertex -34.641 -20 0
      vertex -27.6742 -16.2952 0
    endloop
  endfacet
  facet normal -0 0 -1
    outer loop
      vertex -27.5975 -16.5814 0
      vertex -34.641 -20 0
      vertex -27.6421 -16.44 0
    endloop
  endfacet
  facet normal -0 0 -1
    outer loop
      vertex -27.5407 -16.7185 0
      vertex -34.641 -20 0
      vertex -27.5975 -16.5814 0
    endloop
  endfacet
  facet normal -0 0 -1
    outer loop
      vertex -27.4722 -16.85 0
      vertex -34.641 -20 0
      vertex -27.5407 -16.7185 0
    endloop
  endfacet
  facet normal 0 0 -1
    outer loop
      vertex 27.4722 -15.15 0
      vertex 37.5877 -13.6808 0
      vertex 27.5407 -15.2815 0
    endloop
  endfacet
  facet normal 0 0 -1
    outer loop
      vertex 40 0 0
      vertex 27.6935 15.8518 0
      vertex 27.7 16 0
    endloop
  endfacet
  facet normal 0 0 -1
    outer loop
      vertex 27.3926 -15.0249 0
      vertex 37.5877 -13.6808 0
      vertex 27.4722 -15.15 0
    endloop
  endfacet
  facet normal 0 0 -1
    outer loop
      vertex 40 0 0
      vertex 27.6742 15.7048 0
      vertex 27.6935 15.8518 0
    endloop
  endfacet
  facet normal 0 0 -1
    outer loop
      vertex 27.3023 -14.9073 0
      vertex 37.5877 -13.6808 0
      vertex 27.3926 -15.0249 0
    endloop
  endfacet
  facet normal 0 0 -1
    outer loop
      vertex 40 0 0
      vertex 27.6421 15.56 0
      vertex 27.6742 15.7048 0
    endloop
  endfacet
  facet normal 0 0 -1
    outer loop
      vertex 27.2021 -14.7979 0
      vertex 37.5877 -13.6808 0
      vertex 27.3023 -14.9073 0
    endloop
  endfacet
  facet normal 0 0 -1
    outer loop
      vertex 40 0 0
      vertex 27.5975 15.4186 0
      vertex 27.6421 15.56 0
    endloop
  endfacet
  facet normal -0 0 -1
    outer loop
      vertex 37.5877 -13.6808 0
      vertex 27.2021 -14.7979 0
      vertex 38.637 -10.3528 0
    endloop
  endfacet
  facet normal 0 0 -1
    outer loop
      vertex 40 0 0
      vertex 27.5407 15.2815 0
      vertex 27.5975 15.4186 0
    endloop
  endfacet
  facet normal 0 0 -1
    outer loop
      vertex 27.0927 -14.6977 0
      vertex 38.637 -10.3528 0
      vertex 27.2021 -14.7979 0
    endloop
  endfacet
  facet normal 0 0 -1
    outer loop
      vertex 40 0 0
      vertex 27.4722 15.15 0
      vertex 27.5407 15.2815 0
    endloop
  endfacet
  facet normal 0 0 -1
    outer loop
      vertex 26.9751 -14.6074 0
      vertex 38.637 -10.3528 0
      vertex 27.0927 -14.6977 0
    endloop
  endfacet
  facet normal 0 0 -1
    outer loop
      vertex 40 0 0
      vertex 27.3926 15.0249 0
      vertex 27.4722 15.15 0
    endloop
  endfacet
  facet normal 0 0 -1
    outer loop
      vertex 26.85 -14.5278 0
      vertex 38.637 -10.3528 0
      vertex 26.9751 -14.6074 0
    endloop
  endfacet
  facet normal 0 0 -1
    outer loop
      vertex 40 0 0
      vertex 27.3023 14.9073 0
      vertex 27.3926 15.0249 0
    endloop
  endfacet
  facet normal -0 0 -1
    outer loop
      vertex 38.637 -10.3528 0
      vertex 26.85 -14.5278 0
      vertex 39.3923 -6.94593 0
    endloop
  endfacet
  facet normal 0 0 -1
    outer loop
      vertex 40 0 0
      vertex 27.2021 14.7979 0
      vertex 27.3023 14.9073 0
    endloop
  endfacet
  facet normal 0 0 -1
    outer loop
      vertex 26.7185 -14.4593 0
      vertex 39.3923 -6.94593 0
      vertex 26.85 -14.5278 0
    endloop
  endfacet
  facet normal 0 0 -1
    outer loop
      vertex 40 0 0
      vertex 27.0927 14.6977 0
      vertex 27.2021 14.7979 0
    endloop
  endfacet
  facet normal 0 0 -1
    outer loop
      vertex 26.5814 -14.4025 0
      vertex 39.3923 -6.94593 0
      vertex 26.7185 -14.4593 0
    endloop
  endfacet
  facet normal 0 0 -1
    outer loop
      vertex 40 0 0
      vertex 26.9751 14.6074 0
      vertex 27.0927 14.6977 0
    endloop
  endfacet
  facet normal 0 0 -1
    outer loop
      vertex 26.44 -14.3579 0
      vertex 39.3923 -6.94593 0
      vertex 26.5814 -14.4025 0
    endloop
  endfacet
  facet normal 0 0 -1
    outer loop
      vertex 40 0 0
      vertex 26.85 14.5278 0
      vertex 26.9751 14.6074 0
    endloop
  endfacet
  facet normal -0 0 -1
    outer loop
      vertex 39.3923 -6.94593 0
      vertex 26.44 -14.3579 0
      vertex 39.8478 -3.48623 0
    endloop
  endfacet
  facet normal 0 0 -1
    outer loop
      vertex 40 0 0
      vertex 26.7185 14.4593 0
      vertex 26.85 14.5278 0
    endloop
  endfacet
  facet normal 0 0 -1
    outer loop
      vertex 26.2952 -14.3258 0
      vertex 39.8478 -3.48623 0
      vertex 26.44 -14.3579 0
    endloop
  endfacet
  facet normal 0 0 -1
    outer loop
      vertex 40 0 0
      vertex 26.5814 14.4025 0
      vertex 26.7185 14.4593 0
    endloop
  endfacet
  facet normal 0 0 -1
    outer loop
      vertex 26.1482 -14.3065 0
      vertex 39.8478 -3.48623 0
      vertex 26.2952 -14.3258 0
    endloop
  endfacet
  facet normal 0 0 -1
    outer loop
      vertex 40 0 0
      vertex 26.44 14.3579 0
      vertex 26.5814 14.4025 0
    endloop
  endfacet
  facet normal -0 0 -1
    outer loop
      vertex 39.8478 -3.48623 0
      vertex 26.1482 -14.3065 0
      vertex 40 0 0
    endloop
  endfacet
  facet normal 0 0 -1
    outer loop
      vertex 40 0 0
      vertex 26.2952 14.3258 0
      vertex 26.44 14.3579 0
    endloop
  endfacet
  facet normal 0 0 -1
    outer loop
      vertex 26 -14.3 0
      vertex 40 0 0
      vertex 26.1482 -14.3065 0
    endloop
  endfacet
  facet normal 0 0 -1
    outer loop
      vertex 40 0 0
      vertex 26.1482 14.3065 0
      vertex 26.2952 14.3258 0
    endloop
  endfacet
  facet normal 0 0 -1
    outer loop
      vertex 26 14.3 0
      vertex 40 0 0
      vertex 26 -14.3 0
    endloop
  endfacet
  facet normal 0 0 -1
    outer loop
      vertex 40 0 0
      vertex 26 14.3 0
      vertex 26.1482 14.3065 0
    endloop
  endfacet
  facet normal 0 0 -1
    outer loop
      vertex 25.8518 -14.3065 0
      vertex 26 14.3 0
      vertex 26 -14.3 0
    endloop
  endfacet
  facet normal 0 0 -1
    outer loop
      vertex 25.8518 -14.3065 0
      vertex 25.8518 14.3065 0
      vertex 26 14.3 0
    endloop
  endfacet
  facet normal 0 0 -1
    outer loop
      vertex 25.7048 -14.3258 0
      vertex 25.8518 14.3065 0
      vertex 25.8518 -14.3065 0
    endloop
  endfacet
  facet normal 0 0 -1
    outer loop
      vertex 25.7048 -14.3258 0
      vertex 25.7048 14.3258 0
      vertex 25.8518 14.3065 0
    endloop
  endfacet
  facet normal 0 0 -1
    outer loop
      vertex 25.56 -14.3579 0
      vertex 25.7048 14.3258 0
      vertex 25.7048 -14.3258 0
    endloop
  endfacet
  facet normal 0 0 -1
    outer loop
      vertex 25.56 -14.3579 0
      vertex 25.56 14.3579 0
      vertex 25.7048 14.3258 0
    endloop
  endfacet
  facet normal 0 0 -1
    outer loop
      vertex 24.9073 -14.6977 0
      vertex 13.5975 -11.4186 0
      vertex 25.0249 -14.6074 0
    endloop
  endfacet
  facet normal 0 0 -1
    outer loop
      vertex 13.5407 -11.2815 0
      vertex 25.0249 -14.6074 0
      vertex 13.5975 -11.4186 0
    endloop
  endfacet
  facet normal 0 0 -1
    outer loop
      vertex 13.5975 -11.4186 0
      vertex 24.9073 -14.6977 0
      vertex 13.6421 -11.56 0
    endloop
  endfacet
  facet normal 0 0 -1
    outer loop
      vertex 25.0249 -14.6074 0
      vertex 13.5407 -11.2815 0
      vertex 25.15 -14.5278 0
    endloop
  endfacet
  facet normal 0 0 -1
    outer loop
      vertex 24.7979 -14.7979 0
      vertex 13.6421 -11.56 0
      vertex 24.9073 -14.6977 0
    endloop
  endfacet
  facet normal -0 0 -1
    outer loop
      vertex 25.56 14.3579 0
      vertex 13.7 12 0
      vertex 25.4186 14.4025 0
    endloop
  endfacet
  facet normal 0 0 -1
    outer loop
      vertex 13.6421 -11.56 0
      vertex 24.7979 -14.7979 0
      vertex 13.6742 -11.7048 0
    endloop
  endfacet
  facet normal -0 0 -1
    outer loop
      vertex 25.4186 14.4025 0
      vertex 13.7 12 0
      vertex 25.2815 14.4593 0
    endloop
  endfacet
  facet normal 0 0 -1
    outer loop
      vertex 24.6977 -14.9073 0
      vertex 13.6742 -11.7048 0
      vertex 24.7979 -14.7979 0
    endloop
  endfacet
  facet normal -0 0 -1
    outer loop
      vertex 25.2815 14.4593 0
      vertex 13.7 12 0
      vertex 25.15 14.5278 0
    endloop
  endfacet
  facet normal 0 0 -1
    outer loop
      vertex 13.6742 -11.7048 0
      vertex 24.6977 -14.9073 0
      vertex 13.6935 -11.8518 0
    endloop
  endfacet
  facet normal -0 0 -1
    outer loop
      vertex 25.15 14.5278 0
      vertex 13.7 12 0
      vertex 25.0249 14.6074 0
    endloop
  endfacet
  facet normal 0 0 -1
    outer loop
      vertex 24.6074 -15.0249 0
      vertex 13.6935 -11.8518 0
      vertex 24.6977 -14.9073 0
    endloop
  endfacet
  facet normal -0 0 -1
    outer loop
      vertex 25.0249 14.6074 0
      vertex 13.7 12 0
      vertex 24.9073 14.6977 0
    endloop
  endfacet
  facet normal 0 0 -1
    outer loop
      vertex 13.6935 -11.8518 0
      vertex 24.6074 -15.0249 0
      vertex 13.7 -12 0
    endloop
  endfacet
  facet normal -0 0 -1
    outer loop
      vertex 24.9073 14.6977 0
      vertex 13.7 12 0
      vertex 24.7979 14.7979 0
    endloop
  endfacet
  facet normal 0 0 -1
    outer loop
      vertex 13.7 -12 0
      vertex 24.6074 -15.0249 0
      vertex 24.5278 -15.15 0
    endloop
  endfacet
  facet normal -0 0 -1
    outer loop
      vertex 24.7979 14.7979 0
      vertex 13.7 12 0
      vertex 24.6977 14.9073 0
    endloop
  endfacet
  facet normal 0 0 -1
    outer loop
      vertex 13.6935 -12.1482 0
      vertex 24.5278 -15.15 0
      vertex 24.4593 -15.2815 0
    endloop
  endfacet
  facet normal -0 0 -1
    outer loop
      vertex 24.6977 14.9073 0
      vertex 13.7 12 0
      vertex 24.6074 15.0249 0
    endloop
  endfacet
  facet normal 0 0 -1
    outer loop
      vertex 13.6742 -12.2952 0
      vertex 24.4593 -15.2815 0
      vertex 24.4025 -15.4186 0
    endloop
  endfacet
  facet normal -0 0 -1
    outer loop
      vertex 24.6074 15.0249 0
      vertex 13.7 12 0
      vertex 24.5278 15.15 0
    endloop
  endfacet
  facet normal 0 0 -1
    outer loop
      vertex 13.6421 -12.44 0
      vertex 24.4025 -15.4186 0
      vertex 24.3579 -15.56 0
    endloop
  endfacet
  facet normal 0 0 -1
    outer loop
      vertex 13.6935 12.1482 0
      vertex 24.5278 15.15 0
      vertex 13.7 12 0
    endloop
  endfacet
  facet normal 0 0 -1
    outer loop
      vertex 13.5975 -12.5814 0
      vertex 24.3579 -15.56 0
      vertex 24.3258 -15.7048 0
    endloop
  endfacet
  facet normal -0 0 -1
    outer loop
      vertex 24.5278 15.15 0
      vertex 13.6935 12.1482 0
      vertex 24.4593 15.2815 0
    endloop
  endfacet
  facet normal 0 0 -1
    outer loop
      vertex 13.5407 -12.7185 0
      vertex 24.3258 -15.7048 0
      vertex 24.3065 -15.8518 0
    endloop
  endfacet
  facet normal 0 0 -1
    outer loop
      vertex 13.6742 12.2952 0
      vertex 24.4593 15.2815 0
      vertex 13.6935 12.1482 0
    endloop
  endfacet
  facet normal 0 0 -1
    outer loop
      vertex 13.4722 -12.85 0
      vertex 24.3065 -15.8518 0
      vertex 24.3 -16 0
    endloop
  endfacet
  facet normal -0 0 -1
    outer loop
      vertex 24.4593 15.2815 0
      vertex 13.6742 12.2952 0
      vertex 24.4025 15.4186 0
    endloop
  endfacet
  facet normal 0 0 -1
    outer loop
      vertex 36.2523 -16.9047 0
      vertex 27.5975 -15.4186 0
      vertex 37.5877 -13.6808 0
    endloop
  endfacet
  facet normal 0 0 -1
    outer loop
      vertex 27.5975 -15.4186 0
      vertex 36.2523 -16.9047 0
      vertex 27.6421 -15.56 0
    endloop
  endfacet
  facet normal 0 0 -1
    outer loop
      vertex 27.5407 -15.2815 0
      vertex 37.5877 -13.6808 0
      vertex 27.5975 -15.4186 0
    endloop
  endfacet
  facet normal 0 0 -1
    outer loop
      vertex 27.6421 -15.56 0
      vertex 36.2523 -16.9047 0
      vertex 27.6742 -15.7048 0
    endloop
  endfacet
  facet normal 0 0 -1
    outer loop
      vertex 40 0 0
      vertex 27.7 16 0
      vertex 39.8478 3.48623 0
    endloop
  endfacet
  facet normal 0 0 -1
    outer loop
      vertex 27.6742 -15.7048 0
      vertex 36.2523 -16.9047 0
      vertex 27.6935 -15.8518 0
    endloop
  endfacet
  facet normal 0 0 -1
    outer loop
      vertex 39.8478 3.48623 0
      vertex 27.7 16 0
      vertex 39.3923 6.94593 0
    endloop
  endfacet
  facet normal 0 0 -1
    outer loop
      vertex 27.6935 -15.8518 0
      vertex 36.2523 -16.9047 0
      vertex 27.7 -16 0
    endloop
  endfacet
  facet normal 0 0 -1
    outer loop
      vertex 39.3923 6.94593 0
      vertex 27.7 16 0
      vertex 38.637 10.3528 0
    endloop
  endfacet
  facet normal 0 0 -1
    outer loop
      vertex 27.6935 -16.1482 0
      vertex 36.2523 -16.9047 0
      vertex 34.641 -20 0
    endloop
  endfacet
  facet normal 0 0 -1
    outer loop
      vertex 38.637 10.3528 0
      vertex 27.7 16 0
      vertex 37.5877 13.6808 0
    endloop
  endfacet
  facet normal 0 0 -1
    outer loop
      vertex 27.3926 -16.9751 0
      vertex 34.641 -20 0
      vertex 32.7661 -22.9431 0
    endloop
  endfacet
  facet normal 0 0 -1
    outer loop
      vertex 37.5877 13.6808 0
      vertex 27.7 16 0
      vertex 36.2523 16.9047 0
    endloop
  endfacet
  facet normal 0 0 -1
    outer loop
      vertex 26.7185 -17.5407 0
      vertex 32.7661 -22.9431 0
      vertex 30.6418 -25.7115 0
    endloop
  endfacet
  facet normal 0 0 -1
    outer loop
      vertex 27.6935 16.1482 0
      vertex 36.2523 16.9047 0
      vertex 27.7 16 0
    endloop
  endfacet
  facet normal 0 0 -1
    outer loop
      vertex 25.8518 -17.6935 0
      vertex 30.6418 -25.7115 0
      vertex 28.2843 -28.2843 0
    endloop
  endfacet
  facet normal -0 0 -1
    outer loop
      vertex 36.2523 16.9047 0
      vertex 27.6935 16.1482 0
      vertex 34.641 20 0
    endloop
  endfacet
  facet normal 0 0 -1
    outer loop
      vertex 27.6742 16.2952 0
      vertex 34.641 20 0
      vertex 27.6935 16.1482 0
    endloop
  endfacet
  facet normal 0 0 -1
    outer loop
      vertex 36.2523 -16.9047 0
      vertex 27.6935 -16.1482 0
      vertex 27.7 -16 0
    endloop
  endfacet
  facet normal 0 0 -1
    outer loop
      vertex 34.641 -20 0
      vertex 27.6742 -16.2952 0
      vertex 27.6935 -16.1482 0
    endloop
  endfacet
  facet normal 0 0 -1
    outer loop
      vertex 34.641 -20 0
      vertex 27.6421 -16.44 0
      vertex 27.6742 -16.2952 0
    endloop
  endfacet
  facet normal 0 0 -1
    outer loop
      vertex 34.641 -20 0
      vertex 27.5975 -16.5814 0
      vertex 27.6421 -16.44 0
    endloop
  endfacet
  facet normal 0 0 -1
    outer loop
      vertex 34.641 -20 0
      vertex 27.5407 -16.7185 0
      vertex 27.5975 -16.5814 0
    endloop
  endfacet
  facet normal 0 0 -1
    outer loop
      vertex 34.641 -20 0
      vertex 27.4722 -16.85 0
      vertex 27.5407 -16.7185 0
    endloop
  endfacet
  facet normal 0 0 -1
    outer loop
      vertex 34.641 -20 0
      vertex 27.3926 -16.9751 0
      vertex 27.4722 -16.85 0
    endloop
  endfacet
  facet normal 0 0 -1
    outer loop
      vertex 32.7661 -22.9431 0
      vertex 27.3023 -17.0927 0
      vertex 27.3926 -16.9751 0
    endloop
  endfacet
  facet normal 0 0 -1
    outer loop
      vertex 32.7661 -22.9431 0
      vertex 27.2021 -17.2021 0
      vertex 27.3023 -17.0927 0
    endloop
  endfacet
  facet normal 0 0 -1
    outer loop
      vertex 32.7661 -22.9431 0
      vertex 27.0927 -17.3023 0
      vertex 27.2021 -17.2021 0
    endloop
  endfacet
  facet normal 0 0 -1
    outer loop
      vertex 32.7661 -22.9431 0
      vertex 26.9751 -17.3926 0
      vertex 27.0927 -17.3023 0
    endloop
  endfacet
  facet normal 0 0 -1
    outer loop
      vertex 32.7661 -22.9431 0
      vertex 26.85 -17.4722 0
      vertex 26.9751 -17.3926 0
    endloop
  endfacet
  facet normal 0 0 -1
    outer loop
      vertex 32.7661 -22.9431 0
      vertex 26.7185 -17.5407 0
      vertex 26.85 -17.4722 0
    endloop
  endfacet
  facet normal 0 0 -1
    outer loop
      vertex 30.6418 -25.7115 0
      vertex 26.5814 -17.5975 0
      vertex 26.7185 -17.5407 0
    endloop
  endfacet
  facet normal 0 0 -1
    outer loop
      vertex 30.6418 -25.7115 0
      vertex 26.44 -17.6421 0
      vertex 26.5814 -17.5975 0
    endloop
  endfacet
  facet normal 0 0 -1
    outer loop
      vertex 30.6418 -25.7115 0
      vertex 26.2952 -17.6742 0
      vertex 26.44 -17.6421 0
    endloop
  endfacet
  facet normal 0 0 -1
    outer loop
      vertex 30.6418 -25.7115 0
      vertex 26.1482 -17.6935 0
      vertex 26.2952 -17.6742 0
    endloop
  endfacet
  facet normal 0 0 -1
    outer loop
      vertex 30.6418 -25.7115 0
      vertex 26 -17.7 0
      vertex 26.1482 -17.6935 0
    endloop
  endfacet
  facet normal 0 0 -1
    outer loop
      vertex 30.6418 -25.7115 0
      vertex 25.8518 -17.6935 0
      vertex 26 -17.7 0
    endloop
  endfacet
  facet normal 0 0 -1
    outer loop
      vertex 25.2815 -17.5407 0
      vertex 28.2843 -28.2843 0
      vertex 25.7115 -30.6418 0
    endloop
  endfacet
  facet normal 0 0 -1
    outer loop
      vertex 28.2843 -28.2843 0
      vertex 25.7048 -17.6742 0
      vertex 25.8518 -17.6935 0
    endloop
  endfacet
  facet normal 0 0 -1
    outer loop
      vertex 28.2843 -28.2843 0
      vertex 25.56 -17.6421 0
      vertex 25.7048 -17.6742 0
    endloop
  endfacet
  facet normal 0 0 -1
    outer loop
      vertex 28.2843 -28.2843 0
      vertex 25.4186 -17.5975 0
      vertex 25.56 -17.6421 0
    endloop
  endfacet
  facet normal 0 0 -1
    outer loop
      vertex 28.2843 -28.2843 0
      vertex 25.2815 -17.5407 0
      vertex 25.4186 -17.5975 0
    endloop
  endfacet
  facet normal 0 0 -1
    outer loop
      vertex 25.7115 -30.6418 0
      vertex 25.15 -17.4722 0
      vertex 25.2815 -17.5407 0
    endloop
  endfacet
  facet normal 0 0 -1
    outer loop
      vertex 25.7115 -30.6418 0
      vertex 25.0249 -17.3926 0
      vertex 25.15 -17.4722 0
    endloop
  endfacet
  facet normal 0 0 -1
    outer loop
      vertex 25.7115 -30.6418 0
      vertex 24.9073 -17.3023 0
      vertex 25.0249 -17.3926 0
    endloop
  endfacet
  facet normal 0 0 -1
    outer loop
      vertex 22.9431 -32.7661 0
      vertex 24.9073 -17.3023 0
      vertex 25.7115 -30.6418 0
    endloop
  endfacet
  facet normal -0 0 -1
    outer loop
      vertex 24.9073 -17.3023 0
      vertex 22.9431 -32.7661 0
      vertex 24.7979 -17.2021 0
    endloop
  endfacet
  facet normal -0 0 -1
    outer loop
      vertex 24.7979 -17.2021 0
      vertex 22.9431 -32.7661 0
      vertex 24.6977 -17.0927 0
    endloop
  endfacet
  facet normal 0 0 -1
    outer loop
      vertex 12.5814 -13.5975 0
      vertex 24.6977 -17.0927 0
      vertex 22.9431 -32.7661 0
    endloop
  endfacet
  facet normal 0 0 -1
    outer loop
      vertex 24.6977 -17.0927 0
      vertex 12.5814 -13.5975 0
      vertex 24.6074 -16.9751 0
    endloop
  endfacet
  facet normal 0 -0 -1
    outer loop
      vertex 12.7185 -13.5407 0
      vertex 24.6074 -16.9751 0
      vertex 12.5814 -13.5975 0
    endloop
  endfacet
  facet normal 0 0 -1
    outer loop
      vertex 24.6074 -16.9751 0
      vertex 12.7185 -13.5407 0
      vertex 24.5278 -16.85 0
    endloop
  endfacet
  facet normal 0 -0 -1
    outer loop
      vertex 12.85 -13.4722 0
      vertex 24.5278 -16.85 0
      vertex 12.7185 -13.5407 0
    endloop
  endfacet
  facet normal 0 0 -1
    outer loop
      vertex 24.5278 -16.85 0
      vertex 12.85 -13.4722 0
      vertex 24.4593 -16.7185 0
    endloop
  endfacet
  facet normal 0 -0 -1
    outer loop
      vertex 13.0927 -13.3023 0
      vertex 24.4025 -16.5814 0
      vertex 12.9751 -13.3926 0
    endloop
  endfacet
  facet normal 0 0 -1
    outer loop
      vertex 24.4593 -16.7185 0
      vertex 12.9751 -13.3926 0
      vertex 24.4025 -16.5814 0
    endloop
  endfacet
  facet normal 0 -0 -1
    outer loop
      vertex 12.9751 -13.3926 0
      vertex 24.4593 -16.7185 0
      vertex 12.85 -13.4722 0
    endloop
  endfacet
  facet normal 0 0 -1
    outer loop
      vertex 27.6421 16.44 0
      vertex 34.641 20 0
      vertex 27.6742 16.2952 0
    endloop
  endfacet
  facet normal 0 0 -1
    outer loop
      vertex 27.5975 16.5814 0
      vertex 34.641 20 0
      vertex 27.6421 16.44 0
    endloop
  endfacet
  facet normal 0 0 -1
    outer loop
      vertex 27.5407 16.7185 0
      vertex 34.641 20 0
      vertex 27.5975 16.5814 0
    endloop
  endfacet
  facet normal 0 0 -1
    outer loop
      vertex 27.4722 16.85 0
      vertex 34.641 20 0
      vertex 27.5407 16.7185 0
    endloop
  endfacet
  facet normal 0 0 -1
    outer loop
      vertex 27.3926 16.9751 0
      vertex 34.641 20 0
      vertex 27.4722 16.85 0
    endloop
  endfacet
  facet normal -0 0 -1
    outer loop
      vertex 34.641 20 0
      vertex 27.3926 16.9751 0
      vertex 32.7661 22.9431 0
    endloop
  endfacet
  facet normal 0 0 -1
    outer loop
      vertex 27.3023 17.0927 0
      vertex 32.7661 22.9431 0
      vertex 27.3926 16.9751 0
    endloop
  endfacet
  facet normal 0 0 -1
    outer loop
      vertex 27.2021 17.2021 0
      vertex 32.7661 22.9431 0
      vertex 27.3023 17.0927 0
    endloop
  endfacet
  facet normal 0 0 -1
    outer loop
      vertex 27.0927 17.3023 0
      vertex 32.7661 22.9431 0
      vertex 27.2021 17.2021 0
    endloop
  endfacet
  facet normal 0 0 -1
    outer loop
      vertex 26.9751 17.3926 0
      vertex 32.7661 22.9431 0
      vertex 27.0927 17.3023 0
    endloop
  endfacet
  facet normal 0 0 -1
    outer loop
      vertex 26.85 17.4722 0
      vertex 32.7661 22.9431 0
      vertex 26.9751 17.3926 0
    endloop
  endfacet
  facet normal 0 0 -1
    outer loop
      vertex 26.7185 17.5407 0
      vertex 32.7661 22.9431 0
      vertex 26.85 17.4722 0
    endloop
  endfacet
  facet normal -0 0 -1
    outer loop
      vertex 32.7661 22.9431 0
      vertex 26.7185 17.5407 0
      vertex 30.6418 25.7115 0
    endloop
  endfacet
  facet normal 0 0 -1
    outer loop
      vertex 26.5814 17.5975 0
      vertex 30.6418 25.7115 0
      vertex 26.7185 17.5407 0
    endloop
  endfacet
  facet normal 0 0 -1
    outer loop
      vertex 26.44 17.6421 0
      vertex 30.6418 25.7115 0
      vertex 26.5814 17.5975 0
    endloop
  endfacet
  facet normal 0 0 -1
    outer loop
      vertex 26.2952 17.6742 0
      vertex 30.6418 25.7115 0
      vertex 26.44 17.6421 0
    endloop
  endfacet
  facet normal 0 0 -1
    outer loop
      vertex 26.1482 17.6935 0
      vertex 30.6418 25.7115 0
      vertex 26.2952 17.6742 0
    endloop
  endfacet
  facet normal 0 0 -1
    outer loop
      vertex 26 17.7 0
      vertex 30.6418 25.7115 0
      vertex 26.1482 17.6935 0
    endloop
  endfacet
  facet normal 0 0 -1
    outer loop
      vertex 25.8518 17.6935 0
      vertex 30.6418 25.7115 0
      vertex 26 17.7 0
    endloop
  endfacet
  facet normal -0 0 -1
    outer loop
      vertex 30.6418 25.7115 0
      vertex 25.8518 17.6935 0
      vertex 28.2843 28.2843 0
    endloop
  endfacet
  facet normal 0 0 -1
    outer loop
      vertex 25.7048 17.6742 0
      vertex 28.2843 28.2843 0
      vertex 25.8518 17.6935 0
    endloop
  endfacet
  facet normal 0 0 -1
    outer loop
      vertex 25.56 17.6421 0
      vertex 28.2843 28.2843 0
      vertex 25.7048 17.6742 0
    endloop
  endfacet
  facet normal 0 0 -1
    outer loop
      vertex 25.4186 17.5975 0
      vertex 28.2843 28.2843 0
      vertex 25.56 17.6421 0
    endloop
  endfacet
  facet normal 0 0 -1
    outer loop
      vertex 25.2815 17.5407 0
      vertex 28.2843 28.2843 0
      vertex 25.4186 17.5975 0
    endloop
  endfacet
  facet normal -0 0 -1
    outer loop
      vertex 28.2843 28.2843 0
      vertex 25.2815 17.5407 0
      vertex 25.7115 30.6418 0
    endloop
  endfacet
  facet normal 0 0 -1
    outer loop
      vertex 25.15 17.4722 0
      vertex 25.7115 30.6418 0
      vertex 25.2815 17.5407 0
    endloop
  endfacet
  facet normal 0 0 -1
    outer loop
      vertex 25.0249 17.3926 0
      vertex 25.7115 30.6418 0
      vertex 25.15 17.4722 0
    endloop
  endfacet
  facet normal 0 0 -1
    outer loop
      vertex 24.9073 17.3023 0
      vertex 25.7115 30.6418 0
      vertex 25.0249 17.3926 0
    endloop
  endfacet
  facet normal 0 0 -1
    outer loop
      vertex 22.9431 32.7661 0
      vertex 24.9073 17.3023 0
      vertex 24.7979 17.2021 0
    endloop
  endfacet
  facet normal 0 0 -1
    outer loop
      vertex 22.9431 32.7661 0
      vertex 24.7979 17.2021 0
      vertex 24.6977 17.0927 0
    endloop
  endfacet
  facet normal 0 0 -1
    outer loop
      vertex 22.9431 32.7661 0
      vertex 24.6977 17.0927 0
      vertex 24.6074 16.9751 0
    endloop
  endfacet
  facet normal 0 0 -1
    outer loop
      vertex 13.3926 12.9751 0
      vertex 24.3 16 0
      vertex 13.4722 12.85 0
    endloop
  endfacet
  facet normal -0 0 -1
    outer loop
      vertex 24.3065 15.8518 0
      vertex 13.4722 12.85 0
      vertex 24.3 16 0
    endloop
  endfacet
  facet normal 0 0 -1
    outer loop
      vertex 13.4722 12.85 0
      vertex 24.3065 15.8518 0
      vertex 13.5407 12.7185 0
    endloop
  endfacet
  facet normal -0 0 -1
    outer loop
      vertex 24.3258 15.7048 0
      vertex 13.5407 12.7185 0
      vertex 24.3065 15.8518 0
    endloop
  endfacet
  facet normal 0 0 -1
    outer loop
      vertex 13.5407 12.7185 0
      vertex 24.3258 15.7048 0
      vertex 13.5975 12.5814 0
    endloop
  endfacet
  facet normal -0 0 -1
    outer loop
      vertex 24.3579 15.56 0
      vertex 13.5975 12.5814 0
      vertex 24.3258 15.7048 0
    endloop
  endfacet
  facet normal 0 0 -1
    outer loop
      vertex 24.9073 17.3023 0
      vertex 22.9431 32.7661 0
      vertex 25.7115 30.6418 0
    endloop
  endfacet
  facet normal 0 0 -1
    outer loop
      vertex 13.5975 12.5814 0
      vertex 24.3579 15.56 0
      vertex 13.6421 12.44 0
    endloop
  endfacet
  facet normal 0 0 -1
    outer loop
      vertex 13.6421 12.44 0
      vertex 24.4025 15.4186 0
      vertex 13.6742 12.2952 0
    endloop
  endfacet
  facet normal 0 0 -1
    outer loop
      vertex 12.44 -13.6421 0
      vertex 22.9431 -32.7661 0
      vertex 20 -34.641 0
    endloop
  endfacet
  facet normal -0 0 -1
    outer loop
      vertex 24.4025 15.4186 0
      vertex 13.6421 12.44 0
      vertex 24.3579 15.56 0
    endloop
  endfacet
  facet normal 0 0 -1
    outer loop
      vertex 12.1482 -13.6935 0
      vertex 20 -34.641 0
      vertex 16.9047 -36.2523 0
    endloop
  endfacet
  facet normal 0 0 -1
    outer loop
      vertex 24.6074 16.9751 0
      vertex 20 34.641 0
      vertex 22.9431 32.7661 0
    endloop
  endfacet
  facet normal -0 0 -1
    outer loop
      vertex 24.3 16 0
      vertex 13.3926 12.9751 0
      vertex 24.3065 16.1482 0
    endloop
  endfacet
  facet normal 0 0 -1
    outer loop
      vertex 24.5278 -15.15 0
      vertex 13.6935 -12.1482 0
      vertex 13.7 -12 0
    endloop
  endfacet
  facet normal 0 0 -1
    outer loop
      vertex 11.8518 -13.6935 0
      vertex 16.9047 -36.2523 0
      vertex 13.6808 -37.5877 0
    endloop
  endfacet
  facet normal 0 0 -1
    outer loop
      vertex 24.4593 -15.2815 0
      vertex 13.6742 -12.2952 0
      vertex 13.6935 -12.1482 0
    endloop
  endfacet
  facet normal 0 0 -1
    outer loop
      vertex 24.4025 -15.4186 0
      vertex 13.6421 -12.44 0
      vertex 13.6742 -12.2952 0
    endloop
  endfacet
  facet normal 0 0 -1
    outer loop
      vertex 24.3579 -15.56 0
      vertex 13.5975 -12.5814 0
      vertex 13.6421 -12.44 0
    endloop
  endfacet
  facet normal 0 0 -1
    outer loop
      vertex 24.3258 -15.7048 0
      vertex 13.5407 -12.7185 0
      vertex 13.5975 -12.5814 0
    endloop
  endfacet
  facet normal 0 0 -1
    outer loop
      vertex 24.3065 -15.8518 0
      vertex 13.4722 -12.85 0
      vertex 13.5407 -12.7185 0
    endloop
  endfacet
  facet normal 0 0 -1
    outer loop
      vertex 24.3 -16 0
      vertex 13.3926 -12.9751 0
      vertex 13.4722 -12.85 0
    endloop
  endfacet
  facet normal 0 0 -1
    outer loop
      vertex 24.3065 -16.1482 0
      vertex 13.3926 -12.9751 0
      vertex 24.3 -16 0
    endloop
  endfacet
  facet normal 0 -0 -1
    outer loop
      vertex 13.3926 -12.9751 0
      vertex 24.3065 -16.1482 0
      vertex 13.3023 -13.0927 0
    endloop
  endfacet
  facet normal 0 0 -1
    outer loop
      vertex 24.3258 -16.2952 0
      vertex 13.3023 -13.0927 0
      vertex 24.3065 -16.1482 0
    endloop
  endfacet
  facet normal 0 -0 -1
    outer loop
      vertex 13.3023 -13.0927 0
      vertex 24.3258 -16.2952 0
      vertex 13.2021 -13.2021 0
    endloop
  endfacet
  facet normal 0 0 -1
    outer loop
      vertex 24.3579 -16.44 0
      vertex 13.2021 -13.2021 0
      vertex 24.3258 -16.2952 0
    endloop
  endfacet
  facet normal 0 -0 -1
    outer loop
      vertex 13.2021 -13.2021 0
      vertex 24.3579 -16.44 0
      vertex 13.0927 -13.3023 0
    endloop
  endfacet
  facet normal 0 0 -1
    outer loop
      vertex 24.4025 -16.5814 0
      vertex 13.0927 -13.3023 0
      vertex 24.3579 -16.44 0
    endloop
  endfacet
  facet normal 0 0 -1
    outer loop
      vertex 22.9431 -32.7661 0
      vertex 12.44 -13.6421 0
      vertex 12.5814 -13.5975 0
    endloop
  endfacet
  facet normal 0 0 -1
    outer loop
      vertex 20 -34.641 0
      vertex 12.2952 -13.6742 0
      vertex 12.44 -13.6421 0
    endloop
  endfacet
  facet normal 0 0 -1
    outer loop
      vertex 20 -34.641 0
      vertex 12.1482 -13.6935 0
      vertex 12.2952 -13.6742 0
    endloop
  endfacet
  facet normal 0 0 -1
    outer loop
      vertex 16.9047 -36.2523 0
      vertex 12 -13.7 0
      vertex 12.1482 -13.6935 0
    endloop
  endfacet
  facet normal 0 0 -1
    outer loop
      vertex 16.9047 -36.2523 0
      vertex 11.8518 -13.6935 0
      vertex 12 -13.7 0
    endloop
  endfacet
  facet normal 0 0 -1
    outer loop
      vertex 13.6808 -37.5877 0
      vertex 11.7048 -13.6742 0
      vertex 11.8518 -13.6935 0
    endloop
  endfacet
  facet normal 0 0 -1
    outer loop
      vertex 13.6808 -37.5877 0
      vertex 11.56 -13.6421 0
      vertex 11.7048 -13.6742 0
    endloop
  endfacet
  facet normal 0 0 -1
    outer loop
      vertex 10.3528 -38.637 0
      vertex 11.56 -13.6421 0
      vertex 13.6808 -37.5877 0
    endloop
  endfacet
  facet normal -0 0 -1
    outer loop
      vertex 11.56 -13.6421 0
      vertex 10.3528 -38.637 0
      vertex 11.4186 -13.5975 0
    endloop
  endfacet
  facet normal -0 0 -1
    outer loop
      vertex 11.4186 -13.5975 0
      vertex 10.3528 -38.637 0
      vertex 11.2815 -13.5407 0
    endloop
  endfacet
  facet normal 0 0 -1
    outer loop
      vertex 6.94593 -39.3923 0
      vertex 11.2815 -13.5407 0
      vertex 10.3528 -38.637 0
    endloop
  endfacet
  facet normal -0 0 -1
    outer loop
      vertex 11.2815 -13.5407 0
      vertex 6.94593 -39.3923 0
      vertex 11.15 -13.4722 0
    endloop
  endfacet
  facet normal -0 0 -1
    outer loop
      vertex 11.15 -13.4722 0
      vertex 6.94593 -39.3923 0
      vertex 11.0249 -13.3926 0
    endloop
  endfacet
  facet normal 0 0 -1
    outer loop
      vertex 3.48623 -39.8478 0
      vertex 11.0249 -13.3926 0
      vertex 6.94593 -39.3923 0
    endloop
  endfacet
  facet normal -0 0 -1
    outer loop
      vertex 11.0249 -13.3926 0
      vertex 3.48623 -39.8478 0
      vertex 10.9073 -13.3023 0
    endloop
  endfacet
  facet normal 0 0 -1
    outer loop
      vertex 0 -40 0
      vertex 10.9073 -13.3023 0
      vertex 3.48623 -39.8478 0
    endloop
  endfacet
  facet normal -0 0 -1
    outer loop
      vertex 10.9073 -13.3023 0
      vertex 0 -40 0
      vertex 10.7979 -13.2021 0
    endloop
  endfacet
  facet normal 0 0 -1
    outer loop
      vertex 0 -9 0
      vertex 10.7979 -13.2021 0
      vertex 0 -40 0
    endloop
  endfacet
  facet normal 0 -0 -1
    outer loop
      vertex 0.784401 -8.96575 0
      vertex 10.7979 -13.2021 0
      vertex 0 -9 0
    endloop
  endfacet
  facet normal 0 0 -1
    outer loop
      vertex 10.7979 -13.2021 0
      vertex 0.784401 -8.96575 0
      vertex 10.6977 -13.0927 0
    endloop
  endfacet
  facet normal 0 0 -1
    outer loop
      vertex 10.6977 -13.0927 0
      vertex 0.784401 -8.96575 0
      vertex 10.6074 -12.9751 0
    endloop
  endfacet
  facet normal 0 -0 -1
    outer loop
      vertex 1.56283 -8.86327 0
      vertex 10.6074 -12.9751 0
      vertex 0.784401 -8.96575 0
    endloop
  endfacet
  facet normal 0 0 -1
    outer loop
      vertex 10.6074 -12.9751 0
      vertex 1.56283 -8.86327 0
      vertex 10.5278 -12.85 0
    endloop
  endfacet
  facet normal -0 0 -1
    outer loop
      vertex 10.9073 10.6977 0
      vertex 6.36396 6.36396 0
      vertex 10.7979 10.7979 0
    endloop
  endfacet
  facet normal 0 0 -1
    outer loop
      vertex 10.5278 -12.85 0
      vertex 1.56283 -8.86327 0
      vertex 10.4593 -12.7185 0
    endloop
  endfacet
  facet normal 0 0 -1
    outer loop
      vertex 13.2021 -10.7979 0
      vertex 8.96575 -0.784401 0
      vertex 9 0 0
    endloop
  endfacet
  facet normal 0 0 -1
    outer loop
      vertex 12.9751 -10.6074 0
      vertex 8.86327 -1.56283 0
      vertex 8.96575 -0.784401 0
    endloop
  endfacet
  facet normal 0 0 -1
    outer loop
      vertex 12.7185 -10.4593 0
      vertex 8.69333 -2.32937 0
      vertex 8.86327 -1.56283 0
    endloop
  endfacet
  facet normal 0 0 -1
    outer loop
      vertex 12.5814 -10.4025 0
      vertex 8.45723 -3.07818 0
      vertex 8.69333 -2.32937 0
    endloop
  endfacet
  facet normal 0 0 -1
    outer loop
      vertex 12.1482 -10.3065 0
      vertex 8.15677 -3.80356 0
      vertex 8.45723 -3.07818 0
    endloop
  endfacet
  facet normal 0 0 -1
    outer loop
      vertex 11.8518 -10.3065 0
      vertex 7.79423 -4.5 0
      vertex 8.15677 -3.80356 0
    endloop
  endfacet
  facet normal 0 0 -1
    outer loop
      vertex 11.56 -10.3579 0
      vertex 7.37237 -5.16219 0
      vertex 7.79423 -4.5 0
    endloop
  endfacet
  facet normal 0 -0 -1
    outer loop
      vertex 2.32937 -8.69333 0
      vertex 10.4593 -12.7185 0
      vertex 1.56283 -8.86327 0
    endloop
  endfacet
  facet normal 0 0 -1
    outer loop
      vertex 11.2815 -10.4593 0
      vertex 6.8944 -5.78509 0
      vertex 7.37237 -5.16219 0
    endloop
  endfacet
  facet normal 0 0 -1
    outer loop
      vertex 10.9073 -10.6977 0
      vertex 6.36396 -6.36396 0
      vertex 6.8944 -5.78509 0
    endloop
  endfacet
  facet normal 0 0 -1
    outer loop
      vertex 10.6977 -10.9073 0
      vertex 5.78509 -6.8944 0
      vertex 6.36396 -6.36396 0
    endloop
  endfacet
  facet normal 0 0 -1
    outer loop
      vertex 10.4593 -11.2815 0
      vertex 5.16219 -7.37237 0
      vertex 5.78509 -6.8944 0
    endloop
  endfacet
  facet normal 0 0 -1
    outer loop
      vertex 10.3579 -11.56 0
      vertex 4.5 -7.79423 0
      vertex 5.16219 -7.37237 0
    endloop
  endfacet
  facet normal 0 0 -1
    outer loop
      vertex 10.3 -12 0
      vertex 3.80356 -8.15677 0
      vertex 4.5 -7.79423 0
    endloop
  endfacet
  facet normal 0 0 -1
    outer loop
      vertex 10.4025 -12.5814 0
      vertex 3.07818 -8.45723 0
      vertex 10.3579 -12.44 0
    endloop
  endfacet
  facet normal 0 0 -1
    outer loop
      vertex 10.3065 -12.1482 0
      vertex 3.80356 -8.15677 0
      vertex 10.3 -12 0
    endloop
  endfacet
  facet normal 0 -0 -1
    outer loop
      vertex 3.80356 -8.15677 0
      vertex 10.3065 -12.1482 0
      vertex 3.07818 -8.45723 0
    endloop
  endfacet
  facet normal 0 0 -1
    outer loop
      vertex 10.3258 -12.2952 0
      vertex 3.07818 -8.45723 0
      vertex 10.3065 -12.1482 0
    endloop
  endfacet
  facet normal 0 0 -1
    outer loop
      vertex 10.3579 -12.44 0
      vertex 3.07818 -8.45723 0
      vertex 10.3258 -12.2952 0
    endloop
  endfacet
  facet normal 0 0 -1
    outer loop
      vertex 10.4593 -12.7185 0
      vertex 2.32937 -8.69333 0
      vertex 10.4025 -12.5814 0
    endloop
  endfacet
  facet normal 0 -0 -1
    outer loop
      vertex 3.07818 -8.45723 0
      vertex 10.4025 -12.5814 0
      vertex 2.32937 -8.69333 0
    endloop
  endfacet
  facet normal 0 0 -1
    outer loop
      vertex -10.7979 -13.2021 0
      vertex 0 -9 0
      vertex 0 -40 0
    endloop
  endfacet
  facet normal -0 0 -1
    outer loop
      vertex 0 -9 0
      vertex -10.7979 -13.2021 0
      vertex -0.784401 -8.96575 0
    endloop
  endfacet
  facet normal 0 -0 -1
    outer loop
      vertex -10.6977 -13.0927 0
      vertex -0.784401 -8.96575 0
      vertex -10.7979 -13.2021 0
    endloop
  endfacet
  facet normal 0 -0 -1
    outer loop
      vertex -10.6074 -12.9751 0
      vertex -0.784401 -8.96575 0
      vertex -10.6977 -13.0927 0
    endloop
  endfacet
  facet normal 0 0 -1
    outer loop
      vertex -10.9073 -13.3023 0
      vertex 0 -40 0
      vertex -3.48623 -39.8478 0
    endloop
  endfacet
  facet normal 0 -0 -1
    outer loop
      vertex -10.5278 -12.85 0
      vertex -1.56283 -8.86327 0
      vertex -10.6074 -12.9751 0
    endloop
  endfacet
  facet normal -0 0 -1
    outer loop
      vertex -1.56283 -8.86327 0
      vertex -10.5278 -12.85 0
      vertex -2.32937 -8.69333 0
    endloop
  endfacet
  facet normal 0 -0 -1
    outer loop
      vertex -10.4025 -12.5814 0
      vertex -2.32937 -8.69333 0
      vertex -10.4593 -12.7185 0
    endloop
  endfacet
  facet normal 0 -0 -1
    outer loop
      vertex -10.3579 -12.44 0
      vertex -3.07818 -8.45723 0
      vertex -10.4025 -12.5814 0
    endloop
  endfacet
  facet normal 0 -0 -1
    outer loop
      vertex -10.3258 -12.2952 0
      vertex -3.07818 -8.45723 0
      vertex -10.3579 -12.44 0
    endloop
  endfacet
  facet normal 0 -0 -1
    outer loop
      vertex -10.3065 -12.1482 0
      vertex -3.80356 -8.15677 0
      vertex -10.3258 -12.2952 0
    endloop
  endfacet
  facet normal 0 0 -1
    outer loop
      vertex -11.0249 -13.3926 0
      vertex -3.48623 -39.8478 0
      vertex -6.94593 -39.3923 0
    endloop
  endfacet
  facet normal -0 0 -1
    outer loop
      vertex -3.80356 -8.15677 0
      vertex -10.3 -12 0
      vertex -4.5 -7.79423 0
    endloop
  endfacet
  facet normal 0 0 -1
    outer loop
      vertex -10.3258 -11.7048 0
      vertex -4.5 -7.79423 0
      vertex -10.3065 -11.8518 0
    endloop
  endfacet
  facet normal -0 0 -1
    outer loop
      vertex -4.5 -7.79423 0
      vertex -10.3579 -11.56 0
      vertex -5.16219 -7.37237 0
    endloop
  endfacet
  facet normal 0 0 -1
    outer loop
      vertex -10.4025 -11.4186 0
      vertex -5.16219 -7.37237 0
      vertex -10.3579 -11.56 0
    endloop
  endfacet
  facet normal -0 0 -1
    outer loop
      vertex -5.16219 -7.37237 0
      vertex -10.4593 -11.2815 0
      vertex -5.78509 -6.8944 0
    endloop
  endfacet
  facet normal 0 0 -1
    outer loop
      vertex -10.5278 -11.15 0
      vertex -5.78509 -6.8944 0
      vertex -10.4593 -11.2815 0
    endloop
  endfacet
  facet normal 0 0 -1
    outer loop
      vertex -10.6074 -11.0249 0
      vertex -5.78509 -6.8944 0
      vertex -10.5278 -11.15 0
    endloop
  endfacet
  facet normal 0 0 -1
    outer loop
      vertex -10.7979 -10.7979 0
      vertex -6.36396 -6.36396 0
      vertex -10.6977 -10.9073 0
    endloop
  endfacet
  facet normal -0 0 -1
    outer loop
      vertex -5.78509 -6.8944 0
      vertex -10.6977 -10.9073 0
      vertex -6.36396 -6.36396 0
    endloop
  endfacet
  facet normal 0 0 -1
    outer loop
      vertex -10.6977 -10.9073 0
      vertex -5.78509 -6.8944 0
      vertex -10.6074 -11.0249 0
    endloop
  endfacet
  facet normal 0 0 -1
    outer loop
      vertex -10.4593 -11.2815 0
      vertex -5.16219 -7.37237 0
      vertex -10.4025 -11.4186 0
    endloop
  endfacet
  facet normal 0 0 -1
    outer loop
      vertex -11.2815 -13.5407 0
      vertex -6.94593 -39.3923 0
      vertex -10.3528 -38.637 0
    endloop
  endfacet
  facet normal 0 0 -1
    outer loop
      vertex -10.3579 -11.56 0
      vertex -4.5 -7.79423 0
      vertex -10.3258 -11.7048 0
    endloop
  endfacet
  facet normal 0 0 -1
    outer loop
      vertex -10.3065 -11.8518 0
      vertex -4.5 -7.79423 0
      vertex -10.3 -12 0
    endloop
  endfacet
  facet normal 0 -0 -1
    outer loop
      vertex -10.3 -12 0
      vertex -3.80356 -8.15677 0
      vertex -10.3065 -12.1482 0
    endloop
  endfacet
  facet normal -0 0 -1
    outer loop
      vertex -3.07818 -8.45723 0
      vertex -10.3258 -12.2952 0
      vertex -3.80356 -8.15677 0
    endloop
  endfacet
  facet normal -0 0 -1
    outer loop
      vertex -2.32937 -8.69333 0
      vertex -10.4025 -12.5814 0
      vertex -3.07818 -8.45723 0
    endloop
  endfacet
  facet normal 0 -0 -1
    outer loop
      vertex -10.4593 -12.7185 0
      vertex -2.32937 -8.69333 0
      vertex -10.5278 -12.85 0
    endloop
  endfacet
  facet normal -0 0 -1
    outer loop
      vertex -0.784401 -8.96575 0
      vertex -10.6074 -12.9751 0
      vertex -1.56283 -8.86327 0
    endloop
  endfacet
  facet normal 0 0 -1
    outer loop
      vertex 0 -40 0
      vertex -10.9073 -13.3023 0
      vertex -10.7979 -13.2021 0
    endloop
  endfacet
  facet normal 0 0 -1
    outer loop
      vertex -3.48623 -39.8478 0
      vertex -11.0249 -13.3926 0
      vertex -10.9073 -13.3023 0
    endloop
  endfacet
  facet normal 0 0 -1
    outer loop
      vertex -6.94593 -39.3923 0
      vertex -11.15 -13.4722 0
      vertex -11.0249 -13.3926 0
    endloop
  endfacet
  facet normal 0 0 -1
    outer loop
      vertex -6.94593 -39.3923 0
      vertex -11.2815 -13.5407 0
      vertex -11.15 -13.4722 0
    endloop
  endfacet
  facet normal 0 0 -1
    outer loop
      vertex -10.3528 -38.637 0
      vertex -11.4186 -13.5975 0
      vertex -11.2815 -13.5407 0
    endloop
  endfacet
  facet normal 0 0 -1
    outer loop
      vertex -10.3528 -38.637 0
      vertex -11.56 -13.6421 0
      vertex -11.4186 -13.5975 0
    endloop
  endfacet
  facet normal 0 0 -1
    outer loop
      vertex -13.6808 -37.5877 0
      vertex -11.56 -13.6421 0
      vertex -10.3528 -38.637 0
    endloop
  endfacet
  facet normal 0 0 -1
    outer loop
      vertex -11.56 -13.6421 0
      vertex -13.6808 -37.5877 0
      vertex -11.7048 -13.6742 0
    endloop
  endfacet
  facet normal 0 0 -1
    outer loop
      vertex -11.7048 -13.6742 0
      vertex -13.6808 -37.5877 0
      vertex -11.8518 -13.6935 0
    endloop
  endfacet
  facet normal 0 0 -1
    outer loop
      vertex -16.9047 -36.2523 0
      vertex -11.8518 -13.6935 0
      vertex -13.6808 -37.5877 0
    endloop
  endfacet
  facet normal 0 0 -1
    outer loop
      vertex -11.8518 -13.6935 0
      vertex -16.9047 -36.2523 0
      vertex -12 -13.7 0
    endloop
  endfacet
  facet normal -0 0 -1
    outer loop
      vertex -12 -13.7 0
      vertex -16.9047 -36.2523 0
      vertex -12.1482 -13.6935 0
    endloop
  endfacet
  facet normal -0 0 -1
    outer loop
      vertex -12.1482 -13.6935 0
      vertex -16.9047 -36.2523 0
      vertex -12.2952 -13.6742 0
    endloop
  endfacet
  facet normal -0 0 -1
    outer loop
      vertex -12.2952 -13.6742 0
      vertex -16.9047 -36.2523 0
      vertex -12.44 -13.6421 0
    endloop
  endfacet
  facet normal -0 0 -1
    outer loop
      vertex -12.44 -13.6421 0
      vertex -16.9047 -36.2523 0
      vertex -12.5814 -13.5975 0
    endloop
  endfacet
  facet normal 0 0 -1
    outer loop
      vertex -24.3 -16 0
      vertex -12.5814 -13.5975 0
      vertex -16.9047 -36.2523 0
    endloop
  endfacet
  facet normal -0 0 -1
    outer loop
      vertex -12.5814 -13.5975 0
      vertex -24.3 -16 0
      vertex -12.7185 -13.5407 0
    endloop
  endfacet
  facet normal -0 0 -1
    outer loop
      vertex -12.7185 -13.5407 0
      vertex -24.3 -16 0
      vertex -12.85 -13.4722 0
    endloop
  endfacet
  facet normal -0 0 -1
    outer loop
      vertex -12.85 -13.4722 0
      vertex -24.3 -16 0
      vertex -12.9751 -13.3926 0
    endloop
  endfacet
  facet normal -0 0 -1
    outer loop
      vertex -12.9751 -13.3926 0
      vertex -24.3 -16 0
      vertex -13.0927 -13.3023 0
    endloop
  endfacet
  facet normal -0 0 -1
    outer loop
      vertex -13.0927 -13.3023 0
      vertex -24.3 -16 0
      vertex -13.2021 -13.2021 0
    endloop
  endfacet
  facet normal -0 0 -1
    outer loop
      vertex -13.2021 -13.2021 0
      vertex -24.3 -16 0
      vertex -13.3023 -13.0927 0
    endloop
  endfacet
  facet normal -0 0 -1
    outer loop
      vertex -13.3023 -13.0927 0
      vertex -24.3 -16 0
      vertex -13.3926 -12.9751 0
    endloop
  endfacet
  facet normal -0 0 -1
    outer loop
      vertex -13.3926 -12.9751 0
      vertex -24.3 -16 0
      vertex -13.4722 -12.85 0
    endloop
  endfacet
  facet normal 0 0 -1
    outer loop
      vertex -24.3065 -15.8518 0
      vertex -13.4722 -12.85 0
      vertex -24.3 -16 0
    endloop
  endfacet
  facet normal -0 0 -1
    outer loop
      vertex -13.4722 -12.85 0
      vertex -24.3065 -15.8518 0
      vertex -13.5407 -12.7185 0
    endloop
  endfacet
  facet normal 0 0 -1
    outer loop
      vertex -24.3258 -15.7048 0
      vertex -13.5407 -12.7185 0
      vertex -24.3065 -15.8518 0
    endloop
  endfacet
  facet normal -0 0 -1
    outer loop
      vertex -13.5407 -12.7185 0
      vertex -24.3258 -15.7048 0
      vertex -13.5975 -12.5814 0
    endloop
  endfacet
  facet normal -0 0 -1
    outer loop
      vertex -13.5975 -12.5814 0
      vertex -24.3579 -15.56 0
      vertex -13.6421 -12.44 0
    endloop
  endfacet
  facet normal 0 0 -1
    outer loop
      vertex -24.3579 -15.56 0
      vertex -13.5975 -12.5814 0
      vertex -24.3258 -15.7048 0
    endloop
  endfacet
  facet normal -0.923878 -0.382688 0
    outer loop
      vertex -36.2523 -16.9047 0
      vertex -37.5877 -13.6808 5
      vertex -37.5877 -13.6808 0
    endloop
  endfacet
  facet normal -0.923878 -0.382688 0
    outer loop
      vertex -37.5877 -13.6808 5
      vertex -36.2523 -16.9047 0
      vertex -36.2523 -16.9047 5
    endloop
  endfacet
  facet normal 0.608767 0.793349 -0
    outer loop
      vertex 25.7115 30.6418 0
      vertex 22.9431 32.7661 5
      vertex 25.7115 30.6418 5
    endloop
  endfacet
  facet normal 0.608767 0.793349 0
    outer loop
      vertex 22.9431 32.7661 5
      vertex 25.7115 30.6418 0
      vertex 22.9431 32.7661 0
    endloop
  endfacet
  facet normal 0.130532 0.991444 -0
    outer loop
      vertex 6.94593 39.3923 0
      vertex 3.48623 39.8478 5
      vertex 6.94593 39.3923 5
    endloop
  endfacet
  facet normal 0.130532 0.991444 0
    outer loop
      vertex 3.48623 39.8478 5
      vertex 6.94593 39.3923 0
      vertex 3.48623 39.8478 0
    endloop
  endfacet
  facet normal 0 0 1
    outer loop
      vertex -13.6421 11.56 5
      vertex -24.9073 14.6977 5
      vertex -13.5975 11.4186 5
    endloop
  endfacet
  facet normal 0 0 1
    outer loop
      vertex -13.3023 -10.9073 5
      vertex -24.3065 -15.8518 5
      vertex -24.3 -16 5
    endloop
  endfacet
  facet normal -0 0 1
    outer loop
      vertex -25.0249 14.6074 5
      vertex -13.5975 11.4186 5
      vertex -24.9073 14.6977 5
    endloop
  endfacet
  facet normal 0 0 1
    outer loop
      vertex -13.3023 -10.9073 5
      vertex -24.3258 -15.7048 5
      vertex -24.3065 -15.8518 5
    endloop
  endfacet
  facet normal 0 0 1
    outer loop
      vertex -13.5975 11.4186 5
      vertex -25.0249 14.6074 5
      vertex -13.5407 11.2815 5
    endloop
  endfacet
  facet normal 0 0 1
    outer loop
      vertex -13.3023 -10.9073 5
      vertex -24.3579 -15.56 5
      vertex -24.3258 -15.7048 5
    endloop
  endfacet
  facet normal -0 0 1
    outer loop
      vertex -25.15 14.5278 5
      vertex -13.5407 11.2815 5
      vertex -25.0249 14.6074 5
    endloop
  endfacet
  facet normal 0 0 1
    outer loop
      vertex -13.3023 -10.9073 5
      vertex -24.4025 -15.4186 5
      vertex -24.3579 -15.56 5
    endloop
  endfacet
  facet normal 0 0 1
    outer loop
      vertex -13.5407 11.2815 5
      vertex -25.15 14.5278 5
      vertex -13.4722 11.15 5
    endloop
  endfacet
  facet normal 0 0 1
    outer loop
      vertex -13.3023 -10.9073 5
      vertex -24.4593 -15.2815 5
      vertex -24.4025 -15.4186 5
    endloop
  endfacet
  facet normal -0 0 1
    outer loop
      vertex -25.2815 14.4593 5
      vertex -13.4722 11.15 5
      vertex -25.15 14.5278 5
    endloop
  endfacet
  facet normal 0 0 1
    outer loop
      vertex -13.3023 -10.9073 5
      vertex -24.5278 -15.15 5
      vertex -24.4593 -15.2815 5
    endloop
  endfacet
  facet normal 0 0 1
    outer loop
      vertex -13.4722 11.15 5
      vertex -25.2815 14.4593 5
      vertex -13.3926 11.0249 5
    endloop
  endfacet
  facet normal 0 0 1
    outer loop
      vertex -13.3023 -10.9073 5
      vertex -24.6074 -15.0249 5
      vertex -24.5278 -15.15 5
    endloop
  endfacet
  facet normal -0 0 1
    outer loop
      vertex -25.4186 14.4025 5
      vertex -13.3926 11.0249 5
      vertex -25.2815 14.4593 5
    endloop
  endfacet
  facet normal 0 0 1
    outer loop
      vertex -13.3023 -10.9073 5
      vertex -24.6977 -14.9073 5
      vertex -24.6074 -15.0249 5
    endloop
  endfacet
  facet normal 0 0 1
    outer loop
      vertex -13.3926 11.0249 5
      vertex -25.4186 14.4025 5
      vertex -13.3023 10.9073 5
    endloop
  endfacet
  facet normal 0 0 1
    outer loop
      vertex -13.3023 -10.9073 5
      vertex -24.7979 -14.7979 5
      vertex -24.6977 -14.9073 5
    endloop
  endfacet
  facet normal -0 0 1
    outer loop
      vertex -25.56 14.3579 5
      vertex -13.3023 10.9073 5
      vertex -25.4186 14.4025 5
    endloop
  endfacet
  facet normal 0 0 1
    outer loop
      vertex -13.3023 -10.9073 5
      vertex -24.9073 -14.6977 5
      vertex -24.7979 -14.7979 5
    endloop
  endfacet
  facet normal 0 0 1
    outer loop
      vertex -13.3023 10.9073 5
      vertex -25.56 14.3579 5
      vertex -13.2021 10.7979 5
    endloop
  endfacet
  facet normal 0 0 1
    outer loop
      vertex -13.3023 -10.9073 5
      vertex -25.0249 -14.6074 5
      vertex -24.9073 -14.6977 5
    endloop
  endfacet
  facet normal 0 0 1
    outer loop
      vertex -13.2021 10.7979 5
      vertex -25.56 14.3579 5
      vertex -9 0 5
    endloop
  endfacet
  facet normal 0 0 1
    outer loop
      vertex -13.3023 -10.9073 5
      vertex -25.15 -14.5278 5
      vertex -25.0249 -14.6074 5
    endloop
  endfacet
  facet normal -0 0 1
    outer loop
      vertex -25.7048 14.3258 5
      vertex -9 0 5
      vertex -25.56 14.3579 5
    endloop
  endfacet
  facet normal 0 0 1
    outer loop
      vertex -13.3023 -10.9073 5
      vertex -25.2815 -14.4593 5
      vertex -25.15 -14.5278 5
    endloop
  endfacet
  facet normal 0 0 1
    outer loop
      vertex -25.7048 -14.3258 5
      vertex -9 0 5
      vertex -25.7048 14.3258 5
    endloop
  endfacet
  facet normal 0 0 1
    outer loop
      vertex -13.3023 -10.9073 5
      vertex -25.4186 -14.4025 5
      vertex -25.2815 -14.4593 5
    endloop
  endfacet
  facet normal 0 0 1
    outer loop
      vertex -9 0 5
      vertex -25.7048 -14.3258 5
      vertex -13.2021 -10.7979 5
    endloop
  endfacet
  facet normal 0 0 1
    outer loop
      vertex -13.3023 -10.9073 5
      vertex -25.56 -14.3579 5
      vertex -25.4186 -14.4025 5
    endloop
  endfacet
  facet normal 0 -0 1
    outer loop
      vertex -25.56 -14.3579 5
      vertex -13.2021 -10.7979 5
      vertex -25.7048 -14.3258 5
    endloop
  endfacet
  facet normal 0 0 1
    outer loop
      vertex -13.2021 -10.7979 5
      vertex -25.56 -14.3579 5
      vertex -13.3023 -10.9073 5
    endloop
  endfacet
  facet normal -0 0 1
    outer loop
      vertex -25.8518 14.3065 5
      vertex -25.7048 -14.3258 5
      vertex -25.7048 14.3258 5
    endloop
  endfacet
  facet normal 0 0 1
    outer loop
      vertex -25.8518 14.3065 5
      vertex -25.8518 -14.3065 5
      vertex -25.7048 -14.3258 5
    endloop
  endfacet
  facet normal -0 0 1
    outer loop
      vertex -26 14.3 5
      vertex -25.8518 -14.3065 5
      vertex -25.8518 14.3065 5
    endloop
  endfacet
  facet normal 0 0 1
    outer loop
      vertex -26 14.3 5
      vertex -26 -14.3 5
      vertex -25.8518 -14.3065 5
    endloop
  endfacet
  facet normal 0 0 1
    outer loop
      vertex -40 0 5
      vertex -26 14.3 5
      vertex -26.1482 14.3065 5
    endloop
  endfacet
  facet normal 0 0 1
    outer loop
      vertex -26 14.3 5
      vertex -40 0 5
      vertex -26 -14.3 5
    endloop
  endfacet
  facet normal 0 0 1
    outer loop
      vertex -39.8478 3.48623 5
      vertex -26.1482 14.3065 5
      vertex -26.2952 14.3258 5
    endloop
  endfacet
  facet normal 0 0 1
    outer loop
      vertex -26 -14.3 5
      vertex -40 0 5
      vertex -26.1482 -14.3065 5
    endloop
  endfacet
  facet normal 0 0 1
    outer loop
      vertex -39.8478 3.48623 5
      vertex -26.2952 14.3258 5
      vertex -26.44 14.3579 5
    endloop
  endfacet
  facet normal -0 -0 1
    outer loop
      vertex -39.8478 -3.48623 5
      vertex -26.1482 -14.3065 5
      vertex -40 0 5
    endloop
  endfacet
  facet normal 0 0 1
    outer loop
      vertex -39.3923 6.94593 5
      vertex -26.44 14.3579 5
      vertex -26.5814 14.4025 5
    endloop
  endfacet
  facet normal 0 0 1
    outer loop
      vertex -26.1482 -14.3065 5
      vertex -39.8478 -3.48623 5
      vertex -26.2952 -14.3258 5
    endloop
  endfacet
  facet normal 0 0 1
    outer loop
      vertex -39.3923 6.94593 5
      vertex -26.5814 14.4025 5
      vertex -26.7185 14.4593 5
    endloop
  endfacet
  facet normal 0 0 1
    outer loop
      vertex -26.2952 -14.3258 5
      vertex -39.8478 -3.48623 5
      vertex -26.44 -14.3579 5
    endloop
  endfacet
  facet normal 0 0 1
    outer loop
      vertex -39.3923 6.94593 5
      vertex -26.7185 14.4593 5
      vertex -26.85 14.5278 5
    endloop
  endfacet
  facet normal -0 -0 1
    outer loop
      vertex -39.3923 -6.94593 5
      vertex -26.44 -14.3579 5
      vertex -39.8478 -3.48623 5
    endloop
  endfacet
  facet normal 0 0 1
    outer loop
      vertex -38.637 10.3528 5
      vertex -26.85 14.5278 5
      vertex -26.9751 14.6074 5
    endloop
  endfacet
  facet normal 0 0 1
    outer loop
      vertex -26.44 -14.3579 5
      vertex -39.3923 -6.94593 5
      vertex -26.5814 -14.4025 5
    endloop
  endfacet
  facet normal 0 0 1
    outer loop
      vertex -38.637 10.3528 5
      vertex -26.9751 14.6074 5
      vertex -27.0927 14.6977 5
    endloop
  endfacet
  facet normal 0 0 1
    outer loop
      vertex -26.5814 -14.4025 5
      vertex -39.3923 -6.94593 5
      vertex -26.7185 -14.4593 5
    endloop
  endfacet
  facet normal 0 0 1
    outer loop
      vertex -38.637 10.3528 5
      vertex -27.0927 14.6977 5
      vertex -27.2021 14.7979 5
    endloop
  endfacet
  facet normal 0 0 1
    outer loop
      vertex -26.7185 -14.4593 5
      vertex -39.3923 -6.94593 5
      vertex -26.85 -14.5278 5
    endloop
  endfacet
  facet normal 0 0 1
    outer loop
      vertex -37.5877 13.6808 5
      vertex -27.2021 14.7979 5
      vertex -27.3023 14.9073 5
    endloop
  endfacet
  facet normal -0 -0 1
    outer loop
      vertex -38.637 -10.3528 5
      vertex -26.85 -14.5278 5
      vertex -39.3923 -6.94593 5
    endloop
  endfacet
  facet normal 0 0 1
    outer loop
      vertex -37.5877 13.6808 5
      vertex -27.3023 14.9073 5
      vertex -27.3926 15.0249 5
    endloop
  endfacet
  facet normal 0 0 1
    outer loop
      vertex -26.85 -14.5278 5
      vertex -38.637 -10.3528 5
      vertex -26.9751 -14.6074 5
    endloop
  endfacet
  facet normal 0 0 1
    outer loop
      vertex -37.5877 13.6808 5
      vertex -27.3926 15.0249 5
      vertex -27.4722 15.15 5
    endloop
  endfacet
  facet normal 0 0 1
    outer loop
      vertex -26.9751 -14.6074 5
      vertex -38.637 -10.3528 5
      vertex -27.0927 -14.6977 5
    endloop
  endfacet
  facet normal 0 0 1
    outer loop
      vertex -37.5877 13.6808 5
      vertex -27.4722 15.15 5
      vertex -27.5407 15.2815 5
    endloop
  endfacet
  facet normal 0 0 1
    outer loop
      vertex -27.0927 -14.6977 5
      vertex -38.637 -10.3528 5
      vertex -27.2021 -14.7979 5
    endloop
  endfacet
  facet normal 0 0 1
    outer loop
      vertex -37.5877 13.6808 5
      vertex -27.5407 15.2815 5
      vertex -27.5975 15.4186 5
    endloop
  endfacet
  facet normal -0 -0 1
    outer loop
      vertex -37.5877 -13.6808 5
      vertex -27.2021 -14.7979 5
      vertex -38.637 -10.3528 5
    endloop
  endfacet
  facet normal 0 0 1
    outer loop
      vertex -36.2523 16.9047 5
      vertex -27.5975 15.4186 5
      vertex -27.6421 15.56 5
    endloop
  endfacet
  facet normal 0 0 1
    outer loop
      vertex -27.2021 -14.7979 5
      vertex -37.5877 -13.6808 5
      vertex -27.3023 -14.9073 5
    endloop
  endfacet
  facet normal 0 0 1
    outer loop
      vertex -36.2523 16.9047 5
      vertex -27.6421 15.56 5
      vertex -27.6742 15.7048 5
    endloop
  endfacet
  facet normal 0 0 1
    outer loop
      vertex -27.3023 -14.9073 5
      vertex -37.5877 -13.6808 5
      vertex -27.3926 -15.0249 5
    endloop
  endfacet
  facet normal 0 0 1
    outer loop
      vertex -36.2523 16.9047 5
      vertex -27.6742 15.7048 5
      vertex -27.6935 15.8518 5
    endloop
  endfacet
  facet normal 0 0 1
    outer loop
      vertex -27.3926 -15.0249 5
      vertex -37.5877 -13.6808 5
      vertex -27.4722 -15.15 5
    endloop
  endfacet
  facet normal 0 0 1
    outer loop
      vertex -36.2523 16.9047 5
      vertex -27.6935 15.8518 5
      vertex -27.7 16 5
    endloop
  endfacet
  facet normal 0 0 1
    outer loop
      vertex -27.4722 -15.15 5
      vertex -37.5877 -13.6808 5
      vertex -27.5407 -15.2815 5
    endloop
  endfacet
  facet normal 0 0 1
    outer loop
      vertex -13.0927 -13.3023 5
      vertex -24.4025 -16.5814 5
      vertex -12.9751 -13.3926 5
    endloop
  endfacet
  facet normal 0 0 1
    outer loop
      vertex -24.4593 -16.7185 5
      vertex -12.9751 -13.3926 5
      vertex -24.4025 -16.5814 5
    endloop
  endfacet
  facet normal 0 0 1
    outer loop
      vertex -12.9751 -13.3926 5
      vertex -24.4593 -16.7185 5
      vertex -12.85 -13.4722 5
    endloop
  endfacet
  facet normal 0 0 1
    outer loop
      vertex -24.5278 -16.85 5
      vertex -12.85 -13.4722 5
      vertex -24.4593 -16.7185 5
    endloop
  endfacet
  facet normal 0 0 1
    outer loop
      vertex -12.85 -13.4722 5
      vertex -24.5278 -16.85 5
      vertex -12.7185 -13.5407 5
    endloop
  endfacet
  facet normal 0 0 1
    outer loop
      vertex -24.6074 -16.9751 5
      vertex -12.7185 -13.5407 5
      vertex -24.5278 -16.85 5
    endloop
  endfacet
  facet normal 0 0 1
    outer loop
      vertex -12.7185 -13.5407 5
      vertex -24.6074 -16.9751 5
      vertex -12.5814 -13.5975 5
    endloop
  endfacet
  facet normal 0 0 1
    outer loop
      vertex -24.6977 -17.0927 5
      vertex -12.5814 -13.5975 5
      vertex -24.6074 -16.9751 5
    endloop
  endfacet
  facet normal 0 0 1
    outer loop
      vertex -12.5814 -13.5975 5
      vertex -24.6977 -17.0927 5
      vertex -22.9431 -32.7661 5
    endloop
  endfacet
  facet normal -0 0 1
    outer loop
      vertex -24.7979 -17.2021 5
      vertex -22.9431 -32.7661 5
      vertex -24.6977 -17.0927 5
    endloop
  endfacet
  facet normal -0 0 1
    outer loop
      vertex -24.9073 -17.3023 5
      vertex -22.9431 -32.7661 5
      vertex -24.7979 -17.2021 5
    endloop
  endfacet
  facet normal 0 0 1
    outer loop
      vertex -25.7115 -30.6418 5
      vertex -24.9073 -17.3023 5
      vertex -25.0249 -17.3926 5
    endloop
  endfacet
  facet normal 0 0 1
    outer loop
      vertex -25.7115 -30.6418 5
      vertex -25.0249 -17.3926 5
      vertex -25.15 -17.4722 5
    endloop
  endfacet
  facet normal 0 0 1
    outer loop
      vertex -25.7115 -30.6418 5
      vertex -25.15 -17.4722 5
      vertex -25.2815 -17.5407 5
    endloop
  endfacet
  facet normal 0 0 1
    outer loop
      vertex -28.2843 -28.2843 5
      vertex -25.2815 -17.5407 5
      vertex -25.4186 -17.5975 5
    endloop
  endfacet
  facet normal 0 0 1
    outer loop
      vertex -28.2843 -28.2843 5
      vertex -25.4186 -17.5975 5
      vertex -25.56 -17.6421 5
    endloop
  endfacet
  facet normal 0 0 1
    outer loop
      vertex -28.2843 -28.2843 5
      vertex -25.56 -17.6421 5
      vertex -25.7048 -17.6742 5
    endloop
  endfacet
  facet normal 0 0 1
    outer loop
      vertex -24.9073 -17.3023 5
      vertex -25.7115 -30.6418 5
      vertex -22.9431 -32.7661 5
    endloop
  endfacet
  facet normal 0 0 1
    outer loop
      vertex -28.2843 -28.2843 5
      vertex -25.7048 -17.6742 5
      vertex -25.8518 -17.6935 5
    endloop
  endfacet
  facet normal 0 0 1
    outer loop
      vertex -30.6418 -25.7115 5
      vertex -25.8518 -17.6935 5
      vertex -26 -17.7 5
    endloop
  endfacet
  facet normal 0 0 1
    outer loop
      vertex -30.6418 -25.7115 5
      vertex -26 -17.7 5
      vertex -26.1482 -17.6935 5
    endloop
  endfacet
  facet normal 0 0 1
    outer loop
      vertex -30.6418 -25.7115 5
      vertex -26.1482 -17.6935 5
      vertex -26.2952 -17.6742 5
    endloop
  endfacet
  facet normal 0 0 1
    outer loop
      vertex -30.6418 -25.7115 5
      vertex -26.2952 -17.6742 5
      vertex -26.44 -17.6421 5
    endloop
  endfacet
  facet normal 0 0 1
    outer loop
      vertex -30.6418 -25.7115 5
      vertex -26.44 -17.6421 5
      vertex -26.5814 -17.5975 5
    endloop
  endfacet
  facet normal 0 0 1
    outer loop
      vertex -30.6418 -25.7115 5
      vertex -26.5814 -17.5975 5
      vertex -26.7185 -17.5407 5
    endloop
  endfacet
  facet normal 0 0 1
    outer loop
      vertex -32.7661 -22.9431 5
      vertex -26.7185 -17.5407 5
      vertex -26.85 -17.4722 5
    endloop
  endfacet
  facet normal 0 0 1
    outer loop
      vertex -32.7661 -22.9431 5
      vertex -26.85 -17.4722 5
      vertex -26.9751 -17.3926 5
    endloop
  endfacet
  facet normal 0 0 1
    outer loop
      vertex -32.7661 -22.9431 5
      vertex -26.9751 -17.3926 5
      vertex -27.0927 -17.3023 5
    endloop
  endfacet
  facet normal 0 0 1
    outer loop
      vertex -32.7661 -22.9431 5
      vertex -27.0927 -17.3023 5
      vertex -27.2021 -17.2021 5
    endloop
  endfacet
  facet normal 0 0 1
    outer loop
      vertex -32.7661 -22.9431 5
      vertex -27.2021 -17.2021 5
      vertex -27.3023 -17.0927 5
    endloop
  endfacet
  facet normal 0 0 1
    outer loop
      vertex -32.7661 -22.9431 5
      vertex -27.3023 -17.0927 5
      vertex -27.3926 -16.9751 5
    endloop
  endfacet
  facet normal 0 0 1
    outer loop
      vertex -34.641 -20 5
      vertex -27.3926 -16.9751 5
      vertex -27.4722 -16.85 5
    endloop
  endfacet
  facet normal 0 0 1
    outer loop
      vertex -34.641 -20 5
      vertex -27.4722 -16.85 5
      vertex -27.5407 -16.7185 5
    endloop
  endfacet
  facet normal 0 0 1
    outer loop
      vertex -34.641 -20 5
      vertex -27.5407 -16.7185 5
      vertex -27.5975 -16.5814 5
    endloop
  endfacet
  facet normal 0 0 1
    outer loop
      vertex -34.641 -20 5
      vertex -27.5975 -16.5814 5
      vertex -27.6421 -16.44 5
    endloop
  endfacet
  facet normal 0 0 1
    outer loop
      vertex -34.641 -20 5
      vertex -27.6421 -16.44 5
      vertex -27.6742 -16.2952 5
    endloop
  endfacet
  facet normal 0 0 1
    outer loop
      vertex -25.2815 -17.5407 5
      vertex -28.2843 -28.2843 5
      vertex -25.7115 -30.6418 5
    endloop
  endfacet
  facet normal 0 0 1
    outer loop
      vertex -34.641 -20 5
      vertex -27.6742 -16.2952 5
      vertex -27.6935 -16.1482 5
    endloop
  endfacet
  facet normal 0 0 1
    outer loop
      vertex -36.2523 -16.9047 5
      vertex -27.6935 -16.1482 5
      vertex -27.7 -16 5
    endloop
  endfacet
  facet normal 0 0 1
    outer loop
      vertex -27.6742 16.2952 5
      vertex -34.641 20 5
      vertex -27.6935 16.1482 5
    endloop
  endfacet
  facet normal -0 0 1
    outer loop
      vertex -36.2523 16.9047 5
      vertex -27.6935 16.1482 5
      vertex -34.641 20 5
    endloop
  endfacet
  facet normal 0 0 1
    outer loop
      vertex -25.8518 -17.6935 5
      vertex -30.6418 -25.7115 5
      vertex -28.2843 -28.2843 5
    endloop
  endfacet
  facet normal 0 0 1
    outer loop
      vertex -27.6935 16.1482 5
      vertex -36.2523 16.9047 5
      vertex -27.7 16 5
    endloop
  endfacet
  facet normal 0 0 1
    outer loop
      vertex -26.7185 -17.5407 5
      vertex -32.7661 -22.9431 5
      vertex -30.6418 -25.7115 5
    endloop
  endfacet
  facet normal 0 0 1
    outer loop
      vertex -27.5975 15.4186 5
      vertex -36.2523 16.9047 5
      vertex -37.5877 13.6808 5
    endloop
  endfacet
  facet normal 0 0 1
    outer loop
      vertex -27.3926 -16.9751 5
      vertex -34.641 -20 5
      vertex -32.7661 -22.9431 5
    endloop
  endfacet
  facet normal 0 0 1
    outer loop
      vertex -27.2021 14.7979 5
      vertex -37.5877 13.6808 5
      vertex -38.637 10.3528 5
    endloop
  endfacet
  facet normal 0 0 1
    outer loop
      vertex -27.6935 -16.1482 5
      vertex -36.2523 -16.9047 5
      vertex -34.641 -20 5
    endloop
  endfacet
  facet normal 0 0 1
    outer loop
      vertex -26.85 14.5278 5
      vertex -38.637 10.3528 5
      vertex -39.3923 6.94593 5
    endloop
  endfacet
  facet normal 0 0 1
    outer loop
      vertex -27.6935 -15.8518 5
      vertex -36.2523 -16.9047 5
      vertex -27.7 -16 5
    endloop
  endfacet
  facet normal 0 0 1
    outer loop
      vertex -26.44 14.3579 5
      vertex -39.3923 6.94593 5
      vertex -39.8478 3.48623 5
    endloop
  endfacet
  facet normal 0 0 1
    outer loop
      vertex -27.6742 -15.7048 5
      vertex -36.2523 -16.9047 5
      vertex -27.6935 -15.8518 5
    endloop
  endfacet
  facet normal 0 0 1
    outer loop
      vertex -26.1482 14.3065 5
      vertex -39.8478 3.48623 5
      vertex -40 0 5
    endloop
  endfacet
  facet normal 0 0 1
    outer loop
      vertex -27.6421 -15.56 5
      vertex -36.2523 -16.9047 5
      vertex -27.6742 -15.7048 5
    endloop
  endfacet
  facet normal 0 0 1
    outer loop
      vertex -27.5407 -15.2815 5
      vertex -37.5877 -13.6808 5
      vertex -27.5975 -15.4186 5
    endloop
  endfacet
  facet normal 0 0 1
    outer loop
      vertex -27.5975 -15.4186 5
      vertex -36.2523 -16.9047 5
      vertex -27.6421 -15.56 5
    endloop
  endfacet
  facet normal 0 -0 1
    outer loop
      vertex -36.2523 -16.9047 5
      vertex -27.5975 -15.4186 5
      vertex -37.5877 -13.6808 5
    endloop
  endfacet
  facet normal 0 0 1
    outer loop
      vertex -6.36396 6.36396 5
      vertex -10.9073 10.6977 5
      vertex -6.8944 5.78509 5
    endloop
  endfacet
  facet normal 0 0 1
    outer loop
      vertex -9 0 5
      vertex -10.3065 -11.8518 5
      vertex -10.3 -12 5
    endloop
  endfacet
  facet normal -0 0 1
    outer loop
      vertex -11.0249 10.6074 5
      vertex -6.8944 5.78509 5
      vertex -10.9073 10.6977 5
    endloop
  endfacet
  facet normal 0 0 1
    outer loop
      vertex -9 0 5
      vertex -10.3258 -11.7048 5
      vertex -10.3065 -11.8518 5
    endloop
  endfacet
  facet normal -0 0 1
    outer loop
      vertex -11.15 10.5278 5
      vertex -6.8944 5.78509 5
      vertex -11.0249 10.6074 5
    endloop
  endfacet
  facet normal 0 0 1
    outer loop
      vertex -9 0 5
      vertex -10.3579 -11.56 5
      vertex -10.3258 -11.7048 5
    endloop
  endfacet
  facet normal -0 0 1
    outer loop
      vertex -11.2815 10.4593 5
      vertex -6.8944 5.78509 5
      vertex -11.15 10.5278 5
    endloop
  endfacet
  facet normal 0 0 1
    outer loop
      vertex -9 0 5
      vertex -10.4025 -11.4186 5
      vertex -10.3579 -11.56 5
    endloop
  endfacet
  facet normal 0 0 1
    outer loop
      vertex -6.8944 5.78509 5
      vertex -11.2815 10.4593 5
      vertex -7.37237 5.16219 5
    endloop
  endfacet
  facet normal 0 0 1
    outer loop
      vertex -9 0 5
      vertex -10.4593 -11.2815 5
      vertex -10.4025 -11.4186 5
    endloop
  endfacet
  facet normal -0 0 1
    outer loop
      vertex -11.4186 10.4025 5
      vertex -7.37237 5.16219 5
      vertex -11.2815 10.4593 5
    endloop
  endfacet
  facet normal 0 0 1
    outer loop
      vertex -9 0 5
      vertex -10.5278 -11.15 5
      vertex -10.4593 -11.2815 5
    endloop
  endfacet
  facet normal -0 0 1
    outer loop
      vertex -11.56 10.3579 5
      vertex -7.37237 5.16219 5
      vertex -11.4186 10.4025 5
    endloop
  endfacet
  facet normal 0 0 1
    outer loop
      vertex -9 0 5
      vertex -10.6074 -11.0249 5
      vertex -10.5278 -11.15 5
    endloop
  endfacet
  facet normal 0 0 1
    outer loop
      vertex -7.37237 5.16219 5
      vertex -11.56 10.3579 5
      vertex -7.79423 4.5 5
    endloop
  endfacet
  facet normal 0 0 1
    outer loop
      vertex -9 0 5
      vertex -10.6977 -10.9073 5
      vertex -10.6074 -11.0249 5
    endloop
  endfacet
  facet normal -0 0 1
    outer loop
      vertex -11.7048 10.3258 5
      vertex -7.79423 4.5 5
      vertex -11.56 10.3579 5
    endloop
  endfacet
  facet normal 0 0 1
    outer loop
      vertex -9 0 5
      vertex -10.7979 -10.7979 5
      vertex -10.6977 -10.9073 5
    endloop
  endfacet
  facet normal -0 0 1
    outer loop
      vertex -11.8518 10.3065 5
      vertex -7.79423 4.5 5
      vertex -11.7048 10.3258 5
    endloop
  endfacet
  facet normal 0 0 1
    outer loop
      vertex -9 0 5
      vertex -10.9073 -10.6977 5
      vertex -10.7979 -10.7979 5
    endloop
  endfacet
  facet normal 0 0 1
    outer loop
      vertex -7.79423 4.5 5
      vertex -11.8518 10.3065 5
      vertex -8.15677 3.80356 5
    endloop
  endfacet
  facet normal 0 0 1
    outer loop
      vertex -9 0 5
      vertex -11.0249 -10.6074 5
      vertex -10.9073 -10.6977 5
    endloop
  endfacet
  facet normal -0 0 1
    outer loop
      vertex -12 10.3 5
      vertex -8.15677 3.80356 5
      vertex -11.8518 10.3065 5
    endloop
  endfacet
  facet normal 0 0 1
    outer loop
      vertex -9 0 5
      vertex -11.15 -10.5278 5
      vertex -11.0249 -10.6074 5
    endloop
  endfacet
  facet normal 0 0 1
    outer loop
      vertex -12.1482 10.3065 5
      vertex -8.15677 3.80356 5
      vertex -12 10.3 5
    endloop
  endfacet
  facet normal 0 0 1
    outer loop
      vertex -9 0 5
      vertex -11.2815 -10.4593 5
      vertex -11.15 -10.5278 5
    endloop
  endfacet
  facet normal 0 0 1
    outer loop
      vertex -8.15677 3.80356 5
      vertex -12.1482 10.3065 5
      vertex -8.45723 3.07818 5
    endloop
  endfacet
  facet normal 0 0 1
    outer loop
      vertex -9 0 5
      vertex -11.4186 -10.4025 5
      vertex -11.2815 -10.4593 5
    endloop
  endfacet
  facet normal 0 0 1
    outer loop
      vertex -12.2952 10.3258 5
      vertex -8.45723 3.07818 5
      vertex -12.1482 10.3065 5
    endloop
  endfacet
  facet normal 0 0 1
    outer loop
      vertex -9 0 5
      vertex -11.56 -10.3579 5
      vertex -11.4186 -10.4025 5
    endloop
  endfacet
  facet normal 0 0 1
    outer loop
      vertex -12.44 10.3579 5
      vertex -8.45723 3.07818 5
      vertex -12.2952 10.3258 5
    endloop
  endfacet
  facet normal 0 0 1
    outer loop
      vertex -9 0 5
      vertex -11.7048 -10.3258 5
      vertex -11.56 -10.3579 5
    endloop
  endfacet
  facet normal 0 0 1
    outer loop
      vertex -12.5814 10.4025 5
      vertex -8.45723 3.07818 5
      vertex -12.44 10.3579 5
    endloop
  endfacet
  facet normal 0 0 1
    outer loop
      vertex -9 0 5
      vertex -11.8518 -10.3065 5
      vertex -11.7048 -10.3258 5
    endloop
  endfacet
  facet normal 0 0 1
    outer loop
      vertex -8.45723 3.07818 5
      vertex -12.5814 10.4025 5
      vertex -8.69333 2.32937 5
    endloop
  endfacet
  facet normal 0 0 1
    outer loop
      vertex -9 0 5
      vertex -12 -10.3 5
      vertex -11.8518 -10.3065 5
    endloop
  endfacet
  facet normal 0 0 1
    outer loop
      vertex -12.7185 10.4593 5
      vertex -8.69333 2.32937 5
      vertex -12.5814 10.4025 5
    endloop
  endfacet
  facet normal 0 0 1
    outer loop
      vertex -9 0 5
      vertex -12.1482 -10.3065 5
      vertex -12 -10.3 5
    endloop
  endfacet
  facet normal 0 0 1
    outer loop
      vertex -8.69333 2.32937 5
      vertex -12.7185 10.4593 5
      vertex -8.86327 1.56283 5
    endloop
  endfacet
  facet normal 0 0 1
    outer loop
      vertex -9 0 5
      vertex -12.2952 -10.3258 5
      vertex -12.1482 -10.3065 5
    endloop
  endfacet
  facet normal 0 0 1
    outer loop
      vertex -12.85 10.5278 5
      vertex -8.86327 1.56283 5
      vertex -12.7185 10.4593 5
    endloop
  endfacet
  facet normal 0 0 1
    outer loop
      vertex -9 0 5
      vertex -12.44 -10.3579 5
      vertex -12.2952 -10.3258 5
    endloop
  endfacet
  facet normal 0 0 1
    outer loop
      vertex -12.9751 10.6074 5
      vertex -8.86327 1.56283 5
      vertex -12.85 10.5278 5
    endloop
  endfacet
  facet normal 0 0 1
    outer loop
      vertex -9 0 5
      vertex -12.5814 -10.4025 5
      vertex -12.44 -10.3579 5
    endloop
  endfacet
  facet normal 0 0 1
    outer loop
      vertex -8.86327 1.56283 5
      vertex -12.9751 10.6074 5
      vertex -8.96575 0.784401 5
    endloop
  endfacet
  facet normal 0 0 1
    outer loop
      vertex -9 0 5
      vertex -12.7185 -10.4593 5
      vertex -12.5814 -10.4025 5
    endloop
  endfacet
  facet normal 0 0 1
    outer loop
      vertex -13.0927 10.6977 5
      vertex -8.96575 0.784401 5
      vertex -12.9751 10.6074 5
    endloop
  endfacet
  facet normal 0 0 1
    outer loop
      vertex -9 0 5
      vertex -12.85 -10.5278 5
      vertex -12.7185 -10.4593 5
    endloop
  endfacet
  facet normal 0 0 1
    outer loop
      vertex -13.2021 10.7979 5
      vertex -8.96575 0.784401 5
      vertex -13.0927 10.6977 5
    endloop
  endfacet
  facet normal 0 0 1
    outer loop
      vertex -9 0 5
      vertex -12.9751 -10.6074 5
      vertex -12.85 -10.5278 5
    endloop
  endfacet
  facet normal 0 0 1
    outer loop
      vertex -8.96575 0.784401 5
      vertex -13.2021 10.7979 5
      vertex -9 0 5
    endloop
  endfacet
  facet normal 0 0 1
    outer loop
      vertex -9 0 5
      vertex -13.0927 -10.6977 5
      vertex -12.9751 -10.6074 5
    endloop
  endfacet
  facet normal 0 0 1
    outer loop
      vertex -13.6742 11.7048 5
      vertex -24.7979 14.7979 5
      vertex -13.6421 11.56 5
    endloop
  endfacet
  facet normal 0 0 1
    outer loop
      vertex -9 0 5
      vertex -13.2021 -10.7979 5
      vertex -13.0927 -10.6977 5
    endloop
  endfacet
  facet normal 0 0 1
    outer loop
      vertex -13.6935 11.8518 5
      vertex -24.6977 14.9073 5
      vertex -13.6742 11.7048 5
    endloop
  endfacet
  facet normal -0 0 1
    outer loop
      vertex -24.7979 14.7979 5
      vertex -13.6742 11.7048 5
      vertex -24.6977 14.9073 5
    endloop
  endfacet
  facet normal 0 0 1
    outer loop
      vertex -13.7 12 5
      vertex -24.6074 15.0249 5
      vertex -13.6935 11.8518 5
    endloop
  endfacet
  facet normal -0 0 1
    outer loop
      vertex -24.6977 14.9073 5
      vertex -13.6935 11.8518 5
      vertex -24.6074 15.0249 5
    endloop
  endfacet
  facet normal -0 0 1
    outer loop
      vertex -24.6074 15.0249 5
      vertex -13.7 12 5
      vertex -24.5278 15.15 5
    endloop
  endfacet
  facet normal -0 0 1
    outer loop
      vertex -24.9073 14.6977 5
      vertex -13.6421 11.56 5
      vertex -24.7979 14.7979 5
    endloop
  endfacet
  facet normal 0 0 1
    outer loop
      vertex -13.6935 12.1482 5
      vertex -24.5278 15.15 5
      vertex -13.7 12 5
    endloop
  endfacet
  facet normal 0 0 1
    outer loop
      vertex -13.3023 -10.9073 5
      vertex -24.3 -16 5
      vertex -13.3926 -11.0249 5
    endloop
  endfacet
  facet normal -0 0 1
    outer loop
      vertex -24.5278 15.15 5
      vertex -13.6935 12.1482 5
      vertex -24.4593 15.2815 5
    endloop
  endfacet
  facet normal 0 0 1
    outer loop
      vertex -13.3926 -11.0249 5
      vertex -24.3 -16 5
      vertex -13.4722 -11.15 5
    endloop
  endfacet
  facet normal 0 0 1
    outer loop
      vertex -13.6742 12.2952 5
      vertex -24.4593 15.2815 5
      vertex -13.6935 12.1482 5
    endloop
  endfacet
  facet normal 0 0 1
    outer loop
      vertex -13.4722 -11.15 5
      vertex -24.3 -16 5
      vertex -13.5407 -11.2815 5
    endloop
  endfacet
  facet normal -0 0 1
    outer loop
      vertex -24.4593 15.2815 5
      vertex -13.6742 12.2952 5
      vertex -24.4025 15.4186 5
    endloop
  endfacet
  facet normal 0 0 1
    outer loop
      vertex -13.5407 -11.2815 5
      vertex -24.3 -16 5
      vertex -13.5975 -11.4186 5
    endloop
  endfacet
  facet normal 0 0 1
    outer loop
      vertex -13.6421 12.44 5
      vertex -24.4025 15.4186 5
      vertex -13.6742 12.2952 5
    endloop
  endfacet
  facet normal 0 0 1
    outer loop
      vertex -13.5975 -11.4186 5
      vertex -24.3 -16 5
      vertex -13.6421 -11.56 5
    endloop
  endfacet
  facet normal -0 0 1
    outer loop
      vertex -24.4025 15.4186 5
      vertex -13.6421 12.44 5
      vertex -24.3579 15.56 5
    endloop
  endfacet
  facet normal 0 0 1
    outer loop
      vertex -13.6421 -11.56 5
      vertex -24.3 -16 5
      vertex -13.6742 -11.7048 5
    endloop
  endfacet
  facet normal 0 0 1
    outer loop
      vertex 13.4722 11.15 5
      vertex 25.15 14.5278 5
      vertex 13.5407 11.2815 5
    endloop
  endfacet
  facet normal 0 0 1
    outer loop
      vertex 25.56 -14.3579 5
      vertex 13.6935 -11.8518 5
      vertex 13.7 -12 5
    endloop
  endfacet
  facet normal 0 0 1
    outer loop
      vertex 25.15 14.5278 5
      vertex 13.4722 11.15 5
      vertex 25.2815 14.4593 5
    endloop
  endfacet
  facet normal 0 0 1
    outer loop
      vertex 25.56 -14.3579 5
      vertex 13.6742 -11.7048 5
      vertex 13.6935 -11.8518 5
    endloop
  endfacet
  facet normal 0 0 1
    outer loop
      vertex 13.3926 11.0249 5
      vertex 25.2815 14.4593 5
      vertex 13.4722 11.15 5
    endloop
  endfacet
  facet normal 0 0 1
    outer loop
      vertex 25.56 -14.3579 5
      vertex 13.6421 -11.56 5
      vertex 13.6742 -11.7048 5
    endloop
  endfacet
  facet normal 0 0 1
    outer loop
      vertex 25.2815 14.4593 5
      vertex 13.3926 11.0249 5
      vertex 25.4186 14.4025 5
    endloop
  endfacet
  facet normal 0 0 1
    outer loop
      vertex 25.56 -14.3579 5
      vertex 13.5975 -11.4186 5
      vertex 13.6421 -11.56 5
    endloop
  endfacet
  facet normal 0 0 1
    outer loop
      vertex 13.3023 10.9073 5
      vertex 25.4186 14.4025 5
      vertex 13.3926 11.0249 5
    endloop
  endfacet
  facet normal 0 0 1
    outer loop
      vertex 25.56 -14.3579 5
      vertex 13.5407 -11.2815 5
      vertex 13.5975 -11.4186 5
    endloop
  endfacet
  facet normal 0 0 1
    outer loop
      vertex 25.4186 14.4025 5
      vertex 13.3023 10.9073 5
      vertex 25.56 14.3579 5
    endloop
  endfacet
  facet normal 0 0 1
    outer loop
      vertex 25.56 -14.3579 5
      vertex 13.4722 -11.15 5
      vertex 13.5407 -11.2815 5
    endloop
  endfacet
  facet normal 0 0 1
    outer loop
      vertex 13.2021 10.7979 5
      vertex 25.56 14.3579 5
      vertex 13.3023 10.9073 5
    endloop
  endfacet
  facet normal 0 0 1
    outer loop
      vertex 25.56 -14.3579 5
      vertex 13.3926 -11.0249 5
      vertex 13.4722 -11.15 5
    endloop
  endfacet
  facet normal 0 0 1
    outer loop
      vertex 9 0 5
      vertex 25.56 14.3579 5
      vertex 13.2021 10.7979 5
    endloop
  endfacet
  facet normal 0 0 1
    outer loop
      vertex 25.56 -14.3579 5
      vertex 13.3023 -10.9073 5
      vertex 13.3926 -11.0249 5
    endloop
  endfacet
  facet normal 0 0 1
    outer loop
      vertex 25.56 14.3579 5
      vertex 9 0 5
      vertex 25.56 -14.3579 5
    endloop
  endfacet
  facet normal 0 0 1
    outer loop
      vertex 25.56 -14.3579 5
      vertex 13.2021 -10.7979 5
      vertex 13.3023 -10.9073 5
    endloop
  endfacet
  facet normal 0 0 1
    outer loop
      vertex 8.96575 0.784401 5
      vertex 13.2021 10.7979 5
      vertex 13.0927 10.6977 5
    endloop
  endfacet
  facet normal 0 0 1
    outer loop
      vertex 25.56 -14.3579 5
      vertex 9 0 5
      vertex 13.2021 -10.7979 5
    endloop
  endfacet
  facet normal 0 0 1
    outer loop
      vertex 8.96575 0.784401 5
      vertex 13.0927 10.6977 5
      vertex 12.9751 10.6074 5
    endloop
  endfacet
  facet normal -0 0 1
    outer loop
      vertex 8.96575 -0.784401 5
      vertex 13.2021 -10.7979 5
      vertex 9 0 5
    endloop
  endfacet
  facet normal 0 0 1
    outer loop
      vertex 8.86327 1.56283 5
      vertex 12.9751 10.6074 5
      vertex 12.85 10.5278 5
    endloop
  endfacet
  facet normal 0 0 1
    outer loop
      vertex 13.2021 -10.7979 5
      vertex 8.96575 -0.784401 5
      vertex 13.0927 -10.6977 5
    endloop
  endfacet
  facet normal 0 0 1
    outer loop
      vertex 8.86327 1.56283 5
      vertex 12.85 10.5278 5
      vertex 12.7185 10.4593 5
    endloop
  endfacet
  facet normal 0 0 1
    outer loop
      vertex 13.0927 -10.6977 5
      vertex 8.96575 -0.784401 5
      vertex 12.9751 -10.6074 5
    endloop
  endfacet
  facet normal 0 0 1
    outer loop
      vertex 8.69333 2.32937 5
      vertex 12.7185 10.4593 5
      vertex 12.5814 10.4025 5
    endloop
  endfacet
  facet normal -0 0 1
    outer loop
      vertex 8.86327 -1.56283 5
      vertex 12.9751 -10.6074 5
      vertex 8.96575 -0.784401 5
    endloop
  endfacet
  facet normal 0 0 1
    outer loop
      vertex 8.45723 3.07818 5
      vertex 12.5814 10.4025 5
      vertex 12.44 10.3579 5
    endloop
  endfacet
  facet normal 0 0 1
    outer loop
      vertex 12.9751 -10.6074 5
      vertex 8.86327 -1.56283 5
      vertex 12.85 -10.5278 5
    endloop
  endfacet
  facet normal 0 0 1
    outer loop
      vertex 8.45723 3.07818 5
      vertex 12.44 10.3579 5
      vertex 12.2952 10.3258 5
    endloop
  endfacet
  facet normal 0 0 1
    outer loop
      vertex 12.85 -10.5278 5
      vertex 8.86327 -1.56283 5
      vertex 12.7185 -10.4593 5
    endloop
  endfacet
  facet normal 0 0 1
    outer loop
      vertex 8.45723 3.07818 5
      vertex 12.2952 10.3258 5
      vertex 12.1482 10.3065 5
    endloop
  endfacet
  facet normal -0 0 1
    outer loop
      vertex 8.69333 -2.32937 5
      vertex 12.7185 -10.4593 5
      vertex 8.86327 -1.56283 5
    endloop
  endfacet
  facet normal 0 0 1
    outer loop
      vertex 8.15677 3.80356 5
      vertex 12.1482 10.3065 5
      vertex 12 10.3 5
    endloop
  endfacet
  facet normal 0 0 1
    outer loop
      vertex 12.7185 -10.4593 5
      vertex 8.69333 -2.32937 5
      vertex 12.5814 -10.4025 5
    endloop
  endfacet
  facet normal 0 0 1
    outer loop
      vertex 8.15677 3.80356 5
      vertex 12 10.3 5
      vertex 11.8518 10.3065 5
    endloop
  endfacet
  facet normal -0 0 1
    outer loop
      vertex 8.45723 -3.07818 5
      vertex 12.5814 -10.4025 5
      vertex 8.69333 -2.32937 5
    endloop
  endfacet
  facet normal 0 0 1
    outer loop
      vertex 7.79423 4.5 5
      vertex 11.8518 10.3065 5
      vertex 11.7048 10.3258 5
    endloop
  endfacet
  facet normal 0 0 1
    outer loop
      vertex 12.5814 -10.4025 5
      vertex 8.45723 -3.07818 5
      vertex 12.44 -10.3579 5
    endloop
  endfacet
  facet normal 0 0 1
    outer loop
      vertex 7.79423 4.5 5
      vertex 11.7048 10.3258 5
      vertex 11.56 10.3579 5
    endloop
  endfacet
  facet normal 0 0 1
    outer loop
      vertex 12.44 -10.3579 5
      vertex 8.45723 -3.07818 5
      vertex 12.2952 -10.3258 5
    endloop
  endfacet
  facet normal 0 0 1
    outer loop
      vertex 7.37237 5.16219 5
      vertex 11.56 10.3579 5
      vertex 11.4186 10.4025 5
    endloop
  endfacet
  facet normal 0 0 1
    outer loop
      vertex 12.2952 -10.3258 5
      vertex 8.45723 -3.07818 5
      vertex 12.1482 -10.3065 5
    endloop
  endfacet
  facet normal 0 0 1
    outer loop
      vertex 7.37237 5.16219 5
      vertex 11.4186 10.4025 5
      vertex 11.2815 10.4593 5
    endloop
  endfacet
  facet normal -0 0 1
    outer loop
      vertex 8.15677 -3.80356 5
      vertex 12.1482 -10.3065 5
      vertex 8.45723 -3.07818 5
    endloop
  endfacet
  facet normal 0 0 1
    outer loop
      vertex 6.8944 5.78509 5
      vertex 11.2815 10.4593 5
      vertex 11.15 10.5278 5
    endloop
  endfacet
  facet normal 0 0 1
    outer loop
      vertex 12.1482 -10.3065 5
      vertex 8.15677 -3.80356 5
      vertex 12 -10.3 5
    endloop
  endfacet
  facet normal 0 0 1
    outer loop
      vertex 6.8944 5.78509 5
      vertex 11.15 10.5278 5
      vertex 11.0249 10.6074 5
    endloop
  endfacet
  facet normal 0 0 1
    outer loop
      vertex 12 -10.3 5
      vertex 8.15677 -3.80356 5
      vertex 11.8518 -10.3065 5
    endloop
  endfacet
  facet normal 0 0 1
    outer loop
      vertex 6.8944 5.78509 5
      vertex 11.0249 10.6074 5
      vertex 10.9073 10.6977 5
    endloop
  endfacet
  facet normal -0 0 1
    outer loop
      vertex 7.79423 -4.5 5
      vertex 11.8518 -10.3065 5
      vertex 8.15677 -3.80356 5
    endloop
  endfacet
  facet normal 0 0 1
    outer loop
      vertex 6.36396 6.36396 5
      vertex 10.9073 10.6977 5
      vertex 10.7979 10.7979 5
    endloop
  endfacet
  facet normal 0 0 1
    outer loop
      vertex 11.8518 -10.3065 5
      vertex 7.79423 -4.5 5
      vertex 11.7048 -10.3258 5
    endloop
  endfacet
  facet normal 0 0 1
    outer loop
      vertex 6.36396 6.36396 5
      vertex 10.7979 10.7979 5
      vertex 10.6977 10.9073 5
    endloop
  endfacet
  facet normal 0 0 1
    outer loop
      vertex 11.7048 -10.3258 5
      vertex 7.79423 -4.5 5
      vertex 11.56 -10.3579 5
    endloop
  endfacet
  facet normal 0 0 1
    outer loop
      vertex 5.78509 6.8944 5
      vertex 10.6977 10.9073 5
      vertex 10.6074 11.0249 5
    endloop
  endfacet
  facet normal -0 0 1
    outer loop
      vertex 7.37237 -5.16219 5
      vertex 11.56 -10.3579 5
      vertex 7.79423 -4.5 5
    endloop
  endfacet
  facet normal 0 0 1
    outer loop
      vertex 5.78509 6.8944 5
      vertex 10.6074 11.0249 5
      vertex 10.5278 11.15 5
    endloop
  endfacet
  facet normal 0 0 1
    outer loop
      vertex 11.56 -10.3579 5
      vertex 7.37237 -5.16219 5
      vertex 11.4186 -10.4025 5
    endloop
  endfacet
  facet normal 0 0 1
    outer loop
      vertex 5.78509 6.8944 5
      vertex 10.5278 11.15 5
      vertex 10.4593 11.2815 5
    endloop
  endfacet
  facet normal 0 0 1
    outer loop
      vertex 11.4186 -10.4025 5
      vertex 7.37237 -5.16219 5
      vertex 11.2815 -10.4593 5
    endloop
  endfacet
  facet normal 0 0 1
    outer loop
      vertex 5.16219 7.37237 5
      vertex 10.4593 11.2815 5
      vertex 10.4025 11.4186 5
    endloop
  endfacet
  facet normal -0 0 1
    outer loop
      vertex 6.8944 -5.78509 5
      vertex 11.2815 -10.4593 5
      vertex 7.37237 -5.16219 5
    endloop
  endfacet
  facet normal 0 0 1
    outer loop
      vertex 5.16219 7.37237 5
      vertex 10.4025 11.4186 5
      vertex 10.3579 11.56 5
    endloop
  endfacet
  facet normal 0 0 1
    outer loop
      vertex 11.2815 -10.4593 5
      vertex 6.8944 -5.78509 5
      vertex 11.15 -10.5278 5
    endloop
  endfacet
  facet normal 0 0 1
    outer loop
      vertex 4.5 7.79423 5
      vertex 10.3579 11.56 5
      vertex 10.3258 11.7048 5
    endloop
  endfacet
  facet normal 0 0 1
    outer loop
      vertex 11.15 -10.5278 5
      vertex 6.8944 -5.78509 5
      vertex 11.0249 -10.6074 5
    endloop
  endfacet
  facet normal 0 0 1
    outer loop
      vertex 4.5 7.79423 5
      vertex 10.3258 11.7048 5
      vertex 10.3065 11.8518 5
    endloop
  endfacet
  facet normal 0 0 1
    outer loop
      vertex 11.0249 -10.6074 5
      vertex 6.8944 -5.78509 5
      vertex 10.9073 -10.6977 5
    endloop
  endfacet
  facet normal 0 0 1
    outer loop
      vertex 4.5 7.79423 5
      vertex 10.3065 11.8518 5
      vertex 10.3 12 5
    endloop
  endfacet
  facet normal -0 0 1
    outer loop
      vertex 6.36396 -6.36396 5
      vertex 10.9073 -10.6977 5
      vertex 6.8944 -5.78509 5
    endloop
  endfacet
  facet normal -0 0 1
    outer loop
      vertex 13.3023 -13.0927 5
      vertex 24.3065 -16.1482 5
      vertex 13.3926 -12.9751 5
    endloop
  endfacet
  facet normal 0 0 1
    outer loop
      vertex 24.3065 -16.1482 5
      vertex 13.3023 -13.0927 5
      vertex 24.3258 -16.2952 5
    endloop
  endfacet
  facet normal -0 0 1
    outer loop
      vertex 13.2021 -13.2021 5
      vertex 24.3258 -16.2952 5
      vertex 13.3023 -13.0927 5
    endloop
  endfacet
  facet normal 0 0 1
    outer loop
      vertex 24.3258 -16.2952 5
      vertex 13.2021 -13.2021 5
      vertex 24.3579 -16.44 5
    endloop
  endfacet
  facet normal -0 0 1
    outer loop
      vertex 13.0927 -13.3023 5
      vertex 24.3579 -16.44 5
      vertex 13.2021 -13.2021 5
    endloop
  endfacet
  facet normal 0 0 1
    outer loop
      vertex 24.3579 -16.44 5
      vertex 13.0927 -13.3023 5
      vertex 24.4025 -16.5814 5
    endloop
  endfacet
  facet normal -0 0 1
    outer loop
      vertex 12.9751 -13.3926 5
      vertex 24.4025 -16.5814 5
      vertex 13.0927 -13.3023 5
    endloop
  endfacet
  facet normal 0 0 1
    outer loop
      vertex 24.4025 -16.5814 5
      vertex 12.9751 -13.3926 5
      vertex 24.4593 -16.7185 5
    endloop
  endfacet
  facet normal -0 0 1
    outer loop
      vertex 12.85 -13.4722 5
      vertex 24.4593 -16.7185 5
      vertex 12.9751 -13.3926 5
    endloop
  endfacet
  facet normal 0 0 1
    outer loop
      vertex 24.4593 -16.7185 5
      vertex 12.85 -13.4722 5
      vertex 24.5278 -16.85 5
    endloop
  endfacet
  facet normal -0 0 1
    outer loop
      vertex 12.7185 -13.5407 5
      vertex 24.5278 -16.85 5
      vertex 12.85 -13.4722 5
    endloop
  endfacet
  facet normal 0 0 1
    outer loop
      vertex 24.5278 -16.85 5
      vertex 12.7185 -13.5407 5
      vertex 24.6074 -16.9751 5
    endloop
  endfacet
  facet normal -0 0 1
    outer loop
      vertex 12.5814 -13.5975 5
      vertex 24.6074 -16.9751 5
      vertex 12.7185 -13.5407 5
    endloop
  endfacet
  facet normal 0 0 1
    outer loop
      vertex 24.6074 -16.9751 5
      vertex 12.5814 -13.5975 5
      vertex 20 -34.641 5
    endloop
  endfacet
  facet normal -0 0 1
    outer loop
      vertex 12.44 -13.6421 5
      vertex 20 -34.641 5
      vertex 12.5814 -13.5975 5
    endloop
  endfacet
  facet normal -0 0 1
    outer loop
      vertex 12.2952 -13.6742 5
      vertex 20 -34.641 5
      vertex 12.44 -13.6421 5
    endloop
  endfacet
  facet normal -0 0 1
    outer loop
      vertex 12.1482 -13.6935 5
      vertex 20 -34.641 5
      vertex 12.2952 -13.6742 5
    endloop
  endfacet
  facet normal 0 0 1
    outer loop
      vertex 20 -34.641 5
      vertex 12.1482 -13.6935 5
      vertex 16.9047 -36.2523 5
    endloop
  endfacet
  facet normal -0 0 1
    outer loop
      vertex 12 -13.7 5
      vertex 16.9047 -36.2523 5
      vertex 12.1482 -13.6935 5
    endloop
  endfacet
  facet normal 0 0 1
    outer loop
      vertex 11.8518 -13.6935 5
      vertex 16.9047 -36.2523 5
      vertex 12 -13.7 5
    endloop
  endfacet
  facet normal 0 0 1
    outer loop
      vertex 16.9047 -36.2523 5
      vertex 11.8518 -13.6935 5
      vertex 13.6808 -37.5877 5
    endloop
  endfacet
  facet normal 0 0 1
    outer loop
      vertex 11.7048 -13.6742 5
      vertex 13.6808 -37.5877 5
      vertex 11.8518 -13.6935 5
    endloop
  endfacet
  facet normal 0 0 1
    outer loop
      vertex 11.56 -13.6421 5
      vertex 13.6808 -37.5877 5
      vertex 11.7048 -13.6742 5
    endloop
  endfacet
  facet normal 0 0 1
    outer loop
      vertex 10.3528 -38.637 5
      vertex 11.56 -13.6421 5
      vertex 11.4186 -13.5975 5
    endloop
  endfacet
  facet normal 0 0 1
    outer loop
      vertex 10.3528 -38.637 5
      vertex 11.4186 -13.5975 5
      vertex 11.2815 -13.5407 5
    endloop
  endfacet
  facet normal 0 0 1
    outer loop
      vertex 6.94593 -39.3923 5
      vertex 11.2815 -13.5407 5
      vertex 11.15 -13.4722 5
    endloop
  endfacet
  facet normal 0 0 1
    outer loop
      vertex 6.94593 -39.3923 5
      vertex 11.15 -13.4722 5
      vertex 11.0249 -13.3926 5
    endloop
  endfacet
  facet normal 0 0 1
    outer loop
      vertex 3.48623 -39.8478 5
      vertex 11.0249 -13.3926 5
      vertex 10.9073 -13.3023 5
    endloop
  endfacet
  facet normal 0 0 1
    outer loop
      vertex 0 -40 5
      vertex 10.9073 -13.3023 5
      vertex 10.7979 -13.2021 5
    endloop
  endfacet
  facet normal 0 0 1
    outer loop
      vertex 0.784401 -8.96575 5
      vertex 10.7979 -13.2021 5
      vertex 10.6977 -13.0927 5
    endloop
  endfacet
  facet normal 0 0 1
    outer loop
      vertex 0.784401 -8.96575 5
      vertex 10.6977 -13.0927 5
      vertex 10.6074 -12.9751 5
    endloop
  endfacet
  facet normal 0 0 1
    outer loop
      vertex 1.56283 -8.86327 5
      vertex 10.6074 -12.9751 5
      vertex 10.5278 -12.85 5
    endloop
  endfacet
  facet normal 0 0 1
    outer loop
      vertex 1.56283 -8.86327 5
      vertex 10.5278 -12.85 5
      vertex 10.4593 -12.7185 5
    endloop
  endfacet
  facet normal 0 0 1
    outer loop
      vertex 2.32937 -8.69333 5
      vertex 10.4593 -12.7185 5
      vertex 10.4025 -12.5814 5
    endloop
  endfacet
  facet normal 0 0 1
    outer loop
      vertex 3.07818 -8.45723 5
      vertex 10.4025 -12.5814 5
      vertex 10.3579 -12.44 5
    endloop
  endfacet
  facet normal 0 0 1
    outer loop
      vertex 11.56 -13.6421 5
      vertex 10.3528 -38.637 5
      vertex 13.6808 -37.5877 5
    endloop
  endfacet
  facet normal 0 0 1
    outer loop
      vertex 3.07818 -8.45723 5
      vertex 10.3579 -12.44 5
      vertex 10.3258 -12.2952 5
    endloop
  endfacet
  facet normal 0 0 1
    outer loop
      vertex 3.07818 -8.45723 5
      vertex 10.3258 -12.2952 5
      vertex 10.3065 -12.1482 5
    endloop
  endfacet
  facet normal 0 0 1
    outer loop
      vertex 3.80356 -8.15677 5
      vertex 10.3065 -12.1482 5
      vertex 10.3 -12 5
    endloop
  endfacet
  facet normal 0 0 1
    outer loop
      vertex 10.7979 -10.7979 5
      vertex 6.36396 -6.36396 5
      vertex 10.6977 -10.9073 5
    endloop
  endfacet
  facet normal -0 0 1
    outer loop
      vertex 5.78509 -6.8944 5
      vertex 10.6977 -10.9073 5
      vertex 6.36396 -6.36396 5
    endloop
  endfacet
  facet normal 0 0 1
    outer loop
      vertex 10.6977 -10.9073 5
      vertex 5.78509 -6.8944 5
      vertex 10.6074 -11.0249 5
    endloop
  endfacet
  facet normal 0 0 1
    outer loop
      vertex 10.6074 -11.0249 5
      vertex 5.78509 -6.8944 5
      vertex 10.5278 -11.15 5
    endloop
  endfacet
  facet normal 0 0 1
    outer loop
      vertex 10.5278 -11.15 5
      vertex 5.78509 -6.8944 5
      vertex 10.4593 -11.2815 5
    endloop
  endfacet
  facet normal -0 0 1
    outer loop
      vertex 5.16219 -7.37237 5
      vertex 10.4593 -11.2815 5
      vertex 5.78509 -6.8944 5
    endloop
  endfacet
  facet normal 0 0 1
    outer loop
      vertex 10.4593 -11.2815 5
      vertex 5.16219 -7.37237 5
      vertex 10.4025 -11.4186 5
    endloop
  endfacet
  facet normal 0 0 1
    outer loop
      vertex 10.4025 -11.4186 5
      vertex 5.16219 -7.37237 5
      vertex 10.3579 -11.56 5
    endloop
  endfacet
  facet normal -0 0 1
    outer loop
      vertex 4.5 -7.79423 5
      vertex 10.3579 -11.56 5
      vertex 5.16219 -7.37237 5
    endloop
  endfacet
  facet normal 0 0 1
    outer loop
      vertex 10.3579 -11.56 5
      vertex 4.5 -7.79423 5
      vertex 10.3258 -11.7048 5
    endloop
  endfacet
  facet normal 0 0 1
    outer loop
      vertex 10.3258 -11.7048 5
      vertex 4.5 -7.79423 5
      vertex 10.3065 -11.8518 5
    endloop
  endfacet
  facet normal 0 0 1
    outer loop
      vertex 10.3065 -11.8518 5
      vertex 4.5 -7.79423 5
      vertex 10.3 -12 5
    endloop
  endfacet
  facet normal -0 0 1
    outer loop
      vertex 3.80356 -8.15677 5
      vertex 10.3 -12 5
      vertex 4.5 -7.79423 5
    endloop
  endfacet
  facet normal 0 0 1
    outer loop
      vertex 10.3065 -12.1482 5
      vertex 3.80356 -8.15677 5
      vertex 3.07818 -8.45723 5
    endloop
  endfacet
  facet normal 0 0 1
    outer loop
      vertex 10.4025 -12.5814 5
      vertex 3.07818 -8.45723 5
      vertex 2.32937 -8.69333 5
    endloop
  endfacet
  facet normal 0 0 1
    outer loop
      vertex 10.4593 -12.7185 5
      vertex 2.32937 -8.69333 5
      vertex 1.56283 -8.86327 5
    endloop
  endfacet
  facet normal 0 0 1
    outer loop
      vertex 11.2815 -13.5407 5
      vertex 6.94593 -39.3923 5
      vertex 10.3528 -38.637 5
    endloop
  endfacet
  facet normal 0 0 1
    outer loop
      vertex 10.6074 -12.9751 5
      vertex 1.56283 -8.86327 5
      vertex 0.784401 -8.96575 5
    endloop
  endfacet
  facet normal 0 0 1
    outer loop
      vertex 11.0249 -13.3926 5
      vertex 3.48623 -39.8478 5
      vertex 6.94593 -39.3923 5
    endloop
  endfacet
  facet normal 0 0 1
    outer loop
      vertex 10.7979 -13.2021 5
      vertex 0.784401 -8.96575 5
      vertex 0 -9 5
    endloop
  endfacet
  facet normal 0 0 1
    outer loop
      vertex 10.7979 -13.2021 5
      vertex 0 -9 5
      vertex 0 -40 5
    endloop
  endfacet
  facet normal 0 0 1
    outer loop
      vertex 10.9073 -13.3023 5
      vertex 0 -40 5
      vertex 3.48623 -39.8478 5
    endloop
  endfacet
  facet normal 0 0 1
    outer loop
      vertex -10.7979 -13.2021 5
      vertex 0 -9 5
      vertex -0.784401 -8.96575 5
    endloop
  endfacet
  facet normal 0 0 1
    outer loop
      vertex -10.6074 -12.9751 5
      vertex -0.784401 -8.96575 5
      vertex -1.56283 -8.86327 5
    endloop
  endfacet
  facet normal 0 0 1
    outer loop
      vertex -10.5278 -12.85 5
      vertex -1.56283 -8.86327 5
      vertex -2.32937 -8.69333 5
    endloop
  endfacet
  facet normal 0 0 1
    outer loop
      vertex -10.4025 -12.5814 5
      vertex -2.32937 -8.69333 5
      vertex -3.07818 -8.45723 5
    endloop
  endfacet
  facet normal 0 0 1
    outer loop
      vertex -0.784401 -8.96575 5
      vertex -10.6977 -13.0927 5
      vertex -10.7979 -13.2021 5
    endloop
  endfacet
  facet normal 0 0 1
    outer loop
      vertex -10.3258 -12.2952 5
      vertex -3.07818 -8.45723 5
      vertex -3.80356 -8.15677 5
    endloop
  endfacet
  facet normal 0 0 1
    outer loop
      vertex -10.3 -12 5
      vertex -3.80356 -8.15677 5
      vertex -4.5 -7.79423 5
    endloop
  endfacet
  facet normal 0 0 1
    outer loop
      vertex -10.3 -12 5
      vertex -4.5 -7.79423 5
      vertex -5.16219 -7.37237 5
    endloop
  endfacet
  facet normal 0 0 1
    outer loop
      vertex -10.3 -12 5
      vertex -5.16219 -7.37237 5
      vertex -5.78509 -6.8944 5
    endloop
  endfacet
  facet normal 0 0 1
    outer loop
      vertex -10.3 -12 5
      vertex -5.78509 -6.8944 5
      vertex -6.36396 -6.36396 5
    endloop
  endfacet
  facet normal 0 0 1
    outer loop
      vertex -10.3 -12 5
      vertex -6.36396 -6.36396 5
      vertex -6.8944 -5.78509 5
    endloop
  endfacet
  facet normal 0 0 1
    outer loop
      vertex -2.32937 -8.69333 5
      vertex -10.4025 -12.5814 5
      vertex -10.4593 -12.7185 5
    endloop
  endfacet
  facet normal 0 0 1
    outer loop
      vertex -10.3 -12 5
      vertex -6.8944 -5.78509 5
      vertex -7.37237 -5.16219 5
    endloop
  endfacet
  facet normal 0 0 1
    outer loop
      vertex -10.3 -12 5
      vertex -7.37237 -5.16219 5
      vertex -7.79423 -4.5 5
    endloop
  endfacet
  facet normal 0 0 1
    outer loop
      vertex -10.3 -12 5
      vertex -7.79423 -4.5 5
      vertex -8.15677 -3.80356 5
    endloop
  endfacet
  facet normal 0 0 1
    outer loop
      vertex -10.3 -12 5
      vertex -8.15677 -3.80356 5
      vertex -8.45723 -3.07818 5
    endloop
  endfacet
  facet normal 0 0 1
    outer loop
      vertex -10.3 -12 5
      vertex -8.45723 -3.07818 5
      vertex -8.69333 -2.32937 5
    endloop
  endfacet
  facet normal 0 0 1
    outer loop
      vertex -10.3 -12 5
      vertex -8.69333 -2.32937 5
      vertex -8.86327 -1.56283 5
    endloop
  endfacet
  facet normal 0 0 1
    outer loop
      vertex -10.3 -12 5
      vertex -8.86327 -1.56283 5
      vertex -8.96575 -0.784401 5
    endloop
  endfacet
  facet normal -0 0 1
    outer loop
      vertex -10.9073 10.6977 5
      vertex -6.36396 6.36396 5
      vertex -10.7979 10.7979 5
    endloop
  endfacet
  facet normal 0 0 1
    outer loop
      vertex -9 0 5
      vertex -10.3 -12 5
      vertex -8.96575 -0.784401 5
    endloop
  endfacet
  facet normal 0 0 1
    outer loop
      vertex -3.80356 -8.15677 5
      vertex -10.3 -12 5
      vertex -10.3065 -12.1482 5
    endloop
  endfacet
  facet normal 0 0 1
    outer loop
      vertex -3.80356 -8.15677 5
      vertex -10.3065 -12.1482 5
      vertex -10.3258 -12.2952 5
    endloop
  endfacet
  facet normal 0 0 1
    outer loop
      vertex -3.07818 -8.45723 5
      vertex -10.3258 -12.2952 5
      vertex -10.3579 -12.44 5
    endloop
  endfacet
  facet normal 0 0 1
    outer loop
      vertex -3.07818 -8.45723 5
      vertex -10.3579 -12.44 5
      vertex -10.4025 -12.5814 5
    endloop
  endfacet
  facet normal 0 0 1
    outer loop
      vertex -2.32937 -8.69333 5
      vertex -10.4593 -12.7185 5
      vertex -10.5278 -12.85 5
    endloop
  endfacet
  facet normal 0 0 1
    outer loop
      vertex -1.56283 -8.86327 5
      vertex -10.5278 -12.85 5
      vertex -10.6074 -12.9751 5
    endloop
  endfacet
  facet normal 0 0 1
    outer loop
      vertex -0.784401 -8.96575 5
      vertex -10.6074 -12.9751 5
      vertex -10.6977 -13.0927 5
    endloop
  endfacet
  facet normal 0 0 1
    outer loop
      vertex 0 -9 5
      vertex -10.7979 -13.2021 5
      vertex 0 -40 5
    endloop
  endfacet
  facet normal -0 0 1
    outer loop
      vertex -10.9073 -13.3023 5
      vertex 0 -40 5
      vertex -10.7979 -13.2021 5
    endloop
  endfacet
  facet normal 0 0 1
    outer loop
      vertex 0 -40 5
      vertex -10.9073 -13.3023 5
      vertex -3.48623 -39.8478 5
    endloop
  endfacet
  facet normal -0 0 1
    outer loop
      vertex -11.0249 -13.3926 5
      vertex -3.48623 -39.8478 5
      vertex -10.9073 -13.3023 5
    endloop
  endfacet
  facet normal 0 0 1
    outer loop
      vertex -3.48623 -39.8478 5
      vertex -11.0249 -13.3926 5
      vertex -6.94593 -39.3923 5
    endloop
  endfacet
  facet normal -0 0 1
    outer loop
      vertex -11.15 -13.4722 5
      vertex -6.94593 -39.3923 5
      vertex -11.0249 -13.3926 5
    endloop
  endfacet
  facet normal -0 0 1
    outer loop
      vertex -11.2815 -13.5407 5
      vertex -6.94593 -39.3923 5
      vertex -11.15 -13.4722 5
    endloop
  endfacet
  facet normal 0 0 1
    outer loop
      vertex -6.94593 -39.3923 5
      vertex -11.2815 -13.5407 5
      vertex -10.3528 -38.637 5
    endloop
  endfacet
  facet normal -0 0 1
    outer loop
      vertex -11.4186 -13.5975 5
      vertex -10.3528 -38.637 5
      vertex -11.2815 -13.5407 5
    endloop
  endfacet
  facet normal -0 0 1
    outer loop
      vertex -11.56 -13.6421 5
      vertex -10.3528 -38.637 5
      vertex -11.4186 -13.5975 5
    endloop
  endfacet
  facet normal 0 0 1
    outer loop
      vertex -13.6808 -37.5877 5
      vertex -11.56 -13.6421 5
      vertex -11.7048 -13.6742 5
    endloop
  endfacet
  facet normal 0 0 1
    outer loop
      vertex -13.6808 -37.5877 5
      vertex -11.7048 -13.6742 5
      vertex -11.8518 -13.6935 5
    endloop
  endfacet
  facet normal 0 0 1
    outer loop
      vertex -16.9047 -36.2523 5
      vertex -11.8518 -13.6935 5
      vertex -12 -13.7 5
    endloop
  endfacet
  facet normal 0 0 1
    outer loop
      vertex -16.9047 -36.2523 5
      vertex -12 -13.7 5
      vertex -12.1482 -13.6935 5
    endloop
  endfacet
  facet normal 0 0 1
    outer loop
      vertex -20 -34.641 5
      vertex -12.1482 -13.6935 5
      vertex -12.2952 -13.6742 5
    endloop
  endfacet
  facet normal 0 0 1
    outer loop
      vertex -20 -34.641 5
      vertex -12.2952 -13.6742 5
      vertex -12.44 -13.6421 5
    endloop
  endfacet
  facet normal 0 0 1
    outer loop
      vertex -22.9431 -32.7661 5
      vertex -12.44 -13.6421 5
      vertex -12.5814 -13.5975 5
    endloop
  endfacet
  facet normal 0 0 1
    outer loop
      vertex -24.4025 -16.5814 5
      vertex -13.0927 -13.3023 5
      vertex -24.3579 -16.44 5
    endloop
  endfacet
  facet normal 0 0 1
    outer loop
      vertex -13.2021 -13.2021 5
      vertex -24.3579 -16.44 5
      vertex -13.0927 -13.3023 5
    endloop
  endfacet
  facet normal 0 0 1
    outer loop
      vertex -24.3579 -16.44 5
      vertex -13.2021 -13.2021 5
      vertex -24.3258 -16.2952 5
    endloop
  endfacet
  facet normal 0 0 1
    outer loop
      vertex -13.3023 -13.0927 5
      vertex -24.3258 -16.2952 5
      vertex -13.2021 -13.2021 5
    endloop
  endfacet
  facet normal 0 0 1
    outer loop
      vertex -24.3258 -16.2952 5
      vertex -13.3023 -13.0927 5
      vertex -24.3065 -16.1482 5
    endloop
  endfacet
  facet normal 0 0 1
    outer loop
      vertex -13.3926 -12.9751 5
      vertex -24.3065 -16.1482 5
      vertex -13.3023 -13.0927 5
    endloop
  endfacet
  facet normal 0 0 1
    outer loop
      vertex -24.3065 -16.1482 5
      vertex -13.3926 -12.9751 5
      vertex -24.3 -16 5
    endloop
  endfacet
  facet normal 0 0 1
    outer loop
      vertex -24.3 -16 5
      vertex -13.3926 -12.9751 5
      vertex -13.4722 -12.85 5
    endloop
  endfacet
  facet normal 0 0 1
    outer loop
      vertex -24.3 -16 5
      vertex -13.4722 -12.85 5
      vertex -13.5407 -12.7185 5
    endloop
  endfacet
  facet normal 0 0 1
    outer loop
      vertex -24.3 -16 5
      vertex -13.5407 -12.7185 5
      vertex -13.5975 -12.5814 5
    endloop
  endfacet
  facet normal 0 0 1
    outer loop
      vertex -24.3 -16 5
      vertex -13.5975 -12.5814 5
      vertex -13.6421 -12.44 5
    endloop
  endfacet
  facet normal 0 0 1
    outer loop
      vertex -24.3 -16 5
      vertex -13.6421 -12.44 5
      vertex -13.6742 -12.2952 5
    endloop
  endfacet
  facet normal 0 0 1
    outer loop
      vertex -11.56 -13.6421 5
      vertex -13.6808 -37.5877 5
      vertex -10.3528 -38.637 5
    endloop
  endfacet
  facet normal 0 0 1
    outer loop
      vertex -24.3 -16 5
      vertex -13.6742 -12.2952 5
      vertex -13.6935 -12.1482 5
    endloop
  endfacet
  facet normal 0 0 1
    outer loop
      vertex -24.3 -16 5
      vertex -13.6935 -12.1482 5
      vertex -13.7 -12 5
    endloop
  endfacet
  facet normal 0 0 1
    outer loop
      vertex -13.6742 -11.7048 5
      vertex -24.3 -16 5
      vertex -13.6935 -11.8518 5
    endloop
  endfacet
  facet normal 0 0 1
    outer loop
      vertex -24.3 -16 5
      vertex -13.7 -12 5
      vertex -13.6935 -11.8518 5
    endloop
  endfacet
  facet normal 0 0 1
    outer loop
      vertex -24.4593 16.7185 5
      vertex -16.9047 36.2523 5
      vertex -20 34.641 5
    endloop
  endfacet
  facet normal 0 0 1
    outer loop
      vertex -11.8518 -13.6935 5
      vertex -16.9047 -36.2523 5
      vertex -13.6808 -37.5877 5
    endloop
  endfacet
  facet normal 0 0 1
    outer loop
      vertex -24.6074 16.9751 5
      vertex -20 34.641 5
      vertex -22.9431 32.7661 5
    endloop
  endfacet
  facet normal 0 0 1
    outer loop
      vertex -12.1482 -13.6935 5
      vertex -20 -34.641 5
      vertex -16.9047 -36.2523 5
    endloop
  endfacet
  facet normal 0 0 1
    outer loop
      vertex -12.44 -13.6421 5
      vertex -22.9431 -32.7661 5
      vertex -20 -34.641 5
    endloop
  endfacet
  facet normal 0 0 1
    outer loop
      vertex -16.9047 36.2523 5
      vertex -24.3065 16.1482 5
      vertex -24.3 16 5
    endloop
  endfacet
  facet normal 0 0 1
    outer loop
      vertex -16.9047 36.2523 5
      vertex -24.3258 16.2952 5
      vertex -24.3065 16.1482 5
    endloop
  endfacet
  facet normal 0 0 1
    outer loop
      vertex -16.9047 36.2523 5
      vertex -24.3579 16.44 5
      vertex -24.3258 16.2952 5
    endloop
  endfacet
  facet normal 0 0 1
    outer loop
      vertex -16.9047 36.2523 5
      vertex -24.4025 16.5814 5
      vertex -24.3579 16.44 5
    endloop
  endfacet
  facet normal 0 0 1
    outer loop
      vertex -16.9047 36.2523 5
      vertex -24.4593 16.7185 5
      vertex -24.4025 16.5814 5
    endloop
  endfacet
  facet normal 0 0 1
    outer loop
      vertex -20 34.641 5
      vertex -24.5278 16.85 5
      vertex -24.4593 16.7185 5
    endloop
  endfacet
  facet normal 0 0 1
    outer loop
      vertex -20 34.641 5
      vertex -24.6074 16.9751 5
      vertex -24.5278 16.85 5
    endloop
  endfacet
  facet normal 0 0 1
    outer loop
      vertex -22.9431 32.7661 5
      vertex -24.6977 17.0927 5
      vertex -24.6074 16.9751 5
    endloop
  endfacet
  facet normal 0 0 1
    outer loop
      vertex -22.9431 32.7661 5
      vertex -24.7979 17.2021 5
      vertex -24.6977 17.0927 5
    endloop
  endfacet
  facet normal 0 0 1
    outer loop
      vertex -22.9431 32.7661 5
      vertex -24.9073 17.3023 5
      vertex -24.7979 17.2021 5
    endloop
  endfacet
  facet normal -0 0 1
    outer loop
      vertex -25.7115 30.6418 5
      vertex -24.9073 17.3023 5
      vertex -22.9431 32.7661 5
    endloop
  endfacet
  facet normal 0 0 1
    outer loop
      vertex -24.9073 17.3023 5
      vertex -25.7115 30.6418 5
      vertex -25.0249 17.3926 5
    endloop
  endfacet
  facet normal 0 0 1
    outer loop
      vertex -25.0249 17.3926 5
      vertex -25.7115 30.6418 5
      vertex -25.15 17.4722 5
    endloop
  endfacet
  facet normal 0 0 1
    outer loop
      vertex -25.15 17.4722 5
      vertex -25.7115 30.6418 5
      vertex -25.2815 17.5407 5
    endloop
  endfacet
  facet normal -0 0 1
    outer loop
      vertex -28.2843 28.2843 5
      vertex -25.2815 17.5407 5
      vertex -25.7115 30.6418 5
    endloop
  endfacet
  facet normal 0 0 1
    outer loop
      vertex -25.2815 17.5407 5
      vertex -28.2843 28.2843 5
      vertex -25.4186 17.5975 5
    endloop
  endfacet
  facet normal 0 0 1
    outer loop
      vertex -25.4186 17.5975 5
      vertex -28.2843 28.2843 5
      vertex -25.56 17.6421 5
    endloop
  endfacet
  facet normal 0 0 1
    outer loop
      vertex -25.56 17.6421 5
      vertex -28.2843 28.2843 5
      vertex -25.7048 17.6742 5
    endloop
  endfacet
  facet normal 0 0 1
    outer loop
      vertex -25.7048 17.6742 5
      vertex -28.2843 28.2843 5
      vertex -25.8518 17.6935 5
    endloop
  endfacet
  facet normal -0 0 1
    outer loop
      vertex -30.6418 25.7115 5
      vertex -25.8518 17.6935 5
      vertex -28.2843 28.2843 5
    endloop
  endfacet
  facet normal 0 0 1
    outer loop
      vertex -25.8518 17.6935 5
      vertex -30.6418 25.7115 5
      vertex -26 17.7 5
    endloop
  endfacet
  facet normal 0 0 1
    outer loop
      vertex -26 17.7 5
      vertex -30.6418 25.7115 5
      vertex -26.1482 17.6935 5
    endloop
  endfacet
  facet normal 0 0 1
    outer loop
      vertex -26.1482 17.6935 5
      vertex -30.6418 25.7115 5
      vertex -26.2952 17.6742 5
    endloop
  endfacet
  facet normal 0 0 1
    outer loop
      vertex -26.2952 17.6742 5
      vertex -30.6418 25.7115 5
      vertex -26.44 17.6421 5
    endloop
  endfacet
  facet normal 0 0 1
    outer loop
      vertex -26.44 17.6421 5
      vertex -30.6418 25.7115 5
      vertex -26.5814 17.5975 5
    endloop
  endfacet
  facet normal 0 0 1
    outer loop
      vertex -26.5814 17.5975 5
      vertex -30.6418 25.7115 5
      vertex -26.7185 17.5407 5
    endloop
  endfacet
  facet normal -0 0 1
    outer loop
      vertex -32.7661 22.9431 5
      vertex -26.7185 17.5407 5
      vertex -30.6418 25.7115 5
    endloop
  endfacet
  facet normal 0 0 1
    outer loop
      vertex -26.7185 17.5407 5
      vertex -32.7661 22.9431 5
      vertex -26.85 17.4722 5
    endloop
  endfacet
  facet normal 0 0 1
    outer loop
      vertex -26.85 17.4722 5
      vertex -32.7661 22.9431 5
      vertex -26.9751 17.3926 5
    endloop
  endfacet
  facet normal 0 0 1
    outer loop
      vertex -26.9751 17.3926 5
      vertex -32.7661 22.9431 5
      vertex -27.0927 17.3023 5
    endloop
  endfacet
  facet normal 0 0 1
    outer loop
      vertex -27.0927 17.3023 5
      vertex -32.7661 22.9431 5
      vertex -27.2021 17.2021 5
    endloop
  endfacet
  facet normal 0 0 1
    outer loop
      vertex -27.2021 17.2021 5
      vertex -32.7661 22.9431 5
      vertex -27.3023 17.0927 5
    endloop
  endfacet
  facet normal 0 0 1
    outer loop
      vertex -27.3023 17.0927 5
      vertex -32.7661 22.9431 5
      vertex -27.3926 16.9751 5
    endloop
  endfacet
  facet normal -0 0 1
    outer loop
      vertex -34.641 20 5
      vertex -27.3926 16.9751 5
      vertex -32.7661 22.9431 5
    endloop
  endfacet
  facet normal 0 0 1
    outer loop
      vertex -27.3926 16.9751 5
      vertex -34.641 20 5
      vertex -27.4722 16.85 5
    endloop
  endfacet
  facet normal 0 0 1
    outer loop
      vertex -27.6421 16.44 5
      vertex -34.641 20 5
      vertex -27.6742 16.2952 5
    endloop
  endfacet
  facet normal 0 0 1
    outer loop
      vertex -27.5975 16.5814 5
      vertex -34.641 20 5
      vertex -27.6421 16.44 5
    endloop
  endfacet
  facet normal 0 0 1
    outer loop
      vertex -27.5407 16.7185 5
      vertex -34.641 20 5
      vertex -27.5975 16.5814 5
    endloop
  endfacet
  facet normal 0 0 1
    outer loop
      vertex -27.4722 16.85 5
      vertex -34.641 20 5
      vertex -27.5407 16.7185 5
    endloop
  endfacet
  facet normal -0 0 1
    outer loop
      vertex 27.4722 15.15 5
      vertex 37.5877 13.6808 5
      vertex 27.5407 15.2815 5
    endloop
  endfacet
  facet normal 0 0 1
    outer loop
      vertex 40 0 5
      vertex 27.6935 -15.8518 5
      vertex 27.7 -16 5
    endloop
  endfacet
  facet normal -0 0 1
    outer loop
      vertex 27.3926 15.0249 5
      vertex 37.5877 13.6808 5
      vertex 27.4722 15.15 5
    endloop
  endfacet
  facet normal 0 0 1
    outer loop
      vertex 40 0 5
      vertex 27.6742 -15.7048 5
      vertex 27.6935 -15.8518 5
    endloop
  endfacet
  facet normal -0 0 1
    outer loop
      vertex 27.3023 14.9073 5
      vertex 37.5877 13.6808 5
      vertex 27.3926 15.0249 5
    endloop
  endfacet
  facet normal 0 0 1
    outer loop
      vertex 40 0 5
      vertex 27.6421 -15.56 5
      vertex 27.6742 -15.7048 5
    endloop
  endfacet
  facet normal -0 0 1
    outer loop
      vertex 27.2021 14.7979 5
      vertex 37.5877 13.6808 5
      vertex 27.3023 14.9073 5
    endloop
  endfacet
  facet normal 0 0 1
    outer loop
      vertex 40 0 5
      vertex 27.5975 -15.4186 5
      vertex 27.6421 -15.56 5
    endloop
  endfacet
  facet normal 0 0 1
    outer loop
      vertex 37.5877 13.6808 5
      vertex 27.2021 14.7979 5
      vertex 38.637 10.3528 5
    endloop
  endfacet
  facet normal 0 0 1
    outer loop
      vertex 40 0 5
      vertex 27.5407 -15.2815 5
      vertex 27.5975 -15.4186 5
    endloop
  endfacet
  facet normal -0 0 1
    outer loop
      vertex 27.0927 14.6977 5
      vertex 38.637 10.3528 5
      vertex 27.2021 14.7979 5
    endloop
  endfacet
  facet normal 0 0 1
    outer loop
      vertex 40 0 5
      vertex 27.4722 -15.15 5
      vertex 27.5407 -15.2815 5
    endloop
  endfacet
  facet normal -0 0 1
    outer loop
      vertex 26.9751 14.6074 5
      vertex 38.637 10.3528 5
      vertex 27.0927 14.6977 5
    endloop
  endfacet
  facet normal 0 0 1
    outer loop
      vertex 40 0 5
      vertex 27.3926 -15.0249 5
      vertex 27.4722 -15.15 5
    endloop
  endfacet
  facet normal -0 0 1
    outer loop
      vertex 26.85 14.5278 5
      vertex 38.637 10.3528 5
      vertex 26.9751 14.6074 5
    endloop
  endfacet
  facet normal 0 0 1
    outer loop
      vertex 40 0 5
      vertex 27.3023 -14.9073 5
      vertex 27.3926 -15.0249 5
    endloop
  endfacet
  facet normal 0 0 1
    outer loop
      vertex 38.637 10.3528 5
      vertex 26.85 14.5278 5
      vertex 39.3923 6.94593 5
    endloop
  endfacet
  facet normal 0 0 1
    outer loop
      vertex 40 0 5
      vertex 27.2021 -14.7979 5
      vertex 27.3023 -14.9073 5
    endloop
  endfacet
  facet normal -0 0 1
    outer loop
      vertex 26.7185 14.4593 5
      vertex 39.3923 6.94593 5
      vertex 26.85 14.5278 5
    endloop
  endfacet
  facet normal 0 0 1
    outer loop
      vertex 40 0 5
      vertex 27.0927 -14.6977 5
      vertex 27.2021 -14.7979 5
    endloop
  endfacet
  facet normal -0 0 1
    outer loop
      vertex 26.5814 14.4025 5
      vertex 39.3923 6.94593 5
      vertex 26.7185 14.4593 5
    endloop
  endfacet
  facet normal 0 0 1
    outer loop
      vertex 40 0 5
      vertex 26.9751 -14.6074 5
      vertex 27.0927 -14.6977 5
    endloop
  endfacet
  facet normal -0 0 1
    outer loop
      vertex 26.44 14.3579 5
      vertex 39.3923 6.94593 5
      vertex 26.5814 14.4025 5
    endloop
  endfacet
  facet normal 0 0 1
    outer loop
      vertex 40 0 5
      vertex 26.85 -14.5278 5
      vertex 26.9751 -14.6074 5
    endloop
  endfacet
  facet normal 0 0 1
    outer loop
      vertex 39.3923 6.94593 5
      vertex 26.44 14.3579 5
      vertex 39.8478 3.48623 5
    endloop
  endfacet
  facet normal 0 0 1
    outer loop
      vertex 40 0 5
      vertex 26.7185 -14.4593 5
      vertex 26.85 -14.5278 5
    endloop
  endfacet
  facet normal -0 0 1
    outer loop
      vertex 26.2952 14.3258 5
      vertex 39.8478 3.48623 5
      vertex 26.44 14.3579 5
    endloop
  endfacet
  facet normal 0 0 1
    outer loop
      vertex 40 0 5
      vertex 26.5814 -14.4025 5
      vertex 26.7185 -14.4593 5
    endloop
  endfacet
  facet normal -0 0 1
    outer loop
      vertex 26.1482 14.3065 5
      vertex 39.8478 3.48623 5
      vertex 26.2952 14.3258 5
    endloop
  endfacet
  facet normal 0 0 1
    outer loop
      vertex 40 0 5
      vertex 26.44 -14.3579 5
      vertex 26.5814 -14.4025 5
    endloop
  endfacet
  facet normal 0 0 1
    outer loop
      vertex 39.8478 3.48623 5
      vertex 26.1482 14.3065 5
      vertex 40 0 5
    endloop
  endfacet
  facet normal 0 0 1
    outer loop
      vertex 40 0 5
      vertex 26.2952 -14.3258 5
      vertex 26.44 -14.3579 5
    endloop
  endfacet
  facet normal -0 0 1
    outer loop
      vertex 26 14.3 5
      vertex 40 0 5
      vertex 26.1482 14.3065 5
    endloop
  endfacet
  facet normal 0 0 1
    outer loop
      vertex 40 0 5
      vertex 26.1482 -14.3065 5
      vertex 26.2952 -14.3258 5
    endloop
  endfacet
  facet normal 0 0 1
    outer loop
      vertex 26 -14.3 5
      vertex 40 0 5
      vertex 26 14.3 5
    endloop
  endfacet
  facet normal 0 0 1
    outer loop
      vertex 40 0 5
      vertex 26 -14.3 5
      vertex 26.1482 -14.3065 5
    endloop
  endfacet
  facet normal 0 0 1
    outer loop
      vertex 25.8518 14.3065 5
      vertex 26 -14.3 5
      vertex 26 14.3 5
    endloop
  endfacet
  facet normal 0 0 1
    outer loop
      vertex 25.8518 14.3065 5
      vertex 25.8518 -14.3065 5
      vertex 26 -14.3 5
    endloop
  endfacet
  facet normal 0 0 1
    outer loop
      vertex 25.7048 14.3258 5
      vertex 25.8518 -14.3065 5
      vertex 25.8518 14.3065 5
    endloop
  endfacet
  facet normal 0 0 1
    outer loop
      vertex 25.7048 14.3258 5
      vertex 25.7048 -14.3258 5
      vertex 25.8518 -14.3065 5
    endloop
  endfacet
  facet normal 0 0 1
    outer loop
      vertex 25.56 14.3579 5
      vertex 25.7048 -14.3258 5
      vertex 25.7048 14.3258 5
    endloop
  endfacet
  facet normal 0 0 1
    outer loop
      vertex 25.56 14.3579 5
      vertex 25.56 -14.3579 5
      vertex 25.7048 -14.3258 5
    endloop
  endfacet
  facet normal 0 0 1
    outer loop
      vertex 24.9073 14.6977 5
      vertex 13.5975 11.4186 5
      vertex 25.0249 14.6074 5
    endloop
  endfacet
  facet normal 0 0 1
    outer loop
      vertex 13.5407 11.2815 5
      vertex 25.0249 14.6074 5
      vertex 13.5975 11.4186 5
    endloop
  endfacet
  facet normal 0 0 1
    outer loop
      vertex 13.5975 11.4186 5
      vertex 24.9073 14.6977 5
      vertex 13.6421 11.56 5
    endloop
  endfacet
  facet normal 0 0 1
    outer loop
      vertex 25.0249 14.6074 5
      vertex 13.5407 11.2815 5
      vertex 25.15 14.5278 5
    endloop
  endfacet
  facet normal 0 0 1
    outer loop
      vertex 24.7979 14.7979 5
      vertex 13.6421 11.56 5
      vertex 24.9073 14.6977 5
    endloop
  endfacet
  facet normal 0 0 1
    outer loop
      vertex 25.56 -14.3579 5
      vertex 13.7 -12 5
      vertex 25.4186 -14.4025 5
    endloop
  endfacet
  facet normal 0 0 1
    outer loop
      vertex 13.6421 11.56 5
      vertex 24.7979 14.7979 5
      vertex 13.6742 11.7048 5
    endloop
  endfacet
  facet normal 0 0 1
    outer loop
      vertex 25.4186 -14.4025 5
      vertex 13.7 -12 5
      vertex 25.2815 -14.4593 5
    endloop
  endfacet
  facet normal 0 0 1
    outer loop
      vertex 24.6977 14.9073 5
      vertex 13.6742 11.7048 5
      vertex 24.7979 14.7979 5
    endloop
  endfacet
  facet normal 0 0 1
    outer loop
      vertex 25.2815 -14.4593 5
      vertex 13.7 -12 5
      vertex 25.15 -14.5278 5
    endloop
  endfacet
  facet normal 0 0 1
    outer loop
      vertex 13.6742 11.7048 5
      vertex 24.6977 14.9073 5
      vertex 13.6935 11.8518 5
    endloop
  endfacet
  facet normal 0 0 1
    outer loop
      vertex 25.15 -14.5278 5
      vertex 13.7 -12 5
      vertex 25.0249 -14.6074 5
    endloop
  endfacet
  facet normal 0 0 1
    outer loop
      vertex 24.6074 15.0249 5
      vertex 13.6935 11.8518 5
      vertex 24.6977 14.9073 5
    endloop
  endfacet
  facet normal 0 0 1
    outer loop
      vertex 25.0249 -14.6074 5
      vertex 13.7 -12 5
      vertex 24.9073 -14.6977 5
    endloop
  endfacet
  facet normal 0 0 1
    outer loop
      vertex 13.6935 11.8518 5
      vertex 24.6074 15.0249 5
      vertex 13.7 12 5
    endloop
  endfacet
  facet normal 0 0 1
    outer loop
      vertex 24.9073 -14.6977 5
      vertex 13.7 -12 5
      vertex 24.7979 -14.7979 5
    endloop
  endfacet
  facet normal 0 0 1
    outer loop
      vertex 13.7 12 5
      vertex 24.6074 15.0249 5
      vertex 24.5278 15.15 5
    endloop
  endfacet
  facet normal 0 0 1
    outer loop
      vertex 24.7979 -14.7979 5
      vertex 13.7 -12 5
      vertex 24.6977 -14.9073 5
    endloop
  endfacet
  facet normal 0 0 1
    outer loop
      vertex 13.6935 12.1482 5
      vertex 24.5278 15.15 5
      vertex 24.4593 15.2815 5
    endloop
  endfacet
  facet normal 0 0 1
    outer loop
      vertex 24.6977 -14.9073 5
      vertex 13.7 -12 5
      vertex 24.6074 -15.0249 5
    endloop
  endfacet
  facet normal 0 0 1
    outer loop
      vertex 13.6742 12.2952 5
      vertex 24.4593 15.2815 5
      vertex 24.4025 15.4186 5
    endloop
  endfacet
  facet normal 0 0 1
    outer loop
      vertex 24.6074 -15.0249 5
      vertex 13.7 -12 5
      vertex 24.5278 -15.15 5
    endloop
  endfacet
  facet normal 0 0 1
    outer loop
      vertex 13.6421 12.44 5
      vertex 24.4025 15.4186 5
      vertex 24.3579 15.56 5
    endloop
  endfacet
  facet normal -0 0 1
    outer loop
      vertex 13.6935 -12.1482 5
      vertex 24.5278 -15.15 5
      vertex 13.7 -12 5
    endloop
  endfacet
  facet normal 0 0 1
    outer loop
      vertex 13.5975 12.5814 5
      vertex 24.3579 15.56 5
      vertex 24.3258 15.7048 5
    endloop
  endfacet
  facet normal 0 0 1
    outer loop
      vertex 24.5278 -15.15 5
      vertex 13.6935 -12.1482 5
      vertex 24.4593 -15.2815 5
    endloop
  endfacet
  facet normal 0 0 1
    outer loop
      vertex 13.5407 12.7185 5
      vertex 24.3258 15.7048 5
      vertex 24.3065 15.8518 5
    endloop
  endfacet
  facet normal -0 0 1
    outer loop
      vertex 13.6742 -12.2952 5
      vertex 24.4593 -15.2815 5
      vertex 13.6935 -12.1482 5
    endloop
  endfacet
  facet normal 0 0 1
    outer loop
      vertex 13.4722 12.85 5
      vertex 24.3065 15.8518 5
      vertex 24.3 16 5
    endloop
  endfacet
  facet normal 0 0 1
    outer loop
      vertex 24.4593 -15.2815 5
      vertex 13.6742 -12.2952 5
      vertex 24.4025 -15.4186 5
    endloop
  endfacet
  facet normal 0 0 1
    outer loop
      vertex 36.2523 16.9047 5
      vertex 27.5975 15.4186 5
      vertex 37.5877 13.6808 5
    endloop
  endfacet
  facet normal 0 0 1
    outer loop
      vertex 27.5975 15.4186 5
      vertex 36.2523 16.9047 5
      vertex 27.6421 15.56 5
    endloop
  endfacet
  facet normal -0 0 1
    outer loop
      vertex 27.5407 15.2815 5
      vertex 37.5877 13.6808 5
      vertex 27.5975 15.4186 5
    endloop
  endfacet
  facet normal 0 0 1
    outer loop
      vertex 27.6421 15.56 5
      vertex 36.2523 16.9047 5
      vertex 27.6742 15.7048 5
    endloop
  endfacet
  facet normal 0 0 1
    outer loop
      vertex 40 0 5
      vertex 27.7 -16 5
      vertex 39.8478 -3.48623 5
    endloop
  endfacet
  facet normal 0 0 1
    outer loop
      vertex 27.6742 15.7048 5
      vertex 36.2523 16.9047 5
      vertex 27.6935 15.8518 5
    endloop
  endfacet
  facet normal 0 0 1
    outer loop
      vertex 39.8478 -3.48623 5
      vertex 27.7 -16 5
      vertex 39.3923 -6.94593 5
    endloop
  endfacet
  facet normal 0 0 1
    outer loop
      vertex 27.6935 15.8518 5
      vertex 36.2523 16.9047 5
      vertex 27.7 16 5
    endloop
  endfacet
  facet normal 0 0 1
    outer loop
      vertex 39.3923 -6.94593 5
      vertex 27.7 -16 5
      vertex 38.637 -10.3528 5
    endloop
  endfacet
  facet normal 0 0 1
    outer loop
      vertex 27.6935 16.1482 5
      vertex 36.2523 16.9047 5
      vertex 34.641 20 5
    endloop
  endfacet
  facet normal 0 0 1
    outer loop
      vertex 38.637 -10.3528 5
      vertex 27.7 -16 5
      vertex 37.5877 -13.6808 5
    endloop
  endfacet
  facet normal 0 0 1
    outer loop
      vertex 27.3926 16.9751 5
      vertex 34.641 20 5
      vertex 32.7661 22.9431 5
    endloop
  endfacet
  facet normal 0 0 1
    outer loop
      vertex 37.5877 -13.6808 5
      vertex 27.7 -16 5
      vertex 36.2523 -16.9047 5
    endloop
  endfacet
  facet normal 0 0 1
    outer loop
      vertex 26.7185 17.5407 5
      vertex 32.7661 22.9431 5
      vertex 30.6418 25.7115 5
    endloop
  endfacet
  facet normal -0 0 1
    outer loop
      vertex 27.6935 -16.1482 5
      vertex 36.2523 -16.9047 5
      vertex 27.7 -16 5
    endloop
  endfacet
  facet normal 0 0 1
    outer loop
      vertex 25.8518 17.6935 5
      vertex 30.6418 25.7115 5
      vertex 28.2843 28.2843 5
    endloop
  endfacet
  facet normal 0 0 1
    outer loop
      vertex 36.2523 -16.9047 5
      vertex 27.6935 -16.1482 5
      vertex 34.641 -20 5
    endloop
  endfacet
  facet normal -0 0 1
    outer loop
      vertex 27.6742 -16.2952 5
      vertex 34.641 -20 5
      vertex 27.6935 -16.1482 5
    endloop
  endfacet
  facet normal 0 0 1
    outer loop
      vertex 36.2523 16.9047 5
      vertex 27.6935 16.1482 5
      vertex 27.7 16 5
    endloop
  endfacet
  facet normal 0 0 1
    outer loop
      vertex 34.641 20 5
      vertex 27.6742 16.2952 5
      vertex 27.6935 16.1482 5
    endloop
  endfacet
  facet normal 0 0 1
    outer loop
      vertex 34.641 20 5
      vertex 27.6421 16.44 5
      vertex 27.6742 16.2952 5
    endloop
  endfacet
  facet normal 0 0 1
    outer loop
      vertex 34.641 20 5
      vertex 27.5975 16.5814 5
      vertex 27.6421 16.44 5
    endloop
  endfacet
  facet normal 0 0 1
    outer loop
      vertex 34.641 20 5
      vertex 27.5407 16.7185 5
      vertex 27.5975 16.5814 5
    endloop
  endfacet
  facet normal 0 0 1
    outer loop
      vertex 34.641 20 5
      vertex 27.4722 16.85 5
      vertex 27.5407 16.7185 5
    endloop
  endfacet
  facet normal 0 0 1
    outer loop
      vertex 34.641 20 5
      vertex 27.3926 16.9751 5
      vertex 27.4722 16.85 5
    endloop
  endfacet
  facet normal 0 0 1
    outer loop
      vertex 32.7661 22.9431 5
      vertex 27.3023 17.0927 5
      vertex 27.3926 16.9751 5
    endloop
  endfacet
  facet normal 0 0 1
    outer loop
      vertex 32.7661 22.9431 5
      vertex 27.2021 17.2021 5
      vertex 27.3023 17.0927 5
    endloop
  endfacet
  facet normal 0 0 1
    outer loop
      vertex 32.7661 22.9431 5
      vertex 27.0927 17.3023 5
      vertex 27.2021 17.2021 5
    endloop
  endfacet
  facet normal 0 0 1
    outer loop
      vertex 32.7661 22.9431 5
      vertex 26.9751 17.3926 5
      vertex 27.0927 17.3023 5
    endloop
  endfacet
  facet normal 0 0 1
    outer loop
      vertex 32.7661 22.9431 5
      vertex 26.85 17.4722 5
      vertex 26.9751 17.3926 5
    endloop
  endfacet
  facet normal 0 0 1
    outer loop
      vertex 32.7661 22.9431 5
      vertex 26.7185 17.5407 5
      vertex 26.85 17.4722 5
    endloop
  endfacet
  facet normal 0 0 1
    outer loop
      vertex 30.6418 25.7115 5
      vertex 26.5814 17.5975 5
      vertex 26.7185 17.5407 5
    endloop
  endfacet
  facet normal 0 0 1
    outer loop
      vertex 30.6418 25.7115 5
      vertex 26.44 17.6421 5
      vertex 26.5814 17.5975 5
    endloop
  endfacet
  facet normal 0 0 1
    outer loop
      vertex 30.6418 25.7115 5
      vertex 26.2952 17.6742 5
      vertex 26.44 17.6421 5
    endloop
  endfacet
  facet normal 0 0 1
    outer loop
      vertex 30.6418 25.7115 5
      vertex 26.1482 17.6935 5
      vertex 26.2952 17.6742 5
    endloop
  endfacet
  facet normal 0 0 1
    outer loop
      vertex 30.6418 25.7115 5
      vertex 26 17.7 5
      vertex 26.1482 17.6935 5
    endloop
  endfacet
  facet normal 0 0 1
    outer loop
      vertex 30.6418 25.7115 5
      vertex 25.8518 17.6935 5
      vertex 26 17.7 5
    endloop
  endfacet
  facet normal 0 0 1
    outer loop
      vertex 25.2815 17.5407 5
      vertex 28.2843 28.2843 5
      vertex 25.7115 30.6418 5
    endloop
  endfacet
  facet normal 0 0 1
    outer loop
      vertex 28.2843 28.2843 5
      vertex 25.7048 17.6742 5
      vertex 25.8518 17.6935 5
    endloop
  endfacet
  facet normal 0 0 1
    outer loop
      vertex 28.2843 28.2843 5
      vertex 25.56 17.6421 5
      vertex 25.7048 17.6742 5
    endloop
  endfacet
  facet normal 0 0 1
    outer loop
      vertex 28.2843 28.2843 5
      vertex 25.4186 17.5975 5
      vertex 25.56 17.6421 5
    endloop
  endfacet
  facet normal 0 0 1
    outer loop
      vertex 28.2843 28.2843 5
      vertex 25.2815 17.5407 5
      vertex 25.4186 17.5975 5
    endloop
  endfacet
  facet normal 0 0 1
    outer loop
      vertex 25.7115 30.6418 5
      vertex 25.15 17.4722 5
      vertex 25.2815 17.5407 5
    endloop
  endfacet
  facet normal 0 0 1
    outer loop
      vertex 25.7115 30.6418 5
      vertex 25.0249 17.3926 5
      vertex 25.15 17.4722 5
    endloop
  endfacet
  facet normal 0 0 1
    outer loop
      vertex 25.7115 30.6418 5
      vertex 24.9073 17.3023 5
      vertex 25.0249 17.3926 5
    endloop
  endfacet
  facet normal 0 0 1
    outer loop
      vertex 22.9431 32.7661 5
      vertex 24.9073 17.3023 5
      vertex 25.7115 30.6418 5
    endloop
  endfacet
  facet normal 0 0 1
    outer loop
      vertex 24.9073 17.3023 5
      vertex 22.9431 32.7661 5
      vertex 24.7979 17.2021 5
    endloop
  endfacet
  facet normal 0 0 1
    outer loop
      vertex 24.7979 17.2021 5
      vertex 22.9431 32.7661 5
      vertex 24.6977 17.0927 5
    endloop
  endfacet
  facet normal 0 0 1
    outer loop
      vertex 12.5814 13.5975 5
      vertex 24.6977 17.0927 5
      vertex 22.9431 32.7661 5
    endloop
  endfacet
  facet normal 0 0 1
    outer loop
      vertex 24.6977 17.0927 5
      vertex 12.5814 13.5975 5
      vertex 24.6074 16.9751 5
    endloop
  endfacet
  facet normal 0 -0 1
    outer loop
      vertex 12.7185 13.5407 5
      vertex 24.6074 16.9751 5
      vertex 12.5814 13.5975 5
    endloop
  endfacet
  facet normal 0 0 1
    outer loop
      vertex 24.6074 16.9751 5
      vertex 12.7185 13.5407 5
      vertex 24.5278 16.85 5
    endloop
  endfacet
  facet normal 0 -0 1
    outer loop
      vertex 12.85 13.4722 5
      vertex 24.5278 16.85 5
      vertex 12.7185 13.5407 5
    endloop
  endfacet
  facet normal 0 0 1
    outer loop
      vertex 24.5278 16.85 5
      vertex 12.85 13.4722 5
      vertex 24.4593 16.7185 5
    endloop
  endfacet
  facet normal 0 -0 1
    outer loop
      vertex 13.0927 13.3023 5
      vertex 24.4025 16.5814 5
      vertex 12.9751 13.3926 5
    endloop
  endfacet
  facet normal 0 0 1
    outer loop
      vertex 24.4593 16.7185 5
      vertex 12.9751 13.3926 5
      vertex 24.4025 16.5814 5
    endloop
  endfacet
  facet normal 0 -0 1
    outer loop
      vertex 12.9751 13.3926 5
      vertex 24.4593 16.7185 5
      vertex 12.85 13.4722 5
    endloop
  endfacet
  facet normal -0 0 1
    outer loop
      vertex 27.6421 -16.44 5
      vertex 34.641 -20 5
      vertex 27.6742 -16.2952 5
    endloop
  endfacet
  facet normal -0 0 1
    outer loop
      vertex 27.5975 -16.5814 5
      vertex 34.641 -20 5
      vertex 27.6421 -16.44 5
    endloop
  endfacet
  facet normal -0 0 1
    outer loop
      vertex 27.5407 -16.7185 5
      vertex 34.641 -20 5
      vertex 27.5975 -16.5814 5
    endloop
  endfacet
  facet normal -0 0 1
    outer loop
      vertex 27.4722 -16.85 5
      vertex 34.641 -20 5
      vertex 27.5407 -16.7185 5
    endloop
  endfacet
  facet normal -0 0 1
    outer loop
      vertex 27.3926 -16.9751 5
      vertex 34.641 -20 5
      vertex 27.4722 -16.85 5
    endloop
  endfacet
  facet normal 0 0 1
    outer loop
      vertex 34.641 -20 5
      vertex 27.3926 -16.9751 5
      vertex 32.7661 -22.9431 5
    endloop
  endfacet
  facet normal -0 0 1
    outer loop
      vertex 27.3023 -17.0927 5
      vertex 32.7661 -22.9431 5
      vertex 27.3926 -16.9751 5
    endloop
  endfacet
  facet normal -0 0 1
    outer loop
      vertex 27.2021 -17.2021 5
      vertex 32.7661 -22.9431 5
      vertex 27.3023 -17.0927 5
    endloop
  endfacet
  facet normal -0 0 1
    outer loop
      vertex 27.0927 -17.3023 5
      vertex 32.7661 -22.9431 5
      vertex 27.2021 -17.2021 5
    endloop
  endfacet
  facet normal -0 0 1
    outer loop
      vertex 26.9751 -17.3926 5
      vertex 32.7661 -22.9431 5
      vertex 27.0927 -17.3023 5
    endloop
  endfacet
  facet normal -0 0 1
    outer loop
      vertex 26.85 -17.4722 5
      vertex 32.7661 -22.9431 5
      vertex 26.9751 -17.3926 5
    endloop
  endfacet
  facet normal -0 0 1
    outer loop
      vertex 26.7185 -17.5407 5
      vertex 32.7661 -22.9431 5
      vertex 26.85 -17.4722 5
    endloop
  endfacet
  facet normal 0 0 1
    outer loop
      vertex 32.7661 -22.9431 5
      vertex 26.7185 -17.5407 5
      vertex 30.6418 -25.7115 5
    endloop
  endfacet
  facet normal -0 0 1
    outer loop
      vertex 26.5814 -17.5975 5
      vertex 30.6418 -25.7115 5
      vertex 26.7185 -17.5407 5
    endloop
  endfacet
  facet normal -0 0 1
    outer loop
      vertex 26.44 -17.6421 5
      vertex 30.6418 -25.7115 5
      vertex 26.5814 -17.5975 5
    endloop
  endfacet
  facet normal -0 0 1
    outer loop
      vertex 26.2952 -17.6742 5
      vertex 30.6418 -25.7115 5
      vertex 26.44 -17.6421 5
    endloop
  endfacet
  facet normal -0 0 1
    outer loop
      vertex 26.1482 -17.6935 5
      vertex 30.6418 -25.7115 5
      vertex 26.2952 -17.6742 5
    endloop
  endfacet
  facet normal -0 0 1
    outer loop
      vertex 26 -17.7 5
      vertex 30.6418 -25.7115 5
      vertex 26.1482 -17.6935 5
    endloop
  endfacet
  facet normal 0 0 1
    outer loop
      vertex 25.8518 -17.6935 5
      vertex 30.6418 -25.7115 5
      vertex 26 -17.7 5
    endloop
  endfacet
  facet normal 0 0 1
    outer loop
      vertex 30.6418 -25.7115 5
      vertex 25.8518 -17.6935 5
      vertex 28.2843 -28.2843 5
    endloop
  endfacet
  facet normal 0 0 1
    outer loop
      vertex 25.7048 -17.6742 5
      vertex 28.2843 -28.2843 5
      vertex 25.8518 -17.6935 5
    endloop
  endfacet
  facet normal 0 0 1
    outer loop
      vertex 25.56 -17.6421 5
      vertex 28.2843 -28.2843 5
      vertex 25.7048 -17.6742 5
    endloop
  endfacet
  facet normal 0 0 1
    outer loop
      vertex 25.4186 -17.5975 5
      vertex 28.2843 -28.2843 5
      vertex 25.56 -17.6421 5
    endloop
  endfacet
  facet normal 0 0 1
    outer loop
      vertex 25.2815 -17.5407 5
      vertex 28.2843 -28.2843 5
      vertex 25.4186 -17.5975 5
    endloop
  endfacet
  facet normal 0 0 1
    outer loop
      vertex 28.2843 -28.2843 5
      vertex 25.2815 -17.5407 5
      vertex 25.7115 -30.6418 5
    endloop
  endfacet
  facet normal 0 0 1
    outer loop
      vertex 25.15 -17.4722 5
      vertex 25.7115 -30.6418 5
      vertex 25.2815 -17.5407 5
    endloop
  endfacet
  facet normal 0 0 1
    outer loop
      vertex 25.0249 -17.3926 5
      vertex 25.7115 -30.6418 5
      vertex 25.15 -17.4722 5
    endloop
  endfacet
  facet normal 0 0 1
    outer loop
      vertex 24.9073 -17.3023 5
      vertex 25.7115 -30.6418 5
      vertex 25.0249 -17.3926 5
    endloop
  endfacet
  facet normal 0 0 1
    outer loop
      vertex 22.9431 -32.7661 5
      vertex 24.9073 -17.3023 5
      vertex 24.7979 -17.2021 5
    endloop
  endfacet
  facet normal 0 0 1
    outer loop
      vertex 22.9431 -32.7661 5
      vertex 24.7979 -17.2021 5
      vertex 24.6977 -17.0927 5
    endloop
  endfacet
  facet normal 0 0 1
    outer loop
      vertex 22.9431 -32.7661 5
      vertex 24.6977 -17.0927 5
      vertex 24.6074 -16.9751 5
    endloop
  endfacet
  facet normal -0 0 1
    outer loop
      vertex 13.3926 -12.9751 5
      vertex 24.3 -16 5
      vertex 13.4722 -12.85 5
    endloop
  endfacet
  facet normal 0 0 1
    outer loop
      vertex 24.3065 -15.8518 5
      vertex 13.4722 -12.85 5
      vertex 24.3 -16 5
    endloop
  endfacet
  facet normal -0 0 1
    outer loop
      vertex 13.4722 -12.85 5
      vertex 24.3065 -15.8518 5
      vertex 13.5407 -12.7185 5
    endloop
  endfacet
  facet normal 0 0 1
    outer loop
      vertex 24.3258 -15.7048 5
      vertex 13.5407 -12.7185 5
      vertex 24.3065 -15.8518 5
    endloop
  endfacet
  facet normal -0 0 1
    outer loop
      vertex 13.5407 -12.7185 5
      vertex 24.3258 -15.7048 5
      vertex 13.5975 -12.5814 5
    endloop
  endfacet
  facet normal 0 0 1
    outer loop
      vertex 24.3579 -15.56 5
      vertex 13.5975 -12.5814 5
      vertex 24.3258 -15.7048 5
    endloop
  endfacet
  facet normal 0 0 1
    outer loop
      vertex 24.9073 -17.3023 5
      vertex 22.9431 -32.7661 5
      vertex 25.7115 -30.6418 5
    endloop
  endfacet
  facet normal -0 0 1
    outer loop
      vertex 13.5975 -12.5814 5
      vertex 24.3579 -15.56 5
      vertex 13.6421 -12.44 5
    endloop
  endfacet
  facet normal -0 0 1
    outer loop
      vertex 13.6421 -12.44 5
      vertex 24.4025 -15.4186 5
      vertex 13.6742 -12.2952 5
    endloop
  endfacet
  facet normal 0 0 1
    outer loop
      vertex 12.44 13.6421 5
      vertex 22.9431 32.7661 5
      vertex 20 34.641 5
    endloop
  endfacet
  facet normal 0 0 1
    outer loop
      vertex 24.4025 -15.4186 5
      vertex 13.6421 -12.44 5
      vertex 24.3579 -15.56 5
    endloop
  endfacet
  facet normal 0 0 1
    outer loop
      vertex 12.1482 13.6935 5
      vertex 20 34.641 5
      vertex 16.9047 36.2523 5
    endloop
  endfacet
  facet normal 0 0 1
    outer loop
      vertex 24.6074 -16.9751 5
      vertex 20 -34.641 5
      vertex 22.9431 -32.7661 5
    endloop
  endfacet
  facet normal 0 0 1
    outer loop
      vertex 24.3 -16 5
      vertex 13.3926 -12.9751 5
      vertex 24.3065 -16.1482 5
    endloop
  endfacet
  facet normal 0 0 1
    outer loop
      vertex 24.5278 15.15 5
      vertex 13.6935 12.1482 5
      vertex 13.7 12 5
    endloop
  endfacet
  facet normal 0 0 1
    outer loop
      vertex 11.8518 13.6935 5
      vertex 16.9047 36.2523 5
      vertex 13.6808 37.5877 5
    endloop
  endfacet
  facet normal 0 0 1
    outer loop
      vertex 24.4593 15.2815 5
      vertex 13.6742 12.2952 5
      vertex 13.6935 12.1482 5
    endloop
  endfacet
  facet normal 0 0 1
    outer loop
      vertex 24.4025 15.4186 5
      vertex 13.6421 12.44 5
      vertex 13.6742 12.2952 5
    endloop
  endfacet
  facet normal 0 0 1
    outer loop
      vertex 24.3579 15.56 5
      vertex 13.5975 12.5814 5
      vertex 13.6421 12.44 5
    endloop
  endfacet
  facet normal 0 0 1
    outer loop
      vertex 24.3258 15.7048 5
      vertex 13.5407 12.7185 5
      vertex 13.5975 12.5814 5
    endloop
  endfacet
  facet normal 0 0 1
    outer loop
      vertex 24.3065 15.8518 5
      vertex 13.4722 12.85 5
      vertex 13.5407 12.7185 5
    endloop
  endfacet
  facet normal 0 0 1
    outer loop
      vertex 24.3 16 5
      vertex 13.3926 12.9751 5
      vertex 13.4722 12.85 5
    endloop
  endfacet
  facet normal 0 0 1
    outer loop
      vertex 24.3065 16.1482 5
      vertex 13.3926 12.9751 5
      vertex 24.3 16 5
    endloop
  endfacet
  facet normal 0 -0 1
    outer loop
      vertex 13.3926 12.9751 5
      vertex 24.3065 16.1482 5
      vertex 13.3023 13.0927 5
    endloop
  endfacet
  facet normal 0 0 1
    outer loop
      vertex 24.3258 16.2952 5
      vertex 13.3023 13.0927 5
      vertex 24.3065 16.1482 5
    endloop
  endfacet
  facet normal 0 -0 1
    outer loop
      vertex 13.3023 13.0927 5
      vertex 24.3258 16.2952 5
      vertex 13.2021 13.2021 5
    endloop
  endfacet
  facet normal 0 0 1
    outer loop
      vertex 24.3579 16.44 5
      vertex 13.2021 13.2021 5
      vertex 24.3258 16.2952 5
    endloop
  endfacet
  facet normal 0 -0 1
    outer loop
      vertex 13.2021 13.2021 5
      vertex 24.3579 16.44 5
      vertex 13.0927 13.3023 5
    endloop
  endfacet
  facet normal 0 0 1
    outer loop
      vertex 24.4025 16.5814 5
      vertex 13.0927 13.3023 5
      vertex 24.3579 16.44 5
    endloop
  endfacet
  facet normal 0 0 1
    outer loop
      vertex 22.9431 32.7661 5
      vertex 12.44 13.6421 5
      vertex 12.5814 13.5975 5
    endloop
  endfacet
  facet normal 0 0 1
    outer loop
      vertex 20 34.641 5
      vertex 12.2952 13.6742 5
      vertex 12.44 13.6421 5
    endloop
  endfacet
  facet normal 0 0 1
    outer loop
      vertex 20 34.641 5
      vertex 12.1482 13.6935 5
      vertex 12.2952 13.6742 5
    endloop
  endfacet
  facet normal 0 0 1
    outer loop
      vertex 16.9047 36.2523 5
      vertex 12 13.7 5
      vertex 12.1482 13.6935 5
    endloop
  endfacet
  facet normal 0 0 1
    outer loop
      vertex 16.9047 36.2523 5
      vertex 11.8518 13.6935 5
      vertex 12 13.7 5
    endloop
  endfacet
  facet normal 0 0 1
    outer loop
      vertex 13.6808 37.5877 5
      vertex 11.7048 13.6742 5
      vertex 11.8518 13.6935 5
    endloop
  endfacet
  facet normal 0 0 1
    outer loop
      vertex 13.6808 37.5877 5
      vertex 11.56 13.6421 5
      vertex 11.7048 13.6742 5
    endloop
  endfacet
  facet normal 0 0 1
    outer loop
      vertex 10.3528 38.637 5
      vertex 11.56 13.6421 5
      vertex 13.6808 37.5877 5
    endloop
  endfacet
  facet normal 0 0 1
    outer loop
      vertex 11.56 13.6421 5
      vertex 10.3528 38.637 5
      vertex 11.4186 13.5975 5
    endloop
  endfacet
  facet normal 0 0 1
    outer loop
      vertex 11.4186 13.5975 5
      vertex 10.3528 38.637 5
      vertex 11.2815 13.5407 5
    endloop
  endfacet
  facet normal 0 0 1
    outer loop
      vertex 6.94593 39.3923 5
      vertex 11.2815 13.5407 5
      vertex 10.3528 38.637 5
    endloop
  endfacet
  facet normal 0 0 1
    outer loop
      vertex 11.2815 13.5407 5
      vertex 6.94593 39.3923 5
      vertex 11.15 13.4722 5
    endloop
  endfacet
  facet normal 0 0 1
    outer loop
      vertex 11.15 13.4722 5
      vertex 6.94593 39.3923 5
      vertex 11.0249 13.3926 5
    endloop
  endfacet
  facet normal 0 0 1
    outer loop
      vertex 3.48623 39.8478 5
      vertex 11.0249 13.3926 5
      vertex 6.94593 39.3923 5
    endloop
  endfacet
  facet normal 0 0 1
    outer loop
      vertex 11.0249 13.3926 5
      vertex 3.48623 39.8478 5
      vertex 10.9073 13.3023 5
    endloop
  endfacet
  facet normal 0 0 1
    outer loop
      vertex 0 40 5
      vertex 10.9073 13.3023 5
      vertex 3.48623 39.8478 5
    endloop
  endfacet
  facet normal 0 0 1
    outer loop
      vertex 10.9073 13.3023 5
      vertex 0 40 5
      vertex 10.7979 13.2021 5
    endloop
  endfacet
  facet normal 0 0 1
    outer loop
      vertex 0 9 5
      vertex 10.7979 13.2021 5
      vertex 0 40 5
    endloop
  endfacet
  facet normal 0 -0 1
    outer loop
      vertex 0.784401 8.96575 5
      vertex 10.7979 13.2021 5
      vertex 0 9 5
    endloop
  endfacet
  facet normal 0 0 1
    outer loop
      vertex 10.7979 13.2021 5
      vertex 0.784401 8.96575 5
      vertex 10.6977 13.0927 5
    endloop
  endfacet
  facet normal 0 0 1
    outer loop
      vertex 10.6977 13.0927 5
      vertex 0.784401 8.96575 5
      vertex 10.6074 12.9751 5
    endloop
  endfacet
  facet normal 0 -0 1
    outer loop
      vertex 1.56283 8.86327 5
      vertex 10.6074 12.9751 5
      vertex 0.784401 8.96575 5
    endloop
  endfacet
  facet normal 0 0 1
    outer loop
      vertex 10.6074 12.9751 5
      vertex 1.56283 8.86327 5
      vertex 10.5278 12.85 5
    endloop
  endfacet
  facet normal 0 0 1
    outer loop
      vertex 10.9073 -10.6977 5
      vertex 6.36396 -6.36396 5
      vertex 10.7979 -10.7979 5
    endloop
  endfacet
  facet normal 0 0 1
    outer loop
      vertex 10.5278 12.85 5
      vertex 1.56283 8.86327 5
      vertex 10.4593 12.7185 5
    endloop
  endfacet
  facet normal 0 0 1
    outer loop
      vertex 13.2021 10.7979 5
      vertex 8.96575 0.784401 5
      vertex 9 0 5
    endloop
  endfacet
  facet normal 0 0 1
    outer loop
      vertex 12.9751 10.6074 5
      vertex 8.86327 1.56283 5
      vertex 8.96575 0.784401 5
    endloop
  endfacet
  facet normal 0 0 1
    outer loop
      vertex 12.7185 10.4593 5
      vertex 8.69333 2.32937 5
      vertex 8.86327 1.56283 5
    endloop
  endfacet
  facet normal 0 0 1
    outer loop
      vertex 12.5814 10.4025 5
      vertex 8.45723 3.07818 5
      vertex 8.69333 2.32937 5
    endloop
  endfacet
  facet normal 0 0 1
    outer loop
      vertex 12.1482 10.3065 5
      vertex 8.15677 3.80356 5
      vertex 8.45723 3.07818 5
    endloop
  endfacet
  facet normal 0 0 1
    outer loop
      vertex 11.8518 10.3065 5
      vertex 7.79423 4.5 5
      vertex 8.15677 3.80356 5
    endloop
  endfacet
  facet normal 0 0 1
    outer loop
      vertex 11.56 10.3579 5
      vertex 7.37237 5.16219 5
      vertex 7.79423 4.5 5
    endloop
  endfacet
  facet normal 0 -0 1
    outer loop
      vertex 2.32937 8.69333 5
      vertex 10.4593 12.7185 5
      vertex 1.56283 8.86327 5
    endloop
  endfacet
  facet normal 0 0 1
    outer loop
      vertex 11.2815 10.4593 5
      vertex 6.8944 5.78509 5
      vertex 7.37237 5.16219 5
    endloop
  endfacet
  facet normal 0 0 1
    outer loop
      vertex 10.9073 10.6977 5
      vertex 6.36396 6.36396 5
      vertex 6.8944 5.78509 5
    endloop
  endfacet
  facet normal 0 0 1
    outer loop
      vertex 10.6977 10.9073 5
      vertex 5.78509 6.8944 5
      vertex 6.36396 6.36396 5
    endloop
  endfacet
  facet normal 0 0 1
    outer loop
      vertex 10.4593 11.2815 5
      vertex 5.16219 7.37237 5
      vertex 5.78509 6.8944 5
    endloop
  endfacet
  facet normal 0 0 1
    outer loop
      vertex 10.3579 11.56 5
      vertex 4.5 7.79423 5
      vertex 5.16219 7.37237 5
    endloop
  endfacet
  facet normal 0 0 1
    outer loop
      vertex 10.3 12 5
      vertex 3.80356 8.15677 5
      vertex 4.5 7.79423 5
    endloop
  endfacet
  facet normal 0 0 1
    outer loop
      vertex 10.4025 12.5814 5
      vertex 3.07818 8.45723 5
      vertex 10.3579 12.44 5
    endloop
  endfacet
  facet normal 0 0 1
    outer loop
      vertex 10.3065 12.1482 5
      vertex 3.80356 8.15677 5
      vertex 10.3 12 5
    endloop
  endfacet
  facet normal 0 -0 1
    outer loop
      vertex 3.80356 8.15677 5
      vertex 10.3065 12.1482 5
      vertex 3.07818 8.45723 5
    endloop
  endfacet
  facet normal 0 0 1
    outer loop
      vertex 10.3258 12.2952 5
      vertex 3.07818 8.45723 5
      vertex 10.3065 12.1482 5
    endloop
  endfacet
  facet normal 0 0 1
    outer loop
      vertex 10.3579 12.44 5
      vertex 3.07818 8.45723 5
      vertex 10.3258 12.2952 5
    endloop
  endfacet
  facet normal 0 0 1
    outer loop
      vertex 10.4593 12.7185 5
      vertex 2.32937 8.69333 5
      vertex 10.4025 12.5814 5
    endloop
  endfacet
  facet normal 0 -0 1
    outer loop
      vertex 3.07818 8.45723 5
      vertex 10.4025 12.5814 5
      vertex 2.32937 8.69333 5
    endloop
  endfacet
  facet normal -0 0 1
    outer loop
      vertex -10.7979 13.2021 5
      vertex 0 9 5
      vertex 0 40 5
    endloop
  endfacet
  facet normal 0 0 1
    outer loop
      vertex 0 9 5
      vertex -10.7979 13.2021 5
      vertex -0.784401 8.96575 5
    endloop
  endfacet
  facet normal -0 -0 1
    outer loop
      vertex -10.6977 13.0927 5
      vertex -0.784401 8.96575 5
      vertex -10.7979 13.2021 5
    endloop
  endfacet
  facet normal -0 -0 1
    outer loop
      vertex -10.6074 12.9751 5
      vertex -0.784401 8.96575 5
      vertex -10.6977 13.0927 5
    endloop
  endfacet
  facet normal 0 0 1
    outer loop
      vertex -10.9073 13.3023 5
      vertex 0 40 5
      vertex -3.48623 39.8478 5
    endloop
  endfacet
  facet normal -0 -0 1
    outer loop
      vertex -10.5278 12.85 5
      vertex -1.56283 8.86327 5
      vertex -10.6074 12.9751 5
    endloop
  endfacet
  facet normal 0 0 1
    outer loop
      vertex -1.56283 8.86327 5
      vertex -10.5278 12.85 5
      vertex -2.32937 8.69333 5
    endloop
  endfacet
  facet normal -0 -0 1
    outer loop
      vertex -10.4025 12.5814 5
      vertex -2.32937 8.69333 5
      vertex -10.4593 12.7185 5
    endloop
  endfacet
  facet normal -0 -0 1
    outer loop
      vertex -10.3579 12.44 5
      vertex -3.07818 8.45723 5
      vertex -10.4025 12.5814 5
    endloop
  endfacet
  facet normal -0 -0 1
    outer loop
      vertex -10.3258 12.2952 5
      vertex -3.07818 8.45723 5
      vertex -10.3579 12.44 5
    endloop
  endfacet
  facet normal -0 -0 1
    outer loop
      vertex -10.3065 12.1482 5
      vertex -3.80356 8.15677 5
      vertex -10.3258 12.2952 5
    endloop
  endfacet
  facet normal 0 0 1
    outer loop
      vertex -11.0249 13.3926 5
      vertex -3.48623 39.8478 5
      vertex -6.94593 39.3923 5
    endloop
  endfacet
  facet normal 0 0 1
    outer loop
      vertex -3.80356 8.15677 5
      vertex -10.3 12 5
      vertex -4.5 7.79423 5
    endloop
  endfacet
  facet normal -0 0 1
    outer loop
      vertex -10.3258 11.7048 5
      vertex -4.5 7.79423 5
      vertex -10.3065 11.8518 5
    endloop
  endfacet
  facet normal 0 0 1
    outer loop
      vertex -4.5 7.79423 5
      vertex -10.3579 11.56 5
      vertex -5.16219 7.37237 5
    endloop
  endfacet
  facet normal -0 0 1
    outer loop
      vertex -10.4025 11.4186 5
      vertex -5.16219 7.37237 5
      vertex -10.3579 11.56 5
    endloop
  endfacet
  facet normal 0 0 1
    outer loop
      vertex -5.16219 7.37237 5
      vertex -10.4593 11.2815 5
      vertex -5.78509 6.8944 5
    endloop
  endfacet
  facet normal -0 0 1
    outer loop
      vertex -10.5278 11.15 5
      vertex -5.78509 6.8944 5
      vertex -10.4593 11.2815 5
    endloop
  endfacet
  facet normal -0 0 1
    outer loop
      vertex -10.6074 11.0249 5
      vertex -5.78509 6.8944 5
      vertex -10.5278 11.15 5
    endloop
  endfacet
  facet normal -0 0 1
    outer loop
      vertex -10.7979 10.7979 5
      vertex -6.36396 6.36396 5
      vertex -10.6977 10.9073 5
    endloop
  endfacet
  facet normal 0 0 1
    outer loop
      vertex -5.78509 6.8944 5
      vertex -10.6977 10.9073 5
      vertex -6.36396 6.36396 5
    endloop
  endfacet
  facet normal -0 0 1
    outer loop
      vertex -10.6977 10.9073 5
      vertex -5.78509 6.8944 5
      vertex -10.6074 11.0249 5
    endloop
  endfacet
  facet normal -0 0 1
    outer loop
      vertex -10.4593 11.2815 5
      vertex -5.16219 7.37237 5
      vertex -10.4025 11.4186 5
    endloop
  endfacet
  facet normal 0 0 1
    outer loop
      vertex -11.2815 13.5407 5
      vertex -6.94593 39.3923 5
      vertex -10.3528 38.637 5
    endloop
  endfacet
  facet normal -0 0 1
    outer loop
      vertex -10.3579 11.56 5
      vertex -4.5 7.79423 5
      vertex -10.3258 11.7048 5
    endloop
  endfacet
  facet normal -0 0 1
    outer loop
      vertex -10.3065 11.8518 5
      vertex -4.5 7.79423 5
      vertex -10.3 12 5
    endloop
  endfacet
  facet normal -0 -0 1
    outer loop
      vertex -10.3 12 5
      vertex -3.80356 8.15677 5
      vertex -10.3065 12.1482 5
    endloop
  endfacet
  facet normal 0 0 1
    outer loop
      vertex -3.07818 8.45723 5
      vertex -10.3258 12.2952 5
      vertex -3.80356 8.15677 5
    endloop
  endfacet
  facet normal 0 0 1
    outer loop
      vertex -2.32937 8.69333 5
      vertex -10.4025 12.5814 5
      vertex -3.07818 8.45723 5
    endloop
  endfacet
  facet normal -0 -0 1
    outer loop
      vertex -10.4593 12.7185 5
      vertex -2.32937 8.69333 5
      vertex -10.5278 12.85 5
    endloop
  endfacet
  facet normal 0 0 1
    outer loop
      vertex -0.784401 8.96575 5
      vertex -10.6074 12.9751 5
      vertex -1.56283 8.86327 5
    endloop
  endfacet
  facet normal 0 0 1
    outer loop
      vertex 0 40 5
      vertex -10.9073 13.3023 5
      vertex -10.7979 13.2021 5
    endloop
  endfacet
  facet normal 0 0 1
    outer loop
      vertex -3.48623 39.8478 5
      vertex -11.0249 13.3926 5
      vertex -10.9073 13.3023 5
    endloop
  endfacet
  facet normal 0 0 1
    outer loop
      vertex -6.94593 39.3923 5
      vertex -11.15 13.4722 5
      vertex -11.0249 13.3926 5
    endloop
  endfacet
  facet normal 0 0 1
    outer loop
      vertex -6.94593 39.3923 5
      vertex -11.2815 13.5407 5
      vertex -11.15 13.4722 5
    endloop
  endfacet
  facet normal 0 0 1
    outer loop
      vertex -10.3528 38.637 5
      vertex -11.4186 13.5975 5
      vertex -11.2815 13.5407 5
    endloop
  endfacet
  facet normal 0 0 1
    outer loop
      vertex -10.3528 38.637 5
      vertex -11.56 13.6421 5
      vertex -11.4186 13.5975 5
    endloop
  endfacet
  facet normal -0 0 1
    outer loop
      vertex -13.6808 37.5877 5
      vertex -11.56 13.6421 5
      vertex -10.3528 38.637 5
    endloop
  endfacet
  facet normal 0 0 1
    outer loop
      vertex -11.56 13.6421 5
      vertex -13.6808 37.5877 5
      vertex -11.7048 13.6742 5
    endloop
  endfacet
  facet normal 0 0 1
    outer loop
      vertex -11.7048 13.6742 5
      vertex -13.6808 37.5877 5
      vertex -11.8518 13.6935 5
    endloop
  endfacet
  facet normal -0 0 1
    outer loop
      vertex -16.9047 36.2523 5
      vertex -11.8518 13.6935 5
      vertex -13.6808 37.5877 5
    endloop
  endfacet
  facet normal 0 0 1
    outer loop
      vertex -11.8518 13.6935 5
      vertex -16.9047 36.2523 5
      vertex -12 13.7 5
    endloop
  endfacet
  facet normal 0 0 1
    outer loop
      vertex -12 13.7 5
      vertex -16.9047 36.2523 5
      vertex -12.1482 13.6935 5
    endloop
  endfacet
  facet normal 0 0 1
    outer loop
      vertex -12.1482 13.6935 5
      vertex -16.9047 36.2523 5
      vertex -12.2952 13.6742 5
    endloop
  endfacet
  facet normal 0 0 1
    outer loop
      vertex -12.2952 13.6742 5
      vertex -16.9047 36.2523 5
      vertex -12.44 13.6421 5
    endloop
  endfacet
  facet normal 0 0 1
    outer loop
      vertex -12.44 13.6421 5
      vertex -16.9047 36.2523 5
      vertex -12.5814 13.5975 5
    endloop
  endfacet
  facet normal -0 0 1
    outer loop
      vertex -24.3 16 5
      vertex -12.5814 13.5975 5
      vertex -16.9047 36.2523 5
    endloop
  endfacet
  facet normal 0 0 1
    outer loop
      vertex -12.5814 13.5975 5
      vertex -24.3 16 5
      vertex -12.7185 13.5407 5
    endloop
  endfacet
  facet normal 0 0 1
    outer loop
      vertex -12.7185 13.5407 5
      vertex -24.3 16 5
      vertex -12.85 13.4722 5
    endloop
  endfacet
  facet normal 0 0 1
    outer loop
      vertex -12.85 13.4722 5
      vertex -24.3 16 5
      vertex -12.9751 13.3926 5
    endloop
  endfacet
  facet normal 0 0 1
    outer loop
      vertex -12.9751 13.3926 5
      vertex -24.3 16 5
      vertex -13.0927 13.3023 5
    endloop
  endfacet
  facet normal 0 0 1
    outer loop
      vertex -13.0927 13.3023 5
      vertex -24.3 16 5
      vertex -13.2021 13.2021 5
    endloop
  endfacet
  facet normal 0 0 1
    outer loop
      vertex -13.2021 13.2021 5
      vertex -24.3 16 5
      vertex -13.3023 13.0927 5
    endloop
  endfacet
  facet normal 0 0 1
    outer loop
      vertex -13.3023 13.0927 5
      vertex -24.3 16 5
      vertex -13.3926 12.9751 5
    endloop
  endfacet
  facet normal 0 0 1
    outer loop
      vertex -13.3926 12.9751 5
      vertex -24.3 16 5
      vertex -13.4722 12.85 5
    endloop
  endfacet
  facet normal -0 0 1
    outer loop
      vertex -24.3065 15.8518 5
      vertex -13.4722 12.85 5
      vertex -24.3 16 5
    endloop
  endfacet
  facet normal 0 0 1
    outer loop
      vertex -13.4722 12.85 5
      vertex -24.3065 15.8518 5
      vertex -13.5407 12.7185 5
    endloop
  endfacet
  facet normal -0 0 1
    outer loop
      vertex -24.3258 15.7048 5
      vertex -13.5407 12.7185 5
      vertex -24.3065 15.8518 5
    endloop
  endfacet
  facet normal 0 0 1
    outer loop
      vertex -13.5407 12.7185 5
      vertex -24.3258 15.7048 5
      vertex -13.5975 12.5814 5
    endloop
  endfacet
  facet normal 0 0 1
    outer loop
      vertex -13.5975 12.5814 5
      vertex -24.3579 15.56 5
      vertex -13.6421 12.44 5
    endloop
  endfacet
  facet normal -0 0 1
    outer loop
      vertex -24.3579 15.56 5
      vertex -13.5975 12.5814 5
      vertex -24.3258 15.7048 5
    endloop
  endfacet
  facet normal -0.991444 0.130532 0
    outer loop
      vertex -39.8478 3.48623 0
      vertex -39.3923 6.94593 5
      vertex -39.3923 6.94593 0
    endloop
  endfacet
  facet normal -0.991444 0.130532 0
    outer loop
      vertex -39.3923 6.94593 5
      vertex -39.8478 3.48623 0
      vertex -39.8478 3.48623 5
    endloop
  endfacet
  facet normal -0.793349 0.608767 0
    outer loop
      vertex -32.7661 22.9431 0
      vertex -30.6418 25.7115 5
      vertex -30.6418 25.7115 0
    endloop
  endfacet
  facet normal -0.793349 0.608767 0
    outer loop
      vertex -30.6418 25.7115 5
      vertex -32.7661 22.9431 0
      vertex -32.7661 22.9431 5
    endloop
  endfacet
  facet normal -0.608767 0.793349 0
    outer loop
      vertex -22.9431 32.7661 0
      vertex -25.7115 30.6418 5
      vertex -22.9431 32.7661 5
    endloop
  endfacet
  facet normal -0.608767 0.793349 0
    outer loop
      vertex -25.7115 30.6418 5
      vertex -22.9431 32.7661 0
      vertex -25.7115 30.6418 0
    endloop
  endfacet
  facet normal -0.537287 0.843399 0
    outer loop
      vertex -20 34.641 0
      vertex -22.9431 32.7661 5
      vertex -20 34.641 5
    endloop
  endfacet
  facet normal -0.537287 0.843399 0
    outer loop
      vertex -22.9431 32.7661 5
      vertex -20 34.641 0
      vertex -22.9431 32.7661 0
    endloop
  endfacet
  facet normal 0.300702 -0.953718 0
    outer loop
      vertex 10.3528 -38.637 0
      vertex 13.6808 -37.5877 5
      vertex 10.3528 -38.637 5
    endloop
  endfacet
  facet normal 0.300702 -0.953718 0
    outer loop
      vertex 13.6808 -37.5877 5
      vertex 10.3528 -38.637 0
      vertex 13.6808 -37.5877 0
    endloop
  endfacet
  facet normal 0.537287 -0.843399 0
    outer loop
      vertex 20 -34.641 0
      vertex 22.9431 -32.7661 5
      vertex 20 -34.641 5
    endloop
  endfacet
  facet normal 0.537287 -0.843399 0
    outer loop
      vertex 22.9431 -32.7661 5
      vertex 20 -34.641 0
      vertex 22.9431 -32.7661 0
    endloop
  endfacet
  facet normal 0.675584 -0.737283 0
    outer loop
      vertex 25.7115 -30.6418 0
      vertex 28.2843 -28.2843 5
      vertex 25.7115 -30.6418 5
    endloop
  endfacet
  facet normal 0.675584 -0.737283 0
    outer loop
      vertex 28.2843 -28.2843 5
      vertex 25.7115 -30.6418 0
      vertex 28.2843 -28.2843 0
    endloop
  endfacet
  facet normal 0.461746 -0.887012 0
    outer loop
      vertex 16.9047 -36.2523 0
      vertex 20 -34.641 5
      vertex 16.9047 -36.2523 5
    endloop
  endfacet
  facet normal 0.461746 -0.887012 0
    outer loop
      vertex 20 -34.641 5
      vertex 16.9047 -36.2523 0
      vertex 20 -34.641 0
    endloop
  endfacet
  facet normal 0.793349 -0.608767 0
    outer loop
      vertex 30.6418 -25.7115 5
      vertex 32.7661 -22.9431 0
      vertex 32.7661 -22.9431 5
    endloop
  endfacet
  facet normal 0.793349 -0.608767 0
    outer loop
      vertex 32.7661 -22.9431 0
      vertex 30.6418 -25.7115 5
      vertex 30.6418 -25.7115 0
    endloop
  endfacet
  facet normal -0.216444 -0.976295 0
    outer loop
      vertex -10.3528 -38.637 0
      vertex -6.94593 -39.3923 5
      vertex -10.3528 -38.637 5
    endloop
  endfacet
  facet normal -0.216444 -0.976295 -0
    outer loop
      vertex -6.94593 -39.3923 5
      vertex -10.3528 -38.637 0
      vertex -6.94593 -39.3923 0
    endloop
  endfacet
  facet normal -0.608767 -0.793349 0
    outer loop
      vertex -25.7115 -30.6418 0
      vertex -22.9431 -32.7661 5
      vertex -25.7115 -30.6418 5
    endloop
  endfacet
  facet normal -0.608767 -0.793349 -0
    outer loop
      vertex -22.9431 -32.7661 5
      vertex -25.7115 -30.6418 0
      vertex -22.9431 -32.7661 0
    endloop
  endfacet
  facet normal -0.953718 -0.300702 0
    outer loop
      vertex -37.5877 -13.6808 0
      vertex -38.637 -10.3528 5
      vertex -38.637 -10.3528 0
    endloop
  endfacet
  facet normal -0.953718 -0.300702 0
    outer loop
      vertex -38.637 -10.3528 5
      vertex -37.5877 -13.6808 0
      vertex -37.5877 -13.6808 5
    endloop
  endfacet
  facet normal -0.991444 -0.130532 0
    outer loop
      vertex -39.3923 -6.94593 0
      vertex -39.8478 -3.48623 5
      vertex -39.8478 -3.48623 0
    endloop
  endfacet
  facet normal -0.991444 -0.130532 0
    outer loop
      vertex -39.8478 -3.48623 5
      vertex -39.3923 -6.94593 0
      vertex -39.3923 -6.94593 5
    endloop
  endfacet
  facet normal -0.887012 -0.461746 0
    outer loop
      vertex -34.641 -20 0
      vertex -36.2523 -16.9047 5
      vertex -36.2523 -16.9047 0
    endloop
  endfacet
  facet normal -0.887012 -0.461746 0
    outer loop
      vertex -36.2523 -16.9047 5
      vertex -34.641 -20 0
      vertex -34.641 -20 5
    endloop
  endfacet
  facet normal -0.737283 -0.675584 0
    outer loop
      vertex -28.2843 -28.2843 0
      vertex -30.6418 -25.7115 5
      vertex -30.6418 -25.7115 0
    endloop
  endfacet
  facet normal -0.737283 -0.675584 0
    outer loop
      vertex -30.6418 -25.7115 5
      vertex -28.2843 -28.2843 0
      vertex -28.2843 -28.2843 5
    endloop
  endfacet
  facet normal -0.843399 -0.537287 0
    outer loop
      vertex -32.7661 -22.9431 0
      vertex -34.641 -20 5
      vertex -34.641 -20 0
    endloop
  endfacet
  facet normal -0.843399 -0.537287 0
    outer loop
      vertex -34.641 -20 5
      vertex -32.7661 -22.9431 0
      vertex -32.7661 -22.9431 5
    endloop
  endfacet
  facet normal 0.976295 -0.216444 0
    outer loop
      vertex 38.637 -10.3528 5
      vertex 39.3923 -6.94593 0
      vertex 39.3923 -6.94593 5
    endloop
  endfacet
  facet normal 0.976295 -0.216444 0
    outer loop
      vertex 39.3923 -6.94593 0
      vertex 38.637 -10.3528 5
      vertex 38.637 -10.3528 0
    endloop
  endfacet
  facet normal 0.608767 -0.793349 0
    outer loop
      vertex 22.9431 -32.7661 0
      vertex 25.7115 -30.6418 5
      vertex 22.9431 -32.7661 5
    endloop
  endfacet
  facet normal 0.608767 -0.793349 0
    outer loop
      vertex 25.7115 -30.6418 5
      vertex 22.9431 -32.7661 0
      vertex 25.7115 -30.6418 0
    endloop
  endfacet
  facet normal -0.793349 -0.608767 0
    outer loop
      vertex -30.6418 -25.7115 0
      vertex -32.7661 -22.9431 5
      vertex -32.7661 -22.9431 0
    endloop
  endfacet
  facet normal -0.793349 -0.608767 0
    outer loop
      vertex -32.7661 -22.9431 5
      vertex -30.6418 -25.7115 0
      vertex -30.6418 -25.7115 5
    endloop
  endfacet
  facet normal 0.991444 -0.130532 0
    outer loop
      vertex 39.3923 -6.94593 5
      vertex 39.8478 -3.48623 0
      vertex 39.8478 -3.48623 5
    endloop
  endfacet
  facet normal 0.991444 -0.130532 0
    outer loop
      vertex 39.8478 -3.48623 0
      vertex 39.3923 -6.94593 5
      vertex 39.3923 -6.94593 0
    endloop
  endfacet
  facet normal -0.976295 -0.216442 0
    outer loop
      vertex 8.86327 1.56283 0
      vertex 8.69333 2.32937 5
      vertex 8.69333 2.32937 0
    endloop
  endfacet
  facet normal -0.976295 -0.216442 0
    outer loop
      vertex 8.69333 2.32937 5
      vertex 8.86327 1.56283 0
      vertex 8.86327 1.56283 5
    endloop
  endfacet
  facet normal -0.999048 -0.0436223 0
    outer loop
      vertex 9 0 0
      vertex 8.96575 0.784401 5
      vertex 8.96575 0.784401 0
    endloop
  endfacet
  facet normal -0.999048 -0.0436223 0
    outer loop
      vertex 8.96575 0.784401 5
      vertex 9 0 0
      vertex 9 0 5
    endloop
  endfacet
  facet normal 0.999048 -0.0436223 0
    outer loop
      vertex -9 0 5
      vertex -8.96575 0.784401 0
      vertex -8.96575 0.784401 5
    endloop
  endfacet
  facet normal 0.999048 -0.0436223 0
    outer loop
      vertex -8.96575 0.784401 0
      vertex -9 0 5
      vertex -9 0 0
    endloop
  endfacet
  facet normal -0.0436223 -0.999048 0
    outer loop
      vertex 0 9 0
      vertex 0.784401 8.96575 5
      vertex 0 9 5
    endloop
  endfacet
  facet normal -0.0436223 -0.999048 -0
    outer loop
      vertex 0.784401 8.96575 5
      vertex 0 9 0
      vertex 0.784401 8.96575 0
    endloop
  endfacet
  facet normal -0.675593 -0.737275 0
    outer loop
      vertex 5.78509 6.8944 0
      vertex 6.36396 6.36396 5
      vertex 5.78509 6.8944 5
    endloop
  endfacet
  facet normal -0.675593 -0.737275 -0
    outer loop
      vertex 6.36396 6.36396 5
      vertex 5.78509 6.8944 0
      vertex 6.36396 6.36396 0
    endloop
  endfacet
  facet normal 0.675593 -0.737275 0
    outer loop
      vertex -6.36396 6.36396 0
      vertex -5.78509 6.8944 5
      vertex -6.36396 6.36396 5
    endloop
  endfacet
  facet normal 0.675593 -0.737275 0
    outer loop
      vertex -5.78509 6.8944 5
      vertex -6.36396 6.36396 0
      vertex -5.78509 6.8944 0
    endloop
  endfacet
  facet normal 0.300707 -0.953717 0
    outer loop
      vertex -3.07818 8.45723 0
      vertex -2.32937 8.69333 5
      vertex -3.07818 8.45723 5
    endloop
  endfacet
  facet normal 0.300707 -0.953717 0
    outer loop
      vertex -2.32937 8.69333 5
      vertex -3.07818 8.45723 0
      vertex -2.32937 8.69333 0
    endloop
  endfacet
  facet normal 0.737275 0.675593 0
    outer loop
      vertex -6.36396 -6.36396 5
      vertex -6.8944 -5.78509 0
      vertex -6.8944 -5.78509 5
    endloop
  endfacet
  facet normal 0.737275 0.675593 0
    outer loop
      vertex -6.8944 -5.78509 0
      vertex -6.36396 -6.36396 5
      vertex -6.36396 -6.36396 0
    endloop
  endfacet
  facet normal -0.923881 -0.382681 0
    outer loop
      vertex 8.45723 3.07818 0
      vertex 8.15677 3.80356 5
      vertex 8.15677 3.80356 0
    endloop
  endfacet
  facet normal -0.923881 -0.382681 0
    outer loop
      vertex 8.15677 3.80356 5
      vertex 8.45723 3.07818 0
      vertex 8.45723 3.07818 5
    endloop
  endfacet
  facet normal -0.382681 -0.923881 0
    outer loop
      vertex 3.07818 8.45723 0
      vertex 3.80356 8.15677 5
      vertex 3.07818 8.45723 5
    endloop
  endfacet
  facet normal -0.382681 -0.923881 -0
    outer loop
      vertex 3.80356 8.15677 5
      vertex 3.07818 8.45723 0
      vertex 3.80356 8.15677 0
    endloop
  endfacet
  facet normal 0.887013 -0.461745 0
    outer loop
      vertex -8.15677 3.80356 5
      vertex -7.79423 4.5 0
      vertex -7.79423 4.5 5
    endloop
  endfacet
  facet normal 0.887013 -0.461745 0
    outer loop
      vertex -7.79423 4.5 0
      vertex -8.15677 3.80356 5
      vertex -8.15677 3.80356 0
    endloop
  endfacet
  facet normal 0.793352 -0.608763 0
    outer loop
      vertex -7.37237 5.16219 5
      vertex -6.8944 5.78509 0
      vertex -6.8944 5.78509 5
    endloop
  endfacet
  facet normal 0.793352 -0.608763 0
    outer loop
      vertex -6.8944 5.78509 0
      vertex -7.37237 5.16219 5
      vertex -7.37237 5.16219 0
    endloop
  endfacet
  facet normal -0.887013 0.461745 0
    outer loop
      vertex 7.79423 -4.5 0
      vertex 8.15677 -3.80356 5
      vertex 8.15677 -3.80356 0
    endloop
  endfacet
  facet normal -0.887013 0.461745 0
    outer loop
      vertex 8.15677 -3.80356 5
      vertex 7.79423 -4.5 0
      vertex 7.79423 -4.5 5
    endloop
  endfacet
  facet normal -0.300707 0.953717 0
    outer loop
      vertex 3.07818 -8.45723 0
      vertex 2.32937 -8.69333 5
      vertex 3.07818 -8.45723 5
    endloop
  endfacet
  facet normal -0.300707 0.953717 0
    outer loop
      vertex 2.32937 -8.69333 5
      vertex 3.07818 -8.45723 0
      vertex 2.32937 -8.69333 0
    endloop
  endfacet
  facet normal -0.737275 0.675593 0
    outer loop
      vertex 6.36396 -6.36396 0
      vertex 6.8944 -5.78509 5
      vertex 6.8944 -5.78509 0
    endloop
  endfacet
  facet normal -0.737275 0.675593 0
    outer loop
      vertex 6.8944 -5.78509 5
      vertex 6.36396 -6.36396 0
      vertex 6.36396 -6.36396 5
    endloop
  endfacet
  facet normal -0.991445 0.130524 0
    outer loop
      vertex 8.86327 -1.56283 0
      vertex 8.96575 -0.784401 5
      vertex 8.96575 -0.784401 0
    endloop
  endfacet
  facet normal -0.991445 0.130524 0
    outer loop
      vertex 8.96575 -0.784401 5
      vertex 8.86327 -1.56283 0
      vertex 8.86327 -1.56283 5
    endloop
  endfacet
  facet normal 0.300707 0.953717 -0
    outer loop
      vertex -2.32937 -8.69333 0
      vertex -3.07818 -8.45723 5
      vertex -2.32937 -8.69333 5
    endloop
  endfacet
  facet normal 0.300707 0.953717 0
    outer loop
      vertex -3.07818 -8.45723 5
      vertex -2.32937 -8.69333 0
      vertex -3.07818 -8.45723 0
    endloop
  endfacet
  facet normal 0.461745 0.887013 -0
    outer loop
      vertex -3.80356 -8.15677 0
      vertex -4.5 -7.79423 5
      vertex -3.80356 -8.15677 5
    endloop
  endfacet
  facet normal 0.461745 0.887013 0
    outer loop
      vertex -4.5 -7.79423 5
      vertex -3.80356 -8.15677 0
      vertex -4.5 -7.79423 0
    endloop
  endfacet
  facet normal 0.976295 0.216442 0
    outer loop
      vertex -8.69333 -2.32937 5
      vertex -8.86327 -1.56283 0
      vertex -8.86327 -1.56283 5
    endloop
  endfacet
  facet normal 0.976295 0.216442 0
    outer loop
      vertex -8.86327 -1.56283 0
      vertex -8.69333 -2.32937 5
      vertex -8.69333 -2.32937 0
    endloop
  endfacet
  facet normal -0.991445 -0.130524 0
    outer loop
      vertex 8.96575 0.784401 0
      vertex 8.86327 1.56283 5
      vertex 8.86327 1.56283 0
    endloop
  endfacet
  facet normal -0.991445 -0.130524 0
    outer loop
      vertex 8.86327 1.56283 5
      vertex 8.96575 0.784401 0
      vertex 8.96575 0.784401 5
    endloop
  endfacet
  facet normal -0.887013 -0.461745 0
    outer loop
      vertex 8.15677 3.80356 0
      vertex 7.79423 4.5 5
      vertex 7.79423 4.5 0
    endloop
  endfacet
  facet normal -0.887013 -0.461745 0
    outer loop
      vertex 7.79423 4.5 5
      vertex 8.15677 3.80356 0
      vertex 8.15677 3.80356 5
    endloop
  endfacet
  facet normal -0.843392 -0.537298 0
    outer loop
      vertex 7.79423 4.5 0
      vertex 7.37237 5.16219 5
      vertex 7.37237 5.16219 0
    endloop
  endfacet
  facet normal -0.843392 -0.537298 0
    outer loop
      vertex 7.37237 5.16219 5
      vertex 7.79423 4.5 0
      vertex 7.79423 4.5 5
    endloop
  endfacet
  facet normal -0.793352 -0.608763 0
    outer loop
      vertex 7.37237 5.16219 0
      vertex 6.8944 5.78509 5
      vertex 6.8944 5.78509 0
    endloop
  endfacet
  facet normal -0.793352 -0.608763 0
    outer loop
      vertex 6.8944 5.78509 5
      vertex 7.37237 5.16219 0
      vertex 7.37237 5.16219 5
    endloop
  endfacet
  facet normal -0.216442 -0.976295 0
    outer loop
      vertex 1.56283 8.86327 0
      vertex 2.32937 8.69333 5
      vertex 1.56283 8.86327 5
    endloop
  endfacet
  facet normal -0.216442 -0.976295 -0
    outer loop
      vertex 2.32937 8.69333 5
      vertex 1.56283 8.86327 0
      vertex 2.32937 8.69333 0
    endloop
  endfacet
  facet normal -0.608763 -0.793352 0
    outer loop
      vertex 5.16219 7.37237 0
      vertex 5.78509 6.8944 5
      vertex 5.16219 7.37237 5
    endloop
  endfacet
  facet normal -0.608763 -0.793352 -0
    outer loop
      vertex 5.78509 6.8944 5
      vertex 5.16219 7.37237 0
      vertex 5.78509 6.8944 0
    endloop
  endfacet
  facet normal -0.537298 -0.843392 0
    outer loop
      vertex 4.5 7.79423 0
      vertex 5.16219 7.37237 5
      vertex 4.5 7.79423 5
    endloop
  endfacet
  facet normal -0.537298 -0.843392 -0
    outer loop
      vertex 5.16219 7.37237 5
      vertex 4.5 7.79423 0
      vertex 5.16219 7.37237 0
    endloop
  endfacet
  facet normal 0.737275 -0.675593 0
    outer loop
      vertex -6.8944 5.78509 5
      vertex -6.36396 6.36396 0
      vertex -6.36396 6.36396 5
    endloop
  endfacet
  facet normal 0.737275 -0.675593 0
    outer loop
      vertex -6.36396 6.36396 0
      vertex -6.8944 5.78509 5
      vertex -6.8944 5.78509 0
    endloop
  endfacet
  facet normal 0.923881 -0.382681 0
    outer loop
      vertex -8.45723 3.07818 5
      vertex -8.15677 3.80356 0
      vertex -8.15677 3.80356 5
    endloop
  endfacet
  facet normal 0.923881 -0.382681 0
    outer loop
      vertex -8.15677 3.80356 0
      vertex -8.45723 3.07818 5
      vertex -8.45723 3.07818 0
    endloop
  endfacet
  facet normal 0.953717 -0.300707 0
    outer loop
      vertex -8.69333 2.32937 5
      vertex -8.45723 3.07818 0
      vertex -8.45723 3.07818 5
    endloop
  endfacet
  facet normal 0.953717 -0.300707 0
    outer loop
      vertex -8.45723 3.07818 0
      vertex -8.69333 2.32937 5
      vertex -8.69333 2.32937 0
    endloop
  endfacet
  facet normal 0.976295 -0.216442 0
    outer loop
      vertex -8.86327 1.56283 5
      vertex -8.69333 2.32937 0
      vertex -8.69333 2.32937 5
    endloop
  endfacet
  facet normal 0.976295 -0.216442 0
    outer loop
      vertex -8.69333 2.32937 0
      vertex -8.86327 1.56283 5
      vertex -8.86327 1.56283 0
    endloop
  endfacet
  facet normal 0.991445 -0.130524 0
    outer loop
      vertex -8.96575 0.784401 5
      vertex -8.86327 1.56283 0
      vertex -8.86327 1.56283 5
    endloop
  endfacet
  facet normal 0.991445 -0.130524 0
    outer loop
      vertex -8.86327 1.56283 0
      vertex -8.96575 0.784401 5
      vertex -8.96575 0.784401 0
    endloop
  endfacet
  facet normal 0.461745 -0.887013 0
    outer loop
      vertex -4.5 7.79423 0
      vertex -3.80356 8.15677 5
      vertex -4.5 7.79423 5
    endloop
  endfacet
  facet normal 0.461745 -0.887013 0
    outer loop
      vertex -3.80356 8.15677 5
      vertex -4.5 7.79423 0
      vertex -3.80356 8.15677 0
    endloop
  endfacet
  facet normal 0.0436223 -0.999048 0
    outer loop
      vertex -0.784401 8.96575 0
      vertex 0 9 5
      vertex -0.784401 8.96575 5
    endloop
  endfacet
  facet normal 0.0436223 -0.999048 0
    outer loop
      vertex 0 9 5
      vertex -0.784401 8.96575 0
      vertex 0 9 0
    endloop
  endfacet
  facet normal 0.130524 -0.991445 0
    outer loop
      vertex -1.56283 8.86327 0
      vertex -0.784401 8.96575 5
      vertex -1.56283 8.86327 5
    endloop
  endfacet
  facet normal 0.130524 -0.991445 0
    outer loop
      vertex -0.784401 8.96575 5
      vertex -1.56283 8.86327 0
      vertex -0.784401 8.96575 0
    endloop
  endfacet
  facet normal -0.0436223 0.999048 0
    outer loop
      vertex 0.784401 -8.96575 0
      vertex 0 -9 5
      vertex 0.784401 -8.96575 5
    endloop
  endfacet
  facet normal -0.0436223 0.999048 0
    outer loop
      vertex 0 -9 5
      vertex 0.784401 -8.96575 0
      vertex 0 -9 0
    endloop
  endfacet
  facet normal -0.461745 0.887013 0
    outer loop
      vertex 4.5 -7.79423 0
      vertex 3.80356 -8.15677 5
      vertex 4.5 -7.79423 5
    endloop
  endfacet
  facet normal -0.461745 0.887013 0
    outer loop
      vertex 3.80356 -8.15677 5
      vertex 4.5 -7.79423 0
      vertex 3.80356 -8.15677 0
    endloop
  endfacet
  facet normal -0.608763 0.793352 0
    outer loop
      vertex 5.78509 -6.8944 0
      vertex 5.16219 -7.37237 5
      vertex 5.78509 -6.8944 5
    endloop
  endfacet
  facet normal -0.608763 0.793352 0
    outer loop
      vertex 5.16219 -7.37237 5
      vertex 5.78509 -6.8944 0
      vertex 5.16219 -7.37237 0
    endloop
  endfacet
  facet normal -0.537298 0.843392 0
    outer loop
      vertex 5.16219 -7.37237 0
      vertex 4.5 -7.79423 5
      vertex 5.16219 -7.37237 5
    endloop
  endfacet
  facet normal -0.537298 0.843392 0
    outer loop
      vertex 4.5 -7.79423 5
      vertex 5.16219 -7.37237 0
      vertex 4.5 -7.79423 0
    endloop
  endfacet
  facet normal -0.793352 0.608763 0
    outer loop
      vertex 6.8944 -5.78509 0
      vertex 7.37237 -5.16219 5
      vertex 7.37237 -5.16219 0
    endloop
  endfacet
  facet normal -0.793352 0.608763 0
    outer loop
      vertex 7.37237 -5.16219 5
      vertex 6.8944 -5.78509 0
      vertex 6.8944 -5.78509 5
    endloop
  endfacet
  facet normal -0.843392 0.537298 0
    outer loop
      vertex 7.37237 -5.16219 0
      vertex 7.79423 -4.5 5
      vertex 7.79423 -4.5 0
    endloop
  endfacet
  facet normal -0.843392 0.537298 0
    outer loop
      vertex 7.79423 -4.5 5
      vertex 7.37237 -5.16219 0
      vertex 7.37237 -5.16219 5
    endloop
  endfacet
  facet normal 0.130524 0.991445 -0
    outer loop
      vertex -0.784401 -8.96575 0
      vertex -1.56283 -8.86327 5
      vertex -0.784401 -8.96575 5
    endloop
  endfacet
  facet normal 0.130524 0.991445 0
    outer loop
      vertex -1.56283 -8.86327 5
      vertex -0.784401 -8.96575 0
      vertex -1.56283 -8.86327 0
    endloop
  endfacet
  facet normal 0.675593 0.737275 -0
    outer loop
      vertex -5.78509 -6.8944 0
      vertex -6.36396 -6.36396 5
      vertex -5.78509 -6.8944 5
    endloop
  endfacet
  facet normal 0.675593 0.737275 0
    outer loop
      vertex -6.36396 -6.36396 5
      vertex -5.78509 -6.8944 0
      vertex -6.36396 -6.36396 0
    endloop
  endfacet
  facet normal 0.382681 0.923881 -0
    outer loop
      vertex -3.07818 -8.45723 0
      vertex -3.80356 -8.15677 5
      vertex -3.07818 -8.45723 5
    endloop
  endfacet
  facet normal 0.382681 0.923881 0
    outer loop
      vertex -3.80356 -8.15677 5
      vertex -3.07818 -8.45723 0
      vertex -3.80356 -8.15677 0
    endloop
  endfacet
  facet normal 0.0436223 0.999048 -0
    outer loop
      vertex 0 -9 0
      vertex -0.784401 -8.96575 5
      vertex 0 -9 5
    endloop
  endfacet
  facet normal 0.0436223 0.999048 0
    outer loop
      vertex -0.784401 -8.96575 5
      vertex 0 -9 0
      vertex -0.784401 -8.96575 0
    endloop
  endfacet
  facet normal 0.608763 0.793352 -0
    outer loop
      vertex -5.16219 -7.37237 0
      vertex -5.78509 -6.8944 5
      vertex -5.16219 -7.37237 5
    endloop
  endfacet
  facet normal 0.608763 0.793352 0
    outer loop
      vertex -5.78509 -6.8944 5
      vertex -5.16219 -7.37237 0
      vertex -5.78509 -6.8944 0
    endloop
  endfacet
  facet normal 0.923881 0.382681 0
    outer loop
      vertex -8.15677 -3.80356 5
      vertex -8.45723 -3.07818 0
      vertex -8.45723 -3.07818 5
    endloop
  endfacet
  facet normal 0.923881 0.382681 0
    outer loop
      vertex -8.45723 -3.07818 0
      vertex -8.15677 -3.80356 5
      vertex -8.15677 -3.80356 0
    endloop
  endfacet
  facet normal 0.999048 0.0436223 0
    outer loop
      vertex -8.96575 -0.784401 5
      vertex -9 0 0
      vertex -9 0 5
    endloop
  endfacet
  facet normal 0.999048 0.0436223 0
    outer loop
      vertex -9 0 0
      vertex -8.96575 -0.784401 5
      vertex -8.96575 -0.784401 0
    endloop
  endfacet
  facet normal -0.737275 -0.675593 0
    outer loop
      vertex 6.8944 5.78509 0
      vertex 6.36396 6.36396 5
      vertex 6.36396 6.36396 0
    endloop
  endfacet
  facet normal -0.737275 -0.675593 0
    outer loop
      vertex 6.36396 6.36396 5
      vertex 6.8944 5.78509 0
      vertex 6.8944 5.78509 5
    endloop
  endfacet
  facet normal -0.130524 -0.991445 0
    outer loop
      vertex 0.784401 8.96575 0
      vertex 1.56283 8.86327 5
      vertex 0.784401 8.96575 5
    endloop
  endfacet
  facet normal -0.130524 -0.991445 -0
    outer loop
      vertex 1.56283 8.86327 5
      vertex 0.784401 8.96575 0
      vertex 1.56283 8.86327 0
    endloop
  endfacet
  facet normal -0.300707 -0.953717 0
    outer loop
      vertex 2.32937 8.69333 0
      vertex 3.07818 8.45723 5
      vertex 2.32937 8.69333 5
    endloop
  endfacet
  facet normal -0.300707 -0.953717 -0
    outer loop
      vertex 3.07818 8.45723 5
      vertex 2.32937 8.69333 0
      vertex 3.07818 8.45723 0
    endloop
  endfacet
  facet normal -0.461745 -0.887013 0
    outer loop
      vertex 3.80356 8.15677 0
      vertex 4.5 7.79423 5
      vertex 3.80356 8.15677 5
    endloop
  endfacet
  facet normal -0.461745 -0.887013 -0
    outer loop
      vertex 4.5 7.79423 5
      vertex 3.80356 8.15677 0
      vertex 4.5 7.79423 0
    endloop
  endfacet
  facet normal 0.537298 -0.843392 0
    outer loop
      vertex -5.16219 7.37237 0
      vertex -4.5 7.79423 5
      vertex -5.16219 7.37237 5
    endloop
  endfacet
  facet normal 0.537298 -0.843392 0
    outer loop
      vertex -4.5 7.79423 5
      vertex -5.16219 7.37237 0
      vertex -4.5 7.79423 0
    endloop
  endfacet
  facet normal 0.382681 -0.923881 0
    outer loop
      vertex -3.80356 8.15677 0
      vertex -3.07818 8.45723 5
      vertex -3.80356 8.15677 5
    endloop
  endfacet
  facet normal 0.382681 -0.923881 0
    outer loop
      vertex -3.07818 8.45723 5
      vertex -3.80356 8.15677 0
      vertex -3.07818 8.45723 0
    endloop
  endfacet
  facet normal 0.608763 -0.793352 0
    outer loop
      vertex -5.78509 6.8944 0
      vertex -5.16219 7.37237 5
      vertex -5.78509 6.8944 5
    endloop
  endfacet
  facet normal 0.608763 -0.793352 0
    outer loop
      vertex -5.16219 7.37237 5
      vertex -5.78509 6.8944 0
      vertex -5.16219 7.37237 0
    endloop
  endfacet
  facet normal 0.216442 -0.976295 0
    outer loop
      vertex -2.32937 8.69333 0
      vertex -1.56283 8.86327 5
      vertex -2.32937 8.69333 5
    endloop
  endfacet
  facet normal 0.216442 -0.976295 0
    outer loop
      vertex -1.56283 8.86327 5
      vertex -2.32937 8.69333 0
      vertex -1.56283 8.86327 0
    endloop
  endfacet
  facet normal -0.382681 0.923881 0
    outer loop
      vertex 3.80356 -8.15677 0
      vertex 3.07818 -8.45723 5
      vertex 3.80356 -8.15677 5
    endloop
  endfacet
  facet normal -0.382681 0.923881 0
    outer loop
      vertex 3.07818 -8.45723 5
      vertex 3.80356 -8.15677 0
      vertex 3.07818 -8.45723 0
    endloop
  endfacet
  facet normal -0.675593 0.737275 0
    outer loop
      vertex 6.36396 -6.36396 0
      vertex 5.78509 -6.8944 5
      vertex 6.36396 -6.36396 5
    endloop
  endfacet
  facet normal -0.675593 0.737275 0
    outer loop
      vertex 5.78509 -6.8944 5
      vertex 6.36396 -6.36396 0
      vertex 5.78509 -6.8944 0
    endloop
  endfacet
  facet normal -0.923881 0.382681 0
    outer loop
      vertex 8.15677 -3.80356 0
      vertex 8.45723 -3.07818 5
      vertex 8.45723 -3.07818 0
    endloop
  endfacet
  facet normal -0.923881 0.382681 0
    outer loop
      vertex 8.45723 -3.07818 5
      vertex 8.15677 -3.80356 0
      vertex 8.15677 -3.80356 5
    endloop
  endfacet
  facet normal -0.953717 0.300707 0
    outer loop
      vertex 8.45723 -3.07818 0
      vertex 8.69333 -2.32937 5
      vertex 8.69333 -2.32937 0
    endloop
  endfacet
  facet normal -0.953717 0.300707 0
    outer loop
      vertex 8.69333 -2.32937 5
      vertex 8.45723 -3.07818 0
      vertex 8.45723 -3.07818 5
    endloop
  endfacet
  facet normal -0.976295 0.216442 0
    outer loop
      vertex 8.69333 -2.32937 0
      vertex 8.86327 -1.56283 5
      vertex 8.86327 -1.56283 0
    endloop
  endfacet
  facet normal -0.976295 0.216442 0
    outer loop
      vertex 8.86327 -1.56283 5
      vertex 8.69333 -2.32937 0
      vertex 8.69333 -2.32937 5
    endloop
  endfacet
  facet normal 0.216442 0.976295 -0
    outer loop
      vertex -1.56283 -8.86327 0
      vertex -2.32937 -8.69333 5
      vertex -1.56283 -8.86327 5
    endloop
  endfacet
  facet normal 0.216442 0.976295 0
    outer loop
      vertex -2.32937 -8.69333 5
      vertex -1.56283 -8.86327 0
      vertex -2.32937 -8.69333 0
    endloop
  endfacet
  facet normal 0.843392 0.537298 0
    outer loop
      vertex -7.37237 -5.16219 5
      vertex -7.79423 -4.5 0
      vertex -7.79423 -4.5 5
    endloop
  endfacet
  facet normal 0.843392 0.537298 0
    outer loop
      vertex -7.79423 -4.5 0
      vertex -7.37237 -5.16219 5
      vertex -7.37237 -5.16219 0
    endloop
  endfacet
  facet normal 0.887013 0.461745 0
    outer loop
      vertex -7.79423 -4.5 5
      vertex -8.15677 -3.80356 0
      vertex -8.15677 -3.80356 5
    endloop
  endfacet
  facet normal 0.887013 0.461745 0
    outer loop
      vertex -8.15677 -3.80356 0
      vertex -7.79423 -4.5 5
      vertex -7.79423 -4.5 0
    endloop
  endfacet
  facet normal 0.991445 0.130524 0
    outer loop
      vertex -8.86327 -1.56283 5
      vertex -8.96575 -0.784401 0
      vertex -8.96575 -0.784401 5
    endloop
  endfacet
  facet normal 0.991445 0.130524 0
    outer loop
      vertex -8.96575 -0.784401 0
      vertex -8.86327 -1.56283 5
      vertex -8.86327 -1.56283 0
    endloop
  endfacet
  facet normal 0.953717 0.300707 0
    outer loop
      vertex -8.45723 -3.07818 5
      vertex -8.69333 -2.32937 0
      vertex -8.69333 -2.32937 5
    endloop
  endfacet
  facet normal 0.953717 0.300707 0
    outer loop
      vertex -8.69333 -2.32937 0
      vertex -8.45723 -3.07818 5
      vertex -8.45723 -3.07818 0
    endloop
  endfacet
  facet normal -0.953717 -0.300707 0
    outer loop
      vertex 8.69333 2.32937 0
      vertex 8.45723 3.07818 5
      vertex 8.45723 3.07818 0
    endloop
  endfacet
  facet normal -0.953717 -0.300707 0
    outer loop
      vertex 8.45723 3.07818 5
      vertex 8.69333 2.32937 0
      vertex 8.69333 2.32937 5
    endloop
  endfacet
  facet normal 0.843392 -0.537298 0
    outer loop
      vertex -7.79423 4.5 5
      vertex -7.37237 5.16219 0
      vertex -7.37237 5.16219 5
    endloop
  endfacet
  facet normal 0.843392 -0.537298 0
    outer loop
      vertex -7.37237 5.16219 0
      vertex -7.79423 4.5 5
      vertex -7.79423 4.5 0
    endloop
  endfacet
  facet normal -0.216442 0.976295 0
    outer loop
      vertex 2.32937 -8.69333 0
      vertex 1.56283 -8.86327 5
      vertex 2.32937 -8.69333 5
    endloop
  endfacet
  facet normal -0.216442 0.976295 0
    outer loop
      vertex 1.56283 -8.86327 5
      vertex 2.32937 -8.69333 0
      vertex 1.56283 -8.86327 0
    endloop
  endfacet
  facet normal -0.130524 0.991445 0
    outer loop
      vertex 1.56283 -8.86327 0
      vertex 0.784401 -8.96575 5
      vertex 1.56283 -8.86327 5
    endloop
  endfacet
  facet normal -0.130524 0.991445 0
    outer loop
      vertex 0.784401 -8.96575 5
      vertex 1.56283 -8.86327 0
      vertex 0.784401 -8.96575 0
    endloop
  endfacet
  facet normal -0.999048 0.0436223 0
    outer loop
      vertex 8.96575 -0.784401 0
      vertex 9 0 5
      vertex 9 0 0
    endloop
  endfacet
  facet normal -0.999048 0.0436223 0
    outer loop
      vertex 9 0 5
      vertex 8.96575 -0.784401 0
      vertex 8.96575 -0.784401 5
    endloop
  endfacet
  facet normal 0.537298 0.843392 -0
    outer loop
      vertex -4.5 -7.79423 0
      vertex -5.16219 -7.37237 5
      vertex -4.5 -7.79423 5
    endloop
  endfacet
  facet normal 0.537298 0.843392 0
    outer loop
      vertex -5.16219 -7.37237 5
      vertex -4.5 -7.79423 0
      vertex -5.16219 -7.37237 0
    endloop
  endfacet
  facet normal 0.793352 0.608763 0
    outer loop
      vertex -6.8944 -5.78509 5
      vertex -7.37237 -5.16219 0
      vertex -7.37237 -5.16219 5
    endloop
  endfacet
  facet normal 0.793352 0.608763 0
    outer loop
      vertex -7.37237 -5.16219 0
      vertex -6.8944 -5.78509 5
      vertex -6.8944 -5.78509 0
    endloop
  endfacet
endsolid OpenSCAD_Model
