solid OpenSCAD_Model
  facet normal -0.671588 -0.740925 0
    outer loop
      vertex -10.2871 -9.91287 0
      vertex -10.0908 -10.0908 2
      vertex -10.2871 -9.91287 2
    endloop
  endfacet
  facet normal -0.671588 -0.740925 -0
    outer loop
      vertex -10.0908 -10.0908 2
      vertex -10.2871 -9.91287 0
      vertex -10.0908 -10.0908 0
    endloop
  endfacet
  facet normal 0.336968 -0.941516 0
    outer loop
      vertex -13.0332 -9.50552 0
      vertex -12.7838 -9.41626 2
      vertex -13.0332 -9.50552 2
    endloop
  endfacet
  facet normal 0.336968 -0.941516 0
    outer loop
      vertex -12.7838 -9.41626 2
      vertex -13.0332 -9.50552 0
      vertex -12.7838 -9.41626 0
    endloop
  endfacet
  facet normal 0.904022 -0.427486 0
    outer loop
      vertex -14.4945 -10.9668 2
      vertex -14.3812 -10.7272 0
      vertex -14.3812 -10.7272 2
    endloop
  endfacet
  facet normal 0.904022 -0.427486 0
    outer loop
      vertex -14.3812 -10.7272 0
      vertex -14.4945 -10.9668 2
      vertex -14.4945 -10.9668 0
    endloop
  endfacet
  facet normal -0.941516 -0.336968 0
    outer loop
      vertex -9.41626 -11.2162 0
      vertex -9.50552 -10.9668 2
      vertex -9.50552 -10.9668 0
    endloop
  endfacet
  facet normal -0.941516 -0.336968 0
    outer loop
      vertex -9.50552 -10.9668 2
      vertex -9.41626 -11.2162 0
      vertex -9.41626 -11.2162 2
    endloop
  endfacet
  facet normal -0.989176 -0.146735 0
    outer loop
      vertex -9.313 -11.7354 0
      vertex -9.35188 -11.4733 2
      vertex -9.35188 -11.4733 0
    endloop
  endfacet
  facet normal -0.989176 -0.146735 0
    outer loop
      vertex -9.35188 -11.4733 2
      vertex -9.313 -11.7354 0
      vertex -9.313 -11.7354 2
    endloop
  endfacet
  facet normal -0.904036 -0.427455 0
    outer loop
      vertex -9.50552 -10.9668 0
      vertex -9.61881 -10.7272 2
      vertex -9.61881 -10.7272 0
    endloop
  endfacet
  facet normal -0.904036 -0.427455 0
    outer loop
      vertex -9.61881 -10.7272 2
      vertex -9.50552 -10.9668 0
      vertex -9.50552 -10.9668 2
    endloop
  endfacet
  facet normal -0.427455 -0.904036 0
    outer loop
      vertex -10.9668 -9.50552 0
      vertex -10.7272 -9.61881 2
      vertex -10.9668 -9.50552 2
    endloop
  endfacet
  facet normal -0.427455 -0.904036 -0
    outer loop
      vertex -10.7272 -9.61881 2
      vertex -10.9668 -9.50552 0
      vertex -10.7272 -9.61881 0
    endloop
  endfacet
  facet normal -0.146735 -0.989176 0
    outer loop
      vertex -11.7354 -9.313 0
      vertex -11.4733 -9.35188 2
      vertex -11.7354 -9.313 2
    endloop
  endfacet
  facet normal -0.146735 -0.989176 -0
    outer loop
      vertex -11.4733 -9.35188 2
      vertex -11.7354 -9.313 0
      vertex -11.4733 -9.35188 0
    endloop
  endfacet
  facet normal 0.989165 -0.146809 0
    outer loop
      vertex -14.687 -11.7354 2
      vertex -14.6481 -11.4733 0
      vertex -14.6481 -11.4733 2
    endloop
  endfacet
  facet normal 0.989165 -0.146809 0
    outer loop
      vertex -14.6481 -11.4733 0
      vertex -14.687 -11.7354 2
      vertex -14.687 -11.7354 0
    endloop
  endfacet
  facet normal 0.740981 -0.671526 0
    outer loop
      vertex -14.0871 -10.2871 2
      vertex -13.9092 -10.0908 0
      vertex -13.9092 -10.0908 2
    endloop
  endfacet
  facet normal 0.740981 -0.671526 0
    outer loop
      vertex -13.9092 -10.0908 0
      vertex -14.0871 -10.2871 2
      vertex -14.0871 -10.2871 0
    endloop
  endfacet
  facet normal 0.146735 -0.989176 0
    outer loop
      vertex -12.5267 -9.35188 0
      vertex -12.2646 -9.313 2
      vertex -12.5267 -9.35188 2
    endloop
  endfacet
  facet normal 0.146735 -0.989176 0
    outer loop
      vertex -12.2646 -9.313 2
      vertex -12.5267 -9.35188 0
      vertex -12.2646 -9.313 0
    endloop
  endfacet
  facet normal -0.989176 0.146735 0
    outer loop
      vertex -9.35188 -12.5267 0
      vertex -9.313 -12.2646 2
      vertex -9.313 -12.2646 0
    endloop
  endfacet
  facet normal -0.989176 0.146735 0
    outer loop
      vertex -9.313 -12.2646 2
      vertex -9.35188 -12.5267 0
      vertex -9.35188 -12.5267 2
    endloop
  endfacet
  facet normal -0.740925 0.671588 0
    outer loop
      vertex -10.0908 -13.9092 0
      vertex -9.91287 -13.7129 2
      vertex -9.91287 -13.7129 0
    endloop
  endfacet
  facet normal -0.740925 0.671588 0
    outer loop
      vertex -9.91287 -13.7129 2
      vertex -10.0908 -13.9092 0
      vertex -10.0908 -13.9092 2
    endloop
  endfacet
  facet normal 0.146809 0.989165 -0
    outer loop
      vertex -12.2646 -14.687 0
      vertex -12.5267 -14.6481 2
      vertex -12.2646 -14.687 2
    endloop
  endfacet
  facet normal 0.146809 0.989165 0
    outer loop
      vertex -12.5267 -14.6481 2
      vertex -12.2646 -14.687 0
      vertex -12.5267 -14.6481 0
    endloop
  endfacet
  facet normal 0.671526 0.740981 -0
    outer loop
      vertex -13.7129 -14.0871 0
      vertex -13.9092 -13.9092 2
      vertex -13.7129 -14.0871 2
    endloop
  endfacet
  facet normal 0.671526 0.740981 0
    outer loop
      vertex -13.9092 -13.9092 2
      vertex -13.7129 -14.0871 0
      vertex -13.9092 -13.9092 0
    endloop
  endfacet
  facet normal -0.970049 -0.242908 0
    outer loop
      vertex -9.35188 -11.4733 0
      vertex -9.41626 -11.2162 2
      vertex -9.41626 -11.2162 0
    endloop
  endfacet
  facet normal -0.970049 -0.242908 0
    outer loop
      vertex -9.41626 -11.2162 2
      vertex -9.35188 -11.4733 0
      vertex -9.35188 -11.4733 2
    endloop
  endfacet
  facet normal -0.803311 -0.59556 0
    outer loop
      vertex -9.75503 -10.5 0
      vertex -9.91287 -10.2871 2
      vertex -9.91287 -10.2871 0
    endloop
  endfacet
  facet normal -0.803311 -0.59556 0
    outer loop
      vertex -9.91287 -10.2871 2
      vertex -9.75503 -10.5 0
      vertex -9.75503 -10.5 2
    endloop
  endfacet
  facet normal -0.857659 -0.514218 0
    outer loop
      vertex -9.61881 -10.7272 0
      vertex -9.75503 -10.5 2
      vertex -9.75503 -10.5 0
    endloop
  endfacet
  facet normal -0.857659 -0.514218 0
    outer loop
      vertex -9.75503 -10.5 2
      vertex -9.61881 -10.7272 0
      vertex -9.61881 -10.7272 2
    endloop
  endfacet
  facet normal -0.740925 -0.671588 0
    outer loop
      vertex -9.91287 -10.2871 0
      vertex -10.0908 -10.0908 2
      vertex -10.0908 -10.0908 0
    endloop
  endfacet
  facet normal -0.740925 -0.671588 0
    outer loop
      vertex -10.0908 -10.0908 2
      vertex -9.91287 -10.2871 0
      vertex -9.91287 -10.2871 2
    endloop
  endfacet
  facet normal -0.59556 -0.803311 0
    outer loop
      vertex -10.5 -9.75503 0
      vertex -10.2871 -9.91287 2
      vertex -10.5 -9.75503 2
    endloop
  endfacet
  facet normal -0.59556 -0.803311 -0
    outer loop
      vertex -10.2871 -9.91287 2
      vertex -10.5 -9.75503 0
      vertex -10.2871 -9.91287 0
    endloop
  endfacet
  facet normal -0.0490716 -0.998795 0
    outer loop
      vertex -12 -9.3 0
      vertex -11.7354 -9.313 2
      vertex -12 -9.3 2
    endloop
  endfacet
  facet normal -0.0490716 -0.998795 -0
    outer loop
      vertex -11.7354 -9.313 2
      vertex -12 -9.3 0
      vertex -11.7354 -9.313 0
    endloop
  endfacet
  facet normal -0.514218 -0.857659 0
    outer loop
      vertex -10.7272 -9.61881 0
      vertex -10.5 -9.75503 2
      vertex -10.7272 -9.61881 2
    endloop
  endfacet
  facet normal -0.514218 -0.857659 -0
    outer loop
      vertex -10.5 -9.75503 2
      vertex -10.7272 -9.61881 0
      vertex -10.5 -9.75503 0
    endloop
  endfacet
  facet normal -0.336968 -0.941516 0
    outer loop
      vertex -11.2162 -9.41626 0
      vertex -10.9668 -9.50552 2
      vertex -11.2162 -9.41626 2
    endloop
  endfacet
  facet normal -0.336968 -0.941516 -0
    outer loop
      vertex -10.9668 -9.50552 2
      vertex -11.2162 -9.41626 0
      vertex -10.9668 -9.50552 0
    endloop
  endfacet
  facet normal -0.242908 -0.970049 0
    outer loop
      vertex -11.4733 -9.35188 0
      vertex -11.2162 -9.41626 2
      vertex -11.4733 -9.35188 2
    endloop
  endfacet
  facet normal -0.242908 -0.970049 -0
    outer loop
      vertex -11.2162 -9.41626 2
      vertex -11.4733 -9.35188 0
      vertex -11.2162 -9.41626 0
    endloop
  endfacet
  facet normal 0.998795 -0.0490716 0
    outer loop
      vertex -14.7 -12 2
      vertex -14.687 -11.7354 0
      vertex -14.687 -11.7354 2
    endloop
  endfacet
  facet normal 0.998795 -0.0490716 0
    outer loop
      vertex -14.687 -11.7354 0
      vertex -14.7 -12 2
      vertex -14.7 -12 0
    endloop
  endfacet
  facet normal 0.941588 -0.336767 0
    outer loop
      vertex -14.5837 -11.2162 2
      vertex -14.4945 -10.9668 0
      vertex -14.4945 -10.9668 2
    endloop
  endfacet
  facet normal 0.941588 -0.336767 0
    outer loop
      vertex -14.4945 -10.9668 0
      vertex -14.5837 -11.2162 2
      vertex -14.5837 -11.2162 0
    endloop
  endfacet
  facet normal 0.970031 -0.242979 0
    outer loop
      vertex -14.6481 -11.4733 2
      vertex -14.5837 -11.2162 0
      vertex -14.5837 -11.2162 2
    endloop
  endfacet
  facet normal 0.970031 -0.242979 0
    outer loop
      vertex -14.5837 -11.2162 0
      vertex -14.6481 -11.4733 2
      vertex -14.6481 -11.4733 0
    endloop
  endfacet
  facet normal 0.857693 -0.514163 0
    outer loop
      vertex -14.3812 -10.7272 2
      vertex -14.245 -10.5 0
      vertex -14.245 -10.5 2
    endloop
  endfacet
  facet normal 0.857693 -0.514163 0
    outer loop
      vertex -14.245 -10.5 0
      vertex -14.3812 -10.7272 2
      vertex -14.3812 -10.7272 0
    endloop
  endfacet
  facet normal 0.803203 -0.595706 0
    outer loop
      vertex -14.245 -10.5 2
      vertex -14.0871 -10.2871 0
      vertex -14.0871 -10.2871 2
    endloop
  endfacet
  facet normal 0.803203 -0.595706 0
    outer loop
      vertex -14.0871 -10.2871 0
      vertex -14.245 -10.5 2
      vertex -14.245 -10.5 0
    endloop
  endfacet
  facet normal 0.242908 -0.970049 0
    outer loop
      vertex -12.7838 -9.41626 0
      vertex -12.5267 -9.35188 2
      vertex -12.7838 -9.41626 2
    endloop
  endfacet
  facet normal 0.242908 -0.970049 0
    outer loop
      vertex -12.5267 -9.35188 2
      vertex -12.7838 -9.41626 0
      vertex -12.5267 -9.35188 0
    endloop
  endfacet
  facet normal 0.0490716 -0.998795 0
    outer loop
      vertex -12.2646 -9.313 0
      vertex -12 -9.3 2
      vertex -12.2646 -9.313 2
    endloop
  endfacet
  facet normal 0.0490716 -0.998795 0
    outer loop
      vertex -12 -9.3 2
      vertex -12.2646 -9.313 0
      vertex -12 -9.3 0
    endloop
  endfacet
  facet normal 0.514218 -0.857659 0
    outer loop
      vertex -13.5 -9.75503 0
      vertex -13.2728 -9.61881 2
      vertex -13.5 -9.75503 2
    endloop
  endfacet
  facet normal 0.514218 -0.857659 0
    outer loop
      vertex -13.2728 -9.61881 2
      vertex -13.5 -9.75503 0
      vertex -13.2728 -9.61881 0
    endloop
  endfacet
  facet normal 0.59556 -0.803311 0
    outer loop
      vertex -13.7129 -9.91287 0
      vertex -13.5 -9.75503 2
      vertex -13.7129 -9.91287 2
    endloop
  endfacet
  facet normal 0.59556 -0.803311 0
    outer loop
      vertex -13.5 -9.75503 2
      vertex -13.7129 -9.91287 0
      vertex -13.5 -9.75503 0
    endloop
  endfacet
  facet normal 0.427455 -0.904036 0
    outer loop
      vertex -13.2728 -9.61881 0
      vertex -13.0332 -9.50552 2
      vertex -13.2728 -9.61881 2
    endloop
  endfacet
  facet normal 0.427455 -0.904036 0
    outer loop
      vertex -13.0332 -9.50552 2
      vertex -13.2728 -9.61881 0
      vertex -13.0332 -9.50552 0
    endloop
  endfacet
  facet normal 0.671588 -0.740925 0
    outer loop
      vertex -13.9092 -10.0908 0
      vertex -13.7129 -9.91287 2
      vertex -13.9092 -10.0908 2
    endloop
  endfacet
  facet normal 0.671588 -0.740925 0
    outer loop
      vertex -13.7129 -9.91287 2
      vertex -13.9092 -10.0908 0
      vertex -13.7129 -9.91287 0
    endloop
  endfacet
  facet normal -0.998795 -0.0490716 0
    outer loop
      vertex -9.3 -12 0
      vertex -9.313 -11.7354 2
      vertex -9.313 -11.7354 0
    endloop
  endfacet
  facet normal -0.998795 -0.0490716 0
    outer loop
      vertex -9.313 -11.7354 2
      vertex -9.3 -12 0
      vertex -9.3 -12 2
    endloop
  endfacet
  facet normal -0.0490716 0.998795 0
    outer loop
      vertex -11.7354 -14.687 0
      vertex -12 -14.7 2
      vertex -11.7354 -14.687 2
    endloop
  endfacet
  facet normal -0.0490716 0.998795 0
    outer loop
      vertex -12 -14.7 2
      vertex -11.7354 -14.687 0
      vertex -12 -14.7 0
    endloop
  endfacet
  facet normal -0.242979 0.970031 0
    outer loop
      vertex -11.2162 -14.5837 0
      vertex -11.4733 -14.6481 2
      vertex -11.2162 -14.5837 2
    endloop
  endfacet
  facet normal -0.242979 0.970031 0
    outer loop
      vertex -11.4733 -14.6481 2
      vertex -11.2162 -14.5837 0
      vertex -11.4733 -14.6481 0
    endloop
  endfacet
  facet normal -0.595706 0.803203 0
    outer loop
      vertex -10.2871 -14.0871 0
      vertex -10.5 -14.245 2
      vertex -10.2871 -14.0871 2
    endloop
  endfacet
  facet normal -0.595706 0.803203 0
    outer loop
      vertex -10.5 -14.245 2
      vertex -10.2871 -14.0871 0
      vertex -10.5 -14.245 0
    endloop
  endfacet
  facet normal -0.427486 0.904022 0
    outer loop
      vertex -10.7272 -14.3812 0
      vertex -10.9668 -14.4945 2
      vertex -10.7272 -14.3812 2
    endloop
  endfacet
  facet normal -0.427486 0.904022 0
    outer loop
      vertex -10.9668 -14.4945 2
      vertex -10.7272 -14.3812 0
      vertex -10.9668 -14.4945 0
    endloop
  endfacet
  facet normal -0.857659 0.514218 0
    outer loop
      vertex -9.75503 -13.5 0
      vertex -9.61881 -13.2728 2
      vertex -9.61881 -13.2728 0
    endloop
  endfacet
  facet normal -0.857659 0.514218 0
    outer loop
      vertex -9.61881 -13.2728 2
      vertex -9.75503 -13.5 0
      vertex -9.75503 -13.5 2
    endloop
  endfacet
  facet normal 0.0490716 0.998795 -0
    outer loop
      vertex -12 -14.7 0
      vertex -12.2646 -14.687 2
      vertex -12 -14.7 2
    endloop
  endfacet
  facet normal 0.0490716 0.998795 0
    outer loop
      vertex -12.2646 -14.687 2
      vertex -12 -14.7 0
      vertex -12.2646 -14.687 0
    endloop
  endfacet
  facet normal 0.336767 0.941588 -0
    outer loop
      vertex -12.7838 -14.5837 0
      vertex -13.0332 -14.4945 2
      vertex -12.7838 -14.5837 2
    endloop
  endfacet
  facet normal 0.336767 0.941588 0
    outer loop
      vertex -13.0332 -14.4945 2
      vertex -12.7838 -14.5837 0
      vertex -13.0332 -14.4945 0
    endloop
  endfacet
  facet normal 0.514163 0.857693 -0
    outer loop
      vertex -13.2728 -14.3812 0
      vertex -13.5 -14.245 2
      vertex -13.2728 -14.3812 2
    endloop
  endfacet
  facet normal 0.514163 0.857693 0
    outer loop
      vertex -13.5 -14.245 2
      vertex -13.2728 -14.3812 0
      vertex -13.5 -14.245 0
    endloop
  endfacet
  facet normal 0.970031 0.242979 0
    outer loop
      vertex -14.5837 -12.7838 2
      vertex -14.6481 -12.5267 0
      vertex -14.6481 -12.5267 2
    endloop
  endfacet
  facet normal 0.970031 0.242979 0
    outer loop
      vertex -14.6481 -12.5267 0
      vertex -14.5837 -12.7838 2
      vertex -14.5837 -12.7838 0
    endloop
  endfacet
  facet normal 0.998795 0.0490716 0
    outer loop
      vertex -14.687 -12.2646 2
      vertex -14.7 -12 0
      vertex -14.7 -12 2
    endloop
  endfacet
  facet normal 0.998795 0.0490716 0
    outer loop
      vertex -14.7 -12 0
      vertex -14.687 -12.2646 2
      vertex -14.687 -12.2646 0
    endloop
  endfacet
  facet normal 0.803203 0.595706 0
    outer loop
      vertex -14.0871 -13.7129 2
      vertex -14.245 -13.5 0
      vertex -14.245 -13.5 2
    endloop
  endfacet
  facet normal 0.803203 0.595706 0
    outer loop
      vertex -14.245 -13.5 0
      vertex -14.0871 -13.7129 2
      vertex -14.0871 -13.7129 0
    endloop
  endfacet
  facet normal 0.904022 0.427486 0
    outer loop
      vertex -14.3812 -13.2728 2
      vertex -14.4945 -13.0332 0
      vertex -14.4945 -13.0332 2
    endloop
  endfacet
  facet normal 0.904022 0.427486 0
    outer loop
      vertex -14.4945 -13.0332 0
      vertex -14.3812 -13.2728 2
      vertex -14.3812 -13.2728 0
    endloop
  endfacet
  facet normal 0.740981 0.671526 0
    outer loop
      vertex -13.9092 -13.9092 2
      vertex -14.0871 -13.7129 0
      vertex -14.0871 -13.7129 2
    endloop
  endfacet
  facet normal 0.740981 0.671526 0
    outer loop
      vertex -14.0871 -13.7129 0
      vertex -13.9092 -13.9092 2
      vertex -13.9092 -13.9092 0
    endloop
  endfacet
  facet normal -0.970049 0.242908 0
    outer loop
      vertex -9.41626 -12.7838 0
      vertex -9.35188 -12.5267 2
      vertex -9.35188 -12.5267 0
    endloop
  endfacet
  facet normal -0.970049 0.242908 0
    outer loop
      vertex -9.35188 -12.5267 2
      vertex -9.41626 -12.7838 0
      vertex -9.41626 -12.7838 2
    endloop
  endfacet
  facet normal -0.941516 0.336968 0
    outer loop
      vertex -9.50552 -13.0332 0
      vertex -9.41626 -12.7838 2
      vertex -9.41626 -12.7838 0
    endloop
  endfacet
  facet normal -0.941516 0.336968 0
    outer loop
      vertex -9.41626 -12.7838 2
      vertex -9.50552 -13.0332 0
      vertex -9.50552 -13.0332 2
    endloop
  endfacet
  facet normal -0.146809 0.989165 0
    outer loop
      vertex -11.4733 -14.6481 0
      vertex -11.7354 -14.687 2
      vertex -11.4733 -14.6481 2
    endloop
  endfacet
  facet normal -0.146809 0.989165 0
    outer loop
      vertex -11.7354 -14.687 2
      vertex -11.4733 -14.6481 0
      vertex -11.7354 -14.687 0
    endloop
  endfacet
  facet normal -0.336767 0.941588 0
    outer loop
      vertex -10.9668 -14.4945 0
      vertex -11.2162 -14.5837 2
      vertex -10.9668 -14.4945 2
    endloop
  endfacet
  facet normal -0.336767 0.941588 0
    outer loop
      vertex -11.2162 -14.5837 2
      vertex -10.9668 -14.4945 0
      vertex -11.2162 -14.5837 0
    endloop
  endfacet
  facet normal -0.671526 0.740981 0
    outer loop
      vertex -10.0908 -13.9092 0
      vertex -10.2871 -14.0871 2
      vertex -10.0908 -13.9092 2
    endloop
  endfacet
  facet normal -0.671526 0.740981 0
    outer loop
      vertex -10.2871 -14.0871 2
      vertex -10.0908 -13.9092 0
      vertex -10.2871 -14.0871 0
    endloop
  endfacet
  facet normal -0.514163 0.857693 0
    outer loop
      vertex -10.5 -14.245 0
      vertex -10.7272 -14.3812 2
      vertex -10.5 -14.245 2
    endloop
  endfacet
  facet normal -0.514163 0.857693 0
    outer loop
      vertex -10.7272 -14.3812 2
      vertex -10.5 -14.245 0
      vertex -10.7272 -14.3812 0
    endloop
  endfacet
  facet normal -0.904036 0.427455 0
    outer loop
      vertex -9.61881 -13.2728 0
      vertex -9.50552 -13.0332 2
      vertex -9.50552 -13.0332 0
    endloop
  endfacet
  facet normal -0.904036 0.427455 0
    outer loop
      vertex -9.50552 -13.0332 2
      vertex -9.61881 -13.2728 0
      vertex -9.61881 -13.2728 2
    endloop
  endfacet
  facet normal -0.803311 0.59556 0
    outer loop
      vertex -9.91287 -13.7129 0
      vertex -9.75503 -13.5 2
      vertex -9.75503 -13.5 0
    endloop
  endfacet
  facet normal -0.803311 0.59556 0
    outer loop
      vertex -9.75503 -13.5 2
      vertex -9.91287 -13.7129 0
      vertex -9.91287 -13.7129 2
    endloop
  endfacet
  facet normal 0.242979 0.970031 -0
    outer loop
      vertex -12.5267 -14.6481 0
      vertex -12.7838 -14.5837 2
      vertex -12.5267 -14.6481 2
    endloop
  endfacet
  facet normal 0.242979 0.970031 0
    outer loop
      vertex -12.7838 -14.5837 2
      vertex -12.5267 -14.6481 0
      vertex -12.7838 -14.5837 0
    endloop
  endfacet
  facet normal 0.427486 0.904022 -0
    outer loop
      vertex -13.0332 -14.4945 0
      vertex -13.2728 -14.3812 2
      vertex -13.0332 -14.4945 2
    endloop
  endfacet
  facet normal 0.427486 0.904022 0
    outer loop
      vertex -13.2728 -14.3812 2
      vertex -13.0332 -14.4945 0
      vertex -13.2728 -14.3812 0
    endloop
  endfacet
  facet normal 0.595706 0.803203 -0
    outer loop
      vertex -13.5 -14.245 0
      vertex -13.7129 -14.0871 2
      vertex -13.5 -14.245 2
    endloop
  endfacet
  facet normal 0.595706 0.803203 0
    outer loop
      vertex -13.7129 -14.0871 2
      vertex -13.5 -14.245 0
      vertex -13.7129 -14.0871 0
    endloop
  endfacet
  facet normal 0.941588 0.336767 0
    outer loop
      vertex -14.4945 -13.0332 2
      vertex -14.5837 -12.7838 0
      vertex -14.5837 -12.7838 2
    endloop
  endfacet
  facet normal 0.941588 0.336767 0
    outer loop
      vertex -14.5837 -12.7838 0
      vertex -14.4945 -13.0332 2
      vertex -14.4945 -13.0332 0
    endloop
  endfacet
  facet normal 0.989165 0.146809 0
    outer loop
      vertex -14.6481 -12.5267 2
      vertex -14.687 -12.2646 0
      vertex -14.687 -12.2646 2
    endloop
  endfacet
  facet normal 0.989165 0.146809 0
    outer loop
      vertex -14.687 -12.2646 0
      vertex -14.6481 -12.5267 2
      vertex -14.6481 -12.5267 0
    endloop
  endfacet
  facet normal 0.857693 0.514163 0
    outer loop
      vertex -14.245 -13.5 2
      vertex -14.3812 -13.2728 0
      vertex -14.3812 -13.2728 2
    endloop
  endfacet
  facet normal 0.857693 0.514163 0
    outer loop
      vertex -14.3812 -13.2728 0
      vertex -14.245 -13.5 2
      vertex -14.245 -13.5 0
    endloop
  endfacet
  facet normal -0.998795 0.0490716 0
    outer loop
      vertex -9.313 -12.2646 0
      vertex -9.3 -12 2
      vertex -9.3 -12 0
    endloop
  endfacet
  facet normal -0.998795 0.0490716 0
    outer loop
      vertex -9.3 -12 2
      vertex -9.313 -12.2646 0
      vertex -9.313 -12.2646 2
    endloop
  endfacet
  facet normal -0.998795 -0.0490716 0
    outer loop
      vertex -9.3 12 0
      vertex -9.313 12.2646 2
      vertex -9.313 12.2646 0
    endloop
  endfacet
  facet normal -0.998795 -0.0490716 0
    outer loop
      vertex -9.313 12.2646 2
      vertex -9.3 12 0
      vertex -9.3 12 2
    endloop
  endfacet
  facet normal 0.0490716 -0.998795 0
    outer loop
      vertex -12.2646 14.687 0
      vertex -12 14.7 2
      vertex -12.2646 14.687 2
    endloop
  endfacet
  facet normal 0.0490716 -0.998795 0
    outer loop
      vertex -12 14.7 2
      vertex -12.2646 14.687 0
      vertex -12 14.7 0
    endloop
  endfacet
  facet normal -0.0490716 0.998795 0
    outer loop
      vertex -11.7354 9.313 0
      vertex -12 9.3 2
      vertex -11.7354 9.313 2
    endloop
  endfacet
  facet normal -0.0490716 0.998795 0
    outer loop
      vertex -12 9.3 2
      vertex -11.7354 9.313 0
      vertex -12 9.3 0
    endloop
  endfacet
  facet normal -0.671526 -0.740981 0
    outer loop
      vertex -10.2871 14.0871 0
      vertex -10.0908 13.9092 2
      vertex -10.2871 14.0871 2
    endloop
  endfacet
  facet normal -0.671526 -0.740981 -0
    outer loop
      vertex -10.0908 13.9092 2
      vertex -10.2871 14.0871 0
      vertex -10.0908 13.9092 0
    endloop
  endfacet
  facet normal 0.740981 -0.671526 0
    outer loop
      vertex -14.0871 13.7129 2
      vertex -13.9092 13.9092 0
      vertex -13.9092 13.9092 2
    endloop
  endfacet
  facet normal 0.740981 -0.671526 0
    outer loop
      vertex -13.9092 13.9092 0
      vertex -14.0871 13.7129 2
      vertex -14.0871 13.7129 0
    endloop
  endfacet
  facet normal 0.427486 -0.904022 0
    outer loop
      vertex -13.2728 14.3812 0
      vertex -13.0332 14.4945 2
      vertex -13.2728 14.3812 2
    endloop
  endfacet
  facet normal 0.427486 -0.904022 0
    outer loop
      vertex -13.0332 14.4945 2
      vertex -13.2728 14.3812 0
      vertex -13.0332 14.4945 0
    endloop
  endfacet
  facet normal -0.904036 -0.427455 0
    outer loop
      vertex -9.50552 13.0332 0
      vertex -9.61881 13.2728 2
      vertex -9.61881 13.2728 0
    endloop
  endfacet
  facet normal -0.904036 -0.427455 0
    outer loop
      vertex -9.61881 13.2728 2
      vertex -9.50552 13.0332 0
      vertex -9.50552 13.0332 2
    endloop
  endfacet
  facet normal -0.336767 -0.941588 0
    outer loop
      vertex -11.2162 14.5837 0
      vertex -10.9668 14.4945 2
      vertex -11.2162 14.5837 2
    endloop
  endfacet
  facet normal -0.336767 -0.941588 -0
    outer loop
      vertex -10.9668 14.4945 2
      vertex -11.2162 14.5837 0
      vertex -10.9668 14.4945 0
    endloop
  endfacet
  facet normal -0.514163 -0.857693 0
    outer loop
      vertex -10.7272 14.3812 0
      vertex -10.5 14.245 2
      vertex -10.7272 14.3812 2
    endloop
  endfacet
  facet normal -0.514163 -0.857693 -0
    outer loop
      vertex -10.5 14.245 2
      vertex -10.7272 14.3812 0
      vertex -10.5 14.245 0
    endloop
  endfacet
  facet normal 0.941588 -0.336767 0
    outer loop
      vertex -14.5837 12.7838 2
      vertex -14.4945 13.0332 0
      vertex -14.4945 13.0332 2
    endloop
  endfacet
  facet normal 0.941588 -0.336767 0
    outer loop
      vertex -14.4945 13.0332 0
      vertex -14.5837 12.7838 2
      vertex -14.5837 12.7838 0
    endloop
  endfacet
  facet normal 0.242979 -0.970031 0
    outer loop
      vertex -12.7838 14.5837 0
      vertex -12.5267 14.6481 2
      vertex -12.7838 14.5837 2
    endloop
  endfacet
  facet normal 0.242979 -0.970031 0
    outer loop
      vertex -12.5267 14.6481 2
      vertex -12.7838 14.5837 0
      vertex -12.5267 14.6481 0
    endloop
  endfacet
  facet normal -0.989176 0.146735 0
    outer loop
      vertex -9.35188 11.4733 0
      vertex -9.313 11.7354 2
      vertex -9.313 11.7354 0
    endloop
  endfacet
  facet normal -0.989176 0.146735 0
    outer loop
      vertex -9.313 11.7354 2
      vertex -9.35188 11.4733 0
      vertex -9.35188 11.4733 2
    endloop
  endfacet
  facet normal 0.941588 0.336767 0
    outer loop
      vertex -14.4945 10.9668 2
      vertex -14.5837 11.2162 0
      vertex -14.5837 11.2162 2
    endloop
  endfacet
  facet normal 0.941588 0.336767 0
    outer loop
      vertex -14.5837 11.2162 0
      vertex -14.4945 10.9668 2
      vertex -14.4945 10.9668 0
    endloop
  endfacet
  facet normal -0.146735 0.989176 0
    outer loop
      vertex -11.4733 9.35188 0
      vertex -11.7354 9.313 2
      vertex -11.4733 9.35188 2
    endloop
  endfacet
  facet normal -0.146735 0.989176 0
    outer loop
      vertex -11.7354 9.313 2
      vertex -11.4733 9.35188 0
      vertex -11.7354 9.313 0
    endloop
  endfacet
  facet normal -0.427455 0.904036 0
    outer loop
      vertex -10.7272 9.61881 0
      vertex -10.9668 9.50552 2
      vertex -10.7272 9.61881 2
    endloop
  endfacet
  facet normal -0.427455 0.904036 0
    outer loop
      vertex -10.9668 9.50552 2
      vertex -10.7272 9.61881 0
      vertex -10.9668 9.50552 0
    endloop
  endfacet
  facet normal -0.970049 -0.242908 0
    outer loop
      vertex -9.35188 12.5267 0
      vertex -9.41626 12.7838 2
      vertex -9.41626 12.7838 0
    endloop
  endfacet
  facet normal -0.970049 -0.242908 0
    outer loop
      vertex -9.41626 12.7838 2
      vertex -9.35188 12.5267 0
      vertex -9.35188 12.5267 2
    endloop
  endfacet
  facet normal -0.989176 -0.146735 0
    outer loop
      vertex -9.313 12.2646 0
      vertex -9.35188 12.5267 2
      vertex -9.35188 12.5267 0
    endloop
  endfacet
  facet normal -0.989176 -0.146735 0
    outer loop
      vertex -9.35188 12.5267 2
      vertex -9.313 12.2646 0
      vertex -9.313 12.2646 2
    endloop
  endfacet
  facet normal -0.941516 -0.336968 0
    outer loop
      vertex -9.41626 12.7838 0
      vertex -9.50552 13.0332 2
      vertex -9.50552 13.0332 0
    endloop
  endfacet
  facet normal -0.941516 -0.336968 0
    outer loop
      vertex -9.50552 13.0332 2
      vertex -9.41626 12.7838 0
      vertex -9.41626 12.7838 2
    endloop
  endfacet
  facet normal -0.803311 -0.59556 0
    outer loop
      vertex -9.75503 13.5 0
      vertex -9.91287 13.7129 2
      vertex -9.91287 13.7129 0
    endloop
  endfacet
  facet normal -0.803311 -0.59556 0
    outer loop
      vertex -9.91287 13.7129 2
      vertex -9.75503 13.5 0
      vertex -9.75503 13.5 2
    endloop
  endfacet
  facet normal -0.740925 -0.671588 0
    outer loop
      vertex -9.91287 13.7129 0
      vertex -10.0908 13.9092 2
      vertex -10.0908 13.9092 0
    endloop
  endfacet
  facet normal -0.740925 -0.671588 0
    outer loop
      vertex -10.0908 13.9092 2
      vertex -9.91287 13.7129 0
      vertex -9.91287 13.7129 2
    endloop
  endfacet
  facet normal -0.857659 -0.514218 0
    outer loop
      vertex -9.61881 13.2728 0
      vertex -9.75503 13.5 2
      vertex -9.75503 13.5 0
    endloop
  endfacet
  facet normal -0.857659 -0.514218 0
    outer loop
      vertex -9.75503 13.5 2
      vertex -9.61881 13.2728 0
      vertex -9.61881 13.2728 2
    endloop
  endfacet
  facet normal -0.146809 -0.989165 0
    outer loop
      vertex -11.7354 14.687 0
      vertex -11.4733 14.6481 2
      vertex -11.7354 14.687 2
    endloop
  endfacet
  facet normal -0.146809 -0.989165 -0
    outer loop
      vertex -11.4733 14.6481 2
      vertex -11.7354 14.687 0
      vertex -11.4733 14.6481 0
    endloop
  endfacet
  facet normal -0.242979 -0.970031 0
    outer loop
      vertex -11.4733 14.6481 0
      vertex -11.2162 14.5837 2
      vertex -11.4733 14.6481 2
    endloop
  endfacet
  facet normal -0.242979 -0.970031 -0
    outer loop
      vertex -11.2162 14.5837 2
      vertex -11.4733 14.6481 0
      vertex -11.2162 14.5837 0
    endloop
  endfacet
  facet normal -0.0490716 -0.998795 0
    outer loop
      vertex -12 14.7 0
      vertex -11.7354 14.687 2
      vertex -12 14.7 2
    endloop
  endfacet
  facet normal -0.0490716 -0.998795 -0
    outer loop
      vertex -11.7354 14.687 2
      vertex -12 14.7 0
      vertex -11.7354 14.687 0
    endloop
  endfacet
  facet normal -0.427486 -0.904022 0
    outer loop
      vertex -10.9668 14.4945 0
      vertex -10.7272 14.3812 2
      vertex -10.9668 14.4945 2
    endloop
  endfacet
  facet normal -0.427486 -0.904022 -0
    outer loop
      vertex -10.7272 14.3812 2
      vertex -10.9668 14.4945 0
      vertex -10.7272 14.3812 0
    endloop
  endfacet
  facet normal -0.595706 -0.803203 0
    outer loop
      vertex -10.5 14.245 0
      vertex -10.2871 14.0871 2
      vertex -10.5 14.245 2
    endloop
  endfacet
  facet normal -0.595706 -0.803203 -0
    outer loop
      vertex -10.2871 14.0871 2
      vertex -10.5 14.245 0
      vertex -10.2871 14.0871 0
    endloop
  endfacet
  facet normal 0.989165 -0.146809 0
    outer loop
      vertex -14.687 12.2646 2
      vertex -14.6481 12.5267 0
      vertex -14.6481 12.5267 2
    endloop
  endfacet
  facet normal 0.989165 -0.146809 0
    outer loop
      vertex -14.6481 12.5267 0
      vertex -14.687 12.2646 2
      vertex -14.687 12.2646 0
    endloop
  endfacet
  facet normal 0.857693 -0.514163 0
    outer loop
      vertex -14.3812 13.2728 2
      vertex -14.245 13.5 0
      vertex -14.245 13.5 2
    endloop
  endfacet
  facet normal 0.857693 -0.514163 0
    outer loop
      vertex -14.245 13.5 0
      vertex -14.3812 13.2728 2
      vertex -14.3812 13.2728 0
    endloop
  endfacet
  facet normal 0.803203 -0.595706 0
    outer loop
      vertex -14.245 13.5 2
      vertex -14.0871 13.7129 0
      vertex -14.0871 13.7129 2
    endloop
  endfacet
  facet normal 0.803203 -0.595706 0
    outer loop
      vertex -14.0871 13.7129 0
      vertex -14.245 13.5 2
      vertex -14.245 13.5 0
    endloop
  endfacet
  facet normal 0.904022 -0.427486 0
    outer loop
      vertex -14.4945 13.0332 2
      vertex -14.3812 13.2728 0
      vertex -14.3812 13.2728 2
    endloop
  endfacet
  facet normal 0.904022 -0.427486 0
    outer loop
      vertex -14.3812 13.2728 0
      vertex -14.4945 13.0332 2
      vertex -14.4945 13.0332 0
    endloop
  endfacet
  facet normal 0.970031 -0.242979 0
    outer loop
      vertex -14.6481 12.5267 2
      vertex -14.5837 12.7838 0
      vertex -14.5837 12.7838 2
    endloop
  endfacet
  facet normal 0.970031 -0.242979 0
    outer loop
      vertex -14.5837 12.7838 0
      vertex -14.6481 12.5267 2
      vertex -14.6481 12.5267 0
    endloop
  endfacet
  facet normal 0.998795 -0.0490716 0
    outer loop
      vertex -14.7 12 2
      vertex -14.687 12.2646 0
      vertex -14.687 12.2646 2
    endloop
  endfacet
  facet normal 0.998795 -0.0490716 0
    outer loop
      vertex -14.687 12.2646 0
      vertex -14.7 12 2
      vertex -14.7 12 0
    endloop
  endfacet
  facet normal 0.595706 -0.803203 0
    outer loop
      vertex -13.7129 14.0871 0
      vertex -13.5 14.245 2
      vertex -13.7129 14.0871 2
    endloop
  endfacet
  facet normal 0.595706 -0.803203 0
    outer loop
      vertex -13.5 14.245 2
      vertex -13.7129 14.0871 0
      vertex -13.5 14.245 0
    endloop
  endfacet
  facet normal 0.514163 -0.857693 0
    outer loop
      vertex -13.5 14.245 0
      vertex -13.2728 14.3812 2
      vertex -13.5 14.245 2
    endloop
  endfacet
  facet normal 0.514163 -0.857693 0
    outer loop
      vertex -13.2728 14.3812 2
      vertex -13.5 14.245 0
      vertex -13.2728 14.3812 0
    endloop
  endfacet
  facet normal 0.671526 -0.740981 0
    outer loop
      vertex -13.9092 13.9092 0
      vertex -13.7129 14.0871 2
      vertex -13.9092 13.9092 2
    endloop
  endfacet
  facet normal 0.671526 -0.740981 0
    outer loop
      vertex -13.7129 14.0871 2
      vertex -13.9092 13.9092 0
      vertex -13.7129 14.0871 0
    endloop
  endfacet
  facet normal 0.336767 -0.941588 0
    outer loop
      vertex -13.0332 14.4945 0
      vertex -12.7838 14.5837 2
      vertex -13.0332 14.4945 2
    endloop
  endfacet
  facet normal 0.336767 -0.941588 0
    outer loop
      vertex -12.7838 14.5837 2
      vertex -13.0332 14.4945 0
      vertex -12.7838 14.5837 0
    endloop
  endfacet
  facet normal 0.146809 -0.989165 0
    outer loop
      vertex -12.5267 14.6481 0
      vertex -12.2646 14.687 2
      vertex -12.5267 14.6481 2
    endloop
  endfacet
  facet normal 0.146809 -0.989165 0
    outer loop
      vertex -12.2646 14.687 2
      vertex -12.5267 14.6481 0
      vertex -12.2646 14.687 0
    endloop
  endfacet
  facet normal -0.998795 0.0490716 0
    outer loop
      vertex -9.313 11.7354 0
      vertex -9.3 12 2
      vertex -9.3 12 0
    endloop
  endfacet
  facet normal -0.998795 0.0490716 0
    outer loop
      vertex -9.3 12 2
      vertex -9.313 11.7354 0
      vertex -9.313 11.7354 2
    endloop
  endfacet
  facet normal -0.740925 0.671588 0
    outer loop
      vertex -10.0908 10.0908 0
      vertex -9.91287 10.2871 2
      vertex -9.91287 10.2871 0
    endloop
  endfacet
  facet normal -0.740925 0.671588 0
    outer loop
      vertex -9.91287 10.2871 2
      vertex -10.0908 10.0908 0
      vertex -10.0908 10.0908 2
    endloop
  endfacet
  facet normal 0.998795 0.0490716 0
    outer loop
      vertex -14.687 11.7354 2
      vertex -14.7 12 0
      vertex -14.7 12 2
    endloop
  endfacet
  facet normal 0.998795 0.0490716 0
    outer loop
      vertex -14.7 12 0
      vertex -14.687 11.7354 2
      vertex -14.687 11.7354 0
    endloop
  endfacet
  facet normal -0.970049 0.242908 0
    outer loop
      vertex -9.41626 11.2162 0
      vertex -9.35188 11.4733 2
      vertex -9.35188 11.4733 0
    endloop
  endfacet
  facet normal -0.970049 0.242908 0
    outer loop
      vertex -9.35188 11.4733 2
      vertex -9.41626 11.2162 0
      vertex -9.41626 11.2162 2
    endloop
  endfacet
  facet normal -0.803311 0.59556 0
    outer loop
      vertex -9.91287 10.2871 0
      vertex -9.75503 10.5 2
      vertex -9.75503 10.5 0
    endloop
  endfacet
  facet normal -0.803311 0.59556 0
    outer loop
      vertex -9.75503 10.5 2
      vertex -9.91287 10.2871 0
      vertex -9.91287 10.2871 2
    endloop
  endfacet
  facet normal -0.904036 0.427455 0
    outer loop
      vertex -9.61881 10.7272 0
      vertex -9.50552 10.9668 2
      vertex -9.50552 10.9668 0
    endloop
  endfacet
  facet normal -0.904036 0.427455 0
    outer loop
      vertex -9.50552 10.9668 2
      vertex -9.61881 10.7272 0
      vertex -9.61881 10.7272 2
    endloop
  endfacet
  facet normal -0.242908 0.970049 0
    outer loop
      vertex -11.2162 9.41626 0
      vertex -11.4733 9.35188 2
      vertex -11.2162 9.41626 2
    endloop
  endfacet
  facet normal -0.242908 0.970049 0
    outer loop
      vertex -11.4733 9.35188 2
      vertex -11.2162 9.41626 0
      vertex -11.4733 9.35188 0
    endloop
  endfacet
  facet normal -0.336968 0.941516 0
    outer loop
      vertex -10.9668 9.50552 0
      vertex -11.2162 9.41626 2
      vertex -10.9668 9.50552 2
    endloop
  endfacet
  facet normal -0.336968 0.941516 0
    outer loop
      vertex -11.2162 9.41626 2
      vertex -10.9668 9.50552 0
      vertex -11.2162 9.41626 0
    endloop
  endfacet
  facet normal -0.857659 0.514218 0
    outer loop
      vertex -9.75503 10.5 0
      vertex -9.61881 10.7272 2
      vertex -9.61881 10.7272 0
    endloop
  endfacet
  facet normal -0.857659 0.514218 0
    outer loop
      vertex -9.61881 10.7272 2
      vertex -9.75503 10.5 0
      vertex -9.75503 10.5 2
    endloop
  endfacet
  facet normal -0.671588 0.740925 0
    outer loop
      vertex -10.0908 10.0908 0
      vertex -10.2871 9.91287 2
      vertex -10.0908 10.0908 2
    endloop
  endfacet
  facet normal -0.671588 0.740925 0
    outer loop
      vertex -10.2871 9.91287 2
      vertex -10.0908 10.0908 0
      vertex -10.2871 9.91287 0
    endloop
  endfacet
  facet normal -0.59556 0.803311 0
    outer loop
      vertex -10.2871 9.91287 0
      vertex -10.5 9.75503 2
      vertex -10.2871 9.91287 2
    endloop
  endfacet
  facet normal -0.59556 0.803311 0
    outer loop
      vertex -10.5 9.75503 2
      vertex -10.2871 9.91287 0
      vertex -10.5 9.75503 0
    endloop
  endfacet
  facet normal -0.514218 0.857659 0
    outer loop
      vertex -10.5 9.75503 0
      vertex -10.7272 9.61881 2
      vertex -10.5 9.75503 2
    endloop
  endfacet
  facet normal -0.514218 0.857659 0
    outer loop
      vertex -10.7272 9.61881 2
      vertex -10.5 9.75503 0
      vertex -10.7272 9.61881 0
    endloop
  endfacet
  facet normal -0.941516 0.336968 0
    outer loop
      vertex -9.50552 10.9668 0
      vertex -9.41626 11.2162 2
      vertex -9.41626 11.2162 0
    endloop
  endfacet
  facet normal -0.941516 0.336968 0
    outer loop
      vertex -9.41626 11.2162 2
      vertex -9.50552 10.9668 0
      vertex -9.50552 10.9668 2
    endloop
  endfacet
  facet normal 0.0490716 0.998795 -0
    outer loop
      vertex -12 9.3 0
      vertex -12.2646 9.313 2
      vertex -12 9.3 2
    endloop
  endfacet
  facet normal 0.0490716 0.998795 0
    outer loop
      vertex -12.2646 9.313 2
      vertex -12 9.3 0
      vertex -12.2646 9.313 0
    endloop
  endfacet
  facet normal 0.336968 0.941516 -0
    outer loop
      vertex -12.7838 9.41626 0
      vertex -13.0332 9.50552 2
      vertex -12.7838 9.41626 2
    endloop
  endfacet
  facet normal 0.336968 0.941516 0
    outer loop
      vertex -13.0332 9.50552 2
      vertex -12.7838 9.41626 0
      vertex -13.0332 9.50552 0
    endloop
  endfacet
  facet normal 0.671588 0.740925 -0
    outer loop
      vertex -13.7129 9.91287 0
      vertex -13.9092 10.0908 2
      vertex -13.7129 9.91287 2
    endloop
  endfacet
  facet normal 0.671588 0.740925 0
    outer loop
      vertex -13.9092 10.0908 2
      vertex -13.7129 9.91287 0
      vertex -13.9092 10.0908 0
    endloop
  endfacet
  facet normal 0.857693 0.514163 0
    outer loop
      vertex -14.245 10.5 2
      vertex -14.3812 10.7272 0
      vertex -14.3812 10.7272 2
    endloop
  endfacet
  facet normal 0.857693 0.514163 0
    outer loop
      vertex -14.3812 10.7272 0
      vertex -14.245 10.5 2
      vertex -14.245 10.5 0
    endloop
  endfacet
  facet normal 0.803203 0.595706 0
    outer loop
      vertex -14.0871 10.2871 2
      vertex -14.245 10.5 0
      vertex -14.245 10.5 2
    endloop
  endfacet
  facet normal 0.803203 0.595706 0
    outer loop
      vertex -14.245 10.5 0
      vertex -14.0871 10.2871 2
      vertex -14.0871 10.2871 0
    endloop
  endfacet
  facet normal 0.740981 0.671526 0
    outer loop
      vertex -13.9092 10.0908 2
      vertex -14.0871 10.2871 0
      vertex -14.0871 10.2871 2
    endloop
  endfacet
  facet normal 0.740981 0.671526 0
    outer loop
      vertex -14.0871 10.2871 0
      vertex -13.9092 10.0908 2
      vertex -13.9092 10.0908 0
    endloop
  endfacet
  facet normal 0.904022 0.427486 0
    outer loop
      vertex -14.3812 10.7272 2
      vertex -14.4945 10.9668 0
      vertex -14.4945 10.9668 2
    endloop
  endfacet
  facet normal 0.904022 0.427486 0
    outer loop
      vertex -14.4945 10.9668 0
      vertex -14.3812 10.7272 2
      vertex -14.3812 10.7272 0
    endloop
  endfacet
  facet normal 0.970031 0.242979 0
    outer loop
      vertex -14.5837 11.2162 2
      vertex -14.6481 11.4733 0
      vertex -14.6481 11.4733 2
    endloop
  endfacet
  facet normal 0.970031 0.242979 0
    outer loop
      vertex -14.6481 11.4733 0
      vertex -14.5837 11.2162 2
      vertex -14.5837 11.2162 0
    endloop
  endfacet
  facet normal 0.989165 0.146809 0
    outer loop
      vertex -14.6481 11.4733 2
      vertex -14.687 11.7354 0
      vertex -14.687 11.7354 2
    endloop
  endfacet
  facet normal 0.989165 0.146809 0
    outer loop
      vertex -14.687 11.7354 0
      vertex -14.6481 11.4733 2
      vertex -14.6481 11.4733 0
    endloop
  endfacet
  facet normal 0.427455 0.904036 -0
    outer loop
      vertex -13.0332 9.50552 0
      vertex -13.2728 9.61881 2
      vertex -13.0332 9.50552 2
    endloop
  endfacet
  facet normal 0.427455 0.904036 0
    outer loop
      vertex -13.2728 9.61881 2
      vertex -13.0332 9.50552 0
      vertex -13.2728 9.61881 0
    endloop
  endfacet
  facet normal 0.514218 0.857659 -0
    outer loop
      vertex -13.2728 9.61881 0
      vertex -13.5 9.75503 2
      vertex -13.2728 9.61881 2
    endloop
  endfacet
  facet normal 0.514218 0.857659 0
    outer loop
      vertex -13.5 9.75503 2
      vertex -13.2728 9.61881 0
      vertex -13.5 9.75503 0
    endloop
  endfacet
  facet normal 0.59556 0.803311 -0
    outer loop
      vertex -13.5 9.75503 0
      vertex -13.7129 9.91287 2
      vertex -13.5 9.75503 2
    endloop
  endfacet
  facet normal 0.59556 0.803311 0
    outer loop
      vertex -13.7129 9.91287 2
      vertex -13.5 9.75503 0
      vertex -13.7129 9.91287 0
    endloop
  endfacet
  facet normal 0.146735 0.989176 -0
    outer loop
      vertex -12.2646 9.313 0
      vertex -12.5267 9.35188 2
      vertex -12.2646 9.313 2
    endloop
  endfacet
  facet normal 0.146735 0.989176 0
    outer loop
      vertex -12.5267 9.35188 2
      vertex -12.2646 9.313 0
      vertex -12.5267 9.35188 0
    endloop
  endfacet
  facet normal 0.242908 0.970049 -0
    outer loop
      vertex -12.5267 9.35188 0
      vertex -12.7838 9.41626 2
      vertex -12.5267 9.35188 2
    endloop
  endfacet
  facet normal 0.242908 0.970049 0
    outer loop
      vertex -12.7838 9.41626 2
      vertex -12.5267 9.35188 0
      vertex -12.7838 9.41626 0
    endloop
  endfacet
  facet normal -0.998795 -0.0490716 0
    outer loop
      vertex 14.7 -12 0
      vertex 14.687 -11.7354 2
      vertex 14.687 -11.7354 0
    endloop
  endfacet
  facet normal -0.998795 -0.0490716 0
    outer loop
      vertex 14.687 -11.7354 2
      vertex 14.7 -12 0
      vertex 14.7 -12 2
    endloop
  endfacet
  facet normal 0.998795 -0.0490716 0
    outer loop
      vertex 9.3 -12 2
      vertex 9.313 -11.7354 0
      vertex 9.313 -11.7354 2
    endloop
  endfacet
  facet normal 0.998795 -0.0490716 0
    outer loop
      vertex 9.313 -11.7354 0
      vertex 9.3 -12 2
      vertex 9.3 -12 0
    endloop
  endfacet
  facet normal -0.0490716 -0.998795 0
    outer loop
      vertex 12 -9.3 0
      vertex 12.2646 -9.313 2
      vertex 12 -9.3 2
    endloop
  endfacet
  facet normal -0.0490716 -0.998795 -0
    outer loop
      vertex 12.2646 -9.313 2
      vertex 12 -9.3 0
      vertex 12.2646 -9.313 0
    endloop
  endfacet
  facet normal 0.0490716 0.998795 -0
    outer loop
      vertex 12 -14.7 0
      vertex 11.7354 -14.687 2
      vertex 12 -14.7 2
    endloop
  endfacet
  facet normal 0.0490716 0.998795 0
    outer loop
      vertex 11.7354 -14.687 2
      vertex 12 -14.7 0
      vertex 11.7354 -14.687 0
    endloop
  endfacet
  facet normal 0.740925 0.671588 0
    outer loop
      vertex 10.0908 -13.9092 2
      vertex 9.91287 -13.7129 0
      vertex 9.91287 -13.7129 2
    endloop
  endfacet
  facet normal 0.740925 0.671588 0
    outer loop
      vertex 9.91287 -13.7129 0
      vertex 10.0908 -13.9092 2
      vertex 10.0908 -13.9092 0
    endloop
  endfacet
  facet normal -0.740981 -0.671526 0
    outer loop
      vertex 14.0871 -10.2871 0
      vertex 13.9092 -10.0908 2
      vertex 13.9092 -10.0908 0
    endloop
  endfacet
  facet normal -0.740981 -0.671526 0
    outer loop
      vertex 13.9092 -10.0908 2
      vertex 14.0871 -10.2871 0
      vertex 14.0871 -10.2871 2
    endloop
  endfacet
  facet normal 0.671588 -0.740925 0
    outer loop
      vertex 10.0908 -10.0908 0
      vertex 10.2871 -9.91287 2
      vertex 10.0908 -10.0908 2
    endloop
  endfacet
  facet normal 0.671588 -0.740925 0
    outer loop
      vertex 10.2871 -9.91287 2
      vertex 10.0908 -10.0908 0
      vertex 10.2871 -9.91287 0
    endloop
  endfacet
  facet normal 0.336968 -0.941516 0
    outer loop
      vertex 10.9668 -9.50552 0
      vertex 11.2162 -9.41626 2
      vertex 10.9668 -9.50552 2
    endloop
  endfacet
  facet normal 0.336968 -0.941516 0
    outer loop
      vertex 11.2162 -9.41626 2
      vertex 10.9668 -9.50552 0
      vertex 11.2162 -9.41626 0
    endloop
  endfacet
  facet normal -0.941588 -0.336767 0
    outer loop
      vertex 14.5837 -11.2162 0
      vertex 14.4945 -10.9668 2
      vertex 14.4945 -10.9668 0
    endloop
  endfacet
  facet normal -0.941588 -0.336767 0
    outer loop
      vertex 14.4945 -10.9668 2
      vertex 14.5837 -11.2162 0
      vertex 14.5837 -11.2162 2
    endloop
  endfacet
  facet normal -0.989165 -0.146809 0
    outer loop
      vertex 14.687 -11.7354 0
      vertex 14.6481 -11.4733 2
      vertex 14.6481 -11.4733 0
    endloop
  endfacet
  facet normal -0.989165 -0.146809 0
    outer loop
      vertex 14.6481 -11.4733 2
      vertex 14.687 -11.7354 0
      vertex 14.687 -11.7354 2
    endloop
  endfacet
  facet normal -0.427455 -0.904036 0
    outer loop
      vertex 13.0332 -9.50552 0
      vertex 13.2728 -9.61881 2
      vertex 13.0332 -9.50552 2
    endloop
  endfacet
  facet normal -0.427455 -0.904036 -0
    outer loop
      vertex 13.2728 -9.61881 2
      vertex 13.0332 -9.50552 0
      vertex 13.2728 -9.61881 0
    endloop
  endfacet
  facet normal -0.59556 -0.803311 0
    outer loop
      vertex 13.5 -9.75503 0
      vertex 13.7129 -9.91287 2
      vertex 13.5 -9.75503 2
    endloop
  endfacet
  facet normal -0.59556 -0.803311 -0
    outer loop
      vertex 13.7129 -9.91287 2
      vertex 13.5 -9.75503 0
      vertex 13.7129 -9.91287 0
    endloop
  endfacet
  facet normal 0.904036 -0.427455 0
    outer loop
      vertex 9.50552 -10.9668 2
      vertex 9.61881 -10.7272 0
      vertex 9.61881 -10.7272 2
    endloop
  endfacet
  facet normal 0.904036 -0.427455 0
    outer loop
      vertex 9.61881 -10.7272 0
      vertex 9.50552 -10.9668 2
      vertex 9.50552 -10.9668 0
    endloop
  endfacet
  facet normal 0.146735 -0.989176 0
    outer loop
      vertex 11.4733 -9.35188 0
      vertex 11.7354 -9.313 2
      vertex 11.4733 -9.35188 2
    endloop
  endfacet
  facet normal 0.146735 -0.989176 0
    outer loop
      vertex 11.7354 -9.313 2
      vertex 11.4733 -9.35188 0
      vertex 11.7354 -9.313 0
    endloop
  endfacet
  facet normal -0.970031 -0.242979 0
    outer loop
      vertex 14.6481 -11.4733 0
      vertex 14.5837 -11.2162 2
      vertex 14.5837 -11.2162 0
    endloop
  endfacet
  facet normal -0.970031 -0.242979 0
    outer loop
      vertex 14.5837 -11.2162 2
      vertex 14.6481 -11.4733 0
      vertex 14.6481 -11.4733 2
    endloop
  endfacet
  facet normal -0.857693 -0.514163 0
    outer loop
      vertex 14.3812 -10.7272 0
      vertex 14.245 -10.5 2
      vertex 14.245 -10.5 0
    endloop
  endfacet
  facet normal -0.857693 -0.514163 0
    outer loop
      vertex 14.245 -10.5 2
      vertex 14.3812 -10.7272 0
      vertex 14.3812 -10.7272 2
    endloop
  endfacet
  facet normal -0.803203 -0.595706 0
    outer loop
      vertex 14.245 -10.5 0
      vertex 14.0871 -10.2871 2
      vertex 14.0871 -10.2871 0
    endloop
  endfacet
  facet normal -0.803203 -0.595706 0
    outer loop
      vertex 14.0871 -10.2871 2
      vertex 14.245 -10.5 0
      vertex 14.245 -10.5 2
    endloop
  endfacet
  facet normal -0.904022 -0.427486 0
    outer loop
      vertex 14.4945 -10.9668 0
      vertex 14.3812 -10.7272 2
      vertex 14.3812 -10.7272 0
    endloop
  endfacet
  facet normal -0.904022 -0.427486 0
    outer loop
      vertex 14.3812 -10.7272 2
      vertex 14.4945 -10.9668 0
      vertex 14.4945 -10.9668 2
    endloop
  endfacet
  facet normal -0.242908 -0.970049 0
    outer loop
      vertex 12.5267 -9.35188 0
      vertex 12.7838 -9.41626 2
      vertex 12.5267 -9.35188 2
    endloop
  endfacet
  facet normal -0.242908 -0.970049 -0
    outer loop
      vertex 12.7838 -9.41626 2
      vertex 12.5267 -9.35188 0
      vertex 12.7838 -9.41626 0
    endloop
  endfacet
  facet normal -0.336968 -0.941516 0
    outer loop
      vertex 12.7838 -9.41626 0
      vertex 13.0332 -9.50552 2
      vertex 12.7838 -9.41626 2
    endloop
  endfacet
  facet normal -0.336968 -0.941516 -0
    outer loop
      vertex 13.0332 -9.50552 2
      vertex 12.7838 -9.41626 0
      vertex 13.0332 -9.50552 0
    endloop
  endfacet
  facet normal -0.146735 -0.989176 0
    outer loop
      vertex 12.2646 -9.313 0
      vertex 12.5267 -9.35188 2
      vertex 12.2646 -9.313 2
    endloop
  endfacet
  facet normal -0.146735 -0.989176 -0
    outer loop
      vertex 12.5267 -9.35188 2
      vertex 12.2646 -9.313 0
      vertex 12.5267 -9.35188 0
    endloop
  endfacet
  facet normal -0.514218 -0.857659 0
    outer loop
      vertex 13.2728 -9.61881 0
      vertex 13.5 -9.75503 2
      vertex 13.2728 -9.61881 2
    endloop
  endfacet
  facet normal -0.514218 -0.857659 -0
    outer loop
      vertex 13.5 -9.75503 2
      vertex 13.2728 -9.61881 0
      vertex 13.5 -9.75503 0
    endloop
  endfacet
  facet normal -0.671588 -0.740925 0
    outer loop
      vertex 13.7129 -9.91287 0
      vertex 13.9092 -10.0908 2
      vertex 13.7129 -9.91287 2
    endloop
  endfacet
  facet normal -0.671588 -0.740925 -0
    outer loop
      vertex 13.9092 -10.0908 2
      vertex 13.7129 -9.91287 0
      vertex 13.9092 -10.0908 0
    endloop
  endfacet
  facet normal 0.970049 -0.242908 0
    outer loop
      vertex 9.35188 -11.4733 2
      vertex 9.41626 -11.2162 0
      vertex 9.41626 -11.2162 2
    endloop
  endfacet
  facet normal 0.970049 -0.242908 0
    outer loop
      vertex 9.41626 -11.2162 0
      vertex 9.35188 -11.4733 2
      vertex 9.35188 -11.4733 0
    endloop
  endfacet
  facet normal 0.803311 -0.59556 0
    outer loop
      vertex 9.75503 -10.5 2
      vertex 9.91287 -10.2871 0
      vertex 9.91287 -10.2871 2
    endloop
  endfacet
  facet normal 0.803311 -0.59556 0
    outer loop
      vertex 9.91287 -10.2871 0
      vertex 9.75503 -10.5 2
      vertex 9.75503 -10.5 0
    endloop
  endfacet
  facet normal 0.740925 -0.671588 0
    outer loop
      vertex 9.91287 -10.2871 2
      vertex 10.0908 -10.0908 0
      vertex 10.0908 -10.0908 2
    endloop
  endfacet
  facet normal 0.740925 -0.671588 0
    outer loop
      vertex 10.0908 -10.0908 0
      vertex 9.91287 -10.2871 2
      vertex 9.91287 -10.2871 0
    endloop
  endfacet
  facet normal 0.857659 -0.514218 0
    outer loop
      vertex 9.61881 -10.7272 2
      vertex 9.75503 -10.5 0
      vertex 9.75503 -10.5 2
    endloop
  endfacet
  facet normal 0.857659 -0.514218 0
    outer loop
      vertex 9.75503 -10.5 0
      vertex 9.61881 -10.7272 2
      vertex 9.61881 -10.7272 0
    endloop
  endfacet
  facet normal 0.941516 -0.336968 0
    outer loop
      vertex 9.41626 -11.2162 2
      vertex 9.50552 -10.9668 0
      vertex 9.50552 -10.9668 2
    endloop
  endfacet
  facet normal 0.941516 -0.336968 0
    outer loop
      vertex 9.50552 -10.9668 0
      vertex 9.41626 -11.2162 2
      vertex 9.41626 -11.2162 0
    endloop
  endfacet
  facet normal 0.989176 -0.146735 0
    outer loop
      vertex 9.313 -11.7354 2
      vertex 9.35188 -11.4733 0
      vertex 9.35188 -11.4733 2
    endloop
  endfacet
  facet normal 0.989176 -0.146735 0
    outer loop
      vertex 9.35188 -11.4733 0
      vertex 9.313 -11.7354 2
      vertex 9.313 -11.7354 0
    endloop
  endfacet
  facet normal 0.514218 -0.857659 0
    outer loop
      vertex 10.5 -9.75503 0
      vertex 10.7272 -9.61881 2
      vertex 10.5 -9.75503 2
    endloop
  endfacet
  facet normal 0.514218 -0.857659 0
    outer loop
      vertex 10.7272 -9.61881 2
      vertex 10.5 -9.75503 0
      vertex 10.7272 -9.61881 0
    endloop
  endfacet
  facet normal 0.427455 -0.904036 0
    outer loop
      vertex 10.7272 -9.61881 0
      vertex 10.9668 -9.50552 2
      vertex 10.7272 -9.61881 2
    endloop
  endfacet
  facet normal 0.427455 -0.904036 0
    outer loop
      vertex 10.9668 -9.50552 2
      vertex 10.7272 -9.61881 0
      vertex 10.9668 -9.50552 0
    endloop
  endfacet
  facet normal 0.59556 -0.803311 0
    outer loop
      vertex 10.2871 -9.91287 0
      vertex 10.5 -9.75503 2
      vertex 10.2871 -9.91287 2
    endloop
  endfacet
  facet normal 0.59556 -0.803311 0
    outer loop
      vertex 10.5 -9.75503 2
      vertex 10.2871 -9.91287 0
      vertex 10.5 -9.75503 0
    endloop
  endfacet
  facet normal 0.242908 -0.970049 0
    outer loop
      vertex 11.2162 -9.41626 0
      vertex 11.4733 -9.35188 2
      vertex 11.2162 -9.41626 2
    endloop
  endfacet
  facet normal 0.242908 -0.970049 0
    outer loop
      vertex 11.4733 -9.35188 2
      vertex 11.2162 -9.41626 0
      vertex 11.4733 -9.35188 0
    endloop
  endfacet
  facet normal 0.0490716 -0.998795 0
    outer loop
      vertex 11.7354 -9.313 0
      vertex 12 -9.3 2
      vertex 11.7354 -9.313 2
    endloop
  endfacet
  facet normal 0.0490716 -0.998795 0
    outer loop
      vertex 12 -9.3 2
      vertex 11.7354 -9.313 0
      vertex 12 -9.3 0
    endloop
  endfacet
  facet normal -0.0490716 0.998795 0
    outer loop
      vertex 12.2646 -14.687 0
      vertex 12 -14.7 2
      vertex 12.2646 -14.687 2
    endloop
  endfacet
  facet normal -0.0490716 0.998795 0
    outer loop
      vertex 12 -14.7 2
      vertex 12.2646 -14.687 0
      vertex 12 -14.7 0
    endloop
  endfacet
  facet normal -0.242979 0.970031 0
    outer loop
      vertex 12.7838 -14.5837 0
      vertex 12.5267 -14.6481 2
      vertex 12.7838 -14.5837 2
    endloop
  endfacet
  facet normal -0.242979 0.970031 0
    outer loop
      vertex 12.5267 -14.6481 2
      vertex 12.7838 -14.5837 0
      vertex 12.5267 -14.6481 0
    endloop
  endfacet
  facet normal -0.595706 0.803203 0
    outer loop
      vertex 13.7129 -14.0871 0
      vertex 13.5 -14.245 2
      vertex 13.7129 -14.0871 2
    endloop
  endfacet
  facet normal -0.595706 0.803203 0
    outer loop
      vertex 13.5 -14.245 2
      vertex 13.7129 -14.0871 0
      vertex 13.5 -14.245 0
    endloop
  endfacet
  facet normal -0.427486 0.904022 0
    outer loop
      vertex 13.2728 -14.3812 0
      vertex 13.0332 -14.4945 2
      vertex 13.2728 -14.3812 2
    endloop
  endfacet
  facet normal -0.427486 0.904022 0
    outer loop
      vertex 13.0332 -14.4945 2
      vertex 13.2728 -14.3812 0
      vertex 13.0332 -14.4945 0
    endloop
  endfacet
  facet normal -0.740981 0.671526 0
    outer loop
      vertex 13.9092 -13.9092 0
      vertex 14.0871 -13.7129 2
      vertex 14.0871 -13.7129 0
    endloop
  endfacet
  facet normal -0.740981 0.671526 0
    outer loop
      vertex 14.0871 -13.7129 2
      vertex 13.9092 -13.9092 0
      vertex 13.9092 -13.9092 2
    endloop
  endfacet
  facet normal -0.857693 0.514163 0
    outer loop
      vertex 14.245 -13.5 0
      vertex 14.3812 -13.2728 2
      vertex 14.3812 -13.2728 0
    endloop
  endfacet
  facet normal -0.857693 0.514163 0
    outer loop
      vertex 14.3812 -13.2728 2
      vertex 14.245 -13.5 0
      vertex 14.245 -13.5 2
    endloop
  endfacet
  facet normal 0.671526 0.740981 -0
    outer loop
      vertex 10.2871 -14.0871 0
      vertex 10.0908 -13.9092 2
      vertex 10.2871 -14.0871 2
    endloop
  endfacet
  facet normal 0.671526 0.740981 0
    outer loop
      vertex 10.0908 -13.9092 2
      vertex 10.2871 -14.0871 0
      vertex 10.0908 -13.9092 0
    endloop
  endfacet
  facet normal 0.514163 0.857693 -0
    outer loop
      vertex 10.7272 -14.3812 0
      vertex 10.5 -14.245 2
      vertex 10.7272 -14.3812 2
    endloop
  endfacet
  facet normal 0.514163 0.857693 0
    outer loop
      vertex 10.5 -14.245 2
      vertex 10.7272 -14.3812 0
      vertex 10.5 -14.245 0
    endloop
  endfacet
  facet normal 0.336767 0.941588 -0
    outer loop
      vertex 11.2162 -14.5837 0
      vertex 10.9668 -14.4945 2
      vertex 11.2162 -14.5837 2
    endloop
  endfacet
  facet normal 0.336767 0.941588 0
    outer loop
      vertex 10.9668 -14.4945 2
      vertex 11.2162 -14.5837 0
      vertex 10.9668 -14.4945 0
    endloop
  endfacet
  facet normal 0.146809 0.989165 -0
    outer loop
      vertex 11.7354 -14.687 0
      vertex 11.4733 -14.6481 2
      vertex 11.7354 -14.687 2
    endloop
  endfacet
  facet normal 0.146809 0.989165 0
    outer loop
      vertex 11.4733 -14.6481 2
      vertex 11.7354 -14.687 0
      vertex 11.4733 -14.6481 0
    endloop
  endfacet
  facet normal 0.904036 0.427455 0
    outer loop
      vertex 9.61881 -13.2728 2
      vertex 9.50552 -13.0332 0
      vertex 9.50552 -13.0332 2
    endloop
  endfacet
  facet normal 0.904036 0.427455 0
    outer loop
      vertex 9.50552 -13.0332 0
      vertex 9.61881 -13.2728 2
      vertex 9.61881 -13.2728 0
    endloop
  endfacet
  facet normal 0.803311 0.59556 0
    outer loop
      vertex 9.91287 -13.7129 2
      vertex 9.75503 -13.5 0
      vertex 9.75503 -13.5 2
    endloop
  endfacet
  facet normal 0.803311 0.59556 0
    outer loop
      vertex 9.75503 -13.5 0
      vertex 9.91287 -13.7129 2
      vertex 9.91287 -13.7129 0
    endloop
  endfacet
  facet normal 0.970049 0.242908 0
    outer loop
      vertex 9.41626 -12.7838 2
      vertex 9.35188 -12.5267 0
      vertex 9.35188 -12.5267 2
    endloop
  endfacet
  facet normal 0.970049 0.242908 0
    outer loop
      vertex 9.35188 -12.5267 0
      vertex 9.41626 -12.7838 2
      vertex 9.41626 -12.7838 0
    endloop
  endfacet
  facet normal 0.998795 0.0490716 0
    outer loop
      vertex 9.313 -12.2646 2
      vertex 9.3 -12 0
      vertex 9.3 -12 2
    endloop
  endfacet
  facet normal 0.998795 0.0490716 0
    outer loop
      vertex 9.3 -12 0
      vertex 9.313 -12.2646 2
      vertex 9.313 -12.2646 0
    endloop
  endfacet
  facet normal -0.146809 0.989165 0
    outer loop
      vertex 12.5267 -14.6481 0
      vertex 12.2646 -14.687 2
      vertex 12.5267 -14.6481 2
    endloop
  endfacet
  facet normal -0.146809 0.989165 0
    outer loop
      vertex 12.2646 -14.687 2
      vertex 12.5267 -14.6481 0
      vertex 12.2646 -14.687 0
    endloop
  endfacet
  facet normal -0.336767 0.941588 0
    outer loop
      vertex 13.0332 -14.4945 0
      vertex 12.7838 -14.5837 2
      vertex 13.0332 -14.4945 2
    endloop
  endfacet
  facet normal -0.336767 0.941588 0
    outer loop
      vertex 12.7838 -14.5837 2
      vertex 13.0332 -14.4945 0
      vertex 12.7838 -14.5837 0
    endloop
  endfacet
  facet normal -0.671526 0.740981 0
    outer loop
      vertex 13.9092 -13.9092 0
      vertex 13.7129 -14.0871 2
      vertex 13.9092 -13.9092 2
    endloop
  endfacet
  facet normal -0.671526 0.740981 0
    outer loop
      vertex 13.7129 -14.0871 2
      vertex 13.9092 -13.9092 0
      vertex 13.7129 -14.0871 0
    endloop
  endfacet
  facet normal -0.514163 0.857693 0
    outer loop
      vertex 13.5 -14.245 0
      vertex 13.2728 -14.3812 2
      vertex 13.5 -14.245 2
    endloop
  endfacet
  facet normal -0.514163 0.857693 0
    outer loop
      vertex 13.2728 -14.3812 2
      vertex 13.5 -14.245 0
      vertex 13.2728 -14.3812 0
    endloop
  endfacet
  facet normal -0.803203 0.595706 0
    outer loop
      vertex 14.0871 -13.7129 0
      vertex 14.245 -13.5 2
      vertex 14.245 -13.5 0
    endloop
  endfacet
  facet normal -0.803203 0.595706 0
    outer loop
      vertex 14.245 -13.5 2
      vertex 14.0871 -13.7129 0
      vertex 14.0871 -13.7129 2
    endloop
  endfacet
  facet normal -0.904022 0.427486 0
    outer loop
      vertex 14.3812 -13.2728 0
      vertex 14.4945 -13.0332 2
      vertex 14.4945 -13.0332 0
    endloop
  endfacet
  facet normal -0.904022 0.427486 0
    outer loop
      vertex 14.4945 -13.0332 2
      vertex 14.3812 -13.2728 0
      vertex 14.3812 -13.2728 2
    endloop
  endfacet
  facet normal -0.970031 0.242979 0
    outer loop
      vertex 14.5837 -12.7838 0
      vertex 14.6481 -12.5267 2
      vertex 14.6481 -12.5267 0
    endloop
  endfacet
  facet normal -0.970031 0.242979 0
    outer loop
      vertex 14.6481 -12.5267 2
      vertex 14.5837 -12.7838 0
      vertex 14.5837 -12.7838 2
    endloop
  endfacet
  facet normal -0.941588 0.336767 0
    outer loop
      vertex 14.4945 -13.0332 0
      vertex 14.5837 -12.7838 2
      vertex 14.5837 -12.7838 0
    endloop
  endfacet
  facet normal -0.941588 0.336767 0
    outer loop
      vertex 14.5837 -12.7838 2
      vertex 14.4945 -13.0332 0
      vertex 14.4945 -13.0332 2
    endloop
  endfacet
  facet normal -0.989165 0.146809 0
    outer loop
      vertex 14.6481 -12.5267 0
      vertex 14.687 -12.2646 2
      vertex 14.687 -12.2646 0
    endloop
  endfacet
  facet normal -0.989165 0.146809 0
    outer loop
      vertex 14.687 -12.2646 2
      vertex 14.6481 -12.5267 0
      vertex 14.6481 -12.5267 2
    endloop
  endfacet
  facet normal 0.595706 0.803203 -0
    outer loop
      vertex 10.5 -14.245 0
      vertex 10.2871 -14.0871 2
      vertex 10.5 -14.245 2
    endloop
  endfacet
  facet normal 0.595706 0.803203 0
    outer loop
      vertex 10.2871 -14.0871 2
      vertex 10.5 -14.245 0
      vertex 10.2871 -14.0871 0
    endloop
  endfacet
  facet normal 0.427486 0.904022 -0
    outer loop
      vertex 10.9668 -14.4945 0
      vertex 10.7272 -14.3812 2
      vertex 10.9668 -14.4945 2
    endloop
  endfacet
  facet normal 0.427486 0.904022 0
    outer loop
      vertex 10.7272 -14.3812 2
      vertex 10.9668 -14.4945 0
      vertex 10.7272 -14.3812 0
    endloop
  endfacet
  facet normal 0.242979 0.970031 -0
    outer loop
      vertex 11.4733 -14.6481 0
      vertex 11.2162 -14.5837 2
      vertex 11.4733 -14.6481 2
    endloop
  endfacet
  facet normal 0.242979 0.970031 0
    outer loop
      vertex 11.2162 -14.5837 2
      vertex 11.4733 -14.6481 0
      vertex 11.2162 -14.5837 0
    endloop
  endfacet
  facet normal 0.857659 0.514218 0
    outer loop
      vertex 9.75503 -13.5 2
      vertex 9.61881 -13.2728 0
      vertex 9.61881 -13.2728 2
    endloop
  endfacet
  facet normal 0.857659 0.514218 0
    outer loop
      vertex 9.61881 -13.2728 0
      vertex 9.75503 -13.5 2
      vertex 9.75503 -13.5 0
    endloop
  endfacet
  facet normal 0.941516 0.336968 0
    outer loop
      vertex 9.50552 -13.0332 2
      vertex 9.41626 -12.7838 0
      vertex 9.41626 -12.7838 2
    endloop
  endfacet
  facet normal 0.941516 0.336968 0
    outer loop
      vertex 9.41626 -12.7838 0
      vertex 9.50552 -13.0332 2
      vertex 9.50552 -13.0332 0
    endloop
  endfacet
  facet normal 0.989176 0.146735 0
    outer loop
      vertex 9.35188 -12.5267 2
      vertex 9.313 -12.2646 0
      vertex 9.313 -12.2646 2
    endloop
  endfacet
  facet normal 0.989176 0.146735 0
    outer loop
      vertex 9.313 -12.2646 0
      vertex 9.35188 -12.5267 2
      vertex 9.35188 -12.5267 0
    endloop
  endfacet
  facet normal -0.998795 0.0490716 0
    outer loop
      vertex 14.687 -12.2646 0
      vertex 14.7 -12 2
      vertex 14.7 -12 0
    endloop
  endfacet
  facet normal -0.998795 0.0490716 0
    outer loop
      vertex 14.7 -12 2
      vertex 14.687 -12.2646 0
      vertex 14.687 -12.2646 2
    endloop
  endfacet
  facet normal -0.857693 -0.514163 0
    outer loop
      vertex 14.3812 13.2728 0
      vertex 14.245 13.5 2
      vertex 14.245 13.5 0
    endloop
  endfacet
  facet normal -0.857693 -0.514163 0
    outer loop
      vertex 14.245 13.5 2
      vertex 14.3812 13.2728 0
      vertex 14.3812 13.2728 2
    endloop
  endfacet
  facet normal -0.336767 -0.941588 0
    outer loop
      vertex 12.7838 14.5837 0
      vertex 13.0332 14.4945 2
      vertex 12.7838 14.5837 2
    endloop
  endfacet
  facet normal -0.336767 -0.941588 -0
    outer loop
      vertex 13.0332 14.4945 2
      vertex 12.7838 14.5837 0
      vertex 13.0332 14.4945 0
    endloop
  endfacet
  facet normal 0.427486 -0.904022 0
    outer loop
      vertex 10.7272 14.3812 0
      vertex 10.9668 14.4945 2
      vertex 10.7272 14.3812 2
    endloop
  endfacet
  facet normal 0.427486 -0.904022 0
    outer loop
      vertex 10.9668 14.4945 2
      vertex 10.7272 14.3812 0
      vertex 10.9668 14.4945 0
    endloop
  endfacet
  facet normal 0.941516 -0.336968 0
    outer loop
      vertex 9.41626 12.7838 2
      vertex 9.50552 13.0332 0
      vertex 9.50552 13.0332 2
    endloop
  endfacet
  facet normal 0.941516 -0.336968 0
    outer loop
      vertex 9.50552 13.0332 0
      vertex 9.41626 12.7838 2
      vertex 9.41626 12.7838 0
    endloop
  endfacet
  facet normal -0.998795 0.0490716 0
    outer loop
      vertex 14.687 11.7354 0
      vertex 14.7 12 2
      vertex 14.7 12 0
    endloop
  endfacet
  facet normal -0.998795 0.0490716 0
    outer loop
      vertex 14.7 12 2
      vertex 14.687 11.7354 0
      vertex 14.687 11.7354 2
    endloop
  endfacet
  facet normal -0.514163 -0.857693 0
    outer loop
      vertex 13.2728 14.3812 0
      vertex 13.5 14.245 2
      vertex 13.2728 14.3812 2
    endloop
  endfacet
  facet normal -0.514163 -0.857693 -0
    outer loop
      vertex 13.5 14.245 2
      vertex 13.2728 14.3812 0
      vertex 13.5 14.245 0
    endloop
  endfacet
  facet normal 0.803311 -0.59556 0
    outer loop
      vertex 9.75503 13.5 2
      vertex 9.91287 13.7129 0
      vertex 9.91287 13.7129 2
    endloop
  endfacet
  facet normal 0.803311 -0.59556 0
    outer loop
      vertex 9.91287 13.7129 0
      vertex 9.75503 13.5 2
      vertex 9.75503 13.5 0
    endloop
  endfacet
  facet normal 0.242979 -0.970031 0
    outer loop
      vertex 11.2162 14.5837 0
      vertex 11.4733 14.6481 2
      vertex 11.2162 14.5837 2
    endloop
  endfacet
  facet normal 0.242979 -0.970031 0
    outer loop
      vertex 11.4733 14.6481 2
      vertex 11.2162 14.5837 0
      vertex 11.4733 14.6481 0
    endloop
  endfacet
  facet normal -0.514218 0.857659 0
    outer loop
      vertex 13.5 9.75503 0
      vertex 13.2728 9.61881 2
      vertex 13.5 9.75503 2
    endloop
  endfacet
  facet normal -0.514218 0.857659 0
    outer loop
      vertex 13.2728 9.61881 2
      vertex 13.5 9.75503 0
      vertex 13.2728 9.61881 0
    endloop
  endfacet
  facet normal 0.970049 0.242908 0
    outer loop
      vertex 9.41626 11.2162 2
      vertex 9.35188 11.4733 0
      vertex 9.35188 11.4733 2
    endloop
  endfacet
  facet normal 0.970049 0.242908 0
    outer loop
      vertex 9.35188 11.4733 0
      vertex 9.41626 11.2162 2
      vertex 9.41626 11.2162 0
    endloop
  endfacet
  facet normal -0.989165 -0.146809 0
    outer loop
      vertex 14.687 12.2646 0
      vertex 14.6481 12.5267 2
      vertex 14.6481 12.5267 0
    endloop
  endfacet
  facet normal -0.989165 -0.146809 0
    outer loop
      vertex 14.6481 12.5267 2
      vertex 14.687 12.2646 0
      vertex 14.687 12.2646 2
    endloop
  endfacet
  facet normal -0.803203 -0.595706 0
    outer loop
      vertex 14.245 13.5 0
      vertex 14.0871 13.7129 2
      vertex 14.0871 13.7129 0
    endloop
  endfacet
  facet normal -0.803203 -0.595706 0
    outer loop
      vertex 14.0871 13.7129 2
      vertex 14.245 13.5 0
      vertex 14.245 13.5 2
    endloop
  endfacet
  facet normal -0.671526 -0.740981 0
    outer loop
      vertex 13.7129 14.0871 0
      vertex 13.9092 13.9092 2
      vertex 13.7129 14.0871 2
    endloop
  endfacet
  facet normal -0.671526 -0.740981 -0
    outer loop
      vertex 13.9092 13.9092 2
      vertex 13.7129 14.0871 0
      vertex 13.9092 13.9092 0
    endloop
  endfacet
  facet normal 0.0490716 -0.998795 0
    outer loop
      vertex 11.7354 14.687 0
      vertex 12 14.7 2
      vertex 11.7354 14.687 2
    endloop
  endfacet
  facet normal 0.0490716 -0.998795 0
    outer loop
      vertex 12 14.7 2
      vertex 11.7354 14.687 0
      vertex 12 14.7 0
    endloop
  endfacet
  facet normal -0.242979 -0.970031 0
    outer loop
      vertex 12.5267 14.6481 0
      vertex 12.7838 14.5837 2
      vertex 12.5267 14.6481 2
    endloop
  endfacet
  facet normal -0.242979 -0.970031 -0
    outer loop
      vertex 12.7838 14.5837 2
      vertex 12.5267 14.6481 0
      vertex 12.7838 14.5837 0
    endloop
  endfacet
  facet normal -0.146809 -0.989165 0
    outer loop
      vertex 12.2646 14.687 0
      vertex 12.5267 14.6481 2
      vertex 12.2646 14.687 2
    endloop
  endfacet
  facet normal -0.146809 -0.989165 -0
    outer loop
      vertex 12.5267 14.6481 2
      vertex 12.2646 14.687 0
      vertex 12.5267 14.6481 0
    endloop
  endfacet
  facet normal -0.427486 -0.904022 0
    outer loop
      vertex 13.0332 14.4945 0
      vertex 13.2728 14.3812 2
      vertex 13.0332 14.4945 2
    endloop
  endfacet
  facet normal -0.427486 -0.904022 -0
    outer loop
      vertex 13.2728 14.3812 2
      vertex 13.0332 14.4945 0
      vertex 13.2728 14.3812 0
    endloop
  endfacet
  facet normal -0.595706 -0.803203 0
    outer loop
      vertex 13.5 14.245 0
      vertex 13.7129 14.0871 2
      vertex 13.5 14.245 2
    endloop
  endfacet
  facet normal -0.595706 -0.803203 -0
    outer loop
      vertex 13.7129 14.0871 2
      vertex 13.5 14.245 0
      vertex 13.7129 14.0871 0
    endloop
  endfacet
  facet normal 0.998795 0.0490716 0
    outer loop
      vertex 9.313 11.7354 2
      vertex 9.3 12 0
      vertex 9.3 12 2
    endloop
  endfacet
  facet normal 0.998795 0.0490716 0
    outer loop
      vertex 9.3 12 0
      vertex 9.313 11.7354 2
      vertex 9.313 11.7354 0
    endloop
  endfacet
  facet normal 0.970049 -0.242908 0
    outer loop
      vertex 9.35188 12.5267 2
      vertex 9.41626 12.7838 0
      vertex 9.41626 12.7838 2
    endloop
  endfacet
  facet normal 0.970049 -0.242908 0
    outer loop
      vertex 9.41626 12.7838 0
      vertex 9.35188 12.5267 2
      vertex 9.35188 12.5267 0
    endloop
  endfacet
  facet normal 0.989176 -0.146735 0
    outer loop
      vertex 9.313 12.2646 2
      vertex 9.35188 12.5267 0
      vertex 9.35188 12.5267 2
    endloop
  endfacet
  facet normal 0.989176 -0.146735 0
    outer loop
      vertex 9.35188 12.5267 0
      vertex 9.313 12.2646 2
      vertex 9.313 12.2646 0
    endloop
  endfacet
  facet normal 0.904036 -0.427455 0
    outer loop
      vertex 9.50552 13.0332 2
      vertex 9.61881 13.2728 0
      vertex 9.61881 13.2728 2
    endloop
  endfacet
  facet normal 0.904036 -0.427455 0
    outer loop
      vertex 9.61881 13.2728 0
      vertex 9.50552 13.0332 2
      vertex 9.50552 13.0332 0
    endloop
  endfacet
  facet normal 0.857659 -0.514218 0
    outer loop
      vertex 9.61881 13.2728 2
      vertex 9.75503 13.5 0
      vertex 9.75503 13.5 2
    endloop
  endfacet
  facet normal 0.857659 -0.514218 0
    outer loop
      vertex 9.75503 13.5 0
      vertex 9.61881 13.2728 2
      vertex 9.61881 13.2728 0
    endloop
  endfacet
  facet normal 0.336767 -0.941588 0
    outer loop
      vertex 10.9668 14.4945 0
      vertex 11.2162 14.5837 2
      vertex 10.9668 14.4945 2
    endloop
  endfacet
  facet normal 0.336767 -0.941588 0
    outer loop
      vertex 11.2162 14.5837 2
      vertex 10.9668 14.4945 0
      vertex 11.2162 14.5837 0
    endloop
  endfacet
  facet normal 0.146809 -0.989165 0
    outer loop
      vertex 11.4733 14.6481 0
      vertex 11.7354 14.687 2
      vertex 11.4733 14.6481 2
    endloop
  endfacet
  facet normal 0.146809 -0.989165 0
    outer loop
      vertex 11.7354 14.687 2
      vertex 11.4733 14.6481 0
      vertex 11.7354 14.687 0
    endloop
  endfacet
  facet normal 0.595706 -0.803203 0
    outer loop
      vertex 10.2871 14.0871 0
      vertex 10.5 14.245 2
      vertex 10.2871 14.0871 2
    endloop
  endfacet
  facet normal 0.595706 -0.803203 0
    outer loop
      vertex 10.5 14.245 2
      vertex 10.2871 14.0871 0
      vertex 10.5 14.245 0
    endloop
  endfacet
  facet normal 0.671526 -0.740981 0
    outer loop
      vertex 10.0908 13.9092 0
      vertex 10.2871 14.0871 2
      vertex 10.0908 13.9092 2
    endloop
  endfacet
  facet normal 0.671526 -0.740981 0
    outer loop
      vertex 10.2871 14.0871 2
      vertex 10.0908 13.9092 0
      vertex 10.2871 14.0871 0
    endloop
  endfacet
  facet normal 0.514163 -0.857693 0
    outer loop
      vertex 10.5 14.245 0
      vertex 10.7272 14.3812 2
      vertex 10.5 14.245 2
    endloop
  endfacet
  facet normal 0.514163 -0.857693 0
    outer loop
      vertex 10.7272 14.3812 2
      vertex 10.5 14.245 0
      vertex 10.7272 14.3812 0
    endloop
  endfacet
  facet normal 0.740925 -0.671588 0
    outer loop
      vertex 9.91287 13.7129 2
      vertex 10.0908 13.9092 0
      vertex 10.0908 13.9092 2
    endloop
  endfacet
  facet normal 0.740925 -0.671588 0
    outer loop
      vertex 10.0908 13.9092 0
      vertex 9.91287 13.7129 2
      vertex 9.91287 13.7129 0
    endloop
  endfacet
  facet normal -0.998795 -0.0490716 0
    outer loop
      vertex 14.7 12 0
      vertex 14.687 12.2646 2
      vertex 14.687 12.2646 0
    endloop
  endfacet
  facet normal -0.998795 -0.0490716 0
    outer loop
      vertex 14.687 12.2646 2
      vertex 14.7 12 0
      vertex 14.7 12 2
    endloop
  endfacet
  facet normal -0.970031 0.242979 0
    outer loop
      vertex 14.5837 11.2162 0
      vertex 14.6481 11.4733 2
      vertex 14.6481 11.4733 0
    endloop
  endfacet
  facet normal -0.970031 0.242979 0
    outer loop
      vertex 14.6481 11.4733 2
      vertex 14.5837 11.2162 0
      vertex 14.5837 11.2162 2
    endloop
  endfacet
  facet normal 0.989176 0.146735 0
    outer loop
      vertex 9.35188 11.4733 2
      vertex 9.313 11.7354 0
      vertex 9.313 11.7354 2
    endloop
  endfacet
  facet normal 0.989176 0.146735 0
    outer loop
      vertex 9.313 11.7354 0
      vertex 9.35188 11.4733 2
      vertex 9.35188 11.4733 0
    endloop
  endfacet
  facet normal -0.146735 0.989176 0
    outer loop
      vertex 12.5267 9.35188 0
      vertex 12.2646 9.313 2
      vertex 12.5267 9.35188 2
    endloop
  endfacet
  facet normal -0.146735 0.989176 0
    outer loop
      vertex 12.2646 9.313 2
      vertex 12.5267 9.35188 0
      vertex 12.2646 9.313 0
    endloop
  endfacet
  facet normal -0.427455 0.904036 0
    outer loop
      vertex 13.2728 9.61881 0
      vertex 13.0332 9.50552 2
      vertex 13.2728 9.61881 2
    endloop
  endfacet
  facet normal -0.427455 0.904036 0
    outer loop
      vertex 13.0332 9.50552 2
      vertex 13.2728 9.61881 0
      vertex 13.0332 9.50552 0
    endloop
  endfacet
  facet normal -0.904022 -0.427486 0
    outer loop
      vertex 14.4945 13.0332 0
      vertex 14.3812 13.2728 2
      vertex 14.3812 13.2728 0
    endloop
  endfacet
  facet normal -0.904022 -0.427486 0
    outer loop
      vertex 14.3812 13.2728 2
      vertex 14.4945 13.0332 0
      vertex 14.4945 13.0332 2
    endloop
  endfacet
  facet normal -0.941588 -0.336767 0
    outer loop
      vertex 14.5837 12.7838 0
      vertex 14.4945 13.0332 2
      vertex 14.4945 13.0332 0
    endloop
  endfacet
  facet normal -0.941588 -0.336767 0
    outer loop
      vertex 14.4945 13.0332 2
      vertex 14.5837 12.7838 0
      vertex 14.5837 12.7838 2
    endloop
  endfacet
  facet normal -0.740981 -0.671526 0
    outer loop
      vertex 14.0871 13.7129 0
      vertex 13.9092 13.9092 2
      vertex 13.9092 13.9092 0
    endloop
  endfacet
  facet normal -0.740981 -0.671526 0
    outer loop
      vertex 13.9092 13.9092 2
      vertex 14.0871 13.7129 0
      vertex 14.0871 13.7129 2
    endloop
  endfacet
  facet normal -0.0490716 -0.998795 0
    outer loop
      vertex 12 14.7 0
      vertex 12.2646 14.687 2
      vertex 12 14.7 2
    endloop
  endfacet
  facet normal -0.0490716 -0.998795 -0
    outer loop
      vertex 12.2646 14.687 2
      vertex 12 14.7 0
      vertex 12.2646 14.687 0
    endloop
  endfacet
  facet normal 0.998795 -0.0490716 0
    outer loop
      vertex 9.3 12 2
      vertex 9.313 12.2646 0
      vertex 9.313 12.2646 2
    endloop
  endfacet
  facet normal 0.998795 -0.0490716 0
    outer loop
      vertex 9.313 12.2646 0
      vertex 9.3 12 2
      vertex 9.3 12 0
    endloop
  endfacet
  facet normal -0.941588 0.336767 0
    outer loop
      vertex 14.4945 10.9668 0
      vertex 14.5837 11.2162 2
      vertex 14.5837 11.2162 0
    endloop
  endfacet
  facet normal -0.941588 0.336767 0
    outer loop
      vertex 14.5837 11.2162 2
      vertex 14.4945 10.9668 0
      vertex 14.4945 10.9668 2
    endloop
  endfacet
  facet normal -0.740981 0.671526 0
    outer loop
      vertex 13.9092 10.0908 0
      vertex 14.0871 10.2871 2
      vertex 14.0871 10.2871 0
    endloop
  endfacet
  facet normal -0.740981 0.671526 0
    outer loop
      vertex 14.0871 10.2871 2
      vertex 13.9092 10.0908 0
      vertex 13.9092 10.0908 2
    endloop
  endfacet
  facet normal -0.671588 0.740925 0
    outer loop
      vertex 13.9092 10.0908 0
      vertex 13.7129 9.91287 2
      vertex 13.9092 10.0908 2
    endloop
  endfacet
  facet normal -0.671588 0.740925 0
    outer loop
      vertex 13.7129 9.91287 2
      vertex 13.9092 10.0908 0
      vertex 13.7129 9.91287 0
    endloop
  endfacet
  facet normal -0.904022 0.427486 0
    outer loop
      vertex 14.3812 10.7272 0
      vertex 14.4945 10.9668 2
      vertex 14.4945 10.9668 0
    endloop
  endfacet
  facet normal -0.904022 0.427486 0
    outer loop
      vertex 14.4945 10.9668 2
      vertex 14.3812 10.7272 0
      vertex 14.3812 10.7272 2
    endloop
  endfacet
  facet normal 0.146735 0.989176 -0
    outer loop
      vertex 11.7354 9.313 0
      vertex 11.4733 9.35188 2
      vertex 11.7354 9.313 2
    endloop
  endfacet
  facet normal 0.146735 0.989176 0
    outer loop
      vertex 11.4733 9.35188 2
      vertex 11.7354 9.313 0
      vertex 11.4733 9.35188 0
    endloop
  endfacet
  facet normal -0.970031 -0.242979 0
    outer loop
      vertex 14.6481 12.5267 0
      vertex 14.5837 12.7838 2
      vertex 14.5837 12.7838 0
    endloop
  endfacet
  facet normal -0.970031 -0.242979 0
    outer loop
      vertex 14.5837 12.7838 2
      vertex 14.6481 12.5267 0
      vertex 14.6481 12.5267 2
    endloop
  endfacet
  facet normal -0.989165 0.146809 0
    outer loop
      vertex 14.6481 11.4733 0
      vertex 14.687 11.7354 2
      vertex 14.687 11.7354 0
    endloop
  endfacet
  facet normal -0.989165 0.146809 0
    outer loop
      vertex 14.687 11.7354 2
      vertex 14.6481 11.4733 0
      vertex 14.6481 11.4733 2
    endloop
  endfacet
  facet normal -0.59556 0.803311 0
    outer loop
      vertex 13.7129 9.91287 0
      vertex 13.5 9.75503 2
      vertex 13.7129 9.91287 2
    endloop
  endfacet
  facet normal -0.59556 0.803311 0
    outer loop
      vertex 13.5 9.75503 2
      vertex 13.7129 9.91287 0
      vertex 13.5 9.75503 0
    endloop
  endfacet
  facet normal -0.803203 0.595706 0
    outer loop
      vertex 14.0871 10.2871 0
      vertex 14.245 10.5 2
      vertex 14.245 10.5 0
    endloop
  endfacet
  facet normal -0.803203 0.595706 0
    outer loop
      vertex 14.245 10.5 2
      vertex 14.0871 10.2871 0
      vertex 14.0871 10.2871 2
    endloop
  endfacet
  facet normal -0.857693 0.514163 0
    outer loop
      vertex 14.245 10.5 0
      vertex 14.3812 10.7272 2
      vertex 14.3812 10.7272 0
    endloop
  endfacet
  facet normal -0.857693 0.514163 0
    outer loop
      vertex 14.3812 10.7272 2
      vertex 14.245 10.5 0
      vertex 14.245 10.5 2
    endloop
  endfacet
  facet normal 0.427455 0.904036 -0
    outer loop
      vertex 10.9668 9.50552 0
      vertex 10.7272 9.61881 2
      vertex 10.9668 9.50552 2
    endloop
  endfacet
  facet normal 0.427455 0.904036 0
    outer loop
      vertex 10.7272 9.61881 2
      vertex 10.9668 9.50552 0
      vertex 10.7272 9.61881 0
    endloop
  endfacet
  facet normal 0.0490716 0.998795 -0
    outer loop
      vertex 12 9.3 0
      vertex 11.7354 9.313 2
      vertex 12 9.3 2
    endloop
  endfacet
  facet normal 0.0490716 0.998795 0
    outer loop
      vertex 11.7354 9.313 2
      vertex 12 9.3 0
      vertex 11.7354 9.313 0
    endloop
  endfacet
  facet normal -0.0490716 0.998795 0
    outer loop
      vertex 12.2646 9.313 0
      vertex 12 9.3 2
      vertex 12.2646 9.313 2
    endloop
  endfacet
  facet normal -0.0490716 0.998795 0
    outer loop
      vertex 12 9.3 2
      vertex 12.2646 9.313 0
      vertex 12 9.3 0
    endloop
  endfacet
  facet normal 0.904036 0.427455 0
    outer loop
      vertex 9.61881 10.7272 2
      vertex 9.50552 10.9668 0
      vertex 9.50552 10.9668 2
    endloop
  endfacet
  facet normal 0.904036 0.427455 0
    outer loop
      vertex 9.50552 10.9668 0
      vertex 9.61881 10.7272 2
      vertex 9.61881 10.7272 0
    endloop
  endfacet
  facet normal 0.941516 0.336968 0
    outer loop
      vertex 9.50552 10.9668 2
      vertex 9.41626 11.2162 0
      vertex 9.41626 11.2162 2
    endloop
  endfacet
  facet normal 0.941516 0.336968 0
    outer loop
      vertex 9.41626 11.2162 0
      vertex 9.50552 10.9668 2
      vertex 9.50552 10.9668 0
    endloop
  endfacet
  facet normal 0.857659 0.514218 0
    outer loop
      vertex 9.75503 10.5 2
      vertex 9.61881 10.7272 0
      vertex 9.61881 10.7272 2
    endloop
  endfacet
  facet normal 0.857659 0.514218 0
    outer loop
      vertex 9.61881 10.7272 0
      vertex 9.75503 10.5 2
      vertex 9.75503 10.5 0
    endloop
  endfacet
  facet normal 0.803311 0.59556 0
    outer loop
      vertex 9.91287 10.2871 2
      vertex 9.75503 10.5 0
      vertex 9.75503 10.5 2
    endloop
  endfacet
  facet normal 0.803311 0.59556 0
    outer loop
      vertex 9.75503 10.5 0
      vertex 9.91287 10.2871 2
      vertex 9.91287 10.2871 0
    endloop
  endfacet
  facet normal 0.671588 0.740925 -0
    outer loop
      vertex 10.2871 9.91287 0
      vertex 10.0908 10.0908 2
      vertex 10.2871 9.91287 2
    endloop
  endfacet
  facet normal 0.671588 0.740925 0
    outer loop
      vertex 10.0908 10.0908 2
      vertex 10.2871 9.91287 0
      vertex 10.0908 10.0908 0
    endloop
  endfacet
  facet normal 0.740925 0.671588 0
    outer loop
      vertex 10.0908 10.0908 2
      vertex 9.91287 10.2871 0
      vertex 9.91287 10.2871 2
    endloop
  endfacet
  facet normal 0.740925 0.671588 0
    outer loop
      vertex 9.91287 10.2871 0
      vertex 10.0908 10.0908 2
      vertex 10.0908 10.0908 0
    endloop
  endfacet
  facet normal 0.59556 0.803311 -0
    outer loop
      vertex 10.5 9.75503 0
      vertex 10.2871 9.91287 2
      vertex 10.5 9.75503 2
    endloop
  endfacet
  facet normal 0.59556 0.803311 0
    outer loop
      vertex 10.2871 9.91287 2
      vertex 10.5 9.75503 0
      vertex 10.2871 9.91287 0
    endloop
  endfacet
  facet normal 0.514218 0.857659 -0
    outer loop
      vertex 10.7272 9.61881 0
      vertex 10.5 9.75503 2
      vertex 10.7272 9.61881 2
    endloop
  endfacet
  facet normal 0.514218 0.857659 0
    outer loop
      vertex 10.5 9.75503 2
      vertex 10.7272 9.61881 0
      vertex 10.5 9.75503 0
    endloop
  endfacet
  facet normal 0.336968 0.941516 -0
    outer loop
      vertex 11.2162 9.41626 0
      vertex 10.9668 9.50552 2
      vertex 11.2162 9.41626 2
    endloop
  endfacet
  facet normal 0.336968 0.941516 0
    outer loop
      vertex 10.9668 9.50552 2
      vertex 11.2162 9.41626 0
      vertex 10.9668 9.50552 0
    endloop
  endfacet
  facet normal -0.336968 0.941516 0
    outer loop
      vertex 13.0332 9.50552 0
      vertex 12.7838 9.41626 2
      vertex 13.0332 9.50552 2
    endloop
  endfacet
  facet normal -0.336968 0.941516 0
    outer loop
      vertex 12.7838 9.41626 2
      vertex 13.0332 9.50552 0
      vertex 12.7838 9.41626 0
    endloop
  endfacet
  facet normal -0.242908 0.970049 0
    outer loop
      vertex 12.7838 9.41626 0
      vertex 12.5267 9.35188 2
      vertex 12.7838 9.41626 2
    endloop
  endfacet
  facet normal -0.242908 0.970049 0
    outer loop
      vertex 12.5267 9.35188 2
      vertex 12.7838 9.41626 0
      vertex 12.5267 9.35188 0
    endloop
  endfacet
  facet normal 0.242908 0.970049 -0
    outer loop
      vertex 11.4733 9.35188 0
      vertex 11.2162 9.41626 2
      vertex 11.4733 9.35188 2
    endloop
  endfacet
  facet normal 0.242908 0.970049 0
    outer loop
      vertex 11.2162 9.41626 2
      vertex 11.4733 9.35188 0
      vertex 11.2162 9.41626 0
    endloop
  endfacet
  facet normal -0.904125 -0.427269 0
    outer loop
      vertex -16.6458 -15.4142 0
      vertex -16.7716 -15.148 2
      vertex -16.7716 -15.148 0
    endloop
  endfacet
  facet normal -0.904125 -0.427269 0
    outer loop
      vertex -16.7716 -15.148 2
      vertex -16.6458 -15.4142 0
      vertex -16.6458 -15.4142 2
    endloop
  endfacet
  facet normal 0.941527 0.336939 0
    outer loop
      vertex 16.8708 14.8708 2
      vertex 16.7716 15.148 0
      vertex 16.7716 15.148 2
    endloop
  endfacet
  facet normal 0.941527 0.336939 0
    outer loop
      vertex 16.7716 15.148 0
      vertex 16.8708 14.8708 2
      vertex 16.8708 14.8708 0
    endloop
  endfacet
  facet normal -0.941527 -0.336939 0
    outer loop
      vertex -16.7716 -15.148 0
      vertex -16.8708 -14.8708 2
      vertex -16.8708 -14.8708 0
    endloop
  endfacet
  facet normal -0.941527 -0.336939 0
    outer loop
      vertex -16.8708 -14.8708 2
      vertex -16.7716 -15.148 0
      vertex -16.7716 -15.148 2
    endloop
  endfacet
  facet normal 0.671607 -0.740908 0
    outer loop
      vertex 15.9032 -16.319 0
      vertex 16.1213 -16.1213 2
      vertex 15.9032 -16.319 2
    endloop
  endfacet
  facet normal 0.671607 -0.740908 0
    outer loop
      vertex 16.1213 -16.1213 2
      vertex 15.9032 -16.319 0
      vertex 16.1213 -16.1213 0
    endloop
  endfacet
  facet normal -0.595699 0.803208 0
    outer loop
      vertex -15.6667 16.4944 0
      vertex -15.9032 16.319 2
      vertex -15.6667 16.4944 2
    endloop
  endfacet
  facet normal -0.595699 0.803208 0
    outer loop
      vertex -15.9032 16.319 2
      vertex -15.6667 16.4944 0
      vertex -15.9032 16.319 0
    endloop
  endfacet
  facet normal -0.998786 0.0492599 0
    outer loop
      vertex -17 14 0
      vertex -16.9855 14.294 2
      vertex -16.9855 14.294 0
    endloop
  endfacet
  facet normal -0.998786 0.0492599 0
    outer loop
      vertex -16.9855 14.294 2
      vertex -17 14 0
      vertex -17 14 2
    endloop
  endfacet
  facet normal 0.0492599 0.998786 -0
    outer loop
      vertex 14.294 16.9855 0
      vertex 14 17 2
      vertex 14.294 16.9855 2
    endloop
  endfacet
  facet normal 0.0492599 0.998786 0
    outer loop
      vertex 14 17 2
      vertex 14.294 16.9855 0
      vertex 14 17 0
    endloop
  endfacet
  facet normal 0 1 -0
    outer loop
      vertex 14 17 0
      vertex -14 17 2
      vertex 14 17 2
    endloop
  endfacet
  facet normal 0 1 0
    outer loop
      vertex -14 17 2
      vertex 14 17 0
      vertex -14 17 0
    endloop
  endfacet
  facet normal -1 0 0
    outer loop
      vertex -17 -14 0
      vertex -17 14 2
      vertex -17 14 0
    endloop
  endfacet
  facet normal -1 -0 0
    outer loop
      vertex -17 14 2
      vertex -17 -14 0
      vertex -17 -14 2
    endloop
  endfacet
  facet normal 0 0 1
    outer loop
      vertex -5.16188 5.16188 2
      vertex -10.2871 9.91287 2
      vertex -5.64298 4.63107 2
    endloop
  endfacet
  facet normal 0 0 1
    outer loop
      vertex -7.3 0 2
      vertex -9.313 -11.7354 2
      vertex -9.3 -12 2
    endloop
  endfacet
  facet normal -0 0 1
    outer loop
      vertex -10.5 9.75503 2
      vertex -5.64298 4.63107 2
      vertex -10.2871 9.91287 2
    endloop
  endfacet
  facet normal 0 0 1
    outer loop
      vertex -7.3 0 2
      vertex -9.35188 -11.4733 2
      vertex -9.313 -11.7354 2
    endloop
  endfacet
  facet normal -0 0 1
    outer loop
      vertex -10.7272 9.61881 2
      vertex -5.64298 4.63107 2
      vertex -10.5 9.75503 2
    endloop
  endfacet
  facet normal 0 0 1
    outer loop
      vertex -7.3 0 2
      vertex -9.41626 -11.2162 2
      vertex -9.35188 -11.4733 2
    endloop
  endfacet
  facet normal 0 0 1
    outer loop
      vertex -5.64298 4.63107 2
      vertex -10.7272 9.61881 2
      vertex -6.06973 4.05566 2
    endloop
  endfacet
  facet normal 0 0 1
    outer loop
      vertex -7.3 0 2
      vertex -9.50552 -10.9668 2
      vertex -9.41626 -11.2162 2
    endloop
  endfacet
  facet normal -0 0 1
    outer loop
      vertex -10.9668 9.50552 2
      vertex -6.06973 4.05566 2
      vertex -10.7272 9.61881 2
    endloop
  endfacet
  facet normal 0 0 1
    outer loop
      vertex -7.3 0 2
      vertex -9.61881 -10.7272 2
      vertex -9.50552 -10.9668 2
    endloop
  endfacet
  facet normal 0 0 1
    outer loop
      vertex -6.06973 4.05566 2
      vertex -10.9668 9.50552 2
      vertex -6.43802 3.4412 2
    endloop
  endfacet
  facet normal 0 0 1
    outer loop
      vertex -7.3 0 2
      vertex -9.75503 -10.5 2
      vertex -9.61881 -10.7272 2
    endloop
  endfacet
  facet normal -0 0 1
    outer loop
      vertex -11.2162 9.41626 2
      vertex -6.43802 3.4412 2
      vertex -10.9668 9.50552 2
    endloop
  endfacet
  facet normal 0 0 1
    outer loop
      vertex -7.3 0 2
      vertex -9.91287 -10.2871 2
      vertex -9.75503 -10.5 2
    endloop
  endfacet
  facet normal -0 0 1
    outer loop
      vertex -11.4733 9.35188 2
      vertex -6.43802 3.4412 2
      vertex -11.2162 9.41626 2
    endloop
  endfacet
  facet normal 0 0 1
    outer loop
      vertex -7.3 0 2
      vertex -10.0908 -10.0908 2
      vertex -9.91287 -10.2871 2
    endloop
  endfacet
  facet normal 0 0 1
    outer loop
      vertex -6.43802 3.4412 2
      vertex -11.4733 9.35188 2
      vertex -6.74432 2.79359 2
    endloop
  endfacet
  facet normal 0 0 1
    outer loop
      vertex -7.3 0 2
      vertex -10.2871 -9.91287 2
      vertex -10.0908 -10.0908 2
    endloop
  endfacet
  facet normal -0 0 1
    outer loop
      vertex -11.7354 9.313 2
      vertex -6.74432 2.79359 2
      vertex -11.4733 9.35188 2
    endloop
  endfacet
  facet normal 0 0 1
    outer loop
      vertex -7.3 0 2
      vertex -10.5 -9.75503 2
      vertex -10.2871 -9.91287 2
    endloop
  endfacet
  facet normal -0 0 1
    outer loop
      vertex -12 9.3 2
      vertex -6.74432 2.79359 2
      vertex -11.7354 9.313 2
    endloop
  endfacet
  facet normal 0 0 1
    outer loop
      vertex -7.3 0 2
      vertex -10.7272 -9.61881 2
      vertex -10.5 -9.75503 2
    endloop
  endfacet
  facet normal 0 0 1
    outer loop
      vertex -6.74432 2.79359 2
      vertex -12 9.3 2
      vertex -6.98566 2.11908 2
    endloop
  endfacet
  facet normal 0 0 1
    outer loop
      vertex -7.3 0 2
      vertex -10.9668 -9.50552 2
      vertex -10.7272 -9.61881 2
    endloop
  endfacet
  facet normal 0 0 1
    outer loop
      vertex -12.2646 9.313 2
      vertex -6.98566 2.11908 2
      vertex -12 9.3 2
    endloop
  endfacet
  facet normal 0 0 1
    outer loop
      vertex -7.3 0 2
      vertex -11.2162 -9.41626 2
      vertex -10.9668 -9.50552 2
    endloop
  endfacet
  facet normal 0 0 1
    outer loop
      vertex -6.98566 2.11908 2
      vertex -12.2646 9.313 2
      vertex -7.15973 1.42416 2
    endloop
  endfacet
  facet normal 0 0 1
    outer loop
      vertex -7.3 0 2
      vertex -11.4733 -9.35188 2
      vertex -11.2162 -9.41626 2
    endloop
  endfacet
  facet normal 0 0 1
    outer loop
      vertex -12.5267 9.35188 2
      vertex -7.15973 1.42416 2
      vertex -12.2646 9.313 2
    endloop
  endfacet
  facet normal 0 0 1
    outer loop
      vertex -7.3 0 2
      vertex -11.7354 -9.313 2
      vertex -11.4733 -9.35188 2
    endloop
  endfacet
  facet normal 0 0 1
    outer loop
      vertex -12.7838 9.41626 2
      vertex -7.15973 1.42416 2
      vertex -12.5267 9.35188 2
    endloop
  endfacet
  facet normal 0 0 1
    outer loop
      vertex -7.3 0 2
      vertex -12 -9.3 2
      vertex -11.7354 -9.313 2
    endloop
  endfacet
  facet normal 0 0 1
    outer loop
      vertex -7.15973 1.42416 2
      vertex -12.7838 9.41626 2
      vertex -7.26485 0.715525 2
    endloop
  endfacet
  facet normal 0 0 1
    outer loop
      vertex -7.3 0 2
      vertex -12.2646 -9.313 2
      vertex -12 -9.3 2
    endloop
  endfacet
  facet normal 0 0 1
    outer loop
      vertex -13.0332 9.50552 2
      vertex -7.26485 0.715525 2
      vertex -12.7838 9.41626 2
    endloop
  endfacet
  facet normal 0 0 1
    outer loop
      vertex -7.3 0 2
      vertex -12.5267 -9.35188 2
      vertex -12.2646 -9.313 2
    endloop
  endfacet
  facet normal 0 0 1
    outer loop
      vertex -7.26485 0.715525 2
      vertex -13.0332 9.50552 2
      vertex -7.3 0 2
    endloop
  endfacet
  facet normal 0 0 1
    outer loop
      vertex -7.3 0 2
      vertex -12.7838 -9.41626 2
      vertex -12.5267 -9.35188 2
    endloop
  endfacet
  facet normal 0 0 1
    outer loop
      vertex -13.2728 9.61881 2
      vertex -7.3 0 2
      vertex -13.0332 9.50552 2
    endloop
  endfacet
  facet normal 0 0 1
    outer loop
      vertex -7.3 0 2
      vertex -13.0332 -9.50552 2
      vertex -12.7838 -9.41626 2
    endloop
  endfacet
  facet normal 0 0 1
    outer loop
      vertex -13.2728 -9.61881 2
      vertex -7.3 0 2
      vertex -13.2728 9.61881 2
    endloop
  endfacet
  facet normal 0 0 1
    outer loop
      vertex -7.3 0 2
      vertex -13.2728 -9.61881 2
      vertex -13.0332 -9.50552 2
    endloop
  endfacet
  facet normal 0 0 1
    outer loop
      vertex -13.5 9.75503 2
      vertex -13.2728 -9.61881 2
      vertex -13.2728 9.61881 2
    endloop
  endfacet
  facet normal 0 0 1
    outer loop
      vertex -13.5 9.75503 2
      vertex -13.5 -9.75503 2
      vertex -13.2728 -9.61881 2
    endloop
  endfacet
  facet normal 0 0 1
    outer loop
      vertex -13.7129 9.91287 2
      vertex -13.5 -9.75503 2
      vertex -13.5 9.75503 2
    endloop
  endfacet
  facet normal 0 0 1
    outer loop
      vertex -13.7129 9.91287 2
      vertex -13.7129 -9.91287 2
      vertex -13.5 -9.75503 2
    endloop
  endfacet
  facet normal 0 0 1
    outer loop
      vertex -13.9092 10.0908 2
      vertex -13.7129 -9.91287 2
      vertex -13.7129 9.91287 2
    endloop
  endfacet
  facet normal 0 0 1
    outer loop
      vertex -13.9092 10.0908 2
      vertex -13.9092 -10.0908 2
      vertex -13.7129 -9.91287 2
    endloop
  endfacet
  facet normal 0 0 1
    outer loop
      vertex -14.0871 10.2871 2
      vertex -13.9092 -10.0908 2
      vertex -13.9092 10.0908 2
    endloop
  endfacet
  facet normal 0 0 1
    outer loop
      vertex -14.0871 10.2871 2
      vertex -14.0871 -10.2871 2
      vertex -13.9092 -10.0908 2
    endloop
  endfacet
  facet normal 0 0 1
    outer loop
      vertex -14.245 10.5 2
      vertex -14.0871 -10.2871 2
      vertex -14.0871 10.2871 2
    endloop
  endfacet
  facet normal 0 0 1
    outer loop
      vertex -14.245 10.5 2
      vertex -14.245 -10.5 2
      vertex -14.0871 -10.2871 2
    endloop
  endfacet
  facet normal 0 0 1
    outer loop
      vertex -17 14 2
      vertex -14.245 10.5 2
      vertex -14.3812 10.7272 2
    endloop
  endfacet
  facet normal 0 0 1
    outer loop
      vertex -14.245 10.5 2
      vertex -17 14 2
      vertex -14.245 -10.5 2
    endloop
  endfacet
  facet normal 0 0 1
    outer loop
      vertex -17 14 2
      vertex -14.3812 10.7272 2
      vertex -14.4945 10.9668 2
    endloop
  endfacet
  facet normal 0 0 1
    outer loop
      vertex -17 -14 2
      vertex -14.245 -10.5 2
      vertex -17 14 2
    endloop
  endfacet
  facet normal 0 0 1
    outer loop
      vertex -17 14 2
      vertex -14.4945 10.9668 2
      vertex -14.5837 11.2162 2
    endloop
  endfacet
  facet normal 0 0 1
    outer loop
      vertex -14.245 -10.5 2
      vertex -17 -14 2
      vertex -14.3812 -10.7272 2
    endloop
  endfacet
  facet normal 0 0 1
    outer loop
      vertex -17 14 2
      vertex -14.5837 11.2162 2
      vertex -14.6481 11.4733 2
    endloop
  endfacet
  facet normal 0 0 1
    outer loop
      vertex -14.3812 -10.7272 2
      vertex -17 -14 2
      vertex -14.4945 -10.9668 2
    endloop
  endfacet
  facet normal 0 0 1
    outer loop
      vertex -17 14 2
      vertex -14.6481 11.4733 2
      vertex -14.687 11.7354 2
    endloop
  endfacet
  facet normal 0 0 1
    outer loop
      vertex -14.4945 -10.9668 2
      vertex -17 -14 2
      vertex -14.5837 -11.2162 2
    endloop
  endfacet
  facet normal 0 0 1
    outer loop
      vertex -17 14 2
      vertex -14.687 11.7354 2
      vertex -14.7 12 2
    endloop
  endfacet
  facet normal 0 0 1
    outer loop
      vertex -14.5837 -11.2162 2
      vertex -17 -14 2
      vertex -14.6481 -11.4733 2
    endloop
  endfacet
  facet normal 0 0 1
    outer loop
      vertex 14.5837 11.2162 2
      vertex 17 14 2
      vertex 14.6481 11.4733 2
    endloop
  endfacet
  facet normal 0 0 1
    outer loop
      vertex 17 -14 2
      vertex 14.687 -11.7354 2
      vertex 14.7 -12 2
    endloop
  endfacet
  facet normal 0 0 1
    outer loop
      vertex 14.4945 10.9668 2
      vertex 17 14 2
      vertex 14.5837 11.2162 2
    endloop
  endfacet
  facet normal 0 0 1
    outer loop
      vertex 17 -14 2
      vertex 14.6481 -11.4733 2
      vertex 14.687 -11.7354 2
    endloop
  endfacet
  facet normal 0 0 1
    outer loop
      vertex 14.3812 10.7272 2
      vertex 17 14 2
      vertex 14.4945 10.9668 2
    endloop
  endfacet
  facet normal 0 0 1
    outer loop
      vertex 17 -14 2
      vertex 14.5837 -11.2162 2
      vertex 14.6481 -11.4733 2
    endloop
  endfacet
  facet normal 0 0 1
    outer loop
      vertex 14.245 10.5 2
      vertex 17 14 2
      vertex 14.3812 10.7272 2
    endloop
  endfacet
  facet normal 0 0 1
    outer loop
      vertex 17 -14 2
      vertex 14.4945 -10.9668 2
      vertex 14.5837 -11.2162 2
    endloop
  endfacet
  facet normal 0 0 1
    outer loop
      vertex 17 14 2
      vertex 14.245 10.5 2
      vertex 17 -14 2
    endloop
  endfacet
  facet normal 0 0 1
    outer loop
      vertex 17 -14 2
      vertex 14.3812 -10.7272 2
      vertex 14.4945 -10.9668 2
    endloop
  endfacet
  facet normal -0 0 1
    outer loop
      vertex 14.245 -10.5 2
      vertex 17 -14 2
      vertex 14.245 10.5 2
    endloop
  endfacet
  facet normal 0 0 1
    outer loop
      vertex 17 -14 2
      vertex 14.245 -10.5 2
      vertex 14.3812 -10.7272 2
    endloop
  endfacet
  facet normal -0 0 1
    outer loop
      vertex 14.0871 10.2871 2
      vertex 14.245 -10.5 2
      vertex 14.245 10.5 2
    endloop
  endfacet
  facet normal 0 0 1
    outer loop
      vertex 14.0871 10.2871 2
      vertex 14.0871 -10.2871 2
      vertex 14.245 -10.5 2
    endloop
  endfacet
  facet normal -0 0 1
    outer loop
      vertex 13.9092 10.0908 2
      vertex 14.0871 -10.2871 2
      vertex 14.0871 10.2871 2
    endloop
  endfacet
  facet normal 0 0 1
    outer loop
      vertex 13.9092 10.0908 2
      vertex 13.9092 -10.0908 2
      vertex 14.0871 -10.2871 2
    endloop
  endfacet
  facet normal -0 0 1
    outer loop
      vertex 13.7129 9.91287 2
      vertex 13.9092 -10.0908 2
      vertex 13.9092 10.0908 2
    endloop
  endfacet
  facet normal 0 0 1
    outer loop
      vertex 13.7129 9.91287 2
      vertex 13.7129 -9.91287 2
      vertex 13.9092 -10.0908 2
    endloop
  endfacet
  facet normal -0 0 1
    outer loop
      vertex 13.5 9.75503 2
      vertex 13.7129 -9.91287 2
      vertex 13.7129 9.91287 2
    endloop
  endfacet
  facet normal 0 0 1
    outer loop
      vertex 13.5 9.75503 2
      vertex 13.5 -9.75503 2
      vertex 13.7129 -9.91287 2
    endloop
  endfacet
  facet normal -0 0 1
    outer loop
      vertex 13.2728 9.61881 2
      vertex 13.5 -9.75503 2
      vertex 13.5 9.75503 2
    endloop
  endfacet
  facet normal 0 0 1
    outer loop
      vertex 13.2728 9.61881 2
      vertex 13.2728 -9.61881 2
      vertex 13.5 -9.75503 2
    endloop
  endfacet
  facet normal 0 0 1
    outer loop
      vertex 7.3 0 2
      vertex 13.2728 9.61881 2
      vertex 13.0332 9.50552 2
    endloop
  endfacet
  facet normal 0 0 1
    outer loop
      vertex 13.2728 9.61881 2
      vertex 7.3 0 2
      vertex 13.2728 -9.61881 2
    endloop
  endfacet
  facet normal 0 0 1
    outer loop
      vertex 7.26485 0.715525 2
      vertex 13.0332 9.50552 2
      vertex 12.7838 9.41626 2
    endloop
  endfacet
  facet normal 0 0 1
    outer loop
      vertex 13.2728 -9.61881 2
      vertex 7.3 0 2
      vertex 13.0332 -9.50552 2
    endloop
  endfacet
  facet normal 0 0 1
    outer loop
      vertex 7.15973 1.42416 2
      vertex 12.7838 9.41626 2
      vertex 12.5267 9.35188 2
    endloop
  endfacet
  facet normal -0 0 1
    outer loop
      vertex 7.26485 -0.715525 2
      vertex 13.0332 -9.50552 2
      vertex 7.3 0 2
    endloop
  endfacet
  facet normal 0 0 1
    outer loop
      vertex 7.15973 1.42416 2
      vertex 12.5267 9.35188 2
      vertex 12.2646 9.313 2
    endloop
  endfacet
  facet normal 0 0 1
    outer loop
      vertex 13.0332 -9.50552 2
      vertex 7.26485 -0.715525 2
      vertex 12.7838 -9.41626 2
    endloop
  endfacet
  facet normal 0 0 1
    outer loop
      vertex 6.98566 2.11908 2
      vertex 12.2646 9.313 2
      vertex 12 9.3 2
    endloop
  endfacet
  facet normal -0 0 1
    outer loop
      vertex 7.15973 -1.42416 2
      vertex 12.7838 -9.41626 2
      vertex 7.26485 -0.715525 2
    endloop
  endfacet
  facet normal 0 0 1
    outer loop
      vertex 6.74432 2.79359 2
      vertex 12 9.3 2
      vertex 11.7354 9.313 2
    endloop
  endfacet
  facet normal 0 0 1
    outer loop
      vertex 12.7838 -9.41626 2
      vertex 7.15973 -1.42416 2
      vertex 12.5267 -9.35188 2
    endloop
  endfacet
  facet normal 0 0 1
    outer loop
      vertex 6.74432 2.79359 2
      vertex 11.7354 9.313 2
      vertex 11.4733 9.35188 2
    endloop
  endfacet
  facet normal 0 0 1
    outer loop
      vertex 12.5267 -9.35188 2
      vertex 7.15973 -1.42416 2
      vertex 12.2646 -9.313 2
    endloop
  endfacet
  facet normal 0 0 1
    outer loop
      vertex 6.43802 3.4412 2
      vertex 11.4733 9.35188 2
      vertex 11.2162 9.41626 2
    endloop
  endfacet
  facet normal -0 0 1
    outer loop
      vertex 6.98566 -2.11908 2
      vertex 12.2646 -9.313 2
      vertex 7.15973 -1.42416 2
    endloop
  endfacet
  facet normal 0 0 1
    outer loop
      vertex 6.43802 3.4412 2
      vertex 11.2162 9.41626 2
      vertex 10.9668 9.50552 2
    endloop
  endfacet
  facet normal 0 0 1
    outer loop
      vertex 12.2646 -9.313 2
      vertex 6.98566 -2.11908 2
      vertex 12 -9.3 2
    endloop
  endfacet
  facet normal 0 0 1
    outer loop
      vertex 6.06973 4.05566 2
      vertex 10.9668 9.50552 2
      vertex 10.7272 9.61881 2
    endloop
  endfacet
  facet normal -0 0 1
    outer loop
      vertex 6.74432 -2.79359 2
      vertex 12 -9.3 2
      vertex 6.98566 -2.11908 2
    endloop
  endfacet
  facet normal 0 0 1
    outer loop
      vertex 5.64298 4.63107 2
      vertex 10.7272 9.61881 2
      vertex 10.5 9.75503 2
    endloop
  endfacet
  facet normal 0 0 1
    outer loop
      vertex 12 -9.3 2
      vertex 6.74432 -2.79359 2
      vertex 11.7354 -9.313 2
    endloop
  endfacet
  facet normal 0 0 1
    outer loop
      vertex 5.64298 4.63107 2
      vertex 10.5 9.75503 2
      vertex 10.2871 9.91287 2
    endloop
  endfacet
  facet normal 0 0 1
    outer loop
      vertex 11.7354 -9.313 2
      vertex 6.74432 -2.79359 2
      vertex 11.4733 -9.35188 2
    endloop
  endfacet
  facet normal 0 0 1
    outer loop
      vertex 5.16188 5.16188 2
      vertex 10.2871 9.91287 2
      vertex 10.0908 10.0908 2
    endloop
  endfacet
  facet normal -0 0 1
    outer loop
      vertex 6.43802 -3.4412 2
      vertex 11.4733 -9.35188 2
      vertex 6.74432 -2.79359 2
    endloop
  endfacet
  facet normal 0 0 1
    outer loop
      vertex 5.16188 5.16188 2
      vertex 10.0908 10.0908 2
      vertex 9.91287 10.2871 2
    endloop
  endfacet
  facet normal 0 0 1
    outer loop
      vertex 11.4733 -9.35188 2
      vertex 6.43802 -3.4412 2
      vertex 11.2162 -9.41626 2
    endloop
  endfacet
  facet normal 0 0 1
    outer loop
      vertex 4.63107 5.64298 2
      vertex 9.91287 10.2871 2
      vertex 9.75503 10.5 2
    endloop
  endfacet
  facet normal 0 0 1
    outer loop
      vertex 11.2162 -9.41626 2
      vertex 6.43802 -3.4412 2
      vertex 10.9668 -9.50552 2
    endloop
  endfacet
  facet normal 0 0 1
    outer loop
      vertex 4.63107 5.64298 2
      vertex 9.75503 10.5 2
      vertex 9.61881 10.7272 2
    endloop
  endfacet
  facet normal -0 0 1
    outer loop
      vertex 6.06973 -4.05566 2
      vertex 10.9668 -9.50552 2
      vertex 6.43802 -3.4412 2
    endloop
  endfacet
  facet normal 0 0 1
    outer loop
      vertex 4.05566 6.06973 2
      vertex 9.61881 10.7272 2
      vertex 9.50552 10.9668 2
    endloop
  endfacet
  facet normal 0 0 1
    outer loop
      vertex 10.9668 -9.50552 2
      vertex 6.06973 -4.05566 2
      vertex 10.7272 -9.61881 2
    endloop
  endfacet
  facet normal 0 0 1
    outer loop
      vertex 3.4412 6.43802 2
      vertex 9.50552 10.9668 2
      vertex 9.41626 11.2162 2
    endloop
  endfacet
  facet normal -0 0 1
    outer loop
      vertex 5.64298 -4.63107 2
      vertex 10.7272 -9.61881 2
      vertex 6.06973 -4.05566 2
    endloop
  endfacet
  facet normal 0 0 1
    outer loop
      vertex 3.4412 6.43802 2
      vertex 9.41626 11.2162 2
      vertex 9.35188 11.4733 2
    endloop
  endfacet
  facet normal 0 0 1
    outer loop
      vertex 10.7272 -9.61881 2
      vertex 5.64298 -4.63107 2
      vertex 10.5 -9.75503 2
    endloop
  endfacet
  facet normal 0 0 1
    outer loop
      vertex 2.79359 6.74432 2
      vertex 9.35188 11.4733 2
      vertex 9.313 11.7354 2
    endloop
  endfacet
  facet normal 0 0 1
    outer loop
      vertex 10.5 -9.75503 2
      vertex 5.64298 -4.63107 2
      vertex 10.2871 -9.91287 2
    endloop
  endfacet
  facet normal 0 0 1
    outer loop
      vertex 2.79359 6.74432 2
      vertex 9.313 11.7354 2
      vertex 9.3 12 2
    endloop
  endfacet
  facet normal -0 0 1
    outer loop
      vertex 5.16188 -5.16188 2
      vertex 10.2871 -9.91287 2
      vertex 5.64298 -4.63107 2
    endloop
  endfacet
  facet normal 0 0 1
    outer loop
      vertex 14.3812 13.2728 2
      vertex 17 14 2
      vertex 16.9855 14.294 2
    endloop
  endfacet
  facet normal 0 0 1
    outer loop
      vertex 14.687 11.7354 2
      vertex 17 14 2
      vertex 14.7 12 2
    endloop
  endfacet
  facet normal 0 0 1
    outer loop
      vertex 14.245 13.5 2
      vertex 16.9855 14.294 2
      vertex 16.9424 14.5853 2
    endloop
  endfacet
  facet normal 0 0 1
    outer loop
      vertex 14.6481 11.4733 2
      vertex 17 14 2
      vertex 14.687 11.7354 2
    endloop
  endfacet
  facet normal 0 0 1
    outer loop
      vertex 14.245 13.5 2
      vertex 16.9424 14.5853 2
      vertex 16.8708 14.8708 2
    endloop
  endfacet
  facet normal -0 0 1
    outer loop
      vertex 14.687 -12.2646 2
      vertex 17 -14 2
      vertex 14.7 -12 2
    endloop
  endfacet
  facet normal 0 0 1
    outer loop
      vertex 14.245 13.5 2
      vertex 16.8708 14.8708 2
      vertex 16.7716 15.148 2
    endloop
  endfacet
  facet normal -0 0 1
    outer loop
      vertex 14.6481 -12.5267 2
      vertex 17 -14 2
      vertex 14.687 -12.2646 2
    endloop
  endfacet
  facet normal 0 0 1
    outer loop
      vertex 14.0871 13.7129 2
      vertex 16.7716 15.148 2
      vertex 16.6458 15.4142 2
    endloop
  endfacet
  facet normal -0 0 1
    outer loop
      vertex 14.5837 -12.7838 2
      vertex 17 -14 2
      vertex 14.6481 -12.5267 2
    endloop
  endfacet
  facet normal 0 0 1
    outer loop
      vertex 14.0871 13.7129 2
      vertex 16.6458 15.4142 2
      vertex 16.4944 15.6667 2
    endloop
  endfacet
  facet normal -0 0 1
    outer loop
      vertex 14.4945 -13.0332 2
      vertex 17 -14 2
      vertex 14.5837 -12.7838 2
    endloop
  endfacet
  facet normal 0 0 1
    outer loop
      vertex 14.0871 13.7129 2
      vertex 16.4944 15.6667 2
      vertex 16.319 15.9032 2
    endloop
  endfacet
  facet normal -0 0 1
    outer loop
      vertex 14.3812 -13.2728 2
      vertex 17 -14 2
      vertex 14.4945 -13.0332 2
    endloop
  endfacet
  facet normal 0 0 1
    outer loop
      vertex 13.9092 13.9092 2
      vertex 16.319 15.9032 2
      vertex 16.1213 16.1213 2
    endloop
  endfacet
  facet normal 0 0 1
    outer loop
      vertex 17 -14 2
      vertex 14.3812 -13.2728 2
      vertex 16.9855 -14.294 2
    endloop
  endfacet
  facet normal 0 0 1
    outer loop
      vertex 13.9092 13.9092 2
      vertex 16.1213 16.1213 2
      vertex 15.9032 16.319 2
    endloop
  endfacet
  facet normal -0 0 1
    outer loop
      vertex 14.245 -13.5 2
      vertex 16.9855 -14.294 2
      vertex 14.3812 -13.2728 2
    endloop
  endfacet
  facet normal 0 0 1
    outer loop
      vertex 13.9092 13.9092 2
      vertex 15.9032 16.319 2
      vertex 15.6667 16.4944 2
    endloop
  endfacet
  facet normal 0 0 1
    outer loop
      vertex 16.9855 -14.294 2
      vertex 14.245 -13.5 2
      vertex 16.9424 -14.5853 2
    endloop
  endfacet
  facet normal 0 0 1
    outer loop
      vertex 13.7129 14.0871 2
      vertex 15.6667 16.4944 2
      vertex 15.4142 16.6458 2
    endloop
  endfacet
  facet normal 0 0 1
    outer loop
      vertex 16.9424 -14.5853 2
      vertex 14.245 -13.5 2
      vertex 16.8708 -14.8708 2
    endloop
  endfacet
  facet normal 0 0 1
    outer loop
      vertex 13.7129 14.0871 2
      vertex 15.4142 16.6458 2
      vertex 15.148 16.7716 2
    endloop
  endfacet
  facet normal 0 0 1
    outer loop
      vertex 16.8708 -14.8708 2
      vertex 14.245 -13.5 2
      vertex 16.7716 -15.148 2
    endloop
  endfacet
  facet normal 0 0 1
    outer loop
      vertex 13.7129 14.0871 2
      vertex 15.148 16.7716 2
      vertex 14.8708 16.8708 2
    endloop
  endfacet
  facet normal -0 0 1
    outer loop
      vertex 14.0871 -13.7129 2
      vertex 16.7716 -15.148 2
      vertex 14.245 -13.5 2
    endloop
  endfacet
  facet normal 0 0 1
    outer loop
      vertex 16.7716 -15.148 2
      vertex 14.0871 -13.7129 2
      vertex 16.6458 -15.4142 2
    endloop
  endfacet
  facet normal 0 0 1
    outer loop
      vertex 17 14 2
      vertex 14.687 12.2646 2
      vertex 14.7 12 2
    endloop
  endfacet
  facet normal 0 0 1
    outer loop
      vertex 17 14 2
      vertex 14.6481 12.5267 2
      vertex 14.687 12.2646 2
    endloop
  endfacet
  facet normal 0 0 1
    outer loop
      vertex 13.5 14.245 2
      vertex 14.8708 16.8708 2
      vertex 14.5853 16.9424 2
    endloop
  endfacet
  facet normal 0 0 1
    outer loop
      vertex 17 14 2
      vertex 14.5837 12.7838 2
      vertex 14.6481 12.5267 2
    endloop
  endfacet
  facet normal 0 0 1
    outer loop
      vertex 17 14 2
      vertex 14.4945 13.0332 2
      vertex 14.5837 12.7838 2
    endloop
  endfacet
  facet normal 0 0 1
    outer loop
      vertex 17 14 2
      vertex 14.3812 13.2728 2
      vertex 14.4945 13.0332 2
    endloop
  endfacet
  facet normal 0 0 1
    outer loop
      vertex 13.5 14.245 2
      vertex 14.5853 16.9424 2
      vertex 14.294 16.9855 2
    endloop
  endfacet
  facet normal 0 0 1
    outer loop
      vertex 16.9855 14.294 2
      vertex 14.245 13.5 2
      vertex 14.3812 13.2728 2
    endloop
  endfacet
  facet normal 0 0 1
    outer loop
      vertex 16.7716 15.148 2
      vertex 14.0871 13.7129 2
      vertex 14.245 13.5 2
    endloop
  endfacet
  facet normal 0 0 1
    outer loop
      vertex 13.2728 14.3812 2
      vertex 14.294 16.9855 2
      vertex 14 17 2
    endloop
  endfacet
  facet normal 0 0 1
    outer loop
      vertex 16.319 15.9032 2
      vertex 13.9092 13.9092 2
      vertex 14.0871 13.7129 2
    endloop
  endfacet
  facet normal 0 0 1
    outer loop
      vertex 15.6667 16.4944 2
      vertex 13.7129 14.0871 2
      vertex 13.9092 13.9092 2
    endloop
  endfacet
  facet normal 0 0 1
    outer loop
      vertex 14.8708 16.8708 2
      vertex 13.5 14.245 2
      vertex 13.7129 14.0871 2
    endloop
  endfacet
  facet normal 0 0 1
    outer loop
      vertex 14.294 16.9855 2
      vertex 13.2728 14.3812 2
      vertex 13.5 14.245 2
    endloop
  endfacet
  facet normal 0 0 1
    outer loop
      vertex 14 17 2
      vertex 13.0332 14.4945 2
      vertex 13.2728 14.3812 2
    endloop
  endfacet
  facet normal 0 0 1
    outer loop
      vertex 14 17 2
      vertex 12.7838 14.5837 2
      vertex 13.0332 14.4945 2
    endloop
  endfacet
  facet normal 0 0 1
    outer loop
      vertex 14 17 2
      vertex 12.5267 14.6481 2
      vertex 12.7838 14.5837 2
    endloop
  endfacet
  facet normal 0 0 1
    outer loop
      vertex 14 17 2
      vertex 12.2646 14.687 2
      vertex 12.5267 14.6481 2
    endloop
  endfacet
  facet normal 0 0 1
    outer loop
      vertex 14 17 2
      vertex 12 14.7 2
      vertex 12.2646 14.687 2
    endloop
  endfacet
  facet normal 0 0 1
    outer loop
      vertex 14 17 2
      vertex 11.7354 14.687 2
      vertex 12 14.7 2
    endloop
  endfacet
  facet normal 0 0 1
    outer loop
      vertex 14 17 2
      vertex 11.4733 14.6481 2
      vertex 11.7354 14.687 2
    endloop
  endfacet
  facet normal 0 0 1
    outer loop
      vertex 14 17 2
      vertex 11.2162 14.5837 2
      vertex 11.4733 14.6481 2
    endloop
  endfacet
  facet normal 0 0 1
    outer loop
      vertex 14 17 2
      vertex 10.9668 14.4945 2
      vertex 11.2162 14.5837 2
    endloop
  endfacet
  facet normal 0 0 1
    outer loop
      vertex 14 17 2
      vertex 10.7272 14.3812 2
      vertex 10.9668 14.4945 2
    endloop
  endfacet
  facet normal 0 0 1
    outer loop
      vertex 14 17 2
      vertex 10.5 14.245 2
      vertex 10.7272 14.3812 2
    endloop
  endfacet
  facet normal 0 0 1
    outer loop
      vertex -10.5 14.245 2
      vertex 10.5 14.245 2
      vertex 14 17 2
    endloop
  endfacet
  facet normal 0 0 1
    outer loop
      vertex 10.2871 -9.91287 2
      vertex 5.16188 -5.16188 2
      vertex 10.0908 -10.0908 2
    endloop
  endfacet
  facet normal 0 0 1
    outer loop
      vertex 2.11908 6.98566 2
      vertex 9.3 12 2
      vertex 9.313 12.2646 2
    endloop
  endfacet
  facet normal 0 0 1
    outer loop
      vertex 1.42416 7.15973 2
      vertex 9.313 12.2646 2
      vertex 9.35188 12.5267 2
    endloop
  endfacet
  facet normal 0 0 1
    outer loop
      vertex 13.0332 9.50552 2
      vertex 7.26485 0.715525 2
      vertex 7.3 0 2
    endloop
  endfacet
  facet normal 0 0 1
    outer loop
      vertex 12.7838 9.41626 2
      vertex 7.15973 1.42416 2
      vertex 7.26485 0.715525 2
    endloop
  endfacet
  facet normal 0 0 1
    outer loop
      vertex 12.2646 9.313 2
      vertex 6.98566 2.11908 2
      vertex 7.15973 1.42416 2
    endloop
  endfacet
  facet normal 0 0 1
    outer loop
      vertex 12 9.3 2
      vertex 6.74432 2.79359 2
      vertex 6.98566 2.11908 2
    endloop
  endfacet
  facet normal 0 0 1
    outer loop
      vertex 1.42416 7.15973 2
      vertex 9.35188 12.5267 2
      vertex 9.41626 12.7838 2
    endloop
  endfacet
  facet normal 0 0 1
    outer loop
      vertex 11.4733 9.35188 2
      vertex 6.43802 3.4412 2
      vertex 6.74432 2.79359 2
    endloop
  endfacet
  facet normal 0 0 1
    outer loop
      vertex 10.9668 9.50552 2
      vertex 6.06973 4.05566 2
      vertex 6.43802 3.4412 2
    endloop
  endfacet
  facet normal 0 0 1
    outer loop
      vertex 0.715525 7.26485 2
      vertex 9.41626 12.7838 2
      vertex 9.50552 13.0332 2
    endloop
  endfacet
  facet normal 0 0 1
    outer loop
      vertex 10.7272 9.61881 2
      vertex 5.64298 4.63107 2
      vertex 6.06973 4.05566 2
    endloop
  endfacet
  facet normal 0 0 1
    outer loop
      vertex 10.2871 9.91287 2
      vertex 5.16188 5.16188 2
      vertex 5.64298 4.63107 2
    endloop
  endfacet
  facet normal 0 0 1
    outer loop
      vertex 0 7.3 2
      vertex 9.50552 13.0332 2
      vertex 9.61881 13.2728 2
    endloop
  endfacet
  facet normal 0 0 1
    outer loop
      vertex 9.91287 10.2871 2
      vertex 4.63107 5.64298 2
      vertex 5.16188 5.16188 2
    endloop
  endfacet
  facet normal 0 0 1
    outer loop
      vertex -9.61881 13.2728 2
      vertex 9.61881 13.2728 2
      vertex 9.75503 13.5 2
    endloop
  endfacet
  facet normal 0 0 1
    outer loop
      vertex 9.61881 10.7272 2
      vertex 4.05566 6.06973 2
      vertex 4.63107 5.64298 2
    endloop
  endfacet
  facet normal 0 0 1
    outer loop
      vertex -9.75503 13.5 2
      vertex 9.75503 13.5 2
      vertex 9.91287 13.7129 2
    endloop
  endfacet
  facet normal 0 0 1
    outer loop
      vertex 9.50552 10.9668 2
      vertex 3.4412 6.43802 2
      vertex 4.05566 6.06973 2
    endloop
  endfacet
  facet normal 0 0 1
    outer loop
      vertex 9.35188 11.4733 2
      vertex 2.79359 6.74432 2
      vertex 3.4412 6.43802 2
    endloop
  endfacet
  facet normal 0 0 1
    outer loop
      vertex -9.91287 13.7129 2
      vertex 9.91287 13.7129 2
      vertex 10.0908 13.9092 2
    endloop
  endfacet
  facet normal 0 0 1
    outer loop
      vertex 9.3 12 2
      vertex 2.11908 6.98566 2
      vertex 2.79359 6.74432 2
    endloop
  endfacet
  facet normal 0 0 1
    outer loop
      vertex -10.0908 13.9092 2
      vertex 10.0908 13.9092 2
      vertex 10.2871 14.0871 2
    endloop
  endfacet
  facet normal 0 0 1
    outer loop
      vertex 9.313 12.2646 2
      vertex 1.42416 7.15973 2
      vertex 2.11908 6.98566 2
    endloop
  endfacet
  facet normal 0 0 1
    outer loop
      vertex 10.5 14.245 2
      vertex -10.5 14.245 2
      vertex 10.2871 14.0871 2
    endloop
  endfacet
  facet normal 0 0 1
    outer loop
      vertex 9.41626 12.7838 2
      vertex 0.715525 7.26485 2
      vertex 1.42416 7.15973 2
    endloop
  endfacet
  facet normal 0 0 1
    outer loop
      vertex 9.75503 13.5 2
      vertex -9.75503 13.5 2
      vertex -9.61881 13.2728 2
    endloop
  endfacet
  facet normal 0 0 1
    outer loop
      vertex 9.61881 13.2728 2
      vertex -9.61881 13.2728 2
      vertex 0 7.3 2
    endloop
  endfacet
  facet normal -0 -0 1
    outer loop
      vertex -9.50552 13.0332 2
      vertex 0 7.3 2
      vertex -9.61881 13.2728 2
    endloop
  endfacet
  facet normal 0 0 1
    outer loop
      vertex 0 7.3 2
      vertex -9.50552 13.0332 2
      vertex -0.715525 7.26485 2
    endloop
  endfacet
  facet normal -0 -0 1
    outer loop
      vertex -9.41626 12.7838 2
      vertex -0.715525 7.26485 2
      vertex -9.50552 13.0332 2
    endloop
  endfacet
  facet normal -0 -0 1
    outer loop
      vertex -9.35188 12.5267 2
      vertex -1.42416 7.15973 2
      vertex -9.41626 12.7838 2
    endloop
  endfacet
  facet normal -0 -0 1
    outer loop
      vertex -9.313 12.2646 2
      vertex -1.42416 7.15973 2
      vertex -9.35188 12.5267 2
    endloop
  endfacet
  facet normal -0 0 1
    outer loop
      vertex -10.0908 10.0908 2
      vertex -5.16188 5.16188 2
      vertex -9.91287 10.2871 2
    endloop
  endfacet
  facet normal 0 0 1
    outer loop
      vertex -4.63107 5.64298 2
      vertex -9.91287 10.2871 2
      vertex -5.16188 5.16188 2
    endloop
  endfacet
  facet normal -0 0 1
    outer loop
      vertex -9.91287 10.2871 2
      vertex -4.63107 5.64298 2
      vertex -9.75503 10.5 2
    endloop
  endfacet
  facet normal -0 0 1
    outer loop
      vertex -9.75503 10.5 2
      vertex -4.63107 5.64298 2
      vertex -9.61881 10.7272 2
    endloop
  endfacet
  facet normal 0 0 1
    outer loop
      vertex -4.05566 6.06973 2
      vertex -9.61881 10.7272 2
      vertex -4.63107 5.64298 2
    endloop
  endfacet
  facet normal -0 0 1
    outer loop
      vertex -9.61881 10.7272 2
      vertex -4.05566 6.06973 2
      vertex -9.50552 10.9668 2
    endloop
  endfacet
  facet normal 0 0 1
    outer loop
      vertex -3.4412 6.43802 2
      vertex -9.50552 10.9668 2
      vertex -4.05566 6.06973 2
    endloop
  endfacet
  facet normal -0 0 1
    outer loop
      vertex -9.50552 10.9668 2
      vertex -3.4412 6.43802 2
      vertex -9.41626 11.2162 2
    endloop
  endfacet
  facet normal -0 0 1
    outer loop
      vertex -9.41626 11.2162 2
      vertex -3.4412 6.43802 2
      vertex -9.35188 11.4733 2
    endloop
  endfacet
  facet normal 0 0 1
    outer loop
      vertex -2.79359 6.74432 2
      vertex -9.35188 11.4733 2
      vertex -3.4412 6.43802 2
    endloop
  endfacet
  facet normal -0 -0 1
    outer loop
      vertex -9.3 12 2
      vertex -2.11908 6.98566 2
      vertex -9.313 12.2646 2
    endloop
  endfacet
  facet normal -0 0 1
    outer loop
      vertex -9.35188 11.4733 2
      vertex -2.79359 6.74432 2
      vertex -9.313 11.7354 2
    endloop
  endfacet
  facet normal -0 0 1
    outer loop
      vertex -9.313 11.7354 2
      vertex -2.79359 6.74432 2
      vertex -9.3 12 2
    endloop
  endfacet
  facet normal 0 0 1
    outer loop
      vertex -2.11908 6.98566 2
      vertex -9.3 12 2
      vertex -2.79359 6.74432 2
    endloop
  endfacet
  facet normal 0 0 1
    outer loop
      vertex -1.42416 7.15973 2
      vertex -9.313 12.2646 2
      vertex -2.11908 6.98566 2
    endloop
  endfacet
  facet normal 0 0 1
    outer loop
      vertex -0.715525 7.26485 2
      vertex -9.41626 12.7838 2
      vertex -1.42416 7.15973 2
    endloop
  endfacet
  facet normal 0 0 1
    outer loop
      vertex 9.50552 13.0332 2
      vertex 0 7.3 2
      vertex 0.715525 7.26485 2
    endloop
  endfacet
  facet normal 0 0 1
    outer loop
      vertex 9.91287 13.7129 2
      vertex -9.91287 13.7129 2
      vertex -9.75503 13.5 2
    endloop
  endfacet
  facet normal 0 0 1
    outer loop
      vertex 10.0908 13.9092 2
      vertex -10.0908 13.9092 2
      vertex -9.91287 13.7129 2
    endloop
  endfacet
  facet normal 0 0 1
    outer loop
      vertex 10.2871 14.0871 2
      vertex -10.2871 14.0871 2
      vertex -10.0908 13.9092 2
    endloop
  endfacet
  facet normal 0 0 1
    outer loop
      vertex 10.2871 14.0871 2
      vertex -10.5 14.245 2
      vertex -10.2871 14.0871 2
    endloop
  endfacet
  facet normal -0 0 1
    outer loop
      vertex -14 17 2
      vertex -10.5 14.245 2
      vertex 14 17 2
    endloop
  endfacet
  facet normal 0 0 1
    outer loop
      vertex -10.5 14.245 2
      vertex -14 17 2
      vertex -10.7272 14.3812 2
    endloop
  endfacet
  facet normal 0 0 1
    outer loop
      vertex -10.7272 14.3812 2
      vertex -14 17 2
      vertex -10.9668 14.4945 2
    endloop
  endfacet
  facet normal 0 0 1
    outer loop
      vertex -10.9668 14.4945 2
      vertex -14 17 2
      vertex -11.2162 14.5837 2
    endloop
  endfacet
  facet normal 0 0 1
    outer loop
      vertex -11.2162 14.5837 2
      vertex -14 17 2
      vertex -11.4733 14.6481 2
    endloop
  endfacet
  facet normal 0 0 1
    outer loop
      vertex -11.4733 14.6481 2
      vertex -14 17 2
      vertex -11.7354 14.687 2
    endloop
  endfacet
  facet normal 0 0 1
    outer loop
      vertex -11.7354 14.687 2
      vertex -14 17 2
      vertex -12 14.7 2
    endloop
  endfacet
  facet normal 0 0 1
    outer loop
      vertex -12 14.7 2
      vertex -14 17 2
      vertex -12.2646 14.687 2
    endloop
  endfacet
  facet normal 0 0 1
    outer loop
      vertex -14 17 2
      vertex -12.5267 14.6481 2
      vertex -12.2646 14.687 2
    endloop
  endfacet
  facet normal 0 0 1
    outer loop
      vertex -14 17 2
      vertex -12.7838 14.5837 2
      vertex -12.5267 14.6481 2
    endloop
  endfacet
  facet normal 0 0 1
    outer loop
      vertex -14 17 2
      vertex -13.0332 14.4945 2
      vertex -12.7838 14.5837 2
    endloop
  endfacet
  facet normal 0 0 1
    outer loop
      vertex -14 17 2
      vertex -13.2728 14.3812 2
      vertex -13.0332 14.4945 2
    endloop
  endfacet
  facet normal -0 0 1
    outer loop
      vertex -14.294 16.9855 2
      vertex -13.2728 14.3812 2
      vertex -14 17 2
    endloop
  endfacet
  facet normal 0 0 1
    outer loop
      vertex -13.2728 14.3812 2
      vertex -14.294 16.9855 2
      vertex -13.5 14.245 2
    endloop
  endfacet
  facet normal -0 0 1
    outer loop
      vertex -14.5853 16.9424 2
      vertex -13.5 14.245 2
      vertex -14.294 16.9855 2
    endloop
  endfacet
  facet normal -0 0 1
    outer loop
      vertex -14.8708 16.8708 2
      vertex -13.5 14.245 2
      vertex -14.5853 16.9424 2
    endloop
  endfacet
  facet normal 0 0 1
    outer loop
      vertex -13.5 14.245 2
      vertex -14.8708 16.8708 2
      vertex -13.7129 14.0871 2
    endloop
  endfacet
  facet normal -0 0 1
    outer loop
      vertex -15.148 16.7716 2
      vertex -13.7129 14.0871 2
      vertex -14.8708 16.8708 2
    endloop
  endfacet
  facet normal -0 0 1
    outer loop
      vertex -15.4142 16.6458 2
      vertex -13.7129 14.0871 2
      vertex -15.148 16.7716 2
    endloop
  endfacet
  facet normal -0 0 1
    outer loop
      vertex -15.6667 16.4944 2
      vertex -13.7129 14.0871 2
      vertex -15.4142 16.6458 2
    endloop
  endfacet
  facet normal 0 0 1
    outer loop
      vertex -13.7129 14.0871 2
      vertex -15.6667 16.4944 2
      vertex -13.9092 13.9092 2
    endloop
  endfacet
  facet normal -0 0 1
    outer loop
      vertex -15.9032 16.319 2
      vertex -13.9092 13.9092 2
      vertex -15.6667 16.4944 2
    endloop
  endfacet
  facet normal -0 0 1
    outer loop
      vertex -16.1213 16.1213 2
      vertex -13.9092 13.9092 2
      vertex -15.9032 16.319 2
    endloop
  endfacet
  facet normal -0 0 1
    outer loop
      vertex -16.319 15.9032 2
      vertex -13.9092 13.9092 2
      vertex -16.1213 16.1213 2
    endloop
  endfacet
  facet normal 0 0 1
    outer loop
      vertex -13.9092 13.9092 2
      vertex -16.319 15.9032 2
      vertex -14.0871 13.7129 2
    endloop
  endfacet
  facet normal -0 0 1
    outer loop
      vertex -16.6458 15.4142 2
      vertex -14.0871 13.7129 2
      vertex -16.4944 15.6667 2
    endloop
  endfacet
  facet normal -0 0 1
    outer loop
      vertex -16.4944 15.6667 2
      vertex -14.0871 13.7129 2
      vertex -16.319 15.9032 2
    endloop
  endfacet
  facet normal 0 0 1
    outer loop
      vertex 16.6458 -15.4142 2
      vertex 14.0871 -13.7129 2
      vertex 16.4944 -15.6667 2
    endloop
  endfacet
  facet normal 0 0 1
    outer loop
      vertex 16.4944 -15.6667 2
      vertex 14.0871 -13.7129 2
      vertex 16.319 -15.9032 2
    endloop
  endfacet
  facet normal -0 0 1
    outer loop
      vertex 13.9092 -13.9092 2
      vertex 16.319 -15.9032 2
      vertex 14.0871 -13.7129 2
    endloop
  endfacet
  facet normal 0 0 1
    outer loop
      vertex 16.319 -15.9032 2
      vertex 13.9092 -13.9092 2
      vertex 16.1213 -16.1213 2
    endloop
  endfacet
  facet normal 0 0 1
    outer loop
      vertex 16.1213 -16.1213 2
      vertex 13.9092 -13.9092 2
      vertex 15.9032 -16.319 2
    endloop
  endfacet
  facet normal 0 0 1
    outer loop
      vertex 15.9032 -16.319 2
      vertex 13.9092 -13.9092 2
      vertex 15.6667 -16.4944 2
    endloop
  endfacet
  facet normal -0 0 1
    outer loop
      vertex 13.7129 -14.0871 2
      vertex 15.6667 -16.4944 2
      vertex 13.9092 -13.9092 2
    endloop
  endfacet
  facet normal 0 0 1
    outer loop
      vertex 15.6667 -16.4944 2
      vertex 13.7129 -14.0871 2
      vertex 15.4142 -16.6458 2
    endloop
  endfacet
  facet normal 0 0 1
    outer loop
      vertex 15.4142 -16.6458 2
      vertex 13.7129 -14.0871 2
      vertex 15.148 -16.7716 2
    endloop
  endfacet
  facet normal 0 0 1
    outer loop
      vertex 15.148 -16.7716 2
      vertex 13.7129 -14.0871 2
      vertex 14.8708 -16.8708 2
    endloop
  endfacet
  facet normal -0 0 1
    outer loop
      vertex 13.5 -14.245 2
      vertex 14.8708 -16.8708 2
      vertex 13.7129 -14.0871 2
    endloop
  endfacet
  facet normal 0 0 1
    outer loop
      vertex 14.8708 -16.8708 2
      vertex 13.5 -14.245 2
      vertex 14.5853 -16.9424 2
    endloop
  endfacet
  facet normal 0 0 1
    outer loop
      vertex 14.5853 -16.9424 2
      vertex 13.5 -14.245 2
      vertex 14.294 -16.9855 2
    endloop
  endfacet
  facet normal -0 0 1
    outer loop
      vertex 13.2728 -14.3812 2
      vertex 14.294 -16.9855 2
      vertex 13.5 -14.245 2
    endloop
  endfacet
  facet normal 0 0 1
    outer loop
      vertex 14.294 -16.9855 2
      vertex 13.2728 -14.3812 2
      vertex 14 -17 2
    endloop
  endfacet
  facet normal -0 0 1
    outer loop
      vertex 13.0332 -14.4945 2
      vertex 14 -17 2
      vertex 13.2728 -14.3812 2
    endloop
  endfacet
  facet normal -0 0 1
    outer loop
      vertex 12.7838 -14.5837 2
      vertex 14 -17 2
      vertex 13.0332 -14.4945 2
    endloop
  endfacet
  facet normal -0 0 1
    outer loop
      vertex 12.5267 -14.6481 2
      vertex 14 -17 2
      vertex 12.7838 -14.5837 2
    endloop
  endfacet
  facet normal -0 0 1
    outer loop
      vertex 12.2646 -14.687 2
      vertex 14 -17 2
      vertex 12.5267 -14.6481 2
    endloop
  endfacet
  facet normal -0 0 1
    outer loop
      vertex 12 -14.7 2
      vertex 14 -17 2
      vertex 12.2646 -14.687 2
    endloop
  endfacet
  facet normal 0 0 1
    outer loop
      vertex 11.7354 -14.687 2
      vertex 14 -17 2
      vertex 12 -14.7 2
    endloop
  endfacet
  facet normal 0 0 1
    outer loop
      vertex 11.4733 -14.6481 2
      vertex 14 -17 2
      vertex 11.7354 -14.687 2
    endloop
  endfacet
  facet normal 0 0 1
    outer loop
      vertex 11.2162 -14.5837 2
      vertex 14 -17 2
      vertex 11.4733 -14.6481 2
    endloop
  endfacet
  facet normal 0 0 1
    outer loop
      vertex 10.9668 -14.4945 2
      vertex 14 -17 2
      vertex 11.2162 -14.5837 2
    endloop
  endfacet
  facet normal 0 0 1
    outer loop
      vertex 10.7272 -14.3812 2
      vertex 14 -17 2
      vertex 10.9668 -14.4945 2
    endloop
  endfacet
  facet normal 0 0 1
    outer loop
      vertex 10.5 -14.245 2
      vertex 14 -17 2
      vertex 10.7272 -14.3812 2
    endloop
  endfacet
  facet normal 0 0 1
    outer loop
      vertex -10.5 -14.245 2
      vertex 10.5 -14.245 2
      vertex 10.2871 -14.0871 2
    endloop
  endfacet
  facet normal 0 0 1
    outer loop
      vertex 10.0908 -10.0908 2
      vertex 5.16188 -5.16188 2
      vertex 9.91287 -10.2871 2
    endloop
  endfacet
  facet normal -0 0 1
    outer loop
      vertex 4.63107 -5.64298 2
      vertex 9.91287 -10.2871 2
      vertex 5.16188 -5.16188 2
    endloop
  endfacet
  facet normal 0 0 1
    outer loop
      vertex 9.91287 -10.2871 2
      vertex 4.63107 -5.64298 2
      vertex 9.75503 -10.5 2
    endloop
  endfacet
  facet normal 0 0 1
    outer loop
      vertex 9.75503 -10.5 2
      vertex 4.63107 -5.64298 2
      vertex 9.61881 -10.7272 2
    endloop
  endfacet
  facet normal -0 0 1
    outer loop
      vertex 4.05566 -6.06973 2
      vertex 9.61881 -10.7272 2
      vertex 4.63107 -5.64298 2
    endloop
  endfacet
  facet normal 0 0 1
    outer loop
      vertex 9.61881 -10.7272 2
      vertex 4.05566 -6.06973 2
      vertex 9.50552 -10.9668 2
    endloop
  endfacet
  facet normal -0 0 1
    outer loop
      vertex 3.4412 -6.43802 2
      vertex 9.50552 -10.9668 2
      vertex 4.05566 -6.06973 2
    endloop
  endfacet
  facet normal 0 0 1
    outer loop
      vertex 9.50552 -10.9668 2
      vertex 3.4412 -6.43802 2
      vertex 9.41626 -11.2162 2
    endloop
  endfacet
  facet normal 0 0 1
    outer loop
      vertex 9.41626 -11.2162 2
      vertex 3.4412 -6.43802 2
      vertex 9.35188 -11.4733 2
    endloop
  endfacet
  facet normal -0 0 1
    outer loop
      vertex 2.79359 -6.74432 2
      vertex 9.35188 -11.4733 2
      vertex 3.4412 -6.43802 2
    endloop
  endfacet
  facet normal 0 0 1
    outer loop
      vertex 9.35188 -11.4733 2
      vertex 2.79359 -6.74432 2
      vertex 9.313 -11.7354 2
    endloop
  endfacet
  facet normal 0 0 1
    outer loop
      vertex 9.313 -11.7354 2
      vertex 2.79359 -6.74432 2
      vertex 9.3 -12 2
    endloop
  endfacet
  facet normal -0 0 1
    outer loop
      vertex 2.11908 -6.98566 2
      vertex 9.3 -12 2
      vertex 2.79359 -6.74432 2
    endloop
  endfacet
  facet normal 0 0 1
    outer loop
      vertex 9.3 -12 2
      vertex 2.11908 -6.98566 2
      vertex 9.313 -12.2646 2
    endloop
  endfacet
  facet normal -0 0 1
    outer loop
      vertex 1.42416 -7.15973 2
      vertex 9.313 -12.2646 2
      vertex 2.11908 -6.98566 2
    endloop
  endfacet
  facet normal 0 0 1
    outer loop
      vertex 9.313 -12.2646 2
      vertex 1.42416 -7.15973 2
      vertex 9.35188 -12.5267 2
    endloop
  endfacet
  facet normal 0 0 1
    outer loop
      vertex 9.35188 -12.5267 2
      vertex 1.42416 -7.15973 2
      vertex 9.41626 -12.7838 2
    endloop
  endfacet
  facet normal -0 0 1
    outer loop
      vertex 0.715525 -7.26485 2
      vertex 9.41626 -12.7838 2
      vertex 1.42416 -7.15973 2
    endloop
  endfacet
  facet normal 0 0 1
    outer loop
      vertex 9.41626 -12.7838 2
      vertex 0.715525 -7.26485 2
      vertex 9.50552 -13.0332 2
    endloop
  endfacet
  facet normal -0 0 1
    outer loop
      vertex 0 -7.3 2
      vertex 9.50552 -13.0332 2
      vertex 0.715525 -7.26485 2
    endloop
  endfacet
  facet normal 0 0 1
    outer loop
      vertex 9.50552 -13.0332 2
      vertex 0 -7.3 2
      vertex 9.61881 -13.2728 2
    endloop
  endfacet
  facet normal 0 0 1
    outer loop
      vertex -9.61881 -13.2728 2
      vertex 9.61881 -13.2728 2
      vertex 0 -7.3 2
    endloop
  endfacet
  facet normal 0 0 1
    outer loop
      vertex 9.61881 -13.2728 2
      vertex -9.61881 -13.2728 2
      vertex 9.75503 -13.5 2
    endloop
  endfacet
  facet normal 0 0 1
    outer loop
      vertex -9.75503 -13.5 2
      vertex 9.75503 -13.5 2
      vertex -9.61881 -13.2728 2
    endloop
  endfacet
  facet normal 0 0 1
    outer loop
      vertex 9.75503 -13.5 2
      vertex -9.75503 -13.5 2
      vertex 9.91287 -13.7129 2
    endloop
  endfacet
  facet normal 0 0 1
    outer loop
      vertex -9.91287 -13.7129 2
      vertex 9.91287 -13.7129 2
      vertex -9.75503 -13.5 2
    endloop
  endfacet
  facet normal 0 0 1
    outer loop
      vertex -9.50552 -13.0332 2
      vertex 0 -7.3 2
      vertex -0.715525 -7.26485 2
    endloop
  endfacet
  facet normal 0 0 1
    outer loop
      vertex -9.41626 -12.7838 2
      vertex -0.715525 -7.26485 2
      vertex -1.42416 -7.15973 2
    endloop
  endfacet
  facet normal 0 0 1
    outer loop
      vertex -9.313 -12.2646 2
      vertex -1.42416 -7.15973 2
      vertex -2.11908 -6.98566 2
    endloop
  endfacet
  facet normal 0 0 1
    outer loop
      vertex -9.3 -12 2
      vertex -2.11908 -6.98566 2
      vertex -2.79359 -6.74432 2
    endloop
  endfacet
  facet normal 0 0 1
    outer loop
      vertex -9.3 -12 2
      vertex -2.79359 -6.74432 2
      vertex -3.4412 -6.43802 2
    endloop
  endfacet
  facet normal 0 0 1
    outer loop
      vertex -9.3 -12 2
      vertex -3.4412 -6.43802 2
      vertex -4.05566 -6.06973 2
    endloop
  endfacet
  facet normal -0 0 1
    outer loop
      vertex -10.2871 9.91287 2
      vertex -5.16188 5.16188 2
      vertex -10.0908 10.0908 2
    endloop
  endfacet
  facet normal 0 0 1
    outer loop
      vertex -7.3 0 2
      vertex -9.3 -12 2
      vertex -7.26485 -0.715525 2
    endloop
  endfacet
  facet normal 0 0 1
    outer loop
      vertex -7.26485 -0.715525 2
      vertex -9.3 -12 2
      vertex -7.15973 -1.42416 2
    endloop
  endfacet
  facet normal 0 0 1
    outer loop
      vertex -9.3 -12 2
      vertex -6.98566 -2.11908 2
      vertex -7.15973 -1.42416 2
    endloop
  endfacet
  facet normal 0 0 1
    outer loop
      vertex -9.3 -12 2
      vertex -6.74432 -2.79359 2
      vertex -6.98566 -2.11908 2
    endloop
  endfacet
  facet normal 0 0 1
    outer loop
      vertex -9.3 -12 2
      vertex -6.43802 -3.4412 2
      vertex -6.74432 -2.79359 2
    endloop
  endfacet
  facet normal 0 0 1
    outer loop
      vertex -9.3 -12 2
      vertex -6.06973 -4.05566 2
      vertex -6.43802 -3.4412 2
    endloop
  endfacet
  facet normal 0 0 1
    outer loop
      vertex -9.3 -12 2
      vertex -5.64298 -4.63107 2
      vertex -6.06973 -4.05566 2
    endloop
  endfacet
  facet normal 0 0 1
    outer loop
      vertex -9.3 -12 2
      vertex -5.16188 -5.16188 2
      vertex -5.64298 -4.63107 2
    endloop
  endfacet
  facet normal 0 0 1
    outer loop
      vertex -9.3 -12 2
      vertex -4.63107 -5.64298 2
      vertex -5.16188 -5.16188 2
    endloop
  endfacet
  facet normal 0 0 1
    outer loop
      vertex -9.3 -12 2
      vertex -4.05566 -6.06973 2
      vertex -4.63107 -5.64298 2
    endloop
  endfacet
  facet normal 0 0 1
    outer loop
      vertex -2.11908 -6.98566 2
      vertex -9.3 -12 2
      vertex -9.313 -12.2646 2
    endloop
  endfacet
  facet normal 0 0 1
    outer loop
      vertex -1.42416 -7.15973 2
      vertex -9.313 -12.2646 2
      vertex -9.35188 -12.5267 2
    endloop
  endfacet
  facet normal 0 0 1
    outer loop
      vertex -1.42416 -7.15973 2
      vertex -9.35188 -12.5267 2
      vertex -9.41626 -12.7838 2
    endloop
  endfacet
  facet normal 0 0 1
    outer loop
      vertex -0.715525 -7.26485 2
      vertex -9.41626 -12.7838 2
      vertex -9.50552 -13.0332 2
    endloop
  endfacet
  facet normal 0 0 1
    outer loop
      vertex 0 -7.3 2
      vertex -9.50552 -13.0332 2
      vertex -9.61881 -13.2728 2
    endloop
  endfacet
  facet normal 0 0 1
    outer loop
      vertex 9.91287 -13.7129 2
      vertex -9.91287 -13.7129 2
      vertex 10.0908 -13.9092 2
    endloop
  endfacet
  facet normal 0 0 1
    outer loop
      vertex -10.0908 -13.9092 2
      vertex 10.0908 -13.9092 2
      vertex -9.91287 -13.7129 2
    endloop
  endfacet
  facet normal 0 0 1
    outer loop
      vertex 10.0908 -13.9092 2
      vertex -10.0908 -13.9092 2
      vertex 10.2871 -14.0871 2
    endloop
  endfacet
  facet normal 0 0 1
    outer loop
      vertex -10.2871 -14.0871 2
      vertex 10.2871 -14.0871 2
      vertex -10.0908 -13.9092 2
    endloop
  endfacet
  facet normal 0 0 1
    outer loop
      vertex -10.5 -14.245 2
      vertex 10.2871 -14.0871 2
      vertex -10.2871 -14.0871 2
    endloop
  endfacet
  facet normal 0 0 1
    outer loop
      vertex 10.5 -14.245 2
      vertex -10.5 -14.245 2
      vertex 14 -17 2
    endloop
  endfacet
  facet normal 0 0 1
    outer loop
      vertex -14 -17 2
      vertex -10.5 -14.245 2
      vertex -10.7272 -14.3812 2
    endloop
  endfacet
  facet normal 0 0 1
    outer loop
      vertex -14 -17 2
      vertex -10.7272 -14.3812 2
      vertex -10.9668 -14.4945 2
    endloop
  endfacet
  facet normal 0 0 1
    outer loop
      vertex -14 -17 2
      vertex -10.9668 -14.4945 2
      vertex -11.2162 -14.5837 2
    endloop
  endfacet
  facet normal 0 0 1
    outer loop
      vertex -14 -17 2
      vertex -11.2162 -14.5837 2
      vertex -11.4733 -14.6481 2
    endloop
  endfacet
  facet normal 0 0 1
    outer loop
      vertex -14 -17 2
      vertex -11.4733 -14.6481 2
      vertex -11.7354 -14.687 2
    endloop
  endfacet
  facet normal 0 0 1
    outer loop
      vertex -14 -17 2
      vertex -11.7354 -14.687 2
      vertex -12 -14.7 2
    endloop
  endfacet
  facet normal 0 0 1
    outer loop
      vertex -14 -17 2
      vertex -12 -14.7 2
      vertex -12.2646 -14.687 2
    endloop
  endfacet
  facet normal 0 0 1
    outer loop
      vertex -10.5 -14.245 2
      vertex -14 -17 2
      vertex 14 -17 2
    endloop
  endfacet
  facet normal 0 0 1
    outer loop
      vertex -12.5267 -14.6481 2
      vertex -14 -17 2
      vertex -12.2646 -14.687 2
    endloop
  endfacet
  facet normal 0 0 1
    outer loop
      vertex -12.7838 -14.5837 2
      vertex -14 -17 2
      vertex -12.5267 -14.6481 2
    endloop
  endfacet
  facet normal 0 0 1
    outer loop
      vertex -13.0332 -14.4945 2
      vertex -14 -17 2
      vertex -12.7838 -14.5837 2
    endloop
  endfacet
  facet normal 0 0 1
    outer loop
      vertex -13.2728 -14.3812 2
      vertex -14 -17 2
      vertex -13.0332 -14.4945 2
    endloop
  endfacet
  facet normal 0 0 1
    outer loop
      vertex -14.294 -16.9855 2
      vertex -13.2728 -14.3812 2
      vertex -13.5 -14.245 2
    endloop
  endfacet
  facet normal 0 0 1
    outer loop
      vertex -14.8708 -16.8708 2
      vertex -13.5 -14.245 2
      vertex -13.7129 -14.0871 2
    endloop
  endfacet
  facet normal 0 0 1
    outer loop
      vertex -15.6667 -16.4944 2
      vertex -13.7129 -14.0871 2
      vertex -13.9092 -13.9092 2
    endloop
  endfacet
  facet normal 0 0 1
    outer loop
      vertex -16.319 -15.9032 2
      vertex -13.9092 -13.9092 2
      vertex -14.0871 -13.7129 2
    endloop
  endfacet
  facet normal 0 0 1
    outer loop
      vertex -16.7716 -15.148 2
      vertex -14.0871 -13.7129 2
      vertex -14.245 -13.5 2
    endloop
  endfacet
  facet normal 0 0 1
    outer loop
      vertex -13.2728 -14.3812 2
      vertex -14.294 -16.9855 2
      vertex -14 -17 2
    endloop
  endfacet
  facet normal 0 0 1
    outer loop
      vertex -16.9855 -14.294 2
      vertex -14.245 -13.5 2
      vertex -14.3812 -13.2728 2
    endloop
  endfacet
  facet normal 0 0 1
    outer loop
      vertex -17 -14 2
      vertex -14.3812 -13.2728 2
      vertex -14.4945 -13.0332 2
    endloop
  endfacet
  facet normal 0 0 1
    outer loop
      vertex -17 -14 2
      vertex -14.4945 -13.0332 2
      vertex -14.5837 -12.7838 2
    endloop
  endfacet
  facet normal 0 0 1
    outer loop
      vertex -13.5 -14.245 2
      vertex -14.5853 -16.9424 2
      vertex -14.294 -16.9855 2
    endloop
  endfacet
  facet normal 0 0 1
    outer loop
      vertex -17 -14 2
      vertex -14.5837 -12.7838 2
      vertex -14.6481 -12.5267 2
    endloop
  endfacet
  facet normal 0 0 1
    outer loop
      vertex -17 -14 2
      vertex -14.6481 -12.5267 2
      vertex -14.687 -12.2646 2
    endloop
  endfacet
  facet normal 0 0 1
    outer loop
      vertex -17 -14 2
      vertex -14.687 -12.2646 2
      vertex -14.7 -12 2
    endloop
  endfacet
  facet normal 0 0 1
    outer loop
      vertex -13.5 -14.245 2
      vertex -14.8708 -16.8708 2
      vertex -14.5853 -16.9424 2
    endloop
  endfacet
  facet normal 0 0 1
    outer loop
      vertex -14.6481 -11.4733 2
      vertex -17 -14 2
      vertex -14.687 -11.7354 2
    endloop
  endfacet
  facet normal -0 0 1
    outer loop
      vertex -16.7716 15.148 2
      vertex -14.0871 13.7129 2
      vertex -16.6458 15.4142 2
    endloop
  endfacet
  facet normal 0 0 1
    outer loop
      vertex -14.687 -11.7354 2
      vertex -17 -14 2
      vertex -14.7 -12 2
    endloop
  endfacet
  facet normal 0 0 1
    outer loop
      vertex -14.0871 13.7129 2
      vertex -16.7716 15.148 2
      vertex -14.245 13.5 2
    endloop
  endfacet
  facet normal 0 0 1
    outer loop
      vertex -14.3812 -13.2728 2
      vertex -17 -14 2
      vertex -16.9855 -14.294 2
    endloop
  endfacet
  facet normal -0 0 1
    outer loop
      vertex -16.8708 14.8708 2
      vertex -14.245 13.5 2
      vertex -16.7716 15.148 2
    endloop
  endfacet
  facet normal 0 0 1
    outer loop
      vertex -13.7129 -14.0871 2
      vertex -15.148 -16.7716 2
      vertex -14.8708 -16.8708 2
    endloop
  endfacet
  facet normal -0 0 1
    outer loop
      vertex -16.9424 14.5853 2
      vertex -14.245 13.5 2
      vertex -16.8708 14.8708 2
    endloop
  endfacet
  facet normal 0 0 1
    outer loop
      vertex -13.7129 -14.0871 2
      vertex -15.4142 -16.6458 2
      vertex -15.148 -16.7716 2
    endloop
  endfacet
  facet normal -0 0 1
    outer loop
      vertex -16.9855 14.294 2
      vertex -14.245 13.5 2
      vertex -16.9424 14.5853 2
    endloop
  endfacet
  facet normal 0 0 1
    outer loop
      vertex -13.7129 -14.0871 2
      vertex -15.6667 -16.4944 2
      vertex -15.4142 -16.6458 2
    endloop
  endfacet
  facet normal 0 0 1
    outer loop
      vertex -14.245 13.5 2
      vertex -16.9855 14.294 2
      vertex -14.3812 13.2728 2
    endloop
  endfacet
  facet normal 0 0 1
    outer loop
      vertex -13.9092 -13.9092 2
      vertex -15.9032 -16.319 2
      vertex -15.6667 -16.4944 2
    endloop
  endfacet
  facet normal -0 0 1
    outer loop
      vertex -17 14 2
      vertex -14.3812 13.2728 2
      vertex -16.9855 14.294 2
    endloop
  endfacet
  facet normal 0 0 1
    outer loop
      vertex -13.9092 -13.9092 2
      vertex -16.1213 -16.1213 2
      vertex -15.9032 -16.319 2
    endloop
  endfacet
  facet normal 0 0 1
    outer loop
      vertex -14.3812 13.2728 2
      vertex -17 14 2
      vertex -14.4945 13.0332 2
    endloop
  endfacet
  facet normal 0 0 1
    outer loop
      vertex -13.9092 -13.9092 2
      vertex -16.319 -15.9032 2
      vertex -16.1213 -16.1213 2
    endloop
  endfacet
  facet normal 0 0 1
    outer loop
      vertex -14.4945 13.0332 2
      vertex -17 14 2
      vertex -14.5837 12.7838 2
    endloop
  endfacet
  facet normal 0 0 1
    outer loop
      vertex -14.0871 -13.7129 2
      vertex -16.4944 -15.6667 2
      vertex -16.319 -15.9032 2
    endloop
  endfacet
  facet normal 0 0 1
    outer loop
      vertex -14.5837 12.7838 2
      vertex -17 14 2
      vertex -14.6481 12.5267 2
    endloop
  endfacet
  facet normal 0 0 1
    outer loop
      vertex -14.0871 -13.7129 2
      vertex -16.6458 -15.4142 2
      vertex -16.4944 -15.6667 2
    endloop
  endfacet
  facet normal 0 0 1
    outer loop
      vertex -14.6481 12.5267 2
      vertex -17 14 2
      vertex -14.687 12.2646 2
    endloop
  endfacet
  facet normal 0 0 1
    outer loop
      vertex -14.0871 -13.7129 2
      vertex -16.7716 -15.148 2
      vertex -16.6458 -15.4142 2
    endloop
  endfacet
  facet normal 0 0 1
    outer loop
      vertex -14.687 12.2646 2
      vertex -17 14 2
      vertex -14.7 12 2
    endloop
  endfacet
  facet normal 0 0 1
    outer loop
      vertex -14.245 -13.5 2
      vertex -16.8708 -14.8708 2
      vertex -16.7716 -15.148 2
    endloop
  endfacet
  facet normal 0 0 1
    outer loop
      vertex -14.245 -13.5 2
      vertex -16.9424 -14.5853 2
      vertex -16.8708 -14.8708 2
    endloop
  endfacet
  facet normal 0 0 1
    outer loop
      vertex -14.245 -13.5 2
      vertex -16.9855 -14.294 2
      vertex -16.9424 -14.5853 2
    endloop
  endfacet
  facet normal 1 -0 0
    outer loop
      vertex 17 -14 2
      vertex 17 14 0
      vertex 17 14 2
    endloop
  endfacet
  facet normal 1 0 0
    outer loop
      vertex 17 14 0
      vertex 17 -14 2
      vertex 17 -14 0
    endloop
  endfacet
  facet normal 0 -1 0
    outer loop
      vertex -14 -17 0
      vertex 14 -17 2
      vertex -14 -17 2
    endloop
  endfacet
  facet normal 0 -1 -0
    outer loop
      vertex 14 -17 2
      vertex -14 -17 0
      vertex 14 -17 0
    endloop
  endfacet
  facet normal 0.595699 0.803208 -0
    outer loop
      vertex 15.9032 16.319 0
      vertex 15.6667 16.4944 2
      vertex 15.9032 16.319 2
    endloop
  endfacet
  facet normal 0.595699 0.803208 0
    outer loop
      vertex 15.6667 16.4944 2
      vertex 15.9032 16.319 0
      vertex 15.6667 16.4944 0
    endloop
  endfacet
  facet normal -0.904125 0.427269 0
    outer loop
      vertex -16.7716 15.148 0
      vertex -16.6458 15.4142 2
      vertex -16.6458 15.4142 0
    endloop
  endfacet
  facet normal -0.904125 0.427269 0
    outer loop
      vertex -16.6458 15.4142 2
      vertex -16.7716 15.148 0
      vertex -16.7716 15.148 2
    endloop
  endfacet
  facet normal -0 0 -1
    outer loop
      vertex -5.16188 -5.16188 0
      vertex -10.2871 -9.91287 0
      vertex -5.64298 -4.63107 0
    endloop
  endfacet
  facet normal 0 0 -1
    outer loop
      vertex -7.3 0 0
      vertex -9.313 11.7354 0
      vertex -9.3 12 0
    endloop
  endfacet
  facet normal 0 0 -1
    outer loop
      vertex -10.5 -9.75503 0
      vertex -5.64298 -4.63107 0
      vertex -10.2871 -9.91287 0
    endloop
  endfacet
  facet normal 0 0 -1
    outer loop
      vertex -7.3 0 0
      vertex -9.35188 11.4733 0
      vertex -9.313 11.7354 0
    endloop
  endfacet
  facet normal 0 0 -1
    outer loop
      vertex -10.7272 -9.61881 0
      vertex -5.64298 -4.63107 0
      vertex -10.5 -9.75503 0
    endloop
  endfacet
  facet normal 0 0 -1
    outer loop
      vertex -7.3 0 0
      vertex -9.41626 11.2162 0
      vertex -9.35188 11.4733 0
    endloop
  endfacet
  facet normal -0 0 -1
    outer loop
      vertex -5.64298 -4.63107 0
      vertex -10.7272 -9.61881 0
      vertex -6.06973 -4.05566 0
    endloop
  endfacet
  facet normal 0 0 -1
    outer loop
      vertex -7.3 0 0
      vertex -9.50552 10.9668 0
      vertex -9.41626 11.2162 0
    endloop
  endfacet
  facet normal 0 0 -1
    outer loop
      vertex -10.9668 -9.50552 0
      vertex -6.06973 -4.05566 0
      vertex -10.7272 -9.61881 0
    endloop
  endfacet
  facet normal 0 0 -1
    outer loop
      vertex -7.3 0 0
      vertex -9.61881 10.7272 0
      vertex -9.50552 10.9668 0
    endloop
  endfacet
  facet normal -0 0 -1
    outer loop
      vertex -6.06973 -4.05566 0
      vertex -10.9668 -9.50552 0
      vertex -6.43802 -3.4412 0
    endloop
  endfacet
  facet normal 0 0 -1
    outer loop
      vertex -7.3 0 0
      vertex -9.75503 10.5 0
      vertex -9.61881 10.7272 0
    endloop
  endfacet
  facet normal 0 0 -1
    outer loop
      vertex -11.2162 -9.41626 0
      vertex -6.43802 -3.4412 0
      vertex -10.9668 -9.50552 0
    endloop
  endfacet
  facet normal 0 0 -1
    outer loop
      vertex -7.3 0 0
      vertex -9.91287 10.2871 0
      vertex -9.75503 10.5 0
    endloop
  endfacet
  facet normal 0 0 -1
    outer loop
      vertex -11.4733 -9.35188 0
      vertex -6.43802 -3.4412 0
      vertex -11.2162 -9.41626 0
    endloop
  endfacet
  facet normal 0 0 -1
    outer loop
      vertex -7.3 0 0
      vertex -10.0908 10.0908 0
      vertex -9.91287 10.2871 0
    endloop
  endfacet
  facet normal -0 0 -1
    outer loop
      vertex -6.43802 -3.4412 0
      vertex -11.4733 -9.35188 0
      vertex -6.74432 -2.79359 0
    endloop
  endfacet
  facet normal 0 0 -1
    outer loop
      vertex -7.3 0 0
      vertex -10.2871 9.91287 0
      vertex -10.0908 10.0908 0
    endloop
  endfacet
  facet normal 0 0 -1
    outer loop
      vertex -11.7354 -9.313 0
      vertex -6.74432 -2.79359 0
      vertex -11.4733 -9.35188 0
    endloop
  endfacet
  facet normal 0 0 -1
    outer loop
      vertex -7.3 0 0
      vertex -10.5 9.75503 0
      vertex -10.2871 9.91287 0
    endloop
  endfacet
  facet normal 0 0 -1
    outer loop
      vertex -12 -9.3 0
      vertex -6.74432 -2.79359 0
      vertex -11.7354 -9.313 0
    endloop
  endfacet
  facet normal 0 0 -1
    outer loop
      vertex -7.3 0 0
      vertex -10.7272 9.61881 0
      vertex -10.5 9.75503 0
    endloop
  endfacet
  facet normal -0 0 -1
    outer loop
      vertex -6.74432 -2.79359 0
      vertex -12 -9.3 0
      vertex -6.98566 -2.11908 0
    endloop
  endfacet
  facet normal 0 0 -1
    outer loop
      vertex -7.3 0 0
      vertex -10.9668 9.50552 0
      vertex -10.7272 9.61881 0
    endloop
  endfacet
  facet normal 0 0 -1
    outer loop
      vertex -12.2646 -9.313 0
      vertex -6.98566 -2.11908 0
      vertex -12 -9.3 0
    endloop
  endfacet
  facet normal 0 0 -1
    outer loop
      vertex -7.3 0 0
      vertex -11.2162 9.41626 0
      vertex -10.9668 9.50552 0
    endloop
  endfacet
  facet normal -0 0 -1
    outer loop
      vertex -6.98566 -2.11908 0
      vertex -12.2646 -9.313 0
      vertex -7.15973 -1.42416 0
    endloop
  endfacet
  facet normal 0 0 -1
    outer loop
      vertex -7.3 0 0
      vertex -11.4733 9.35188 0
      vertex -11.2162 9.41626 0
    endloop
  endfacet
  facet normal 0 0 -1
    outer loop
      vertex -12.5267 -9.35188 0
      vertex -7.15973 -1.42416 0
      vertex -12.2646 -9.313 0
    endloop
  endfacet
  facet normal 0 0 -1
    outer loop
      vertex -7.3 0 0
      vertex -11.7354 9.313 0
      vertex -11.4733 9.35188 0
    endloop
  endfacet
  facet normal 0 0 -1
    outer loop
      vertex -12.7838 -9.41626 0
      vertex -7.15973 -1.42416 0
      vertex -12.5267 -9.35188 0
    endloop
  endfacet
  facet normal 0 0 -1
    outer loop
      vertex -7.3 0 0
      vertex -12 9.3 0
      vertex -11.7354 9.313 0
    endloop
  endfacet
  facet normal -0 0 -1
    outer loop
      vertex -7.15973 -1.42416 0
      vertex -12.7838 -9.41626 0
      vertex -7.26485 -0.715525 0
    endloop
  endfacet
  facet normal 0 0 -1
    outer loop
      vertex -7.3 0 0
      vertex -12.2646 9.313 0
      vertex -12 9.3 0
    endloop
  endfacet
  facet normal 0 0 -1
    outer loop
      vertex -13.0332 -9.50552 0
      vertex -7.26485 -0.715525 0
      vertex -12.7838 -9.41626 0
    endloop
  endfacet
  facet normal 0 0 -1
    outer loop
      vertex -7.3 0 0
      vertex -12.5267 9.35188 0
      vertex -12.2646 9.313 0
    endloop
  endfacet
  facet normal -0 0 -1
    outer loop
      vertex -7.26485 -0.715525 0
      vertex -13.0332 -9.50552 0
      vertex -7.3 0 0
    endloop
  endfacet
  facet normal 0 0 -1
    outer loop
      vertex -7.3 0 0
      vertex -12.7838 9.41626 0
      vertex -12.5267 9.35188 0
    endloop
  endfacet
  facet normal 0 0 -1
    outer loop
      vertex -13.2728 -9.61881 0
      vertex -7.3 0 0
      vertex -13.0332 -9.50552 0
    endloop
  endfacet
  facet normal 0 0 -1
    outer loop
      vertex -7.3 0 0
      vertex -13.0332 9.50552 0
      vertex -12.7838 9.41626 0
    endloop
  endfacet
  facet normal 0 0 -1
    outer loop
      vertex -13.2728 9.61881 0
      vertex -7.3 0 0
      vertex -13.2728 -9.61881 0
    endloop
  endfacet
  facet normal 0 0 -1
    outer loop
      vertex -7.3 0 0
      vertex -13.2728 9.61881 0
      vertex -13.0332 9.50552 0
    endloop
  endfacet
  facet normal 0 0 -1
    outer loop
      vertex -13.5 -9.75503 0
      vertex -13.2728 9.61881 0
      vertex -13.2728 -9.61881 0
    endloop
  endfacet
  facet normal 0 0 -1
    outer loop
      vertex -13.5 -9.75503 0
      vertex -13.5 9.75503 0
      vertex -13.2728 9.61881 0
    endloop
  endfacet
  facet normal 0 0 -1
    outer loop
      vertex -13.7129 -9.91287 0
      vertex -13.5 9.75503 0
      vertex -13.5 -9.75503 0
    endloop
  endfacet
  facet normal 0 0 -1
    outer loop
      vertex -13.7129 -9.91287 0
      vertex -13.7129 9.91287 0
      vertex -13.5 9.75503 0
    endloop
  endfacet
  facet normal 0 0 -1
    outer loop
      vertex -13.9092 -10.0908 0
      vertex -13.7129 9.91287 0
      vertex -13.7129 -9.91287 0
    endloop
  endfacet
  facet normal 0 0 -1
    outer loop
      vertex -13.9092 -10.0908 0
      vertex -13.9092 10.0908 0
      vertex -13.7129 9.91287 0
    endloop
  endfacet
  facet normal 0 0 -1
    outer loop
      vertex -14.0871 -10.2871 0
      vertex -13.9092 10.0908 0
      vertex -13.9092 -10.0908 0
    endloop
  endfacet
  facet normal 0 0 -1
    outer loop
      vertex -14.0871 -10.2871 0
      vertex -14.0871 10.2871 0
      vertex -13.9092 10.0908 0
    endloop
  endfacet
  facet normal 0 0 -1
    outer loop
      vertex -14.245 -10.5 0
      vertex -14.0871 10.2871 0
      vertex -14.0871 -10.2871 0
    endloop
  endfacet
  facet normal 0 0 -1
    outer loop
      vertex -14.245 -10.5 0
      vertex -14.245 10.5 0
      vertex -14.0871 10.2871 0
    endloop
  endfacet
  facet normal 0 0 -1
    outer loop
      vertex -17 -14 0
      vertex -14.245 -10.5 0
      vertex -14.3812 -10.7272 0
    endloop
  endfacet
  facet normal -0 0 -1
    outer loop
      vertex -14.245 -10.5 0
      vertex -17 -14 0
      vertex -14.245 10.5 0
    endloop
  endfacet
  facet normal 0 0 -1
    outer loop
      vertex -17 -14 0
      vertex -14.3812 -10.7272 0
      vertex -14.4945 -10.9668 0
    endloop
  endfacet
  facet normal 0 0 -1
    outer loop
      vertex -17 14 0
      vertex -14.245 10.5 0
      vertex -17 -14 0
    endloop
  endfacet
  facet normal 0 0 -1
    outer loop
      vertex -17 -14 0
      vertex -14.4945 -10.9668 0
      vertex -14.5837 -11.2162 0
    endloop
  endfacet
  facet normal 0 0 -1
    outer loop
      vertex -14.245 10.5 0
      vertex -17 14 0
      vertex -14.3812 10.7272 0
    endloop
  endfacet
  facet normal 0 0 -1
    outer loop
      vertex -17 -14 0
      vertex -14.5837 -11.2162 0
      vertex -14.6481 -11.4733 0
    endloop
  endfacet
  facet normal 0 0 -1
    outer loop
      vertex -14.3812 10.7272 0
      vertex -17 14 0
      vertex -14.4945 10.9668 0
    endloop
  endfacet
  facet normal 0 0 -1
    outer loop
      vertex -17 -14 0
      vertex -14.6481 -11.4733 0
      vertex -14.687 -11.7354 0
    endloop
  endfacet
  facet normal 0 0 -1
    outer loop
      vertex -14.4945 10.9668 0
      vertex -17 14 0
      vertex -14.5837 11.2162 0
    endloop
  endfacet
  facet normal 0 0 -1
    outer loop
      vertex -17 -14 0
      vertex -14.687 -11.7354 0
      vertex -14.7 -12 0
    endloop
  endfacet
  facet normal 0 0 -1
    outer loop
      vertex -14.5837 11.2162 0
      vertex -17 14 0
      vertex -14.6481 11.4733 0
    endloop
  endfacet
  facet normal 0 0 -1
    outer loop
      vertex 14.5837 -11.2162 0
      vertex 17 -14 0
      vertex 14.6481 -11.4733 0
    endloop
  endfacet
  facet normal 0 0 -1
    outer loop
      vertex 17 14 0
      vertex 14.687 11.7354 0
      vertex 14.7 12 0
    endloop
  endfacet
  facet normal 0 0 -1
    outer loop
      vertex 14.4945 -10.9668 0
      vertex 17 -14 0
      vertex 14.5837 -11.2162 0
    endloop
  endfacet
  facet normal 0 0 -1
    outer loop
      vertex 17 14 0
      vertex 14.6481 11.4733 0
      vertex 14.687 11.7354 0
    endloop
  endfacet
  facet normal 0 0 -1
    outer loop
      vertex 14.3812 -10.7272 0
      vertex 17 -14 0
      vertex 14.4945 -10.9668 0
    endloop
  endfacet
  facet normal 0 0 -1
    outer loop
      vertex 17 14 0
      vertex 14.5837 11.2162 0
      vertex 14.6481 11.4733 0
    endloop
  endfacet
  facet normal 0 0 -1
    outer loop
      vertex 14.245 -10.5 0
      vertex 17 -14 0
      vertex 14.3812 -10.7272 0
    endloop
  endfacet
  facet normal 0 0 -1
    outer loop
      vertex 17 14 0
      vertex 14.4945 10.9668 0
      vertex 14.5837 11.2162 0
    endloop
  endfacet
  facet normal 0 0 -1
    outer loop
      vertex 17 -14 0
      vertex 14.245 -10.5 0
      vertex 17 14 0
    endloop
  endfacet
  facet normal 0 0 -1
    outer loop
      vertex 17 14 0
      vertex 14.3812 10.7272 0
      vertex 14.4945 10.9668 0
    endloop
  endfacet
  facet normal 0 0 -1
    outer loop
      vertex 14.245 10.5 0
      vertex 17 14 0
      vertex 14.245 -10.5 0
    endloop
  endfacet
  facet normal 0 0 -1
    outer loop
      vertex 17 14 0
      vertex 14.245 10.5 0
      vertex 14.3812 10.7272 0
    endloop
  endfacet
  facet normal 0 0 -1
    outer loop
      vertex 14.0871 -10.2871 0
      vertex 14.245 10.5 0
      vertex 14.245 -10.5 0
    endloop
  endfacet
  facet normal 0 0 -1
    outer loop
      vertex 14.0871 -10.2871 0
      vertex 14.0871 10.2871 0
      vertex 14.245 10.5 0
    endloop
  endfacet
  facet normal 0 0 -1
    outer loop
      vertex 13.9092 -10.0908 0
      vertex 14.0871 10.2871 0
      vertex 14.0871 -10.2871 0
    endloop
  endfacet
  facet normal 0 0 -1
    outer loop
      vertex 13.9092 -10.0908 0
      vertex 13.9092 10.0908 0
      vertex 14.0871 10.2871 0
    endloop
  endfacet
  facet normal 0 0 -1
    outer loop
      vertex 13.7129 -9.91287 0
      vertex 13.9092 10.0908 0
      vertex 13.9092 -10.0908 0
    endloop
  endfacet
  facet normal 0 0 -1
    outer loop
      vertex 13.7129 -9.91287 0
      vertex 13.7129 9.91287 0
      vertex 13.9092 10.0908 0
    endloop
  endfacet
  facet normal 0 0 -1
    outer loop
      vertex 13.5 -9.75503 0
      vertex 13.7129 9.91287 0
      vertex 13.7129 -9.91287 0
    endloop
  endfacet
  facet normal 0 0 -1
    outer loop
      vertex 13.5 -9.75503 0
      vertex 13.5 9.75503 0
      vertex 13.7129 9.91287 0
    endloop
  endfacet
  facet normal 0 0 -1
    outer loop
      vertex 13.2728 -9.61881 0
      vertex 13.5 9.75503 0
      vertex 13.5 -9.75503 0
    endloop
  endfacet
  facet normal 0 0 -1
    outer loop
      vertex 13.2728 -9.61881 0
      vertex 13.2728 9.61881 0
      vertex 13.5 9.75503 0
    endloop
  endfacet
  facet normal 0 0 -1
    outer loop
      vertex 7.3 0 0
      vertex 13.2728 -9.61881 0
      vertex 13.0332 -9.50552 0
    endloop
  endfacet
  facet normal 0 0 -1
    outer loop
      vertex 13.2728 -9.61881 0
      vertex 7.3 0 0
      vertex 13.2728 9.61881 0
    endloop
  endfacet
  facet normal 0 0 -1
    outer loop
      vertex 7.26485 -0.715525 0
      vertex 13.0332 -9.50552 0
      vertex 12.7838 -9.41626 0
    endloop
  endfacet
  facet normal 0 0 -1
    outer loop
      vertex 13.2728 9.61881 0
      vertex 7.3 0 0
      vertex 13.0332 9.50552 0
    endloop
  endfacet
  facet normal 0 0 -1
    outer loop
      vertex 7.15973 -1.42416 0
      vertex 12.7838 -9.41626 0
      vertex 12.5267 -9.35188 0
    endloop
  endfacet
  facet normal 0 0 -1
    outer loop
      vertex 7.26485 0.715525 0
      vertex 13.0332 9.50552 0
      vertex 7.3 0 0
    endloop
  endfacet
  facet normal 0 0 -1
    outer loop
      vertex 7.15973 -1.42416 0
      vertex 12.5267 -9.35188 0
      vertex 12.2646 -9.313 0
    endloop
  endfacet
  facet normal 0 0 -1
    outer loop
      vertex 13.0332 9.50552 0
      vertex 7.26485 0.715525 0
      vertex 12.7838 9.41626 0
    endloop
  endfacet
  facet normal 0 0 -1
    outer loop
      vertex 6.98566 -2.11908 0
      vertex 12.2646 -9.313 0
      vertex 12 -9.3 0
    endloop
  endfacet
  facet normal 0 0 -1
    outer loop
      vertex 7.15973 1.42416 0
      vertex 12.7838 9.41626 0
      vertex 7.26485 0.715525 0
    endloop
  endfacet
  facet normal 0 0 -1
    outer loop
      vertex 6.74432 -2.79359 0
      vertex 12 -9.3 0
      vertex 11.7354 -9.313 0
    endloop
  endfacet
  facet normal 0 0 -1
    outer loop
      vertex 12.7838 9.41626 0
      vertex 7.15973 1.42416 0
      vertex 12.5267 9.35188 0
    endloop
  endfacet
  facet normal 0 0 -1
    outer loop
      vertex 6.74432 -2.79359 0
      vertex 11.7354 -9.313 0
      vertex 11.4733 -9.35188 0
    endloop
  endfacet
  facet normal 0 0 -1
    outer loop
      vertex 12.5267 9.35188 0
      vertex 7.15973 1.42416 0
      vertex 12.2646 9.313 0
    endloop
  endfacet
  facet normal 0 0 -1
    outer loop
      vertex 6.43802 -3.4412 0
      vertex 11.4733 -9.35188 0
      vertex 11.2162 -9.41626 0
    endloop
  endfacet
  facet normal 0 0 -1
    outer loop
      vertex 6.98566 2.11908 0
      vertex 12.2646 9.313 0
      vertex 7.15973 1.42416 0
    endloop
  endfacet
  facet normal 0 0 -1
    outer loop
      vertex 6.43802 -3.4412 0
      vertex 11.2162 -9.41626 0
      vertex 10.9668 -9.50552 0
    endloop
  endfacet
  facet normal 0 0 -1
    outer loop
      vertex 12.2646 9.313 0
      vertex 6.98566 2.11908 0
      vertex 12 9.3 0
    endloop
  endfacet
  facet normal 0 0 -1
    outer loop
      vertex 6.06973 -4.05566 0
      vertex 10.9668 -9.50552 0
      vertex 10.7272 -9.61881 0
    endloop
  endfacet
  facet normal 0 0 -1
    outer loop
      vertex 6.74432 2.79359 0
      vertex 12 9.3 0
      vertex 6.98566 2.11908 0
    endloop
  endfacet
  facet normal 0 0 -1
    outer loop
      vertex 5.64298 -4.63107 0
      vertex 10.7272 -9.61881 0
      vertex 10.5 -9.75503 0
    endloop
  endfacet
  facet normal -0 0 -1
    outer loop
      vertex 12 9.3 0
      vertex 6.74432 2.79359 0
      vertex 11.7354 9.313 0
    endloop
  endfacet
  facet normal 0 0 -1
    outer loop
      vertex 5.64298 -4.63107 0
      vertex 10.5 -9.75503 0
      vertex 10.2871 -9.91287 0
    endloop
  endfacet
  facet normal -0 0 -1
    outer loop
      vertex 11.7354 9.313 0
      vertex 6.74432 2.79359 0
      vertex 11.4733 9.35188 0
    endloop
  endfacet
  facet normal 0 0 -1
    outer loop
      vertex 5.16188 -5.16188 0
      vertex 10.2871 -9.91287 0
      vertex 10.0908 -10.0908 0
    endloop
  endfacet
  facet normal 0 0 -1
    outer loop
      vertex 6.43802 3.4412 0
      vertex 11.4733 9.35188 0
      vertex 6.74432 2.79359 0
    endloop
  endfacet
  facet normal 0 0 -1
    outer loop
      vertex 5.16188 -5.16188 0
      vertex 10.0908 -10.0908 0
      vertex 9.91287 -10.2871 0
    endloop
  endfacet
  facet normal -0 0 -1
    outer loop
      vertex 11.4733 9.35188 0
      vertex 6.43802 3.4412 0
      vertex 11.2162 9.41626 0
    endloop
  endfacet
  facet normal 0 0 -1
    outer loop
      vertex 4.63107 -5.64298 0
      vertex 9.91287 -10.2871 0
      vertex 9.75503 -10.5 0
    endloop
  endfacet
  facet normal -0 0 -1
    outer loop
      vertex 11.2162 9.41626 0
      vertex 6.43802 3.4412 0
      vertex 10.9668 9.50552 0
    endloop
  endfacet
  facet normal 0 0 -1
    outer loop
      vertex 4.63107 -5.64298 0
      vertex 9.75503 -10.5 0
      vertex 9.61881 -10.7272 0
    endloop
  endfacet
  facet normal 0 0 -1
    outer loop
      vertex 6.06973 4.05566 0
      vertex 10.9668 9.50552 0
      vertex 6.43802 3.4412 0
    endloop
  endfacet
  facet normal 0 0 -1
    outer loop
      vertex 4.05566 -6.06973 0
      vertex 9.61881 -10.7272 0
      vertex 9.50552 -10.9668 0
    endloop
  endfacet
  facet normal -0 0 -1
    outer loop
      vertex 10.9668 9.50552 0
      vertex 6.06973 4.05566 0
      vertex 10.7272 9.61881 0
    endloop
  endfacet
  facet normal 0 0 -1
    outer loop
      vertex 3.4412 -6.43802 0
      vertex 9.50552 -10.9668 0
      vertex 9.41626 -11.2162 0
    endloop
  endfacet
  facet normal 0 0 -1
    outer loop
      vertex 5.64298 4.63107 0
      vertex 10.7272 9.61881 0
      vertex 6.06973 4.05566 0
    endloop
  endfacet
  facet normal 0 0 -1
    outer loop
      vertex 3.4412 -6.43802 0
      vertex 9.41626 -11.2162 0
      vertex 9.35188 -11.4733 0
    endloop
  endfacet
  facet normal -0 0 -1
    outer loop
      vertex 10.7272 9.61881 0
      vertex 5.64298 4.63107 0
      vertex 10.5 9.75503 0
    endloop
  endfacet
  facet normal 0 0 -1
    outer loop
      vertex 2.79359 -6.74432 0
      vertex 9.35188 -11.4733 0
      vertex 9.313 -11.7354 0
    endloop
  endfacet
  facet normal -0 0 -1
    outer loop
      vertex 10.5 9.75503 0
      vertex 5.64298 4.63107 0
      vertex 10.2871 9.91287 0
    endloop
  endfacet
  facet normal 0 0 -1
    outer loop
      vertex 2.79359 -6.74432 0
      vertex 9.313 -11.7354 0
      vertex 9.3 -12 0
    endloop
  endfacet
  facet normal 0 0 -1
    outer loop
      vertex 5.16188 5.16188 0
      vertex 10.2871 9.91287 0
      vertex 5.64298 4.63107 0
    endloop
  endfacet
  facet normal 0 0 -1
    outer loop
      vertex 14.3812 -13.2728 0
      vertex 17 -14 0
      vertex 16.9855 -14.294 0
    endloop
  endfacet
  facet normal 0 0 -1
    outer loop
      vertex 14.687 -11.7354 0
      vertex 17 -14 0
      vertex 14.7 -12 0
    endloop
  endfacet
  facet normal 0 0 -1
    outer loop
      vertex 14.245 -13.5 0
      vertex 16.9855 -14.294 0
      vertex 16.9424 -14.5853 0
    endloop
  endfacet
  facet normal 0 0 -1
    outer loop
      vertex 14.6481 -11.4733 0
      vertex 17 -14 0
      vertex 14.687 -11.7354 0
    endloop
  endfacet
  facet normal 0 0 -1
    outer loop
      vertex 14.245 -13.5 0
      vertex 16.9424 -14.5853 0
      vertex 16.8708 -14.8708 0
    endloop
  endfacet
  facet normal 0 0 -1
    outer loop
      vertex 14.687 12.2646 0
      vertex 17 14 0
      vertex 14.7 12 0
    endloop
  endfacet
  facet normal 0 0 -1
    outer loop
      vertex 14.245 -13.5 0
      vertex 16.8708 -14.8708 0
      vertex 16.7716 -15.148 0
    endloop
  endfacet
  facet normal 0 0 -1
    outer loop
      vertex 14.6481 12.5267 0
      vertex 17 14 0
      vertex 14.687 12.2646 0
    endloop
  endfacet
  facet normal 0 0 -1
    outer loop
      vertex 14.0871 -13.7129 0
      vertex 16.7716 -15.148 0
      vertex 16.6458 -15.4142 0
    endloop
  endfacet
  facet normal 0 0 -1
    outer loop
      vertex 14.5837 12.7838 0
      vertex 17 14 0
      vertex 14.6481 12.5267 0
    endloop
  endfacet
  facet normal 0 0 -1
    outer loop
      vertex 14.0871 -13.7129 0
      vertex 16.6458 -15.4142 0
      vertex 16.4944 -15.6667 0
    endloop
  endfacet
  facet normal 0 0 -1
    outer loop
      vertex 14.4945 13.0332 0
      vertex 17 14 0
      vertex 14.5837 12.7838 0
    endloop
  endfacet
  facet normal 0 0 -1
    outer loop
      vertex 14.0871 -13.7129 0
      vertex 16.4944 -15.6667 0
      vertex 16.319 -15.9032 0
    endloop
  endfacet
  facet normal 0 0 -1
    outer loop
      vertex 14.3812 13.2728 0
      vertex 17 14 0
      vertex 14.4945 13.0332 0
    endloop
  endfacet
  facet normal 0 0 -1
    outer loop
      vertex 13.9092 -13.9092 0
      vertex 16.319 -15.9032 0
      vertex 16.1213 -16.1213 0
    endloop
  endfacet
  facet normal -0 0 -1
    outer loop
      vertex 17 14 0
      vertex 14.3812 13.2728 0
      vertex 16.9855 14.294 0
    endloop
  endfacet
  facet normal 0 0 -1
    outer loop
      vertex 13.9092 -13.9092 0
      vertex 16.1213 -16.1213 0
      vertex 15.9032 -16.319 0
    endloop
  endfacet
  facet normal 0 0 -1
    outer loop
      vertex 14.245 13.5 0
      vertex 16.9855 14.294 0
      vertex 14.3812 13.2728 0
    endloop
  endfacet
  facet normal 0 0 -1
    outer loop
      vertex 13.9092 -13.9092 0
      vertex 15.9032 -16.319 0
      vertex 15.6667 -16.4944 0
    endloop
  endfacet
  facet normal -0 0 -1
    outer loop
      vertex 16.9855 14.294 0
      vertex 14.245 13.5 0
      vertex 16.9424 14.5853 0
    endloop
  endfacet
  facet normal 0 0 -1
    outer loop
      vertex 13.7129 -14.0871 0
      vertex 15.6667 -16.4944 0
      vertex 15.4142 -16.6458 0
    endloop
  endfacet
  facet normal -0 0 -1
    outer loop
      vertex 16.9424 14.5853 0
      vertex 14.245 13.5 0
      vertex 16.8708 14.8708 0
    endloop
  endfacet
  facet normal 0 0 -1
    outer loop
      vertex 13.7129 -14.0871 0
      vertex 15.4142 -16.6458 0
      vertex 15.148 -16.7716 0
    endloop
  endfacet
  facet normal -0 0 -1
    outer loop
      vertex 16.8708 14.8708 0
      vertex 14.245 13.5 0
      vertex 16.7716 15.148 0
    endloop
  endfacet
  facet normal 0 0 -1
    outer loop
      vertex 13.7129 -14.0871 0
      vertex 15.148 -16.7716 0
      vertex 14.8708 -16.8708 0
    endloop
  endfacet
  facet normal 0 0 -1
    outer loop
      vertex 14.0871 13.7129 0
      vertex 16.7716 15.148 0
      vertex 14.245 13.5 0
    endloop
  endfacet
  facet normal -0 0 -1
    outer loop
      vertex 16.7716 15.148 0
      vertex 14.0871 13.7129 0
      vertex 16.6458 15.4142 0
    endloop
  endfacet
  facet normal 0 0 -1
    outer loop
      vertex 17 -14 0
      vertex 14.687 -12.2646 0
      vertex 14.7 -12 0
    endloop
  endfacet
  facet normal 0 0 -1
    outer loop
      vertex 17 -14 0
      vertex 14.6481 -12.5267 0
      vertex 14.687 -12.2646 0
    endloop
  endfacet
  facet normal 0 0 -1
    outer loop
      vertex 13.5 -14.245 0
      vertex 14.8708 -16.8708 0
      vertex 14.5853 -16.9424 0
    endloop
  endfacet
  facet normal 0 0 -1
    outer loop
      vertex 17 -14 0
      vertex 14.5837 -12.7838 0
      vertex 14.6481 -12.5267 0
    endloop
  endfacet
  facet normal 0 0 -1
    outer loop
      vertex 17 -14 0
      vertex 14.4945 -13.0332 0
      vertex 14.5837 -12.7838 0
    endloop
  endfacet
  facet normal 0 0 -1
    outer loop
      vertex 17 -14 0
      vertex 14.3812 -13.2728 0
      vertex 14.4945 -13.0332 0
    endloop
  endfacet
  facet normal 0 0 -1
    outer loop
      vertex 13.5 -14.245 0
      vertex 14.5853 -16.9424 0
      vertex 14.294 -16.9855 0
    endloop
  endfacet
  facet normal 0 0 -1
    outer loop
      vertex 16.9855 -14.294 0
      vertex 14.245 -13.5 0
      vertex 14.3812 -13.2728 0
    endloop
  endfacet
  facet normal 0 0 -1
    outer loop
      vertex 16.7716 -15.148 0
      vertex 14.0871 -13.7129 0
      vertex 14.245 -13.5 0
    endloop
  endfacet
  facet normal 0 0 -1
    outer loop
      vertex 13.2728 -14.3812 0
      vertex 14.294 -16.9855 0
      vertex 14 -17 0
    endloop
  endfacet
  facet normal 0 0 -1
    outer loop
      vertex 16.319 -15.9032 0
      vertex 13.9092 -13.9092 0
      vertex 14.0871 -13.7129 0
    endloop
  endfacet
  facet normal 0 0 -1
    outer loop
      vertex 15.6667 -16.4944 0
      vertex 13.7129 -14.0871 0
      vertex 13.9092 -13.9092 0
    endloop
  endfacet
  facet normal 0 0 -1
    outer loop
      vertex 14.8708 -16.8708 0
      vertex 13.5 -14.245 0
      vertex 13.7129 -14.0871 0
    endloop
  endfacet
  facet normal 0 0 -1
    outer loop
      vertex 14.294 -16.9855 0
      vertex 13.2728 -14.3812 0
      vertex 13.5 -14.245 0
    endloop
  endfacet
  facet normal 0 0 -1
    outer loop
      vertex 14 -17 0
      vertex 13.0332 -14.4945 0
      vertex 13.2728 -14.3812 0
    endloop
  endfacet
  facet normal 0 0 -1
    outer loop
      vertex 14 -17 0
      vertex 12.7838 -14.5837 0
      vertex 13.0332 -14.4945 0
    endloop
  endfacet
  facet normal 0 0 -1
    outer loop
      vertex 14 -17 0
      vertex 12.5267 -14.6481 0
      vertex 12.7838 -14.5837 0
    endloop
  endfacet
  facet normal 0 0 -1
    outer loop
      vertex 14 -17 0
      vertex 12.2646 -14.687 0
      vertex 12.5267 -14.6481 0
    endloop
  endfacet
  facet normal 0 0 -1
    outer loop
      vertex 14 -17 0
      vertex 12 -14.7 0
      vertex 12.2646 -14.687 0
    endloop
  endfacet
  facet normal 0 0 -1
    outer loop
      vertex 14 -17 0
      vertex 11.7354 -14.687 0
      vertex 12 -14.7 0
    endloop
  endfacet
  facet normal 0 0 -1
    outer loop
      vertex 14 -17 0
      vertex 11.4733 -14.6481 0
      vertex 11.7354 -14.687 0
    endloop
  endfacet
  facet normal 0 0 -1
    outer loop
      vertex 14 -17 0
      vertex 11.2162 -14.5837 0
      vertex 11.4733 -14.6481 0
    endloop
  endfacet
  facet normal 0 0 -1
    outer loop
      vertex 14 -17 0
      vertex 10.9668 -14.4945 0
      vertex 11.2162 -14.5837 0
    endloop
  endfacet
  facet normal 0 0 -1
    outer loop
      vertex 14 -17 0
      vertex 10.7272 -14.3812 0
      vertex 10.9668 -14.4945 0
    endloop
  endfacet
  facet normal 0 0 -1
    outer loop
      vertex 14 -17 0
      vertex 10.5 -14.245 0
      vertex 10.7272 -14.3812 0
    endloop
  endfacet
  facet normal 0 0 -1
    outer loop
      vertex -10.5 -14.245 0
      vertex 10.5 -14.245 0
      vertex 14 -17 0
    endloop
  endfacet
  facet normal -0 0 -1
    outer loop
      vertex 10.2871 9.91287 0
      vertex 5.16188 5.16188 0
      vertex 10.0908 10.0908 0
    endloop
  endfacet
  facet normal 0 0 -1
    outer loop
      vertex 2.11908 -6.98566 0
      vertex 9.3 -12 0
      vertex 9.313 -12.2646 0
    endloop
  endfacet
  facet normal 0 0 -1
    outer loop
      vertex 1.42416 -7.15973 0
      vertex 9.313 -12.2646 0
      vertex 9.35188 -12.5267 0
    endloop
  endfacet
  facet normal 0 0 -1
    outer loop
      vertex 13.0332 -9.50552 0
      vertex 7.26485 -0.715525 0
      vertex 7.3 0 0
    endloop
  endfacet
  facet normal 0 0 -1
    outer loop
      vertex 12.7838 -9.41626 0
      vertex 7.15973 -1.42416 0
      vertex 7.26485 -0.715525 0
    endloop
  endfacet
  facet normal 0 0 -1
    outer loop
      vertex 12.2646 -9.313 0
      vertex 6.98566 -2.11908 0
      vertex 7.15973 -1.42416 0
    endloop
  endfacet
  facet normal 0 0 -1
    outer loop
      vertex 12 -9.3 0
      vertex 6.74432 -2.79359 0
      vertex 6.98566 -2.11908 0
    endloop
  endfacet
  facet normal 0 0 -1
    outer loop
      vertex 1.42416 -7.15973 0
      vertex 9.35188 -12.5267 0
      vertex 9.41626 -12.7838 0
    endloop
  endfacet
  facet normal 0 0 -1
    outer loop
      vertex 11.4733 -9.35188 0
      vertex 6.43802 -3.4412 0
      vertex 6.74432 -2.79359 0
    endloop
  endfacet
  facet normal 0 0 -1
    outer loop
      vertex 10.9668 -9.50552 0
      vertex 6.06973 -4.05566 0
      vertex 6.43802 -3.4412 0
    endloop
  endfacet
  facet normal 0 0 -1
    outer loop
      vertex 0.715525 -7.26485 0
      vertex 9.41626 -12.7838 0
      vertex 9.50552 -13.0332 0
    endloop
  endfacet
  facet normal 0 0 -1
    outer loop
      vertex 10.7272 -9.61881 0
      vertex 5.64298 -4.63107 0
      vertex 6.06973 -4.05566 0
    endloop
  endfacet
  facet normal 0 0 -1
    outer loop
      vertex 10.2871 -9.91287 0
      vertex 5.16188 -5.16188 0
      vertex 5.64298 -4.63107 0
    endloop
  endfacet
  facet normal 0 0 -1
    outer loop
      vertex 0 -7.3 0
      vertex 9.50552 -13.0332 0
      vertex 9.61881 -13.2728 0
    endloop
  endfacet
  facet normal 0 0 -1
    outer loop
      vertex 9.91287 -10.2871 0
      vertex 4.63107 -5.64298 0
      vertex 5.16188 -5.16188 0
    endloop
  endfacet
  facet normal 0 0 -1
    outer loop
      vertex -9.61881 -13.2728 0
      vertex 9.61881 -13.2728 0
      vertex 9.75503 -13.5 0
    endloop
  endfacet
  facet normal 0 0 -1
    outer loop
      vertex 9.61881 -10.7272 0
      vertex 4.05566 -6.06973 0
      vertex 4.63107 -5.64298 0
    endloop
  endfacet
  facet normal 0 0 -1
    outer loop
      vertex -9.75503 -13.5 0
      vertex 9.75503 -13.5 0
      vertex 9.91287 -13.7129 0
    endloop
  endfacet
  facet normal 0 0 -1
    outer loop
      vertex 9.50552 -10.9668 0
      vertex 3.4412 -6.43802 0
      vertex 4.05566 -6.06973 0
    endloop
  endfacet
  facet normal 0 0 -1
    outer loop
      vertex 9.35188 -11.4733 0
      vertex 2.79359 -6.74432 0
      vertex 3.4412 -6.43802 0
    endloop
  endfacet
  facet normal 0 0 -1
    outer loop
      vertex -9.91287 -13.7129 0
      vertex 9.91287 -13.7129 0
      vertex 10.0908 -13.9092 0
    endloop
  endfacet
  facet normal 0 0 -1
    outer loop
      vertex 9.3 -12 0
      vertex 2.11908 -6.98566 0
      vertex 2.79359 -6.74432 0
    endloop
  endfacet
  facet normal 0 0 -1
    outer loop
      vertex -10.0908 -13.9092 0
      vertex 10.0908 -13.9092 0
      vertex 10.2871 -14.0871 0
    endloop
  endfacet
  facet normal 0 0 -1
    outer loop
      vertex 9.313 -12.2646 0
      vertex 1.42416 -7.15973 0
      vertex 2.11908 -6.98566 0
    endloop
  endfacet
  facet normal 0 0 -1
    outer loop
      vertex 10.5 -14.245 0
      vertex -10.5 -14.245 0
      vertex 10.2871 -14.0871 0
    endloop
  endfacet
  facet normal 0 0 -1
    outer loop
      vertex 9.41626 -12.7838 0
      vertex 0.715525 -7.26485 0
      vertex 1.42416 -7.15973 0
    endloop
  endfacet
  facet normal 0 0 -1
    outer loop
      vertex 9.75503 -13.5 0
      vertex -9.75503 -13.5 0
      vertex -9.61881 -13.2728 0
    endloop
  endfacet
  facet normal 0 0 -1
    outer loop
      vertex 9.61881 -13.2728 0
      vertex -9.61881 -13.2728 0
      vertex 0 -7.3 0
    endloop
  endfacet
  facet normal 0 -0 -1
    outer loop
      vertex -9.50552 -13.0332 0
      vertex 0 -7.3 0
      vertex -9.61881 -13.2728 0
    endloop
  endfacet
  facet normal -0 0 -1
    outer loop
      vertex 0 -7.3 0
      vertex -9.50552 -13.0332 0
      vertex -0.715525 -7.26485 0
    endloop
  endfacet
  facet normal 0 -0 -1
    outer loop
      vertex -9.41626 -12.7838 0
      vertex -0.715525 -7.26485 0
      vertex -9.50552 -13.0332 0
    endloop
  endfacet
  facet normal 0 -0 -1
    outer loop
      vertex -9.35188 -12.5267 0
      vertex -1.42416 -7.15973 0
      vertex -9.41626 -12.7838 0
    endloop
  endfacet
  facet normal 0 -0 -1
    outer loop
      vertex -9.313 -12.2646 0
      vertex -1.42416 -7.15973 0
      vertex -9.35188 -12.5267 0
    endloop
  endfacet
  facet normal 0 0 -1
    outer loop
      vertex -10.0908 -10.0908 0
      vertex -5.16188 -5.16188 0
      vertex -9.91287 -10.2871 0
    endloop
  endfacet
  facet normal -0 0 -1
    outer loop
      vertex -4.63107 -5.64298 0
      vertex -9.91287 -10.2871 0
      vertex -5.16188 -5.16188 0
    endloop
  endfacet
  facet normal 0 0 -1
    outer loop
      vertex -9.91287 -10.2871 0
      vertex -4.63107 -5.64298 0
      vertex -9.75503 -10.5 0
    endloop
  endfacet
  facet normal 0 0 -1
    outer loop
      vertex -9.75503 -10.5 0
      vertex -4.63107 -5.64298 0
      vertex -9.61881 -10.7272 0
    endloop
  endfacet
  facet normal -0 0 -1
    outer loop
      vertex -4.05566 -6.06973 0
      vertex -9.61881 -10.7272 0
      vertex -4.63107 -5.64298 0
    endloop
  endfacet
  facet normal 0 0 -1
    outer loop
      vertex -9.61881 -10.7272 0
      vertex -4.05566 -6.06973 0
      vertex -9.50552 -10.9668 0
    endloop
  endfacet
  facet normal -0 0 -1
    outer loop
      vertex -3.4412 -6.43802 0
      vertex -9.50552 -10.9668 0
      vertex -4.05566 -6.06973 0
    endloop
  endfacet
  facet normal 0 0 -1
    outer loop
      vertex -9.50552 -10.9668 0
      vertex -3.4412 -6.43802 0
      vertex -9.41626 -11.2162 0
    endloop
  endfacet
  facet normal 0 0 -1
    outer loop
      vertex -9.41626 -11.2162 0
      vertex -3.4412 -6.43802 0
      vertex -9.35188 -11.4733 0
    endloop
  endfacet
  facet normal -0 0 -1
    outer loop
      vertex -2.79359 -6.74432 0
      vertex -9.35188 -11.4733 0
      vertex -3.4412 -6.43802 0
    endloop
  endfacet
  facet normal 0 -0 -1
    outer loop
      vertex -9.3 -12 0
      vertex -2.11908 -6.98566 0
      vertex -9.313 -12.2646 0
    endloop
  endfacet
  facet normal 0 0 -1
    outer loop
      vertex -9.35188 -11.4733 0
      vertex -2.79359 -6.74432 0
      vertex -9.313 -11.7354 0
    endloop
  endfacet
  facet normal 0 0 -1
    outer loop
      vertex -9.313 -11.7354 0
      vertex -2.79359 -6.74432 0
      vertex -9.3 -12 0
    endloop
  endfacet
  facet normal -0 0 -1
    outer loop
      vertex -2.11908 -6.98566 0
      vertex -9.3 -12 0
      vertex -2.79359 -6.74432 0
    endloop
  endfacet
  facet normal -0 0 -1
    outer loop
      vertex -1.42416 -7.15973 0
      vertex -9.313 -12.2646 0
      vertex -2.11908 -6.98566 0
    endloop
  endfacet
  facet normal -0 0 -1
    outer loop
      vertex -0.715525 -7.26485 0
      vertex -9.41626 -12.7838 0
      vertex -1.42416 -7.15973 0
    endloop
  endfacet
  facet normal 0 0 -1
    outer loop
      vertex 9.50552 -13.0332 0
      vertex 0 -7.3 0
      vertex 0.715525 -7.26485 0
    endloop
  endfacet
  facet normal 0 0 -1
    outer loop
      vertex 9.91287 -13.7129 0
      vertex -9.91287 -13.7129 0
      vertex -9.75503 -13.5 0
    endloop
  endfacet
  facet normal 0 0 -1
    outer loop
      vertex 10.0908 -13.9092 0
      vertex -10.0908 -13.9092 0
      vertex -9.91287 -13.7129 0
    endloop
  endfacet
  facet normal 0 0 -1
    outer loop
      vertex 10.2871 -14.0871 0
      vertex -10.2871 -14.0871 0
      vertex -10.0908 -13.9092 0
    endloop
  endfacet
  facet normal -0 0 -1
    outer loop
      vertex 10.2871 -14.0871 0
      vertex -10.5 -14.245 0
      vertex -10.2871 -14.0871 0
    endloop
  endfacet
  facet normal 0 0 -1
    outer loop
      vertex -14 -17 0
      vertex -10.5 -14.245 0
      vertex 14 -17 0
    endloop
  endfacet
  facet normal 0 0 -1
    outer loop
      vertex -10.5 -14.245 0
      vertex -14 -17 0
      vertex -10.7272 -14.3812 0
    endloop
  endfacet
  facet normal 0 0 -1
    outer loop
      vertex -10.7272 -14.3812 0
      vertex -14 -17 0
      vertex -10.9668 -14.4945 0
    endloop
  endfacet
  facet normal 0 0 -1
    outer loop
      vertex -10.9668 -14.4945 0
      vertex -14 -17 0
      vertex -11.2162 -14.5837 0
    endloop
  endfacet
  facet normal 0 0 -1
    outer loop
      vertex -11.2162 -14.5837 0
      vertex -14 -17 0
      vertex -11.4733 -14.6481 0
    endloop
  endfacet
  facet normal 0 0 -1
    outer loop
      vertex -11.4733 -14.6481 0
      vertex -14 -17 0
      vertex -11.7354 -14.687 0
    endloop
  endfacet
  facet normal 0 0 -1
    outer loop
      vertex -11.7354 -14.687 0
      vertex -14 -17 0
      vertex -12 -14.7 0
    endloop
  endfacet
  facet normal -0 0 -1
    outer loop
      vertex -12 -14.7 0
      vertex -14 -17 0
      vertex -12.2646 -14.687 0
    endloop
  endfacet
  facet normal 0 0 -1
    outer loop
      vertex -14 -17 0
      vertex -12.5267 -14.6481 0
      vertex -12.2646 -14.687 0
    endloop
  endfacet
  facet normal 0 0 -1
    outer loop
      vertex -14 -17 0
      vertex -12.7838 -14.5837 0
      vertex -12.5267 -14.6481 0
    endloop
  endfacet
  facet normal 0 0 -1
    outer loop
      vertex -14 -17 0
      vertex -13.0332 -14.4945 0
      vertex -12.7838 -14.5837 0
    endloop
  endfacet
  facet normal 0 0 -1
    outer loop
      vertex -14 -17 0
      vertex -13.2728 -14.3812 0
      vertex -13.0332 -14.4945 0
    endloop
  endfacet
  facet normal 0 0 -1
    outer loop
      vertex -14.294 -16.9855 0
      vertex -13.2728 -14.3812 0
      vertex -14 -17 0
    endloop
  endfacet
  facet normal -0 0 -1
    outer loop
      vertex -13.2728 -14.3812 0
      vertex -14.294 -16.9855 0
      vertex -13.5 -14.245 0
    endloop
  endfacet
  facet normal 0 0 -1
    outer loop
      vertex -14.5853 -16.9424 0
      vertex -13.5 -14.245 0
      vertex -14.294 -16.9855 0
    endloop
  endfacet
  facet normal 0 0 -1
    outer loop
      vertex -14.8708 -16.8708 0
      vertex -13.5 -14.245 0
      vertex -14.5853 -16.9424 0
    endloop
  endfacet
  facet normal -0 0 -1
    outer loop
      vertex -13.5 -14.245 0
      vertex -14.8708 -16.8708 0
      vertex -13.7129 -14.0871 0
    endloop
  endfacet
  facet normal 0 0 -1
    outer loop
      vertex -15.148 -16.7716 0
      vertex -13.7129 -14.0871 0
      vertex -14.8708 -16.8708 0
    endloop
  endfacet
  facet normal 0 0 -1
    outer loop
      vertex -15.4142 -16.6458 0
      vertex -13.7129 -14.0871 0
      vertex -15.148 -16.7716 0
    endloop
  endfacet
  facet normal 0 0 -1
    outer loop
      vertex -15.6667 -16.4944 0
      vertex -13.7129 -14.0871 0
      vertex -15.4142 -16.6458 0
    endloop
  endfacet
  facet normal -0 0 -1
    outer loop
      vertex -13.7129 -14.0871 0
      vertex -15.6667 -16.4944 0
      vertex -13.9092 -13.9092 0
    endloop
  endfacet
  facet normal 0 0 -1
    outer loop
      vertex -15.9032 -16.319 0
      vertex -13.9092 -13.9092 0
      vertex -15.6667 -16.4944 0
    endloop
  endfacet
  facet normal 0 0 -1
    outer loop
      vertex -16.1213 -16.1213 0
      vertex -13.9092 -13.9092 0
      vertex -15.9032 -16.319 0
    endloop
  endfacet
  facet normal 0 0 -1
    outer loop
      vertex -16.319 -15.9032 0
      vertex -13.9092 -13.9092 0
      vertex -16.1213 -16.1213 0
    endloop
  endfacet
  facet normal -0 0 -1
    outer loop
      vertex -13.9092 -13.9092 0
      vertex -16.319 -15.9032 0
      vertex -14.0871 -13.7129 0
    endloop
  endfacet
  facet normal 0 0 -1
    outer loop
      vertex -16.6458 -15.4142 0
      vertex -14.0871 -13.7129 0
      vertex -16.4944 -15.6667 0
    endloop
  endfacet
  facet normal 0 0 -1
    outer loop
      vertex -16.4944 -15.6667 0
      vertex -14.0871 -13.7129 0
      vertex -16.319 -15.9032 0
    endloop
  endfacet
  facet normal -0 0 -1
    outer loop
      vertex 16.6458 15.4142 0
      vertex 14.0871 13.7129 0
      vertex 16.4944 15.6667 0
    endloop
  endfacet
  facet normal -0 0 -1
    outer loop
      vertex 16.4944 15.6667 0
      vertex 14.0871 13.7129 0
      vertex 16.319 15.9032 0
    endloop
  endfacet
  facet normal 0 0 -1
    outer loop
      vertex 13.9092 13.9092 0
      vertex 16.319 15.9032 0
      vertex 14.0871 13.7129 0
    endloop
  endfacet
  facet normal -0 0 -1
    outer loop
      vertex 16.319 15.9032 0
      vertex 13.9092 13.9092 0
      vertex 16.1213 16.1213 0
    endloop
  endfacet
  facet normal -0 0 -1
    outer loop
      vertex 16.1213 16.1213 0
      vertex 13.9092 13.9092 0
      vertex 15.9032 16.319 0
    endloop
  endfacet
  facet normal -0 0 -1
    outer loop
      vertex 15.9032 16.319 0
      vertex 13.9092 13.9092 0
      vertex 15.6667 16.4944 0
    endloop
  endfacet
  facet normal 0 0 -1
    outer loop
      vertex 13.7129 14.0871 0
      vertex 15.6667 16.4944 0
      vertex 13.9092 13.9092 0
    endloop
  endfacet
  facet normal -0 0 -1
    outer loop
      vertex 15.6667 16.4944 0
      vertex 13.7129 14.0871 0
      vertex 15.4142 16.6458 0
    endloop
  endfacet
  facet normal -0 0 -1
    outer loop
      vertex 15.4142 16.6458 0
      vertex 13.7129 14.0871 0
      vertex 15.148 16.7716 0
    endloop
  endfacet
  facet normal -0 0 -1
    outer loop
      vertex 15.148 16.7716 0
      vertex 13.7129 14.0871 0
      vertex 14.8708 16.8708 0
    endloop
  endfacet
  facet normal 0 0 -1
    outer loop
      vertex 13.5 14.245 0
      vertex 14.8708 16.8708 0
      vertex 13.7129 14.0871 0
    endloop
  endfacet
  facet normal -0 0 -1
    outer loop
      vertex 14.8708 16.8708 0
      vertex 13.5 14.245 0
      vertex 14.5853 16.9424 0
    endloop
  endfacet
  facet normal -0 0 -1
    outer loop
      vertex 14.5853 16.9424 0
      vertex 13.5 14.245 0
      vertex 14.294 16.9855 0
    endloop
  endfacet
  facet normal 0 0 -1
    outer loop
      vertex 13.2728 14.3812 0
      vertex 14.294 16.9855 0
      vertex 13.5 14.245 0
    endloop
  endfacet
  facet normal -0 0 -1
    outer loop
      vertex 14.294 16.9855 0
      vertex 13.2728 14.3812 0
      vertex 14 17 0
    endloop
  endfacet
  facet normal 0 0 -1
    outer loop
      vertex 13.0332 14.4945 0
      vertex 14 17 0
      vertex 13.2728 14.3812 0
    endloop
  endfacet
  facet normal 0 0 -1
    outer loop
      vertex 12.7838 14.5837 0
      vertex 14 17 0
      vertex 13.0332 14.4945 0
    endloop
  endfacet
  facet normal 0 0 -1
    outer loop
      vertex 12.5267 14.6481 0
      vertex 14 17 0
      vertex 12.7838 14.5837 0
    endloop
  endfacet
  facet normal 0 0 -1
    outer loop
      vertex 12.2646 14.687 0
      vertex 14 17 0
      vertex 12.5267 14.6481 0
    endloop
  endfacet
  facet normal 0 0 -1
    outer loop
      vertex 12 14.7 0
      vertex 14 17 0
      vertex 12.2646 14.687 0
    endloop
  endfacet
  facet normal 0 0 -1
    outer loop
      vertex 11.7354 14.687 0
      vertex 14 17 0
      vertex 12 14.7 0
    endloop
  endfacet
  facet normal 0 0 -1
    outer loop
      vertex 11.4733 14.6481 0
      vertex 14 17 0
      vertex 11.7354 14.687 0
    endloop
  endfacet
  facet normal 0 0 -1
    outer loop
      vertex 11.2162 14.5837 0
      vertex 14 17 0
      vertex 11.4733 14.6481 0
    endloop
  endfacet
  facet normal 0 0 -1
    outer loop
      vertex 10.9668 14.4945 0
      vertex 14 17 0
      vertex 11.2162 14.5837 0
    endloop
  endfacet
  facet normal 0 0 -1
    outer loop
      vertex 10.7272 14.3812 0
      vertex 14 17 0
      vertex 10.9668 14.4945 0
    endloop
  endfacet
  facet normal 0 0 -1
    outer loop
      vertex 10.5 14.245 0
      vertex 14 17 0
      vertex 10.7272 14.3812 0
    endloop
  endfacet
  facet normal 0 0 -1
    outer loop
      vertex -10.5 14.245 0
      vertex 10.5 14.245 0
      vertex 10.2871 14.0871 0
    endloop
  endfacet
  facet normal -0 0 -1
    outer loop
      vertex 10.0908 10.0908 0
      vertex 5.16188 5.16188 0
      vertex 9.91287 10.2871 0
    endloop
  endfacet
  facet normal 0 0 -1
    outer loop
      vertex 4.63107 5.64298 0
      vertex 9.91287 10.2871 0
      vertex 5.16188 5.16188 0
    endloop
  endfacet
  facet normal -0 0 -1
    outer loop
      vertex 9.91287 10.2871 0
      vertex 4.63107 5.64298 0
      vertex 9.75503 10.5 0
    endloop
  endfacet
  facet normal -0 0 -1
    outer loop
      vertex 9.75503 10.5 0
      vertex 4.63107 5.64298 0
      vertex 9.61881 10.7272 0
    endloop
  endfacet
  facet normal 0 0 -1
    outer loop
      vertex 4.05566 6.06973 0
      vertex 9.61881 10.7272 0
      vertex 4.63107 5.64298 0
    endloop
  endfacet
  facet normal -0 0 -1
    outer loop
      vertex 9.61881 10.7272 0
      vertex 4.05566 6.06973 0
      vertex 9.50552 10.9668 0
    endloop
  endfacet
  facet normal 0 0 -1
    outer loop
      vertex 3.4412 6.43802 0
      vertex 9.50552 10.9668 0
      vertex 4.05566 6.06973 0
    endloop
  endfacet
  facet normal -0 0 -1
    outer loop
      vertex 9.50552 10.9668 0
      vertex 3.4412 6.43802 0
      vertex 9.41626 11.2162 0
    endloop
  endfacet
  facet normal -0 0 -1
    outer loop
      vertex 9.41626 11.2162 0
      vertex 3.4412 6.43802 0
      vertex 9.35188 11.4733 0
    endloop
  endfacet
  facet normal 0 0 -1
    outer loop
      vertex 2.79359 6.74432 0
      vertex 9.35188 11.4733 0
      vertex 3.4412 6.43802 0
    endloop
  endfacet
  facet normal -0 0 -1
    outer loop
      vertex 9.35188 11.4733 0
      vertex 2.79359 6.74432 0
      vertex 9.313 11.7354 0
    endloop
  endfacet
  facet normal -0 0 -1
    outer loop
      vertex 9.313 11.7354 0
      vertex 2.79359 6.74432 0
      vertex 9.3 12 0
    endloop
  endfacet
  facet normal 0 0 -1
    outer loop
      vertex 2.11908 6.98566 0
      vertex 9.3 12 0
      vertex 2.79359 6.74432 0
    endloop
  endfacet
  facet normal -0 0 -1
    outer loop
      vertex 9.3 12 0
      vertex 2.11908 6.98566 0
      vertex 9.313 12.2646 0
    endloop
  endfacet
  facet normal 0 0 -1
    outer loop
      vertex 1.42416 7.15973 0
      vertex 9.313 12.2646 0
      vertex 2.11908 6.98566 0
    endloop
  endfacet
  facet normal -0 0 -1
    outer loop
      vertex 9.313 12.2646 0
      vertex 1.42416 7.15973 0
      vertex 9.35188 12.5267 0
    endloop
  endfacet
  facet normal -0 0 -1
    outer loop
      vertex 9.35188 12.5267 0
      vertex 1.42416 7.15973 0
      vertex 9.41626 12.7838 0
    endloop
  endfacet
  facet normal 0 0 -1
    outer loop
      vertex 0.715525 7.26485 0
      vertex 9.41626 12.7838 0
      vertex 1.42416 7.15973 0
    endloop
  endfacet
  facet normal -0 0 -1
    outer loop
      vertex 9.41626 12.7838 0
      vertex 0.715525 7.26485 0
      vertex 9.50552 13.0332 0
    endloop
  endfacet
  facet normal 0 0 -1
    outer loop
      vertex 0 7.3 0
      vertex 9.50552 13.0332 0
      vertex 0.715525 7.26485 0
    endloop
  endfacet
  facet normal -0 0 -1
    outer loop
      vertex 9.50552 13.0332 0
      vertex 0 7.3 0
      vertex 9.61881 13.2728 0
    endloop
  endfacet
  facet normal 0 0 -1
    outer loop
      vertex -9.61881 13.2728 0
      vertex 9.61881 13.2728 0
      vertex 0 7.3 0
    endloop
  endfacet
  facet normal 0 0 -1
    outer loop
      vertex 9.61881 13.2728 0
      vertex -9.61881 13.2728 0
      vertex 9.75503 13.5 0
    endloop
  endfacet
  facet normal 0 0 -1
    outer loop
      vertex -9.75503 13.5 0
      vertex 9.75503 13.5 0
      vertex -9.61881 13.2728 0
    endloop
  endfacet
  facet normal 0 0 -1
    outer loop
      vertex 9.75503 13.5 0
      vertex -9.75503 13.5 0
      vertex 9.91287 13.7129 0
    endloop
  endfacet
  facet normal 0 0 -1
    outer loop
      vertex -9.91287 13.7129 0
      vertex 9.91287 13.7129 0
      vertex -9.75503 13.5 0
    endloop
  endfacet
  facet normal 0 0 -1
    outer loop
      vertex -9.50552 13.0332 0
      vertex 0 7.3 0
      vertex -0.715525 7.26485 0
    endloop
  endfacet
  facet normal 0 0 -1
    outer loop
      vertex -9.41626 12.7838 0
      vertex -0.715525 7.26485 0
      vertex -1.42416 7.15973 0
    endloop
  endfacet
  facet normal 0 0 -1
    outer loop
      vertex -9.313 12.2646 0
      vertex -1.42416 7.15973 0
      vertex -2.11908 6.98566 0
    endloop
  endfacet
  facet normal 0 0 -1
    outer loop
      vertex -9.3 12 0
      vertex -2.11908 6.98566 0
      vertex -2.79359 6.74432 0
    endloop
  endfacet
  facet normal 0 0 -1
    outer loop
      vertex -9.3 12 0
      vertex -2.79359 6.74432 0
      vertex -3.4412 6.43802 0
    endloop
  endfacet
  facet normal 0 0 -1
    outer loop
      vertex -9.3 12 0
      vertex -3.4412 6.43802 0
      vertex -4.05566 6.06973 0
    endloop
  endfacet
  facet normal 0 0 -1
    outer loop
      vertex -10.2871 -9.91287 0
      vertex -5.16188 -5.16188 0
      vertex -10.0908 -10.0908 0
    endloop
  endfacet
  facet normal 0 0 -1
    outer loop
      vertex -7.3 0 0
      vertex -9.3 12 0
      vertex -7.26485 0.715525 0
    endloop
  endfacet
  facet normal 0 0 -1
    outer loop
      vertex -7.26485 0.715525 0
      vertex -9.3 12 0
      vertex -7.15973 1.42416 0
    endloop
  endfacet
  facet normal 0 0 -1
    outer loop
      vertex -9.3 12 0
      vertex -6.98566 2.11908 0
      vertex -7.15973 1.42416 0
    endloop
  endfacet
  facet normal 0 0 -1
    outer loop
      vertex -9.3 12 0
      vertex -6.74432 2.79359 0
      vertex -6.98566 2.11908 0
    endloop
  endfacet
  facet normal 0 0 -1
    outer loop
      vertex -9.3 12 0
      vertex -6.43802 3.4412 0
      vertex -6.74432 2.79359 0
    endloop
  endfacet
  facet normal 0 0 -1
    outer loop
      vertex -9.3 12 0
      vertex -6.06973 4.05566 0
      vertex -6.43802 3.4412 0
    endloop
  endfacet
  facet normal 0 0 -1
    outer loop
      vertex -9.3 12 0
      vertex -5.64298 4.63107 0
      vertex -6.06973 4.05566 0
    endloop
  endfacet
  facet normal 0 0 -1
    outer loop
      vertex -9.3 12 0
      vertex -5.16188 5.16188 0
      vertex -5.64298 4.63107 0
    endloop
  endfacet
  facet normal 0 0 -1
    outer loop
      vertex -9.3 12 0
      vertex -4.63107 5.64298 0
      vertex -5.16188 5.16188 0
    endloop
  endfacet
  facet normal 0 0 -1
    outer loop
      vertex -9.3 12 0
      vertex -4.05566 6.06973 0
      vertex -4.63107 5.64298 0
    endloop
  endfacet
  facet normal 0 0 -1
    outer loop
      vertex -2.11908 6.98566 0
      vertex -9.3 12 0
      vertex -9.313 12.2646 0
    endloop
  endfacet
  facet normal 0 0 -1
    outer loop
      vertex -1.42416 7.15973 0
      vertex -9.313 12.2646 0
      vertex -9.35188 12.5267 0
    endloop
  endfacet
  facet normal 0 0 -1
    outer loop
      vertex -1.42416 7.15973 0
      vertex -9.35188 12.5267 0
      vertex -9.41626 12.7838 0
    endloop
  endfacet
  facet normal 0 0 -1
    outer loop
      vertex -0.715525 7.26485 0
      vertex -9.41626 12.7838 0
      vertex -9.50552 13.0332 0
    endloop
  endfacet
  facet normal 0 0 -1
    outer loop
      vertex 0 7.3 0
      vertex -9.50552 13.0332 0
      vertex -9.61881 13.2728 0
    endloop
  endfacet
  facet normal 0 0 -1
    outer loop
      vertex 9.91287 13.7129 0
      vertex -9.91287 13.7129 0
      vertex 10.0908 13.9092 0
    endloop
  endfacet
  facet normal 0 0 -1
    outer loop
      vertex -10.0908 13.9092 0
      vertex 10.0908 13.9092 0
      vertex -9.91287 13.7129 0
    endloop
  endfacet
  facet normal 0 0 -1
    outer loop
      vertex 10.0908 13.9092 0
      vertex -10.0908 13.9092 0
      vertex 10.2871 14.0871 0
    endloop
  endfacet
  facet normal 0 0 -1
    outer loop
      vertex -10.2871 14.0871 0
      vertex 10.2871 14.0871 0
      vertex -10.0908 13.9092 0
    endloop
  endfacet
  facet normal 0 0 -1
    outer loop
      vertex -10.5 14.245 0
      vertex 10.2871 14.0871 0
      vertex -10.2871 14.0871 0
    endloop
  endfacet
  facet normal 0 0 -1
    outer loop
      vertex 10.5 14.245 0
      vertex -10.5 14.245 0
      vertex 14 17 0
    endloop
  endfacet
  facet normal 0 0 -1
    outer loop
      vertex -14 17 0
      vertex -10.5 14.245 0
      vertex -10.7272 14.3812 0
    endloop
  endfacet
  facet normal 0 0 -1
    outer loop
      vertex -14 17 0
      vertex -10.7272 14.3812 0
      vertex -10.9668 14.4945 0
    endloop
  endfacet
  facet normal 0 0 -1
    outer loop
      vertex -14 17 0
      vertex -10.9668 14.4945 0
      vertex -11.2162 14.5837 0
    endloop
  endfacet
  facet normal 0 0 -1
    outer loop
      vertex -14 17 0
      vertex -11.2162 14.5837 0
      vertex -11.4733 14.6481 0
    endloop
  endfacet
  facet normal 0 0 -1
    outer loop
      vertex -14 17 0
      vertex -11.4733 14.6481 0
      vertex -11.7354 14.687 0
    endloop
  endfacet
  facet normal 0 0 -1
    outer loop
      vertex -14 17 0
      vertex -11.7354 14.687 0
      vertex -12 14.7 0
    endloop
  endfacet
  facet normal 0 0 -1
    outer loop
      vertex -14 17 0
      vertex -12 14.7 0
      vertex -12.2646 14.687 0
    endloop
  endfacet
  facet normal 0 0 -1
    outer loop
      vertex -10.5 14.245 0
      vertex -14 17 0
      vertex 14 17 0
    endloop
  endfacet
  facet normal 0 0 -1
    outer loop
      vertex -12.5267 14.6481 0
      vertex -14 17 0
      vertex -12.2646 14.687 0
    endloop
  endfacet
  facet normal 0 0 -1
    outer loop
      vertex -12.7838 14.5837 0
      vertex -14 17 0
      vertex -12.5267 14.6481 0
    endloop
  endfacet
  facet normal 0 0 -1
    outer loop
      vertex -13.0332 14.4945 0
      vertex -14 17 0
      vertex -12.7838 14.5837 0
    endloop
  endfacet
  facet normal 0 0 -1
    outer loop
      vertex -13.2728 14.3812 0
      vertex -14 17 0
      vertex -13.0332 14.4945 0
    endloop
  endfacet
  facet normal 0 0 -1
    outer loop
      vertex -14.294 16.9855 0
      vertex -13.2728 14.3812 0
      vertex -13.5 14.245 0
    endloop
  endfacet
  facet normal 0 0 -1
    outer loop
      vertex -14.8708 16.8708 0
      vertex -13.5 14.245 0
      vertex -13.7129 14.0871 0
    endloop
  endfacet
  facet normal 0 0 -1
    outer loop
      vertex -15.6667 16.4944 0
      vertex -13.7129 14.0871 0
      vertex -13.9092 13.9092 0
    endloop
  endfacet
  facet normal 0 0 -1
    outer loop
      vertex -16.319 15.9032 0
      vertex -13.9092 13.9092 0
      vertex -14.0871 13.7129 0
    endloop
  endfacet
  facet normal 0 0 -1
    outer loop
      vertex -16.7716 15.148 0
      vertex -14.0871 13.7129 0
      vertex -14.245 13.5 0
    endloop
  endfacet
  facet normal 0 0 -1
    outer loop
      vertex -13.2728 14.3812 0
      vertex -14.294 16.9855 0
      vertex -14 17 0
    endloop
  endfacet
  facet normal 0 0 -1
    outer loop
      vertex -16.9855 14.294 0
      vertex -14.245 13.5 0
      vertex -14.3812 13.2728 0
    endloop
  endfacet
  facet normal 0 0 -1
    outer loop
      vertex -17 14 0
      vertex -14.3812 13.2728 0
      vertex -14.4945 13.0332 0
    endloop
  endfacet
  facet normal 0 0 -1
    outer loop
      vertex -17 14 0
      vertex -14.4945 13.0332 0
      vertex -14.5837 12.7838 0
    endloop
  endfacet
  facet normal 0 0 -1
    outer loop
      vertex -13.5 14.245 0
      vertex -14.5853 16.9424 0
      vertex -14.294 16.9855 0
    endloop
  endfacet
  facet normal 0 0 -1
    outer loop
      vertex -17 14 0
      vertex -14.5837 12.7838 0
      vertex -14.6481 12.5267 0
    endloop
  endfacet
  facet normal 0 0 -1
    outer loop
      vertex -17 14 0
      vertex -14.6481 12.5267 0
      vertex -14.687 12.2646 0
    endloop
  endfacet
  facet normal 0 0 -1
    outer loop
      vertex -17 14 0
      vertex -14.687 12.2646 0
      vertex -14.7 12 0
    endloop
  endfacet
  facet normal 0 0 -1
    outer loop
      vertex -13.5 14.245 0
      vertex -14.8708 16.8708 0
      vertex -14.5853 16.9424 0
    endloop
  endfacet
  facet normal 0 0 -1
    outer loop
      vertex -14.6481 11.4733 0
      vertex -17 14 0
      vertex -14.687 11.7354 0
    endloop
  endfacet
  facet normal 0 0 -1
    outer loop
      vertex -16.7716 -15.148 0
      vertex -14.0871 -13.7129 0
      vertex -16.6458 -15.4142 0
    endloop
  endfacet
  facet normal 0 0 -1
    outer loop
      vertex -14.687 11.7354 0
      vertex -17 14 0
      vertex -14.7 12 0
    endloop
  endfacet
  facet normal -0 0 -1
    outer loop
      vertex -14.0871 -13.7129 0
      vertex -16.7716 -15.148 0
      vertex -14.245 -13.5 0
    endloop
  endfacet
  facet normal 0 0 -1
    outer loop
      vertex -14.3812 13.2728 0
      vertex -17 14 0
      vertex -16.9855 14.294 0
    endloop
  endfacet
  facet normal 0 0 -1
    outer loop
      vertex -16.8708 -14.8708 0
      vertex -14.245 -13.5 0
      vertex -16.7716 -15.148 0
    endloop
  endfacet
  facet normal 0 0 -1
    outer loop
      vertex -13.7129 14.0871 0
      vertex -15.148 16.7716 0
      vertex -14.8708 16.8708 0
    endloop
  endfacet
  facet normal 0 0 -1
    outer loop
      vertex -16.9424 -14.5853 0
      vertex -14.245 -13.5 0
      vertex -16.8708 -14.8708 0
    endloop
  endfacet
  facet normal 0 0 -1
    outer loop
      vertex -13.7129 14.0871 0
      vertex -15.4142 16.6458 0
      vertex -15.148 16.7716 0
    endloop
  endfacet
  facet normal 0 0 -1
    outer loop
      vertex -16.9855 -14.294 0
      vertex -14.245 -13.5 0
      vertex -16.9424 -14.5853 0
    endloop
  endfacet
  facet normal 0 0 -1
    outer loop
      vertex -13.7129 14.0871 0
      vertex -15.6667 16.4944 0
      vertex -15.4142 16.6458 0
    endloop
  endfacet
  facet normal -0 0 -1
    outer loop
      vertex -14.245 -13.5 0
      vertex -16.9855 -14.294 0
      vertex -14.3812 -13.2728 0
    endloop
  endfacet
  facet normal 0 0 -1
    outer loop
      vertex -13.9092 13.9092 0
      vertex -15.9032 16.319 0
      vertex -15.6667 16.4944 0
    endloop
  endfacet
  facet normal 0 0 -1
    outer loop
      vertex -17 -14 0
      vertex -14.3812 -13.2728 0
      vertex -16.9855 -14.294 0
    endloop
  endfacet
  facet normal 0 0 -1
    outer loop
      vertex -13.9092 13.9092 0
      vertex -16.1213 16.1213 0
      vertex -15.9032 16.319 0
    endloop
  endfacet
  facet normal -0 0 -1
    outer loop
      vertex -14.3812 -13.2728 0
      vertex -17 -14 0
      vertex -14.4945 -13.0332 0
    endloop
  endfacet
  facet normal 0 0 -1
    outer loop
      vertex -13.9092 13.9092 0
      vertex -16.319 15.9032 0
      vertex -16.1213 16.1213 0
    endloop
  endfacet
  facet normal -0 0 -1
    outer loop
      vertex -14.4945 -13.0332 0
      vertex -17 -14 0
      vertex -14.5837 -12.7838 0
    endloop
  endfacet
  facet normal 0 0 -1
    outer loop
      vertex -14.0871 13.7129 0
      vertex -16.4944 15.6667 0
      vertex -16.319 15.9032 0
    endloop
  endfacet
  facet normal -0 0 -1
    outer loop
      vertex -14.5837 -12.7838 0
      vertex -17 -14 0
      vertex -14.6481 -12.5267 0
    endloop
  endfacet
  facet normal 0 0 -1
    outer loop
      vertex -14.0871 13.7129 0
      vertex -16.6458 15.4142 0
      vertex -16.4944 15.6667 0
    endloop
  endfacet
  facet normal -0 0 -1
    outer loop
      vertex -14.6481 -12.5267 0
      vertex -17 -14 0
      vertex -14.687 -12.2646 0
    endloop
  endfacet
  facet normal 0 0 -1
    outer loop
      vertex -14.0871 13.7129 0
      vertex -16.7716 15.148 0
      vertex -16.6458 15.4142 0
    endloop
  endfacet
  facet normal -0 0 -1
    outer loop
      vertex -14.687 -12.2646 0
      vertex -17 -14 0
      vertex -14.7 -12 0
    endloop
  endfacet
  facet normal 0 0 -1
    outer loop
      vertex -14.245 13.5 0
      vertex -16.8708 14.8708 0
      vertex -16.7716 15.148 0
    endloop
  endfacet
  facet normal 0 0 -1
    outer loop
      vertex -14.245 13.5 0
      vertex -16.9424 14.5853 0
      vertex -16.8708 14.8708 0
    endloop
  endfacet
  facet normal 0 0 -1
    outer loop
      vertex -14.245 13.5 0
      vertex -16.9855 14.294 0
      vertex -16.9424 14.5853 0
    endloop
  endfacet
  facet normal 0.803208 0.595699 0
    outer loop
      vertex 16.4944 15.6667 2
      vertex 16.319 15.9032 0
      vertex 16.319 15.9032 2
    endloop
  endfacet
  facet normal 0.803208 0.595699 0
    outer loop
      vertex 16.319 15.9032 0
      vertex 16.4944 15.6667 2
      vertex 16.4944 15.6667 0
    endloop
  endfacet
  facet normal 0.336939 0.941527 -0
    outer loop
      vertex 15.148 16.7716 0
      vertex 14.8708 16.8708 2
      vertex 15.148 16.7716 2
    endloop
  endfacet
  facet normal 0.336939 0.941527 0
    outer loop
      vertex 14.8708 16.8708 2
      vertex 15.148 16.7716 0
      vertex 14.8708 16.8708 0
    endloop
  endfacet
  facet normal 0.243255 0.969962 -0
    outer loop
      vertex 14.8708 16.8708 0
      vertex 14.5853 16.9424 2
      vertex 14.8708 16.8708 2
    endloop
  endfacet
  facet normal 0.243255 0.969962 0
    outer loop
      vertex 14.5853 16.9424 2
      vertex 14.8708 16.8708 0
      vertex 14.5853 16.9424 0
    endloop
  endfacet
  facet normal 0.427269 0.904125 -0
    outer loop
      vertex 15.4142 16.6458 0
      vertex 15.148 16.7716 2
      vertex 15.4142 16.6458 2
    endloop
  endfacet
  facet normal 0.427269 0.904125 0
    outer loop
      vertex 15.148 16.7716 2
      vertex 15.4142 16.6458 0
      vertex 15.148 16.7716 0
    endloop
  endfacet
  facet normal -0.243255 0.969962 0
    outer loop
      vertex -14.5853 16.9424 0
      vertex -14.8708 16.8708 2
      vertex -14.5853 16.9424 2
    endloop
  endfacet
  facet normal -0.243255 0.969962 0
    outer loop
      vertex -14.8708 16.8708 2
      vertex -14.5853 16.9424 0
      vertex -14.8708 16.8708 0
    endloop
  endfacet
  facet normal -0.740908 0.671607 0
    outer loop
      vertex -16.319 15.9032 0
      vertex -16.1213 16.1213 2
      vertex -16.1213 16.1213 0
    endloop
  endfacet
  facet normal -0.740908 0.671607 0
    outer loop
      vertex -16.1213 16.1213 2
      vertex -16.319 15.9032 0
      vertex -16.319 15.9032 2
    endloop
  endfacet
  facet normal -0.671607 0.740908 0
    outer loop
      vertex -15.9032 16.319 0
      vertex -16.1213 16.1213 2
      vertex -15.9032 16.319 2
    endloop
  endfacet
  facet normal -0.671607 0.740908 0
    outer loop
      vertex -16.1213 16.1213 2
      vertex -15.9032 16.319 0
      vertex -16.1213 16.1213 0
    endloop
  endfacet
  facet normal -0.803208 0.595699 0
    outer loop
      vertex -16.4944 15.6667 0
      vertex -16.319 15.9032 2
      vertex -16.319 15.9032 0
    endloop
  endfacet
  facet normal -0.803208 0.595699 0
    outer loop
      vertex -16.319 15.9032 2
      vertex -16.4944 15.6667 0
      vertex -16.4944 15.6667 2
    endloop
  endfacet
  facet normal -0.969962 0.243255 0
    outer loop
      vertex -16.9424 14.5853 0
      vertex -16.8708 14.8708 2
      vertex -16.8708 14.8708 0
    endloop
  endfacet
  facet normal -0.969962 0.243255 0
    outer loop
      vertex -16.8708 14.8708 2
      vertex -16.9424 14.5853 0
      vertex -16.9424 14.5853 2
    endloop
  endfacet
  facet normal -0.989231 0.146364 0
    outer loop
      vertex -16.9855 14.294 0
      vertex -16.9424 14.5853 2
      vertex -16.9424 14.5853 0
    endloop
  endfacet
  facet normal -0.989231 0.146364 0
    outer loop
      vertex -16.9424 14.5853 2
      vertex -16.9855 14.294 0
      vertex -16.9855 14.294 2
    endloop
  endfacet
  facet normal -0.941527 0.336939 0
    outer loop
      vertex -16.8708 14.8708 0
      vertex -16.7716 15.148 2
      vertex -16.7716 15.148 0
    endloop
  endfacet
  facet normal -0.941527 0.336939 0
    outer loop
      vertex -16.7716 15.148 2
      vertex -16.8708 14.8708 0
      vertex -16.8708 14.8708 2
    endloop
  endfacet
  facet normal -0.998786 -0.0492599 0
    outer loop
      vertex -16.9855 -14.294 0
      vertex -17 -14 2
      vertex -17 -14 0
    endloop
  endfacet
  facet normal -0.998786 -0.0492599 0
    outer loop
      vertex -17 -14 2
      vertex -16.9855 -14.294 0
      vertex -16.9855 -14.294 2
    endloop
  endfacet
  facet normal -0.969962 -0.243255 0
    outer loop
      vertex -16.8708 -14.8708 0
      vertex -16.9424 -14.5853 2
      vertex -16.9424 -14.5853 0
    endloop
  endfacet
  facet normal -0.969962 -0.243255 0
    outer loop
      vertex -16.9424 -14.5853 2
      vertex -16.8708 -14.8708 0
      vertex -16.8708 -14.8708 2
    endloop
  endfacet
  facet normal 0.989231 0.146364 0
    outer loop
      vertex 16.9855 14.294 2
      vertex 16.9424 14.5853 0
      vertex 16.9424 14.5853 2
    endloop
  endfacet
  facet normal 0.989231 0.146364 0
    outer loop
      vertex 16.9424 14.5853 0
      vertex 16.9855 14.294 2
      vertex 16.9855 14.294 0
    endloop
  endfacet
  facet normal 0.740908 -0.671607 0
    outer loop
      vertex 16.1213 -16.1213 2
      vertex 16.319 -15.9032 0
      vertex 16.319 -15.9032 2
    endloop
  endfacet
  facet normal 0.740908 -0.671607 0
    outer loop
      vertex 16.319 -15.9032 0
      vertex 16.1213 -16.1213 2
      vertex 16.1213 -16.1213 0
    endloop
  endfacet
  facet normal 0.857643 -0.514246 0
    outer loop
      vertex 16.4944 -15.6667 2
      vertex 16.6458 -15.4142 0
      vertex 16.6458 -15.4142 2
    endloop
  endfacet
  facet normal 0.857643 -0.514246 0
    outer loop
      vertex 16.6458 -15.4142 0
      vertex 16.4944 -15.6667 2
      vertex 16.4944 -15.6667 0
    endloop
  endfacet
  facet normal 0.989231 -0.146364 0
    outer loop
      vertex 16.9424 -14.5853 2
      vertex 16.9855 -14.294 0
      vertex 16.9855 -14.294 2
    endloop
  endfacet
  facet normal 0.989231 -0.146364 0
    outer loop
      vertex 16.9855 -14.294 0
      vertex 16.9424 -14.5853 2
      vertex 16.9424 -14.5853 0
    endloop
  endfacet
  facet normal 0.941527 -0.336939 0
    outer loop
      vertex 16.7716 -15.148 2
      vertex 16.8708 -14.8708 0
      vertex 16.8708 -14.8708 2
    endloop
  endfacet
  facet normal 0.941527 -0.336939 0
    outer loop
      vertex 16.8708 -14.8708 0
      vertex 16.7716 -15.148 2
      vertex 16.7716 -15.148 0
    endloop
  endfacet
  facet normal 0.998786 0.0492599 0
    outer loop
      vertex 17 14 2
      vertex 16.9855 14.294 0
      vertex 16.9855 14.294 2
    endloop
  endfacet
  facet normal 0.998786 0.0492599 0
    outer loop
      vertex 16.9855 14.294 0
      vertex 17 14 2
      vertex 17 14 0
    endloop
  endfacet
  facet normal 0.969962 0.243255 0
    outer loop
      vertex 16.9424 14.5853 2
      vertex 16.8708 14.8708 0
      vertex 16.8708 14.8708 2
    endloop
  endfacet
  facet normal 0.969962 0.243255 0
    outer loop
      vertex 16.8708 14.8708 0
      vertex 16.9424 14.5853 2
      vertex 16.9424 14.5853 0
    endloop
  endfacet
  facet normal -0.243255 -0.969962 0
    outer loop
      vertex -14.8708 -16.8708 0
      vertex -14.5853 -16.9424 2
      vertex -14.8708 -16.8708 2
    endloop
  endfacet
  facet normal -0.243255 -0.969962 -0
    outer loop
      vertex -14.5853 -16.9424 2
      vertex -14.8708 -16.8708 0
      vertex -14.5853 -16.9424 0
    endloop
  endfacet
  facet normal -0.857643 -0.514246 0
    outer loop
      vertex -16.4944 -15.6667 0
      vertex -16.6458 -15.4142 2
      vertex -16.6458 -15.4142 0
    endloop
  endfacet
  facet normal -0.857643 -0.514246 0
    outer loop
      vertex -16.6458 -15.4142 2
      vertex -16.4944 -15.6667 0
      vertex -16.4944 -15.6667 2
    endloop
  endfacet
  facet normal 0.857643 0.514246 0
    outer loop
      vertex 16.6458 15.4142 2
      vertex 16.4944 15.6667 0
      vertex 16.4944 15.6667 2
    endloop
  endfacet
  facet normal 0.857643 0.514246 0
    outer loop
      vertex 16.4944 15.6667 0
      vertex 16.6458 15.4142 2
      vertex 16.6458 15.4142 0
    endloop
  endfacet
  facet normal 0.904125 0.427269 0
    outer loop
      vertex 16.7716 15.148 2
      vertex 16.6458 15.4142 0
      vertex 16.6458 15.4142 2
    endloop
  endfacet
  facet normal 0.904125 0.427269 0
    outer loop
      vertex 16.6458 15.4142 0
      vertex 16.7716 15.148 2
      vertex 16.7716 15.148 0
    endloop
  endfacet
  facet normal 0.671607 0.740908 -0
    outer loop
      vertex 16.1213 16.1213 0
      vertex 15.9032 16.319 2
      vertex 16.1213 16.1213 2
    endloop
  endfacet
  facet normal 0.671607 0.740908 0
    outer loop
      vertex 15.9032 16.319 2
      vertex 16.1213 16.1213 0
      vertex 15.9032 16.319 0
    endloop
  endfacet
  facet normal 0.740908 0.671607 0
    outer loop
      vertex 16.319 15.9032 2
      vertex 16.1213 16.1213 0
      vertex 16.1213 16.1213 2
    endloop
  endfacet
  facet normal 0.740908 0.671607 0
    outer loop
      vertex 16.1213 16.1213 0
      vertex 16.319 15.9032 2
      vertex 16.319 15.9032 0
    endloop
  endfacet
  facet normal 0.146364 0.989231 -0
    outer loop
      vertex 14.5853 16.9424 0
      vertex 14.294 16.9855 2
      vertex 14.5853 16.9424 2
    endloop
  endfacet
  facet normal 0.146364 0.989231 0
    outer loop
      vertex 14.294 16.9855 2
      vertex 14.5853 16.9424 0
      vertex 14.294 16.9855 0
    endloop
  endfacet
  facet normal 0.514246 0.857643 -0
    outer loop
      vertex 15.6667 16.4944 0
      vertex 15.4142 16.6458 2
      vertex 15.6667 16.4944 2
    endloop
  endfacet
  facet normal 0.514246 0.857643 0
    outer loop
      vertex 15.4142 16.6458 2
      vertex 15.6667 16.4944 0
      vertex 15.4142 16.6458 0
    endloop
  endfacet
  facet normal -0.427269 0.904125 0
    outer loop
      vertex -15.148 16.7716 0
      vertex -15.4142 16.6458 2
      vertex -15.148 16.7716 2
    endloop
  endfacet
  facet normal -0.427269 0.904125 0
    outer loop
      vertex -15.4142 16.6458 2
      vertex -15.148 16.7716 0
      vertex -15.4142 16.6458 0
    endloop
  endfacet
  facet normal -0.146364 0.989231 0
    outer loop
      vertex -14.294 16.9855 0
      vertex -14.5853 16.9424 2
      vertex -14.294 16.9855 2
    endloop
  endfacet
  facet normal -0.146364 0.989231 0
    outer loop
      vertex -14.5853 16.9424 2
      vertex -14.294 16.9855 0
      vertex -14.5853 16.9424 0
    endloop
  endfacet
  facet normal -0.0492599 0.998786 0
    outer loop
      vertex -14 17 0
      vertex -14.294 16.9855 2
      vertex -14 17 2
    endloop
  endfacet
  facet normal -0.0492599 0.998786 0
    outer loop
      vertex -14.294 16.9855 2
      vertex -14 17 0
      vertex -14.294 16.9855 0
    endloop
  endfacet
  facet normal -0.514246 0.857643 0
    outer loop
      vertex -15.4142 16.6458 0
      vertex -15.6667 16.4944 2
      vertex -15.4142 16.6458 2
    endloop
  endfacet
  facet normal -0.514246 0.857643 0
    outer loop
      vertex -15.6667 16.4944 2
      vertex -15.4142 16.6458 0
      vertex -15.6667 16.4944 0
    endloop
  endfacet
  facet normal -0.857643 0.514246 0
    outer loop
      vertex -16.6458 15.4142 0
      vertex -16.4944 15.6667 2
      vertex -16.4944 15.6667 0
    endloop
  endfacet
  facet normal -0.857643 0.514246 0
    outer loop
      vertex -16.4944 15.6667 2
      vertex -16.6458 15.4142 0
      vertex -16.6458 15.4142 2
    endloop
  endfacet
  facet normal -0.989231 -0.146364 0
    outer loop
      vertex -16.9424 -14.5853 0
      vertex -16.9855 -14.294 2
      vertex -16.9855 -14.294 0
    endloop
  endfacet
  facet normal -0.989231 -0.146364 0
    outer loop
      vertex -16.9855 -14.294 2
      vertex -16.9424 -14.5853 0
      vertex -16.9424 -14.5853 2
    endloop
  endfacet
  facet normal 0.803208 -0.595699 0
    outer loop
      vertex 16.319 -15.9032 2
      vertex 16.4944 -15.6667 0
      vertex 16.4944 -15.6667 2
    endloop
  endfacet
  facet normal 0.803208 -0.595699 0
    outer loop
      vertex 16.4944 -15.6667 0
      vertex 16.319 -15.9032 2
      vertex 16.319 -15.9032 0
    endloop
  endfacet
  facet normal 0.904125 -0.427269 0
    outer loop
      vertex 16.6458 -15.4142 2
      vertex 16.7716 -15.148 0
      vertex 16.7716 -15.148 2
    endloop
  endfacet
  facet normal 0.904125 -0.427269 0
    outer loop
      vertex 16.7716 -15.148 0
      vertex 16.6458 -15.4142 2
      vertex 16.6458 -15.4142 0
    endloop
  endfacet
  facet normal 0.998786 -0.0492599 0
    outer loop
      vertex 16.9855 -14.294 2
      vertex 17 -14 0
      vertex 17 -14 2
    endloop
  endfacet
  facet normal 0.998786 -0.0492599 0
    outer loop
      vertex 17 -14 0
      vertex 16.9855 -14.294 2
      vertex 16.9855 -14.294 0
    endloop
  endfacet
  facet normal 0.969962 -0.243255 0
    outer loop
      vertex 16.8708 -14.8708 2
      vertex 16.9424 -14.5853 0
      vertex 16.9424 -14.5853 2
    endloop
  endfacet
  facet normal 0.969962 -0.243255 0
    outer loop
      vertex 16.9424 -14.5853 0
      vertex 16.8708 -14.8708 2
      vertex 16.8708 -14.8708 0
    endloop
  endfacet
  facet normal 0.0492599 -0.998786 0
    outer loop
      vertex 14 -17 0
      vertex 14.294 -16.9855 2
      vertex 14 -17 2
    endloop
  endfacet
  facet normal 0.0492599 -0.998786 0
    outer loop
      vertex 14.294 -16.9855 2
      vertex 14 -17 0
      vertex 14.294 -16.9855 0
    endloop
  endfacet
  facet normal 0.146364 -0.989231 0
    outer loop
      vertex 14.294 -16.9855 0
      vertex 14.5853 -16.9424 2
      vertex 14.294 -16.9855 2
    endloop
  endfacet
  facet normal 0.146364 -0.989231 0
    outer loop
      vertex 14.5853 -16.9424 2
      vertex 14.294 -16.9855 0
      vertex 14.5853 -16.9424 0
    endloop
  endfacet
  facet normal 0.243255 -0.969962 0
    outer loop
      vertex 14.5853 -16.9424 0
      vertex 14.8708 -16.8708 2
      vertex 14.5853 -16.9424 2
    endloop
  endfacet
  facet normal 0.243255 -0.969962 0
    outer loop
      vertex 14.8708 -16.8708 2
      vertex 14.5853 -16.9424 0
      vertex 14.8708 -16.8708 0
    endloop
  endfacet
  facet normal 0.514246 -0.857643 0
    outer loop
      vertex 15.4142 -16.6458 0
      vertex 15.6667 -16.4944 2
      vertex 15.4142 -16.6458 2
    endloop
  endfacet
  facet normal 0.514246 -0.857643 0
    outer loop
      vertex 15.6667 -16.4944 2
      vertex 15.4142 -16.6458 0
      vertex 15.6667 -16.4944 0
    endloop
  endfacet
  facet normal 0.427269 -0.904125 0
    outer loop
      vertex 15.148 -16.7716 0
      vertex 15.4142 -16.6458 2
      vertex 15.148 -16.7716 2
    endloop
  endfacet
  facet normal 0.427269 -0.904125 0
    outer loop
      vertex 15.4142 -16.6458 2
      vertex 15.148 -16.7716 0
      vertex 15.4142 -16.6458 0
    endloop
  endfacet
  facet normal 0.595699 -0.803208 0
    outer loop
      vertex 15.6667 -16.4944 0
      vertex 15.9032 -16.319 2
      vertex 15.6667 -16.4944 2
    endloop
  endfacet
  facet normal 0.595699 -0.803208 0
    outer loop
      vertex 15.9032 -16.319 2
      vertex 15.6667 -16.4944 0
      vertex 15.9032 -16.319 0
    endloop
  endfacet
  facet normal -0.336939 -0.941527 0
    outer loop
      vertex -15.148 -16.7716 0
      vertex -14.8708 -16.8708 2
      vertex -15.148 -16.7716 2
    endloop
  endfacet
  facet normal -0.336939 -0.941527 -0
    outer loop
      vertex -14.8708 -16.8708 2
      vertex -15.148 -16.7716 0
      vertex -14.8708 -16.8708 0
    endloop
  endfacet
  facet normal -0.514246 -0.857643 0
    outer loop
      vertex -15.6667 -16.4944 0
      vertex -15.4142 -16.6458 2
      vertex -15.6667 -16.4944 2
    endloop
  endfacet
  facet normal -0.514246 -0.857643 -0
    outer loop
      vertex -15.4142 -16.6458 2
      vertex -15.6667 -16.4944 0
      vertex -15.4142 -16.6458 0
    endloop
  endfacet
  facet normal -0.427269 -0.904125 0
    outer loop
      vertex -15.4142 -16.6458 0
      vertex -15.148 -16.7716 2
      vertex -15.4142 -16.6458 2
    endloop
  endfacet
  facet normal -0.427269 -0.904125 -0
    outer loop
      vertex -15.148 -16.7716 2
      vertex -15.4142 -16.6458 0
      vertex -15.148 -16.7716 0
    endloop
  endfacet
  facet normal -0.146364 -0.989231 0
    outer loop
      vertex -14.5853 -16.9424 0
      vertex -14.294 -16.9855 2
      vertex -14.5853 -16.9424 2
    endloop
  endfacet
  facet normal -0.146364 -0.989231 -0
    outer loop
      vertex -14.294 -16.9855 2
      vertex -14.5853 -16.9424 0
      vertex -14.294 -16.9855 0
    endloop
  endfacet
  facet normal -0.595699 -0.803208 0
    outer loop
      vertex -15.9032 -16.319 0
      vertex -15.6667 -16.4944 2
      vertex -15.9032 -16.319 2
    endloop
  endfacet
  facet normal -0.595699 -0.803208 -0
    outer loop
      vertex -15.6667 -16.4944 2
      vertex -15.9032 -16.319 0
      vertex -15.6667 -16.4944 0
    endloop
  endfacet
  facet normal -0.740908 -0.671607 0
    outer loop
      vertex -16.1213 -16.1213 0
      vertex -16.319 -15.9032 2
      vertex -16.319 -15.9032 0
    endloop
  endfacet
  facet normal -0.740908 -0.671607 0
    outer loop
      vertex -16.319 -15.9032 2
      vertex -16.1213 -16.1213 0
      vertex -16.1213 -16.1213 2
    endloop
  endfacet
  facet normal -0.671607 -0.740908 0
    outer loop
      vertex -16.1213 -16.1213 0
      vertex -15.9032 -16.319 2
      vertex -16.1213 -16.1213 2
    endloop
  endfacet
  facet normal -0.671607 -0.740908 -0
    outer loop
      vertex -15.9032 -16.319 2
      vertex -16.1213 -16.1213 0
      vertex -15.9032 -16.319 0
    endloop
  endfacet
  facet normal -0.803208 -0.595699 0
    outer loop
      vertex -16.319 -15.9032 0
      vertex -16.4944 -15.6667 2
      vertex -16.4944 -15.6667 0
    endloop
  endfacet
  facet normal -0.803208 -0.595699 0
    outer loop
      vertex -16.4944 -15.6667 2
      vertex -16.319 -15.9032 0
      vertex -16.319 -15.9032 2
    endloop
  endfacet
  facet normal -0.336939 0.941527 0
    outer loop
      vertex -14.8708 16.8708 0
      vertex -15.148 16.7716 2
      vertex -14.8708 16.8708 2
    endloop
  endfacet
  facet normal -0.336939 0.941527 0
    outer loop
      vertex -15.148 16.7716 2
      vertex -14.8708 16.8708 0
      vertex -15.148 16.7716 0
    endloop
  endfacet
  facet normal 0.336939 -0.941527 0
    outer loop
      vertex 14.8708 -16.8708 0
      vertex 15.148 -16.7716 2
      vertex 14.8708 -16.8708 2
    endloop
  endfacet
  facet normal 0.336939 -0.941527 0
    outer loop
      vertex 15.148 -16.7716 2
      vertex 14.8708 -16.8708 0
      vertex 15.148 -16.7716 0
    endloop
  endfacet
  facet normal -0.0492599 -0.998786 0
    outer loop
      vertex -14.294 -16.9855 0
      vertex -14 -17 2
      vertex -14.294 -16.9855 2
    endloop
  endfacet
  facet normal -0.0492599 -0.998786 -0
    outer loop
      vertex -14 -17 2
      vertex -14.294 -16.9855 0
      vertex -14 -17 0
    endloop
  endfacet
  facet normal -0.998796 -0.0490656 0
    outer loop
      vertex 7.3 0 0
      vertex 7.26485 0.715525 2
      vertex 7.26485 0.715525 0
    endloop
  endfacet
  facet normal -0.998796 -0.0490656 0
    outer loop
      vertex 7.26485 0.715525 2
      vertex 7.3 0 0
      vertex 7.3 0 2
    endloop
  endfacet
  facet normal 0.998796 -0.0490656 0
    outer loop
      vertex -7.3 0 2
      vertex -7.26485 0.715525 0
      vertex -7.26485 0.715525 2
    endloop
  endfacet
  facet normal 0.998796 -0.0490656 0
    outer loop
      vertex -7.26485 0.715525 0
      vertex -7.3 0 2
      vertex -7.3 0 0
    endloop
  endfacet
  facet normal -0.0490656 -0.998796 0
    outer loop
      vertex 0 7.3 0
      vertex 0.715525 7.26485 2
      vertex 0 7.3 2
    endloop
  endfacet
  facet normal -0.0490656 -0.998796 -0
    outer loop
      vertex 0.715525 7.26485 2
      vertex 0 7.3 0
      vertex 0.715525 7.26485 0
    endloop
  endfacet
  facet normal -0.67156 -0.74095 0
    outer loop
      vertex 4.63107 5.64298 0
      vertex 5.16188 5.16188 2
      vertex 4.63107 5.64298 2
    endloop
  endfacet
  facet normal -0.67156 -0.74095 -0
    outer loop
      vertex 5.16188 5.16188 2
      vertex 4.63107 5.64298 0
      vertex 5.16188 5.16188 0
    endloop
  endfacet
  facet normal 0.67156 -0.74095 0
    outer loop
      vertex -5.16188 5.16188 0
      vertex -4.63107 5.64298 2
      vertex -5.16188 5.16188 2
    endloop
  endfacet
  facet normal 0.67156 -0.74095 0
    outer loop
      vertex -4.63107 5.64298 2
      vertex -5.16188 5.16188 0
      vertex -4.63107 5.64298 0
    endloop
  endfacet
  facet normal 0.336885 -0.941546 0
    outer loop
      vertex -2.79359 6.74432 0
      vertex -2.11908 6.98566 2
      vertex -2.79359 6.74432 2
    endloop
  endfacet
  facet normal 0.336885 -0.941546 0
    outer loop
      vertex -2.11908 6.98566 2
      vertex -2.79359 6.74432 0
      vertex -2.11908 6.98566 0
    endloop
  endfacet
  facet normal 0.970031 0.242982 0
    outer loop
      vertex -6.98566 -2.11908 2
      vertex -7.15973 -1.42416 0
      vertex -7.15973 -1.42416 2
    endloop
  endfacet
  facet normal 0.970031 0.242982 0
    outer loop
      vertex -7.15973 -1.42416 0
      vertex -6.98566 -2.11908 2
      vertex -6.98566 -2.11908 0
    endloop
  endfacet
  facet normal -0.903988 -0.427559 0
    outer loop
      vertex 6.74432 2.79359 0
      vertex 6.43802 3.4412 2
      vertex 6.43802 3.4412 0
    endloop
  endfacet
  facet normal -0.903988 -0.427559 0
    outer loop
      vertex 6.43802 3.4412 2
      vertex 6.74432 2.79359 0
      vertex 6.74432 2.79359 2
    endloop
  endfacet
  facet normal -0.336885 -0.941546 0
    outer loop
      vertex 2.11908 6.98566 0
      vertex 2.79359 6.74432 2
      vertex 2.11908 6.98566 2
    endloop
  endfacet
  facet normal -0.336885 -0.941546 -0
    outer loop
      vertex 2.79359 6.74432 2
      vertex 2.11908 6.98566 0
      vertex 2.79359 6.74432 0
    endloop
  endfacet
  facet normal 0.857731 -0.5141 0
    outer loop
      vertex -6.43802 3.4412 2
      vertex -6.06973 4.05566 0
      vertex -6.06973 4.05566 2
    endloop
  endfacet
  facet normal 0.857731 -0.5141 0
    outer loop
      vertex -6.06973 4.05566 0
      vertex -6.43802 3.4412 2
      vertex -6.43802 3.4412 0
    endloop
  endfacet
  facet normal 0.80321 -0.595696 0
    outer loop
      vertex -6.06973 4.05566 2
      vertex -5.64298 4.63107 0
      vertex -5.64298 4.63107 2
    endloop
  endfacet
  facet normal 0.80321 -0.595696 0
    outer loop
      vertex -5.64298 4.63107 0
      vertex -6.06973 4.05566 2
      vertex -6.06973 4.05566 0
    endloop
  endfacet
  facet normal 0.146736 -0.989176 0
    outer loop
      vertex -1.42416 7.15973 0
      vertex -0.715525 7.26485 2
      vertex -1.42416 7.15973 2
    endloop
  endfacet
  facet normal 0.146736 -0.989176 0
    outer loop
      vertex -0.715525 7.26485 2
      vertex -1.42416 7.15973 0
      vertex -0.715525 7.26485 0
    endloop
  endfacet
  facet normal -0.903988 0.427559 0
    outer loop
      vertex 6.43802 -3.4412 0
      vertex 6.74432 -2.79359 2
      vertex 6.74432 -2.79359 0
    endloop
  endfacet
  facet normal -0.903988 0.427559 0
    outer loop
      vertex 6.74432 -2.79359 2
      vertex 6.43802 -3.4412 0
      vertex 6.43802 -3.4412 2
    endloop
  endfacet
  facet normal -0.242982 0.970031 0
    outer loop
      vertex 2.11908 -6.98566 0
      vertex 1.42416 -7.15973 2
      vertex 2.11908 -6.98566 2
    endloop
  endfacet
  facet normal -0.242982 0.970031 0
    outer loop
      vertex 1.42416 -7.15973 2
      vertex 2.11908 -6.98566 0
      vertex 1.42416 -7.15973 0
    endloop
  endfacet
  facet normal -0.67156 0.74095 0
    outer loop
      vertex 5.16188 -5.16188 0
      vertex 4.63107 -5.64298 2
      vertex 5.16188 -5.16188 2
    endloop
  endfacet
  facet normal -0.67156 0.74095 0
    outer loop
      vertex 4.63107 -5.64298 2
      vertex 5.16188 -5.16188 0
      vertex 4.63107 -5.64298 0
    endloop
  endfacet
  facet normal -0.970031 0.242982 0
    outer loop
      vertex 6.98566 -2.11908 0
      vertex 7.15973 -1.42416 2
      vertex 7.15973 -1.42416 0
    endloop
  endfacet
  facet normal -0.970031 0.242982 0
    outer loop
      vertex 7.15973 -1.42416 2
      vertex 6.98566 -2.11908 0
      vertex 6.98566 -2.11908 2
    endloop
  endfacet
  facet normal 0.336885 0.941546 -0
    outer loop
      vertex -2.11908 -6.98566 0
      vertex -2.79359 -6.74432 2
      vertex -2.11908 -6.98566 2
    endloop
  endfacet
  facet normal 0.336885 0.941546 0
    outer loop
      vertex -2.79359 -6.74432 2
      vertex -2.11908 -6.98566 0
      vertex -2.79359 -6.74432 0
    endloop
  endfacet
  facet normal 0.74095 0.67156 0
    outer loop
      vertex -5.16188 -5.16188 2
      vertex -5.64298 -4.63107 0
      vertex -5.64298 -4.63107 2
    endloop
  endfacet
  facet normal 0.74095 0.67156 0
    outer loop
      vertex -5.64298 -4.63107 0
      vertex -5.16188 -5.16188 2
      vertex -5.16188 -5.16188 0
    endloop
  endfacet
  facet normal 0.80321 0.595696 0
    outer loop
      vertex -5.64298 -4.63107 2
      vertex -6.06973 -4.05566 0
      vertex -6.06973 -4.05566 2
    endloop
  endfacet
  facet normal 0.80321 0.595696 0
    outer loop
      vertex -6.06973 -4.05566 0
      vertex -5.64298 -4.63107 2
      vertex -5.64298 -4.63107 0
    endloop
  endfacet
  facet normal -0.970031 -0.242982 0
    outer loop
      vertex 7.15973 1.42416 0
      vertex 6.98566 2.11908 2
      vertex 6.98566 2.11908 0
    endloop
  endfacet
  facet normal -0.970031 -0.242982 0
    outer loop
      vertex 6.98566 2.11908 2
      vertex 7.15973 1.42416 0
      vertex 7.15973 1.42416 2
    endloop
  endfacet
  facet normal -0.989176 -0.146736 0
    outer loop
      vertex 7.26485 0.715525 0
      vertex 7.15973 1.42416 2
      vertex 7.15973 1.42416 0
    endloop
  endfacet
  facet normal -0.989176 -0.146736 0
    outer loop
      vertex 7.15973 1.42416 2
      vertex 7.26485 0.715525 0
      vertex 7.26485 0.715525 2
    endloop
  endfacet
  facet normal -0.941546 -0.336885 0
    outer loop
      vertex 6.98566 2.11908 0
      vertex 6.74432 2.79359 2
      vertex 6.74432 2.79359 0
    endloop
  endfacet
  facet normal -0.941546 -0.336885 0
    outer loop
      vertex 6.74432 2.79359 2
      vertex 6.98566 2.11908 0
      vertex 6.98566 2.11908 2
    endloop
  endfacet
  facet normal -0.80321 -0.595696 0
    outer loop
      vertex 6.06973 4.05566 0
      vertex 5.64298 4.63107 2
      vertex 5.64298 4.63107 0
    endloop
  endfacet
  facet normal -0.80321 -0.595696 0
    outer loop
      vertex 5.64298 4.63107 2
      vertex 6.06973 4.05566 0
      vertex 6.06973 4.05566 2
    endloop
  endfacet
  facet normal -0.857731 -0.5141 0
    outer loop
      vertex 6.43802 3.4412 0
      vertex 6.06973 4.05566 2
      vertex 6.06973 4.05566 0
    endloop
  endfacet
  facet normal -0.857731 -0.5141 0
    outer loop
      vertex 6.06973 4.05566 2
      vertex 6.43802 3.4412 0
      vertex 6.43802 3.4412 2
    endloop
  endfacet
  facet normal -0.146736 -0.989176 0
    outer loop
      vertex 0.715525 7.26485 0
      vertex 1.42416 7.15973 2
      vertex 0.715525 7.26485 2
    endloop
  endfacet
  facet normal -0.146736 -0.989176 -0
    outer loop
      vertex 1.42416 7.15973 2
      vertex 0.715525 7.26485 0
      vertex 1.42416 7.15973 0
    endloop
  endfacet
  facet normal -0.5141 -0.857731 0
    outer loop
      vertex 3.4412 6.43802 0
      vertex 4.05566 6.06973 2
      vertex 3.4412 6.43802 2
    endloop
  endfacet
  facet normal -0.5141 -0.857731 -0
    outer loop
      vertex 4.05566 6.06973 2
      vertex 3.4412 6.43802 0
      vertex 4.05566 6.06973 0
    endloop
  endfacet
  facet normal -0.595696 -0.80321 0
    outer loop
      vertex 4.05566 6.06973 0
      vertex 4.63107 5.64298 2
      vertex 4.05566 6.06973 2
    endloop
  endfacet
  facet normal -0.595696 -0.80321 -0
    outer loop
      vertex 4.63107 5.64298 2
      vertex 4.05566 6.06973 0
      vertex 4.63107 5.64298 0
    endloop
  endfacet
  facet normal 0.970031 -0.242982 0
    outer loop
      vertex -7.15973 1.42416 2
      vertex -6.98566 2.11908 0
      vertex -6.98566 2.11908 2
    endloop
  endfacet
  facet normal 0.970031 -0.242982 0
    outer loop
      vertex -6.98566 2.11908 0
      vertex -7.15973 1.42416 2
      vertex -7.15973 1.42416 0
    endloop
  endfacet
  facet normal 0.903988 -0.427559 0
    outer loop
      vertex -6.74432 2.79359 2
      vertex -6.43802 3.4412 0
      vertex -6.43802 3.4412 2
    endloop
  endfacet
  facet normal 0.903988 -0.427559 0
    outer loop
      vertex -6.43802 3.4412 0
      vertex -6.74432 2.79359 2
      vertex -6.74432 2.79359 0
    endloop
  endfacet
  facet normal 0.989176 -0.146736 0
    outer loop
      vertex -7.26485 0.715525 2
      vertex -7.15973 1.42416 0
      vertex -7.15973 1.42416 2
    endloop
  endfacet
  facet normal 0.989176 -0.146736 0
    outer loop
      vertex -7.15973 1.42416 0
      vertex -7.26485 0.715525 2
      vertex -7.26485 0.715525 0
    endloop
  endfacet
  facet normal 0.427559 -0.903988 0
    outer loop
      vertex -3.4412 6.43802 0
      vertex -2.79359 6.74432 2
      vertex -3.4412 6.43802 2
    endloop
  endfacet
  facet normal 0.427559 -0.903988 0
    outer loop
      vertex -2.79359 6.74432 2
      vertex -3.4412 6.43802 0
      vertex -2.79359 6.74432 0
    endloop
  endfacet
  facet normal 0.5141 -0.857731 0
    outer loop
      vertex -4.05566 6.06973 0
      vertex -3.4412 6.43802 2
      vertex -4.05566 6.06973 2
    endloop
  endfacet
  facet normal 0.5141 -0.857731 0
    outer loop
      vertex -3.4412 6.43802 2
      vertex -4.05566 6.06973 0
      vertex -3.4412 6.43802 0
    endloop
  endfacet
  facet normal 0.242982 -0.970031 0
    outer loop
      vertex -2.11908 6.98566 0
      vertex -1.42416 7.15973 2
      vertex -2.11908 6.98566 2
    endloop
  endfacet
  facet normal 0.242982 -0.970031 0
    outer loop
      vertex -1.42416 7.15973 2
      vertex -2.11908 6.98566 0
      vertex -1.42416 7.15973 0
    endloop
  endfacet
  facet normal 0.0490656 -0.998796 0
    outer loop
      vertex -0.715525 7.26485 0
      vertex 0 7.3 2
      vertex -0.715525 7.26485 2
    endloop
  endfacet
  facet normal 0.0490656 -0.998796 0
    outer loop
      vertex 0 7.3 2
      vertex -0.715525 7.26485 0
      vertex 0 7.3 0
    endloop
  endfacet
  facet normal -0.998796 0.0490656 0
    outer loop
      vertex 7.26485 -0.715525 0
      vertex 7.3 0 2
      vertex 7.3 0 0
    endloop
  endfacet
  facet normal -0.998796 0.0490656 0
    outer loop
      vertex 7.3 0 2
      vertex 7.26485 -0.715525 0
      vertex 7.26485 -0.715525 2
    endloop
  endfacet
  facet normal -0.0490656 0.998796 0
    outer loop
      vertex 0.715525 -7.26485 0
      vertex 0 -7.3 2
      vertex 0.715525 -7.26485 2
    endloop
  endfacet
  facet normal -0.0490656 0.998796 0
    outer loop
      vertex 0 -7.3 2
      vertex 0.715525 -7.26485 0
      vertex 0 -7.3 0
    endloop
  endfacet
  facet normal -0.427559 0.903988 0
    outer loop
      vertex 3.4412 -6.43802 0
      vertex 2.79359 -6.74432 2
      vertex 3.4412 -6.43802 2
    endloop
  endfacet
  facet normal -0.427559 0.903988 0
    outer loop
      vertex 2.79359 -6.74432 2
      vertex 3.4412 -6.43802 0
      vertex 2.79359 -6.74432 0
    endloop
  endfacet
  facet normal -0.595696 0.80321 0
    outer loop
      vertex 4.63107 -5.64298 0
      vertex 4.05566 -6.06973 2
      vertex 4.63107 -5.64298 2
    endloop
  endfacet
  facet normal -0.595696 0.80321 0
    outer loop
      vertex 4.05566 -6.06973 2
      vertex 4.63107 -5.64298 0
      vertex 4.05566 -6.06973 0
    endloop
  endfacet
  facet normal -0.80321 0.595696 0
    outer loop
      vertex 5.64298 -4.63107 0
      vertex 6.06973 -4.05566 2
      vertex 6.06973 -4.05566 0
    endloop
  endfacet
  facet normal -0.80321 0.595696 0
    outer loop
      vertex 6.06973 -4.05566 2
      vertex 5.64298 -4.63107 0
      vertex 5.64298 -4.63107 2
    endloop
  endfacet
  facet normal -0.857731 0.5141 0
    outer loop
      vertex 6.06973 -4.05566 0
      vertex 6.43802 -3.4412 2
      vertex 6.43802 -3.4412 0
    endloop
  endfacet
  facet normal -0.857731 0.5141 0
    outer loop
      vertex 6.43802 -3.4412 2
      vertex 6.06973 -4.05566 0
      vertex 6.06973 -4.05566 2
    endloop
  endfacet
  facet normal 0.67156 0.74095 -0
    outer loop
      vertex -4.63107 -5.64298 0
      vertex -5.16188 -5.16188 2
      vertex -4.63107 -5.64298 2
    endloop
  endfacet
  facet normal 0.67156 0.74095 0
    outer loop
      vertex -5.16188 -5.16188 2
      vertex -4.63107 -5.64298 0
      vertex -5.16188 -5.16188 0
    endloop
  endfacet
  facet normal 0.595696 0.80321 -0
    outer loop
      vertex -4.05566 -6.06973 0
      vertex -4.63107 -5.64298 2
      vertex -4.05566 -6.06973 2
    endloop
  endfacet
  facet normal 0.595696 0.80321 0
    outer loop
      vertex -4.63107 -5.64298 2
      vertex -4.05566 -6.06973 0
      vertex -4.63107 -5.64298 0
    endloop
  endfacet
  facet normal 0.5141 0.857731 -0
    outer loop
      vertex -3.4412 -6.43802 0
      vertex -4.05566 -6.06973 2
      vertex -3.4412 -6.43802 2
    endloop
  endfacet
  facet normal 0.5141 0.857731 0
    outer loop
      vertex -4.05566 -6.06973 2
      vertex -3.4412 -6.43802 0
      vertex -4.05566 -6.06973 0
    endloop
  endfacet
  facet normal 0.146736 0.989176 -0
    outer loop
      vertex -0.715525 -7.26485 0
      vertex -1.42416 -7.15973 2
      vertex -0.715525 -7.26485 2
    endloop
  endfacet
  facet normal 0.146736 0.989176 0
    outer loop
      vertex -1.42416 -7.15973 2
      vertex -0.715525 -7.26485 0
      vertex -1.42416 -7.15973 0
    endloop
  endfacet
  facet normal 0.903988 0.427559 0
    outer loop
      vertex -6.43802 -3.4412 2
      vertex -6.74432 -2.79359 0
      vertex -6.74432 -2.79359 2
    endloop
  endfacet
  facet normal 0.903988 0.427559 0
    outer loop
      vertex -6.74432 -2.79359 0
      vertex -6.43802 -3.4412 2
      vertex -6.43802 -3.4412 0
    endloop
  endfacet
  facet normal 0.998796 0.0490656 0
    outer loop
      vertex -7.26485 -0.715525 2
      vertex -7.3 0 0
      vertex -7.3 0 2
    endloop
  endfacet
  facet normal 0.998796 0.0490656 0
    outer loop
      vertex -7.3 0 0
      vertex -7.26485 -0.715525 2
      vertex -7.26485 -0.715525 0
    endloop
  endfacet
  facet normal -0.74095 -0.67156 0
    outer loop
      vertex 5.64298 4.63107 0
      vertex 5.16188 5.16188 2
      vertex 5.16188 5.16188 0
    endloop
  endfacet
  facet normal -0.74095 -0.67156 0
    outer loop
      vertex 5.16188 5.16188 2
      vertex 5.64298 4.63107 0
      vertex 5.64298 4.63107 2
    endloop
  endfacet
  facet normal -0.242982 -0.970031 0
    outer loop
      vertex 1.42416 7.15973 0
      vertex 2.11908 6.98566 2
      vertex 1.42416 7.15973 2
    endloop
  endfacet
  facet normal -0.242982 -0.970031 -0
    outer loop
      vertex 2.11908 6.98566 2
      vertex 1.42416 7.15973 0
      vertex 2.11908 6.98566 0
    endloop
  endfacet
  facet normal -0.427559 -0.903988 0
    outer loop
      vertex 2.79359 6.74432 0
      vertex 3.4412 6.43802 2
      vertex 2.79359 6.74432 2
    endloop
  endfacet
  facet normal -0.427559 -0.903988 -0
    outer loop
      vertex 3.4412 6.43802 2
      vertex 2.79359 6.74432 0
      vertex 3.4412 6.43802 0
    endloop
  endfacet
  facet normal 0.74095 -0.67156 0
    outer loop
      vertex -5.64298 4.63107 2
      vertex -5.16188 5.16188 0
      vertex -5.16188 5.16188 2
    endloop
  endfacet
  facet normal 0.74095 -0.67156 0
    outer loop
      vertex -5.16188 5.16188 0
      vertex -5.64298 4.63107 2
      vertex -5.64298 4.63107 0
    endloop
  endfacet
  facet normal 0.941546 -0.336885 0
    outer loop
      vertex -6.98566 2.11908 2
      vertex -6.74432 2.79359 0
      vertex -6.74432 2.79359 2
    endloop
  endfacet
  facet normal 0.941546 -0.336885 0
    outer loop
      vertex -6.74432 2.79359 0
      vertex -6.98566 2.11908 2
      vertex -6.98566 2.11908 0
    endloop
  endfacet
  facet normal 0.595696 -0.80321 0
    outer loop
      vertex -4.63107 5.64298 0
      vertex -4.05566 6.06973 2
      vertex -4.63107 5.64298 2
    endloop
  endfacet
  facet normal 0.595696 -0.80321 0
    outer loop
      vertex -4.05566 6.06973 2
      vertex -4.63107 5.64298 0
      vertex -4.05566 6.06973 0
    endloop
  endfacet
  facet normal -0.146736 0.989176 0
    outer loop
      vertex 1.42416 -7.15973 0
      vertex 0.715525 -7.26485 2
      vertex 1.42416 -7.15973 2
    endloop
  endfacet
  facet normal -0.146736 0.989176 0
    outer loop
      vertex 0.715525 -7.26485 2
      vertex 1.42416 -7.15973 0
      vertex 0.715525 -7.26485 0
    endloop
  endfacet
  facet normal -0.336885 0.941546 0
    outer loop
      vertex 2.79359 -6.74432 0
      vertex 2.11908 -6.98566 2
      vertex 2.79359 -6.74432 2
    endloop
  endfacet
  facet normal -0.336885 0.941546 0
    outer loop
      vertex 2.11908 -6.98566 2
      vertex 2.79359 -6.74432 0
      vertex 2.11908 -6.98566 0
    endloop
  endfacet
  facet normal -0.5141 0.857731 0
    outer loop
      vertex 4.05566 -6.06973 0
      vertex 3.4412 -6.43802 2
      vertex 4.05566 -6.06973 2
    endloop
  endfacet
  facet normal -0.5141 0.857731 0
    outer loop
      vertex 3.4412 -6.43802 2
      vertex 4.05566 -6.06973 0
      vertex 3.4412 -6.43802 0
    endloop
  endfacet
  facet normal -0.941546 0.336885 0
    outer loop
      vertex 6.74432 -2.79359 0
      vertex 6.98566 -2.11908 2
      vertex 6.98566 -2.11908 0
    endloop
  endfacet
  facet normal -0.941546 0.336885 0
    outer loop
      vertex 6.98566 -2.11908 2
      vertex 6.74432 -2.79359 0
      vertex 6.74432 -2.79359 2
    endloop
  endfacet
  facet normal -0.989176 0.146736 0
    outer loop
      vertex 7.15973 -1.42416 0
      vertex 7.26485 -0.715525 2
      vertex 7.26485 -0.715525 0
    endloop
  endfacet
  facet normal -0.989176 0.146736 0
    outer loop
      vertex 7.26485 -0.715525 2
      vertex 7.15973 -1.42416 0
      vertex 7.15973 -1.42416 2
    endloop
  endfacet
  facet normal 0.427559 0.903988 -0
    outer loop
      vertex -2.79359 -6.74432 0
      vertex -3.4412 -6.43802 2
      vertex -2.79359 -6.74432 2
    endloop
  endfacet
  facet normal 0.427559 0.903988 0
    outer loop
      vertex -3.4412 -6.43802 2
      vertex -2.79359 -6.74432 0
      vertex -3.4412 -6.43802 0
    endloop
  endfacet
  facet normal 0.242982 0.970031 -0
    outer loop
      vertex -1.42416 -7.15973 0
      vertex -2.11908 -6.98566 2
      vertex -1.42416 -7.15973 2
    endloop
  endfacet
  facet normal 0.242982 0.970031 0
    outer loop
      vertex -2.11908 -6.98566 2
      vertex -1.42416 -7.15973 0
      vertex -2.11908 -6.98566 0
    endloop
  endfacet
  facet normal 0.0490656 0.998796 -0
    outer loop
      vertex 0 -7.3 0
      vertex -0.715525 -7.26485 2
      vertex 0 -7.3 2
    endloop
  endfacet
  facet normal 0.0490656 0.998796 0
    outer loop
      vertex -0.715525 -7.26485 2
      vertex 0 -7.3 0
      vertex -0.715525 -7.26485 0
    endloop
  endfacet
  facet normal 0.857731 0.5141 0
    outer loop
      vertex -6.06973 -4.05566 2
      vertex -6.43802 -3.4412 0
      vertex -6.43802 -3.4412 2
    endloop
  endfacet
  facet normal 0.857731 0.5141 0
    outer loop
      vertex -6.43802 -3.4412 0
      vertex -6.06973 -4.05566 2
      vertex -6.06973 -4.05566 0
    endloop
  endfacet
  facet normal 0.941546 0.336885 0
    outer loop
      vertex -6.74432 -2.79359 2
      vertex -6.98566 -2.11908 0
      vertex -6.98566 -2.11908 2
    endloop
  endfacet
  facet normal 0.941546 0.336885 0
    outer loop
      vertex -6.98566 -2.11908 0
      vertex -6.74432 -2.79359 2
      vertex -6.74432 -2.79359 0
    endloop
  endfacet
  facet normal 0.989176 0.146736 0
    outer loop
      vertex -7.15973 -1.42416 2
      vertex -7.26485 -0.715525 0
      vertex -7.26485 -0.715525 2
    endloop
  endfacet
  facet normal 0.989176 0.146736 0
    outer loop
      vertex -7.26485 -0.715525 0
      vertex -7.15973 -1.42416 2
      vertex -7.15973 -1.42416 0
    endloop
  endfacet
  facet normal -0.74095 0.67156 0
    outer loop
      vertex 5.16188 -5.16188 0
      vertex 5.64298 -4.63107 2
      vertex 5.64298 -4.63107 0
    endloop
  endfacet
  facet normal -0.74095 0.67156 0
    outer loop
      vertex 5.64298 -4.63107 2
      vertex 5.16188 -5.16188 0
      vertex 5.16188 -5.16188 2
    endloop
  endfacet
endsolid OpenSCAD_Model
