solid OpenSCAD_Model
  facet normal 0 0 -1
    outer loop
      vertex -8.61246 2.61255 0
      vertex -8.31491 3.44414 0
      vertex -2.58372 0.783768 0
    endloop
  endfacet
  facet normal 0 0 -1
    outer loop
      vertex -6.95709 5.70953 0
      vertex -6.36395 6.36395 0
      vertex -2.08713 1.71286 0
    endloop
  endfacet
  facet normal 0 0 -1
    outer loop
      vertex -6.36395 -6.36395 0
      vertex -2.08713 -1.71286 0
      vertex -1.90918 -1.90918 0
    endloop
  endfacet
  facet normal -0 0 -1
    outer loop
      vertex -2.38118 -1.27277 0
      vertex -8.31491 -3.44414 0
      vertex -2.49446 -1.03323 0
    endloop
  endfacet
  facet normal -0 0 -1
    outer loop
      vertex -2.08713 -1.71286 0
      vertex -7.48322 -5.00012 0
      vertex -2.24496 -1.50003 0
    endloop
  endfacet
  facet normal 0 0 -1
    outer loop
      vertex -4.24257 -7.93729 0
      vertex -1.27277 -2.38118 0
      vertex -3.44414 -8.31491 0
    endloop
  endfacet
  facet normal 0 0 -1
    outer loop
      vertex -0.882141 -8.95665 0
      vertex 0 -2.7 0
      vertex 0.264633 -2.687 0
    endloop
  endfacet
  facet normal 0 -0 -1
    outer loop
      vertex -1.71286 -2.08713 0
      vertex -1.50003 -2.24496 0
      vertex -5.00012 -7.48322 0
    endloop
  endfacet
  facet normal 0 0 -1
    outer loop
      vertex -5.00012 -7.48322 0
      vertex -1.50003 -2.24496 0
      vertex -1.27277 -2.38118 0
    endloop
  endfacet
  facet normal 0 0 -1
    outer loop
      vertex -4.24257 -7.93729 0
      vertex -5.00012 -7.48322 0
      vertex -1.27277 -2.38118 0
    endloop
  endfacet
  facet normal -0 0 -1
    outer loop
      vertex -1.03323 -2.49446 0
      vertex -3.44414 -8.31491 0
      vertex -1.27277 -2.38118 0
    endloop
  endfacet
  facet normal 0 -0 -1
    outer loop
      vertex -1.03323 -2.49446 0
      vertex -0.783768 -2.58372 0
      vertex -3.44414 -8.31491 0
    endloop
  endfacet
  facet normal 0 0 -1
    outer loop
      vertex -3.44414 -8.31491 0
      vertex -0.783768 -2.58372 0
      vertex -2.61255 -8.61246 0
    endloop
  endfacet
  facet normal 0 0 -1
    outer loop
      vertex -2.61255 -8.61246 0
      vertex -0.783768 -2.58372 0
      vertex -0.526733 -2.64812 0
    endloop
  endfacet
  facet normal 0 0 -1
    outer loop
      vertex -1.7558 -8.82706 0
      vertex -2.61255 -8.61246 0
      vertex -0.526733 -2.64812 0
    endloop
  endfacet
  facet normal 0 0 -1
    outer loop
      vertex -0.882141 -8.95665 0
      vertex -0.526733 -2.64812 0
      vertex -0.264633 -2.687 0
    endloop
  endfacet
  facet normal 0 0 -1
    outer loop
      vertex -0.882141 -8.95665 0
      vertex -1.7558 -8.82706 0
      vertex -0.526733 -2.64812 0
    endloop
  endfacet
  facet normal 0 -0 -1
    outer loop
      vertex -0.264633 -2.687 0
      vertex 0 -2.7 0
      vertex -0.882141 -8.95665 0
    endloop
  endfacet
  facet normal 0 0 -1
    outer loop
      vertex -6.36395 6.36395 0
      vertex -1.71286 2.08713 0
      vertex -1.90918 1.90918 0
    endloop
  endfacet
  facet normal 0 -0 -1
    outer loop
      vertex 44.6683 -1.66733 0
      vertex 78 -19 0
      vertex -0.882141 -8.95665 0
    endloop
  endfacet
  facet normal 0 0 -1
    outer loop
      vertex 2.38118 1.27277 0
      vertex 2.24496 1.50003 0
      vertex 0 9 0
    endloop
  endfacet
  facet normal 0 0 -1
    outer loop
      vertex 94 5 0
      vertex 87.6268 -1.50652 0
      vertex 87.5706 -1.34943 0
    endloop
  endfacet
  facet normal 0 0 -1
    outer loop
      vertex -6.36395 6.36395 0
      vertex -5.70953 6.95709 0
      vertex -1.71286 2.08713 0
    endloop
  endfacet
  facet normal 0 0 -1
    outer loop
      vertex -6.36395 -6.36395 0
      vertex -1.71286 -2.08713 0
      vertex -5.70953 -6.95709 0
    endloop
  endfacet
  facet normal 0 0 -1
    outer loop
      vertex -1.71286 -2.08713 0
      vertex -5.00012 -7.48322 0
      vertex -5.70953 -6.95709 0
    endloop
  endfacet
  facet normal 0 0 -1
    outer loop
      vertex -6.36395 -6.36395 0
      vertex -1.90918 -1.90918 0
      vertex -1.71286 -2.08713 0
    endloop
  endfacet
  facet normal 0 0 -1
    outer loop
      vertex -7.48322 -5.00012 0
      vertex -2.08713 -1.71286 0
      vertex -6.95709 -5.70953 0
    endloop
  endfacet
  facet normal 0 0 -1
    outer loop
      vertex -2.08713 -1.71286 0
      vertex -6.36395 -6.36395 0
      vertex -6.95709 -5.70953 0
    endloop
  endfacet
  facet normal -0 0 -1
    outer loop
      vertex -2.24496 -1.50003 0
      vertex -7.48322 -5.00012 0
      vertex -2.38118 -1.27277 0
    endloop
  endfacet
  facet normal 0 0 -1
    outer loop
      vertex -8.31491 -3.44414 0
      vertex -2.38118 -1.27277 0
      vertex -7.93729 -4.24257 0
    endloop
  endfacet
  facet normal 0 0 -1
    outer loop
      vertex -2.38118 -1.27277 0
      vertex -7.48322 -5.00012 0
      vertex -7.93729 -4.24257 0
    endloop
  endfacet
  facet normal -0 0 -1
    outer loop
      vertex -2.49446 -1.03323 0
      vertex -8.31491 -3.44414 0
      vertex -2.58372 -0.783768 0
    endloop
  endfacet
  facet normal 0 -0 -1
    outer loop
      vertex -2.64812 -0.526733 0
      vertex -2.58372 -0.783768 0
      vertex -8.61246 -2.61255 0
    endloop
  endfacet
  facet normal 0 0 -1
    outer loop
      vertex -2.58372 -0.783768 0
      vertex -8.31491 -3.44414 0
      vertex -8.61246 -2.61255 0
    endloop
  endfacet
  facet normal 0 0 -1
    outer loop
      vertex -8.95665 -0.882141 0
      vertex -2.64812 -0.526733 0
      vertex -8.82706 -1.7558 0
    endloop
  endfacet
  facet normal 0 0 -1
    outer loop
      vertex -2.64812 -0.526733 0
      vertex -8.61246 -2.61255 0
      vertex -8.82706 -1.7558 0
    endloop
  endfacet
  facet normal 0 -0 -1
    outer loop
      vertex -2.7 0 0
      vertex -2.687 -0.264633 0
      vertex -8.95665 -0.882141 0
    endloop
  endfacet
  facet normal 0 -0 -1
    outer loop
      vertex -2.687 -0.264633 0
      vertex -2.64812 -0.526733 0
      vertex -8.95665 -0.882141 0
    endloop
  endfacet
  facet normal 0 -0 -1
    outer loop
      vertex -8.95665 0.882141 0
      vertex -2.7 0 0
      vertex -9 0 0
    endloop
  endfacet
  facet normal -0 0 -1
    outer loop
      vertex -2.7 0 0
      vertex -8.95665 -0.882141 0
      vertex -9 0 0
    endloop
  endfacet
  facet normal -0 0 -1
    outer loop
      vertex -2.64812 0.526733 0
      vertex -2.687 0.264633 0
      vertex -8.95665 0.882141 0
    endloop
  endfacet
  facet normal -0 0 -1
    outer loop
      vertex -2.687 0.264633 0
      vertex -2.7 0 0
      vertex -8.95665 0.882141 0
    endloop
  endfacet
  facet normal 0 -0 -1
    outer loop
      vertex -8.61246 2.61255 0
      vertex -2.64812 0.526733 0
      vertex -8.82706 1.7558 0
    endloop
  endfacet
  facet normal 0 0 -1
    outer loop
      vertex -2.64812 0.526733 0
      vertex -8.95665 0.882141 0
      vertex -8.82706 1.7558 0
    endloop
  endfacet
  facet normal 0 0 -1
    outer loop
      vertex -8.61246 2.61255 0
      vertex -2.58372 0.783768 0
      vertex -2.64812 0.526733 0
    endloop
  endfacet
  facet normal -0 0 -1
    outer loop
      vertex -2.38118 1.27277 0
      vertex -2.49446 1.03323 0
      vertex -8.31491 3.44414 0
    endloop
  endfacet
  facet normal -0 0 -1
    outer loop
      vertex -2.49446 1.03323 0
      vertex -2.58372 0.783768 0
      vertex -8.31491 3.44414 0
    endloop
  endfacet
  facet normal 0 -0 -1
    outer loop
      vertex -7.48322 5.00012 0
      vertex -2.38118 1.27277 0
      vertex -7.93729 4.24257 0
    endloop
  endfacet
  facet normal 0 0 -1
    outer loop
      vertex -2.38118 1.27277 0
      vertex -8.31491 3.44414 0
      vertex -7.93729 4.24257 0
    endloop
  endfacet
  facet normal -0 0 -1
    outer loop
      vertex -2.08713 1.71286 0
      vertex -2.24496 1.50003 0
      vertex -7.48322 5.00012 0
    endloop
  endfacet
  facet normal -0 0 -1
    outer loop
      vertex -2.24496 1.50003 0
      vertex -2.38118 1.27277 0
      vertex -7.48322 5.00012 0
    endloop
  endfacet
  facet normal 0 -0 -1
    outer loop
      vertex -6.95709 5.70953 0
      vertex -2.08713 1.71286 0
      vertex -7.48322 5.00012 0
    endloop
  endfacet
  facet normal 0 0 -1
    outer loop
      vertex -6.36395 6.36395 0
      vertex -1.90918 1.90918 0
      vertex -2.08713 1.71286 0
    endloop
  endfacet
  facet normal 0 0 -1
    outer loop
      vertex -1.71286 2.08713 0
      vertex -5.70953 6.95709 0
      vertex -5.00012 7.48322 0
    endloop
  endfacet
  facet normal 0 0 -1
    outer loop
      vertex -5.00012 7.48322 0
      vertex -1.50003 2.24496 0
      vertex -1.71286 2.08713 0
    endloop
  endfacet
  facet normal 0 0 -1
    outer loop
      vertex -5.00012 7.48322 0
      vertex -1.27277 2.38118 0
      vertex -1.50003 2.24496 0
    endloop
  endfacet
  facet normal 0 0 -1
    outer loop
      vertex -5.00012 7.48322 0
      vertex -4.24257 7.93729 0
      vertex -1.27277 2.38118 0
    endloop
  endfacet
  facet normal 0 0 -1
    outer loop
      vertex -1.27277 2.38118 0
      vertex -4.24257 7.93729 0
      vertex -3.44414 8.31491 0
    endloop
  endfacet
  facet normal -0 0 -1
    outer loop
      vertex -1.03323 2.49446 0
      vertex -1.27277 2.38118 0
      vertex -3.44414 8.31491 0
    endloop
  endfacet
  facet normal -0 0 -1
    outer loop
      vertex -0.783768 2.58372 0
      vertex -1.03323 2.49446 0
      vertex -3.44414 8.31491 0
    endloop
  endfacet
  facet normal 0 -0 -1
    outer loop
      vertex -2.61255 8.61246 0
      vertex -0.783768 2.58372 0
      vertex -3.44414 8.31491 0
    endloop
  endfacet
  facet normal 0 0 -1
    outer loop
      vertex -2.61255 8.61246 0
      vertex -0.526733 2.64812 0
      vertex -0.783768 2.58372 0
    endloop
  endfacet
  facet normal 0 0 -1
    outer loop
      vertex -2.61255 8.61246 0
      vertex -1.7558 8.82706 0
      vertex -0.526733 2.64812 0
    endloop
  endfacet
  facet normal 0 0 -1
    outer loop
      vertex -0.526733 2.64812 0
      vertex -1.7558 8.82706 0
      vertex -0.882141 8.95665 0
    endloop
  endfacet
  facet normal -0 0 -1
    outer loop
      vertex -0.264633 2.687 0
      vertex -0.526733 2.64812 0
      vertex -0.882141 8.95665 0
    endloop
  endfacet
  facet normal -0 0 -1
    outer loop
      vertex 0 2.7 0
      vertex -0.264633 2.687 0
      vertex -0.882141 8.95665 0
    endloop
  endfacet
  facet normal 0 0 -1
    outer loop
      vertex 0 2.7 0
      vertex -0.882141 8.95665 0
      vertex 0 9 0
    endloop
  endfacet
  facet normal 0 0 -1
    outer loop
      vertex 0.264633 2.687 0
      vertex 0 2.7 0
      vertex 0 9 0
    endloop
  endfacet
  facet normal 0 0 -1
    outer loop
      vertex 0.526733 2.64812 0
      vertex 0.264633 2.687 0
      vertex 0 9 0
    endloop
  endfacet
  facet normal 0 0 -1
    outer loop
      vertex 1.03323 2.49446 0
      vertex 0.783768 2.58372 0
      vertex 0 9 0
    endloop
  endfacet
  facet normal 0 0 -1
    outer loop
      vertex 0.783768 2.58372 0
      vertex 0.526733 2.64812 0
      vertex 0 9 0
    endloop
  endfacet
  facet normal 0 0 -1
    outer loop
      vertex 1.27277 2.38118 0
      vertex 1.03323 2.49446 0
      vertex 0 9 0
    endloop
  endfacet
  facet normal 0 0 -1
    outer loop
      vertex 1.50003 2.24496 0
      vertex 1.27277 2.38118 0
      vertex 0 9 0
    endloop
  endfacet
  facet normal 0 0 -1
    outer loop
      vertex 1.71286 2.08713 0
      vertex 1.50003 2.24496 0
      vertex 0 9 0
    endloop
  endfacet
  facet normal 0 0 -1
    outer loop
      vertex 1.90918 1.90918 0
      vertex 1.71286 2.08713 0
      vertex 0 9 0
    endloop
  endfacet
  facet normal 0 0 -1
    outer loop
      vertex 2.08713 1.71286 0
      vertex 1.90918 1.90918 0
      vertex 0 9 0
    endloop
  endfacet
  facet normal 0 0 -1
    outer loop
      vertex 2.24496 1.50003 0
      vertex 2.08713 1.71286 0
      vertex 0 9 0
    endloop
  endfacet
  facet normal 0 -0 -1
    outer loop
      vertex 43.5007 -0.801361 0
      vertex 43.5865 -0.944458 0
      vertex 2.38118 -1.27277 0
    endloop
  endfacet
  facet normal 0 0 -1
    outer loop
      vertex 2.49446 -1.03323 0
      vertex 43.4294 -0.650558 0
      vertex 43.5007 -0.801361 0
    endloop
  endfacet
  facet normal 0 0 -1
    outer loop
      vertex 2.24496 -1.50003 0
      vertex 2.38118 -1.27277 0
      vertex 43.5865 -0.944458 0
    endloop
  endfacet
  facet normal 0 0 -1
    outer loop
      vertex -0.882141 -8.95665 0
      vertex 2.24496 -1.50003 0
      vertex 43.5865 -0.944458 0
    endloop
  endfacet
  facet normal -0 0 -1
    outer loop
      vertex 43.6859 -1.07846 0
      vertex -0.882141 -8.95665 0
      vertex 43.5865 -0.944458 0
    endloop
  endfacet
  facet normal 0 -0 -1
    outer loop
      vertex 43.7979 -1.20207 0
      vertex 43.9215 -1.31412 0
      vertex -0.882141 -8.95665 0
    endloop
  endfacet
  facet normal 0 0 -1
    outer loop
      vertex -0.882141 -8.95665 0
      vertex 43.9215 -1.31412 0
      vertex 44.0555 -1.4135 0
    endloop
  endfacet
  facet normal -0 0 -1
    outer loop
      vertex 44.1986 -1.49925 0
      vertex -0.882141 -8.95665 0
      vertex 44.0555 -1.4135 0
    endloop
  endfacet
  facet normal 0 -0 -1
    outer loop
      vertex 44.1986 -1.49925 0
      vertex 44.3494 -1.57059 0
      vertex -0.882141 -8.95665 0
    endloop
  endfacet
  facet normal 0 0 -1
    outer loop
      vertex -0.882141 -8.95665 0
      vertex 44.3494 -1.57059 0
      vertex 44.5065 -1.62679 0
    endloop
  endfacet
  facet normal -0 0 -1
    outer loop
      vertex 44.6683 -1.66733 0
      vertex -0.882141 -8.95665 0
      vertex 44.5065 -1.62679 0
    endloop
  endfacet
  facet normal 0 0 -1
    outer loop
      vertex 44.8334 -1.6918 0
      vertex 45 -1.7 0
      vertex 78 -19 0
    endloop
  endfacet
  facet normal 0 0 -1
    outer loop
      vertex 44.6683 -1.66733 0
      vertex 44.8334 -1.6918 0
      vertex 78 -19 0
    endloop
  endfacet
  facet normal 0 0 -1
    outer loop
      vertex -0.882141 -8.95665 0
      vertex 2.08713 -1.71286 0
      vertex 2.24496 -1.50003 0
    endloop
  endfacet
  facet normal 0 0 -1
    outer loop
      vertex -0.882141 -8.95665 0
      vertex 1.90918 -1.90918 0
      vertex 2.08713 -1.71286 0
    endloop
  endfacet
  facet normal 0 0 -1
    outer loop
      vertex -0.882141 -8.95665 0
      vertex 1.71286 -2.08713 0
      vertex 1.90918 -1.90918 0
    endloop
  endfacet
  facet normal 0 0 -1
    outer loop
      vertex -0.882141 -8.95665 0
      vertex 1.50003 -2.24496 0
      vertex 1.71286 -2.08713 0
    endloop
  endfacet
  facet normal 0 0 -1
    outer loop
      vertex -0.882141 -8.95665 0
      vertex 1.27277 -2.38118 0
      vertex 1.50003 -2.24496 0
    endloop
  endfacet
  facet normal 0 0 -1
    outer loop
      vertex -0.882141 -8.95665 0
      vertex 1.03323 -2.49446 0
      vertex 1.27277 -2.38118 0
    endloop
  endfacet
  facet normal 0 0 -1
    outer loop
      vertex -0.882141 -8.95665 0
      vertex 0.783768 -2.58372 0
      vertex 1.03323 -2.49446 0
    endloop
  endfacet
  facet normal 0 0 -1
    outer loop
      vertex -0.882141 -8.95665 0
      vertex 0.526733 -2.64812 0
      vertex 0.783768 -2.58372 0
    endloop
  endfacet
  facet normal 0 0 -1
    outer loop
      vertex -0.882141 -8.95665 0
      vertex 0.264633 -2.687 0
      vertex 0.526733 -2.64812 0
    endloop
  endfacet
  facet normal 0 0 -1
    outer loop
      vertex 2.49446 -1.03323 0
      vertex 2.58372 -0.783768 0
      vertex 43.4294 -0.650558 0
    endloop
  endfacet
  facet normal -0 0 -1
    outer loop
      vertex 43.7979 -1.20207 0
      vertex -0.882141 -8.95665 0
      vertex 43.6859 -1.07846 0
    endloop
  endfacet
  facet normal 0 0 -1
    outer loop
      vertex 46.6918 0.166626 0
      vertex 84.3327 -1.66833 0
      vertex 84.3082 -1.83336 0
    endloop
  endfacet
  facet normal 0 -0 -1
    outer loop
      vertex 2.49446 -1.03323 0
      vertex 43.5007 -0.801361 0
      vertex 2.38118 -1.27277 0
    endloop
  endfacet
  facet normal -0 0 -1
    outer loop
      vertex 43.4294 -0.650558 0
      vertex 2.58372 -0.783768 0
      vertex 43.3732 -0.493469 0
    endloop
  endfacet
  facet normal 0 0 -1
    outer loop
      vertex 43.3732 -0.493469 0
      vertex 2.58372 -0.783768 0
      vertex 2.64812 -0.526733 0
    endloop
  endfacet
  facet normal 0 -0 -1
    outer loop
      vertex 43.3327 -0.33165 0
      vertex 43.3732 -0.493469 0
      vertex 2.64812 -0.526733 0
    endloop
  endfacet
  facet normal 0 -0 -1
    outer loop
      vertex 2.687 -0.264633 0
      vertex 43.3327 -0.33165 0
      vertex 2.64812 -0.526733 0
    endloop
  endfacet
  facet normal 0 0 -1
    outer loop
      vertex 2.687 -0.264633 0
      vertex 43.3082 -0.166626 0
      vertex 43.3327 -0.33165 0
    endloop
  endfacet
  facet normal 0 0 -1
    outer loop
      vertex 2.687 -0.264633 0
      vertex 2.7 0 0
      vertex 43.3082 -0.166626 0
    endloop
  endfacet
  facet normal 0 0 -1
    outer loop
      vertex 43.3082 -0.166626 0
      vertex 2.7 0 0
      vertex 43.3 0 0
    endloop
  endfacet
  facet normal 0 0 -1
    outer loop
      vertex 43.3 0 0
      vertex 2.7 0 0
      vertex 43.3082 0.166626 0
    endloop
  endfacet
  facet normal -0 0 -1
    outer loop
      vertex 43.3082 0.166626 0
      vertex 2.7 0 0
      vertex 2.687 0.264633 0
    endloop
  endfacet
  facet normal 0 0 -1
    outer loop
      vertex 43.3327 0.33165 0
      vertex 43.3082 0.166626 0
      vertex 2.687 0.264633 0
    endloop
  endfacet
  facet normal 0 0 -1
    outer loop
      vertex 2.64812 0.526733 0
      vertex 43.3327 0.33165 0
      vertex 2.687 0.264633 0
    endloop
  endfacet
  facet normal 0 0 -1
    outer loop
      vertex 2.64812 0.526733 0
      vertex 43.3732 0.493469 0
      vertex 43.3327 0.33165 0
    endloop
  endfacet
  facet normal 0 0 -1
    outer loop
      vertex 2.64812 0.526733 0
      vertex 2.58372 0.783768 0
      vertex 43.3732 0.493469 0
    endloop
  endfacet
  facet normal 0 0 -1
    outer loop
      vertex 43.3732 0.493469 0
      vertex 2.58372 0.783768 0
      vertex 43.4294 0.650558 0
    endloop
  endfacet
  facet normal 0 0 -1
    outer loop
      vertex 43.4294 0.650558 0
      vertex 2.58372 0.783768 0
      vertex 2.49446 1.03323 0
    endloop
  endfacet
  facet normal -0 0 -1
    outer loop
      vertex 43.5007 0.801361 0
      vertex 43.4294 0.650558 0
      vertex 2.49446 1.03323 0
    endloop
  endfacet
  facet normal 0 0 -1
    outer loop
      vertex 2.38118 1.27277 0
      vertex 43.5007 0.801361 0
      vertex 2.49446 1.03323 0
    endloop
  endfacet
  facet normal 0 0 -1
    outer loop
      vertex 2.38118 1.27277 0
      vertex 0 9 0
      vertex 43.5007 0.801361 0
    endloop
  endfacet
  facet normal 0 0 -1
    outer loop
      vertex 43.5007 0.801361 0
      vertex 0 9 0
      vertex 43.5865 0.944458 0
    endloop
  endfacet
  facet normal 0 0 -1
    outer loop
      vertex 43.5865 0.944458 0
      vertex 0 9 0
      vertex 43.6859 1.07846 0
    endloop
  endfacet
  facet normal 0 0 -1
    outer loop
      vertex 43.6859 1.07846 0
      vertex 0 9 0
      vertex 43.7979 1.20207 0
    endloop
  endfacet
  facet normal 0 0 -1
    outer loop
      vertex 43.7979 1.20207 0
      vertex 0 9 0
      vertex 43.9215 1.31412 0
    endloop
  endfacet
  facet normal 0 0 -1
    outer loop
      vertex 43.9215 1.31412 0
      vertex 0 9 0
      vertex 44.0555 1.4135 0
    endloop
  endfacet
  facet normal 0 0 -1
    outer loop
      vertex 44.0555 1.4135 0
      vertex 0 9 0
      vertex 44.1986 1.49925 0
    endloop
  endfacet
  facet normal 0 0 -1
    outer loop
      vertex 44.1986 1.49925 0
      vertex 0 9 0
      vertex 44.3494 1.57059 0
    endloop
  endfacet
  facet normal 0 0 -1
    outer loop
      vertex 44.3494 1.57059 0
      vertex 0 9 0
      vertex 44.5065 1.62679 0
    endloop
  endfacet
  facet normal 0 0 -1
    outer loop
      vertex 44.5065 1.62679 0
      vertex 0 9 0
      vertex 44.6683 1.66733 0
    endloop
  endfacet
  facet normal 0 0 -1
    outer loop
      vertex 44.6683 1.66733 0
      vertex 0 9 0
      vertex 44.8334 1.6918 0
    endloop
  endfacet
  facet normal 0 0 -1
    outer loop
      vertex 44.8334 1.6918 0
      vertex 0 9 0
      vertex 45 1.7 0
    endloop
  endfacet
  facet normal 0 0 -1
    outer loop
      vertex 45 1.7 0
      vertex 0 9 0
      vertex 45.1666 1.6918 0
    endloop
  endfacet
  facet normal 0 0 -1
    outer loop
      vertex 45.1666 1.6918 0
      vertex 0 9 0
      vertex 94 5 0
    endloop
  endfacet
  facet normal 0 0 -1
    outer loop
      vertex 45.3316 1.66733 0
      vertex 45.1666 1.6918 0
      vertex 94 5 0
    endloop
  endfacet
  facet normal 0 0 -1
    outer loop
      vertex 45.4935 1.62679 0
      vertex 45.3316 1.66733 0
      vertex 94 5 0
    endloop
  endfacet
  facet normal 0 0 -1
    outer loop
      vertex 45.6506 1.57059 0
      vertex 45.4935 1.62679 0
      vertex 94 5 0
    endloop
  endfacet
  facet normal 0 0 -1
    outer loop
      vertex 45.8014 1.49925 0
      vertex 45.6506 1.57059 0
      vertex 94 5 0
    endloop
  endfacet
  facet normal 0 0 -1
    outer loop
      vertex 84.5007 -1.19862 0
      vertex 46.5706 0.650558 0
      vertex 46.4993 0.801361 0
    endloop
  endfacet
  facet normal 0 0 -1
    outer loop
      vertex 45.9445 1.4135 0
      vertex 85.1986 -0.500732 0
      vertex 85.0555 -0.586487 0
    endloop
  endfacet
  facet normal 0 0 -1
    outer loop
      vertex 78 -19 0
      vertex 84.3327 -2.33165 0
      vertex 84.3732 -2.49347 0
    endloop
  endfacet
  facet normal -0 0 -1
    outer loop
      vertex 84.9215 -13.3141 0
      vertex 78 -19 0
      vertex 84.7979 -13.2021 0
    endloop
  endfacet
  facet normal 0 0 -1
    outer loop
      vertex 84.3732 -2.49347 0
      vertex 84.4294 -11.3494 0
      vertex 84.3732 -11.5065 0
    endloop
  endfacet
  facet normal 0 0 -1
    outer loop
      vertex 84.3732 -2.49347 0
      vertex 84.4294 -2.65056 0
      vertex 84.4294 -11.3494 0
    endloop
  endfacet
  facet normal 0 0 -1
    outer loop
      vertex 84.5007 -11.1986 0
      vertex 84.4294 -2.65056 0
      vertex 84.5007 -2.80136 0
    endloop
  endfacet
  facet normal -0 0 -1
    outer loop
      vertex 84.5865 -11.0555 0
      vertex 84.5007 -11.1986 0
      vertex 84.5007 -2.80136 0
    endloop
  endfacet
  facet normal 0 0 -1
    outer loop
      vertex 94 -19 0
      vertex 78 -19 0
      vertex 86 -13.7 0
    endloop
  endfacet
  facet normal 0 0 -1
    outer loop
      vertex 84.5865 -2.94446 0
      vertex 84.6859 -10.9215 0
      vertex 84.5865 -11.0555 0
    endloop
  endfacet
  facet normal 0 0 -1
    outer loop
      vertex 84.7979 -10.7979 0
      vertex 84.7979 -3.20207 0
      vertex 84.9215 -10.6859 0
    endloop
  endfacet
  facet normal 0 0 -1
    outer loop
      vertex 84.6859 -10.9215 0
      vertex 84.6859 -3.07846 0
      vertex 84.7979 -10.7979 0
    endloop
  endfacet
  facet normal 0 -0 -1
    outer loop
      vertex 46.6673 -0.33165 0
      vertex 78 -19 0
      vertex 46.6268 -0.493469 0
    endloop
  endfacet
  facet normal 0 -0 -1
    outer loop
      vertex 46.6268 -0.493469 0
      vertex 78 -19 0
      vertex 46.5706 -0.650558 0
    endloop
  endfacet
  facet normal 0 -0 -1
    outer loop
      vertex 46.5706 -0.650558 0
      vertex 78 -19 0
      vertex 46.4993 -0.801361 0
    endloop
  endfacet
  facet normal 0 -0 -1
    outer loop
      vertex 46.4993 -0.801361 0
      vertex 78 -19 0
      vertex 46.4135 -0.944458 0
    endloop
  endfacet
  facet normal 0 -0 -1
    outer loop
      vertex 46.4135 -0.944458 0
      vertex 78 -19 0
      vertex 46.3141 -1.07846 0
    endloop
  endfacet
  facet normal 0 -0 -1
    outer loop
      vertex 46.3141 -1.07846 0
      vertex 78 -19 0
      vertex 46.2021 -1.20207 0
    endloop
  endfacet
  facet normal 0 -0 -1
    outer loop
      vertex 46.2021 -1.20207 0
      vertex 78 -19 0
      vertex 46.0785 -1.31412 0
    endloop
  endfacet
  facet normal 0 -0 -1
    outer loop
      vertex 46.0785 -1.31412 0
      vertex 78 -19 0
      vertex 45.9445 -1.4135 0
    endloop
  endfacet
  facet normal 0 -0 -1
    outer loop
      vertex 45.9445 -1.4135 0
      vertex 78 -19 0
      vertex 45.8014 -1.49925 0
    endloop
  endfacet
  facet normal 0 -0 -1
    outer loop
      vertex 45.8014 -1.49925 0
      vertex 78 -19 0
      vertex 45.6506 -1.57059 0
    endloop
  endfacet
  facet normal 0 -0 -1
    outer loop
      vertex 45.6506 -1.57059 0
      vertex 78 -19 0
      vertex 45.4935 -1.62679 0
    endloop
  endfacet
  facet normal 0 -0 -1
    outer loop
      vertex 45.4935 -1.62679 0
      vertex 78 -19 0
      vertex 45.3316 -1.66733 0
    endloop
  endfacet
  facet normal 0 -0 -1
    outer loop
      vertex 45.3316 -1.66733 0
      vertex 78 -19 0
      vertex 45.1666 -1.6918 0
    endloop
  endfacet
  facet normal 0 -0 -1
    outer loop
      vertex 45.1666 -1.6918 0
      vertex 78 -19 0
      vertex 45 -1.7 0
    endloop
  endfacet
  facet normal -0 -0 -1
    outer loop
      vertex 84.5865 -2.94446 0
      vertex 84.5865 -11.0555 0
      vertex 84.5007 -2.80136 0
    endloop
  endfacet
  facet normal 0 0 -1
    outer loop
      vertex 84.5865 -2.94446 0
      vertex 84.6859 -3.07846 0
      vertex 84.6859 -10.9215 0
    endloop
  endfacet
  facet normal -0 0 -1
    outer loop
      vertex 84.5007 -12.8014 0
      vertex 78 -19 0
      vertex 84.4294 -12.6506 0
    endloop
  endfacet
  facet normal -0 0 -1
    outer loop
      vertex 84.3082 -11.8334 0
      vertex 78 -19 0
      vertex 84.3327 -11.6683 0
    endloop
  endfacet
  facet normal 0 0 -1
    outer loop
      vertex 78 -19 0
      vertex 84.3082 -2.16663 0
      vertex 84.3327 -2.33165 0
    endloop
  endfacet
  facet normal 0 0 -1
    outer loop
      vertex 78 -19 0
      vertex 46.6673 -0.33165 0
      vertex 84.3082 -2.16663 0
    endloop
  endfacet
  facet normal 0 0 -1
    outer loop
      vertex 84.3082 -2.16663 0
      vertex 46.6673 -0.33165 0
      vertex 46.6918 -0.166626 0
    endloop
  endfacet
  facet normal -0 -0 -1
    outer loop
      vertex 84.3 -2 0
      vertex 84.3082 -2.16663 0
      vertex 46.6918 -0.166626 0
    endloop
  endfacet
  facet normal 0 -0 -1
    outer loop
      vertex 46.7 0 0
      vertex 84.3 -2 0
      vertex 46.6918 -0.166626 0
    endloop
  endfacet
  facet normal 0 0 -1
    outer loop
      vertex 46.7 0 0
      vertex 84.3082 -1.83336 0
      vertex 84.3 -2 0
    endloop
  endfacet
  facet normal 0 0 -1
    outer loop
      vertex 46.7 0 0
      vertex 46.6918 0.166626 0
      vertex 84.3082 -1.83336 0
    endloop
  endfacet
  facet normal 0 0 -1
    outer loop
      vertex 46.6918 0.166626 0
      vertex 46.6673 0.33165 0
      vertex 84.3327 -1.66833 0
    endloop
  endfacet
  facet normal 0 0 -1
    outer loop
      vertex 84.3327 -1.66833 0
      vertex 46.6673 0.33165 0
      vertex 84.3732 -1.50652 0
    endloop
  endfacet
  facet normal 0 0 -1
    outer loop
      vertex 84.3732 -1.50652 0
      vertex 46.6673 0.33165 0
      vertex 46.6268 0.493469 0
    endloop
  endfacet
  facet normal -0 0 -1
    outer loop
      vertex 84.4294 -1.34943 0
      vertex 84.3732 -1.50652 0
      vertex 46.6268 0.493469 0
    endloop
  endfacet
  facet normal 0 0 -1
    outer loop
      vertex 46.5706 0.650558 0
      vertex 84.4294 -1.34943 0
      vertex 46.6268 0.493469 0
    endloop
  endfacet
  facet normal 0 0 -1
    outer loop
      vertex 46.5706 0.650558 0
      vertex 84.5007 -1.19862 0
      vertex 84.4294 -1.34943 0
    endloop
  endfacet
  facet normal 0 0 -1
    outer loop
      vertex 46.4993 0.801361 0
      vertex 84.5865 -1.05553 0
      vertex 84.5007 -1.19862 0
    endloop
  endfacet
  facet normal 0 0 -1
    outer loop
      vertex 46.4993 0.801361 0
      vertex 46.4135 0.944458 0
      vertex 84.5865 -1.05553 0
    endloop
  endfacet
  facet normal 0 0 -1
    outer loop
      vertex 84.5865 -1.05553 0
      vertex 46.4135 0.944458 0
      vertex 84.6859 -0.921524 0
    endloop
  endfacet
  facet normal 0 0 -1
    outer loop
      vertex 84.6859 -0.921524 0
      vertex 46.4135 0.944458 0
      vertex 46.3141 1.07846 0
    endloop
  endfacet
  facet normal -0 0 -1
    outer loop
      vertex 84.7979 -0.797913 0
      vertex 84.6859 -0.921524 0
      vertex 46.3141 1.07846 0
    endloop
  endfacet
  facet normal 0 0 -1
    outer loop
      vertex 46.2021 1.20207 0
      vertex 84.7979 -0.797913 0
      vertex 46.3141 1.07846 0
    endloop
  endfacet
  facet normal 0 0 -1
    outer loop
      vertex 46.2021 1.20207 0
      vertex 84.9215 -0.685867 0
      vertex 84.7979 -0.797913 0
    endloop
  endfacet
  facet normal 0 0 -1
    outer loop
      vertex 46.2021 1.20207 0
      vertex 46.0785 1.31412 0
      vertex 84.9215 -0.685867 0
    endloop
  endfacet
  facet normal 0 0 -1
    outer loop
      vertex 84.9215 -0.685867 0
      vertex 46.0785 1.31412 0
      vertex 85.0555 -0.586487 0
    endloop
  endfacet
  facet normal 0 0 -1
    outer loop
      vertex 85.1986 -0.500732 0
      vertex 45.9445 1.4135 0
      vertex 45.8014 1.49925 0
    endloop
  endfacet
  facet normal 0 0 -1
    outer loop
      vertex 85.0555 -0.586487 0
      vertex 46.0785 1.31412 0
      vertex 45.9445 1.4135 0
    endloop
  endfacet
  facet normal 0 0 -1
    outer loop
      vertex 85.1986 -0.500732 0
      vertex 45.8014 1.49925 0
      vertex 85.3494 -0.429398 0
    endloop
  endfacet
  facet normal 0 0 -1
    outer loop
      vertex 85.3494 -0.429398 0
      vertex 45.8014 1.49925 0
      vertex 94 5 0
    endloop
  endfacet
  facet normal -0 0 -1
    outer loop
      vertex 85.5065 -0.373199 0
      vertex 85.3494 -0.429398 0
      vertex 94 5 0
    endloop
  endfacet
  facet normal -0 0 -1
    outer loop
      vertex 85.6683 -0.332657 0
      vertex 85.5065 -0.373199 0
      vertex 94 5 0
    endloop
  endfacet
  facet normal -0 0 -1
    outer loop
      vertex 85.8334 -0.308182 0
      vertex 85.6683 -0.332657 0
      vertex 94 5 0
    endloop
  endfacet
  facet normal -0 0 -1
    outer loop
      vertex 86 -0.299988 0
      vertex 85.8334 -0.308182 0
      vertex 94 5 0
    endloop
  endfacet
  facet normal 0 0 -1
    outer loop
      vertex 86.1666 -0.308182 0
      vertex 86 -0.299988 0
      vertex 94 5 0
    endloop
  endfacet
  facet normal 0 0 -1
    outer loop
      vertex 86.3316 -0.332657 0
      vertex 86.1666 -0.308182 0
      vertex 94 5 0
    endloop
  endfacet
  facet normal 0 0 -1
    outer loop
      vertex 86.4935 -0.373199 0
      vertex 86.3316 -0.332657 0
      vertex 94 5 0
    endloop
  endfacet
  facet normal 0 0 -1
    outer loop
      vertex 86.6506 -0.429398 0
      vertex 86.4935 -0.373199 0
      vertex 94 5 0
    endloop
  endfacet
  facet normal 0 0 -1
    outer loop
      vertex 86.8014 -0.500732 0
      vertex 86.6506 -0.429398 0
      vertex 94 5 0
    endloop
  endfacet
  facet normal 0 0 -1
    outer loop
      vertex 86.9445 -0.586487 0
      vertex 86.8014 -0.500732 0
      vertex 94 5 0
    endloop
  endfacet
  facet normal 0 0 -1
    outer loop
      vertex 87.0785 -0.685867 0
      vertex 86.9445 -0.586487 0
      vertex 94 5 0
    endloop
  endfacet
  facet normal 0 0 -1
    outer loop
      vertex 87.2021 -0.797913 0
      vertex 87.0785 -0.685867 0
      vertex 94 5 0
    endloop
  endfacet
  facet normal 0 0 -1
    outer loop
      vertex 94 5 0
      vertex 87.3141 -0.921524 0
      vertex 87.2021 -0.797913 0
    endloop
  endfacet
  facet normal 0 0 -1
    outer loop
      vertex 94 5 0
      vertex 87.4135 -1.05553 0
      vertex 87.3141 -0.921524 0
    endloop
  endfacet
  facet normal 0 0 -1
    outer loop
      vertex 94 5 0
      vertex 87.4993 -1.19862 0
      vertex 87.4135 -1.05553 0
    endloop
  endfacet
  facet normal 0 0 -1
    outer loop
      vertex 94 5 0
      vertex 87.5706 -1.34943 0
      vertex 87.4993 -1.19862 0
    endloop
  endfacet
  facet normal 0 0 -1
    outer loop
      vertex 87.6268 -1.50652 0
      vertex 94 5 0
      vertex 87.6673 -1.66833 0
    endloop
  endfacet
  facet normal 0 0 -1
    outer loop
      vertex 87.6673 -1.66833 0
      vertex 94 5 0
      vertex 87.6918 -1.83336 0
    endloop
  endfacet
  facet normal 0 0 -1
    outer loop
      vertex 87.6918 -1.83336 0
      vertex 94 5 0
      vertex 87.7 -2 0
    endloop
  endfacet
  facet normal 0 -0 -1
    outer loop
      vertex 87.7 -2 0
      vertex 94 5 0
      vertex 87.6918 -2.16663 0
    endloop
  endfacet
  facet normal 0 -0 -1
    outer loop
      vertex 87.6918 -2.16663 0
      vertex 94 5 0
      vertex 87.6673 -2.33165 0
    endloop
  endfacet
  facet normal 0 -0 -1
    outer loop
      vertex 87.6673 -2.33165 0
      vertex 94 5 0
      vertex 87.6268 -2.49347 0
    endloop
  endfacet
  facet normal 0 0 -1
    outer loop
      vertex 87.6268 -2.49347 0
      vertex 94 5 0
      vertex 87.6268 -11.5065 0
    endloop
  endfacet
  facet normal 0 0 -1
    outer loop
      vertex 87.5706 -11.3494 0
      vertex 87.4993 -11.1986 0
      vertex 87.4993 -2.80136 0
    endloop
  endfacet
  facet normal 0 0 -1
    outer loop
      vertex 87.2021 -3.20207 0
      vertex 87.3141 -10.9215 0
      vertex 87.2021 -10.7979 0
    endloop
  endfacet
  facet normal 0 0 -1
    outer loop
      vertex 86.9445 -10.5865 0
      vertex 86.8014 -3.49925 0
      vertex 86.9445 -3.4135 0
    endloop
  endfacet
  facet normal 0 0 -1
    outer loop
      vertex 86.4935 -3.62679 0
      vertex 86.6506 -10.4294 0
      vertex 86.4935 -10.3732 0
    endloop
  endfacet
  facet normal 0 0 -1
    outer loop
      vertex 86.3316 -10.3327 0
      vertex 86.1666 -10.3082 0
      vertex 86.1666 -3.6918 0
    endloop
  endfacet
  facet normal 0 0 -1
    outer loop
      vertex 86 -10.3 0
      vertex 85.8334 -3.6918 0
      vertex 86 -3.7 0
    endloop
  endfacet
  facet normal 0 0 -1
    outer loop
      vertex 85.6683 -10.3327 0
      vertex 85.6683 -3.66733 0
      vertex 85.8334 -10.3082 0
    endloop
  endfacet
  facet normal 0 0 -1
    outer loop
      vertex 85.3494 -3.57059 0
      vertex 85.5065 -10.3732 0
      vertex 85.3494 -10.4294 0
    endloop
  endfacet
  facet normal 0 0 -1
    outer loop
      vertex 85.1986 -3.49925 0
      vertex 85.3494 -3.57059 0
      vertex 85.3494 -10.4294 0
    endloop
  endfacet
  facet normal 0 0 -1
    outer loop
      vertex 85.1986 -10.5007 0
      vertex 85.1986 -3.49925 0
      vertex 85.3494 -10.4294 0
    endloop
  endfacet
  facet normal 0 0 -1
    outer loop
      vertex 85.1986 -10.5007 0
      vertex 85.0555 -3.4135 0
      vertex 85.1986 -3.49925 0
    endloop
  endfacet
  facet normal -0 0 -1
    outer loop
      vertex 85.0555 -10.5865 0
      vertex 84.9215 -10.6859 0
      vertex 84.9215 -3.31412 0
    endloop
  endfacet
  facet normal 0 0 -1
    outer loop
      vertex 85.0555 -10.5865 0
      vertex 84.9215 -3.31412 0
      vertex 85.0555 -3.4135 0
    endloop
  endfacet
  facet normal 0 0 -1
    outer loop
      vertex 84.7979 -3.20207 0
      vertex 84.9215 -3.31412 0
      vertex 84.9215 -10.6859 0
    endloop
  endfacet
  facet normal 0 0 -1
    outer loop
      vertex 78 -19 0
      vertex 85.8334 -13.6918 0
      vertex 86 -13.7 0
    endloop
  endfacet
  facet normal 0 0 -1
    outer loop
      vertex 85.3494 -3.57059 0
      vertex 85.5065 -3.62679 0
      vertex 85.5065 -10.3732 0
    endloop
  endfacet
  facet normal 0 0 -1
    outer loop
      vertex 78 -19 0
      vertex 85.6683 -13.6673 0
      vertex 85.8334 -13.6918 0
    endloop
  endfacet
  facet normal 0 0 -1
    outer loop
      vertex 78 -19 0
      vertex 85.5065 -13.6268 0
      vertex 85.6683 -13.6673 0
    endloop
  endfacet
  facet normal 0 -0 -1
    outer loop
      vertex 85.3494 -13.5706 0
      vertex 85.5065 -13.6268 0
      vertex 78 -19 0
    endloop
  endfacet
  facet normal 0 -0 -1
    outer loop
      vertex 85.1986 -13.4993 0
      vertex 85.3494 -13.5706 0
      vertex 78 -19 0
    endloop
  endfacet
  facet normal 0 -0 -1
    outer loop
      vertex 85.0555 -13.4135 0
      vertex 85.1986 -13.4993 0
      vertex 78 -19 0
    endloop
  endfacet
  facet normal 0 -0 -1
    outer loop
      vertex 84.3732 -2.49347 0
      vertex 84.3732 -11.5065 0
      vertex 78 -19 0
    endloop
  endfacet
  facet normal 0 -0 -1
    outer loop
      vertex 84.9215 -13.3141 0
      vertex 85.0555 -13.4135 0
      vertex 78 -19 0
    endloop
  endfacet
  facet normal -0 0 -1
    outer loop
      vertex 84.7979 -13.2021 0
      vertex 78 -19 0
      vertex 84.6859 -13.0785 0
    endloop
  endfacet
  facet normal -0 0 -1
    outer loop
      vertex 84.6859 -13.0785 0
      vertex 78 -19 0
      vertex 84.5865 -12.9445 0
    endloop
  endfacet
  facet normal -0 0 -1
    outer loop
      vertex 84.5865 -12.9445 0
      vertex 78 -19 0
      vertex 84.5007 -12.8014 0
    endloop
  endfacet
  facet normal 0 0 -1
    outer loop
      vertex 84.3732 -11.5065 0
      vertex 84.3327 -11.6683 0
      vertex 78 -19 0
    endloop
  endfacet
  facet normal -0 0 -1
    outer loop
      vertex 84.4294 -12.6506 0
      vertex 78 -19 0
      vertex 84.3732 -12.4935 0
    endloop
  endfacet
  facet normal -0 0 -1
    outer loop
      vertex 84.3732 -12.4935 0
      vertex 78 -19 0
      vertex 84.3327 -12.3316 0
    endloop
  endfacet
  facet normal -0 0 -1
    outer loop
      vertex 84.3327 -12.3316 0
      vertex 78 -19 0
      vertex 84.3082 -12.1666 0
    endloop
  endfacet
  facet normal -0 0 -1
    outer loop
      vertex 84.3082 -12.1666 0
      vertex 78 -19 0
      vertex 84.3 -12 0
    endloop
  endfacet
  facet normal -0 0 -1
    outer loop
      vertex 84.3 -12 0
      vertex 78 -19 0
      vertex 84.3082 -11.8334 0
    endloop
  endfacet
  facet normal 0 0 -1
    outer loop
      vertex 84.4294 -11.3494 0
      vertex 84.4294 -2.65056 0
      vertex 84.5007 -11.1986 0
    endloop
  endfacet
  facet normal 0 0 -1
    outer loop
      vertex 84.7979 -10.7979 0
      vertex 84.6859 -3.07846 0
      vertex 84.7979 -3.20207 0
    endloop
  endfacet
  facet normal 0 0 -1
    outer loop
      vertex 85.0555 -10.5865 0
      vertex 85.0555 -3.4135 0
      vertex 85.1986 -10.5007 0
    endloop
  endfacet
  facet normal 0 0 -1
    outer loop
      vertex 85.5065 -10.3732 0
      vertex 85.5065 -3.62679 0
      vertex 85.6683 -10.3327 0
    endloop
  endfacet
  facet normal 0 0 -1
    outer loop
      vertex 85.6683 -10.3327 0
      vertex 85.5065 -3.62679 0
      vertex 85.6683 -3.66733 0
    endloop
  endfacet
  facet normal 0 0 -1
    outer loop
      vertex 85.8334 -10.3082 0
      vertex 85.6683 -3.66733 0
      vertex 85.8334 -3.6918 0
    endloop
  endfacet
  facet normal -0 0 -1
    outer loop
      vertex 86 -10.3 0
      vertex 85.8334 -10.3082 0
      vertex 85.8334 -3.6918 0
    endloop
  endfacet
  facet normal 0 0 -1
    outer loop
      vertex 86.1666 -10.3082 0
      vertex 86 -10.3 0
      vertex 86 -3.7 0
    endloop
  endfacet
  facet normal 0 -0 -1
    outer loop
      vertex 86.1666 -3.6918 0
      vertex 86.1666 -10.3082 0
      vertex 86 -3.7 0
    endloop
  endfacet
  facet normal 0 0 -1
    outer loop
      vertex 87.5706 -11.3494 0
      vertex 87.4993 -2.80136 0
      vertex 87.5706 -2.65056 0
    endloop
  endfacet
  facet normal 0 0 -1
    outer loop
      vertex 86.1666 -3.6918 0
      vertex 86.3316 -3.66733 0
      vertex 86.3316 -10.3327 0
    endloop
  endfacet
  facet normal 0 0 -1
    outer loop
      vertex 86.3316 -10.3327 0
      vertex 86.3316 -3.66733 0
      vertex 86.4935 -10.3732 0
    endloop
  endfacet
  facet normal 0 0 -1
    outer loop
      vertex 86.4935 -10.3732 0
      vertex 86.3316 -3.66733 0
      vertex 86.4935 -3.62679 0
    endloop
  endfacet
  facet normal 0 0 -1
    outer loop
      vertex 86.6506 -10.4294 0
      vertex 86.4935 -3.62679 0
      vertex 86.6506 -3.57059 0
    endloop
  endfacet
  facet normal 0 0 -1
    outer loop
      vertex 86.8014 -10.5007 0
      vertex 86.6506 -10.4294 0
      vertex 86.6506 -3.57059 0
    endloop
  endfacet
  facet normal 0 -0 -1
    outer loop
      vertex 86.8014 -3.49925 0
      vertex 86.8014 -10.5007 0
      vertex 86.6506 -3.57059 0
    endloop
  endfacet
  facet normal 0 0 -1
    outer loop
      vertex 86.8014 -3.49925 0
      vertex 86.9445 -10.5865 0
      vertex 86.8014 -10.5007 0
    endloop
  endfacet
  facet normal 0 0 -1
    outer loop
      vertex 86.9445 -3.4135 0
      vertex 87.0785 -10.6859 0
      vertex 86.9445 -10.5865 0
    endloop
  endfacet
  facet normal 0 0 -1
    outer loop
      vertex 86.9445 -3.4135 0
      vertex 87.0785 -3.31412 0
      vertex 87.0785 -10.6859 0
    endloop
  endfacet
  facet normal 0 0 -1
    outer loop
      vertex 87.0785 -10.6859 0
      vertex 87.0785 -3.31412 0
      vertex 87.2021 -10.7979 0
    endloop
  endfacet
  facet normal 0 0 -1
    outer loop
      vertex 87.2021 -10.7979 0
      vertex 87.0785 -3.31412 0
      vertex 87.2021 -3.20207 0
    endloop
  endfacet
  facet normal 0 0 -1
    outer loop
      vertex 87.3141 -10.9215 0
      vertex 87.2021 -3.20207 0
      vertex 87.3141 -3.07846 0
    endloop
  endfacet
  facet normal 0 0 -1
    outer loop
      vertex 87.4135 -11.0555 0
      vertex 87.3141 -10.9215 0
      vertex 87.3141 -3.07846 0
    endloop
  endfacet
  facet normal 0 -0 -1
    outer loop
      vertex 87.4135 -2.94446 0
      vertex 87.4135 -11.0555 0
      vertex 87.3141 -3.07846 0
    endloop
  endfacet
  facet normal 0 0 -1
    outer loop
      vertex 87.4135 -2.94446 0
      vertex 87.4993 -2.80136 0
      vertex 87.4993 -11.1986 0
    endloop
  endfacet
  facet normal 0 0 -1
    outer loop
      vertex 87.4135 -2.94446 0
      vertex 87.4993 -11.1986 0
      vertex 87.4135 -11.0555 0
    endloop
  endfacet
  facet normal 0 0 -1
    outer loop
      vertex 87.6268 -11.5065 0
      vertex 87.5706 -11.3494 0
      vertex 87.5706 -2.65056 0
    endloop
  endfacet
  facet normal 0 -0 -1
    outer loop
      vertex 87.6268 -2.49347 0
      vertex 87.6268 -11.5065 0
      vertex 87.5706 -2.65056 0
    endloop
  endfacet
  facet normal 0 -0 -1
    outer loop
      vertex 94 5 0
      vertex 94 -19 0
      vertex 87.6268 -11.5065 0
    endloop
  endfacet
  facet normal 0 0 -1
    outer loop
      vertex 87.6268 -11.5065 0
      vertex 94 -19 0
      vertex 87.6673 -11.6683 0
    endloop
  endfacet
  facet normal 0 0 -1
    outer loop
      vertex 87.6673 -11.6683 0
      vertex 94 -19 0
      vertex 87.6918 -11.8334 0
    endloop
  endfacet
  facet normal 0 0 -1
    outer loop
      vertex 87.6918 -11.8334 0
      vertex 94 -19 0
      vertex 87.7 -12 0
    endloop
  endfacet
  facet normal 0 -0 -1
    outer loop
      vertex 87.7 -12 0
      vertex 94 -19 0
      vertex 87.6918 -12.1666 0
    endloop
  endfacet
  facet normal 0 -0 -1
    outer loop
      vertex 87.6918 -12.1666 0
      vertex 94 -19 0
      vertex 87.6673 -12.3316 0
    endloop
  endfacet
  facet normal 0 -0 -1
    outer loop
      vertex 87.6673 -12.3316 0
      vertex 94 -19 0
      vertex 87.6268 -12.4935 0
    endloop
  endfacet
  facet normal 0 -0 -1
    outer loop
      vertex 87.6268 -12.4935 0
      vertex 94 -19 0
      vertex 87.5706 -12.6506 0
    endloop
  endfacet
  facet normal 0 -0 -1
    outer loop
      vertex 87.5706 -12.6506 0
      vertex 94 -19 0
      vertex 87.4993 -12.8014 0
    endloop
  endfacet
  facet normal 0 -0 -1
    outer loop
      vertex 87.4993 -12.8014 0
      vertex 94 -19 0
      vertex 87.4135 -12.9445 0
    endloop
  endfacet
  facet normal 0 -0 -1
    outer loop
      vertex 87.4135 -12.9445 0
      vertex 94 -19 0
      vertex 87.3141 -13.0785 0
    endloop
  endfacet
  facet normal 0 -0 -1
    outer loop
      vertex 87.3141 -13.0785 0
      vertex 94 -19 0
      vertex 87.2021 -13.2021 0
    endloop
  endfacet
  facet normal 0 -0 -1
    outer loop
      vertex 87.2021 -13.2021 0
      vertex 94 -19 0
      vertex 87.0785 -13.3141 0
    endloop
  endfacet
  facet normal 0 -0 -1
    outer loop
      vertex 87.0785 -13.3141 0
      vertex 94 -19 0
      vertex 86.9445 -13.4135 0
    endloop
  endfacet
  facet normal 0 -0 -1
    outer loop
      vertex 86.9445 -13.4135 0
      vertex 94 -19 0
      vertex 86.8014 -13.4993 0
    endloop
  endfacet
  facet normal 0 -0 -1
    outer loop
      vertex 86.8014 -13.4993 0
      vertex 94 -19 0
      vertex 86.6506 -13.5706 0
    endloop
  endfacet
  facet normal 0 -0 -1
    outer loop
      vertex 86.6506 -13.5706 0
      vertex 94 -19 0
      vertex 86.4935 -13.6268 0
    endloop
  endfacet
  facet normal 0 -0 -1
    outer loop
      vertex 86.4935 -13.6268 0
      vertex 94 -19 0
      vertex 86.3316 -13.6673 0
    endloop
  endfacet
  facet normal 0 -0 -1
    outer loop
      vertex 86.3316 -13.6673 0
      vertex 94 -19 0
      vertex 86.1666 -13.6918 0
    endloop
  endfacet
  facet normal 0 -0 -1
    outer loop
      vertex 86.1666 -13.6918 0
      vertex 94 -19 0
      vertex 86 -13.7 0
    endloop
  endfacet
  facet normal 0 0 1
    outer loop
      vertex -2.58372 0.783768 5
      vertex -8.31491 3.44414 5
      vertex -8.61246 2.61255 5
    endloop
  endfacet
  facet normal 0 0 1
    outer loop
      vertex -2.08713 1.71286 5
      vertex -6.36395 6.36395 5
      vertex -6.95709 5.70953 5
    endloop
  endfacet
  facet normal 0 0 1
    outer loop
      vertex -1.90918 -1.90918 5
      vertex -2.08713 -1.71286 5
      vertex -6.36395 -6.36395 5
    endloop
  endfacet
  facet normal 0 0 1
    outer loop
      vertex -2.49446 -1.03323 5
      vertex -8.31491 -3.44414 5
      vertex -2.38118 -1.27277 5
    endloop
  endfacet
  facet normal 0 0 1
    outer loop
      vertex -2.24496 -1.50003 5
      vertex -7.48322 -5.00012 5
      vertex -2.08713 -1.71286 5
    endloop
  endfacet
  facet normal 0 -0 1
    outer loop
      vertex -3.44414 -8.31491 5
      vertex -1.27277 -2.38118 5
      vertex -4.24257 -7.93729 5
    endloop
  endfacet
  facet normal 0 0 1
    outer loop
      vertex 0.264633 -2.687 5
      vertex 0 -2.7 5
      vertex -0.882141 -8.95665 5
    endloop
  endfacet
  facet normal 0 0 1
    outer loop
      vertex -5.00012 -7.48322 5
      vertex -1.50003 -2.24496 5
      vertex -1.71286 -2.08713 5
    endloop
  endfacet
  facet normal 0 0 1
    outer loop
      vertex -1.27277 -2.38118 5
      vertex -1.50003 -2.24496 5
      vertex -5.00012 -7.48322 5
    endloop
  endfacet
  facet normal 0 0 1
    outer loop
      vertex -1.27277 -2.38118 5
      vertex -5.00012 -7.48322 5
      vertex -4.24257 -7.93729 5
    endloop
  endfacet
  facet normal 0 0 1
    outer loop
      vertex -1.27277 -2.38118 5
      vertex -3.44414 -8.31491 5
      vertex -1.03323 -2.49446 5
    endloop
  endfacet
  facet normal 0 0 1
    outer loop
      vertex -3.44414 -8.31491 5
      vertex -0.783768 -2.58372 5
      vertex -1.03323 -2.49446 5
    endloop
  endfacet
  facet normal 0 -0 1
    outer loop
      vertex -2.61255 -8.61246 5
      vertex -0.783768 -2.58372 5
      vertex -3.44414 -8.31491 5
    endloop
  endfacet
  facet normal 0 0 1
    outer loop
      vertex -0.526733 -2.64812 5
      vertex -0.783768 -2.58372 5
      vertex -2.61255 -8.61246 5
    endloop
  endfacet
  facet normal 0 0 1
    outer loop
      vertex -0.526733 -2.64812 5
      vertex -2.61255 -8.61246 5
      vertex -1.7558 -8.82706 5
    endloop
  endfacet
  facet normal 0 0 1
    outer loop
      vertex -0.264633 -2.687 5
      vertex -0.526733 -2.64812 5
      vertex -0.882141 -8.95665 5
    endloop
  endfacet
  facet normal 0 0 1
    outer loop
      vertex -0.526733 -2.64812 5
      vertex -1.7558 -8.82706 5
      vertex -0.882141 -8.95665 5
    endloop
  endfacet
  facet normal 0 0 1
    outer loop
      vertex -0.882141 -8.95665 5
      vertex 0 -2.7 5
      vertex -0.264633 -2.687 5
    endloop
  endfacet
  facet normal 0 -0 1
    outer loop
      vertex -1.90918 1.90918 5
      vertex -1.71286 2.08713 5
      vertex -6.36395 6.36395 5
    endloop
  endfacet
  facet normal -0 0 1
    outer loop
      vertex -0.882141 -8.95665 5
      vertex 78 -19 5
      vertex 44.6683 -1.66733 5
    endloop
  endfacet
  facet normal 0 0 1
    outer loop
      vertex 0 9 5
      vertex 2.24496 1.50003 5
      vertex 2.38118 1.27277 5
    endloop
  endfacet
  facet normal -0 0 1
    outer loop
      vertex 87.5706 -1.34943 5
      vertex 87.6268 -1.50652 5
      vertex 94 5 5
    endloop
  endfacet
  facet normal 0 0 1
    outer loop
      vertex -1.71286 2.08713 5
      vertex -5.70953 6.95709 5
      vertex -6.36395 6.36395 5
    endloop
  endfacet
  facet normal 0 -0 1
    outer loop
      vertex -5.70953 -6.95709 5
      vertex -1.71286 -2.08713 5
      vertex -6.36395 -6.36395 5
    endloop
  endfacet
  facet normal -0 0 1
    outer loop
      vertex -5.70953 -6.95709 5
      vertex -5.00012 -7.48322 5
      vertex -1.71286 -2.08713 5
    endloop
  endfacet
  facet normal 0 0 1
    outer loop
      vertex -1.71286 -2.08713 5
      vertex -1.90918 -1.90918 5
      vertex -6.36395 -6.36395 5
    endloop
  endfacet
  facet normal 0 -0 1
    outer loop
      vertex -6.95709 -5.70953 5
      vertex -2.08713 -1.71286 5
      vertex -7.48322 -5.00012 5
    endloop
  endfacet
  facet normal -0 0 1
    outer loop
      vertex -6.95709 -5.70953 5
      vertex -6.36395 -6.36395 5
      vertex -2.08713 -1.71286 5
    endloop
  endfacet
  facet normal 0 0 1
    outer loop
      vertex -2.38118 -1.27277 5
      vertex -7.48322 -5.00012 5
      vertex -2.24496 -1.50003 5
    endloop
  endfacet
  facet normal 0 -0 1
    outer loop
      vertex -7.93729 -4.24257 5
      vertex -2.38118 -1.27277 5
      vertex -8.31491 -3.44414 5
    endloop
  endfacet
  facet normal -0 0 1
    outer loop
      vertex -7.93729 -4.24257 5
      vertex -7.48322 -5.00012 5
      vertex -2.38118 -1.27277 5
    endloop
  endfacet
  facet normal 0 0 1
    outer loop
      vertex -2.58372 -0.783768 5
      vertex -8.31491 -3.44414 5
      vertex -2.49446 -1.03323 5
    endloop
  endfacet
  facet normal 0 0 1
    outer loop
      vertex -8.61246 -2.61255 5
      vertex -2.58372 -0.783768 5
      vertex -2.64812 -0.526733 5
    endloop
  endfacet
  facet normal -0 0 1
    outer loop
      vertex -8.61246 -2.61255 5
      vertex -8.31491 -3.44414 5
      vertex -2.58372 -0.783768 5
    endloop
  endfacet
  facet normal 0 -0 1
    outer loop
      vertex -8.82706 -1.7558 5
      vertex -2.64812 -0.526733 5
      vertex -8.95665 -0.882141 5
    endloop
  endfacet
  facet normal -0 0 1
    outer loop
      vertex -8.82706 -1.7558 5
      vertex -8.61246 -2.61255 5
      vertex -2.64812 -0.526733 5
    endloop
  endfacet
  facet normal 0 0 1
    outer loop
      vertex -8.95665 -0.882141 5
      vertex -2.687 -0.264633 5
      vertex -2.7 0 5
    endloop
  endfacet
  facet normal 0 0 1
    outer loop
      vertex -8.95665 -0.882141 5
      vertex -2.64812 -0.526733 5
      vertex -2.687 -0.264633 5
    endloop
  endfacet
  facet normal 0 0 1
    outer loop
      vertex -9 0 5
      vertex -2.7 0 5
      vertex -8.95665 0.882141 5
    endloop
  endfacet
  facet normal -0 0 1
    outer loop
      vertex -9 0 5
      vertex -8.95665 -0.882141 5
      vertex -2.7 0 5
    endloop
  endfacet
  facet normal 0 0 1
    outer loop
      vertex -8.95665 0.882141 5
      vertex -2.687 0.264633 5
      vertex -2.64812 0.526733 5
    endloop
  endfacet
  facet normal 0 0 1
    outer loop
      vertex -8.95665 0.882141 5
      vertex -2.7 0 5
      vertex -2.687 0.264633 5
    endloop
  endfacet
  facet normal -0 0 1
    outer loop
      vertex -8.82706 1.7558 5
      vertex -2.64812 0.526733 5
      vertex -8.61246 2.61255 5
    endloop
  endfacet
  facet normal 0 0 1
    outer loop
      vertex -8.82706 1.7558 5
      vertex -8.95665 0.882141 5
      vertex -2.64812 0.526733 5
    endloop
  endfacet
  facet normal 0 -0 1
    outer loop
      vertex -2.64812 0.526733 5
      vertex -2.58372 0.783768 5
      vertex -8.61246 2.61255 5
    endloop
  endfacet
  facet normal 0 0 1
    outer loop
      vertex -8.31491 3.44414 5
      vertex -2.49446 1.03323 5
      vertex -2.38118 1.27277 5
    endloop
  endfacet
  facet normal 0 0 1
    outer loop
      vertex -8.31491 3.44414 5
      vertex -2.58372 0.783768 5
      vertex -2.49446 1.03323 5
    endloop
  endfacet
  facet normal -0 0 1
    outer loop
      vertex -7.93729 4.24257 5
      vertex -2.38118 1.27277 5
      vertex -7.48322 5.00012 5
    endloop
  endfacet
  facet normal 0 0 1
    outer loop
      vertex -7.93729 4.24257 5
      vertex -8.31491 3.44414 5
      vertex -2.38118 1.27277 5
    endloop
  endfacet
  facet normal 0 0 1
    outer loop
      vertex -7.48322 5.00012 5
      vertex -2.24496 1.50003 5
      vertex -2.08713 1.71286 5
    endloop
  endfacet
  facet normal 0 0 1
    outer loop
      vertex -7.48322 5.00012 5
      vertex -2.38118 1.27277 5
      vertex -2.24496 1.50003 5
    endloop
  endfacet
  facet normal -0 0 1
    outer loop
      vertex -7.48322 5.00012 5
      vertex -2.08713 1.71286 5
      vertex -6.95709 5.70953 5
    endloop
  endfacet
  facet normal 0 -0 1
    outer loop
      vertex -2.08713 1.71286 5
      vertex -1.90918 1.90918 5
      vertex -6.36395 6.36395 5
    endloop
  endfacet
  facet normal 0 0 1
    outer loop
      vertex -5.00012 7.48322 5
      vertex -5.70953 6.95709 5
      vertex -1.71286 2.08713 5
    endloop
  endfacet
  facet normal 0 -0 1
    outer loop
      vertex -1.71286 2.08713 5
      vertex -1.50003 2.24496 5
      vertex -5.00012 7.48322 5
    endloop
  endfacet
  facet normal 0 -0 1
    outer loop
      vertex -1.50003 2.24496 5
      vertex -1.27277 2.38118 5
      vertex -5.00012 7.48322 5
    endloop
  endfacet
  facet normal 0 0 1
    outer loop
      vertex -1.27277 2.38118 5
      vertex -4.24257 7.93729 5
      vertex -5.00012 7.48322 5
    endloop
  endfacet
  facet normal 0 0 1
    outer loop
      vertex -3.44414 8.31491 5
      vertex -4.24257 7.93729 5
      vertex -1.27277 2.38118 5
    endloop
  endfacet
  facet normal 0 0 1
    outer loop
      vertex -3.44414 8.31491 5
      vertex -1.27277 2.38118 5
      vertex -1.03323 2.49446 5
    endloop
  endfacet
  facet normal 0 0 1
    outer loop
      vertex -3.44414 8.31491 5
      vertex -1.03323 2.49446 5
      vertex -0.783768 2.58372 5
    endloop
  endfacet
  facet normal -0 0 1
    outer loop
      vertex -3.44414 8.31491 5
      vertex -0.783768 2.58372 5
      vertex -2.61255 8.61246 5
    endloop
  endfacet
  facet normal 0 -0 1
    outer loop
      vertex -0.783768 2.58372 5
      vertex -0.526733 2.64812 5
      vertex -2.61255 8.61246 5
    endloop
  endfacet
  facet normal 0 0 1
    outer loop
      vertex -0.526733 2.64812 5
      vertex -1.7558 8.82706 5
      vertex -2.61255 8.61246 5
    endloop
  endfacet
  facet normal 0 0 1
    outer loop
      vertex -0.882141 8.95665 5
      vertex -1.7558 8.82706 5
      vertex -0.526733 2.64812 5
    endloop
  endfacet
  facet normal 0 0 1
    outer loop
      vertex -0.882141 8.95665 5
      vertex -0.526733 2.64812 5
      vertex -0.264633 2.687 5
    endloop
  endfacet
  facet normal 0 0 1
    outer loop
      vertex -0.882141 8.95665 5
      vertex -0.264633 2.687 5
      vertex 0 2.7 5
    endloop
  endfacet
  facet normal 0 0 1
    outer loop
      vertex 0 9 5
      vertex -0.882141 8.95665 5
      vertex 0 2.7 5
    endloop
  endfacet
  facet normal 0 0 1
    outer loop
      vertex 0 9 5
      vertex 0 2.7 5
      vertex 0.264633 2.687 5
    endloop
  endfacet
  facet normal 0 0 1
    outer loop
      vertex 0 9 5
      vertex 0.264633 2.687 5
      vertex 0.526733 2.64812 5
    endloop
  endfacet
  facet normal 0 0 1
    outer loop
      vertex 0 9 5
      vertex 0.783768 2.58372 5
      vertex 1.03323 2.49446 5
    endloop
  endfacet
  facet normal 0 0 1
    outer loop
      vertex 0 9 5
      vertex 0.526733 2.64812 5
      vertex 0.783768 2.58372 5
    endloop
  endfacet
  facet normal 0 0 1
    outer loop
      vertex 0 9 5
      vertex 1.03323 2.49446 5
      vertex 1.27277 2.38118 5
    endloop
  endfacet
  facet normal 0 0 1
    outer loop
      vertex 0 9 5
      vertex 1.27277 2.38118 5
      vertex 1.50003 2.24496 5
    endloop
  endfacet
  facet normal 0 0 1
    outer loop
      vertex 0 9 5
      vertex 1.50003 2.24496 5
      vertex 1.71286 2.08713 5
    endloop
  endfacet
  facet normal 0 0 1
    outer loop
      vertex 0 9 5
      vertex 1.71286 2.08713 5
      vertex 1.90918 1.90918 5
    endloop
  endfacet
  facet normal 0 0 1
    outer loop
      vertex 0 9 5
      vertex 1.90918 1.90918 5
      vertex 2.08713 1.71286 5
    endloop
  endfacet
  facet normal 0 0 1
    outer loop
      vertex 0 9 5
      vertex 2.08713 1.71286 5
      vertex 2.24496 1.50003 5
    endloop
  endfacet
  facet normal 0 0 1
    outer loop
      vertex 2.38118 -1.27277 5
      vertex 43.5865 -0.944458 5
      vertex 43.5007 -0.801361 5
    endloop
  endfacet
  facet normal 0 0 1
    outer loop
      vertex 43.5007 -0.801361 5
      vertex 43.4294 -0.650558 5
      vertex 2.49446 -1.03323 5
    endloop
  endfacet
  facet normal 0 0 1
    outer loop
      vertex 43.5865 -0.944458 5
      vertex 2.38118 -1.27277 5
      vertex 2.24496 -1.50003 5
    endloop
  endfacet
  facet normal 0 0 1
    outer loop
      vertex 43.5865 -0.944458 5
      vertex 2.24496 -1.50003 5
      vertex -0.882141 -8.95665 5
    endloop
  endfacet
  facet normal 0 0 1
    outer loop
      vertex 43.5865 -0.944458 5
      vertex -0.882141 -8.95665 5
      vertex 43.6859 -1.07846 5
    endloop
  endfacet
  facet normal 0 0 1
    outer loop
      vertex -0.882141 -8.95665 5
      vertex 43.9215 -1.31412 5
      vertex 43.7979 -1.20207 5
    endloop
  endfacet
  facet normal 0 0 1
    outer loop
      vertex 44.0555 -1.4135 5
      vertex 43.9215 -1.31412 5
      vertex -0.882141 -8.95665 5
    endloop
  endfacet
  facet normal 0 0 1
    outer loop
      vertex 44.0555 -1.4135 5
      vertex -0.882141 -8.95665 5
      vertex 44.1986 -1.49925 5
    endloop
  endfacet
  facet normal 0 0 1
    outer loop
      vertex -0.882141 -8.95665 5
      vertex 44.3494 -1.57059 5
      vertex 44.1986 -1.49925 5
    endloop
  endfacet
  facet normal 0 0 1
    outer loop
      vertex 44.5065 -1.62679 5
      vertex 44.3494 -1.57059 5
      vertex -0.882141 -8.95665 5
    endloop
  endfacet
  facet normal 0 0 1
    outer loop
      vertex 44.5065 -1.62679 5
      vertex -0.882141 -8.95665 5
      vertex 44.6683 -1.66733 5
    endloop
  endfacet
  facet normal 0 0 1
    outer loop
      vertex 78 -19 5
      vertex 45 -1.7 5
      vertex 44.8334 -1.6918 5
    endloop
  endfacet
  facet normal 0 0 1
    outer loop
      vertex 78 -19 5
      vertex 44.8334 -1.6918 5
      vertex 44.6683 -1.66733 5
    endloop
  endfacet
  facet normal 0 0 1
    outer loop
      vertex 2.24496 -1.50003 5
      vertex 2.08713 -1.71286 5
      vertex -0.882141 -8.95665 5
    endloop
  endfacet
  facet normal 0 0 1
    outer loop
      vertex 2.08713 -1.71286 5
      vertex 1.90918 -1.90918 5
      vertex -0.882141 -8.95665 5
    endloop
  endfacet
  facet normal 0 0 1
    outer loop
      vertex 1.90918 -1.90918 5
      vertex 1.71286 -2.08713 5
      vertex -0.882141 -8.95665 5
    endloop
  endfacet
  facet normal 0 0 1
    outer loop
      vertex 1.71286 -2.08713 5
      vertex 1.50003 -2.24496 5
      vertex -0.882141 -8.95665 5
    endloop
  endfacet
  facet normal 0 0 1
    outer loop
      vertex 1.50003 -2.24496 5
      vertex 1.27277 -2.38118 5
      vertex -0.882141 -8.95665 5
    endloop
  endfacet
  facet normal 0 0 1
    outer loop
      vertex 1.27277 -2.38118 5
      vertex 1.03323 -2.49446 5
      vertex -0.882141 -8.95665 5
    endloop
  endfacet
  facet normal 0 0 1
    outer loop
      vertex 1.03323 -2.49446 5
      vertex 0.783768 -2.58372 5
      vertex -0.882141 -8.95665 5
    endloop
  endfacet
  facet normal 0 0 1
    outer loop
      vertex 0.783768 -2.58372 5
      vertex 0.526733 -2.64812 5
      vertex -0.882141 -8.95665 5
    endloop
  endfacet
  facet normal 0 0 1
    outer loop
      vertex 0.526733 -2.64812 5
      vertex 0.264633 -2.687 5
      vertex -0.882141 -8.95665 5
    endloop
  endfacet
  facet normal 0 0 1
    outer loop
      vertex 43.4294 -0.650558 5
      vertex 2.58372 -0.783768 5
      vertex 2.49446 -1.03323 5
    endloop
  endfacet
  facet normal 0 0 1
    outer loop
      vertex 43.6859 -1.07846 5
      vertex -0.882141 -8.95665 5
      vertex 43.7979 -1.20207 5
    endloop
  endfacet
  facet normal 0 -0 1
    outer loop
      vertex 84.3082 -1.83336 5
      vertex 84.3327 -1.66833 5
      vertex 46.6918 0.166626 5
    endloop
  endfacet
  facet normal 0 0 1
    outer loop
      vertex 2.38118 -1.27277 5
      vertex 43.5007 -0.801361 5
      vertex 2.49446 -1.03323 5
    endloop
  endfacet
  facet normal 0 0 1
    outer loop
      vertex 43.3732 -0.493469 5
      vertex 2.58372 -0.783768 5
      vertex 43.4294 -0.650558 5
    endloop
  endfacet
  facet normal -0 0 1
    outer loop
      vertex 2.64812 -0.526733 5
      vertex 2.58372 -0.783768 5
      vertex 43.3732 -0.493469 5
    endloop
  endfacet
  facet normal 0 0 1
    outer loop
      vertex 2.64812 -0.526733 5
      vertex 43.3732 -0.493469 5
      vertex 43.3327 -0.33165 5
    endloop
  endfacet
  facet normal 0 0 1
    outer loop
      vertex 2.64812 -0.526733 5
      vertex 43.3327 -0.33165 5
      vertex 2.687 -0.264633 5
    endloop
  endfacet
  facet normal 0 0 1
    outer loop
      vertex 43.3327 -0.33165 5
      vertex 43.3082 -0.166626 5
      vertex 2.687 -0.264633 5
    endloop
  endfacet
  facet normal 0 0 1
    outer loop
      vertex 43.3082 -0.166626 5
      vertex 2.7 0 5
      vertex 2.687 -0.264633 5
    endloop
  endfacet
  facet normal 0 0 1
    outer loop
      vertex 43.3 0 5
      vertex 2.7 0 5
      vertex 43.3082 -0.166626 5
    endloop
  endfacet
  facet normal 0 0 1
    outer loop
      vertex 43.3082 0.166626 5
      vertex 2.7 0 5
      vertex 43.3 0 5
    endloop
  endfacet
  facet normal 0 0 1
    outer loop
      vertex 2.687 0.264633 5
      vertex 2.7 0 5
      vertex 43.3082 0.166626 5
    endloop
  endfacet
  facet normal -0 0 1
    outer loop
      vertex 2.687 0.264633 5
      vertex 43.3082 0.166626 5
      vertex 43.3327 0.33165 5
    endloop
  endfacet
  facet normal 0 -0 1
    outer loop
      vertex 2.687 0.264633 5
      vertex 43.3327 0.33165 5
      vertex 2.64812 0.526733 5
    endloop
  endfacet
  facet normal 0 -0 1
    outer loop
      vertex 43.3327 0.33165 5
      vertex 43.3732 0.493469 5
      vertex 2.64812 0.526733 5
    endloop
  endfacet
  facet normal 0 0 1
    outer loop
      vertex 43.3732 0.493469 5
      vertex 2.58372 0.783768 5
      vertex 2.64812 0.526733 5
    endloop
  endfacet
  facet normal 0 0 1
    outer loop
      vertex 43.4294 0.650558 5
      vertex 2.58372 0.783768 5
      vertex 43.3732 0.493469 5
    endloop
  endfacet
  facet normal 0 0 1
    outer loop
      vertex 2.49446 1.03323 5
      vertex 2.58372 0.783768 5
      vertex 43.4294 0.650558 5
    endloop
  endfacet
  facet normal 0 0 1
    outer loop
      vertex 2.49446 1.03323 5
      vertex 43.4294 0.650558 5
      vertex 43.5007 0.801361 5
    endloop
  endfacet
  facet normal -0 -0 1
    outer loop
      vertex 2.49446 1.03323 5
      vertex 43.5007 0.801361 5
      vertex 2.38118 1.27277 5
    endloop
  endfacet
  facet normal 0 0 1
    outer loop
      vertex 43.5007 0.801361 5
      vertex 0 9 5
      vertex 2.38118 1.27277 5
    endloop
  endfacet
  facet normal 0 0 1
    outer loop
      vertex 43.5865 0.944458 5
      vertex 0 9 5
      vertex 43.5007 0.801361 5
    endloop
  endfacet
  facet normal 0 0 1
    outer loop
      vertex 43.6859 1.07846 5
      vertex 0 9 5
      vertex 43.5865 0.944458 5
    endloop
  endfacet
  facet normal 0 0 1
    outer loop
      vertex 43.7979 1.20207 5
      vertex 0 9 5
      vertex 43.6859 1.07846 5
    endloop
  endfacet
  facet normal 0 0 1
    outer loop
      vertex 43.9215 1.31412 5
      vertex 0 9 5
      vertex 43.7979 1.20207 5
    endloop
  endfacet
  facet normal 0 0 1
    outer loop
      vertex 44.0555 1.4135 5
      vertex 0 9 5
      vertex 43.9215 1.31412 5
    endloop
  endfacet
  facet normal 0 0 1
    outer loop
      vertex 44.1986 1.49925 5
      vertex 0 9 5
      vertex 44.0555 1.4135 5
    endloop
  endfacet
  facet normal 0 0 1
    outer loop
      vertex 44.3494 1.57059 5
      vertex 0 9 5
      vertex 44.1986 1.49925 5
    endloop
  endfacet
  facet normal 0 0 1
    outer loop
      vertex 44.5065 1.62679 5
      vertex 0 9 5
      vertex 44.3494 1.57059 5
    endloop
  endfacet
  facet normal 0 0 1
    outer loop
      vertex 44.6683 1.66733 5
      vertex 0 9 5
      vertex 44.5065 1.62679 5
    endloop
  endfacet
  facet normal 0 0 1
    outer loop
      vertex 44.8334 1.6918 5
      vertex 0 9 5
      vertex 44.6683 1.66733 5
    endloop
  endfacet
  facet normal 0 0 1
    outer loop
      vertex 45 1.7 5
      vertex 0 9 5
      vertex 44.8334 1.6918 5
    endloop
  endfacet
  facet normal 0 0 1
    outer loop
      vertex 45.1666 1.6918 5
      vertex 0 9 5
      vertex 45 1.7 5
    endloop
  endfacet
  facet normal 0 0 1
    outer loop
      vertex 94 5 5
      vertex 0 9 5
      vertex 45.1666 1.6918 5
    endloop
  endfacet
  facet normal 0 0 1
    outer loop
      vertex 94 5 5
      vertex 45.1666 1.6918 5
      vertex 45.3316 1.66733 5
    endloop
  endfacet
  facet normal 0 0 1
    outer loop
      vertex 94 5 5
      vertex 45.3316 1.66733 5
      vertex 45.4935 1.62679 5
    endloop
  endfacet
  facet normal 0 0 1
    outer loop
      vertex 94 5 5
      vertex 45.4935 1.62679 5
      vertex 45.6506 1.57059 5
    endloop
  endfacet
  facet normal 0 0 1
    outer loop
      vertex 94 5 5
      vertex 45.6506 1.57059 5
      vertex 45.8014 1.49925 5
    endloop
  endfacet
  facet normal 0 0 1
    outer loop
      vertex 46.4993 0.801361 5
      vertex 46.5706 0.650558 5
      vertex 84.5007 -1.19862 5
    endloop
  endfacet
  facet normal 0 -0 1
    outer loop
      vertex 85.0555 -0.586487 5
      vertex 85.1986 -0.500732 5
      vertex 45.9445 1.4135 5
    endloop
  endfacet
  facet normal 0 0 1
    outer loop
      vertex 84.3732 -2.49347 5
      vertex 84.3327 -2.33165 5
      vertex 78 -19 5
    endloop
  endfacet
  facet normal 0 0 1
    outer loop
      vertex 84.7979 -13.2021 5
      vertex 78 -19 5
      vertex 84.9215 -13.3141 5
    endloop
  endfacet
  facet normal 0 0 1
    outer loop
      vertex 84.3732 -11.5065 5
      vertex 84.4294 -11.3494 5
      vertex 84.3732 -2.49347 5
    endloop
  endfacet
  facet normal 0 -0 1
    outer loop
      vertex 84.4294 -11.3494 5
      vertex 84.4294 -2.65056 5
      vertex 84.3732 -2.49347 5
    endloop
  endfacet
  facet normal 0 0 1
    outer loop
      vertex 84.5007 -2.80136 5
      vertex 84.4294 -2.65056 5
      vertex 84.5007 -11.1986 5
    endloop
  endfacet
  facet normal 0 0 1
    outer loop
      vertex 84.5007 -2.80136 5
      vertex 84.5007 -11.1986 5
      vertex 84.5865 -11.0555 5
    endloop
  endfacet
  facet normal 0 0 1
    outer loop
      vertex 86 -13.7 5
      vertex 78 -19 5
      vertex 94 -19 5
    endloop
  endfacet
  facet normal 0 0 1
    outer loop
      vertex 84.5865 -11.0555 5
      vertex 84.6859 -10.9215 5
      vertex 84.5865 -2.94446 5
    endloop
  endfacet
  facet normal 0 0 1
    outer loop
      vertex 84.9215 -10.6859 5
      vertex 84.7979 -3.20207 5
      vertex 84.7979 -10.7979 5
    endloop
  endfacet
  facet normal 0 0 1
    outer loop
      vertex 84.7979 -10.7979 5
      vertex 84.6859 -3.07846 5
      vertex 84.6859 -10.9215 5
    endloop
  endfacet
  facet normal -0 0 1
    outer loop
      vertex 46.6268 -0.493469 5
      vertex 78 -19 5
      vertex 46.6673 -0.33165 5
    endloop
  endfacet
  facet normal -0 0 1
    outer loop
      vertex 46.5706 -0.650558 5
      vertex 78 -19 5
      vertex 46.6268 -0.493469 5
    endloop
  endfacet
  facet normal -0 0 1
    outer loop
      vertex 46.4993 -0.801361 5
      vertex 78 -19 5
      vertex 46.5706 -0.650558 5
    endloop
  endfacet
  facet normal -0 0 1
    outer loop
      vertex 46.4135 -0.944458 5
      vertex 78 -19 5
      vertex 46.4993 -0.801361 5
    endloop
  endfacet
  facet normal -0 0 1
    outer loop
      vertex 46.3141 -1.07846 5
      vertex 78 -19 5
      vertex 46.4135 -0.944458 5
    endloop
  endfacet
  facet normal -0 0 1
    outer loop
      vertex 46.2021 -1.20207 5
      vertex 78 -19 5
      vertex 46.3141 -1.07846 5
    endloop
  endfacet
  facet normal -0 0 1
    outer loop
      vertex 46.0785 -1.31412 5
      vertex 78 -19 5
      vertex 46.2021 -1.20207 5
    endloop
  endfacet
  facet normal -0 0 1
    outer loop
      vertex 45.9445 -1.4135 5
      vertex 78 -19 5
      vertex 46.0785 -1.31412 5
    endloop
  endfacet
  facet normal -0 0 1
    outer loop
      vertex 45.8014 -1.49925 5
      vertex 78 -19 5
      vertex 45.9445 -1.4135 5
    endloop
  endfacet
  facet normal -0 0 1
    outer loop
      vertex 45.6506 -1.57059 5
      vertex 78 -19 5
      vertex 45.8014 -1.49925 5
    endloop
  endfacet
  facet normal -0 0 1
    outer loop
      vertex 45.4935 -1.62679 5
      vertex 78 -19 5
      vertex 45.6506 -1.57059 5
    endloop
  endfacet
  facet normal -0 0 1
    outer loop
      vertex 45.3316 -1.66733 5
      vertex 78 -19 5
      vertex 45.4935 -1.62679 5
    endloop
  endfacet
  facet normal -0 0 1
    outer loop
      vertex 45.1666 -1.6918 5
      vertex 78 -19 5
      vertex 45.3316 -1.66733 5
    endloop
  endfacet
  facet normal -0 0 1
    outer loop
      vertex 45 -1.7 5
      vertex 78 -19 5
      vertex 45.1666 -1.6918 5
    endloop
  endfacet
  facet normal 0 0 1
    outer loop
      vertex 84.5007 -2.80136 5
      vertex 84.5865 -11.0555 5
      vertex 84.5865 -2.94446 5
    endloop
  endfacet
  facet normal 0 -0 1
    outer loop
      vertex 84.6859 -10.9215 5
      vertex 84.6859 -3.07846 5
      vertex 84.5865 -2.94446 5
    endloop
  endfacet
  facet normal 0 0 1
    outer loop
      vertex 84.4294 -12.6506 5
      vertex 78 -19 5
      vertex 84.5007 -12.8014 5
    endloop
  endfacet
  facet normal 0 0 1
    outer loop
      vertex 84.3327 -11.6683 5
      vertex 78 -19 5
      vertex 84.3082 -11.8334 5
    endloop
  endfacet
  facet normal 0 0 1
    outer loop
      vertex 84.3327 -2.33165 5
      vertex 84.3082 -2.16663 5
      vertex 78 -19 5
    endloop
  endfacet
  facet normal 0 0 1
    outer loop
      vertex 84.3082 -2.16663 5
      vertex 46.6673 -0.33165 5
      vertex 78 -19 5
    endloop
  endfacet
  facet normal 0 0 1
    outer loop
      vertex 46.6918 -0.166626 5
      vertex 46.6673 -0.33165 5
      vertex 84.3082 -2.16663 5
    endloop
  endfacet
  facet normal 0 0 1
    outer loop
      vertex 46.6918 -0.166626 5
      vertex 84.3082 -2.16663 5
      vertex 84.3 -2 5
    endloop
  endfacet
  facet normal -0 0 1
    outer loop
      vertex 46.6918 -0.166626 5
      vertex 84.3 -2 5
      vertex 46.7 0 5
    endloop
  endfacet
  facet normal 0 -0 1
    outer loop
      vertex 84.3 -2 5
      vertex 84.3082 -1.83336 5
      vertex 46.7 0 5
    endloop
  endfacet
  facet normal 0 0 1
    outer loop
      vertex 84.3082 -1.83336 5
      vertex 46.6918 0.166626 5
      vertex 46.7 0 5
    endloop
  endfacet
  facet normal 0 0 1
    outer loop
      vertex 84.3327 -1.66833 5
      vertex 46.6673 0.33165 5
      vertex 46.6918 0.166626 5
    endloop
  endfacet
  facet normal 0 0 1
    outer loop
      vertex 84.3732 -1.50652 5
      vertex 46.6673 0.33165 5
      vertex 84.3327 -1.66833 5
    endloop
  endfacet
  facet normal 0 0 1
    outer loop
      vertex 46.6268 0.493469 5
      vertex 46.6673 0.33165 5
      vertex 84.3732 -1.50652 5
    endloop
  endfacet
  facet normal 0 0 1
    outer loop
      vertex 46.6268 0.493469 5
      vertex 84.3732 -1.50652 5
      vertex 84.4294 -1.34943 5
    endloop
  endfacet
  facet normal -0 -0 1
    outer loop
      vertex 46.6268 0.493469 5
      vertex 84.4294 -1.34943 5
      vertex 46.5706 0.650558 5
    endloop
  endfacet
  facet normal 0 -0 1
    outer loop
      vertex 84.4294 -1.34943 5
      vertex 84.5007 -1.19862 5
      vertex 46.5706 0.650558 5
    endloop
  endfacet
  facet normal 0 -0 1
    outer loop
      vertex 84.5007 -1.19862 5
      vertex 84.5865 -1.05553 5
      vertex 46.4993 0.801361 5
    endloop
  endfacet
  facet normal 0 0 1
    outer loop
      vertex 84.5865 -1.05553 5
      vertex 46.4135 0.944458 5
      vertex 46.4993 0.801361 5
    endloop
  endfacet
  facet normal 0 0 1
    outer loop
      vertex 84.6859 -0.921524 5
      vertex 46.4135 0.944458 5
      vertex 84.5865 -1.05553 5
    endloop
  endfacet
  facet normal 0 0 1
    outer loop
      vertex 46.3141 1.07846 5
      vertex 46.4135 0.944458 5
      vertex 84.6859 -0.921524 5
    endloop
  endfacet
  facet normal 0 0 1
    outer loop
      vertex 46.3141 1.07846 5
      vertex 84.6859 -0.921524 5
      vertex 84.7979 -0.797913 5
    endloop
  endfacet
  facet normal -0 -0 1
    outer loop
      vertex 46.3141 1.07846 5
      vertex 84.7979 -0.797913 5
      vertex 46.2021 1.20207 5
    endloop
  endfacet
  facet normal 0 -0 1
    outer loop
      vertex 84.7979 -0.797913 5
      vertex 84.9215 -0.685867 5
      vertex 46.2021 1.20207 5
    endloop
  endfacet
  facet normal 0 0 1
    outer loop
      vertex 84.9215 -0.685867 5
      vertex 46.0785 1.31412 5
      vertex 46.2021 1.20207 5
    endloop
  endfacet
  facet normal 0 0 1
    outer loop
      vertex 85.0555 -0.586487 5
      vertex 46.0785 1.31412 5
      vertex 84.9215 -0.685867 5
    endloop
  endfacet
  facet normal 0 0 1
    outer loop
      vertex 45.8014 1.49925 5
      vertex 45.9445 1.4135 5
      vertex 85.1986 -0.500732 5
    endloop
  endfacet
  facet normal 0 0 1
    outer loop
      vertex 45.9445 1.4135 5
      vertex 46.0785 1.31412 5
      vertex 85.0555 -0.586487 5
    endloop
  endfacet
  facet normal 0 0 1
    outer loop
      vertex 85.3494 -0.429398 5
      vertex 45.8014 1.49925 5
      vertex 85.1986 -0.500732 5
    endloop
  endfacet
  facet normal 0 0 1
    outer loop
      vertex 94 5 5
      vertex 45.8014 1.49925 5
      vertex 85.3494 -0.429398 5
    endloop
  endfacet
  facet normal 0 0 1
    outer loop
      vertex 94 5 5
      vertex 85.3494 -0.429398 5
      vertex 85.5065 -0.373199 5
    endloop
  endfacet
  facet normal 0 0 1
    outer loop
      vertex 94 5 5
      vertex 85.5065 -0.373199 5
      vertex 85.6683 -0.332657 5
    endloop
  endfacet
  facet normal 0 0 1
    outer loop
      vertex 94 5 5
      vertex 85.6683 -0.332657 5
      vertex 85.8334 -0.308182 5
    endloop
  endfacet
  facet normal 0 0 1
    outer loop
      vertex 94 5 5
      vertex 85.8334 -0.308182 5
      vertex 86 -0.299988 5
    endloop
  endfacet
  facet normal 0 0 1
    outer loop
      vertex 94 5 5
      vertex 86 -0.299988 5
      vertex 86.1666 -0.308182 5
    endloop
  endfacet
  facet normal 0 0 1
    outer loop
      vertex 94 5 5
      vertex 86.1666 -0.308182 5
      vertex 86.3316 -0.332657 5
    endloop
  endfacet
  facet normal 0 0 1
    outer loop
      vertex 94 5 5
      vertex 86.3316 -0.332657 5
      vertex 86.4935 -0.373199 5
    endloop
  endfacet
  facet normal 0 0 1
    outer loop
      vertex 94 5 5
      vertex 86.4935 -0.373199 5
      vertex 86.6506 -0.429398 5
    endloop
  endfacet
  facet normal 0 0 1
    outer loop
      vertex 94 5 5
      vertex 86.6506 -0.429398 5
      vertex 86.8014 -0.500732 5
    endloop
  endfacet
  facet normal 0 0 1
    outer loop
      vertex 94 5 5
      vertex 86.8014 -0.500732 5
      vertex 86.9445 -0.586487 5
    endloop
  endfacet
  facet normal 0 0 1
    outer loop
      vertex 94 5 5
      vertex 86.9445 -0.586487 5
      vertex 87.0785 -0.685867 5
    endloop
  endfacet
  facet normal 0 0 1
    outer loop
      vertex 94 5 5
      vertex 87.0785 -0.685867 5
      vertex 87.2021 -0.797913 5
    endloop
  endfacet
  facet normal -0 0 1
    outer loop
      vertex 87.2021 -0.797913 5
      vertex 87.3141 -0.921524 5
      vertex 94 5 5
    endloop
  endfacet
  facet normal -0 0 1
    outer loop
      vertex 87.3141 -0.921524 5
      vertex 87.4135 -1.05553 5
      vertex 94 5 5
    endloop
  endfacet
  facet normal -0 0 1
    outer loop
      vertex 87.4135 -1.05553 5
      vertex 87.4993 -1.19862 5
      vertex 94 5 5
    endloop
  endfacet
  facet normal -0 0 1
    outer loop
      vertex 87.4993 -1.19862 5
      vertex 87.5706 -1.34943 5
      vertex 94 5 5
    endloop
  endfacet
  facet normal 0 -0 1
    outer loop
      vertex 87.6673 -1.66833 5
      vertex 94 5 5
      vertex 87.6268 -1.50652 5
    endloop
  endfacet
  facet normal 0 -0 1
    outer loop
      vertex 87.6918 -1.83336 5
      vertex 94 5 5
      vertex 87.6673 -1.66833 5
    endloop
  endfacet
  facet normal 0 -0 1
    outer loop
      vertex 87.7 -2 5
      vertex 94 5 5
      vertex 87.6918 -1.83336 5
    endloop
  endfacet
  facet normal 0 0 1
    outer loop
      vertex 87.6918 -2.16663 5
      vertex 94 5 5
      vertex 87.7 -2 5
    endloop
  endfacet
  facet normal 0 0 1
    outer loop
      vertex 87.6673 -2.33165 5
      vertex 94 5 5
      vertex 87.6918 -2.16663 5
    endloop
  endfacet
  facet normal 0 0 1
    outer loop
      vertex 87.6268 -2.49347 5
      vertex 94 5 5
      vertex 87.6673 -2.33165 5
    endloop
  endfacet
  facet normal 0 0 1
    outer loop
      vertex 87.6268 -11.5065 5
      vertex 94 5 5
      vertex 87.6268 -2.49347 5
    endloop
  endfacet
  facet normal 0 0 1
    outer loop
      vertex 87.4993 -2.80136 5
      vertex 87.4993 -11.1986 5
      vertex 87.5706 -11.3494 5
    endloop
  endfacet
  facet normal -0 0 1
    outer loop
      vertex 87.2021 -10.7979 5
      vertex 87.3141 -10.9215 5
      vertex 87.2021 -3.20207 5
    endloop
  endfacet
  facet normal 0 0 1
    outer loop
      vertex 86.9445 -3.4135 5
      vertex 86.8014 -3.49925 5
      vertex 86.9445 -10.5865 5
    endloop
  endfacet
  facet normal -0 0 1
    outer loop
      vertex 86.4935 -10.3732 5
      vertex 86.6506 -10.4294 5
      vertex 86.4935 -3.62679 5
    endloop
  endfacet
  facet normal 0 0 1
    outer loop
      vertex 86.1666 -3.6918 5
      vertex 86.1666 -10.3082 5
      vertex 86.3316 -10.3327 5
    endloop
  endfacet
  facet normal 0 0 1
    outer loop
      vertex 86 -3.7 5
      vertex 85.8334 -3.6918 5
      vertex 86 -10.3 5
    endloop
  endfacet
  facet normal 0 0 1
    outer loop
      vertex 85.8334 -10.3082 5
      vertex 85.6683 -3.66733 5
      vertex 85.6683 -10.3327 5
    endloop
  endfacet
  facet normal 0 0 1
    outer loop
      vertex 85.3494 -10.4294 5
      vertex 85.5065 -10.3732 5
      vertex 85.3494 -3.57059 5
    endloop
  endfacet
  facet normal 0 -0 1
    outer loop
      vertex 85.3494 -10.4294 5
      vertex 85.3494 -3.57059 5
      vertex 85.1986 -3.49925 5
    endloop
  endfacet
  facet normal 0 0 1
    outer loop
      vertex 85.3494 -10.4294 5
      vertex 85.1986 -3.49925 5
      vertex 85.1986 -10.5007 5
    endloop
  endfacet
  facet normal 0 0 1
    outer loop
      vertex 85.1986 -3.49925 5
      vertex 85.0555 -3.4135 5
      vertex 85.1986 -10.5007 5
    endloop
  endfacet
  facet normal 0 0 1
    outer loop
      vertex 84.9215 -3.31412 5
      vertex 84.9215 -10.6859 5
      vertex 85.0555 -10.5865 5
    endloop
  endfacet
  facet normal 0 0 1
    outer loop
      vertex 85.0555 -3.4135 5
      vertex 84.9215 -3.31412 5
      vertex 85.0555 -10.5865 5
    endloop
  endfacet
  facet normal 0 -0 1
    outer loop
      vertex 84.9215 -10.6859 5
      vertex 84.9215 -3.31412 5
      vertex 84.7979 -3.20207 5
    endloop
  endfacet
  facet normal 0 0 1
    outer loop
      vertex 86 -13.7 5
      vertex 85.8334 -13.6918 5
      vertex 78 -19 5
    endloop
  endfacet
  facet normal 0 -0 1
    outer loop
      vertex 85.5065 -10.3732 5
      vertex 85.5065 -3.62679 5
      vertex 85.3494 -3.57059 5
    endloop
  endfacet
  facet normal 0 0 1
    outer loop
      vertex 85.8334 -13.6918 5
      vertex 85.6683 -13.6673 5
      vertex 78 -19 5
    endloop
  endfacet
  facet normal 0 0 1
    outer loop
      vertex 85.6683 -13.6673 5
      vertex 85.5065 -13.6268 5
      vertex 78 -19 5
    endloop
  endfacet
  facet normal 0 0 1
    outer loop
      vertex 78 -19 5
      vertex 85.5065 -13.6268 5
      vertex 85.3494 -13.5706 5
    endloop
  endfacet
  facet normal 0 0 1
    outer loop
      vertex 78 -19 5
      vertex 85.3494 -13.5706 5
      vertex 85.1986 -13.4993 5
    endloop
  endfacet
  facet normal 0 0 1
    outer loop
      vertex 78 -19 5
      vertex 85.1986 -13.4993 5
      vertex 85.0555 -13.4135 5
    endloop
  endfacet
  facet normal 0 0 1
    outer loop
      vertex 78 -19 5
      vertex 84.3732 -11.5065 5
      vertex 84.3732 -2.49347 5
    endloop
  endfacet
  facet normal 0 0 1
    outer loop
      vertex 78 -19 5
      vertex 85.0555 -13.4135 5
      vertex 84.9215 -13.3141 5
    endloop
  endfacet
  facet normal 0 0 1
    outer loop
      vertex 84.6859 -13.0785 5
      vertex 78 -19 5
      vertex 84.7979 -13.2021 5
    endloop
  endfacet
  facet normal 0 0 1
    outer loop
      vertex 84.5865 -12.9445 5
      vertex 78 -19 5
      vertex 84.6859 -13.0785 5
    endloop
  endfacet
  facet normal 0 0 1
    outer loop
      vertex 84.5007 -12.8014 5
      vertex 78 -19 5
      vertex 84.5865 -12.9445 5
    endloop
  endfacet
  facet normal 0 0 1
    outer loop
      vertex 78 -19 5
      vertex 84.3327 -11.6683 5
      vertex 84.3732 -11.5065 5
    endloop
  endfacet
  facet normal 0 0 1
    outer loop
      vertex 84.3732 -12.4935 5
      vertex 78 -19 5
      vertex 84.4294 -12.6506 5
    endloop
  endfacet
  facet normal 0 0 1
    outer loop
      vertex 84.3327 -12.3316 5
      vertex 78 -19 5
      vertex 84.3732 -12.4935 5
    endloop
  endfacet
  facet normal 0 0 1
    outer loop
      vertex 84.3082 -12.1666 5
      vertex 78 -19 5
      vertex 84.3327 -12.3316 5
    endloop
  endfacet
  facet normal 0 0 1
    outer loop
      vertex 84.3 -12 5
      vertex 78 -19 5
      vertex 84.3082 -12.1666 5
    endloop
  endfacet
  facet normal 0 0 1
    outer loop
      vertex 84.3082 -11.8334 5
      vertex 78 -19 5
      vertex 84.3 -12 5
    endloop
  endfacet
  facet normal 0 0 1
    outer loop
      vertex 84.5007 -11.1986 5
      vertex 84.4294 -2.65056 5
      vertex 84.4294 -11.3494 5
    endloop
  endfacet
  facet normal 0 0 1
    outer loop
      vertex 84.7979 -3.20207 5
      vertex 84.6859 -3.07846 5
      vertex 84.7979 -10.7979 5
    endloop
  endfacet
  facet normal 0 0 1
    outer loop
      vertex 85.1986 -10.5007 5
      vertex 85.0555 -3.4135 5
      vertex 85.0555 -10.5865 5
    endloop
  endfacet
  facet normal 0 0 1
    outer loop
      vertex 85.6683 -10.3327 5
      vertex 85.5065 -3.62679 5
      vertex 85.5065 -10.3732 5
    endloop
  endfacet
  facet normal 0 0 1
    outer loop
      vertex 85.6683 -3.66733 5
      vertex 85.5065 -3.62679 5
      vertex 85.6683 -10.3327 5
    endloop
  endfacet
  facet normal 0 0 1
    outer loop
      vertex 85.8334 -3.6918 5
      vertex 85.6683 -3.66733 5
      vertex 85.8334 -10.3082 5
    endloop
  endfacet
  facet normal 0 0 1
    outer loop
      vertex 85.8334 -3.6918 5
      vertex 85.8334 -10.3082 5
      vertex 86 -10.3 5
    endloop
  endfacet
  facet normal 0 0 1
    outer loop
      vertex 86 -3.7 5
      vertex 86 -10.3 5
      vertex 86.1666 -10.3082 5
    endloop
  endfacet
  facet normal -0 0 1
    outer loop
      vertex 86 -3.7 5
      vertex 86.1666 -10.3082 5
      vertex 86.1666 -3.6918 5
    endloop
  endfacet
  facet normal 0 0 1
    outer loop
      vertex 87.5706 -2.65056 5
      vertex 87.4993 -2.80136 5
      vertex 87.5706 -11.3494 5
    endloop
  endfacet
  facet normal 0 -0 1
    outer loop
      vertex 86.3316 -10.3327 5
      vertex 86.3316 -3.66733 5
      vertex 86.1666 -3.6918 5
    endloop
  endfacet
  facet normal 0 0 1
    outer loop
      vertex 86.4935 -10.3732 5
      vertex 86.3316 -3.66733 5
      vertex 86.3316 -10.3327 5
    endloop
  endfacet
  facet normal 0 0 1
    outer loop
      vertex 86.4935 -3.62679 5
      vertex 86.3316 -3.66733 5
      vertex 86.4935 -10.3732 5
    endloop
  endfacet
  facet normal 0 0 1
    outer loop
      vertex 86.6506 -3.57059 5
      vertex 86.4935 -3.62679 5
      vertex 86.6506 -10.4294 5
    endloop
  endfacet
  facet normal 0 0 1
    outer loop
      vertex 86.6506 -3.57059 5
      vertex 86.6506 -10.4294 5
      vertex 86.8014 -10.5007 5
    endloop
  endfacet
  facet normal -0 0 1
    outer loop
      vertex 86.6506 -3.57059 5
      vertex 86.8014 -10.5007 5
      vertex 86.8014 -3.49925 5
    endloop
  endfacet
  facet normal -0 0 1
    outer loop
      vertex 86.8014 -10.5007 5
      vertex 86.9445 -10.5865 5
      vertex 86.8014 -3.49925 5
    endloop
  endfacet
  facet normal -0 0 1
    outer loop
      vertex 86.9445 -10.5865 5
      vertex 87.0785 -10.6859 5
      vertex 86.9445 -3.4135 5
    endloop
  endfacet
  facet normal 0 -0 1
    outer loop
      vertex 87.0785 -10.6859 5
      vertex 87.0785 -3.31412 5
      vertex 86.9445 -3.4135 5
    endloop
  endfacet
  facet normal 0 0 1
    outer loop
      vertex 87.2021 -10.7979 5
      vertex 87.0785 -3.31412 5
      vertex 87.0785 -10.6859 5
    endloop
  endfacet
  facet normal 0 0 1
    outer loop
      vertex 87.2021 -3.20207 5
      vertex 87.0785 -3.31412 5
      vertex 87.2021 -10.7979 5
    endloop
  endfacet
  facet normal 0 0 1
    outer loop
      vertex 87.3141 -3.07846 5
      vertex 87.2021 -3.20207 5
      vertex 87.3141 -10.9215 5
    endloop
  endfacet
  facet normal 0 0 1
    outer loop
      vertex 87.3141 -3.07846 5
      vertex 87.3141 -10.9215 5
      vertex 87.4135 -11.0555 5
    endloop
  endfacet
  facet normal -0 0 1
    outer loop
      vertex 87.3141 -3.07846 5
      vertex 87.4135 -11.0555 5
      vertex 87.4135 -2.94446 5
    endloop
  endfacet
  facet normal 0 -0 1
    outer loop
      vertex 87.4993 -11.1986 5
      vertex 87.4993 -2.80136 5
      vertex 87.4135 -2.94446 5
    endloop
  endfacet
  facet normal -0 0 1
    outer loop
      vertex 87.4135 -11.0555 5
      vertex 87.4993 -11.1986 5
      vertex 87.4135 -2.94446 5
    endloop
  endfacet
  facet normal 0 0 1
    outer loop
      vertex 87.5706 -2.65056 5
      vertex 87.5706 -11.3494 5
      vertex 87.6268 -11.5065 5
    endloop
  endfacet
  facet normal -0 0 1
    outer loop
      vertex 87.5706 -2.65056 5
      vertex 87.6268 -11.5065 5
      vertex 87.6268 -2.49347 5
    endloop
  endfacet
  facet normal -0 0 1
    outer loop
      vertex 87.6268 -11.5065 5
      vertex 94 -19 5
      vertex 94 5 5
    endloop
  endfacet
  facet normal -0 -0 1
    outer loop
      vertex 87.6673 -11.6683 5
      vertex 94 -19 5
      vertex 87.6268 -11.5065 5
    endloop
  endfacet
  facet normal -0 -0 1
    outer loop
      vertex 87.6918 -11.8334 5
      vertex 94 -19 5
      vertex 87.6673 -11.6683 5
    endloop
  endfacet
  facet normal -0 -0 1
    outer loop
      vertex 87.7 -12 5
      vertex 94 -19 5
      vertex 87.6918 -11.8334 5
    endloop
  endfacet
  facet normal -0 0 1
    outer loop
      vertex 87.6918 -12.1666 5
      vertex 94 -19 5
      vertex 87.7 -12 5
    endloop
  endfacet
  facet normal -0 0 1
    outer loop
      vertex 87.6673 -12.3316 5
      vertex 94 -19 5
      vertex 87.6918 -12.1666 5
    endloop
  endfacet
  facet normal -0 0 1
    outer loop
      vertex 87.6268 -12.4935 5
      vertex 94 -19 5
      vertex 87.6673 -12.3316 5
    endloop
  endfacet
  facet normal -0 0 1
    outer loop
      vertex 87.5706 -12.6506 5
      vertex 94 -19 5
      vertex 87.6268 -12.4935 5
    endloop
  endfacet
  facet normal -0 0 1
    outer loop
      vertex 87.4993 -12.8014 5
      vertex 94 -19 5
      vertex 87.5706 -12.6506 5
    endloop
  endfacet
  facet normal -0 0 1
    outer loop
      vertex 87.4135 -12.9445 5
      vertex 94 -19 5
      vertex 87.4993 -12.8014 5
    endloop
  endfacet
  facet normal -0 0 1
    outer loop
      vertex 87.3141 -13.0785 5
      vertex 94 -19 5
      vertex 87.4135 -12.9445 5
    endloop
  endfacet
  facet normal -0 0 1
    outer loop
      vertex 87.2021 -13.2021 5
      vertex 94 -19 5
      vertex 87.3141 -13.0785 5
    endloop
  endfacet
  facet normal -0 0 1
    outer loop
      vertex 87.0785 -13.3141 5
      vertex 94 -19 5
      vertex 87.2021 -13.2021 5
    endloop
  endfacet
  facet normal -0 0 1
    outer loop
      vertex 86.9445 -13.4135 5
      vertex 94 -19 5
      vertex 87.0785 -13.3141 5
    endloop
  endfacet
  facet normal -0 0 1
    outer loop
      vertex 86.8014 -13.4993 5
      vertex 94 -19 5
      vertex 86.9445 -13.4135 5
    endloop
  endfacet
  facet normal -0 0 1
    outer loop
      vertex 86.6506 -13.5706 5
      vertex 94 -19 5
      vertex 86.8014 -13.4993 5
    endloop
  endfacet
  facet normal -0 0 1
    outer loop
      vertex 86.4935 -13.6268 5
      vertex 94 -19 5
      vertex 86.6506 -13.5706 5
    endloop
  endfacet
  facet normal -0 0 1
    outer loop
      vertex 86.3316 -13.6673 5
      vertex 94 -19 5
      vertex 86.4935 -13.6268 5
    endloop
  endfacet
  facet normal -0 0 1
    outer loop
      vertex 86.1666 -13.6918 5
      vertex 94 -19 5
      vertex 86.3316 -13.6673 5
    endloop
  endfacet
  facet normal -0 0 1
    outer loop
      vertex 86 -13.7 5
      vertex 94 -19 5
      vertex 86.1666 -13.6918 5
    endloop
  endfacet
  facet normal 0.0425147 0.999096 0
    outer loop
      vertex 0 9 0
      vertex 94 5 5
      vertex 94 5 0
    endloop
  endfacet
  facet normal 0.0425147 0.999096 -0
    outer loop
      vertex 0 9 0
      vertex 0 9 5
      vertex 94 5 5
    endloop
  endfacet
  facet normal -0.0490826 0.998795 0
    outer loop
      vertex -0.882141 8.95665 0
      vertex 0 9 5
      vertex 0 9 0
    endloop
  endfacet
  facet normal -0.0490826 0.998795 0
    outer loop
      vertex -0.882141 8.95665 0
      vertex -0.882141 8.95665 5
      vertex 0 9 5
    endloop
  endfacet
  facet normal -0.146725 0.989177 0
    outer loop
      vertex -1.7558 8.82706 0
      vertex -0.882141 8.95665 5
      vertex -0.882141 8.95665 0
    endloop
  endfacet
  facet normal -0.146725 0.989177 0
    outer loop
      vertex -1.7558 8.82706 0
      vertex -1.7558 8.82706 5
      vertex -0.882141 8.95665 5
    endloop
  endfacet
  facet normal -0.242975 0.970033 0
    outer loop
      vertex -2.61255 8.61246 0
      vertex -1.7558 8.82706 5
      vertex -1.7558 8.82706 0
    endloop
  endfacet
  facet normal -0.242975 0.970033 0
    outer loop
      vertex -2.61255 8.61246 0
      vertex -2.61255 8.61246 5
      vertex -1.7558 8.82706 5
    endloop
  endfacet
  facet normal -0.336892 0.941543 0
    outer loop
      vertex -3.44414 8.31491 0
      vertex -2.61255 8.61246 5
      vertex -2.61255 8.61246 0
    endloop
  endfacet
  facet normal -0.336892 0.941543 0
    outer loop
      vertex -3.44414 8.31491 0
      vertex -3.44414 8.31491 5
      vertex -2.61255 8.61246 5
    endloop
  endfacet
  facet normal -0.427547 0.903993 0
    outer loop
      vertex -4.24257 7.93729 0
      vertex -3.44414 8.31491 5
      vertex -3.44414 8.31491 0
    endloop
  endfacet
  facet normal -0.427547 0.903993 0
    outer loop
      vertex -4.24257 7.93729 0
      vertex -4.24257 7.93729 5
      vertex -3.44414 8.31491 5
    endloop
  endfacet
  facet normal -0.514113 0.857723 0
    outer loop
      vertex -5.00012 7.48322 0
      vertex -4.24257 7.93729 5
      vertex -4.24257 7.93729 0
    endloop
  endfacet
  facet normal -0.514113 0.857723 0
    outer loop
      vertex -5.00012 7.48322 0
      vertex -5.00012 7.48322 5
      vertex -4.24257 7.93729 5
    endloop
  endfacet
  facet normal -0.595696 0.80321 0
    outer loop
      vertex -5.70953 6.95709 0
      vertex -5.00012 7.48322 5
      vertex -5.00012 7.48322 0
    endloop
  endfacet
  facet normal -0.595696 0.80321 0
    outer loop
      vertex -5.70953 6.95709 0
      vertex -5.70953 6.95709 5
      vertex -5.00012 7.48322 5
    endloop
  endfacet
  facet normal -0.671564 0.740946 0
    outer loop
      vertex -6.36395 6.36395 0
      vertex -5.70953 6.95709 5
      vertex -5.70953 6.95709 0
    endloop
  endfacet
  facet normal -0.671564 0.740946 0
    outer loop
      vertex -6.36395 6.36395 0
      vertex -6.36395 6.36395 5
      vertex -5.70953 6.95709 5
    endloop
  endfacet
  facet normal -0.740946 0.671564 0
    outer loop
      vertex -6.95709 5.70953 0
      vertex -6.36395 6.36395 5
      vertex -6.36395 6.36395 0
    endloop
  endfacet
  facet normal -0.740946 0.671564 0
    outer loop
      vertex -6.95709 5.70953 0
      vertex -6.95709 5.70953 5
      vertex -6.36395 6.36395 5
    endloop
  endfacet
  facet normal -0.80321 0.595696 0
    outer loop
      vertex -7.48322 5.00012 0
      vertex -6.95709 5.70953 5
      vertex -6.95709 5.70953 0
    endloop
  endfacet
  facet normal -0.80321 0.595696 0
    outer loop
      vertex -7.48322 5.00012 0
      vertex -7.48322 5.00012 5
      vertex -6.95709 5.70953 5
    endloop
  endfacet
  facet normal -0.857723 0.514113 0
    outer loop
      vertex -7.93729 4.24257 0
      vertex -7.48322 5.00012 5
      vertex -7.48322 5.00012 0
    endloop
  endfacet
  facet normal -0.857723 0.514113 0
    outer loop
      vertex -7.93729 4.24257 0
      vertex -7.93729 4.24257 5
      vertex -7.48322 5.00012 5
    endloop
  endfacet
  facet normal -0.903993 0.427547 0
    outer loop
      vertex -8.31491 3.44414 0
      vertex -7.93729 4.24257 5
      vertex -7.93729 4.24257 0
    endloop
  endfacet
  facet normal -0.903993 0.427547 0
    outer loop
      vertex -8.31491 3.44414 0
      vertex -8.31491 3.44414 5
      vertex -7.93729 4.24257 5
    endloop
  endfacet
  facet normal -0.941543 0.336892 0
    outer loop
      vertex -8.61246 2.61255 0
      vertex -8.31491 3.44414 5
      vertex -8.31491 3.44414 0
    endloop
  endfacet
  facet normal -0.941543 0.336892 0
    outer loop
      vertex -8.61246 2.61255 0
      vertex -8.61246 2.61255 5
      vertex -8.31491 3.44414 5
    endloop
  endfacet
  facet normal -0.970033 0.242975 0
    outer loop
      vertex -8.82706 1.7558 0
      vertex -8.61246 2.61255 5
      vertex -8.61246 2.61255 0
    endloop
  endfacet
  facet normal -0.970033 0.242975 0
    outer loop
      vertex -8.82706 1.7558 0
      vertex -8.82706 1.7558 5
      vertex -8.61246 2.61255 5
    endloop
  endfacet
  facet normal -0.989177 0.146725 0
    outer loop
      vertex -8.95665 0.882141 0
      vertex -8.82706 1.7558 5
      vertex -8.82706 1.7558 0
    endloop
  endfacet
  facet normal -0.989177 0.146725 0
    outer loop
      vertex -8.95665 0.882141 0
      vertex -8.95665 0.882141 5
      vertex -8.82706 1.7558 5
    endloop
  endfacet
  facet normal -0.998795 0.0490826 0
    outer loop
      vertex -9 0 0
      vertex -8.95665 0.882141 5
      vertex -8.95665 0.882141 0
    endloop
  endfacet
  facet normal -0.998795 0.0490826 0
    outer loop
      vertex -9 0 0
      vertex -9 0 5
      vertex -8.95665 0.882141 5
    endloop
  endfacet
  facet normal -0.998795 -0.0490826 0
    outer loop
      vertex -8.95665 -0.882141 0
      vertex -9 0 5
      vertex -9 0 0
    endloop
  endfacet
  facet normal -0.998795 -0.0490826 0
    outer loop
      vertex -8.95665 -0.882141 0
      vertex -8.95665 -0.882141 5
      vertex -9 0 5
    endloop
  endfacet
  facet normal -0.989177 -0.146725 0
    outer loop
      vertex -8.82706 -1.7558 0
      vertex -8.95665 -0.882141 5
      vertex -8.95665 -0.882141 0
    endloop
  endfacet
  facet normal -0.989177 -0.146725 0
    outer loop
      vertex -8.82706 -1.7558 0
      vertex -8.82706 -1.7558 5
      vertex -8.95665 -0.882141 5
    endloop
  endfacet
  facet normal -0.970033 -0.242975 0
    outer loop
      vertex -8.61246 -2.61255 0
      vertex -8.82706 -1.7558 5
      vertex -8.82706 -1.7558 0
    endloop
  endfacet
  facet normal -0.970033 -0.242975 0
    outer loop
      vertex -8.61246 -2.61255 0
      vertex -8.61246 -2.61255 5
      vertex -8.82706 -1.7558 5
    endloop
  endfacet
  facet normal -0.941543 -0.336892 0
    outer loop
      vertex -8.31491 -3.44414 0
      vertex -8.61246 -2.61255 5
      vertex -8.61246 -2.61255 0
    endloop
  endfacet
  facet normal -0.941543 -0.336892 0
    outer loop
      vertex -8.31491 -3.44414 0
      vertex -8.31491 -3.44414 5
      vertex -8.61246 -2.61255 5
    endloop
  endfacet
  facet normal -0.903993 -0.427547 0
    outer loop
      vertex -7.93729 -4.24257 0
      vertex -8.31491 -3.44414 5
      vertex -8.31491 -3.44414 0
    endloop
  endfacet
  facet normal -0.903993 -0.427547 0
    outer loop
      vertex -7.93729 -4.24257 0
      vertex -7.93729 -4.24257 5
      vertex -8.31491 -3.44414 5
    endloop
  endfacet
  facet normal -0.857723 -0.514113 0
    outer loop
      vertex -7.48322 -5.00012 0
      vertex -7.93729 -4.24257 5
      vertex -7.93729 -4.24257 0
    endloop
  endfacet
  facet normal -0.857723 -0.514113 0
    outer loop
      vertex -7.48322 -5.00012 0
      vertex -7.48322 -5.00012 5
      vertex -7.93729 -4.24257 5
    endloop
  endfacet
  facet normal -0.80321 -0.595696 0
    outer loop
      vertex -6.95709 -5.70953 0
      vertex -7.48322 -5.00012 5
      vertex -7.48322 -5.00012 0
    endloop
  endfacet
  facet normal -0.80321 -0.595696 0
    outer loop
      vertex -6.95709 -5.70953 0
      vertex -6.95709 -5.70953 5
      vertex -7.48322 -5.00012 5
    endloop
  endfacet
  facet normal -0.740946 -0.671564 0
    outer loop
      vertex -6.36395 -6.36395 0
      vertex -6.95709 -5.70953 5
      vertex -6.95709 -5.70953 0
    endloop
  endfacet
  facet normal -0.740946 -0.671564 0
    outer loop
      vertex -6.36395 -6.36395 0
      vertex -6.36395 -6.36395 5
      vertex -6.95709 -5.70953 5
    endloop
  endfacet
  facet normal -0.671564 -0.740946 0
    outer loop
      vertex -5.70953 -6.95709 0
      vertex -6.36395 -6.36395 5
      vertex -6.36395 -6.36395 0
    endloop
  endfacet
  facet normal -0.671564 -0.740946 0
    outer loop
      vertex -5.70953 -6.95709 0
      vertex -5.70953 -6.95709 5
      vertex -6.36395 -6.36395 5
    endloop
  endfacet
  facet normal -0.595696 -0.80321 0
    outer loop
      vertex -5.00012 -7.48322 0
      vertex -5.70953 -6.95709 5
      vertex -5.70953 -6.95709 0
    endloop
  endfacet
  facet normal -0.595696 -0.80321 0
    outer loop
      vertex -5.00012 -7.48322 0
      vertex -5.00012 -7.48322 5
      vertex -5.70953 -6.95709 5
    endloop
  endfacet
  facet normal -0.514113 -0.857723 0
    outer loop
      vertex -4.24257 -7.93729 0
      vertex -5.00012 -7.48322 5
      vertex -5.00012 -7.48322 0
    endloop
  endfacet
  facet normal -0.514113 -0.857723 0
    outer loop
      vertex -4.24257 -7.93729 0
      vertex -4.24257 -7.93729 5
      vertex -5.00012 -7.48322 5
    endloop
  endfacet
  facet normal -0.427547 -0.903993 0
    outer loop
      vertex -3.44414 -8.31491 0
      vertex -4.24257 -7.93729 5
      vertex -4.24257 -7.93729 0
    endloop
  endfacet
  facet normal -0.427547 -0.903993 0
    outer loop
      vertex -3.44414 -8.31491 0
      vertex -3.44414 -8.31491 5
      vertex -4.24257 -7.93729 5
    endloop
  endfacet
  facet normal -0.336892 -0.941543 0
    outer loop
      vertex -2.61255 -8.61246 0
      vertex -3.44414 -8.31491 5
      vertex -3.44414 -8.31491 0
    endloop
  endfacet
  facet normal -0.336892 -0.941543 0
    outer loop
      vertex -2.61255 -8.61246 0
      vertex -2.61255 -8.61246 5
      vertex -3.44414 -8.31491 5
    endloop
  endfacet
  facet normal -0.242975 -0.970033 0
    outer loop
      vertex -1.7558 -8.82706 0
      vertex -2.61255 -8.61246 5
      vertex -2.61255 -8.61246 0
    endloop
  endfacet
  facet normal -0.242975 -0.970033 0
    outer loop
      vertex -1.7558 -8.82706 0
      vertex -1.7558 -8.82706 5
      vertex -2.61255 -8.61246 5
    endloop
  endfacet
  facet normal -0.146725 -0.989177 0
    outer loop
      vertex -0.882141 -8.95665 0
      vertex -1.7558 -8.82706 5
      vertex -1.7558 -8.82706 0
    endloop
  endfacet
  facet normal -0.146725 -0.989177 0
    outer loop
      vertex -0.882141 -8.95665 0
      vertex -0.882141 -8.95665 5
      vertex -1.7558 -8.82706 5
    endloop
  endfacet
  facet normal -0.126301 -0.991992 0
    outer loop
      vertex 78 -19 0
      vertex -0.882141 -8.95665 5
      vertex -0.882141 -8.95665 0
    endloop
  endfacet
  facet normal -0.126301 -0.991992 0
    outer loop
      vertex 78 -19 0
      vertex 78 -19 5
      vertex -0.882141 -8.95665 5
    endloop
  endfacet
  facet normal 0 -1 0
    outer loop
      vertex 94 -19 0
      vertex 78 -19 5
      vertex 78 -19 0
    endloop
  endfacet
  facet normal 0 -1 0
    outer loop
      vertex 94 -19 0
      vertex 94 -19 5
      vertex 78 -19 5
    endloop
  endfacet
  facet normal 1 0 0
    outer loop
      vertex 94 5 0
      vertex 94 -19 5
      vertex 94 -19 0
    endloop
  endfacet
  facet normal 1 0 -0
    outer loop
      vertex 94 5 0
      vertex 94 5 5
      vertex 94 -19 5
    endloop
  endfacet
  facet normal 0.146735 0.989176 -0
    outer loop
      vertex -0.526733 -2.64812 0
      vertex -0.526733 -2.64812 5
      vertex -0.264633 -2.687 0
    endloop
  endfacet
  facet normal 0.146735 0.989176 0
    outer loop
      vertex -0.264633 -2.687 5
      vertex -0.264633 -2.687 0
      vertex -0.526733 -2.64812 5
    endloop
  endfacet
  facet normal 0.243037 0.970017 -0
    outer loop
      vertex -0.783768 -2.58372 0
      vertex -0.783768 -2.58372 5
      vertex -0.526733 -2.64812 0
    endloop
  endfacet
  facet normal 0.243037 0.970017 0
    outer loop
      vertex -0.526733 -2.64812 5
      vertex -0.526733 -2.64812 0
      vertex -0.783768 -2.58372 5
    endloop
  endfacet
  facet normal 0.336893 0.941543 -0
    outer loop
      vertex -1.03323 -2.49446 0
      vertex -1.03323 -2.49446 5
      vertex -0.783768 -2.58372 0
    endloop
  endfacet
  facet normal 0.336893 0.941543 0
    outer loop
      vertex -0.783768 -2.58372 5
      vertex -0.783768 -2.58372 0
      vertex -1.03323 -2.49446 5
    endloop
  endfacet
  facet normal 0.427512 0.90401 -0
    outer loop
      vertex -1.27277 -2.38118 0
      vertex -1.27277 -2.38118 5
      vertex -1.03323 -2.49446 0
    endloop
  endfacet
  facet normal 0.427512 0.90401 0
    outer loop
      vertex -1.03323 -2.49446 5
      vertex -1.03323 -2.49446 0
      vertex -1.27277 -2.38118 5
    endloop
  endfacet
  facet normal 0.514118 0.857719 -0
    outer loop
      vertex -1.50003 -2.24496 0
      vertex -1.50003 -2.24496 5
      vertex -1.27277 -2.38118 0
    endloop
  endfacet
  facet normal 0.514118 0.857719 0
    outer loop
      vertex -1.27277 -2.38118 5
      vertex -1.27277 -2.38118 0
      vertex -1.50003 -2.24496 5
    endloop
  endfacet
  facet normal 0.595662 0.803235 -0
    outer loop
      vertex -1.71286 -2.08713 0
      vertex -1.71286 -2.08713 5
      vertex -1.50003 -2.24496 0
    endloop
  endfacet
  facet normal 0.595662 0.803235 0
    outer loop
      vertex -1.50003 -2.24496 5
      vertex -1.50003 -2.24496 0
      vertex -1.71286 -2.08713 5
    endloop
  endfacet
  facet normal 0.671592 0.740921 -0
    outer loop
      vertex -1.90918 -1.90918 0
      vertex -1.90918 -1.90918 5
      vertex -1.71286 -2.08713 0
    endloop
  endfacet
  facet normal 0.671592 0.740921 0
    outer loop
      vertex -1.71286 -2.08713 5
      vertex -1.71286 -2.08713 0
      vertex -1.90918 -1.90918 5
    endloop
  endfacet
  facet normal 0.740921 0.671592 -0
    outer loop
      vertex -2.08713 -1.71286 0
      vertex -2.08713 -1.71286 5
      vertex -1.90918 -1.90918 0
    endloop
  endfacet
  facet normal 0.740921 0.671592 0
    outer loop
      vertex -1.90918 -1.90918 5
      vertex -1.90918 -1.90918 0
      vertex -2.08713 -1.71286 5
    endloop
  endfacet
  facet normal 0.803235 0.595662 -0
    outer loop
      vertex -2.24496 -1.50003 0
      vertex -2.24496 -1.50003 5
      vertex -2.08713 -1.71286 0
    endloop
  endfacet
  facet normal 0.803235 0.595662 0
    outer loop
      vertex -2.08713 -1.71286 5
      vertex -2.08713 -1.71286 0
      vertex -2.24496 -1.50003 5
    endloop
  endfacet
  facet normal 0.857719 0.514118 -0
    outer loop
      vertex -2.38118 -1.27277 0
      vertex -2.38118 -1.27277 5
      vertex -2.24496 -1.50003 0
    endloop
  endfacet
  facet normal 0.857719 0.514118 0
    outer loop
      vertex -2.24496 -1.50003 5
      vertex -2.24496 -1.50003 0
      vertex -2.38118 -1.27277 5
    endloop
  endfacet
  facet normal 0.90401 0.427512 -0
    outer loop
      vertex -2.49446 -1.03323 0
      vertex -2.49446 -1.03323 5
      vertex -2.38118 -1.27277 0
    endloop
  endfacet
  facet normal 0.90401 0.427512 0
    outer loop
      vertex -2.38118 -1.27277 5
      vertex -2.38118 -1.27277 0
      vertex -2.49446 -1.03323 5
    endloop
  endfacet
  facet normal 0.941543 0.336893 -0
    outer loop
      vertex -2.58372 -0.783768 0
      vertex -2.58372 -0.783768 5
      vertex -2.49446 -1.03323 0
    endloop
  endfacet
  facet normal 0.941543 0.336893 0
    outer loop
      vertex -2.49446 -1.03323 5
      vertex -2.49446 -1.03323 0
      vertex -2.58372 -0.783768 5
    endloop
  endfacet
  facet normal 0.970017 0.243037 -0
    outer loop
      vertex -2.64812 -0.526733 0
      vertex -2.64812 -0.526733 5
      vertex -2.58372 -0.783768 0
    endloop
  endfacet
  facet normal 0.970017 0.243037 0
    outer loop
      vertex -2.58372 -0.783768 5
      vertex -2.58372 -0.783768 0
      vertex -2.64812 -0.526733 5
    endloop
  endfacet
  facet normal 0.989176 0.146735 -0
    outer loop
      vertex -2.687 -0.264633 0
      vertex -2.687 -0.264633 5
      vertex -2.64812 -0.526733 0
    endloop
  endfacet
  facet normal 0.989176 0.146735 0
    outer loop
      vertex -2.64812 -0.526733 5
      vertex -2.64812 -0.526733 0
      vertex -2.687 -0.264633 5
    endloop
  endfacet
  facet normal 0.998796 0.0490655 -0
    outer loop
      vertex -2.7 0 0
      vertex -2.7 0 5
      vertex -2.687 -0.264633 0
    endloop
  endfacet
  facet normal 0.998796 0.0490655 0
    outer loop
      vertex -2.687 -0.264633 5
      vertex -2.687 -0.264633 0
      vertex -2.7 0 5
    endloop
  endfacet
  facet normal 0.998796 -0.0490655 0
    outer loop
      vertex -2.687 0.264633 0
      vertex -2.687 0.264633 5
      vertex -2.7 0 0
    endloop
  endfacet
  facet normal 0.998796 -0.0490655 0
    outer loop
      vertex -2.7 0 5
      vertex -2.7 0 0
      vertex -2.687 0.264633 5
    endloop
  endfacet
  facet normal 0.989176 -0.146735 0
    outer loop
      vertex -2.64812 0.526733 0
      vertex -2.64812 0.526733 5
      vertex -2.687 0.264633 0
    endloop
  endfacet
  facet normal 0.989176 -0.146735 0
    outer loop
      vertex -2.687 0.264633 5
      vertex -2.687 0.264633 0
      vertex -2.64812 0.526733 5
    endloop
  endfacet
  facet normal 0.970017 -0.243037 0
    outer loop
      vertex -2.58372 0.783768 0
      vertex -2.58372 0.783768 5
      vertex -2.64812 0.526733 0
    endloop
  endfacet
  facet normal 0.970017 -0.243037 0
    outer loop
      vertex -2.64812 0.526733 5
      vertex -2.64812 0.526733 0
      vertex -2.58372 0.783768 5
    endloop
  endfacet
  facet normal 0.941543 -0.336893 0
    outer loop
      vertex -2.49446 1.03323 0
      vertex -2.49446 1.03323 5
      vertex -2.58372 0.783768 0
    endloop
  endfacet
  facet normal 0.941543 -0.336893 0
    outer loop
      vertex -2.58372 0.783768 5
      vertex -2.58372 0.783768 0
      vertex -2.49446 1.03323 5
    endloop
  endfacet
  facet normal 0.90401 -0.427512 0
    outer loop
      vertex -2.38118 1.27277 0
      vertex -2.38118 1.27277 5
      vertex -2.49446 1.03323 0
    endloop
  endfacet
  facet normal 0.90401 -0.427512 0
    outer loop
      vertex -2.49446 1.03323 5
      vertex -2.49446 1.03323 0
      vertex -2.38118 1.27277 5
    endloop
  endfacet
  facet normal 0.857719 -0.514118 0
    outer loop
      vertex -2.24496 1.50003 0
      vertex -2.24496 1.50003 5
      vertex -2.38118 1.27277 0
    endloop
  endfacet
  facet normal 0.857719 -0.514118 0
    outer loop
      vertex -2.38118 1.27277 5
      vertex -2.38118 1.27277 0
      vertex -2.24496 1.50003 5
    endloop
  endfacet
  facet normal 0.803235 -0.595662 0
    outer loop
      vertex -2.08713 1.71286 0
      vertex -2.08713 1.71286 5
      vertex -2.24496 1.50003 0
    endloop
  endfacet
  facet normal 0.803235 -0.595662 0
    outer loop
      vertex -2.24496 1.50003 5
      vertex -2.24496 1.50003 0
      vertex -2.08713 1.71286 5
    endloop
  endfacet
  facet normal 0.740921 -0.671592 0
    outer loop
      vertex -1.90918 1.90918 0
      vertex -1.90918 1.90918 5
      vertex -2.08713 1.71286 0
    endloop
  endfacet
  facet normal 0.740921 -0.671592 0
    outer loop
      vertex -2.08713 1.71286 5
      vertex -2.08713 1.71286 0
      vertex -1.90918 1.90918 5
    endloop
  endfacet
  facet normal 0.671592 -0.740921 0
    outer loop
      vertex -1.71286 2.08713 0
      vertex -1.71286 2.08713 5
      vertex -1.90918 1.90918 0
    endloop
  endfacet
  facet normal 0.671592 -0.740921 0
    outer loop
      vertex -1.90918 1.90918 5
      vertex -1.90918 1.90918 0
      vertex -1.71286 2.08713 5
    endloop
  endfacet
  facet normal 0.595662 -0.803235 0
    outer loop
      vertex -1.50003 2.24496 0
      vertex -1.50003 2.24496 5
      vertex -1.71286 2.08713 0
    endloop
  endfacet
  facet normal 0.595662 -0.803235 0
    outer loop
      vertex -1.71286 2.08713 5
      vertex -1.71286 2.08713 0
      vertex -1.50003 2.24496 5
    endloop
  endfacet
  facet normal 0.514118 -0.857719 0
    outer loop
      vertex -1.27277 2.38118 0
      vertex -1.27277 2.38118 5
      vertex -1.50003 2.24496 0
    endloop
  endfacet
  facet normal 0.514118 -0.857719 0
    outer loop
      vertex -1.50003 2.24496 5
      vertex -1.50003 2.24496 0
      vertex -1.27277 2.38118 5
    endloop
  endfacet
  facet normal 0.427512 -0.90401 0
    outer loop
      vertex -1.03323 2.49446 0
      vertex -1.03323 2.49446 5
      vertex -1.27277 2.38118 0
    endloop
  endfacet
  facet normal 0.427512 -0.90401 0
    outer loop
      vertex -1.27277 2.38118 5
      vertex -1.27277 2.38118 0
      vertex -1.03323 2.49446 5
    endloop
  endfacet
  facet normal 0.336893 -0.941543 0
    outer loop
      vertex -0.783768 2.58372 0
      vertex -0.783768 2.58372 5
      vertex -1.03323 2.49446 0
    endloop
  endfacet
  facet normal 0.336893 -0.941543 0
    outer loop
      vertex -1.03323 2.49446 5
      vertex -1.03323 2.49446 0
      vertex -0.783768 2.58372 5
    endloop
  endfacet
  facet normal 0.243037 -0.970017 0
    outer loop
      vertex -0.526733 2.64812 0
      vertex -0.526733 2.64812 5
      vertex -0.783768 2.58372 0
    endloop
  endfacet
  facet normal 0.243037 -0.970017 0
    outer loop
      vertex -0.783768 2.58372 5
      vertex -0.783768 2.58372 0
      vertex -0.526733 2.64812 5
    endloop
  endfacet
  facet normal 0.146735 -0.989176 0
    outer loop
      vertex -0.264633 2.687 0
      vertex -0.264633 2.687 5
      vertex -0.526733 2.64812 0
    endloop
  endfacet
  facet normal 0.146735 -0.989176 0
    outer loop
      vertex -0.526733 2.64812 5
      vertex -0.526733 2.64812 0
      vertex -0.264633 2.687 5
    endloop
  endfacet
  facet normal 0.0490655 -0.998796 0
    outer loop
      vertex 0 2.7 0
      vertex 0 2.7 5
      vertex -0.264633 2.687 0
    endloop
  endfacet
  facet normal 0.0490655 -0.998796 0
    outer loop
      vertex -0.264633 2.687 5
      vertex -0.264633 2.687 0
      vertex 0 2.7 5
    endloop
  endfacet
  facet normal -0.0490655 -0.998796 0
    outer loop
      vertex 0.264633 2.687 0
      vertex 0.264633 2.687 5
      vertex 0 2.7 0
    endloop
  endfacet
  facet normal -0.0490655 -0.998796 -0
    outer loop
      vertex 0 2.7 5
      vertex 0 2.7 0
      vertex 0.264633 2.687 5
    endloop
  endfacet
  facet normal -0.146735 -0.989176 0
    outer loop
      vertex 0.526733 2.64812 0
      vertex 0.526733 2.64812 5
      vertex 0.264633 2.687 0
    endloop
  endfacet
  facet normal -0.146735 -0.989176 -0
    outer loop
      vertex 0.264633 2.687 5
      vertex 0.264633 2.687 0
      vertex 0.526733 2.64812 5
    endloop
  endfacet
  facet normal -0.243037 -0.970017 0
    outer loop
      vertex 0.783768 2.58372 0
      vertex 0.783768 2.58372 5
      vertex 0.526733 2.64812 0
    endloop
  endfacet
  facet normal -0.243037 -0.970017 -0
    outer loop
      vertex 0.526733 2.64812 5
      vertex 0.526733 2.64812 0
      vertex 0.783768 2.58372 5
    endloop
  endfacet
  facet normal -0.336893 -0.941543 0
    outer loop
      vertex 1.03323 2.49446 0
      vertex 1.03323 2.49446 5
      vertex 0.783768 2.58372 0
    endloop
  endfacet
  facet normal -0.336893 -0.941543 -0
    outer loop
      vertex 0.783768 2.58372 5
      vertex 0.783768 2.58372 0
      vertex 1.03323 2.49446 5
    endloop
  endfacet
  facet normal -0.427512 -0.90401 0
    outer loop
      vertex 1.27277 2.38118 0
      vertex 1.27277 2.38118 5
      vertex 1.03323 2.49446 0
    endloop
  endfacet
  facet normal -0.427512 -0.90401 -0
    outer loop
      vertex 1.03323 2.49446 5
      vertex 1.03323 2.49446 0
      vertex 1.27277 2.38118 5
    endloop
  endfacet
  facet normal -0.514118 -0.857719 0
    outer loop
      vertex 1.50003 2.24496 0
      vertex 1.50003 2.24496 5
      vertex 1.27277 2.38118 0
    endloop
  endfacet
  facet normal -0.514118 -0.857719 -0
    outer loop
      vertex 1.27277 2.38118 5
      vertex 1.27277 2.38118 0
      vertex 1.50003 2.24496 5
    endloop
  endfacet
  facet normal -0.595662 -0.803235 0
    outer loop
      vertex 1.71286 2.08713 0
      vertex 1.71286 2.08713 5
      vertex 1.50003 2.24496 0
    endloop
  endfacet
  facet normal -0.595662 -0.803235 -0
    outer loop
      vertex 1.50003 2.24496 5
      vertex 1.50003 2.24496 0
      vertex 1.71286 2.08713 5
    endloop
  endfacet
  facet normal -0.671592 -0.740921 0
    outer loop
      vertex 1.90918 1.90918 0
      vertex 1.90918 1.90918 5
      vertex 1.71286 2.08713 0
    endloop
  endfacet
  facet normal -0.671592 -0.740921 -0
    outer loop
      vertex 1.71286 2.08713 5
      vertex 1.71286 2.08713 0
      vertex 1.90918 1.90918 5
    endloop
  endfacet
  facet normal -0.740921 -0.671592 0
    outer loop
      vertex 2.08713 1.71286 0
      vertex 2.08713 1.71286 5
      vertex 1.90918 1.90918 0
    endloop
  endfacet
  facet normal -0.740921 -0.671592 -0
    outer loop
      vertex 1.90918 1.90918 5
      vertex 1.90918 1.90918 0
      vertex 2.08713 1.71286 5
    endloop
  endfacet
  facet normal -0.803235 -0.595662 0
    outer loop
      vertex 2.24496 1.50003 0
      vertex 2.24496 1.50003 5
      vertex 2.08713 1.71286 0
    endloop
  endfacet
  facet normal -0.803235 -0.595662 -0
    outer loop
      vertex 2.08713 1.71286 5
      vertex 2.08713 1.71286 0
      vertex 2.24496 1.50003 5
    endloop
  endfacet
  facet normal -0.857719 -0.514118 0
    outer loop
      vertex 2.38118 1.27277 0
      vertex 2.38118 1.27277 5
      vertex 2.24496 1.50003 0
    endloop
  endfacet
  facet normal -0.857719 -0.514118 -0
    outer loop
      vertex 2.24496 1.50003 5
      vertex 2.24496 1.50003 0
      vertex 2.38118 1.27277 5
    endloop
  endfacet
  facet normal -0.90401 -0.427512 0
    outer loop
      vertex 2.49446 1.03323 0
      vertex 2.49446 1.03323 5
      vertex 2.38118 1.27277 0
    endloop
  endfacet
  facet normal -0.90401 -0.427512 -0
    outer loop
      vertex 2.38118 1.27277 5
      vertex 2.38118 1.27277 0
      vertex 2.49446 1.03323 5
    endloop
  endfacet
  facet normal -0.941543 -0.336893 0
    outer loop
      vertex 2.58372 0.783768 0
      vertex 2.58372 0.783768 5
      vertex 2.49446 1.03323 0
    endloop
  endfacet
  facet normal -0.941543 -0.336893 -0
    outer loop
      vertex 2.49446 1.03323 5
      vertex 2.49446 1.03323 0
      vertex 2.58372 0.783768 5
    endloop
  endfacet
  facet normal -0.970017 -0.243037 0
    outer loop
      vertex 2.64812 0.526733 0
      vertex 2.64812 0.526733 5
      vertex 2.58372 0.783768 0
    endloop
  endfacet
  facet normal -0.970017 -0.243037 -0
    outer loop
      vertex 2.58372 0.783768 5
      vertex 2.58372 0.783768 0
      vertex 2.64812 0.526733 5
    endloop
  endfacet
  facet normal -0.989176 -0.146735 0
    outer loop
      vertex 2.687 0.264633 0
      vertex 2.687 0.264633 5
      vertex 2.64812 0.526733 0
    endloop
  endfacet
  facet normal -0.989176 -0.146735 -0
    outer loop
      vertex 2.64812 0.526733 5
      vertex 2.64812 0.526733 0
      vertex 2.687 0.264633 5
    endloop
  endfacet
  facet normal -0.998796 -0.0490655 0
    outer loop
      vertex 2.7 0 0
      vertex 2.7 0 5
      vertex 2.687 0.264633 0
    endloop
  endfacet
  facet normal -0.998796 -0.0490655 -0
    outer loop
      vertex 2.687 0.264633 5
      vertex 2.687 0.264633 0
      vertex 2.7 0 5
    endloop
  endfacet
  facet normal -0.998796 0.0490655 0
    outer loop
      vertex 2.687 -0.264633 0
      vertex 2.687 -0.264633 5
      vertex 2.7 0 0
    endloop
  endfacet
  facet normal -0.998796 0.0490655 0
    outer loop
      vertex 2.7 0 5
      vertex 2.7 0 0
      vertex 2.687 -0.264633 5
    endloop
  endfacet
  facet normal -0.989176 0.146735 0
    outer loop
      vertex 2.64812 -0.526733 0
      vertex 2.64812 -0.526733 5
      vertex 2.687 -0.264633 0
    endloop
  endfacet
  facet normal -0.989176 0.146735 0
    outer loop
      vertex 2.687 -0.264633 5
      vertex 2.687 -0.264633 0
      vertex 2.64812 -0.526733 5
    endloop
  endfacet
  facet normal -0.970017 0.243037 0
    outer loop
      vertex 2.58372 -0.783768 0
      vertex 2.58372 -0.783768 5
      vertex 2.64812 -0.526733 0
    endloop
  endfacet
  facet normal -0.970017 0.243037 0
    outer loop
      vertex 2.64812 -0.526733 5
      vertex 2.64812 -0.526733 0
      vertex 2.58372 -0.783768 5
    endloop
  endfacet
  facet normal -0.941543 0.336893 0
    outer loop
      vertex 2.49446 -1.03323 0
      vertex 2.49446 -1.03323 5
      vertex 2.58372 -0.783768 0
    endloop
  endfacet
  facet normal -0.941543 0.336893 0
    outer loop
      vertex 2.58372 -0.783768 5
      vertex 2.58372 -0.783768 0
      vertex 2.49446 -1.03323 5
    endloop
  endfacet
  facet normal -0.90401 0.427512 0
    outer loop
      vertex 2.38118 -1.27277 0
      vertex 2.38118 -1.27277 5
      vertex 2.49446 -1.03323 0
    endloop
  endfacet
  facet normal -0.90401 0.427512 0
    outer loop
      vertex 2.49446 -1.03323 5
      vertex 2.49446 -1.03323 0
      vertex 2.38118 -1.27277 5
    endloop
  endfacet
  facet normal -0.857719 0.514118 0
    outer loop
      vertex 2.24496 -1.50003 0
      vertex 2.24496 -1.50003 5
      vertex 2.38118 -1.27277 0
    endloop
  endfacet
  facet normal -0.857719 0.514118 0
    outer loop
      vertex 2.38118 -1.27277 5
      vertex 2.38118 -1.27277 0
      vertex 2.24496 -1.50003 5
    endloop
  endfacet
  facet normal -0.803235 0.595662 0
    outer loop
      vertex 2.08713 -1.71286 0
      vertex 2.08713 -1.71286 5
      vertex 2.24496 -1.50003 0
    endloop
  endfacet
  facet normal -0.803235 0.595662 0
    outer loop
      vertex 2.24496 -1.50003 5
      vertex 2.24496 -1.50003 0
      vertex 2.08713 -1.71286 5
    endloop
  endfacet
  facet normal -0.740921 0.671592 0
    outer loop
      vertex 1.90918 -1.90918 0
      vertex 1.90918 -1.90918 5
      vertex 2.08713 -1.71286 0
    endloop
  endfacet
  facet normal -0.740921 0.671592 0
    outer loop
      vertex 2.08713 -1.71286 5
      vertex 2.08713 -1.71286 0
      vertex 1.90918 -1.90918 5
    endloop
  endfacet
  facet normal -0.671592 0.740921 0
    outer loop
      vertex 1.71286 -2.08713 0
      vertex 1.71286 -2.08713 5
      vertex 1.90918 -1.90918 0
    endloop
  endfacet
  facet normal -0.671592 0.740921 0
    outer loop
      vertex 1.90918 -1.90918 5
      vertex 1.90918 -1.90918 0
      vertex 1.71286 -2.08713 5
    endloop
  endfacet
  facet normal -0.595662 0.803235 0
    outer loop
      vertex 1.50003 -2.24496 0
      vertex 1.50003 -2.24496 5
      vertex 1.71286 -2.08713 0
    endloop
  endfacet
  facet normal -0.595662 0.803235 0
    outer loop
      vertex 1.71286 -2.08713 5
      vertex 1.71286 -2.08713 0
      vertex 1.50003 -2.24496 5
    endloop
  endfacet
  facet normal -0.514118 0.857719 0
    outer loop
      vertex 1.27277 -2.38118 0
      vertex 1.27277 -2.38118 5
      vertex 1.50003 -2.24496 0
    endloop
  endfacet
  facet normal -0.514118 0.857719 0
    outer loop
      vertex 1.50003 -2.24496 5
      vertex 1.50003 -2.24496 0
      vertex 1.27277 -2.38118 5
    endloop
  endfacet
  facet normal -0.427512 0.90401 0
    outer loop
      vertex 1.03323 -2.49446 0
      vertex 1.03323 -2.49446 5
      vertex 1.27277 -2.38118 0
    endloop
  endfacet
  facet normal -0.427512 0.90401 0
    outer loop
      vertex 1.27277 -2.38118 5
      vertex 1.27277 -2.38118 0
      vertex 1.03323 -2.49446 5
    endloop
  endfacet
  facet normal -0.336893 0.941543 0
    outer loop
      vertex 0.783768 -2.58372 0
      vertex 0.783768 -2.58372 5
      vertex 1.03323 -2.49446 0
    endloop
  endfacet
  facet normal -0.336893 0.941543 0
    outer loop
      vertex 1.03323 -2.49446 5
      vertex 1.03323 -2.49446 0
      vertex 0.783768 -2.58372 5
    endloop
  endfacet
  facet normal -0.243037 0.970017 0
    outer loop
      vertex 0.526733 -2.64812 0
      vertex 0.526733 -2.64812 5
      vertex 0.783768 -2.58372 0
    endloop
  endfacet
  facet normal -0.243037 0.970017 0
    outer loop
      vertex 0.783768 -2.58372 5
      vertex 0.783768 -2.58372 0
      vertex 0.526733 -2.64812 5
    endloop
  endfacet
  facet normal -0.146735 0.989176 0
    outer loop
      vertex 0.264633 -2.687 0
      vertex 0.264633 -2.687 5
      vertex 0.526733 -2.64812 0
    endloop
  endfacet
  facet normal -0.146735 0.989176 0
    outer loop
      vertex 0.526733 -2.64812 5
      vertex 0.526733 -2.64812 0
      vertex 0.264633 -2.687 5
    endloop
  endfacet
  facet normal -0.0490655 0.998796 0
    outer loop
      vertex 0 -2.7 0
      vertex 0 -2.7 5
      vertex 0.264633 -2.687 0
    endloop
  endfacet
  facet normal -0.0490655 0.998796 0
    outer loop
      vertex 0.264633 -2.687 5
      vertex 0.264633 -2.687 0
      vertex 0 -2.7 5
    endloop
  endfacet
  facet normal 0.0490655 0.998796 -0
    outer loop
      vertex -0.264633 -2.687 0
      vertex -0.264633 -2.687 5
      vertex 0 -2.7 0
    endloop
  endfacet
  facet normal 0.0490655 0.998796 0
    outer loop
      vertex 0 -2.7 5
      vertex 0 -2.7 0
      vertex -0.264633 -2.687 5
    endloop
  endfacet
  facet normal 0.146612 0.989194 -0
    outer loop
      vertex 44.6683 -1.66733 0
      vertex 44.6683 -1.66733 5
      vertex 44.8334 -1.6918 0
    endloop
  endfacet
  facet normal 0.146612 0.989194 0
    outer loop
      vertex 44.8334 -1.6918 5
      vertex 44.8334 -1.6918 0
      vertex 44.6683 -1.66733 5
    endloop
  endfacet
  facet normal 0.243043 0.970015 -0
    outer loop
      vertex 44.5065 -1.62679 0
      vertex 44.5065 -1.62679 5
      vertex 44.6683 -1.66733 0
    endloop
  endfacet
  facet normal 0.243043 0.970015 0
    outer loop
      vertex 44.6683 -1.66733 5
      vertex 44.6683 -1.66733 0
      vertex 44.5065 -1.62679 5
    endloop
  endfacet
  facet normal 0.33683 0.941566 -0
    outer loop
      vertex 44.3494 -1.57059 0
      vertex 44.3494 -1.57059 5
      vertex 44.5065 -1.62679 0
    endloop
  endfacet
  facet normal 0.33683 0.941566 0
    outer loop
      vertex 44.5065 -1.62679 5
      vertex 44.5065 -1.62679 0
      vertex 44.3494 -1.57059 5
    endloop
  endfacet
  facet normal 0.427638 0.90395 -0
    outer loop
      vertex 44.1986 -1.49925 0
      vertex 44.1986 -1.49925 5
      vertex 44.3494 -1.57059 0
    endloop
  endfacet
  facet normal 0.427638 0.90395 0
    outer loop
      vertex 44.3494 -1.57059 5
      vertex 44.3494 -1.57059 0
      vertex 44.1986 -1.49925 5
    endloop
  endfacet
  facet normal 0.514011 0.857784 -0
    outer loop
      vertex 44.0555 -1.4135 0
      vertex 44.0555 -1.4135 5
      vertex 44.1986 -1.49925 0
    endloop
  endfacet
  facet normal 0.514011 0.857784 0
    outer loop
      vertex 44.1986 -1.49925 5
      vertex 44.1986 -1.49925 0
      vertex 44.0555 -1.4135 5
    endloop
  endfacet
  facet normal 0.595695 0.803211 -0
    outer loop
      vertex 43.9215 -1.31412 0
      vertex 43.9215 -1.31412 5
      vertex 44.0555 -1.4135 0
    endloop
  endfacet
  facet normal 0.595695 0.803211 0
    outer loop
      vertex 44.0555 -1.4135 5
      vertex 44.0555 -1.4135 0
      vertex 43.9215 -1.31412 5
    endloop
  endfacet
  facet normal 0.671643 0.740875 -0
    outer loop
      vertex 43.7979 -1.20207 0
      vertex 43.7979 -1.20207 5
      vertex 43.9215 -1.31412 0
    endloop
  endfacet
  facet normal 0.671643 0.740875 0
    outer loop
      vertex 43.9215 -1.31412 5
      vertex 43.9215 -1.31412 0
      vertex 43.7979 -1.20207 5
    endloop
  endfacet
  facet normal 0.741051 0.671448 -0
    outer loop
      vertex 43.6859 -1.07846 0
      vertex 43.6859 -1.07846 5
      vertex 43.7979 -1.20207 0
    endloop
  endfacet
  facet normal 0.741051 0.671448 0
    outer loop
      vertex 43.7979 -1.20207 5
      vertex 43.7979 -1.20207 0
      vertex 43.6859 -1.07846 5
    endloop
  endfacet
  facet normal 0.803158 0.595766 -0
    outer loop
      vertex 43.5865 -0.944458 0
      vertex 43.5865 -0.944458 5
      vertex 43.6859 -1.07846 0
    endloop
  endfacet
  facet normal 0.803158 0.595766 0
    outer loop
      vertex 43.6859 -1.07846 5
      vertex 43.6859 -1.07846 0
      vertex 43.5865 -0.944458 5
    endloop
  endfacet
  facet normal 0.857647 0.514239 -0
    outer loop
      vertex 43.5007 -0.801361 0
      vertex 43.5007 -0.801361 5
      vertex 43.5865 -0.944458 0
    endloop
  endfacet
  facet normal 0.857647 0.514239 0
    outer loop
      vertex 43.5865 -0.944458 5
      vertex 43.5865 -0.944458 0
      vertex 43.5007 -0.801361 5
    endloop
  endfacet
  facet normal 0.904046 0.427435 -0
    outer loop
      vertex 43.4294 -0.650558 0
      vertex 43.4294 -0.650558 5
      vertex 43.5007 -0.801361 0
    endloop
  endfacet
  facet normal 0.904046 0.427435 0
    outer loop
      vertex 43.5007 -0.801361 5
      vertex 43.5007 -0.801361 0
      vertex 43.4294 -0.650558 5
    endloop
  endfacet
  facet normal 0.941558 0.336851 -0
    outer loop
      vertex 43.3732 -0.493469 0
      vertex 43.3732 -0.493469 5
      vertex 43.4294 -0.650558 0
    endloop
  endfacet
  facet normal 0.941558 0.336851 0
    outer loop
      vertex 43.4294 -0.650558 5
      vertex 43.4294 -0.650558 0
      vertex 43.3732 -0.493469 5
    endloop
  endfacet
  facet normal 0.970079 0.242791 -0
    outer loop
      vertex 43.3327 -0.33165 0
      vertex 43.3327 -0.33165 5
      vertex 43.3732 -0.493469 0
    endloop
  endfacet
  facet normal 0.970079 0.242791 0
    outer loop
      vertex 43.3732 -0.493469 5
      vertex 43.3732 -0.493469 0
      vertex 43.3327 -0.33165 5
    endloop
  endfacet
  facet normal 0.989158 0.146854 -0
    outer loop
      vertex 43.3082 -0.166626 0
      vertex 43.3082 -0.166626 5
      vertex 43.3327 -0.33165 0
    endloop
  endfacet
  facet normal 0.989158 0.146854 0
    outer loop
      vertex 43.3327 -0.33165 5
      vertex 43.3327 -0.33165 0
      vertex 43.3082 -0.166626 5
    endloop
  endfacet
  facet normal 0.998791 0.0491525 -0
    outer loop
      vertex 43.3 0 0
      vertex 43.3 0 5
      vertex 43.3082 -0.166626 0
    endloop
  endfacet
  facet normal 0.998791 0.0491525 0
    outer loop
      vertex 43.3082 -0.166626 5
      vertex 43.3082 -0.166626 0
      vertex 43.3 0 5
    endloop
  endfacet
  facet normal 0.998791 -0.0491525 0
    outer loop
      vertex 43.3082 0.166626 0
      vertex 43.3082 0.166626 5
      vertex 43.3 0 0
    endloop
  endfacet
  facet normal 0.998791 -0.0491525 0
    outer loop
      vertex 43.3 0 5
      vertex 43.3 0 0
      vertex 43.3082 0.166626 5
    endloop
  endfacet
  facet normal 0.989158 -0.146854 0
    outer loop
      vertex 43.3327 0.33165 0
      vertex 43.3327 0.33165 5
      vertex 43.3082 0.166626 0
    endloop
  endfacet
  facet normal 0.989158 -0.146854 0
    outer loop
      vertex 43.3082 0.166626 5
      vertex 43.3082 0.166626 0
      vertex 43.3327 0.33165 5
    endloop
  endfacet
  facet normal 0.970079 -0.242791 0
    outer loop
      vertex 43.3732 0.493469 0
      vertex 43.3732 0.493469 5
      vertex 43.3327 0.33165 0
    endloop
  endfacet
  facet normal 0.970079 -0.242791 0
    outer loop
      vertex 43.3327 0.33165 5
      vertex 43.3327 0.33165 0
      vertex 43.3732 0.493469 5
    endloop
  endfacet
  facet normal 0.941558 -0.336851 0
    outer loop
      vertex 43.4294 0.650558 0
      vertex 43.4294 0.650558 5
      vertex 43.3732 0.493469 0
    endloop
  endfacet
  facet normal 0.941558 -0.336851 0
    outer loop
      vertex 43.3732 0.493469 5
      vertex 43.3732 0.493469 0
      vertex 43.4294 0.650558 5
    endloop
  endfacet
  facet normal 0.904046 -0.427435 0
    outer loop
      vertex 43.5007 0.801361 0
      vertex 43.5007 0.801361 5
      vertex 43.4294 0.650558 0
    endloop
  endfacet
  facet normal 0.904046 -0.427435 0
    outer loop
      vertex 43.4294 0.650558 5
      vertex 43.4294 0.650558 0
      vertex 43.5007 0.801361 5
    endloop
  endfacet
  facet normal 0.857647 -0.514239 0
    outer loop
      vertex 43.5865 0.944458 0
      vertex 43.5865 0.944458 5
      vertex 43.5007 0.801361 0
    endloop
  endfacet
  facet normal 0.857647 -0.514239 0
    outer loop
      vertex 43.5007 0.801361 5
      vertex 43.5007 0.801361 0
      vertex 43.5865 0.944458 5
    endloop
  endfacet
  facet normal 0.803158 -0.595766 0
    outer loop
      vertex 43.6859 1.07846 0
      vertex 43.6859 1.07846 5
      vertex 43.5865 0.944458 0
    endloop
  endfacet
  facet normal 0.803158 -0.595766 0
    outer loop
      vertex 43.5865 0.944458 5
      vertex 43.5865 0.944458 0
      vertex 43.6859 1.07846 5
    endloop
  endfacet
  facet normal 0.741051 -0.671448 0
    outer loop
      vertex 43.7979 1.20207 0
      vertex 43.7979 1.20207 5
      vertex 43.6859 1.07846 0
    endloop
  endfacet
  facet normal 0.741051 -0.671448 0
    outer loop
      vertex 43.6859 1.07846 5
      vertex 43.6859 1.07846 0
      vertex 43.7979 1.20207 5
    endloop
  endfacet
  facet normal 0.671643 -0.740875 0
    outer loop
      vertex 43.9215 1.31412 0
      vertex 43.9215 1.31412 5
      vertex 43.7979 1.20207 0
    endloop
  endfacet
  facet normal 0.671643 -0.740875 0
    outer loop
      vertex 43.7979 1.20207 5
      vertex 43.7979 1.20207 0
      vertex 43.9215 1.31412 5
    endloop
  endfacet
  facet normal 0.595695 -0.803211 0
    outer loop
      vertex 44.0555 1.4135 0
      vertex 44.0555 1.4135 5
      vertex 43.9215 1.31412 0
    endloop
  endfacet
  facet normal 0.595695 -0.803211 0
    outer loop
      vertex 43.9215 1.31412 5
      vertex 43.9215 1.31412 0
      vertex 44.0555 1.4135 5
    endloop
  endfacet
  facet normal 0.514011 -0.857784 0
    outer loop
      vertex 44.1986 1.49925 0
      vertex 44.1986 1.49925 5
      vertex 44.0555 1.4135 0
    endloop
  endfacet
  facet normal 0.514011 -0.857784 0
    outer loop
      vertex 44.0555 1.4135 5
      vertex 44.0555 1.4135 0
      vertex 44.1986 1.49925 5
    endloop
  endfacet
  facet normal 0.427638 -0.90395 0
    outer loop
      vertex 44.3494 1.57059 0
      vertex 44.3494 1.57059 5
      vertex 44.1986 1.49925 0
    endloop
  endfacet
  facet normal 0.427638 -0.90395 0
    outer loop
      vertex 44.1986 1.49925 5
      vertex 44.1986 1.49925 0
      vertex 44.3494 1.57059 5
    endloop
  endfacet
  facet normal 0.33683 -0.941566 0
    outer loop
      vertex 44.5065 1.62679 0
      vertex 44.5065 1.62679 5
      vertex 44.3494 1.57059 0
    endloop
  endfacet
  facet normal 0.33683 -0.941566 0
    outer loop
      vertex 44.3494 1.57059 5
      vertex 44.3494 1.57059 0
      vertex 44.5065 1.62679 5
    endloop
  endfacet
  facet normal 0.243043 -0.970015 0
    outer loop
      vertex 44.6683 1.66733 0
      vertex 44.6683 1.66733 5
      vertex 44.5065 1.62679 0
    endloop
  endfacet
  facet normal 0.243043 -0.970015 0
    outer loop
      vertex 44.5065 1.62679 5
      vertex 44.5065 1.62679 0
      vertex 44.6683 1.66733 5
    endloop
  endfacet
  facet normal 0.146612 -0.989194 0
    outer loop
      vertex 44.8334 1.6918 0
      vertex 44.8334 1.6918 5
      vertex 44.6683 1.66733 0
    endloop
  endfacet
  facet normal 0.146612 -0.989194 0
    outer loop
      vertex 44.6683 1.66733 5
      vertex 44.6683 1.66733 0
      vertex 44.8334 1.6918 5
    endloop
  endfacet
  facet normal 0.0491602 -0.998791 0
    outer loop
      vertex 45 1.7 0
      vertex 45 1.7 5
      vertex 44.8334 1.6918 0
    endloop
  endfacet
  facet normal 0.0491602 -0.998791 0
    outer loop
      vertex 44.8334 1.6918 5
      vertex 44.8334 1.6918 0
      vertex 45 1.7 5
    endloop
  endfacet
  facet normal -0.0491602 -0.998791 0
    outer loop
      vertex 45.1666 1.6918 0
      vertex 45.1666 1.6918 5
      vertex 45 1.7 0
    endloop
  endfacet
  facet normal -0.0491602 -0.998791 -0
    outer loop
      vertex 45 1.7 5
      vertex 45 1.7 0
      vertex 45.1666 1.6918 5
    endloop
  endfacet
  facet normal -0.146699 -0.989181 0
    outer loop
      vertex 45.3316 1.66733 0
      vertex 45.3316 1.66733 5
      vertex 45.1666 1.6918 0
    endloop
  endfacet
  facet normal -0.146699 -0.989181 -0
    outer loop
      vertex 45.1666 1.6918 5
      vertex 45.1666 1.6918 0
      vertex 45.3316 1.66733 5
    endloop
  endfacet
  facet normal -0.242902 -0.970051 0
    outer loop
      vertex 45.4935 1.62679 0
      vertex 45.4935 1.62679 5
      vertex 45.3316 1.66733 0
    endloop
  endfacet
  facet normal -0.242902 -0.970051 -0
    outer loop
      vertex 45.3316 1.66733 5
      vertex 45.3316 1.66733 0
      vertex 45.4935 1.62679 5
    endloop
  endfacet
  facet normal -0.33683 -0.941566 0
    outer loop
      vertex 45.6506 1.57059 0
      vertex 45.6506 1.57059 5
      vertex 45.4935 1.62679 0
    endloop
  endfacet
  facet normal -0.33683 -0.941566 -0
    outer loop
      vertex 45.4935 1.62679 5
      vertex 45.4935 1.62679 0
      vertex 45.6506 1.57059 5
    endloop
  endfacet
  facet normal -0.427638 -0.90395 0
    outer loop
      vertex 45.8014 1.49925 0
      vertex 45.8014 1.49925 5
      vertex 45.6506 1.57059 0
    endloop
  endfacet
  facet normal -0.427638 -0.90395 -0
    outer loop
      vertex 45.6506 1.57059 5
      vertex 45.6506 1.57059 0
      vertex 45.8014 1.49925 5
    endloop
  endfacet
  facet normal -0.514011 -0.857784 0
    outer loop
      vertex 45.9445 1.4135 0
      vertex 45.9445 1.4135 5
      vertex 45.8014 1.49925 0
    endloop
  endfacet
  facet normal -0.514011 -0.857784 -0
    outer loop
      vertex 45.8014 1.49925 5
      vertex 45.8014 1.49925 0
      vertex 45.9445 1.4135 5
    endloop
  endfacet
  facet normal -0.595695 -0.803211 0
    outer loop
      vertex 46.0785 1.31412 0
      vertex 46.0785 1.31412 5
      vertex 45.9445 1.4135 0
    endloop
  endfacet
  facet normal -0.595695 -0.803211 -0
    outer loop
      vertex 45.9445 1.4135 5
      vertex 45.9445 1.4135 0
      vertex 46.0785 1.31412 5
    endloop
  endfacet
  facet normal -0.671643 -0.740875 0
    outer loop
      vertex 46.2021 1.20207 0
      vertex 46.2021 1.20207 5
      vertex 46.0785 1.31412 0
    endloop
  endfacet
  facet normal -0.671643 -0.740875 -0
    outer loop
      vertex 46.0785 1.31412 5
      vertex 46.0785 1.31412 0
      vertex 46.2021 1.20207 5
    endloop
  endfacet
  facet normal -0.741051 -0.671448 0
    outer loop
      vertex 46.3141 1.07846 0
      vertex 46.3141 1.07846 5
      vertex 46.2021 1.20207 0
    endloop
  endfacet
  facet normal -0.741051 -0.671448 -0
    outer loop
      vertex 46.2021 1.20207 5
      vertex 46.2021 1.20207 0
      vertex 46.3141 1.07846 5
    endloop
  endfacet
  facet normal -0.803158 -0.595766 0
    outer loop
      vertex 46.4135 0.944458 0
      vertex 46.4135 0.944458 5
      vertex 46.3141 1.07846 0
    endloop
  endfacet
  facet normal -0.803158 -0.595766 -0
    outer loop
      vertex 46.3141 1.07846 5
      vertex 46.3141 1.07846 0
      vertex 46.4135 0.944458 5
    endloop
  endfacet
  facet normal -0.857647 -0.514239 0
    outer loop
      vertex 46.4993 0.801361 0
      vertex 46.4993 0.801361 5
      vertex 46.4135 0.944458 0
    endloop
  endfacet
  facet normal -0.857647 -0.514239 -0
    outer loop
      vertex 46.4135 0.944458 5
      vertex 46.4135 0.944458 0
      vertex 46.4993 0.801361 5
    endloop
  endfacet
  facet normal -0.904046 -0.427435 0
    outer loop
      vertex 46.5706 0.650558 0
      vertex 46.5706 0.650558 5
      vertex 46.4993 0.801361 0
    endloop
  endfacet
  facet normal -0.904046 -0.427435 -0
    outer loop
      vertex 46.4993 0.801361 5
      vertex 46.4993 0.801361 0
      vertex 46.5706 0.650558 5
    endloop
  endfacet
  facet normal -0.941558 -0.336851 0
    outer loop
      vertex 46.6268 0.493469 0
      vertex 46.6268 0.493469 5
      vertex 46.5706 0.650558 0
    endloop
  endfacet
  facet normal -0.941558 -0.336851 -0
    outer loop
      vertex 46.5706 0.650558 5
      vertex 46.5706 0.650558 0
      vertex 46.6268 0.493469 5
    endloop
  endfacet
  facet normal -0.970079 -0.242791 0
    outer loop
      vertex 46.6673 0.33165 0
      vertex 46.6673 0.33165 5
      vertex 46.6268 0.493469 0
    endloop
  endfacet
  facet normal -0.970079 -0.242791 -0
    outer loop
      vertex 46.6268 0.493469 5
      vertex 46.6268 0.493469 0
      vertex 46.6673 0.33165 5
    endloop
  endfacet
  facet normal -0.989158 -0.146854 0
    outer loop
      vertex 46.6918 0.166626 0
      vertex 46.6918 0.166626 5
      vertex 46.6673 0.33165 0
    endloop
  endfacet
  facet normal -0.989158 -0.146854 -0
    outer loop
      vertex 46.6673 0.33165 5
      vertex 46.6673 0.33165 0
      vertex 46.6918 0.166626 5
    endloop
  endfacet
  facet normal -0.998791 -0.0491525 0
    outer loop
      vertex 46.7 0 0
      vertex 46.7 0 5
      vertex 46.6918 0.166626 0
    endloop
  endfacet
  facet normal -0.998791 -0.0491525 -0
    outer loop
      vertex 46.6918 0.166626 5
      vertex 46.6918 0.166626 0
      vertex 46.7 0 5
    endloop
  endfacet
  facet normal -0.998791 0.0491525 0
    outer loop
      vertex 46.6918 -0.166626 0
      vertex 46.6918 -0.166626 5
      vertex 46.7 0 0
    endloop
  endfacet
  facet normal -0.998791 0.0491525 0
    outer loop
      vertex 46.7 0 5
      vertex 46.7 0 0
      vertex 46.6918 -0.166626 5
    endloop
  endfacet
  facet normal -0.989158 0.146854 0
    outer loop
      vertex 46.6673 -0.33165 0
      vertex 46.6673 -0.33165 5
      vertex 46.6918 -0.166626 0
    endloop
  endfacet
  facet normal -0.989158 0.146854 0
    outer loop
      vertex 46.6918 -0.166626 5
      vertex 46.6918 -0.166626 0
      vertex 46.6673 -0.33165 5
    endloop
  endfacet
  facet normal -0.970079 0.242791 0
    outer loop
      vertex 46.6268 -0.493469 0
      vertex 46.6268 -0.493469 5
      vertex 46.6673 -0.33165 0
    endloop
  endfacet
  facet normal -0.970079 0.242791 0
    outer loop
      vertex 46.6673 -0.33165 5
      vertex 46.6673 -0.33165 0
      vertex 46.6268 -0.493469 5
    endloop
  endfacet
  facet normal -0.941558 0.336851 0
    outer loop
      vertex 46.5706 -0.650558 0
      vertex 46.5706 -0.650558 5
      vertex 46.6268 -0.493469 0
    endloop
  endfacet
  facet normal -0.941558 0.336851 0
    outer loop
      vertex 46.6268 -0.493469 5
      vertex 46.6268 -0.493469 0
      vertex 46.5706 -0.650558 5
    endloop
  endfacet
  facet normal -0.904046 0.427435 0
    outer loop
      vertex 46.4993 -0.801361 0
      vertex 46.4993 -0.801361 5
      vertex 46.5706 -0.650558 0
    endloop
  endfacet
  facet normal -0.904046 0.427435 0
    outer loop
      vertex 46.5706 -0.650558 5
      vertex 46.5706 -0.650558 0
      vertex 46.4993 -0.801361 5
    endloop
  endfacet
  facet normal -0.857647 0.514239 0
    outer loop
      vertex 46.4135 -0.944458 0
      vertex 46.4135 -0.944458 5
      vertex 46.4993 -0.801361 0
    endloop
  endfacet
  facet normal -0.857647 0.514239 0
    outer loop
      vertex 46.4993 -0.801361 5
      vertex 46.4993 -0.801361 0
      vertex 46.4135 -0.944458 5
    endloop
  endfacet
  facet normal -0.803158 0.595766 0
    outer loop
      vertex 46.3141 -1.07846 0
      vertex 46.3141 -1.07846 5
      vertex 46.4135 -0.944458 0
    endloop
  endfacet
  facet normal -0.803158 0.595766 0
    outer loop
      vertex 46.4135 -0.944458 5
      vertex 46.4135 -0.944458 0
      vertex 46.3141 -1.07846 5
    endloop
  endfacet
  facet normal -0.741051 0.671448 0
    outer loop
      vertex 46.2021 -1.20207 0
      vertex 46.2021 -1.20207 5
      vertex 46.3141 -1.07846 0
    endloop
  endfacet
  facet normal -0.741051 0.671448 0
    outer loop
      vertex 46.3141 -1.07846 5
      vertex 46.3141 -1.07846 0
      vertex 46.2021 -1.20207 5
    endloop
  endfacet
  facet normal -0.671643 0.740875 0
    outer loop
      vertex 46.0785 -1.31412 0
      vertex 46.0785 -1.31412 5
      vertex 46.2021 -1.20207 0
    endloop
  endfacet
  facet normal -0.671643 0.740875 0
    outer loop
      vertex 46.2021 -1.20207 5
      vertex 46.2021 -1.20207 0
      vertex 46.0785 -1.31412 5
    endloop
  endfacet
  facet normal -0.595695 0.803211 0
    outer loop
      vertex 45.9445 -1.4135 0
      vertex 45.9445 -1.4135 5
      vertex 46.0785 -1.31412 0
    endloop
  endfacet
  facet normal -0.595695 0.803211 0
    outer loop
      vertex 46.0785 -1.31412 5
      vertex 46.0785 -1.31412 0
      vertex 45.9445 -1.4135 5
    endloop
  endfacet
  facet normal -0.514011 0.857784 0
    outer loop
      vertex 45.8014 -1.49925 0
      vertex 45.8014 -1.49925 5
      vertex 45.9445 -1.4135 0
    endloop
  endfacet
  facet normal -0.514011 0.857784 0
    outer loop
      vertex 45.9445 -1.4135 5
      vertex 45.9445 -1.4135 0
      vertex 45.8014 -1.49925 5
    endloop
  endfacet
  facet normal -0.427638 0.90395 0
    outer loop
      vertex 45.6506 -1.57059 0
      vertex 45.6506 -1.57059 5
      vertex 45.8014 -1.49925 0
    endloop
  endfacet
  facet normal -0.427638 0.90395 0
    outer loop
      vertex 45.8014 -1.49925 5
      vertex 45.8014 -1.49925 0
      vertex 45.6506 -1.57059 5
    endloop
  endfacet
  facet normal -0.33683 0.941566 0
    outer loop
      vertex 45.4935 -1.62679 0
      vertex 45.4935 -1.62679 5
      vertex 45.6506 -1.57059 0
    endloop
  endfacet
  facet normal -0.33683 0.941566 0
    outer loop
      vertex 45.6506 -1.57059 5
      vertex 45.6506 -1.57059 0
      vertex 45.4935 -1.62679 5
    endloop
  endfacet
  facet normal -0.242902 0.970051 0
    outer loop
      vertex 45.3316 -1.66733 0
      vertex 45.3316 -1.66733 5
      vertex 45.4935 -1.62679 0
    endloop
  endfacet
  facet normal -0.242902 0.970051 0
    outer loop
      vertex 45.4935 -1.62679 5
      vertex 45.4935 -1.62679 0
      vertex 45.3316 -1.66733 5
    endloop
  endfacet
  facet normal -0.146699 0.989181 0
    outer loop
      vertex 45.1666 -1.6918 0
      vertex 45.1666 -1.6918 5
      vertex 45.3316 -1.66733 0
    endloop
  endfacet
  facet normal -0.146699 0.989181 0
    outer loop
      vertex 45.3316 -1.66733 5
      vertex 45.3316 -1.66733 0
      vertex 45.1666 -1.6918 5
    endloop
  endfacet
  facet normal -0.0491602 0.998791 0
    outer loop
      vertex 45 -1.7 0
      vertex 45 -1.7 5
      vertex 45.1666 -1.6918 0
    endloop
  endfacet
  facet normal -0.0491602 0.998791 0
    outer loop
      vertex 45.1666 -1.6918 5
      vertex 45.1666 -1.6918 0
      vertex 45 -1.7 5
    endloop
  endfacet
  facet normal 0.0491602 0.998791 -0
    outer loop
      vertex 44.8334 -1.6918 0
      vertex 44.8334 -1.6918 5
      vertex 45 -1.7 0
    endloop
  endfacet
  facet normal 0.0491602 0.998791 0
    outer loop
      vertex 45 -1.7 5
      vertex 45 -1.7 0
      vertex 44.8334 -1.6918 5
    endloop
  endfacet
  facet normal 0.146612 0.989194 -0
    outer loop
      vertex 85.6683 -3.66733 0
      vertex 85.6683 -3.66733 5
      vertex 85.8334 -3.6918 0
    endloop
  endfacet
  facet normal 0.146612 0.989194 0
    outer loop
      vertex 85.8334 -3.6918 5
      vertex 85.8334 -3.6918 0
      vertex 85.6683 -3.66733 5
    endloop
  endfacet
  facet normal 0.243043 0.970015 -0
    outer loop
      vertex 85.5065 -3.62679 0
      vertex 85.5065 -3.62679 5
      vertex 85.6683 -3.66733 0
    endloop
  endfacet
  facet normal 0.243043 0.970015 0
    outer loop
      vertex 85.6683 -3.66733 5
      vertex 85.6683 -3.66733 0
      vertex 85.5065 -3.62679 5
    endloop
  endfacet
  facet normal 0.33683 0.941566 -0
    outer loop
      vertex 85.3494 -3.57059 0
      vertex 85.3494 -3.57059 5
      vertex 85.5065 -3.62679 0
    endloop
  endfacet
  facet normal 0.33683 0.941566 0
    outer loop
      vertex 85.5065 -3.62679 5
      vertex 85.5065 -3.62679 0
      vertex 85.3494 -3.57059 5
    endloop
  endfacet
  facet normal 0.427638 0.90395 -0
    outer loop
      vertex 85.1986 -3.49925 0
      vertex 85.1986 -3.49925 5
      vertex 85.3494 -3.57059 0
    endloop
  endfacet
  facet normal 0.427638 0.90395 0
    outer loop
      vertex 85.3494 -3.57059 5
      vertex 85.3494 -3.57059 0
      vertex 85.1986 -3.49925 5
    endloop
  endfacet
  facet normal 0.514011 0.857784 -0
    outer loop
      vertex 85.0555 -3.4135 0
      vertex 85.0555 -3.4135 5
      vertex 85.1986 -3.49925 0
    endloop
  endfacet
  facet normal 0.514011 0.857784 0
    outer loop
      vertex 85.1986 -3.49925 5
      vertex 85.1986 -3.49925 0
      vertex 85.0555 -3.4135 5
    endloop
  endfacet
  facet normal 0.595695 0.803211 -0
    outer loop
      vertex 84.9215 -3.31412 0
      vertex 84.9215 -3.31412 5
      vertex 85.0555 -3.4135 0
    endloop
  endfacet
  facet normal 0.595695 0.803211 0
    outer loop
      vertex 85.0555 -3.4135 5
      vertex 85.0555 -3.4135 0
      vertex 84.9215 -3.31412 5
    endloop
  endfacet
  facet normal 0.671643 0.740875 -0
    outer loop
      vertex 84.7979 -3.20207 0
      vertex 84.7979 -3.20207 5
      vertex 84.9215 -3.31412 0
    endloop
  endfacet
  facet normal 0.671643 0.740875 0
    outer loop
      vertex 84.9215 -3.31412 5
      vertex 84.9215 -3.31412 0
      vertex 84.7979 -3.20207 5
    endloop
  endfacet
  facet normal 0.741051 0.671448 -0
    outer loop
      vertex 84.6859 -3.07846 0
      vertex 84.6859 -3.07846 5
      vertex 84.7979 -3.20207 0
    endloop
  endfacet
  facet normal 0.741051 0.671448 0
    outer loop
      vertex 84.7979 -3.20207 5
      vertex 84.7979 -3.20207 0
      vertex 84.6859 -3.07846 5
    endloop
  endfacet
  facet normal 0.803154 0.595772 -0
    outer loop
      vertex 84.5865 -2.94446 0
      vertex 84.5865 -2.94446 5
      vertex 84.6859 -3.07846 0
    endloop
  endfacet
  facet normal 0.803154 0.595772 0
    outer loop
      vertex 84.6859 -3.07846 5
      vertex 84.6859 -3.07846 0
      vertex 84.5865 -2.94446 5
    endloop
  endfacet
  facet normal 0.857652 0.514231 -0
    outer loop
      vertex 84.5007 -2.80136 0
      vertex 84.5007 -2.80136 5
      vertex 84.5865 -2.94446 0
    endloop
  endfacet
  facet normal 0.857652 0.514231 0
    outer loop
      vertex 84.5865 -2.94446 5
      vertex 84.5865 -2.94446 0
      vertex 84.5007 -2.80136 5
    endloop
  endfacet
  facet normal 0.904043 0.427442 -0
    outer loop
      vertex 84.4294 -2.65056 0
      vertex 84.4294 -2.65056 5
      vertex 84.5007 -2.80136 0
    endloop
  endfacet
  facet normal 0.904043 0.427442 0
    outer loop
      vertex 84.5007 -2.80136 5
      vertex 84.5007 -2.80136 0
      vertex 84.4294 -2.65056 5
    endloop
  endfacet
  facet normal 0.941559 0.336849 -0
    outer loop
      vertex 84.3732 -2.49347 0
      vertex 84.3732 -2.49347 5
      vertex 84.4294 -2.65056 0
    endloop
  endfacet
  facet normal 0.941559 0.336849 0
    outer loop
      vertex 84.4294 -2.65056 5
      vertex 84.4294 -2.65056 0
      vertex 84.3732 -2.49347 5
    endloop
  endfacet
  facet normal 0.970079 0.24279 -0
    outer loop
      vertex 84.3327 -2.33165 0
      vertex 84.3327 -2.33165 5
      vertex 84.3732 -2.49347 0
    endloop
  endfacet
  facet normal 0.970079 0.24279 0
    outer loop
      vertex 84.3732 -2.49347 5
      vertex 84.3732 -2.49347 0
      vertex 84.3327 -2.33165 5
    endloop
  endfacet
  facet normal 0.989158 0.146857 -0
    outer loop
      vertex 84.3082 -2.16663 0
      vertex 84.3082 -2.16663 5
      vertex 84.3327 -2.33165 0
    endloop
  endfacet
  facet normal 0.989158 0.146857 0
    outer loop
      vertex 84.3327 -2.33165 5
      vertex 84.3327 -2.33165 0
      vertex 84.3082 -2.16663 5
    endloop
  endfacet
  facet normal 0.998791 0.0491513 -0
    outer loop
      vertex 84.3 -2 0
      vertex 84.3 -2 5
      vertex 84.3082 -2.16663 0
    endloop
  endfacet
  facet normal 0.998791 0.0491513 0
    outer loop
      vertex 84.3082 -2.16663 5
      vertex 84.3082 -2.16663 0
      vertex 84.3 -2 5
    endloop
  endfacet
  facet normal 0.998791 -0.0491484 0
    outer loop
      vertex 84.3082 -1.83336 0
      vertex 84.3082 -1.83336 5
      vertex 84.3 -2 0
    endloop
  endfacet
  facet normal 0.998791 -0.0491484 0
    outer loop
      vertex 84.3 -2 5
      vertex 84.3 -2 0
      vertex 84.3082 -1.83336 5
    endloop
  endfacet
  facet normal 0.989159 -0.146848 0
    outer loop
      vertex 84.3327 -1.66833 0
      vertex 84.3327 -1.66833 5
      vertex 84.3082 -1.83336 0
    endloop
  endfacet
  facet normal 0.989159 -0.146848 0
    outer loop
      vertex 84.3082 -1.83336 5
      vertex 84.3082 -1.83336 0
      vertex 84.3327 -1.66833 5
    endloop
  endfacet
  facet normal 0.970075 -0.242804 0
    outer loop
      vertex 84.3732 -1.50652 0
      vertex 84.3732 -1.50652 5
      vertex 84.3327 -1.66833 0
    endloop
  endfacet
  facet normal 0.970075 -0.242804 0
    outer loop
      vertex 84.3327 -1.66833 5
      vertex 84.3327 -1.66833 0
      vertex 84.3732 -1.50652 5
    endloop
  endfacet
  facet normal 0.941559 -0.336849 0
    outer loop
      vertex 84.4294 -1.34943 0
      vertex 84.4294 -1.34943 5
      vertex 84.3732 -1.50652 0
    endloop
  endfacet
  facet normal 0.941559 -0.336849 0
    outer loop
      vertex 84.3732 -1.50652 5
      vertex 84.3732 -1.50652 0
      vertex 84.4294 -1.34943 5
    endloop
  endfacet
  facet normal 0.904054 -0.427419 0
    outer loop
      vertex 84.5007 -1.19862 0
      vertex 84.5007 -1.19862 5
      vertex 84.4294 -1.34943 0
    endloop
  endfacet
  facet normal 0.904054 -0.427419 0
    outer loop
      vertex 84.4294 -1.34943 5
      vertex 84.4294 -1.34943 0
      vertex 84.5007 -1.19862 5
    endloop
  endfacet
  facet normal 0.857636 -0.514258 0
    outer loop
      vertex 84.5865 -1.05553 0
      vertex 84.5865 -1.05553 5
      vertex 84.5007 -1.19862 0
    endloop
  endfacet
  facet normal 0.857636 -0.514258 0
    outer loop
      vertex 84.5007 -1.19862 5
      vertex 84.5007 -1.19862 0
      vertex 84.5865 -1.05553 5
    endloop
  endfacet
  facet normal 0.803166 -0.595755 0
    outer loop
      vertex 84.6859 -0.921524 0
      vertex 84.6859 -0.921524 5
      vertex 84.5865 -1.05553 0
    endloop
  endfacet
  facet normal 0.803166 -0.595755 0
    outer loop
      vertex 84.5865 -1.05553 5
      vertex 84.5865 -1.05553 0
      vertex 84.6859 -0.921524 5
    endloop
  endfacet
  facet normal 0.741054 -0.671445 0
    outer loop
      vertex 84.7979 -0.797913 0
      vertex 84.7979 -0.797913 5
      vertex 84.6859 -0.921524 0
    endloop
  endfacet
  facet normal 0.741054 -0.671445 0
    outer loop
      vertex 84.6859 -0.921524 5
      vertex 84.6859 -0.921524 0
      vertex 84.7979 -0.797913 5
    endloop
  endfacet
  facet normal 0.67163 -0.740887 0
    outer loop
      vertex 84.9215 -0.685867 0
      vertex 84.9215 -0.685867 5
      vertex 84.7979 -0.797913 0
    endloop
  endfacet
  facet normal 0.67163 -0.740887 0
    outer loop
      vertex 84.7979 -0.797913 5
      vertex 84.7979 -0.797913 0
      vertex 84.9215 -0.685867 5
    endloop
  endfacet
  facet normal 0.595695 -0.803211 0
    outer loop
      vertex 85.0555 -0.586487 0
      vertex 85.0555 -0.586487 5
      vertex 84.9215 -0.685867 0
    endloop
  endfacet
  facet normal 0.595695 -0.803211 0
    outer loop
      vertex 84.9215 -0.685867 5
      vertex 84.9215 -0.685867 0
      vertex 85.0555 -0.586487 5
    endloop
  endfacet
  facet normal 0.514033 -0.85777 0
    outer loop
      vertex 85.1986 -0.500732 0
      vertex 85.1986 -0.500732 5
      vertex 85.0555 -0.586487 0
    endloop
  endfacet
  facet normal 0.514033 -0.85777 0
    outer loop
      vertex 85.0555 -0.586487 5
      vertex 85.0555 -0.586487 0
      vertex 85.1986 -0.500732 5
    endloop
  endfacet
  facet normal 0.427609 -0.903964 0
    outer loop
      vertex 85.3494 -0.429398 0
      vertex 85.3494 -0.429398 5
      vertex 85.1986 -0.500732 0
    endloop
  endfacet
  facet normal 0.427609 -0.903964 0
    outer loop
      vertex 85.1986 -0.500732 5
      vertex 85.1986 -0.500732 0
      vertex 85.3494 -0.429398 5
    endloop
  endfacet
  facet normal 0.336825 -0.941567 0
    outer loop
      vertex 85.5065 -0.373199 0
      vertex 85.5065 -0.373199 5
      vertex 85.3494 -0.429398 0
    endloop
  endfacet
  facet normal 0.336825 -0.941567 0
    outer loop
      vertex 85.3494 -0.429398 5
      vertex 85.3494 -0.429398 0
      vertex 85.5065 -0.373199 5
    endloop
  endfacet
  facet normal 0.243055 -0.970013 0
    outer loop
      vertex 85.6683 -0.332657 0
      vertex 85.6683 -0.332657 5
      vertex 85.5065 -0.373199 0
    endloop
  endfacet
  facet normal 0.243055 -0.970013 0
    outer loop
      vertex 85.5065 -0.373199 5
      vertex 85.5065 -0.373199 0
      vertex 85.6683 -0.332657 5
    endloop
  endfacet
  facet normal 0.146641 -0.98919 0
    outer loop
      vertex 85.8334 -0.308182 0
      vertex 85.8334 -0.308182 5
      vertex 85.6683 -0.332657 0
    endloop
  endfacet
  facet normal 0.146641 -0.98919 0
    outer loop
      vertex 85.6683 -0.332657 5
      vertex 85.6683 -0.332657 0
      vertex 85.8334 -0.308182 5
    endloop
  endfacet
  facet normal 0.0491243 -0.998793 0
    outer loop
      vertex 86 -0.299988 0
      vertex 86 -0.299988 5
      vertex 85.8334 -0.308182 0
    endloop
  endfacet
  facet normal 0.0491243 -0.998793 0
    outer loop
      vertex 85.8334 -0.308182 5
      vertex 85.8334 -0.308182 0
      vertex 86 -0.299988 5
    endloop
  endfacet
  facet normal -0.0491243 -0.998793 0
    outer loop
      vertex 86.1666 -0.308182 0
      vertex 86.1666 -0.308182 5
      vertex 86 -0.299988 0
    endloop
  endfacet
  facet normal -0.0491243 -0.998793 -0
    outer loop
      vertex 86 -0.299988 5
      vertex 86 -0.299988 0
      vertex 86.1666 -0.308182 5
    endloop
  endfacet
  facet normal -0.146728 -0.989177 0
    outer loop
      vertex 86.3316 -0.332657 0
      vertex 86.3316 -0.332657 5
      vertex 86.1666 -0.308182 0
    endloop
  endfacet
  facet normal -0.146728 -0.989177 -0
    outer loop
      vertex 86.1666 -0.308182 5
      vertex 86.1666 -0.308182 0
      vertex 86.3316 -0.332657 5
    endloop
  endfacet
  facet normal -0.242913 -0.970048 0
    outer loop
      vertex 86.4935 -0.373199 0
      vertex 86.4935 -0.373199 5
      vertex 86.3316 -0.332657 0
    endloop
  endfacet
  facet normal -0.242913 -0.970048 -0
    outer loop
      vertex 86.3316 -0.332657 5
      vertex 86.3316 -0.332657 0
      vertex 86.4935 -0.373199 5
    endloop
  endfacet
  facet normal -0.336825 -0.941567 0
    outer loop
      vertex 86.6506 -0.429398 0
      vertex 86.6506 -0.429398 5
      vertex 86.4935 -0.373199 0
    endloop
  endfacet
  facet normal -0.336825 -0.941567 -0
    outer loop
      vertex 86.4935 -0.373199 5
      vertex 86.4935 -0.373199 0
      vertex 86.6506 -0.429398 5
    endloop
  endfacet
  facet normal -0.427609 -0.903964 0
    outer loop
      vertex 86.8014 -0.500732 0
      vertex 86.8014 -0.500732 5
      vertex 86.6506 -0.429398 0
    endloop
  endfacet
  facet normal -0.427609 -0.903964 -0
    outer loop
      vertex 86.6506 -0.429398 5
      vertex 86.6506 -0.429398 0
      vertex 86.8014 -0.500732 5
    endloop
  endfacet
  facet normal -0.514033 -0.85777 0
    outer loop
      vertex 86.9445 -0.586487 0
      vertex 86.9445 -0.586487 5
      vertex 86.8014 -0.500732 0
    endloop
  endfacet
  facet normal -0.514033 -0.85777 -0
    outer loop
      vertex 86.8014 -0.500732 5
      vertex 86.8014 -0.500732 0
      vertex 86.9445 -0.586487 5
    endloop
  endfacet
  facet normal -0.595695 -0.803211 0
    outer loop
      vertex 87.0785 -0.685867 0
      vertex 87.0785 -0.685867 5
      vertex 86.9445 -0.586487 0
    endloop
  endfacet
  facet normal -0.595695 -0.803211 -0
    outer loop
      vertex 86.9445 -0.586487 5
      vertex 86.9445 -0.586487 0
      vertex 87.0785 -0.685867 5
    endloop
  endfacet
  facet normal -0.67163 -0.740887 0
    outer loop
      vertex 87.2021 -0.797913 0
      vertex 87.2021 -0.797913 5
      vertex 87.0785 -0.685867 0
    endloop
  endfacet
  facet normal -0.67163 -0.740887 -0
    outer loop
      vertex 87.0785 -0.685867 5
      vertex 87.0785 -0.685867 0
      vertex 87.2021 -0.797913 5
    endloop
  endfacet
  facet normal -0.741054 -0.671445 0
    outer loop
      vertex 87.3141 -0.921524 0
      vertex 87.3141 -0.921524 5
      vertex 87.2021 -0.797913 0
    endloop
  endfacet
  facet normal -0.741054 -0.671445 -0
    outer loop
      vertex 87.2021 -0.797913 5
      vertex 87.2021 -0.797913 0
      vertex 87.3141 -0.921524 5
    endloop
  endfacet
  facet normal -0.803166 -0.595755 0
    outer loop
      vertex 87.4135 -1.05553 0
      vertex 87.4135 -1.05553 5
      vertex 87.3141 -0.921524 0
    endloop
  endfacet
  facet normal -0.803166 -0.595755 -0
    outer loop
      vertex 87.3141 -0.921524 5
      vertex 87.3141 -0.921524 0
      vertex 87.4135 -1.05553 5
    endloop
  endfacet
  facet normal -0.857636 -0.514258 0
    outer loop
      vertex 87.4993 -1.19862 0
      vertex 87.4993 -1.19862 5
      vertex 87.4135 -1.05553 0
    endloop
  endfacet
  facet normal -0.857636 -0.514258 -0
    outer loop
      vertex 87.4135 -1.05553 5
      vertex 87.4135 -1.05553 0
      vertex 87.4993 -1.19862 5
    endloop
  endfacet
  facet normal -0.904054 -0.427419 0
    outer loop
      vertex 87.5706 -1.34943 0
      vertex 87.5706 -1.34943 5
      vertex 87.4993 -1.19862 0
    endloop
  endfacet
  facet normal -0.904054 -0.427419 -0
    outer loop
      vertex 87.4993 -1.19862 5
      vertex 87.4993 -1.19862 0
      vertex 87.5706 -1.34943 5
    endloop
  endfacet
  facet normal -0.941559 -0.336849 0
    outer loop
      vertex 87.6268 -1.50652 0
      vertex 87.6268 -1.50652 5
      vertex 87.5706 -1.34943 0
    endloop
  endfacet
  facet normal -0.941559 -0.336849 -0
    outer loop
      vertex 87.5706 -1.34943 5
      vertex 87.5706 -1.34943 0
      vertex 87.6268 -1.50652 5
    endloop
  endfacet
  facet normal -0.970075 -0.242804 0
    outer loop
      vertex 87.6673 -1.66833 0
      vertex 87.6673 -1.66833 5
      vertex 87.6268 -1.50652 0
    endloop
  endfacet
  facet normal -0.970075 -0.242804 -0
    outer loop
      vertex 87.6268 -1.50652 5
      vertex 87.6268 -1.50652 0
      vertex 87.6673 -1.66833 5
    endloop
  endfacet
  facet normal -0.989159 -0.146848 0
    outer loop
      vertex 87.6918 -1.83336 0
      vertex 87.6918 -1.83336 5
      vertex 87.6673 -1.66833 0
    endloop
  endfacet
  facet normal -0.989159 -0.146848 -0
    outer loop
      vertex 87.6673 -1.66833 5
      vertex 87.6673 -1.66833 0
      vertex 87.6918 -1.83336 5
    endloop
  endfacet
  facet normal -0.998791 -0.0491484 0
    outer loop
      vertex 87.7 -2 0
      vertex 87.7 -2 5
      vertex 87.6918 -1.83336 0
    endloop
  endfacet
  facet normal -0.998791 -0.0491484 -0
    outer loop
      vertex 87.6918 -1.83336 5
      vertex 87.6918 -1.83336 0
      vertex 87.7 -2 5
    endloop
  endfacet
  facet normal -0.998791 0.0491513 0
    outer loop
      vertex 87.6918 -2.16663 0
      vertex 87.6918 -2.16663 5
      vertex 87.7 -2 0
    endloop
  endfacet
  facet normal -0.998791 0.0491513 0
    outer loop
      vertex 87.7 -2 5
      vertex 87.7 -2 0
      vertex 87.6918 -2.16663 5
    endloop
  endfacet
  facet normal -0.989158 0.146857 0
    outer loop
      vertex 87.6673 -2.33165 0
      vertex 87.6673 -2.33165 5
      vertex 87.6918 -2.16663 0
    endloop
  endfacet
  facet normal -0.989158 0.146857 0
    outer loop
      vertex 87.6918 -2.16663 5
      vertex 87.6918 -2.16663 0
      vertex 87.6673 -2.33165 5
    endloop
  endfacet
  facet normal -0.970079 0.24279 0
    outer loop
      vertex 87.6268 -2.49347 0
      vertex 87.6268 -2.49347 5
      vertex 87.6673 -2.33165 0
    endloop
  endfacet
  facet normal -0.970079 0.24279 0
    outer loop
      vertex 87.6673 -2.33165 5
      vertex 87.6673 -2.33165 0
      vertex 87.6268 -2.49347 5
    endloop
  endfacet
  facet normal -0.941559 0.336849 0
    outer loop
      vertex 87.5706 -2.65056 0
      vertex 87.5706 -2.65056 5
      vertex 87.6268 -2.49347 0
    endloop
  endfacet
  facet normal -0.941559 0.336849 0
    outer loop
      vertex 87.6268 -2.49347 5
      vertex 87.6268 -2.49347 0
      vertex 87.5706 -2.65056 5
    endloop
  endfacet
  facet normal -0.904043 0.427442 0
    outer loop
      vertex 87.4993 -2.80136 0
      vertex 87.4993 -2.80136 5
      vertex 87.5706 -2.65056 0
    endloop
  endfacet
  facet normal -0.904043 0.427442 0
    outer loop
      vertex 87.5706 -2.65056 5
      vertex 87.5706 -2.65056 0
      vertex 87.4993 -2.80136 5
    endloop
  endfacet
  facet normal -0.857652 0.514231 0
    outer loop
      vertex 87.4135 -2.94446 0
      vertex 87.4135 -2.94446 5
      vertex 87.4993 -2.80136 0
    endloop
  endfacet
  facet normal -0.857652 0.514231 0
    outer loop
      vertex 87.4993 -2.80136 5
      vertex 87.4993 -2.80136 0
      vertex 87.4135 -2.94446 5
    endloop
  endfacet
  facet normal -0.803154 0.595772 0
    outer loop
      vertex 87.3141 -3.07846 0
      vertex 87.3141 -3.07846 5
      vertex 87.4135 -2.94446 0
    endloop
  endfacet
  facet normal -0.803154 0.595772 0
    outer loop
      vertex 87.4135 -2.94446 5
      vertex 87.4135 -2.94446 0
      vertex 87.3141 -3.07846 5
    endloop
  endfacet
  facet normal -0.741051 0.671448 0
    outer loop
      vertex 87.2021 -3.20207 0
      vertex 87.2021 -3.20207 5
      vertex 87.3141 -3.07846 0
    endloop
  endfacet
  facet normal -0.741051 0.671448 0
    outer loop
      vertex 87.3141 -3.07846 5
      vertex 87.3141 -3.07846 0
      vertex 87.2021 -3.20207 5
    endloop
  endfacet
  facet normal -0.671643 0.740875 0
    outer loop
      vertex 87.0785 -3.31412 0
      vertex 87.0785 -3.31412 5
      vertex 87.2021 -3.20207 0
    endloop
  endfacet
  facet normal -0.671643 0.740875 0
    outer loop
      vertex 87.2021 -3.20207 5
      vertex 87.2021 -3.20207 0
      vertex 87.0785 -3.31412 5
    endloop
  endfacet
  facet normal -0.595695 0.803211 0
    outer loop
      vertex 86.9445 -3.4135 0
      vertex 86.9445 -3.4135 5
      vertex 87.0785 -3.31412 0
    endloop
  endfacet
  facet normal -0.595695 0.803211 0
    outer loop
      vertex 87.0785 -3.31412 5
      vertex 87.0785 -3.31412 0
      vertex 86.9445 -3.4135 5
    endloop
  endfacet
  facet normal -0.514011 0.857784 0
    outer loop
      vertex 86.8014 -3.49925 0
      vertex 86.8014 -3.49925 5
      vertex 86.9445 -3.4135 0
    endloop
  endfacet
  facet normal -0.514011 0.857784 0
    outer loop
      vertex 86.9445 -3.4135 5
      vertex 86.9445 -3.4135 0
      vertex 86.8014 -3.49925 5
    endloop
  endfacet
  facet normal -0.427638 0.90395 0
    outer loop
      vertex 86.6506 -3.57059 0
      vertex 86.6506 -3.57059 5
      vertex 86.8014 -3.49925 0
    endloop
  endfacet
  facet normal -0.427638 0.90395 0
    outer loop
      vertex 86.8014 -3.49925 5
      vertex 86.8014 -3.49925 0
      vertex 86.6506 -3.57059 5
    endloop
  endfacet
  facet normal -0.33683 0.941566 0
    outer loop
      vertex 86.4935 -3.62679 0
      vertex 86.4935 -3.62679 5
      vertex 86.6506 -3.57059 0
    endloop
  endfacet
  facet normal -0.33683 0.941566 0
    outer loop
      vertex 86.6506 -3.57059 5
      vertex 86.6506 -3.57059 0
      vertex 86.4935 -3.62679 5
    endloop
  endfacet
  facet normal -0.242902 0.970051 0
    outer loop
      vertex 86.3316 -3.66733 0
      vertex 86.3316 -3.66733 5
      vertex 86.4935 -3.62679 0
    endloop
  endfacet
  facet normal -0.242902 0.970051 0
    outer loop
      vertex 86.4935 -3.62679 5
      vertex 86.4935 -3.62679 0
      vertex 86.3316 -3.66733 5
    endloop
  endfacet
  facet normal -0.146699 0.989181 0
    outer loop
      vertex 86.1666 -3.6918 0
      vertex 86.1666 -3.6918 5
      vertex 86.3316 -3.66733 0
    endloop
  endfacet
  facet normal -0.146699 0.989181 0
    outer loop
      vertex 86.3316 -3.66733 5
      vertex 86.3316 -3.66733 0
      vertex 86.1666 -3.6918 5
    endloop
  endfacet
  facet normal -0.0491602 0.998791 0
    outer loop
      vertex 86 -3.7 0
      vertex 86 -3.7 5
      vertex 86.1666 -3.6918 0
    endloop
  endfacet
  facet normal -0.0491602 0.998791 0
    outer loop
      vertex 86.1666 -3.6918 5
      vertex 86.1666 -3.6918 0
      vertex 86 -3.7 5
    endloop
  endfacet
  facet normal 0.0491602 0.998791 -0
    outer loop
      vertex 85.8334 -3.6918 0
      vertex 85.8334 -3.6918 5
      vertex 86 -3.7 0
    endloop
  endfacet
  facet normal 0.0491602 0.998791 0
    outer loop
      vertex 86 -3.7 5
      vertex 86 -3.7 0
      vertex 85.8334 -3.6918 5
    endloop
  endfacet
  facet normal 0.146788 0.989168 -0
    outer loop
      vertex 85.6683 -13.6673 0
      vertex 85.6683 -13.6673 5
      vertex 85.8334 -13.6918 0
    endloop
  endfacet
  facet normal 0.146788 0.989168 0
    outer loop
      vertex 85.8334 -13.6918 5
      vertex 85.8334 -13.6918 0
      vertex 85.6683 -13.6673 5
    endloop
  endfacet
  facet normal 0.242818 0.970072 -0
    outer loop
      vertex 85.5065 -13.6268 0
      vertex 85.5065 -13.6268 5
      vertex 85.6683 -13.6673 0
    endloop
  endfacet
  facet normal 0.242818 0.970072 0
    outer loop
      vertex 85.6683 -13.6673 5
      vertex 85.6683 -13.6673 0
      vertex 85.5065 -13.6268 5
    endloop
  endfacet
  facet normal 0.33683 0.941566 -0
    outer loop
      vertex 85.3494 -13.5706 0
      vertex 85.3494 -13.5706 5
      vertex 85.5065 -13.6268 0
    endloop
  endfacet
  facet normal 0.33683 0.941566 0
    outer loop
      vertex 85.5065 -13.6268 5
      vertex 85.5065 -13.6268 0
      vertex 85.3494 -13.5706 5
    endloop
  endfacet
  facet normal 0.427442 0.904043 -0
    outer loop
      vertex 85.1986 -13.4993 0
      vertex 85.1986 -13.4993 5
      vertex 85.3494 -13.5706 0
    endloop
  endfacet
  facet normal 0.427442 0.904043 0
    outer loop
      vertex 85.3494 -13.5706 5
      vertex 85.3494 -13.5706 0
      vertex 85.1986 -13.4993 5
    endloop
  endfacet
  facet normal 0.514231 0.857652 -0
    outer loop
      vertex 85.0555 -13.4135 0
      vertex 85.0555 -13.4135 5
      vertex 85.1986 -13.4993 0
    endloop
  endfacet
  facet normal 0.514231 0.857652 0
    outer loop
      vertex 85.1986 -13.4993 5
      vertex 85.1986 -13.4993 0
      vertex 85.0555 -13.4135 5
    endloop
  endfacet
  facet normal 0.595772 0.803154 -0
    outer loop
      vertex 84.9215 -13.3141 0
      vertex 84.9215 -13.3141 5
      vertex 85.0555 -13.4135 0
    endloop
  endfacet
  facet normal 0.595772 0.803154 0
    outer loop
      vertex 85.0555 -13.4135 5
      vertex 85.0555 -13.4135 0
      vertex 84.9215 -13.3141 5
    endloop
  endfacet
  facet normal 0.671478 0.741024 -0
    outer loop
      vertex 84.7979 -13.2021 0
      vertex 84.7979 -13.2021 5
      vertex 84.9215 -13.3141 0
    endloop
  endfacet
  facet normal 0.671478 0.741024 0
    outer loop
      vertex 84.9215 -13.3141 5
      vertex 84.9215 -13.3141 0
      vertex 84.7979 -13.2021 5
    endloop
  endfacet
  facet normal 0.741024 0.671478 -0
    outer loop
      vertex 84.6859 -13.0785 0
      vertex 84.6859 -13.0785 5
      vertex 84.7979 -13.2021 0
    endloop
  endfacet
  facet normal 0.741024 0.671478 0
    outer loop
      vertex 84.7979 -13.2021 5
      vertex 84.7979 -13.2021 0
      vertex 84.6859 -13.0785 5
    endloop
  endfacet
  facet normal 0.803154 0.595772 -0
    outer loop
      vertex 84.5865 -12.9445 0
      vertex 84.5865 -12.9445 5
      vertex 84.6859 -13.0785 0
    endloop
  endfacet
  facet normal 0.803154 0.595772 0
    outer loop
      vertex 84.6859 -13.0785 5
      vertex 84.6859 -13.0785 0
      vertex 84.5865 -12.9445 5
    endloop
  endfacet
  facet normal 0.857652 0.514231 -0
    outer loop
      vertex 84.5007 -12.8014 0
      vertex 84.5007 -12.8014 5
      vertex 84.5865 -12.9445 0
    endloop
  endfacet
  facet normal 0.857652 0.514231 0
    outer loop
      vertex 84.5865 -12.9445 5
      vertex 84.5865 -12.9445 0
      vertex 84.5007 -12.8014 5
    endloop
  endfacet
  facet normal 0.904043 0.427442 -0
    outer loop
      vertex 84.4294 -12.6506 0
      vertex 84.4294 -12.6506 5
      vertex 84.5007 -12.8014 0
    endloop
  endfacet
  facet normal 0.904043 0.427442 0
    outer loop
      vertex 84.5007 -12.8014 5
      vertex 84.5007 -12.8014 0
      vertex 84.4294 -12.6506 5
    endloop
  endfacet
  facet normal 0.941566 0.33683 -0
    outer loop
      vertex 84.3732 -12.4935 0
      vertex 84.3732 -12.4935 5
      vertex 84.4294 -12.6506 0
    endloop
  endfacet
  facet normal 0.941566 0.33683 0
    outer loop
      vertex 84.4294 -12.6506 5
      vertex 84.4294 -12.6506 0
      vertex 84.3732 -12.4935 5
    endloop
  endfacet
  facet normal 0.970107 0.242677 -0
    outer loop
      vertex 84.3327 -12.3316 0
      vertex 84.3327 -12.3316 5
      vertex 84.3732 -12.4935 0
    endloop
  endfacet
  facet normal 0.970107 0.242677 0
    outer loop
      vertex 84.3732 -12.4935 5
      vertex 84.3732 -12.4935 0
      vertex 84.3327 -12.3316 5
    endloop
  endfacet
  facet normal 0.989155 0.146875 -0
    outer loop
      vertex 84.3082 -12.1666 0
      vertex 84.3082 -12.1666 5
      vertex 84.3327 -12.3316 0
    endloop
  endfacet
  facet normal 0.989155 0.146875 0
    outer loop
      vertex 84.3327 -12.3316 5
      vertex 84.3327 -12.3316 0
      vertex 84.3082 -12.1666 5
    endloop
  endfacet
  facet normal 0.998791 0.0491602 -0
    outer loop
      vertex 84.3 -12 0
      vertex 84.3 -12 5
      vertex 84.3082 -12.1666 0
    endloop
  endfacet
  facet normal 0.998791 0.0491602 0
    outer loop
      vertex 84.3082 -12.1666 5
      vertex 84.3082 -12.1666 0
      vertex 84.3 -12 5
    endloop
  endfacet
  facet normal 0.998791 -0.0491602 0
    outer loop
      vertex 84.3082 -11.8334 0
      vertex 84.3082 -11.8334 5
      vertex 84.3 -12 0
    endloop
  endfacet
  facet normal 0.998791 -0.0491602 0
    outer loop
      vertex 84.3 -12 5
      vertex 84.3 -12 0
      vertex 84.3082 -11.8334 5
    endloop
  endfacet
  facet normal 0.989168 -0.146788 0
    outer loop
      vertex 84.3327 -11.6683 0
      vertex 84.3327 -11.6683 5
      vertex 84.3082 -11.8334 0
    endloop
  endfacet
  facet normal 0.989168 -0.146788 0
    outer loop
      vertex 84.3082 -11.8334 5
      vertex 84.3082 -11.8334 0
      vertex 84.3327 -11.6683 5
    endloop
  endfacet
  facet normal 0.970072 -0.242818 0
    outer loop
      vertex 84.3732 -11.5065 0
      vertex 84.3732 -11.5065 5
      vertex 84.3327 -11.6683 0
    endloop
  endfacet
  facet normal 0.970072 -0.242818 0
    outer loop
      vertex 84.3327 -11.6683 5
      vertex 84.3327 -11.6683 0
      vertex 84.3732 -11.5065 5
    endloop
  endfacet
  facet normal 0.941566 -0.33683 0
    outer loop
      vertex 84.4294 -11.3494 0
      vertex 84.4294 -11.3494 5
      vertex 84.3732 -11.5065 0
    endloop
  endfacet
  facet normal 0.941566 -0.33683 0
    outer loop
      vertex 84.3732 -11.5065 5
      vertex 84.3732 -11.5065 0
      vertex 84.4294 -11.3494 5
    endloop
  endfacet
  facet normal 0.904043 -0.427442 0
    outer loop
      vertex 84.5007 -11.1986 0
      vertex 84.5007 -11.1986 5
      vertex 84.4294 -11.3494 0
    endloop
  endfacet
  facet normal 0.904043 -0.427442 0
    outer loop
      vertex 84.4294 -11.3494 5
      vertex 84.4294 -11.3494 0
      vertex 84.5007 -11.1986 5
    endloop
  endfacet
  facet normal 0.857652 -0.514231 0
    outer loop
      vertex 84.5865 -11.0555 0
      vertex 84.5865 -11.0555 5
      vertex 84.5007 -11.1986 0
    endloop
  endfacet
  facet normal 0.857652 -0.514231 0
    outer loop
      vertex 84.5007 -11.1986 5
      vertex 84.5007 -11.1986 0
      vertex 84.5865 -11.0555 5
    endloop
  endfacet
  facet normal 0.803154 -0.595772 0
    outer loop
      vertex 84.6859 -10.9215 0
      vertex 84.6859 -10.9215 5
      vertex 84.5865 -11.0555 0
    endloop
  endfacet
  facet normal 0.803154 -0.595772 0
    outer loop
      vertex 84.5865 -11.0555 5
      vertex 84.5865 -11.0555 0
      vertex 84.6859 -10.9215 5
    endloop
  endfacet
  facet normal 0.741024 -0.671478 0
    outer loop
      vertex 84.7979 -10.7979 0
      vertex 84.7979 -10.7979 5
      vertex 84.6859 -10.9215 0
    endloop
  endfacet
  facet normal 0.741024 -0.671478 0
    outer loop
      vertex 84.6859 -10.9215 5
      vertex 84.6859 -10.9215 0
      vertex 84.7979 -10.7979 5
    endloop
  endfacet
  facet normal 0.671478 -0.741024 0
    outer loop
      vertex 84.9215 -10.6859 0
      vertex 84.9215 -10.6859 5
      vertex 84.7979 -10.7979 0
    endloop
  endfacet
  facet normal 0.671478 -0.741024 0
    outer loop
      vertex 84.7979 -10.7979 5
      vertex 84.7979 -10.7979 0
      vertex 84.9215 -10.6859 5
    endloop
  endfacet
  facet normal 0.595772 -0.803154 0
    outer loop
      vertex 85.0555 -10.5865 0
      vertex 85.0555 -10.5865 5
      vertex 84.9215 -10.6859 0
    endloop
  endfacet
  facet normal 0.595772 -0.803154 0
    outer loop
      vertex 84.9215 -10.6859 5
      vertex 84.9215 -10.6859 0
      vertex 85.0555 -10.5865 5
    endloop
  endfacet
  facet normal 0.514231 -0.857652 0
    outer loop
      vertex 85.1986 -10.5007 0
      vertex 85.1986 -10.5007 5
      vertex 85.0555 -10.5865 0
    endloop
  endfacet
  facet normal 0.514231 -0.857652 0
    outer loop
      vertex 85.0555 -10.5865 5
      vertex 85.0555 -10.5865 0
      vertex 85.1986 -10.5007 5
    endloop
  endfacet
  facet normal 0.427442 -0.904043 0
    outer loop
      vertex 85.3494 -10.4294 0
      vertex 85.3494 -10.4294 5
      vertex 85.1986 -10.5007 0
    endloop
  endfacet
  facet normal 0.427442 -0.904043 0
    outer loop
      vertex 85.1986 -10.5007 5
      vertex 85.1986 -10.5007 0
      vertex 85.3494 -10.4294 5
    endloop
  endfacet
  facet normal 0.33683 -0.941566 0
    outer loop
      vertex 85.5065 -10.3732 0
      vertex 85.5065 -10.3732 5
      vertex 85.3494 -10.4294 0
    endloop
  endfacet
  facet normal 0.33683 -0.941566 0
    outer loop
      vertex 85.3494 -10.4294 5
      vertex 85.3494 -10.4294 0
      vertex 85.5065 -10.3732 5
    endloop
  endfacet
  facet normal 0.242818 -0.970072 0
    outer loop
      vertex 85.6683 -10.3327 0
      vertex 85.6683 -10.3327 5
      vertex 85.5065 -10.3732 0
    endloop
  endfacet
  facet normal 0.242818 -0.970072 0
    outer loop
      vertex 85.5065 -10.3732 5
      vertex 85.5065 -10.3732 0
      vertex 85.6683 -10.3327 5
    endloop
  endfacet
  facet normal 0.146788 -0.989168 0
    outer loop
      vertex 85.8334 -10.3082 0
      vertex 85.8334 -10.3082 5
      vertex 85.6683 -10.3327 0
    endloop
  endfacet
  facet normal 0.146788 -0.989168 0
    outer loop
      vertex 85.6683 -10.3327 5
      vertex 85.6683 -10.3327 0
      vertex 85.8334 -10.3082 5
    endloop
  endfacet
  facet normal 0.0491602 -0.998791 0
    outer loop
      vertex 86 -10.3 0
      vertex 86 -10.3 5
      vertex 85.8334 -10.3082 0
    endloop
  endfacet
  facet normal 0.0491602 -0.998791 0
    outer loop
      vertex 85.8334 -10.3082 5
      vertex 85.8334 -10.3082 0
      vertex 86 -10.3 5
    endloop
  endfacet
  facet normal -0.0491602 -0.998791 0
    outer loop
      vertex 86.1666 -10.3082 0
      vertex 86.1666 -10.3082 5
      vertex 86 -10.3 0
    endloop
  endfacet
  facet normal -0.0491602 -0.998791 -0
    outer loop
      vertex 86 -10.3 5
      vertex 86 -10.3 0
      vertex 86.1666 -10.3082 5
    endloop
  endfacet
  facet normal -0.146875 -0.989155 0
    outer loop
      vertex 86.3316 -10.3327 0
      vertex 86.3316 -10.3327 5
      vertex 86.1666 -10.3082 0
    endloop
  endfacet
  facet normal -0.146875 -0.989155 -0
    outer loop
      vertex 86.1666 -10.3082 5
      vertex 86.1666 -10.3082 0
      vertex 86.3316 -10.3327 5
    endloop
  endfacet
  facet normal -0.242677 -0.970107 0
    outer loop
      vertex 86.4935 -10.3732 0
      vertex 86.4935 -10.3732 5
      vertex 86.3316 -10.3327 0
    endloop
  endfacet
  facet normal -0.242677 -0.970107 -0
    outer loop
      vertex 86.3316 -10.3327 5
      vertex 86.3316 -10.3327 0
      vertex 86.4935 -10.3732 5
    endloop
  endfacet
  facet normal -0.33683 -0.941566 0
    outer loop
      vertex 86.6506 -10.4294 0
      vertex 86.6506 -10.4294 5
      vertex 86.4935 -10.3732 0
    endloop
  endfacet
  facet normal -0.33683 -0.941566 -0
    outer loop
      vertex 86.4935 -10.3732 5
      vertex 86.4935 -10.3732 0
      vertex 86.6506 -10.4294 5
    endloop
  endfacet
  facet normal -0.427442 -0.904043 0
    outer loop
      vertex 86.8014 -10.5007 0
      vertex 86.8014 -10.5007 5
      vertex 86.6506 -10.4294 0
    endloop
  endfacet
  facet normal -0.427442 -0.904043 -0
    outer loop
      vertex 86.6506 -10.4294 5
      vertex 86.6506 -10.4294 0
      vertex 86.8014 -10.5007 5
    endloop
  endfacet
  facet normal -0.514231 -0.857652 0
    outer loop
      vertex 86.9445 -10.5865 0
      vertex 86.9445 -10.5865 5
      vertex 86.8014 -10.5007 0
    endloop
  endfacet
  facet normal -0.514231 -0.857652 -0
    outer loop
      vertex 86.8014 -10.5007 5
      vertex 86.8014 -10.5007 0
      vertex 86.9445 -10.5865 5
    endloop
  endfacet
  facet normal -0.595772 -0.803154 0
    outer loop
      vertex 87.0785 -10.6859 0
      vertex 87.0785 -10.6859 5
      vertex 86.9445 -10.5865 0
    endloop
  endfacet
  facet normal -0.595772 -0.803154 -0
    outer loop
      vertex 86.9445 -10.5865 5
      vertex 86.9445 -10.5865 0
      vertex 87.0785 -10.6859 5
    endloop
  endfacet
  facet normal -0.671478 -0.741024 0
    outer loop
      vertex 87.2021 -10.7979 0
      vertex 87.2021 -10.7979 5
      vertex 87.0785 -10.6859 0
    endloop
  endfacet
  facet normal -0.671478 -0.741024 -0
    outer loop
      vertex 87.0785 -10.6859 5
      vertex 87.0785 -10.6859 0
      vertex 87.2021 -10.7979 5
    endloop
  endfacet
  facet normal -0.741024 -0.671478 0
    outer loop
      vertex 87.3141 -10.9215 0
      vertex 87.3141 -10.9215 5
      vertex 87.2021 -10.7979 0
    endloop
  endfacet
  facet normal -0.741024 -0.671478 -0
    outer loop
      vertex 87.2021 -10.7979 5
      vertex 87.2021 -10.7979 0
      vertex 87.3141 -10.9215 5
    endloop
  endfacet
  facet normal -0.803154 -0.595772 0
    outer loop
      vertex 87.4135 -11.0555 0
      vertex 87.4135 -11.0555 5
      vertex 87.3141 -10.9215 0
    endloop
  endfacet
  facet normal -0.803154 -0.595772 -0
    outer loop
      vertex 87.3141 -10.9215 5
      vertex 87.3141 -10.9215 0
      vertex 87.4135 -11.0555 5
    endloop
  endfacet
  facet normal -0.857652 -0.514231 0
    outer loop
      vertex 87.4993 -11.1986 0
      vertex 87.4993 -11.1986 5
      vertex 87.4135 -11.0555 0
    endloop
  endfacet
  facet normal -0.857652 -0.514231 -0
    outer loop
      vertex 87.4135 -11.0555 5
      vertex 87.4135 -11.0555 0
      vertex 87.4993 -11.1986 5
    endloop
  endfacet
  facet normal -0.904043 -0.427442 0
    outer loop
      vertex 87.5706 -11.3494 0
      vertex 87.5706 -11.3494 5
      vertex 87.4993 -11.1986 0
    endloop
  endfacet
  facet normal -0.904043 -0.427442 -0
    outer loop
      vertex 87.4993 -11.1986 5
      vertex 87.4993 -11.1986 0
      vertex 87.5706 -11.3494 5
    endloop
  endfacet
  facet normal -0.941566 -0.33683 0
    outer loop
      vertex 87.6268 -11.5065 0
      vertex 87.6268 -11.5065 5
      vertex 87.5706 -11.3494 0
    endloop
  endfacet
  facet normal -0.941566 -0.33683 -0
    outer loop
      vertex 87.5706 -11.3494 5
      vertex 87.5706 -11.3494 0
      vertex 87.6268 -11.5065 5
    endloop
  endfacet
  facet normal -0.970072 -0.242818 0
    outer loop
      vertex 87.6673 -11.6683 0
      vertex 87.6673 -11.6683 5
      vertex 87.6268 -11.5065 0
    endloop
  endfacet
  facet normal -0.970072 -0.242818 -0
    outer loop
      vertex 87.6268 -11.5065 5
      vertex 87.6268 -11.5065 0
      vertex 87.6673 -11.6683 5
    endloop
  endfacet
  facet normal -0.989168 -0.146788 0
    outer loop
      vertex 87.6918 -11.8334 0
      vertex 87.6918 -11.8334 5
      vertex 87.6673 -11.6683 0
    endloop
  endfacet
  facet normal -0.989168 -0.146788 -0
    outer loop
      vertex 87.6673 -11.6683 5
      vertex 87.6673 -11.6683 0
      vertex 87.6918 -11.8334 5
    endloop
  endfacet
  facet normal -0.998791 -0.0491602 0
    outer loop
      vertex 87.7 -12 0
      vertex 87.7 -12 5
      vertex 87.6918 -11.8334 0
    endloop
  endfacet
  facet normal -0.998791 -0.0491602 -0
    outer loop
      vertex 87.6918 -11.8334 5
      vertex 87.6918 -11.8334 0
      vertex 87.7 -12 5
    endloop
  endfacet
  facet normal -0.998791 0.0491602 0
    outer loop
      vertex 87.6918 -12.1666 0
      vertex 87.6918 -12.1666 5
      vertex 87.7 -12 0
    endloop
  endfacet
  facet normal -0.998791 0.0491602 0
    outer loop
      vertex 87.7 -12 5
      vertex 87.7 -12 0
      vertex 87.6918 -12.1666 5
    endloop
  endfacet
  facet normal -0.989155 0.146875 0
    outer loop
      vertex 87.6673 -12.3316 0
      vertex 87.6673 -12.3316 5
      vertex 87.6918 -12.1666 0
    endloop
  endfacet
  facet normal -0.989155 0.146875 0
    outer loop
      vertex 87.6918 -12.1666 5
      vertex 87.6918 -12.1666 0
      vertex 87.6673 -12.3316 5
    endloop
  endfacet
  facet normal -0.970107 0.242677 0
    outer loop
      vertex 87.6268 -12.4935 0
      vertex 87.6268 -12.4935 5
      vertex 87.6673 -12.3316 0
    endloop
  endfacet
  facet normal -0.970107 0.242677 0
    outer loop
      vertex 87.6673 -12.3316 5
      vertex 87.6673 -12.3316 0
      vertex 87.6268 -12.4935 5
    endloop
  endfacet
  facet normal -0.941566 0.33683 0
    outer loop
      vertex 87.5706 -12.6506 0
      vertex 87.5706 -12.6506 5
      vertex 87.6268 -12.4935 0
    endloop
  endfacet
  facet normal -0.941566 0.33683 0
    outer loop
      vertex 87.6268 -12.4935 5
      vertex 87.6268 -12.4935 0
      vertex 87.5706 -12.6506 5
    endloop
  endfacet
  facet normal -0.904043 0.427442 0
    outer loop
      vertex 87.4993 -12.8014 0
      vertex 87.4993 -12.8014 5
      vertex 87.5706 -12.6506 0
    endloop
  endfacet
  facet normal -0.904043 0.427442 0
    outer loop
      vertex 87.5706 -12.6506 5
      vertex 87.5706 -12.6506 0
      vertex 87.4993 -12.8014 5
    endloop
  endfacet
  facet normal -0.857652 0.514231 0
    outer loop
      vertex 87.4135 -12.9445 0
      vertex 87.4135 -12.9445 5
      vertex 87.4993 -12.8014 0
    endloop
  endfacet
  facet normal -0.857652 0.514231 0
    outer loop
      vertex 87.4993 -12.8014 5
      vertex 87.4993 -12.8014 0
      vertex 87.4135 -12.9445 5
    endloop
  endfacet
  facet normal -0.803154 0.595772 0
    outer loop
      vertex 87.3141 -13.0785 0
      vertex 87.3141 -13.0785 5
      vertex 87.4135 -12.9445 0
    endloop
  endfacet
  facet normal -0.803154 0.595772 0
    outer loop
      vertex 87.4135 -12.9445 5
      vertex 87.4135 -12.9445 0
      vertex 87.3141 -13.0785 5
    endloop
  endfacet
  facet normal -0.741024 0.671478 0
    outer loop
      vertex 87.2021 -13.2021 0
      vertex 87.2021 -13.2021 5
      vertex 87.3141 -13.0785 0
    endloop
  endfacet
  facet normal -0.741024 0.671478 0
    outer loop
      vertex 87.3141 -13.0785 5
      vertex 87.3141 -13.0785 0
      vertex 87.2021 -13.2021 5
    endloop
  endfacet
  facet normal -0.671478 0.741024 0
    outer loop
      vertex 87.0785 -13.3141 0
      vertex 87.0785 -13.3141 5
      vertex 87.2021 -13.2021 0
    endloop
  endfacet
  facet normal -0.671478 0.741024 0
    outer loop
      vertex 87.2021 -13.2021 5
      vertex 87.2021 -13.2021 0
      vertex 87.0785 -13.3141 5
    endloop
  endfacet
  facet normal -0.595772 0.803154 0
    outer loop
      vertex 86.9445 -13.4135 0
      vertex 86.9445 -13.4135 5
      vertex 87.0785 -13.3141 0
    endloop
  endfacet
  facet normal -0.595772 0.803154 0
    outer loop
      vertex 87.0785 -13.3141 5
      vertex 87.0785 -13.3141 0
      vertex 86.9445 -13.4135 5
    endloop
  endfacet
  facet normal -0.514231 0.857652 0
    outer loop
      vertex 86.8014 -13.4993 0
      vertex 86.8014 -13.4993 5
      vertex 86.9445 -13.4135 0
    endloop
  endfacet
  facet normal -0.514231 0.857652 0
    outer loop
      vertex 86.9445 -13.4135 5
      vertex 86.9445 -13.4135 0
      vertex 86.8014 -13.4993 5
    endloop
  endfacet
  facet normal -0.427442 0.904043 0
    outer loop
      vertex 86.6506 -13.5706 0
      vertex 86.6506 -13.5706 5
      vertex 86.8014 -13.4993 0
    endloop
  endfacet
  facet normal -0.427442 0.904043 0
    outer loop
      vertex 86.8014 -13.4993 5
      vertex 86.8014 -13.4993 0
      vertex 86.6506 -13.5706 5
    endloop
  endfacet
  facet normal -0.33683 0.941566 0
    outer loop
      vertex 86.4935 -13.6268 0
      vertex 86.4935 -13.6268 5
      vertex 86.6506 -13.5706 0
    endloop
  endfacet
  facet normal -0.33683 0.941566 0
    outer loop
      vertex 86.6506 -13.5706 5
      vertex 86.6506 -13.5706 0
      vertex 86.4935 -13.6268 5
    endloop
  endfacet
  facet normal -0.242677 0.970107 0
    outer loop
      vertex 86.3316 -13.6673 0
      vertex 86.3316 -13.6673 5
      vertex 86.4935 -13.6268 0
    endloop
  endfacet
  facet normal -0.242677 0.970107 0
    outer loop
      vertex 86.4935 -13.6268 5
      vertex 86.4935 -13.6268 0
      vertex 86.3316 -13.6673 5
    endloop
  endfacet
  facet normal -0.146875 0.989155 0
    outer loop
      vertex 86.1666 -13.6918 0
      vertex 86.1666 -13.6918 5
      vertex 86.3316 -13.6673 0
    endloop
  endfacet
  facet normal -0.146875 0.989155 0
    outer loop
      vertex 86.3316 -13.6673 5
      vertex 86.3316 -13.6673 0
      vertex 86.1666 -13.6918 5
    endloop
  endfacet
  facet normal -0.0491602 0.998791 0
    outer loop
      vertex 86 -13.7 0
      vertex 86 -13.7 5
      vertex 86.1666 -13.6918 0
    endloop
  endfacet
  facet normal -0.0491602 0.998791 0
    outer loop
      vertex 86.1666 -13.6918 5
      vertex 86.1666 -13.6918 0
      vertex 86 -13.7 5
    endloop
  endfacet
  facet normal 0.0491602 0.998791 -0
    outer loop
      vertex 85.8334 -13.6918 0
      vertex 85.8334 -13.6918 5
      vertex 86 -13.7 0
    endloop
  endfacet
  facet normal 0.0491602 0.998791 0
    outer loop
      vertex 86 -13.7 5
      vertex 86 -13.7 0
      vertex 85.8334 -13.6918 5
    endloop
  endfacet
endsolid OpenSCAD_Model
