solid OpenSCAD_Model
  facet normal 0.989176 -0.146737 0
    outer loop
      vertex 5.9053 0.107819 1.5
      vertex 5.92114 0.214599 0
      vertex 5.92114 0.214599 1.5
    endloop
  endfacet
  facet normal 0.989176 -0.146737 0
    outer loop
      vertex 5.92114 0.214599 0
      vertex 5.9053 0.107819 1.5
      vertex 5.9053 0.107819 0
    endloop
  endfacet
  facet normal 0.998794 0.0490972 0
    outer loop
      vertex 5.9053 -0.107819 1.5
      vertex 5.9 0 0
      vertex 5.9 0 1.5
    endloop
  endfacet
  facet normal 0.998794 0.0490972 0
    outer loop
      vertex 5.9 0 0
      vertex 5.9053 -0.107819 1.5
      vertex 5.9053 -0.107819 0
    endloop
  endfacet
  facet normal -0.998794 0.0490972 0
    outer loop
      vertex 12.0947 -0.107819 0
      vertex 12.1 0 1.5
      vertex 12.1 0 0
    endloop
  endfacet
  facet normal -0.998794 0.0490972 0
    outer loop
      vertex 12.1 0 1.5
      vertex 12.0947 -0.107819 0
      vertex 12.0947 -0.107819 1.5
    endloop
  endfacet
  facet normal 0.998794 -0.0490972 0
    outer loop
      vertex 5.9 0 1.5
      vertex 5.9053 0.107819 0
      vertex 5.9053 0.107819 1.5
    endloop
  endfacet
  facet normal 0.998794 -0.0490972 0
    outer loop
      vertex 5.9053 0.107819 0
      vertex 5.9 0 1.5
      vertex 5.9 0 0
    endloop
  endfacet
  facet normal 0 1 -0
    outer loop
      vertex 11 -1.1 0
      vertex 7 -1.1 1.5
      vertex 11 -1.1 1.5
    endloop
  endfacet
  facet normal 0 1 0
    outer loop
      vertex 7 -1.1 1.5
      vertex 11 -1.1 0
      vertex 7 -1.1 0
    endloop
  endfacet
  facet normal 0.671535 0.740973 -0
    outer loop
      vertex 6.30217 -0.850311 0
      vertex 6.22218 -0.777817 1.5
      vertex 6.30217 -0.850311 1.5
    endloop
  endfacet
  facet normal 0.671535 0.740973 0
    outer loop
      vertex 6.22218 -0.777817 1.5
      vertex 6.30217 -0.850311 0
      vertex 6.22218 -0.777817 0
    endloop
  endfacet
  facet normal -0.243015 0.970022 0
    outer loop
      vertex 11.3193 -1.05263 0
      vertex 11.2146 -1.07886 1.5
      vertex 11.3193 -1.05263 1.5
    endloop
  endfacet
  facet normal -0.243015 0.970022 0
    outer loop
      vertex 11.2146 -1.07886 1.5
      vertex 11.3193 -1.05263 0
      vertex 11.2146 -1.07886 0
    endloop
  endfacet
  facet normal -0.0491058 -0.998794 0
    outer loop
      vertex 11 1.1 0
      vertex 11.1078 1.0947 1.5
      vertex 11 1.1 1.5
    endloop
  endfacet
  facet normal -0.0491058 -0.998794 -0
    outer loop
      vertex 11.1078 1.0947 1.5
      vertex 11 1.1 0
      vertex 11.1078 1.0947 0
    endloop
  endfacet
  facet normal 0.857757 0.514056 0
    outer loop
      vertex 6.08538 -0.611127 1.5
      vertex 6.02989 -0.518536 0
      vertex 6.02989 -0.518536 1.5
    endloop
  endfacet
  facet normal 0.857757 0.514056 0
    outer loop
      vertex 6.02989 -0.518536 0
      vertex 6.08538 -0.611127 1.5
      vertex 6.08538 -0.611127 0
    endloop
  endfacet
  facet normal -0.903826 0.427901 0
    outer loop
      vertex 11.9701 -0.518536 0
      vertex 12.0163 -0.420951 1.5
      vertex 12.0163 -0.420951 0
    endloop
  endfacet
  facet normal -0.903826 0.427901 0
    outer loop
      vertex 12.0163 -0.420951 1.5
      vertex 11.9701 -0.518536 0
      vertex 11.9701 -0.518536 1.5
    endloop
  endfacet
  facet normal -0.0491058 0.998794 0
    outer loop
      vertex 11.1078 -1.0947 0
      vertex 11 -1.1 1.5
      vertex 11.1078 -1.0947 1.5
    endloop
  endfacet
  facet normal -0.0491058 0.998794 0
    outer loop
      vertex 11 -1.1 1.5
      vertex 11.1078 -1.0947 0
      vertex 11 -1.1 0
    endloop
  endfacet
  facet normal -0.14671 0.98918 0
    outer loop
      vertex 11.2146 -1.07886 0
      vertex 11.1078 -1.0947 1.5
      vertex 11.2146 -1.07886 1.5
    endloop
  endfacet
  facet normal -0.14671 0.98918 0
    outer loop
      vertex 11.1078 -1.0947 1.5
      vertex 11.2146 -1.07886 0
      vertex 11.1078 -1.0947 0
    endloop
  endfacet
  facet normal 0.242993 0.970028 -0
    outer loop
      vertex 6.7854 -1.07886 0
      vertex 6.68069 -1.05263 1.5
      vertex 6.7854 -1.07886 1.5
    endloop
  endfacet
  facet normal 0.242993 0.970028 0
    outer loop
      vertex 6.68069 -1.05263 1.5
      vertex 6.7854 -1.07886 0
      vertex 6.68069 -1.05263 0
    endloop
  endfacet
  facet normal 0.803185 0.59573 0
    outer loop
      vertex 6.14969 -0.697832 1.5
      vertex 6.08538 -0.611127 0
      vertex 6.08538 -0.611127 1.5
    endloop
  endfacet
  facet normal 0.803185 0.59573 0
    outer loop
      vertex 6.08538 -0.611127 0
      vertex 6.14969 -0.697832 1.5
      vertex 6.14969 -0.697832 0
    endloop
  endfacet
  facet normal -0.336653 -0.941629 0
    outer loop
      vertex 11.3193 1.05263 0
      vertex 11.421 1.01627 1.5
      vertex 11.3193 1.05263 1.5
    endloop
  endfacet
  facet normal -0.336653 -0.941629 -0
    outer loop
      vertex 11.421 1.01627 1.5
      vertex 11.3193 1.05263 0
      vertex 11.421 1.01627 0
    endloop
  endfacet
  facet normal -0.740924 -0.671589 0
    outer loop
      vertex 11.8503 0.697832 0
      vertex 11.7778 0.777817 1.5
      vertex 11.7778 0.777817 0
    endloop
  endfacet
  facet normal -0.740924 -0.671589 0
    outer loop
      vertex 11.7778 0.777817 1.5
      vertex 11.8503 0.697832 0
      vertex 11.8503 0.697832 1.5
    endloop
  endfacet
  facet normal -0.969877 -0.243595 0
    outer loop
      vertex 12.0789 0.214599 0
      vertex 12.0526 0.319313 1.5
      vertex 12.0526 0.319313 0
    endloop
  endfacet
  facet normal -0.969877 -0.243595 0
    outer loop
      vertex 12.0526 0.319313 1.5
      vertex 12.0789 0.214599 0
      vertex 12.0789 0.214599 1.5
    endloop
  endfacet
  facet normal 0.0490967 -0.998794 0
    outer loop
      vertex 6.89218 1.0947 0
      vertex 7 1.1 1.5
      vertex 6.89218 1.0947 1.5
    endloop
  endfacet
  facet normal 0.0490967 -0.998794 0
    outer loop
      vertex 7 1.1 1.5
      vertex 6.89218 1.0947 0
      vertex 7 1.1 0
    endloop
  endfacet
  facet normal 0.146737 -0.989176 0
    outer loop
      vertex 6.7854 1.07886 0
      vertex 6.89218 1.0947 1.5
      vertex 6.7854 1.07886 1.5
    endloop
  endfacet
  facet normal 0.146737 -0.989176 0
    outer loop
      vertex 6.89218 1.0947 1.5
      vertex 6.7854 1.07886 0
      vertex 6.89218 1.0947 0
    endloop
  endfacet
  facet normal 0 -1 0
    outer loop
      vertex 7 1.1 0
      vertex 11 1.1 1.5
      vertex 7 1.1 1.5
    endloop
  endfacet
  facet normal 0 -1 -0
    outer loop
      vertex 11 1.1 1.5
      vertex 7 1.1 0
      vertex 11 1.1 0
    endloop
  endfacet
  facet normal 0.242993 -0.970028 0
    outer loop
      vertex 6.68069 1.05263 0
      vertex 6.7854 1.07886 1.5
      vertex 6.68069 1.05263 1.5
    endloop
  endfacet
  facet normal 0.242993 -0.970028 0
    outer loop
      vertex 6.7854 1.07886 1.5
      vertex 6.68069 1.05263 0
      vertex 6.7854 1.07886 0
    endloop
  endfacet
  facet normal 0.970052 0.242897 0
    outer loop
      vertex 5.94736 -0.319313 1.5
      vertex 5.92114 -0.214599 0
      vertex 5.92114 -0.214599 1.5
    endloop
  endfacet
  facet normal 0.970052 0.242897 0
    outer loop
      vertex 5.92114 -0.214599 0
      vertex 5.94736 -0.319313 1.5
      vertex 5.94736 -0.319313 0
    endloop
  endfacet
  facet normal -0.94174 0.336342 0
    outer loop
      vertex 12.0163 -0.420951 0
      vertex 12.0526 -0.319313 1.5
      vertex 12.0526 -0.319313 0
    endloop
  endfacet
  facet normal -0.94174 0.336342 0
    outer loop
      vertex 12.0526 -0.319313 1.5
      vertex 12.0163 -0.420951 0
      vertex 12.0163 -0.420951 1.5
    endloop
  endfacet
  facet normal -0.671489 0.741015 0
    outer loop
      vertex 11.7778 -0.777817 0
      vertex 11.6978 -0.850311 1.5
      vertex 11.7778 -0.777817 1.5
    endloop
  endfacet
  facet normal -0.671489 0.741015 0
    outer loop
      vertex 11.6978 -0.850311 1.5
      vertex 11.7778 -0.777817 0
      vertex 11.6978 -0.850311 0
    endloop
  endfacet
  facet normal -0.336653 0.941629 0
    outer loop
      vertex 11.421 -1.01627 0
      vertex 11.3193 -1.05263 1.5
      vertex 11.421 -1.01627 1.5
    endloop
  endfacet
  facet normal -0.336653 0.941629 0
    outer loop
      vertex 11.3193 -1.05263 1.5
      vertex 11.421 -1.01627 0
      vertex 11.3193 -1.05263 0
    endloop
  endfacet
  facet normal 0.146737 0.989176 -0
    outer loop
      vertex 6.89218 -1.0947 0
      vertex 6.7854 -1.07886 1.5
      vertex 6.89218 -1.0947 1.5
    endloop
  endfacet
  facet normal 0.146737 0.989176 0
    outer loop
      vertex 6.7854 -1.07886 1.5
      vertex 6.89218 -1.0947 0
      vertex 6.7854 -1.07886 0
    endloop
  endfacet
  facet normal 0.0490967 0.998794 -0
    outer loop
      vertex 7 -1.1 0
      vertex 6.89218 -1.0947 1.5
      vertex 7 -1.1 1.5
    endloop
  endfacet
  facet normal 0.0490967 0.998794 0
    outer loop
      vertex 6.89218 -1.0947 1.5
      vertex 7 -1.1 0
      vertex 6.89218 -1.0947 0
    endloop
  endfacet
  facet normal 0.336829 0.941566 -0
    outer loop
      vertex 6.68069 -1.05263 0
      vertex 6.57905 -1.01627 1.5
      vertex 6.68069 -1.05263 1.5
    endloop
  endfacet
  facet normal 0.336829 0.941566 0
    outer loop
      vertex 6.57905 -1.01627 1.5
      vertex 6.68069 -1.05263 0
      vertex 6.57905 -1.01627 0
    endloop
  endfacet
  facet normal 0.427558 0.903988 -0
    outer loop
      vertex 6.57905 -1.01627 0
      vertex 6.48146 -0.970113 1.5
      vertex 6.57905 -1.01627 1.5
    endloop
  endfacet
  facet normal 0.427558 0.903988 0
    outer loop
      vertex 6.48146 -0.970113 1.5
      vertex 6.57905 -1.01627 0
      vertex 6.48146 -0.970113 0
    endloop
  endfacet
  facet normal 0.514107 0.857726 -0
    outer loop
      vertex 6.48146 -0.970113 0
      vertex 6.38887 -0.914616 1.5
      vertex 6.48146 -0.970113 1.5
    endloop
  endfacet
  facet normal 0.514107 0.857726 0
    outer loop
      vertex 6.38887 -0.914616 1.5
      vertex 6.48146 -0.970113 0
      vertex 6.38887 -0.914616 0
    endloop
  endfacet
  facet normal 0.903969 0.427598 0
    outer loop
      vertex 6.02989 -0.518536 1.5
      vertex 5.98373 -0.420951 0
      vertex 5.98373 -0.420951 1.5
    endloop
  endfacet
  facet normal 0.903969 0.427598 0
    outer loop
      vertex 5.98373 -0.420951 0
      vertex 6.02989 -0.518536 1.5
      vertex 6.02989 -0.518536 0
    endloop
  endfacet
  facet normal 0.989176 0.146737 0
    outer loop
      vertex 5.92114 -0.214599 1.5
      vertex 5.9053 -0.107819 0
      vertex 5.9053 -0.107819 1.5
    endloop
  endfacet
  facet normal 0.989176 0.146737 0
    outer loop
      vertex 5.9053 -0.107819 0
      vertex 5.92114 -0.214599 1.5
      vertex 5.92114 -0.214599 0
    endloop
  endfacet
  facet normal -0.14671 -0.98918 0
    outer loop
      vertex 11.1078 1.0947 0
      vertex 11.2146 1.07886 1.5
      vertex 11.1078 1.0947 1.5
    endloop
  endfacet
  facet normal -0.14671 -0.98918 -0
    outer loop
      vertex 11.2146 1.07886 1.5
      vertex 11.1078 1.0947 0
      vertex 11.2146 1.07886 0
    endloop
  endfacet
  facet normal -0.243015 -0.970022 0
    outer loop
      vertex 11.2146 1.07886 0
      vertex 11.3193 1.05263 1.5
      vertex 11.2146 1.07886 1.5
    endloop
  endfacet
  facet normal -0.243015 -0.970022 -0
    outer loop
      vertex 11.3193 1.05263 1.5
      vertex 11.2146 1.07886 0
      vertex 11.3193 1.05263 0
    endloop
  endfacet
  facet normal -0.514067 -0.85775 0
    outer loop
      vertex 11.5185 0.970113 0
      vertex 11.6111 0.914616 1.5
      vertex 11.5185 0.970113 1.5
    endloop
  endfacet
  facet normal -0.514067 -0.85775 -0
    outer loop
      vertex 11.6111 0.914616 1.5
      vertex 11.5185 0.970113 0
      vertex 11.6111 0.914616 0
    endloop
  endfacet
  facet normal -0.671489 -0.741015 0
    outer loop
      vertex 11.6978 0.850311 0
      vertex 11.7778 0.777817 1.5
      vertex 11.6978 0.850311 1.5
    endloop
  endfacet
  facet normal -0.671489 -0.741015 -0
    outer loop
      vertex 11.7778 0.777817 1.5
      vertex 11.6978 0.850311 0
      vertex 11.7778 0.777817 0
    endloop
  endfacet
  facet normal -0.595723 -0.80319 0
    outer loop
      vertex 11.6111 0.914616 0
      vertex 11.6978 0.850311 1.5
      vertex 11.6111 0.914616 1.5
    endloop
  endfacet
  facet normal -0.595723 -0.80319 -0
    outer loop
      vertex 11.6978 0.850311 1.5
      vertex 11.6111 0.914616 0
      vertex 11.6978 0.850311 0
    endloop
  endfacet
  facet normal -0.857716 -0.514124 0
    outer loop
      vertex 11.9701 0.518536 0
      vertex 11.9146 0.611127 1.5
      vertex 11.9146 0.611127 0
    endloop
  endfacet
  facet normal -0.857716 -0.514124 0
    outer loop
      vertex 11.9146 0.611127 1.5
      vertex 11.9701 0.518536 0
      vertex 11.9701 0.518536 1.5
    endloop
  endfacet
  facet normal -0.803229 -0.595671 0
    outer loop
      vertex 11.9146 0.611127 0
      vertex 11.8503 0.697832 1.5
      vertex 11.8503 0.697832 0
    endloop
  endfacet
  facet normal -0.803229 -0.595671 0
    outer loop
      vertex 11.8503 0.697832 1.5
      vertex 11.9146 0.611127 0
      vertex 11.9146 0.611127 1.5
    endloop
  endfacet
  facet normal -0.903826 -0.427901 0
    outer loop
      vertex 12.0163 0.420951 0
      vertex 11.9701 0.518536 1.5
      vertex 11.9701 0.518536 0
    endloop
  endfacet
  facet normal -0.903826 -0.427901 0
    outer loop
      vertex 11.9701 0.518536 1.5
      vertex 12.0163 0.420951 0
      vertex 12.0163 0.420951 1.5
    endloop
  endfacet
  facet normal -0.998794 -0.0490972 0
    outer loop
      vertex 12.1 0 0
      vertex 12.0947 0.107819 1.5
      vertex 12.0947 0.107819 0
    endloop
  endfacet
  facet normal -0.998794 -0.0490972 0
    outer loop
      vertex 12.0947 0.107819 1.5
      vertex 12.1 0 0
      vertex 12.1 0 1.5
    endloop
  endfacet
  facet normal 0.671535 -0.740973 0
    outer loop
      vertex 6.22218 0.777817 0
      vertex 6.30217 0.850311 1.5
      vertex 6.22218 0.777817 1.5
    endloop
  endfacet
  facet normal 0.671535 -0.740973 0
    outer loop
      vertex 6.30217 0.850311 1.5
      vertex 6.22218 0.777817 0
      vertex 6.30217 0.850311 0
    endloop
  endfacet
  facet normal 0.74097 -0.671538 0
    outer loop
      vertex 6.14969 0.697832 1.5
      vertex 6.22218 0.777817 0
      vertex 6.22218 0.777817 1.5
    endloop
  endfacet
  facet normal 0.74097 -0.671538 0
    outer loop
      vertex 6.22218 0.777817 0
      vertex 6.14969 0.697832 1.5
      vertex 6.14969 0.697832 0
    endloop
  endfacet
  facet normal 0.970052 -0.242897 0
    outer loop
      vertex 5.92114 0.214599 1.5
      vertex 5.94736 0.319313 0
      vertex 5.94736 0.319313 1.5
    endloop
  endfacet
  facet normal 0.970052 -0.242897 0
    outer loop
      vertex 5.94736 0.319313 0
      vertex 5.92114 0.214599 1.5
      vertex 5.92114 0.214599 0
    endloop
  endfacet
  facet normal -0.969877 0.243595 0
    outer loop
      vertex 12.0526 -0.319313 0
      vertex 12.0789 -0.214599 1.5
      vertex 12.0789 -0.214599 0
    endloop
  endfacet
  facet normal -0.969877 0.243595 0
    outer loop
      vertex 12.0789 -0.214599 1.5
      vertex 12.0526 -0.319313 0
      vertex 12.0526 -0.319313 1.5
    endloop
  endfacet
  facet normal -0.989229 0.146374 0
    outer loop
      vertex 12.0789 -0.214599 0
      vertex 12.0947 -0.107819 1.5
      vertex 12.0947 -0.107819 0
    endloop
  endfacet
  facet normal -0.989229 0.146374 0
    outer loop
      vertex 12.0947 -0.107819 1.5
      vertex 12.0789 -0.214599 0
      vertex 12.0789 -0.214599 1.5
    endloop
  endfacet
  facet normal -0.803229 0.595671 0
    outer loop
      vertex 11.8503 -0.697832 0
      vertex 11.9146 -0.611127 1.5
      vertex 11.9146 -0.611127 0
    endloop
  endfacet
  facet normal -0.803229 0.595671 0
    outer loop
      vertex 11.9146 -0.611127 1.5
      vertex 11.8503 -0.697832 0
      vertex 11.8503 -0.697832 1.5
    endloop
  endfacet
  facet normal -0.857716 0.514124 0
    outer loop
      vertex 11.9146 -0.611127 0
      vertex 11.9701 -0.518536 1.5
      vertex 11.9701 -0.518536 0
    endloop
  endfacet
  facet normal -0.857716 0.514124 0
    outer loop
      vertex 11.9701 -0.518536 1.5
      vertex 11.9146 -0.611127 0
      vertex 11.9146 -0.611127 1.5
    endloop
  endfacet
  facet normal -0.42788 0.903835 0
    outer loop
      vertex 11.5185 -0.970113 0
      vertex 11.421 -1.01627 1.5
      vertex 11.5185 -0.970113 1.5
    endloop
  endfacet
  facet normal -0.42788 0.903835 0
    outer loop
      vertex 11.421 -1.01627 1.5
      vertex 11.5185 -0.970113 0
      vertex 11.421 -1.01627 0
    endloop
  endfacet
  facet normal -0.595723 0.80319 0
    outer loop
      vertex 11.6978 -0.850311 0
      vertex 11.6111 -0.914616 1.5
      vertex 11.6978 -0.850311 1.5
    endloop
  endfacet
  facet normal -0.595723 0.80319 0
    outer loop
      vertex 11.6111 -0.914616 1.5
      vertex 11.6978 -0.850311 0
      vertex 11.6111 -0.914616 0
    endloop
  endfacet
  facet normal -0.740924 0.671589 0
    outer loop
      vertex 11.7778 -0.777817 0
      vertex 11.8503 -0.697832 1.5
      vertex 11.8503 -0.697832 0
    endloop
  endfacet
  facet normal -0.740924 0.671589 0
    outer loop
      vertex 11.8503 -0.697832 1.5
      vertex 11.7778 -0.777817 0
      vertex 11.7778 -0.777817 1.5
    endloop
  endfacet
  facet normal -0.514067 0.85775 0
    outer loop
      vertex 11.6111 -0.914616 0
      vertex 11.5185 -0.970113 1.5
      vertex 11.6111 -0.914616 1.5
    endloop
  endfacet
  facet normal -0.514067 0.85775 0
    outer loop
      vertex 11.5185 -0.970113 1.5
      vertex 11.6111 -0.914616 0
      vertex 11.5185 -0.970113 0
    endloop
  endfacet
  facet normal 0.595723 0.80319 -0
    outer loop
      vertex 6.38887 -0.914616 0
      vertex 6.30217 -0.850311 1.5
      vertex 6.38887 -0.914616 1.5
    endloop
  endfacet
  facet normal 0.595723 0.80319 0
    outer loop
      vertex 6.30217 -0.850311 1.5
      vertex 6.38887 -0.914616 0
      vertex 6.30217 -0.850311 0
    endloop
  endfacet
  facet normal 0.74097 0.671538 0
    outer loop
      vertex 6.22218 -0.777817 1.5
      vertex 6.14969 -0.697832 0
      vertex 6.14969 -0.697832 1.5
    endloop
  endfacet
  facet normal 0.74097 0.671538 0
    outer loop
      vertex 6.14969 -0.697832 0
      vertex 6.22218 -0.777817 1.5
      vertex 6.22218 -0.777817 0
    endloop
  endfacet
  facet normal 0.941534 0.336917 0
    outer loop
      vertex 5.98373 -0.420951 1.5
      vertex 5.94736 -0.319313 0
      vertex 5.94736 -0.319313 1.5
    endloop
  endfacet
  facet normal 0.941534 0.336917 0
    outer loop
      vertex 5.94736 -0.319313 0
      vertex 5.98373 -0.420951 1.5
      vertex 5.98373 -0.420951 0
    endloop
  endfacet
  facet normal -0.42788 -0.903835 0
    outer loop
      vertex 11.421 1.01627 0
      vertex 11.5185 0.970113 1.5
      vertex 11.421 1.01627 1.5
    endloop
  endfacet
  facet normal -0.42788 -0.903835 -0
    outer loop
      vertex 11.5185 0.970113 1.5
      vertex 11.421 1.01627 0
      vertex 11.5185 0.970113 0
    endloop
  endfacet
  facet normal -0.94174 -0.336342 0
    outer loop
      vertex 12.0526 0.319313 0
      vertex 12.0163 0.420951 1.5
      vertex 12.0163 0.420951 0
    endloop
  endfacet
  facet normal -0.94174 -0.336342 0
    outer loop
      vertex 12.0163 0.420951 1.5
      vertex 12.0526 0.319313 0
      vertex 12.0526 0.319313 1.5
    endloop
  endfacet
  facet normal -0.989229 -0.146374 0
    outer loop
      vertex 12.0947 0.107819 0
      vertex 12.0789 0.214599 1.5
      vertex 12.0789 0.214599 0
    endloop
  endfacet
  facet normal -0.989229 -0.146374 0
    outer loop
      vertex 12.0789 0.214599 1.5
      vertex 12.0947 0.107819 0
      vertex 12.0947 0.107819 1.5
    endloop
  endfacet
  facet normal 0.427558 -0.903988 0
    outer loop
      vertex 6.48146 0.970113 0
      vertex 6.57905 1.01627 1.5
      vertex 6.48146 0.970113 1.5
    endloop
  endfacet
  facet normal 0.427558 -0.903988 0
    outer loop
      vertex 6.57905 1.01627 1.5
      vertex 6.48146 0.970113 0
      vertex 6.57905 1.01627 0
    endloop
  endfacet
  facet normal 0.595723 -0.80319 0
    outer loop
      vertex 6.30217 0.850311 0
      vertex 6.38887 0.914616 1.5
      vertex 6.30217 0.850311 1.5
    endloop
  endfacet
  facet normal 0.595723 -0.80319 0
    outer loop
      vertex 6.38887 0.914616 1.5
      vertex 6.30217 0.850311 0
      vertex 6.38887 0.914616 0
    endloop
  endfacet
  facet normal 0.857757 -0.514056 0
    outer loop
      vertex 6.02989 0.518536 1.5
      vertex 6.08538 0.611127 0
      vertex 6.08538 0.611127 1.5
    endloop
  endfacet
  facet normal 0.857757 -0.514056 0
    outer loop
      vertex 6.08538 0.611127 0
      vertex 6.02989 0.518536 1.5
      vertex 6.02989 0.518536 0
    endloop
  endfacet
  facet normal 0.941534 -0.336917 0
    outer loop
      vertex 5.94736 0.319313 1.5
      vertex 5.98373 0.420951 0
      vertex 5.98373 0.420951 1.5
    endloop
  endfacet
  facet normal 0.941534 -0.336917 0
    outer loop
      vertex 5.98373 0.420951 0
      vertex 5.94736 0.319313 1.5
      vertex 5.94736 0.319313 0
    endloop
  endfacet
  facet normal 0.336829 -0.941566 0
    outer loop
      vertex 6.57905 1.01627 0
      vertex 6.68069 1.05263 1.5
      vertex 6.57905 1.01627 1.5
    endloop
  endfacet
  facet normal 0.336829 -0.941566 0
    outer loop
      vertex 6.68069 1.05263 1.5
      vertex 6.57905 1.01627 0
      vertex 6.68069 1.05263 0
    endloop
  endfacet
  facet normal 0.514107 -0.857726 0
    outer loop
      vertex 6.38887 0.914616 0
      vertex 6.48146 0.970113 1.5
      vertex 6.38887 0.914616 1.5
    endloop
  endfacet
  facet normal 0.514107 -0.857726 0
    outer loop
      vertex 6.48146 0.970113 1.5
      vertex 6.38887 0.914616 0
      vertex 6.48146 0.970113 0
    endloop
  endfacet
  facet normal 0.803185 -0.59573 0
    outer loop
      vertex 6.08538 0.611127 1.5
      vertex 6.14969 0.697832 0
      vertex 6.14969 0.697832 1.5
    endloop
  endfacet
  facet normal 0.803185 -0.59573 0
    outer loop
      vertex 6.14969 0.697832 0
      vertex 6.08538 0.611127 1.5
      vertex 6.08538 0.611127 0
    endloop
  endfacet
  facet normal 0.903969 -0.427598 0
    outer loop
      vertex 5.98373 0.420951 1.5
      vertex 6.02989 0.518536 0
      vertex 6.02989 0.518536 1.5
    endloop
  endfacet
  facet normal 0.903969 -0.427598 0
    outer loop
      vertex 6.02989 0.518536 0
      vertex 5.98373 0.420951 1.5
      vertex 5.98373 0.420951 0
    endloop
  endfacet
  facet normal 0.989176 -0.146736 0
    outer loop
      vertex 4.81059 0.215637 4
      vertex 4.84227 0.429198 1.5
      vertex 4.84227 0.429198 4
    endloop
  endfacet
  facet normal 0.989176 -0.146736 0
    outer loop
      vertex 4.84227 0.429198 1.5
      vertex 4.81059 0.215637 4
      vertex 4.81059 0.215637 1.5
    endloop
  endfacet
  facet normal 0.998796 0.0490512 0
    outer loop
      vertex 4.81059 -0.215637 4
      vertex 4.8 0 1.5
      vertex 4.8 0 4
    endloop
  endfacet
  facet normal 0.998796 0.0490512 0
    outer loop
      vertex 4.8 0 1.5
      vertex 4.81059 -0.215637 4
      vertex 4.81059 -0.215637 1.5
    endloop
  endfacet
  facet normal -0.998794 0.0490974 0
    outer loop
      vertex 13.1894 -0.215637 1.5
      vertex 13.2 0 4
      vertex 13.2 0 1.5
    endloop
  endfacet
  facet normal -0.998794 0.0490974 0
    outer loop
      vertex 13.2 0 4
      vertex 13.1894 -0.215637 1.5
      vertex 13.1894 -0.215637 4
    endloop
  endfacet
  facet normal 0.998796 -0.0490512 0
    outer loop
      vertex 4.8 0 4
      vertex 4.81059 0.215637 1.5
      vertex 4.81059 0.215637 4
    endloop
  endfacet
  facet normal 0.998796 -0.0490512 0
    outer loop
      vertex 4.81059 0.215637 1.5
      vertex 4.8 0 4
      vertex 4.8 0 1.5
    endloop
  endfacet
  facet normal 0 1 -0
    outer loop
      vertex 11 -2.2 1.5
      vertex 7 -2.2 4
      vertex 11 -2.2 4
    endloop
  endfacet
  facet normal 0 1 0
    outer loop
      vertex 7 -2.2 4
      vertex 11 -2.2 1.5
      vertex 7 -2.2 1.5
    endloop
  endfacet
  facet normal 0.671563 0.740947 -0
    outer loop
      vertex 5.60433 -1.70062 1.5
      vertex 5.44436 -1.55563 4
      vertex 5.60433 -1.70062 4
    endloop
  endfacet
  facet normal 0.671563 0.740947 0
    outer loop
      vertex 5.44436 -1.55563 4
      vertex 5.60433 -1.70062 1.5
      vertex 5.44436 -1.55563 1.5
    endloop
  endfacet
  facet normal -0.336882 0.941547 0
    outer loop
      vertex 11.8419 -2.03253 1.5
      vertex 11.6386 -2.10527 4
      vertex 11.8419 -2.03253 4
    endloop
  endfacet
  facet normal -0.336882 0.941547 0
    outer loop
      vertex 11.6386 -2.10527 4
      vertex 11.8419 -2.03253 1.5
      vertex 11.6386 -2.10527 1.5
    endloop
  endfacet
  facet normal 0.903984 0.427566 0
    outer loop
      vertex 5.05977 -1.03707 4
      vertex 4.96746 -0.841903 1.5
      vertex 4.96746 -0.841903 4
    endloop
  endfacet
  facet normal 0.903984 0.427566 0
    outer loop
      vertex 4.96746 -0.841903 1.5
      vertex 5.05977 -1.03707 4
      vertex 5.05977 -1.03707 1.5
    endloop
  endfacet
  facet normal -0.803245 0.595648 0
    outer loop
      vertex 12.7006 -1.39567 1.5
      vertex 12.8292 -1.22225 4
      vertex 12.8292 -1.22225 1.5
    endloop
  endfacet
  facet normal -0.803245 0.595648 0
    outer loop
      vertex 12.8292 -1.22225 4
      vertex 12.7006 -1.39567 1.5
      vertex 12.7006 -1.39567 4
    endloop
  endfacet
  facet normal -0.0490596 0.998796 0
    outer loop
      vertex 11.2156 -2.18941 1.5
      vertex 11 -2.2 4
      vertex 11.2156 -2.18941 4
    endloop
  endfacet
  facet normal -0.0490596 0.998796 0
    outer loop
      vertex 11 -2.2 4
      vertex 11.2156 -2.18941 1.5
      vertex 11 -2.2 1.5
    endloop
  endfacet
  facet normal -0.14671 0.98918 0
    outer loop
      vertex 11.4292 -2.15773 1.5
      vertex 11.2156 -2.18941 4
      vertex 11.4292 -2.15773 4
    endloop
  endfacet
  facet normal -0.14671 0.98918 0
    outer loop
      vertex 11.2156 -2.18941 4
      vertex 11.4292 -2.15773 1.5
      vertex 11.2156 -2.18941 1.5
    endloop
  endfacet
  facet normal 0.336926 0.941531 -0
    outer loop
      vertex 6.36137 -2.10527 1.5
      vertex 6.1581 -2.03253 4
      vertex 6.36137 -2.10527 4
    endloop
  endfacet
  facet normal 0.336926 0.941531 0
    outer loop
      vertex 6.1581 -2.03253 4
      vertex 6.36137 -2.10527 1.5
      vertex 6.1581 -2.03253 1.5
    endloop
  endfacet
  facet normal 0 -1 0
    outer loop
      vertex 7 2.2 1.5
      vertex 11 2.2 4
      vertex 7 2.2 4
    endloop
  endfacet
  facet normal 0 -1 -0
    outer loop
      vertex 11 2.2 4
      vertex 7 2.2 1.5
      vertex 11 2.2 1.5
    endloop
  endfacet
  facet normal 0.941549 -0.336875 0
    outer loop
      vertex 4.89473 0.638626 4
      vertex 4.96746 0.841903 1.5
      vertex 4.96746 0.841903 4
    endloop
  endfacet
  facet normal 0.941549 -0.336875 0
    outer loop
      vertex 4.96746 0.841903 1.5
      vertex 4.89473 0.638626 4
      vertex 4.89473 0.638626 1.5
    endloop
  endfacet
  facet normal 0.97003 0.242985 0
    outer loop
      vertex 4.89473 -0.638626 4
      vertex 4.84227 -0.429198 1.5
      vertex 4.84227 -0.429198 4
    endloop
  endfacet
  facet normal 0.97003 0.242985 0
    outer loop
      vertex 4.84227 -0.429198 1.5
      vertex 4.89473 -0.638626 4
      vertex 4.89473 -0.638626 1.5
    endloop
  endfacet
  facet normal -0.941447 0.337162 0
    outer loop
      vertex 13.0325 -0.841903 1.5
      vertex 13.1053 -0.638626 4
      vertex 13.1053 -0.638626 1.5
    endloop
  endfacet
  facet normal -0.941447 0.337162 0
    outer loop
      vertex 13.1053 -0.638626 4
      vertex 13.0325 -0.841903 1.5
      vertex 13.0325 -0.841903 4
    endloop
  endfacet
  facet normal -0.904002 0.427528 0
    outer loop
      vertex 12.9402 -1.03707 1.5
      vertex 13.0325 -0.841903 4
      vertex 13.0325 -0.841903 1.5
    endloop
  endfacet
  facet normal -0.904002 0.427528 0
    outer loop
      vertex 13.0325 -0.841903 4
      vertex 12.9402 -1.03707 1.5
      vertex 12.9402 -1.03707 4
    endloop
  endfacet
  facet normal -0.595723 0.80319 0
    outer loop
      vertex 12.3957 -1.70062 1.5
      vertex 12.2223 -1.82923 4
      vertex 12.3957 -1.70062 4
    endloop
  endfacet
  facet normal -0.595723 0.80319 0
    outer loop
      vertex 12.2223 -1.82923 4
      vertex 12.3957 -1.70062 1.5
      vertex 12.2223 -1.82923 1.5
    endloop
  endfacet
  facet normal -0.514087 0.857738 0
    outer loop
      vertex 12.2223 -1.82923 1.5
      vertex 12.0371 -1.94023 4
      vertex 12.2223 -1.82923 4
    endloop
  endfacet
  facet normal -0.514087 0.857738 0
    outer loop
      vertex 12.0371 -1.94023 4
      vertex 12.2223 -1.82923 1.5
      vertex 12.0371 -1.94023 1.5
    endloop
  endfacet
  facet normal -0.740903 0.671612 0
    outer loop
      vertex 12.5556 -1.55563 1.5
      vertex 12.7006 -1.39567 4
      vertex 12.7006 -1.39567 1.5
    endloop
  endfacet
  facet normal -0.740903 0.671612 0
    outer loop
      vertex 12.7006 -1.39567 4
      vertex 12.5556 -1.55563 1.5
      vertex 12.5556 -1.55563 4
    endloop
  endfacet
  facet normal -0.243015 0.970022 0
    outer loop
      vertex 11.6386 -2.10527 1.5
      vertex 11.4292 -2.15773 4
      vertex 11.6386 -2.10527 4
    endloop
  endfacet
  facet normal -0.243015 0.970022 0
    outer loop
      vertex 11.4292 -2.15773 4
      vertex 11.6386 -2.10527 1.5
      vertex 11.4292 -2.15773 1.5
    endloop
  endfacet
  facet normal 0.146737 0.989176 -0
    outer loop
      vertex 6.78436 -2.18941 1.5
      vertex 6.5708 -2.15773 4
      vertex 6.78436 -2.18941 4
    endloop
  endfacet
  facet normal 0.146737 0.989176 0
    outer loop
      vertex 6.5708 -2.15773 4
      vertex 6.78436 -2.18941 1.5
      vertex 6.5708 -2.15773 1.5
    endloop
  endfacet
  facet normal 0.0490505 0.998796 -0
    outer loop
      vertex 7 -2.2 1.5
      vertex 6.78436 -2.18941 4
      vertex 7 -2.2 4
    endloop
  endfacet
  facet normal 0.0490505 0.998796 0
    outer loop
      vertex 6.78436 -2.18941 4
      vertex 7 -2.2 1.5
      vertex 6.78436 -2.18941 1.5
    endloop
  endfacet
  facet normal 0.242982 0.970031 -0
    outer loop
      vertex 6.5708 -2.15773 1.5
      vertex 6.36137 -2.10527 4
      vertex 6.5708 -2.15773 4
    endloop
  endfacet
  facet normal 0.242982 0.970031 0
    outer loop
      vertex 6.36137 -2.10527 4
      vertex 6.5708 -2.15773 1.5
      vertex 6.36137 -2.10527 1.5
    endloop
  endfacet
  facet normal 0.514128 0.857714 -0
    outer loop
      vertex 5.96293 -1.94023 1.5
      vertex 5.77775 -1.82923 4
      vertex 5.96293 -1.94023 4
    endloop
  endfacet
  facet normal 0.514128 0.857714 0
    outer loop
      vertex 5.77775 -1.82923 4
      vertex 5.96293 -1.94023 1.5
      vertex 5.77775 -1.82923 1.5
    endloop
  endfacet
  facet normal 0.595678 0.803223 -0
    outer loop
      vertex 5.77775 -1.82923 1.5
      vertex 5.60433 -1.70062 4
      vertex 5.77775 -1.82923 4
    endloop
  endfacet
  facet normal 0.595678 0.803223 0
    outer loop
      vertex 5.60433 -1.70062 4
      vertex 5.77775 -1.82923 1.5
      vertex 5.60433 -1.70062 1.5
    endloop
  endfacet
  facet normal 0.427523 0.904005 -0
    outer loop
      vertex 6.1581 -2.03253 1.5
      vertex 5.96293 -1.94023 4
      vertex 6.1581 -2.03253 4
    endloop
  endfacet
  facet normal 0.427523 0.904005 0
    outer loop
      vertex 5.96293 -1.94023 4
      vertex 6.1581 -2.03253 1.5
      vertex 5.96293 -1.94023 1.5
    endloop
  endfacet
  facet normal 0.803223 0.595678 0
    outer loop
      vertex 5.29938 -1.39567 4
      vertex 5.17077 -1.22225 1.5
      vertex 5.17077 -1.22225 4
    endloop
  endfacet
  facet normal 0.803223 0.595678 0
    outer loop
      vertex 5.17077 -1.22225 1.5
      vertex 5.29938 -1.39567 4
      vertex 5.29938 -1.39567 1.5
    endloop
  endfacet
  facet normal 0.740949 0.671561 0
    outer loop
      vertex 5.44436 -1.55563 4
      vertex 5.29938 -1.39567 1.5
      vertex 5.29938 -1.39567 4
    endloop
  endfacet
  facet normal 0.740949 0.671561 0
    outer loop
      vertex 5.29938 -1.39567 1.5
      vertex 5.44436 -1.55563 4
      vertex 5.44436 -1.55563 1.5
    endloop
  endfacet
  facet normal 0.857714 0.514128 0
    outer loop
      vertex 5.17077 -1.22225 4
      vertex 5.05977 -1.03707 1.5
      vertex 5.05977 -1.03707 4
    endloop
  endfacet
  facet normal 0.857714 0.514128 0
    outer loop
      vertex 5.05977 -1.03707 1.5
      vertex 5.17077 -1.22225 4
      vertex 5.17077 -1.22225 1.5
    endloop
  endfacet
  facet normal 0.941549 0.336875 0
    outer loop
      vertex 4.96746 -0.841903 4
      vertex 4.89473 -0.638626 1.5
      vertex 4.89473 -0.638626 4
    endloop
  endfacet
  facet normal 0.941549 0.336875 0
    outer loop
      vertex 4.89473 -0.638626 1.5
      vertex 4.96746 -0.841903 4
      vertex 4.96746 -0.841903 1.5
    endloop
  endfacet
  facet normal 0.989176 0.146736 0
    outer loop
      vertex 4.84227 -0.429198 4
      vertex 4.81059 -0.215637 1.5
      vertex 4.81059 -0.215637 4
    endloop
  endfacet
  facet normal 0.989176 0.146736 0
    outer loop
      vertex 4.81059 -0.215637 1.5
      vertex 4.84227 -0.429198 4
      vertex 4.84227 -0.429198 1.5
    endloop
  endfacet
  facet normal 0 0 1
    outer loop
      vertex 12.1 0 1.5
      vertex 13.2 0 1.5
      vertex 13.1894 0.215637 1.5
    endloop
  endfacet
  facet normal 0 0 1
    outer loop
      vertex 12.0947 0.107819 1.5
      vertex 13.1894 0.215637 1.5
      vertex 13.1577 0.429198 1.5
    endloop
  endfacet
  facet normal 0 0 1
    outer loop
      vertex 13.2 0 1.5
      vertex 12.1 0 1.5
      vertex 13.1894 -0.215637 1.5
    endloop
  endfacet
  facet normal 0 0 1
    outer loop
      vertex 12.0789 0.214599 1.5
      vertex 13.1577 0.429198 1.5
      vertex 13.1053 0.638626 1.5
    endloop
  endfacet
  facet normal -0 0 1
    outer loop
      vertex 12.0947 -0.107819 1.5
      vertex 13.1894 -0.215637 1.5
      vertex 12.1 0 1.5
    endloop
  endfacet
  facet normal 0 0 1
    outer loop
      vertex 12.0526 0.319313 1.5
      vertex 13.1053 0.638626 1.5
      vertex 13.0325 0.841903 1.5
    endloop
  endfacet
  facet normal 0 0 1
    outer loop
      vertex 13.1894 -0.215637 1.5
      vertex 12.0947 -0.107819 1.5
      vertex 13.1577 -0.429198 1.5
    endloop
  endfacet
  facet normal 0 0 1
    outer loop
      vertex 12.0163 0.420951 1.5
      vertex 13.0325 0.841903 1.5
      vertex 12.9402 1.03707 1.5
    endloop
  endfacet
  facet normal -0 0 1
    outer loop
      vertex 12.0789 -0.214599 1.5
      vertex 13.1577 -0.429198 1.5
      vertex 12.0947 -0.107819 1.5
    endloop
  endfacet
  facet normal 0 0 1
    outer loop
      vertex 11.9701 0.518536 1.5
      vertex 12.9402 1.03707 1.5
      vertex 12.8292 1.22225 1.5
    endloop
  endfacet
  facet normal 0 0 1
    outer loop
      vertex 13.1577 -0.429198 1.5
      vertex 12.0789 -0.214599 1.5
      vertex 13.1053 -0.638626 1.5
    endloop
  endfacet
  facet normal 0 0 1
    outer loop
      vertex 11.9146 0.611127 1.5
      vertex 12.8292 1.22225 1.5
      vertex 12.7006 1.39567 1.5
    endloop
  endfacet
  facet normal -0 0 1
    outer loop
      vertex 12.0526 -0.319313 1.5
      vertex 13.1053 -0.638626 1.5
      vertex 12.0789 -0.214599 1.5
    endloop
  endfacet
  facet normal 0 0 1
    outer loop
      vertex 11.8503 0.697832 1.5
      vertex 12.7006 1.39567 1.5
      vertex 12.5556 1.55563 1.5
    endloop
  endfacet
  facet normal 0 0 1
    outer loop
      vertex 13.1053 -0.638626 1.5
      vertex 12.0526 -0.319313 1.5
      vertex 13.0325 -0.841903 1.5
    endloop
  endfacet
  facet normal 0 0 1
    outer loop
      vertex 11.7778 0.777817 1.5
      vertex 12.5556 1.55563 1.5
      vertex 12.3957 1.70062 1.5
    endloop
  endfacet
  facet normal -0 0 1
    outer loop
      vertex 12.0163 -0.420951 1.5
      vertex 13.0325 -0.841903 1.5
      vertex 12.0526 -0.319313 1.5
    endloop
  endfacet
  facet normal 0 0 1
    outer loop
      vertex 11.6978 0.850311 1.5
      vertex 12.3957 1.70062 1.5
      vertex 12.2223 1.82923 1.5
    endloop
  endfacet
  facet normal 0 0 1
    outer loop
      vertex 13.0325 -0.841903 1.5
      vertex 12.0163 -0.420951 1.5
      vertex 12.9402 -1.03707 1.5
    endloop
  endfacet
  facet normal -0 0 1
    outer loop
      vertex 11.9701 -0.518536 1.5
      vertex 12.9402 -1.03707 1.5
      vertex 12.0163 -0.420951 1.5
    endloop
  endfacet
  facet normal 0 0 1
    outer loop
      vertex 13.1894 0.215637 1.5
      vertex 12.0947 0.107819 1.5
      vertex 12.1 0 1.5
    endloop
  endfacet
  facet normal 0 0 1
    outer loop
      vertex 13.1577 0.429198 1.5
      vertex 12.0789 0.214599 1.5
      vertex 12.0947 0.107819 1.5
    endloop
  endfacet
  facet normal 0 0 1
    outer loop
      vertex 13.1053 0.638626 1.5
      vertex 12.0526 0.319313 1.5
      vertex 12.0789 0.214599 1.5
    endloop
  endfacet
  facet normal 0 0 1
    outer loop
      vertex 11.6111 0.914616 1.5
      vertex 12.2223 1.82923 1.5
      vertex 12.0371 1.94023 1.5
    endloop
  endfacet
  facet normal 0 0 1
    outer loop
      vertex 13.0325 0.841903 1.5
      vertex 12.0163 0.420951 1.5
      vertex 12.0526 0.319313 1.5
    endloop
  endfacet
  facet normal 0 0 1
    outer loop
      vertex 12.9402 1.03707 1.5
      vertex 11.9701 0.518536 1.5
      vertex 12.0163 0.420951 1.5
    endloop
  endfacet
  facet normal 0 0 1
    outer loop
      vertex 12.8292 1.22225 1.5
      vertex 11.9146 0.611127 1.5
      vertex 11.9701 0.518536 1.5
    endloop
  endfacet
  facet normal 0 0 1
    outer loop
      vertex 12.7006 1.39567 1.5
      vertex 11.8503 0.697832 1.5
      vertex 11.9146 0.611127 1.5
    endloop
  endfacet
  facet normal 0 0 1
    outer loop
      vertex 11.5185 0.970113 1.5
      vertex 12.0371 1.94023 1.5
      vertex 11.8419 2.03253 1.5
    endloop
  endfacet
  facet normal 0 0 1
    outer loop
      vertex 12.5556 1.55563 1.5
      vertex 11.7778 0.777817 1.5
      vertex 11.8503 0.697832 1.5
    endloop
  endfacet
  facet normal 0 0 1
    outer loop
      vertex 12.3957 1.70062 1.5
      vertex 11.6978 0.850311 1.5
      vertex 11.7778 0.777817 1.5
    endloop
  endfacet
  facet normal 0 0 1
    outer loop
      vertex 11.421 1.01627 1.5
      vertex 11.8419 2.03253 1.5
      vertex 11.6386 2.10527 1.5
    endloop
  endfacet
  facet normal 0 0 1
    outer loop
      vertex 12.2223 1.82923 1.5
      vertex 11.6111 0.914616 1.5
      vertex 11.6978 0.850311 1.5
    endloop
  endfacet
  facet normal 0 0 1
    outer loop
      vertex 12.0371 1.94023 1.5
      vertex 11.5185 0.970113 1.5
      vertex 11.6111 0.914616 1.5
    endloop
  endfacet
  facet normal 0 0 1
    outer loop
      vertex 11.3193 1.05263 1.5
      vertex 11.6386 2.10527 1.5
      vertex 11.4292 2.15773 1.5
    endloop
  endfacet
  facet normal 0 0 1
    outer loop
      vertex 11.8419 2.03253 1.5
      vertex 11.421 1.01627 1.5
      vertex 11.5185 0.970113 1.5
    endloop
  endfacet
  facet normal 0 0 1
    outer loop
      vertex 11.6386 2.10527 1.5
      vertex 11.3193 1.05263 1.5
      vertex 11.421 1.01627 1.5
    endloop
  endfacet
  facet normal 0 0 1
    outer loop
      vertex 11.2146 1.07886 1.5
      vertex 11.4292 2.15773 1.5
      vertex 11.2156 2.18941 1.5
    endloop
  endfacet
  facet normal 0 0 1
    outer loop
      vertex 11.4292 2.15773 1.5
      vertex 11.2146 1.07886 1.5
      vertex 11.3193 1.05263 1.5
    endloop
  endfacet
  facet normal 0 0 1
    outer loop
      vertex 11.2156 2.18941 1.5
      vertex 11.1078 1.0947 1.5
      vertex 11.2146 1.07886 1.5
    endloop
  endfacet
  facet normal 0 0 1
    outer loop
      vertex 11 2.2 1.5
      vertex 11.1078 1.0947 1.5
      vertex 11.2156 2.18941 1.5
    endloop
  endfacet
  facet normal 0 0 1
    outer loop
      vertex 11 2.2 1.5
      vertex 11 1.1 1.5
      vertex 11.1078 1.0947 1.5
    endloop
  endfacet
  facet normal -0 0 1
    outer loop
      vertex 7 2.2 1.5
      vertex 11 1.1 1.5
      vertex 11 2.2 1.5
    endloop
  endfacet
  facet normal 0 0 1
    outer loop
      vertex 7 2.2 1.5
      vertex 7 1.1 1.5
      vertex 11 1.1 1.5
    endloop
  endfacet
  facet normal 0 0 1
    outer loop
      vertex 7 2.2 1.5
      vertex 6.89218 1.0947 1.5
      vertex 7 1.1 1.5
    endloop
  endfacet
  facet normal -0 0 1
    outer loop
      vertex 6.78436 2.18941 1.5
      vertex 6.89218 1.0947 1.5
      vertex 7 2.2 1.5
    endloop
  endfacet
  facet normal 0 0 1
    outer loop
      vertex 6.89218 1.0947 1.5
      vertex 6.78436 2.18941 1.5
      vertex 6.7854 1.07886 1.5
    endloop
  endfacet
  facet normal -0 0 1
    outer loop
      vertex 6.5708 2.15773 1.5
      vertex 6.7854 1.07886 1.5
      vertex 6.78436 2.18941 1.5
    endloop
  endfacet
  facet normal 0 0 1
    outer loop
      vertex 6.7854 1.07886 1.5
      vertex 6.5708 2.15773 1.5
      vertex 6.68069 1.05263 1.5
    endloop
  endfacet
  facet normal -0 0 1
    outer loop
      vertex 6.36137 2.10527 1.5
      vertex 6.68069 1.05263 1.5
      vertex 6.5708 2.15773 1.5
    endloop
  endfacet
  facet normal 0 0 1
    outer loop
      vertex 6.68069 1.05263 1.5
      vertex 6.36137 2.10527 1.5
      vertex 6.57905 1.01627 1.5
    endloop
  endfacet
  facet normal -0 0 1
    outer loop
      vertex 6.1581 2.03253 1.5
      vertex 6.57905 1.01627 1.5
      vertex 6.36137 2.10527 1.5
    endloop
  endfacet
  facet normal 0 0 1
    outer loop
      vertex 6.57905 1.01627 1.5
      vertex 6.1581 2.03253 1.5
      vertex 6.48146 0.970113 1.5
    endloop
  endfacet
  facet normal -0 0 1
    outer loop
      vertex 5.96293 1.94023 1.5
      vertex 6.48146 0.970113 1.5
      vertex 6.1581 2.03253 1.5
    endloop
  endfacet
  facet normal 0 0 1
    outer loop
      vertex 6.48146 0.970113 1.5
      vertex 5.96293 1.94023 1.5
      vertex 6.38887 0.914616 1.5
    endloop
  endfacet
  facet normal -0 0 1
    outer loop
      vertex 5.77775 1.82923 1.5
      vertex 6.38887 0.914616 1.5
      vertex 5.96293 1.94023 1.5
    endloop
  endfacet
  facet normal 0 0 1
    outer loop
      vertex 6.38887 0.914616 1.5
      vertex 5.77775 1.82923 1.5
      vertex 6.30217 0.850311 1.5
    endloop
  endfacet
  facet normal -0 0 1
    outer loop
      vertex 5.60433 1.70062 1.5
      vertex 6.30217 0.850311 1.5
      vertex 5.77775 1.82923 1.5
    endloop
  endfacet
  facet normal 0 0 1
    outer loop
      vertex 6.30217 0.850311 1.5
      vertex 5.60433 1.70062 1.5
      vertex 6.22218 0.777817 1.5
    endloop
  endfacet
  facet normal -0 0 1
    outer loop
      vertex 5.44436 1.55563 1.5
      vertex 6.22218 0.777817 1.5
      vertex 5.60433 1.70062 1.5
    endloop
  endfacet
  facet normal 0 0 1
    outer loop
      vertex 6.22218 0.777817 1.5
      vertex 5.44436 1.55563 1.5
      vertex 6.14969 0.697832 1.5
    endloop
  endfacet
  facet normal -0 0 1
    outer loop
      vertex 5.29938 1.39567 1.5
      vertex 6.14969 0.697832 1.5
      vertex 5.44436 1.55563 1.5
    endloop
  endfacet
  facet normal 0 0 1
    outer loop
      vertex 6.14969 0.697832 1.5
      vertex 5.29938 1.39567 1.5
      vertex 6.08538 0.611127 1.5
    endloop
  endfacet
  facet normal -0 0 1
    outer loop
      vertex 5.17077 1.22225 1.5
      vertex 6.08538 0.611127 1.5
      vertex 5.29938 1.39567 1.5
    endloop
  endfacet
  facet normal 0 0 1
    outer loop
      vertex 6.08538 0.611127 1.5
      vertex 5.17077 1.22225 1.5
      vertex 6.02989 0.518536 1.5
    endloop
  endfacet
  facet normal -0 0 1
    outer loop
      vertex 5.05977 1.03707 1.5
      vertex 6.02989 0.518536 1.5
      vertex 5.17077 1.22225 1.5
    endloop
  endfacet
  facet normal 0 0 1
    outer loop
      vertex 12.9402 -1.03707 1.5
      vertex 11.9701 -0.518536 1.5
      vertex 12.8292 -1.22225 1.5
    endloop
  endfacet
  facet normal -0 0 1
    outer loop
      vertex 11.9146 -0.611127 1.5
      vertex 12.8292 -1.22225 1.5
      vertex 11.9701 -0.518536 1.5
    endloop
  endfacet
  facet normal 0 0 1
    outer loop
      vertex 12.8292 -1.22225 1.5
      vertex 11.9146 -0.611127 1.5
      vertex 12.7006 -1.39567 1.5
    endloop
  endfacet
  facet normal -0 0 1
    outer loop
      vertex 11.8503 -0.697832 1.5
      vertex 12.7006 -1.39567 1.5
      vertex 11.9146 -0.611127 1.5
    endloop
  endfacet
  facet normal 0 0 1
    outer loop
      vertex 12.7006 -1.39567 1.5
      vertex 11.8503 -0.697832 1.5
      vertex 12.5556 -1.55563 1.5
    endloop
  endfacet
  facet normal -0 0 1
    outer loop
      vertex 11.7778 -0.777817 1.5
      vertex 12.5556 -1.55563 1.5
      vertex 11.8503 -0.697832 1.5
    endloop
  endfacet
  facet normal 0 0 1
    outer loop
      vertex 12.5556 -1.55563 1.5
      vertex 11.7778 -0.777817 1.5
      vertex 12.3957 -1.70062 1.5
    endloop
  endfacet
  facet normal -0 0 1
    outer loop
      vertex 11.6978 -0.850311 1.5
      vertex 12.3957 -1.70062 1.5
      vertex 11.7778 -0.777817 1.5
    endloop
  endfacet
  facet normal 0 0 1
    outer loop
      vertex 12.3957 -1.70062 1.5
      vertex 11.6978 -0.850311 1.5
      vertex 12.2223 -1.82923 1.5
    endloop
  endfacet
  facet normal -0 0 1
    outer loop
      vertex 11.6111 -0.914616 1.5
      vertex 12.2223 -1.82923 1.5
      vertex 11.6978 -0.850311 1.5
    endloop
  endfacet
  facet normal 0 0 1
    outer loop
      vertex 12.2223 -1.82923 1.5
      vertex 11.6111 -0.914616 1.5
      vertex 12.0371 -1.94023 1.5
    endloop
  endfacet
  facet normal -0 0 1
    outer loop
      vertex 11.5185 -0.970113 1.5
      vertex 12.0371 -1.94023 1.5
      vertex 11.6111 -0.914616 1.5
    endloop
  endfacet
  facet normal 0 0 1
    outer loop
      vertex 12.0371 -1.94023 1.5
      vertex 11.5185 -0.970113 1.5
      vertex 11.8419 -2.03253 1.5
    endloop
  endfacet
  facet normal -0 0 1
    outer loop
      vertex 11.421 -1.01627 1.5
      vertex 11.8419 -2.03253 1.5
      vertex 11.5185 -0.970113 1.5
    endloop
  endfacet
  facet normal 0 0 1
    outer loop
      vertex 11.8419 -2.03253 1.5
      vertex 11.421 -1.01627 1.5
      vertex 11.6386 -2.10527 1.5
    endloop
  endfacet
  facet normal -0 0 1
    outer loop
      vertex 11.3193 -1.05263 1.5
      vertex 11.6386 -2.10527 1.5
      vertex 11.421 -1.01627 1.5
    endloop
  endfacet
  facet normal 0 0 1
    outer loop
      vertex 11.6386 -2.10527 1.5
      vertex 11.3193 -1.05263 1.5
      vertex 11.4292 -2.15773 1.5
    endloop
  endfacet
  facet normal -0 0 1
    outer loop
      vertex 11.2146 -1.07886 1.5
      vertex 11.4292 -2.15773 1.5
      vertex 11.3193 -1.05263 1.5
    endloop
  endfacet
  facet normal 0 0 1
    outer loop
      vertex 11.4292 -2.15773 1.5
      vertex 11.2146 -1.07886 1.5
      vertex 11.2156 -2.18941 1.5
    endloop
  endfacet
  facet normal -0 0 1
    outer loop
      vertex 11.1078 -1.0947 1.5
      vertex 11.2156 -2.18941 1.5
      vertex 11.2146 -1.07886 1.5
    endloop
  endfacet
  facet normal -0 0 1
    outer loop
      vertex 11 -1.1 1.5
      vertex 11.2156 -2.18941 1.5
      vertex 11.1078 -1.0947 1.5
    endloop
  endfacet
  facet normal 0 0 1
    outer loop
      vertex 11 -1.1 1.5
      vertex 11 -2.2 1.5
      vertex 11.2156 -2.18941 1.5
    endloop
  endfacet
  facet normal -0 0 1
    outer loop
      vertex 7 -1.1 1.5
      vertex 11 -2.2 1.5
      vertex 11 -1.1 1.5
    endloop
  endfacet
  facet normal 0 0 1
    outer loop
      vertex 7 -1.1 1.5
      vertex 7 -2.2 1.5
      vertex 11 -2.2 1.5
    endloop
  endfacet
  facet normal 0 0 1
    outer loop
      vertex 6.89218 -1.0947 1.5
      vertex 7 -2.2 1.5
      vertex 7 -1.1 1.5
    endloop
  endfacet
  facet normal 0 0 1
    outer loop
      vertex 6.78436 -2.18941 1.5
      vertex 6.89218 -1.0947 1.5
      vertex 6.7854 -1.07886 1.5
    endloop
  endfacet
  facet normal 0 0 1
    outer loop
      vertex 6.89218 -1.0947 1.5
      vertex 6.78436 -2.18941 1.5
      vertex 7 -2.2 1.5
    endloop
  endfacet
  facet normal 0 0 1
    outer loop
      vertex 6.5708 -2.15773 1.5
      vertex 6.7854 -1.07886 1.5
      vertex 6.68069 -1.05263 1.5
    endloop
  endfacet
  facet normal 0 0 1
    outer loop
      vertex 6.36137 -2.10527 1.5
      vertex 6.68069 -1.05263 1.5
      vertex 6.57905 -1.01627 1.5
    endloop
  endfacet
  facet normal 0 0 1
    outer loop
      vertex 6.7854 -1.07886 1.5
      vertex 6.5708 -2.15773 1.5
      vertex 6.78436 -2.18941 1.5
    endloop
  endfacet
  facet normal 0 0 1
    outer loop
      vertex 6.1581 -2.03253 1.5
      vertex 6.57905 -1.01627 1.5
      vertex 6.48146 -0.970113 1.5
    endloop
  endfacet
  facet normal 0 0 1
    outer loop
      vertex 5.96293 -1.94023 1.5
      vertex 6.48146 -0.970113 1.5
      vertex 6.38887 -0.914616 1.5
    endloop
  endfacet
  facet normal 0 0 1
    outer loop
      vertex 6.68069 -1.05263 1.5
      vertex 6.36137 -2.10527 1.5
      vertex 6.5708 -2.15773 1.5
    endloop
  endfacet
  facet normal 0 0 1
    outer loop
      vertex 5.77775 -1.82923 1.5
      vertex 6.38887 -0.914616 1.5
      vertex 6.30217 -0.850311 1.5
    endloop
  endfacet
  facet normal 0 0 1
    outer loop
      vertex 5.60433 -1.70062 1.5
      vertex 6.30217 -0.850311 1.5
      vertex 6.22218 -0.777817 1.5
    endloop
  endfacet
  facet normal 0 0 1
    outer loop
      vertex 6.57905 -1.01627 1.5
      vertex 6.1581 -2.03253 1.5
      vertex 6.36137 -2.10527 1.5
    endloop
  endfacet
  facet normal 0 0 1
    outer loop
      vertex 5.44436 -1.55563 1.5
      vertex 6.22218 -0.777817 1.5
      vertex 6.14969 -0.697832 1.5
    endloop
  endfacet
  facet normal 0 0 1
    outer loop
      vertex 5.29938 -1.39567 1.5
      vertex 6.14969 -0.697832 1.5
      vertex 6.08538 -0.611127 1.5
    endloop
  endfacet
  facet normal 0 0 1
    outer loop
      vertex 5.17077 -1.22225 1.5
      vertex 6.08538 -0.611127 1.5
      vertex 6.02989 -0.518536 1.5
    endloop
  endfacet
  facet normal 0 0 1
    outer loop
      vertex 5.05977 -1.03707 1.5
      vertex 6.02989 -0.518536 1.5
      vertex 5.98373 -0.420951 1.5
    endloop
  endfacet
  facet normal 0 0 1
    outer loop
      vertex 6.48146 -0.970113 1.5
      vertex 5.96293 -1.94023 1.5
      vertex 6.1581 -2.03253 1.5
    endloop
  endfacet
  facet normal 0 0 1
    outer loop
      vertex 4.96746 -0.841903 1.5
      vertex 5.98373 -0.420951 1.5
      vertex 5.94736 -0.319313 1.5
    endloop
  endfacet
  facet normal 0 0 1
    outer loop
      vertex 4.89473 -0.638626 1.5
      vertex 5.94736 -0.319313 1.5
      vertex 5.92114 -0.214599 1.5
    endloop
  endfacet
  facet normal 0 0 1
    outer loop
      vertex 4.84227 -0.429198 1.5
      vertex 5.92114 -0.214599 1.5
      vertex 5.9053 -0.107819 1.5
    endloop
  endfacet
  facet normal 0 0 1
    outer loop
      vertex 4.81059 -0.215637 1.5
      vertex 5.9053 -0.107819 1.5
      vertex 5.9 0 1.5
    endloop
  endfacet
  facet normal 0 0 1
    outer loop
      vertex 6.02989 0.518536 1.5
      vertex 5.05977 1.03707 1.5
      vertex 5.98373 0.420951 1.5
    endloop
  endfacet
  facet normal 0 0 1
    outer loop
      vertex 6.38887 -0.914616 1.5
      vertex 5.77775 -1.82923 1.5
      vertex 5.96293 -1.94023 1.5
    endloop
  endfacet
  facet normal -0 0 1
    outer loop
      vertex 4.96746 0.841903 1.5
      vertex 5.98373 0.420951 1.5
      vertex 5.05977 1.03707 1.5
    endloop
  endfacet
  facet normal 0 0 1
    outer loop
      vertex 6.30217 -0.850311 1.5
      vertex 5.60433 -1.70062 1.5
      vertex 5.77775 -1.82923 1.5
    endloop
  endfacet
  facet normal 0 0 1
    outer loop
      vertex 5.98373 0.420951 1.5
      vertex 4.96746 0.841903 1.5
      vertex 5.94736 0.319313 1.5
    endloop
  endfacet
  facet normal 0 0 1
    outer loop
      vertex 6.22218 -0.777817 1.5
      vertex 5.44436 -1.55563 1.5
      vertex 5.60433 -1.70062 1.5
    endloop
  endfacet
  facet normal -0 0 1
    outer loop
      vertex 4.89473 0.638626 1.5
      vertex 5.94736 0.319313 1.5
      vertex 4.96746 0.841903 1.5
    endloop
  endfacet
  facet normal 0 0 1
    outer loop
      vertex 6.14969 -0.697832 1.5
      vertex 5.29938 -1.39567 1.5
      vertex 5.44436 -1.55563 1.5
    endloop
  endfacet
  facet normal 0 0 1
    outer loop
      vertex 5.94736 0.319313 1.5
      vertex 4.89473 0.638626 1.5
      vertex 5.92114 0.214599 1.5
    endloop
  endfacet
  facet normal 0 0 1
    outer loop
      vertex 6.08538 -0.611127 1.5
      vertex 5.17077 -1.22225 1.5
      vertex 5.29938 -1.39567 1.5
    endloop
  endfacet
  facet normal -0 0 1
    outer loop
      vertex 4.84227 0.429198 1.5
      vertex 5.92114 0.214599 1.5
      vertex 4.89473 0.638626 1.5
    endloop
  endfacet
  facet normal 0 0 1
    outer loop
      vertex 6.02989 -0.518536 1.5
      vertex 5.05977 -1.03707 1.5
      vertex 5.17077 -1.22225 1.5
    endloop
  endfacet
  facet normal 0 0 1
    outer loop
      vertex 5.92114 0.214599 1.5
      vertex 4.84227 0.429198 1.5
      vertex 5.9053 0.107819 1.5
    endloop
  endfacet
  facet normal 0 0 1
    outer loop
      vertex 5.98373 -0.420951 1.5
      vertex 4.96746 -0.841903 1.5
      vertex 5.05977 -1.03707 1.5
    endloop
  endfacet
  facet normal -0 0 1
    outer loop
      vertex 4.81059 0.215637 1.5
      vertex 5.9053 0.107819 1.5
      vertex 4.84227 0.429198 1.5
    endloop
  endfacet
  facet normal 0 0 1
    outer loop
      vertex 5.94736 -0.319313 1.5
      vertex 4.89473 -0.638626 1.5
      vertex 4.96746 -0.841903 1.5
    endloop
  endfacet
  facet normal 0 0 1
    outer loop
      vertex 5.9053 0.107819 1.5
      vertex 4.81059 0.215637 1.5
      vertex 5.9 0 1.5
    endloop
  endfacet
  facet normal 0 0 1
    outer loop
      vertex 5.92114 -0.214599 1.5
      vertex 4.84227 -0.429198 1.5
      vertex 4.89473 -0.638626 1.5
    endloop
  endfacet
  facet normal 0 0 1
    outer loop
      vertex 4.8 0 1.5
      vertex 5.9 0 1.5
      vertex 4.81059 0.215637 1.5
    endloop
  endfacet
  facet normal 0 0 1
    outer loop
      vertex 5.9053 -0.107819 1.5
      vertex 4.81059 -0.215637 1.5
      vertex 4.84227 -0.429198 1.5
    endloop
  endfacet
  facet normal 0 0 1
    outer loop
      vertex 5.9 0 1.5
      vertex 4.8 0 1.5
      vertex 4.81059 -0.215637 1.5
    endloop
  endfacet
  facet normal -0.14671 -0.98918 0
    outer loop
      vertex 11.2156 2.18941 1.5
      vertex 11.4292 2.15773 4
      vertex 11.2156 2.18941 4
    endloop
  endfacet
  facet normal -0.14671 -0.98918 -0
    outer loop
      vertex 11.4292 2.15773 4
      vertex 11.2156 2.18941 1.5
      vertex 11.4292 2.15773 1.5
    endloop
  endfacet
  facet normal -0.336882 -0.941547 0
    outer loop
      vertex 11.6386 2.10527 1.5
      vertex 11.8419 2.03253 4
      vertex 11.6386 2.10527 4
    endloop
  endfacet
  facet normal -0.336882 -0.941547 -0
    outer loop
      vertex 11.8419 2.03253 4
      vertex 11.6386 2.10527 1.5
      vertex 11.8419 2.03253 1.5
    endloop
  endfacet
  facet normal -0.671724 -0.740801 0
    outer loop
      vertex 12.3957 1.70062 1.5
      vertex 12.5556 1.55563 4
      vertex 12.3957 1.70062 4
    endloop
  endfacet
  facet normal -0.671724 -0.740801 -0
    outer loop
      vertex 12.5556 1.55563 4
      vertex 12.3957 1.70062 1.5
      vertex 12.5556 1.55563 1.5
    endloop
  endfacet
  facet normal -0.514087 -0.857738 0
    outer loop
      vertex 12.0371 1.94023 1.5
      vertex 12.2223 1.82923 4
      vertex 12.0371 1.94023 4
    endloop
  endfacet
  facet normal -0.514087 -0.857738 -0
    outer loop
      vertex 12.2223 1.82923 4
      vertex 12.0371 1.94023 1.5
      vertex 12.2223 1.82923 1.5
    endloop
  endfacet
  facet normal -0.803245 -0.595648 0
    outer loop
      vertex 12.8292 1.22225 1.5
      vertex 12.7006 1.39567 4
      vertex 12.7006 1.39567 1.5
    endloop
  endfacet
  facet normal -0.803245 -0.595648 0
    outer loop
      vertex 12.7006 1.39567 4
      vertex 12.8292 1.22225 1.5
      vertex 12.8292 1.22225 4
    endloop
  endfacet
  facet normal -0.904002 -0.427528 0
    outer loop
      vertex 13.0325 0.841903 1.5
      vertex 12.9402 1.03707 4
      vertex 12.9402 1.03707 1.5
    endloop
  endfacet
  facet normal -0.904002 -0.427528 0
    outer loop
      vertex 12.9402 1.03707 4
      vertex 13.0325 0.841903 1.5
      vertex 13.0325 0.841903 4
    endloop
  endfacet
  facet normal -0.970096 -0.242723 0
    outer loop
      vertex 13.1577 0.429198 1.5
      vertex 13.1053 0.638626 4
      vertex 13.1053 0.638626 1.5
    endloop
  endfacet
  facet normal -0.970096 -0.242723 0
    outer loop
      vertex 13.1053 0.638626 4
      vertex 13.1577 0.429198 1.5
      vertex 13.1577 0.429198 4
    endloop
  endfacet
  facet normal -0.998794 -0.0490974 0
    outer loop
      vertex 13.2 0 1.5
      vertex 13.1894 0.215637 4
      vertex 13.1894 0.215637 1.5
    endloop
  endfacet
  facet normal -0.998794 -0.0490974 0
    outer loop
      vertex 13.1894 0.215637 4
      vertex 13.2 0 1.5
      vertex 13.2 0 4
    endloop
  endfacet
  facet normal 0.242982 -0.970031 0
    outer loop
      vertex 6.36137 2.10527 1.5
      vertex 6.5708 2.15773 4
      vertex 6.36137 2.10527 4
    endloop
  endfacet
  facet normal 0.242982 -0.970031 0
    outer loop
      vertex 6.5708 2.15773 4
      vertex 6.36137 2.10527 1.5
      vertex 6.5708 2.15773 1.5
    endloop
  endfacet
  facet normal 0.0490505 -0.998796 0
    outer loop
      vertex 6.78436 2.18941 1.5
      vertex 7 2.2 4
      vertex 6.78436 2.18941 4
    endloop
  endfacet
  facet normal 0.0490505 -0.998796 0
    outer loop
      vertex 7 2.2 4
      vertex 6.78436 2.18941 1.5
      vertex 7 2.2 1.5
    endloop
  endfacet
  facet normal -0.0490596 -0.998796 0
    outer loop
      vertex 11 2.2 1.5
      vertex 11.2156 2.18941 4
      vertex 11 2.2 4
    endloop
  endfacet
  facet normal -0.0490596 -0.998796 -0
    outer loop
      vertex 11.2156 2.18941 4
      vertex 11 2.2 1.5
      vertex 11.2156 2.18941 1.5
    endloop
  endfacet
  facet normal 0.514128 -0.857714 0
    outer loop
      vertex 5.77775 1.82923 1.5
      vertex 5.96293 1.94023 4
      vertex 5.77775 1.82923 4
    endloop
  endfacet
  facet normal 0.514128 -0.857714 0
    outer loop
      vertex 5.96293 1.94023 4
      vertex 5.77775 1.82923 1.5
      vertex 5.96293 1.94023 1.5
    endloop
  endfacet
  facet normal 0.336926 -0.941531 0
    outer loop
      vertex 6.1581 2.03253 1.5
      vertex 6.36137 2.10527 4
      vertex 6.1581 2.03253 4
    endloop
  endfacet
  facet normal 0.336926 -0.941531 0
    outer loop
      vertex 6.36137 2.10527 4
      vertex 6.1581 2.03253 1.5
      vertex 6.36137 2.10527 1.5
    endloop
  endfacet
  facet normal 0.857714 -0.514128 0
    outer loop
      vertex 5.05977 1.03707 4
      vertex 5.17077 1.22225 1.5
      vertex 5.17077 1.22225 4
    endloop
  endfacet
  facet normal 0.857714 -0.514128 0
    outer loop
      vertex 5.17077 1.22225 1.5
      vertex 5.05977 1.03707 4
      vertex 5.05977 1.03707 1.5
    endloop
  endfacet
  facet normal 0.97003 -0.242985 0
    outer loop
      vertex 4.84227 0.429198 4
      vertex 4.89473 0.638626 1.5
      vertex 4.89473 0.638626 4
    endloop
  endfacet
  facet normal 0.97003 -0.242985 0
    outer loop
      vertex 4.89473 0.638626 1.5
      vertex 4.84227 0.429198 4
      vertex 4.84227 0.429198 1.5
    endloop
  endfacet
  facet normal -0.970096 0.242723 0
    outer loop
      vertex 13.1053 -0.638626 1.5
      vertex 13.1577 -0.429198 4
      vertex 13.1577 -0.429198 1.5
    endloop
  endfacet
  facet normal -0.970096 0.242723 0
    outer loop
      vertex 13.1577 -0.429198 4
      vertex 13.1053 -0.638626 1.5
      vertex 13.1053 -0.638626 4
    endloop
  endfacet
  facet normal -0.989162 0.146827 0
    outer loop
      vertex 13.1577 -0.429198 1.5
      vertex 13.1894 -0.215637 4
      vertex 13.1894 -0.215637 1.5
    endloop
  endfacet
  facet normal -0.989162 0.146827 0
    outer loop
      vertex 13.1894 -0.215637 4
      vertex 13.1577 -0.429198 1.5
      vertex 13.1577 -0.429198 4
    endloop
  endfacet
  facet normal -0.857714 0.514128 0
    outer loop
      vertex 12.8292 -1.22225 1.5
      vertex 12.9402 -1.03707 4
      vertex 12.9402 -1.03707 1.5
    endloop
  endfacet
  facet normal -0.857714 0.514128 0
    outer loop
      vertex 12.9402 -1.03707 4
      vertex 12.8292 -1.22225 1.5
      vertex 12.8292 -1.22225 4
    endloop
  endfacet
  facet normal -0.427469 0.90403 0
    outer loop
      vertex 12.0371 -1.94023 1.5
      vertex 11.8419 -2.03253 4
      vertex 12.0371 -1.94023 4
    endloop
  endfacet
  facet normal -0.427469 0.90403 0
    outer loop
      vertex 11.8419 -2.03253 4
      vertex 12.0371 -1.94023 1.5
      vertex 11.8419 -2.03253 1.5
    endloop
  endfacet
  facet normal -0.671724 0.740801 0
    outer loop
      vertex 12.5556 -1.55563 1.5
      vertex 12.3957 -1.70062 4
      vertex 12.5556 -1.55563 4
    endloop
  endfacet
  facet normal -0.671724 0.740801 0
    outer loop
      vertex 12.3957 -1.70062 4
      vertex 12.5556 -1.55563 1.5
      vertex 12.3957 -1.70062 1.5
    endloop
  endfacet
  facet normal -0.243015 -0.970022 0
    outer loop
      vertex 11.4292 2.15773 1.5
      vertex 11.6386 2.10527 4
      vertex 11.4292 2.15773 4
    endloop
  endfacet
  facet normal -0.243015 -0.970022 -0
    outer loop
      vertex 11.6386 2.10527 4
      vertex 11.4292 2.15773 1.5
      vertex 11.6386 2.10527 1.5
    endloop
  endfacet
  facet normal -0.427469 -0.90403 0
    outer loop
      vertex 11.8419 2.03253 1.5
      vertex 12.0371 1.94023 4
      vertex 11.8419 2.03253 4
    endloop
  endfacet
  facet normal -0.427469 -0.90403 -0
    outer loop
      vertex 12.0371 1.94023 4
      vertex 11.8419 2.03253 1.5
      vertex 12.0371 1.94023 1.5
    endloop
  endfacet
  facet normal -0.740903 -0.671612 0
    outer loop
      vertex 12.7006 1.39567 1.5
      vertex 12.5556 1.55563 4
      vertex 12.5556 1.55563 1.5
    endloop
  endfacet
  facet normal -0.740903 -0.671612 0
    outer loop
      vertex 12.5556 1.55563 4
      vertex 12.7006 1.39567 1.5
      vertex 12.7006 1.39567 4
    endloop
  endfacet
  facet normal -0.595723 -0.80319 0
    outer loop
      vertex 12.2223 1.82923 1.5
      vertex 12.3957 1.70062 4
      vertex 12.2223 1.82923 4
    endloop
  endfacet
  facet normal -0.595723 -0.80319 -0
    outer loop
      vertex 12.3957 1.70062 4
      vertex 12.2223 1.82923 1.5
      vertex 12.3957 1.70062 1.5
    endloop
  endfacet
  facet normal -0.857714 -0.514128 0
    outer loop
      vertex 12.9402 1.03707 1.5
      vertex 12.8292 1.22225 4
      vertex 12.8292 1.22225 1.5
    endloop
  endfacet
  facet normal -0.857714 -0.514128 0
    outer loop
      vertex 12.8292 1.22225 4
      vertex 12.9402 1.03707 1.5
      vertex 12.9402 1.03707 4
    endloop
  endfacet
  facet normal -0.941447 -0.337162 0
    outer loop
      vertex 13.1053 0.638626 1.5
      vertex 13.0325 0.841903 4
      vertex 13.0325 0.841903 1.5
    endloop
  endfacet
  facet normal -0.941447 -0.337162 0
    outer loop
      vertex 13.0325 0.841903 4
      vertex 13.1053 0.638626 1.5
      vertex 13.1053 0.638626 4
    endloop
  endfacet
  facet normal -0.989162 -0.146827 0
    outer loop
      vertex 13.1894 0.215637 1.5
      vertex 13.1577 0.429198 4
      vertex 13.1577 0.429198 1.5
    endloop
  endfacet
  facet normal -0.989162 -0.146827 0
    outer loop
      vertex 13.1577 0.429198 4
      vertex 13.1894 0.215637 1.5
      vertex 13.1894 0.215637 4
    endloop
  endfacet
  facet normal 0.146737 -0.989176 0
    outer loop
      vertex 6.5708 2.15773 1.5
      vertex 6.78436 2.18941 4
      vertex 6.5708 2.15773 4
    endloop
  endfacet
  facet normal 0.146737 -0.989176 0
    outer loop
      vertex 6.78436 2.18941 4
      vertex 6.5708 2.15773 1.5
      vertex 6.78436 2.18941 1.5
    endloop
  endfacet
  facet normal 0.595678 -0.803223 0
    outer loop
      vertex 5.60433 1.70062 1.5
      vertex 5.77775 1.82923 4
      vertex 5.60433 1.70062 4
    endloop
  endfacet
  facet normal 0.595678 -0.803223 0
    outer loop
      vertex 5.77775 1.82923 4
      vertex 5.60433 1.70062 1.5
      vertex 5.77775 1.82923 1.5
    endloop
  endfacet
  facet normal 0.740949 -0.671561 0
    outer loop
      vertex 5.29938 1.39567 4
      vertex 5.44436 1.55563 1.5
      vertex 5.44436 1.55563 4
    endloop
  endfacet
  facet normal 0.740949 -0.671561 0
    outer loop
      vertex 5.44436 1.55563 1.5
      vertex 5.29938 1.39567 4
      vertex 5.29938 1.39567 1.5
    endloop
  endfacet
  facet normal 0.671563 -0.740947 0
    outer loop
      vertex 5.44436 1.55563 1.5
      vertex 5.60433 1.70062 4
      vertex 5.44436 1.55563 4
    endloop
  endfacet
  facet normal 0.671563 -0.740947 0
    outer loop
      vertex 5.60433 1.70062 4
      vertex 5.44436 1.55563 1.5
      vertex 5.60433 1.70062 1.5
    endloop
  endfacet
  facet normal 0.427523 -0.904005 0
    outer loop
      vertex 5.96293 1.94023 1.5
      vertex 6.1581 2.03253 4
      vertex 5.96293 1.94023 4
    endloop
  endfacet
  facet normal 0.427523 -0.904005 0
    outer loop
      vertex 6.1581 2.03253 4
      vertex 5.96293 1.94023 1.5
      vertex 6.1581 2.03253 1.5
    endloop
  endfacet
  facet normal 0.803223 -0.595678 0
    outer loop
      vertex 5.17077 1.22225 4
      vertex 5.29938 1.39567 1.5
      vertex 5.29938 1.39567 4
    endloop
  endfacet
  facet normal 0.803223 -0.595678 0
    outer loop
      vertex 5.29938 1.39567 1.5
      vertex 5.17077 1.22225 4
      vertex 5.17077 1.22225 1.5
    endloop
  endfacet
  facet normal 0.903984 -0.427566 0
    outer loop
      vertex 4.96746 0.841903 4
      vertex 5.05977 1.03707 1.5
      vertex 5.05977 1.03707 4
    endloop
  endfacet
  facet normal 0.903984 -0.427566 0
    outer loop
      vertex 5.05977 1.03707 1.5
      vertex 4.96746 0.841903 4
      vertex 4.96746 0.841903 1.5
    endloop
  endfacet
  facet normal -0.146737 -0.989176 0
    outer loop
      vertex 0.107819 -5.9053 0
      vertex 0.214599 -5.92114 1.5
      vertex 0.107819 -5.9053 1.5
    endloop
  endfacet
  facet normal -0.146737 -0.989176 -0
    outer loop
      vertex 0.214599 -5.92114 1.5
      vertex 0.107819 -5.9053 0
      vertex 0.214599 -5.92114 0
    endloop
  endfacet
  facet normal -0.0490972 -0.998794 0
    outer loop
      vertex 0 -5.9 0
      vertex 0.107819 -5.9053 1.5
      vertex 0 -5.9 1.5
    endloop
  endfacet
  facet normal -0.0490972 -0.998794 -0
    outer loop
      vertex 0.107819 -5.9053 1.5
      vertex 0 -5.9 0
      vertex 0.107819 -5.9053 0
    endloop
  endfacet
  facet normal -0.970028 -0.242993 0
    outer loop
      vertex 1.07886 -6.7854 0
      vertex 1.05263 -6.68069 1.5
      vertex 1.05263 -6.68069 0
    endloop
  endfacet
  facet normal -0.970028 -0.242993 0
    outer loop
      vertex 1.05263 -6.68069 1.5
      vertex 1.07886 -6.7854 0
      vertex 1.07886 -6.7854 1.5
    endloop
  endfacet
  facet normal 0.98918 0.14671 0
    outer loop
      vertex -1.07886 -11.2146 1.5
      vertex -1.0947 -11.1078 0
      vertex -1.0947 -11.1078 1.5
    endloop
  endfacet
  facet normal 0.98918 0.14671 0
    outer loop
      vertex -1.0947 -11.1078 0
      vertex -1.07886 -11.2146 1.5
      vertex -1.07886 -11.2146 0
    endloop
  endfacet
  facet normal -0.98918 0.14671 0
    outer loop
      vertex 1.07886 -11.2146 0
      vertex 1.0947 -11.1078 1.5
      vertex 1.0947 -11.1078 0
    endloop
  endfacet
  facet normal -0.98918 0.14671 0
    outer loop
      vertex 1.0947 -11.1078 1.5
      vertex 1.07886 -11.2146 0
      vertex 1.07886 -11.2146 1.5
    endloop
  endfacet
  facet normal 0.857726 -0.514107 0
    outer loop
      vertex -0.970113 -6.48146 1.5
      vertex -0.914616 -6.38887 0
      vertex -0.914616 -6.38887 1.5
    endloop
  endfacet
  facet normal 0.857726 -0.514107 0
    outer loop
      vertex -0.914616 -6.38887 0
      vertex -0.970113 -6.48146 1.5
      vertex -0.970113 -6.48146 0
    endloop
  endfacet
  facet normal 1 -0 0
    outer loop
      vertex -1.1 -11 1.5
      vertex -1.1 -7 0
      vertex -1.1 -7 1.5
    endloop
  endfacet
  facet normal 1 0 0
    outer loop
      vertex -1.1 -7 0
      vertex -1.1 -11 1.5
      vertex -1.1 -11 0
    endloop
  endfacet
  facet normal 0.427598 -0.903969 0
    outer loop
      vertex -0.518536 -6.02989 0
      vertex -0.420951 -5.98373 1.5
      vertex -0.518536 -6.02989 1.5
    endloop
  endfacet
  facet normal 0.427598 -0.903969 0
    outer loop
      vertex -0.420951 -5.98373 1.5
      vertex -0.518536 -6.02989 0
      vertex -0.420951 -5.98373 0
    endloop
  endfacet
  facet normal -0.0490972 0.998794 0
    outer loop
      vertex 0.107819 -12.0947 0
      vertex 0 -12.1 1.5
      vertex 0.107819 -12.0947 1.5
    endloop
  endfacet
  facet normal -0.0490972 0.998794 0
    outer loop
      vertex 0 -12.1 1.5
      vertex 0.107819 -12.0947 0
      vertex 0 -12.1 0
    endloop
  endfacet
  facet normal 0.146737 -0.989176 0
    outer loop
      vertex -0.214599 -5.92114 0
      vertex -0.107819 -5.9053 1.5
      vertex -0.214599 -5.92114 1.5
    endloop
  endfacet
  facet normal 0.146737 -0.989176 0
    outer loop
      vertex -0.107819 -5.9053 1.5
      vertex -0.214599 -5.92114 0
      vertex -0.107819 -5.9053 0
    endloop
  endfacet
  facet normal 0.998794 0.0491058 0
    outer loop
      vertex -1.0947 -11.1078 1.5
      vertex -1.1 -11 0
      vertex -1.1 -11 1.5
    endloop
  endfacet
  facet normal 0.998794 0.0491058 0
    outer loop
      vertex -1.1 -11 0
      vertex -1.0947 -11.1078 1.5
      vertex -1.0947 -11.1078 0
    endloop
  endfacet
  facet normal 0.941566 -0.336829 0
    outer loop
      vertex -1.05263 -6.68069 1.5
      vertex -1.01627 -6.57905 0
      vertex -1.01627 -6.57905 1.5
    endloop
  endfacet
  facet normal 0.941566 -0.336829 0
    outer loop
      vertex -1.01627 -6.57905 0
      vertex -1.05263 -6.68069 1.5
      vertex -1.05263 -6.68069 0
    endloop
  endfacet
  facet normal 0.671538 -0.74097 0
    outer loop
      vertex -0.777817 -6.22218 0
      vertex -0.697832 -6.14969 1.5
      vertex -0.777817 -6.22218 1.5
    endloop
  endfacet
  facet normal 0.671538 -0.74097 0
    outer loop
      vertex -0.697832 -6.14969 1.5
      vertex -0.777817 -6.22218 0
      vertex -0.697832 -6.14969 0
    endloop
  endfacet
  facet normal -0.595671 0.803229 0
    outer loop
      vertex 0.697832 -11.8503 0
      vertex 0.611127 -11.9146 1.5
      vertex 0.697832 -11.8503 1.5
    endloop
  endfacet
  facet normal -0.595671 0.803229 0
    outer loop
      vertex 0.611127 -11.9146 1.5
      vertex 0.697832 -11.8503 0
      vertex 0.611127 -11.9146 0
    endloop
  endfacet
  facet normal -1 0 0
    outer loop
      vertex 1.1 -11 0
      vertex 1.1 -7 1.5
      vertex 1.1 -7 0
    endloop
  endfacet
  facet normal -1 -0 0
    outer loop
      vertex 1.1 -7 1.5
      vertex 1.1 -11 0
      vertex 1.1 -11 1.5
    endloop
  endfacet
  facet normal -0.989176 -0.146737 0
    outer loop
      vertex 1.0947 -6.89218 0
      vertex 1.07886 -6.7854 1.5
      vertex 1.07886 -6.7854 0
    endloop
  endfacet
  facet normal -0.989176 -0.146737 0
    outer loop
      vertex 1.07886 -6.7854 1.5
      vertex 1.0947 -6.89218 0
      vertex 1.0947 -6.89218 1.5
    endloop
  endfacet
  facet normal 0.0490972 -0.998794 0
    outer loop
      vertex -0.107819 -5.9053 0
      vertex 0 -5.9 1.5
      vertex -0.107819 -5.9053 1.5
    endloop
  endfacet
  facet normal 0.0490972 -0.998794 0
    outer loop
      vertex 0 -5.9 1.5
      vertex -0.107819 -5.9053 0
      vertex 0 -5.9 0
    endloop
  endfacet
  facet normal 0.427901 0.903826 -0
    outer loop
      vertex -0.420951 -12.0163 0
      vertex -0.518536 -11.9701 1.5
      vertex -0.420951 -12.0163 1.5
    endloop
  endfacet
  facet normal 0.427901 0.903826 0
    outer loop
      vertex -0.518536 -11.9701 1.5
      vertex -0.420951 -12.0163 0
      vertex -0.518536 -11.9701 0
    endloop
  endfacet
  facet normal 0.970022 0.243015 0
    outer loop
      vertex -1.05263 -11.3193 1.5
      vertex -1.07886 -11.2146 0
      vertex -1.07886 -11.2146 1.5
    endloop
  endfacet
  facet normal 0.970022 0.243015 0
    outer loop
      vertex -1.07886 -11.2146 0
      vertex -1.05263 -11.3193 1.5
      vertex -1.05263 -11.3193 0
    endloop
  endfacet
  facet normal 0.595671 0.803229 -0
    outer loop
      vertex -0.611127 -11.9146 0
      vertex -0.697832 -11.8503 1.5
      vertex -0.611127 -11.9146 1.5
    endloop
  endfacet
  facet normal 0.595671 0.803229 0
    outer loop
      vertex -0.697832 -11.8503 1.5
      vertex -0.611127 -11.9146 0
      vertex -0.697832 -11.8503 0
    endloop
  endfacet
  facet normal 0.998794 -0.0490967 0
    outer loop
      vertex -1.1 -7 1.5
      vertex -1.0947 -6.89218 0
      vertex -1.0947 -6.89218 1.5
    endloop
  endfacet
  facet normal 0.998794 -0.0490967 0
    outer loop
      vertex -1.0947 -6.89218 0
      vertex -1.1 -7 1.5
      vertex -1.1 -7 0
    endloop
  endfacet
  facet normal 0.336917 -0.941534 0
    outer loop
      vertex -0.420951 -5.98373 0
      vertex -0.319313 -5.94736 1.5
      vertex -0.420951 -5.98373 1.5
    endloop
  endfacet
  facet normal 0.336917 -0.941534 0
    outer loop
      vertex -0.319313 -5.94736 1.5
      vertex -0.420951 -5.98373 0
      vertex -0.319313 -5.94736 0
    endloop
  endfacet
  facet normal 0.242897 -0.970052 0
    outer loop
      vertex -0.319313 -5.94736 0
      vertex -0.214599 -5.92114 1.5
      vertex -0.319313 -5.94736 1.5
    endloop
  endfacet
  facet normal 0.242897 -0.970052 0
    outer loop
      vertex -0.214599 -5.92114 1.5
      vertex -0.319313 -5.94736 0
      vertex -0.214599 -5.92114 0
    endloop
  endfacet
  facet normal 0.989176 -0.146737 0
    outer loop
      vertex -1.0947 -6.89218 1.5
      vertex -1.07886 -6.7854 0
      vertex -1.07886 -6.7854 1.5
    endloop
  endfacet
  facet normal 0.989176 -0.146737 0
    outer loop
      vertex -1.07886 -6.7854 0
      vertex -1.0947 -6.89218 1.5
      vertex -1.0947 -6.89218 0
    endloop
  endfacet
  facet normal 0.970028 -0.242993 0
    outer loop
      vertex -1.07886 -6.7854 1.5
      vertex -1.05263 -6.68069 0
      vertex -1.05263 -6.68069 1.5
    endloop
  endfacet
  facet normal 0.970028 -0.242993 0
    outer loop
      vertex -1.05263 -6.68069 0
      vertex -1.07886 -6.7854 1.5
      vertex -1.07886 -6.7854 0
    endloop
  endfacet
  facet normal 0.740973 -0.671535 0
    outer loop
      vertex -0.850311 -6.30217 1.5
      vertex -0.777817 -6.22218 0
      vertex -0.777817 -6.22218 1.5
    endloop
  endfacet
  facet normal 0.740973 -0.671535 0
    outer loop
      vertex -0.777817 -6.22218 0
      vertex -0.850311 -6.30217 1.5
      vertex -0.850311 -6.30217 0
    endloop
  endfacet
  facet normal 0.80319 -0.595723 0
    outer loop
      vertex -0.914616 -6.38887 1.5
      vertex -0.850311 -6.30217 0
      vertex -0.850311 -6.30217 1.5
    endloop
  endfacet
  facet normal 0.80319 -0.595723 0
    outer loop
      vertex -0.850311 -6.30217 0
      vertex -0.914616 -6.38887 1.5
      vertex -0.914616 -6.38887 0
    endloop
  endfacet
  facet normal 0.903988 -0.427558 0
    outer loop
      vertex -1.01627 -6.57905 1.5
      vertex -0.970113 -6.48146 0
      vertex -0.970113 -6.48146 1.5
    endloop
  endfacet
  facet normal 0.903988 -0.427558 0
    outer loop
      vertex -0.970113 -6.48146 0
      vertex -1.01627 -6.57905 1.5
      vertex -1.01627 -6.57905 0
    endloop
  endfacet
  facet normal 0.514056 -0.857757 0
    outer loop
      vertex -0.611127 -6.08538 0
      vertex -0.518536 -6.02989 1.5
      vertex -0.611127 -6.08538 1.5
    endloop
  endfacet
  facet normal 0.514056 -0.857757 0
    outer loop
      vertex -0.518536 -6.02989 1.5
      vertex -0.611127 -6.08538 0
      vertex -0.518536 -6.02989 0
    endloop
  endfacet
  facet normal 0.59573 -0.803185 0
    outer loop
      vertex -0.697832 -6.14969 0
      vertex -0.611127 -6.08538 1.5
      vertex -0.697832 -6.14969 1.5
    endloop
  endfacet
  facet normal 0.59573 -0.803185 0
    outer loop
      vertex -0.611127 -6.08538 1.5
      vertex -0.697832 -6.14969 0
      vertex -0.611127 -6.08538 0
    endloop
  endfacet
  facet normal 0.0490972 0.998794 -0
    outer loop
      vertex 0 -12.1 0
      vertex -0.107819 -12.0947 1.5
      vertex 0 -12.1 1.5
    endloop
  endfacet
  facet normal 0.0490972 0.998794 0
    outer loop
      vertex -0.107819 -12.0947 1.5
      vertex 0 -12.1 0
      vertex -0.107819 -12.0947 0
    endloop
  endfacet
  facet normal -0.941629 0.336653 0
    outer loop
      vertex 1.01627 -11.421 0
      vertex 1.05263 -11.3193 1.5
      vertex 1.05263 -11.3193 0
    endloop
  endfacet
  facet normal -0.941629 0.336653 0
    outer loop
      vertex 1.05263 -11.3193 1.5
      vertex 1.01627 -11.421 0
      vertex 1.01627 -11.421 1.5
    endloop
  endfacet
  facet normal -0.741015 0.671489 0
    outer loop
      vertex 0.777817 -11.7778 0
      vertex 0.850311 -11.6978 1.5
      vertex 0.850311 -11.6978 0
    endloop
  endfacet
  facet normal -0.741015 0.671489 0
    outer loop
      vertex 0.850311 -11.6978 1.5
      vertex 0.777817 -11.7778 0
      vertex 0.777817 -11.7778 1.5
    endloop
  endfacet
  facet normal -0.85775 0.514067 0
    outer loop
      vertex 0.914616 -11.6111 0
      vertex 0.970113 -11.5185 1.5
      vertex 0.970113 -11.5185 0
    endloop
  endfacet
  facet normal -0.85775 0.514067 0
    outer loop
      vertex 0.970113 -11.5185 1.5
      vertex 0.914616 -11.6111 0
      vertex 0.914616 -11.6111 1.5
    endloop
  endfacet
  facet normal -0.243595 0.969877 0
    outer loop
      vertex 0.319313 -12.0526 0
      vertex 0.214599 -12.0789 1.5
      vertex 0.319313 -12.0526 1.5
    endloop
  endfacet
  facet normal -0.243595 0.969877 0
    outer loop
      vertex 0.214599 -12.0789 1.5
      vertex 0.319313 -12.0526 0
      vertex 0.214599 -12.0789 0
    endloop
  endfacet
  facet normal -0.427901 0.903826 0
    outer loop
      vertex 0.518536 -11.9701 0
      vertex 0.420951 -12.0163 1.5
      vertex 0.518536 -11.9701 1.5
    endloop
  endfacet
  facet normal -0.427901 0.903826 0
    outer loop
      vertex 0.420951 -12.0163 1.5
      vertex 0.518536 -11.9701 0
      vertex 0.420951 -12.0163 0
    endloop
  endfacet
  facet normal -0.80319 -0.595723 0
    outer loop
      vertex 0.914616 -6.38887 0
      vertex 0.850311 -6.30217 1.5
      vertex 0.850311 -6.30217 0
    endloop
  endfacet
  facet normal -0.80319 -0.595723 0
    outer loop
      vertex 0.850311 -6.30217 1.5
      vertex 0.914616 -6.38887 0
      vertex 0.914616 -6.38887 1.5
    endloop
  endfacet
  facet normal -0.740973 -0.671535 0
    outer loop
      vertex 0.850311 -6.30217 0
      vertex 0.777817 -6.22218 1.5
      vertex 0.777817 -6.22218 0
    endloop
  endfacet
  facet normal -0.740973 -0.671535 0
    outer loop
      vertex 0.777817 -6.22218 1.5
      vertex 0.850311 -6.30217 0
      vertex 0.850311 -6.30217 1.5
    endloop
  endfacet
  facet normal -0.242897 -0.970052 0
    outer loop
      vertex 0.214599 -5.92114 0
      vertex 0.319313 -5.94736 1.5
      vertex 0.214599 -5.92114 1.5
    endloop
  endfacet
  facet normal -0.242897 -0.970052 -0
    outer loop
      vertex 0.319313 -5.94736 1.5
      vertex 0.214599 -5.92114 0
      vertex 0.319313 -5.94736 0
    endloop
  endfacet
  facet normal -0.998794 -0.0490967 0
    outer loop
      vertex 1.1 -7 0
      vertex 1.0947 -6.89218 1.5
      vertex 1.0947 -6.89218 0
    endloop
  endfacet
  facet normal -0.998794 -0.0490967 0
    outer loop
      vertex 1.0947 -6.89218 1.5
      vertex 1.1 -7 0
      vertex 1.1 -7 1.5
    endloop
  endfacet
  facet normal -0.998794 0.0491058 0
    outer loop
      vertex 1.0947 -11.1078 0
      vertex 1.1 -11 1.5
      vertex 1.1 -11 0
    endloop
  endfacet
  facet normal -0.998794 0.0491058 0
    outer loop
      vertex 1.1 -11 1.5
      vertex 1.0947 -11.1078 0
      vertex 1.0947 -11.1078 1.5
    endloop
  endfacet
  facet normal 0.146374 0.989229 -0
    outer loop
      vertex -0.107819 -12.0947 0
      vertex -0.214599 -12.0789 1.5
      vertex -0.107819 -12.0947 1.5
    endloop
  endfacet
  facet normal 0.146374 0.989229 0
    outer loop
      vertex -0.214599 -12.0789 1.5
      vertex -0.107819 -12.0947 0
      vertex -0.214599 -12.0789 0
    endloop
  endfacet
  facet normal 0.80319 0.595723 0
    outer loop
      vertex -0.850311 -11.6978 1.5
      vertex -0.914616 -11.6111 0
      vertex -0.914616 -11.6111 1.5
    endloop
  endfacet
  facet normal 0.80319 0.595723 0
    outer loop
      vertex -0.914616 -11.6111 0
      vertex -0.850311 -11.6978 1.5
      vertex -0.850311 -11.6978 0
    endloop
  endfacet
  facet normal 0.941629 0.336653 0
    outer loop
      vertex -1.01627 -11.421 1.5
      vertex -1.05263 -11.3193 0
      vertex -1.05263 -11.3193 1.5
    endloop
  endfacet
  facet normal 0.941629 0.336653 0
    outer loop
      vertex -1.05263 -11.3193 0
      vertex -1.01627 -11.421 1.5
      vertex -1.01627 -11.421 0
    endloop
  endfacet
  facet normal 0.903835 0.42788 0
    outer loop
      vertex -0.970113 -11.5185 1.5
      vertex -1.01627 -11.421 0
      vertex -1.01627 -11.421 1.5
    endloop
  endfacet
  facet normal 0.903835 0.42788 0
    outer loop
      vertex -1.01627 -11.421 0
      vertex -0.970113 -11.5185 1.5
      vertex -0.970113 -11.5185 0
    endloop
  endfacet
  facet normal 0.243595 0.969877 -0
    outer loop
      vertex -0.214599 -12.0789 0
      vertex -0.319313 -12.0526 1.5
      vertex -0.214599 -12.0789 1.5
    endloop
  endfacet
  facet normal 0.243595 0.969877 0
    outer loop
      vertex -0.319313 -12.0526 1.5
      vertex -0.214599 -12.0789 0
      vertex -0.319313 -12.0526 0
    endloop
  endfacet
  facet normal 0.336342 0.94174 -0
    outer loop
      vertex -0.319313 -12.0526 0
      vertex -0.420951 -12.0163 1.5
      vertex -0.319313 -12.0526 1.5
    endloop
  endfacet
  facet normal 0.336342 0.94174 0
    outer loop
      vertex -0.420951 -12.0163 1.5
      vertex -0.319313 -12.0526 0
      vertex -0.420951 -12.0163 0
    endloop
  endfacet
  facet normal 0.514124 0.857716 -0
    outer loop
      vertex -0.518536 -11.9701 0
      vertex -0.611127 -11.9146 1.5
      vertex -0.518536 -11.9701 1.5
    endloop
  endfacet
  facet normal 0.514124 0.857716 0
    outer loop
      vertex -0.611127 -11.9146 1.5
      vertex -0.518536 -11.9701 0
      vertex -0.611127 -11.9146 0
    endloop
  endfacet
  facet normal -0.970022 0.243015 0
    outer loop
      vertex 1.05263 -11.3193 0
      vertex 1.07886 -11.2146 1.5
      vertex 1.07886 -11.2146 0
    endloop
  endfacet
  facet normal -0.970022 0.243015 0
    outer loop
      vertex 1.07886 -11.2146 1.5
      vertex 1.05263 -11.3193 0
      vertex 1.05263 -11.3193 1.5
    endloop
  endfacet
  facet normal -0.903835 0.42788 0
    outer loop
      vertex 0.970113 -11.5185 0
      vertex 1.01627 -11.421 1.5
      vertex 1.01627 -11.421 0
    endloop
  endfacet
  facet normal -0.903835 0.42788 0
    outer loop
      vertex 1.01627 -11.421 1.5
      vertex 0.970113 -11.5185 0
      vertex 0.970113 -11.5185 1.5
    endloop
  endfacet
  facet normal -0.671589 0.740924 0
    outer loop
      vertex 0.777817 -11.7778 0
      vertex 0.697832 -11.8503 1.5
      vertex 0.777817 -11.7778 1.5
    endloop
  endfacet
  facet normal -0.671589 0.740924 0
    outer loop
      vertex 0.697832 -11.8503 1.5
      vertex 0.777817 -11.7778 0
      vertex 0.697832 -11.8503 0
    endloop
  endfacet
  facet normal -0.80319 0.595723 0
    outer loop
      vertex 0.850311 -11.6978 0
      vertex 0.914616 -11.6111 1.5
      vertex 0.914616 -11.6111 0
    endloop
  endfacet
  facet normal -0.80319 0.595723 0
    outer loop
      vertex 0.914616 -11.6111 1.5
      vertex 0.850311 -11.6978 0
      vertex 0.850311 -11.6978 1.5
    endloop
  endfacet
  facet normal -0.146374 0.989229 0
    outer loop
      vertex 0.214599 -12.0789 0
      vertex 0.107819 -12.0947 1.5
      vertex 0.214599 -12.0789 1.5
    endloop
  endfacet
  facet normal -0.146374 0.989229 0
    outer loop
      vertex 0.107819 -12.0947 1.5
      vertex 0.214599 -12.0789 0
      vertex 0.107819 -12.0947 0
    endloop
  endfacet
  facet normal -0.514124 0.857716 0
    outer loop
      vertex 0.611127 -11.9146 0
      vertex 0.518536 -11.9701 1.5
      vertex 0.611127 -11.9146 1.5
    endloop
  endfacet
  facet normal -0.514124 0.857716 0
    outer loop
      vertex 0.518536 -11.9701 1.5
      vertex 0.611127 -11.9146 0
      vertex 0.518536 -11.9701 0
    endloop
  endfacet
  facet normal -0.336342 0.94174 0
    outer loop
      vertex 0.420951 -12.0163 0
      vertex 0.319313 -12.0526 1.5
      vertex 0.420951 -12.0163 1.5
    endloop
  endfacet
  facet normal -0.336342 0.94174 0
    outer loop
      vertex 0.319313 -12.0526 1.5
      vertex 0.420951 -12.0163 0
      vertex 0.319313 -12.0526 0
    endloop
  endfacet
  facet normal -0.941566 -0.336829 0
    outer loop
      vertex 1.05263 -6.68069 0
      vertex 1.01627 -6.57905 1.5
      vertex 1.01627 -6.57905 0
    endloop
  endfacet
  facet normal -0.941566 -0.336829 0
    outer loop
      vertex 1.01627 -6.57905 1.5
      vertex 1.05263 -6.68069 0
      vertex 1.05263 -6.68069 1.5
    endloop
  endfacet
  facet normal -0.903988 -0.427558 0
    outer loop
      vertex 1.01627 -6.57905 0
      vertex 0.970113 -6.48146 1.5
      vertex 0.970113 -6.48146 0
    endloop
  endfacet
  facet normal -0.903988 -0.427558 0
    outer loop
      vertex 0.970113 -6.48146 1.5
      vertex 1.01627 -6.57905 0
      vertex 1.01627 -6.57905 1.5
    endloop
  endfacet
  facet normal -0.671538 -0.74097 0
    outer loop
      vertex 0.697832 -6.14969 0
      vertex 0.777817 -6.22218 1.5
      vertex 0.697832 -6.14969 1.5
    endloop
  endfacet
  facet normal -0.671538 -0.74097 -0
    outer loop
      vertex 0.777817 -6.22218 1.5
      vertex 0.697832 -6.14969 0
      vertex 0.777817 -6.22218 0
    endloop
  endfacet
  facet normal -0.514056 -0.857757 0
    outer loop
      vertex 0.518536 -6.02989 0
      vertex 0.611127 -6.08538 1.5
      vertex 0.518536 -6.02989 1.5
    endloop
  endfacet
  facet normal -0.514056 -0.857757 -0
    outer loop
      vertex 0.611127 -6.08538 1.5
      vertex 0.518536 -6.02989 0
      vertex 0.611127 -6.08538 0
    endloop
  endfacet
  facet normal -0.59573 -0.803185 0
    outer loop
      vertex 0.611127 -6.08538 0
      vertex 0.697832 -6.14969 1.5
      vertex 0.611127 -6.08538 1.5
    endloop
  endfacet
  facet normal -0.59573 -0.803185 -0
    outer loop
      vertex 0.697832 -6.14969 1.5
      vertex 0.611127 -6.08538 0
      vertex 0.697832 -6.14969 0
    endloop
  endfacet
  facet normal -0.336917 -0.941534 0
    outer loop
      vertex 0.319313 -5.94736 0
      vertex 0.420951 -5.98373 1.5
      vertex 0.319313 -5.94736 1.5
    endloop
  endfacet
  facet normal -0.336917 -0.941534 -0
    outer loop
      vertex 0.420951 -5.98373 1.5
      vertex 0.319313 -5.94736 0
      vertex 0.420951 -5.98373 0
    endloop
  endfacet
  facet normal -0.427598 -0.903969 0
    outer loop
      vertex 0.420951 -5.98373 0
      vertex 0.518536 -6.02989 1.5
      vertex 0.420951 -5.98373 1.5
    endloop
  endfacet
  facet normal -0.427598 -0.903969 -0
    outer loop
      vertex 0.518536 -6.02989 1.5
      vertex 0.420951 -5.98373 0
      vertex 0.518536 -6.02989 0
    endloop
  endfacet
  facet normal 0.85775 0.514067 0
    outer loop
      vertex -0.914616 -11.6111 1.5
      vertex -0.970113 -11.5185 0
      vertex -0.970113 -11.5185 1.5
    endloop
  endfacet
  facet normal 0.85775 0.514067 0
    outer loop
      vertex -0.970113 -11.5185 0
      vertex -0.914616 -11.6111 1.5
      vertex -0.914616 -11.6111 0
    endloop
  endfacet
  facet normal -0.857726 -0.514107 0
    outer loop
      vertex 0.970113 -6.48146 0
      vertex 0.914616 -6.38887 1.5
      vertex 0.914616 -6.38887 0
    endloop
  endfacet
  facet normal -0.857726 -0.514107 0
    outer loop
      vertex 0.914616 -6.38887 1.5
      vertex 0.970113 -6.48146 0
      vertex 0.970113 -6.48146 1.5
    endloop
  endfacet
  facet normal 0.741015 0.671489 0
    outer loop
      vertex -0.777817 -11.7778 1.5
      vertex -0.850311 -11.6978 0
      vertex -0.850311 -11.6978 1.5
    endloop
  endfacet
  facet normal 0.741015 0.671489 0
    outer loop
      vertex -0.850311 -11.6978 0
      vertex -0.777817 -11.7778 1.5
      vertex -0.777817 -11.7778 0
    endloop
  endfacet
  facet normal 0.671589 0.740924 -0
    outer loop
      vertex -0.697832 -11.8503 0
      vertex -0.777817 -11.7778 1.5
      vertex -0.697832 -11.8503 1.5
    endloop
  endfacet
  facet normal 0.671589 0.740924 0
    outer loop
      vertex -0.777817 -11.7778 1.5
      vertex -0.697832 -11.8503 0
      vertex -0.777817 -11.7778 0
    endloop
  endfacet
  facet normal -0.146736 -0.989176 0
    outer loop
      vertex 0.215637 -4.81059 1.5
      vertex 0.429198 -4.84227 4
      vertex 0.215637 -4.81059 4
    endloop
  endfacet
  facet normal -0.146736 -0.989176 -0
    outer loop
      vertex 0.429198 -4.84227 4
      vertex 0.215637 -4.81059 1.5
      vertex 0.429198 -4.84227 1.5
    endloop
  endfacet
  facet normal 0.0490512 -0.998796 0
    outer loop
      vertex -0.215637 -4.81059 1.5
      vertex 0 -4.8 4
      vertex -0.215637 -4.81059 4
    endloop
  endfacet
  facet normal 0.0490512 -0.998796 0
    outer loop
      vertex 0 -4.8 4
      vertex -0.215637 -4.81059 1.5
      vertex 0 -4.8 1.5
    endloop
  endfacet
  facet normal 0.0490974 0.998794 -0
    outer loop
      vertex 0 -13.2 1.5
      vertex -0.215637 -13.1894 4
      vertex 0 -13.2 4
    endloop
  endfacet
  facet normal 0.0490974 0.998794 0
    outer loop
      vertex -0.215637 -13.1894 4
      vertex 0 -13.2 1.5
      vertex -0.215637 -13.1894 1.5
    endloop
  endfacet
  facet normal -0.0490512 -0.998796 0
    outer loop
      vertex 0 -4.8 1.5
      vertex 0.215637 -4.81059 4
      vertex 0 -4.8 4
    endloop
  endfacet
  facet normal -0.0490512 -0.998796 -0
    outer loop
      vertex 0.215637 -4.81059 4
      vertex 0 -4.8 1.5
      vertex 0.215637 -4.81059 1.5
    endloop
  endfacet
  facet normal 1 -0 0
    outer loop
      vertex -2.2 -11 4
      vertex -2.2 -7 1.5
      vertex -2.2 -7 4
    endloop
  endfacet
  facet normal 1 0 0
    outer loop
      vertex -2.2 -7 1.5
      vertex -2.2 -11 4
      vertex -2.2 -11 1.5
    endloop
  endfacet
  facet normal 0.740947 -0.671563 0
    outer loop
      vertex -1.70062 -5.60433 4
      vertex -1.55563 -5.44436 1.5
      vertex -1.55563 -5.44436 4
    endloop
  endfacet
  facet normal 0.740947 -0.671563 0
    outer loop
      vertex -1.55563 -5.44436 1.5
      vertex -1.70062 -5.60433 4
      vertex -1.70062 -5.60433 1.5
    endloop
  endfacet
  facet normal 0.941547 0.336882 0
    outer loop
      vertex -2.03253 -11.8419 4
      vertex -2.10527 -11.6386 1.5
      vertex -2.10527 -11.6386 4
    endloop
  endfacet
  facet normal 0.941547 0.336882 0
    outer loop
      vertex -2.10527 -11.6386 1.5
      vertex -2.03253 -11.8419 4
      vertex -2.03253 -11.8419 1.5
    endloop
  endfacet
  facet normal 0.427566 -0.903984 0
    outer loop
      vertex -1.03707 -5.05977 1.5
      vertex -0.841903 -4.96746 4
      vertex -1.03707 -5.05977 4
    endloop
  endfacet
  facet normal 0.427566 -0.903984 0
    outer loop
      vertex -0.841903 -4.96746 4
      vertex -1.03707 -5.05977 1.5
      vertex -0.841903 -4.96746 1.5
    endloop
  endfacet
  facet normal 0.595648 0.803245 -0
    outer loop
      vertex -1.22225 -12.8292 1.5
      vertex -1.39567 -12.7006 4
      vertex -1.22225 -12.8292 4
    endloop
  endfacet
  facet normal 0.595648 0.803245 0
    outer loop
      vertex -1.39567 -12.7006 4
      vertex -1.22225 -12.8292 1.5
      vertex -1.39567 -12.7006 1.5
    endloop
  endfacet
  facet normal 0.998796 0.0490596 0
    outer loop
      vertex -2.18941 -11.2156 4
      vertex -2.2 -11 1.5
      vertex -2.2 -11 4
    endloop
  endfacet
  facet normal 0.998796 0.0490596 0
    outer loop
      vertex -2.2 -11 1.5
      vertex -2.18941 -11.2156 4
      vertex -2.18941 -11.2156 1.5
    endloop
  endfacet
  facet normal 0.98918 0.14671 0
    outer loop
      vertex -2.15773 -11.4292 4
      vertex -2.18941 -11.2156 1.5
      vertex -2.18941 -11.2156 4
    endloop
  endfacet
  facet normal 0.98918 0.14671 0
    outer loop
      vertex -2.18941 -11.2156 1.5
      vertex -2.15773 -11.4292 4
      vertex -2.15773 -11.4292 1.5
    endloop
  endfacet
  facet normal 0.941531 -0.336926 0
    outer loop
      vertex -2.10527 -6.36137 4
      vertex -2.03253 -6.1581 1.5
      vertex -2.03253 -6.1581 4
    endloop
  endfacet
  facet normal 0.941531 -0.336926 0
    outer loop
      vertex -2.03253 -6.1581 1.5
      vertex -2.10527 -6.36137 4
      vertex -2.10527 -6.36137 1.5
    endloop
  endfacet
  facet normal -1 0 0
    outer loop
      vertex 2.2 -11 1.5
      vertex 2.2 -7 4
      vertex 2.2 -7 1.5
    endloop
  endfacet
  facet normal -1 -0 0
    outer loop
      vertex 2.2 -7 4
      vertex 2.2 -11 1.5
      vertex 2.2 -11 4
    endloop
  endfacet
  facet normal -0.336875 -0.941549 0
    outer loop
      vertex 0.638626 -4.89473 1.5
      vertex 0.841903 -4.96746 4
      vertex 0.638626 -4.89473 4
    endloop
  endfacet
  facet normal -0.336875 -0.941549 -0
    outer loop
      vertex 0.841903 -4.96746 4
      vertex 0.638626 -4.89473 1.5
      vertex 0.841903 -4.96746 1.5
    endloop
  endfacet
  facet normal 0.242985 -0.97003 0
    outer loop
      vertex -0.638626 -4.89473 1.5
      vertex -0.429198 -4.84227 4
      vertex -0.638626 -4.89473 4
    endloop
  endfacet
  facet normal 0.242985 -0.97003 0
    outer loop
      vertex -0.429198 -4.84227 4
      vertex -0.638626 -4.89473 1.5
      vertex -0.429198 -4.84227 1.5
    endloop
  endfacet
  facet normal 0.337162 0.941447 -0
    outer loop
      vertex -0.638626 -13.1053 1.5
      vertex -0.841903 -13.0325 4
      vertex -0.638626 -13.1053 4
    endloop
  endfacet
  facet normal 0.337162 0.941447 0
    outer loop
      vertex -0.841903 -13.0325 4
      vertex -0.638626 -13.1053 1.5
      vertex -0.841903 -13.0325 1.5
    endloop
  endfacet
  facet normal 0.427528 0.904002 -0
    outer loop
      vertex -0.841903 -13.0325 1.5
      vertex -1.03707 -12.9402 4
      vertex -0.841903 -13.0325 4
    endloop
  endfacet
  facet normal 0.427528 0.904002 0
    outer loop
      vertex -1.03707 -12.9402 4
      vertex -0.841903 -13.0325 1.5
      vertex -1.03707 -12.9402 1.5
    endloop
  endfacet
  facet normal 0.80319 0.595723 0
    outer loop
      vertex -1.70062 -12.3957 4
      vertex -1.82923 -12.2223 1.5
      vertex -1.82923 -12.2223 4
    endloop
  endfacet
  facet normal 0.80319 0.595723 0
    outer loop
      vertex -1.82923 -12.2223 1.5
      vertex -1.70062 -12.3957 4
      vertex -1.70062 -12.3957 1.5
    endloop
  endfacet
  facet normal 0.857738 0.514087 0
    outer loop
      vertex -1.82923 -12.2223 4
      vertex -1.94023 -12.0371 1.5
      vertex -1.94023 -12.0371 4
    endloop
  endfacet
  facet normal 0.857738 0.514087 0
    outer loop
      vertex -1.94023 -12.0371 1.5
      vertex -1.82923 -12.2223 4
      vertex -1.82923 -12.2223 1.5
    endloop
  endfacet
  facet normal 0.671612 0.740903 -0
    outer loop
      vertex -1.39567 -12.7006 1.5
      vertex -1.55563 -12.5556 4
      vertex -1.39567 -12.7006 4
    endloop
  endfacet
  facet normal 0.671612 0.740903 0
    outer loop
      vertex -1.55563 -12.5556 4
      vertex -1.39567 -12.7006 1.5
      vertex -1.55563 -12.5556 1.5
    endloop
  endfacet
  facet normal 0.970022 0.243015 0
    outer loop
      vertex -2.10527 -11.6386 4
      vertex -2.15773 -11.4292 1.5
      vertex -2.15773 -11.4292 4
    endloop
  endfacet
  facet normal 0.970022 0.243015 0
    outer loop
      vertex -2.15773 -11.4292 1.5
      vertex -2.10527 -11.6386 4
      vertex -2.10527 -11.6386 1.5
    endloop
  endfacet
  facet normal 0.989176 -0.146737 0
    outer loop
      vertex -2.18941 -6.78436 4
      vertex -2.15773 -6.5708 1.5
      vertex -2.15773 -6.5708 4
    endloop
  endfacet
  facet normal 0.989176 -0.146737 0
    outer loop
      vertex -2.15773 -6.5708 1.5
      vertex -2.18941 -6.78436 4
      vertex -2.18941 -6.78436 1.5
    endloop
  endfacet
  facet normal 0.998796 -0.0490505 0
    outer loop
      vertex -2.2 -7 4
      vertex -2.18941 -6.78436 1.5
      vertex -2.18941 -6.78436 4
    endloop
  endfacet
  facet normal 0.998796 -0.0490505 0
    outer loop
      vertex -2.18941 -6.78436 1.5
      vertex -2.2 -7 4
      vertex -2.2 -7 1.5
    endloop
  endfacet
  facet normal 0.970031 -0.242982 0
    outer loop
      vertex -2.15773 -6.5708 4
      vertex -2.10527 -6.36137 1.5
      vertex -2.10527 -6.36137 4
    endloop
  endfacet
  facet normal 0.970031 -0.242982 0
    outer loop
      vertex -2.10527 -6.36137 1.5
      vertex -2.15773 -6.5708 4
      vertex -2.15773 -6.5708 1.5
    endloop
  endfacet
  facet normal 0.857714 -0.514128 0
    outer loop
      vertex -1.94023 -5.96293 4
      vertex -1.82923 -5.77775 1.5
      vertex -1.82923 -5.77775 4
    endloop
  endfacet
  facet normal 0.857714 -0.514128 0
    outer loop
      vertex -1.82923 -5.77775 1.5
      vertex -1.94023 -5.96293 4
      vertex -1.94023 -5.96293 1.5
    endloop
  endfacet
  facet normal 0.803223 -0.595678 0
    outer loop
      vertex -1.82923 -5.77775 4
      vertex -1.70062 -5.60433 1.5
      vertex -1.70062 -5.60433 4
    endloop
  endfacet
  facet normal 0.803223 -0.595678 0
    outer loop
      vertex -1.70062 -5.60433 1.5
      vertex -1.82923 -5.77775 4
      vertex -1.82923 -5.77775 1.5
    endloop
  endfacet
  facet normal 0.904005 -0.427523 0
    outer loop
      vertex -2.03253 -6.1581 4
      vertex -1.94023 -5.96293 1.5
      vertex -1.94023 -5.96293 4
    endloop
  endfacet
  facet normal 0.904005 -0.427523 0
    outer loop
      vertex -1.94023 -5.96293 1.5
      vertex -2.03253 -6.1581 4
      vertex -2.03253 -6.1581 1.5
    endloop
  endfacet
  facet normal 0.595678 -0.803223 0
    outer loop
      vertex -1.39567 -5.29938 1.5
      vertex -1.22225 -5.17077 4
      vertex -1.39567 -5.29938 4
    endloop
  endfacet
  facet normal 0.595678 -0.803223 0
    outer loop
      vertex -1.22225 -5.17077 4
      vertex -1.39567 -5.29938 1.5
      vertex -1.22225 -5.17077 1.5
    endloop
  endfacet
  facet normal 0.671561 -0.740949 0
    outer loop
      vertex -1.55563 -5.44436 1.5
      vertex -1.39567 -5.29938 4
      vertex -1.55563 -5.44436 4
    endloop
  endfacet
  facet normal 0.671561 -0.740949 0
    outer loop
      vertex -1.39567 -5.29938 4
      vertex -1.55563 -5.44436 1.5
      vertex -1.39567 -5.29938 1.5
    endloop
  endfacet
  facet normal 0.514128 -0.857714 0
    outer loop
      vertex -1.22225 -5.17077 1.5
      vertex -1.03707 -5.05977 4
      vertex -1.22225 -5.17077 4
    endloop
  endfacet
  facet normal 0.514128 -0.857714 0
    outer loop
      vertex -1.03707 -5.05977 4
      vertex -1.22225 -5.17077 1.5
      vertex -1.03707 -5.05977 1.5
    endloop
  endfacet
  facet normal 0.336875 -0.941549 0
    outer loop
      vertex -0.841903 -4.96746 1.5
      vertex -0.638626 -4.89473 4
      vertex -0.841903 -4.96746 4
    endloop
  endfacet
  facet normal 0.336875 -0.941549 0
    outer loop
      vertex -0.638626 -4.89473 4
      vertex -0.841903 -4.96746 1.5
      vertex -0.638626 -4.89473 1.5
    endloop
  endfacet
  facet normal 0.146736 -0.989176 0
    outer loop
      vertex -0.429198 -4.84227 1.5
      vertex -0.215637 -4.81059 4
      vertex -0.429198 -4.84227 4
    endloop
  endfacet
  facet normal 0.146736 -0.989176 0
    outer loop
      vertex -0.215637 -4.81059 4
      vertex -0.429198 -4.84227 1.5
      vertex -0.215637 -4.81059 1.5
    endloop
  endfacet
  facet normal 0 0 1
    outer loop
      vertex 1.1 -7 1.5
      vertex 2.2 -7 1.5
      vertex 2.18941 -6.78436 1.5
    endloop
  endfacet
  facet normal 0 0 1
    outer loop
      vertex 2.2 -7 1.5
      vertex 1.1 -7 1.5
      vertex 2.2 -11 1.5
    endloop
  endfacet
  facet normal 0 0 1
    outer loop
      vertex 1.0947 -6.89218 1.5
      vertex 2.18941 -6.78436 1.5
      vertex 2.15773 -6.5708 1.5
    endloop
  endfacet
  facet normal 0 0 1
    outer loop
      vertex 1.1 -11 1.5
      vertex 2.2 -11 1.5
      vertex 1.1 -7 1.5
    endloop
  endfacet
  facet normal 0 0 1
    outer loop
      vertex 1.07886 -6.7854 1.5
      vertex 2.15773 -6.5708 1.5
      vertex 2.10527 -6.36137 1.5
    endloop
  endfacet
  facet normal 0 0 1
    outer loop
      vertex 2.2 -11 1.5
      vertex 1.1 -11 1.5
      vertex 2.18941 -11.2156 1.5
    endloop
  endfacet
  facet normal 0 0 1
    outer loop
      vertex 1.05263 -6.68069 1.5
      vertex 2.10527 -6.36137 1.5
      vertex 2.03253 -6.1581 1.5
    endloop
  endfacet
  facet normal -0 0 1
    outer loop
      vertex 1.0947 -11.1078 1.5
      vertex 2.18941 -11.2156 1.5
      vertex 1.1 -11 1.5
    endloop
  endfacet
  facet normal 0 0 1
    outer loop
      vertex 1.01627 -6.57905 1.5
      vertex 2.03253 -6.1581 1.5
      vertex 1.94023 -5.96293 1.5
    endloop
  endfacet
  facet normal 0 0 1
    outer loop
      vertex 2.18941 -11.2156 1.5
      vertex 1.0947 -11.1078 1.5
      vertex 2.15773 -11.4292 1.5
    endloop
  endfacet
  facet normal 0 0 1
    outer loop
      vertex 0.970113 -6.48146 1.5
      vertex 1.94023 -5.96293 1.5
      vertex 1.82923 -5.77775 1.5
    endloop
  endfacet
  facet normal -0 0 1
    outer loop
      vertex 1.07886 -11.2146 1.5
      vertex 2.15773 -11.4292 1.5
      vertex 1.0947 -11.1078 1.5
    endloop
  endfacet
  facet normal 0 0 1
    outer loop
      vertex 0.914616 -6.38887 1.5
      vertex 1.82923 -5.77775 1.5
      vertex 1.70062 -5.60433 1.5
    endloop
  endfacet
  facet normal 0 0 1
    outer loop
      vertex 2.15773 -11.4292 1.5
      vertex 1.07886 -11.2146 1.5
      vertex 2.10527 -11.6386 1.5
    endloop
  endfacet
  facet normal 0 0 1
    outer loop
      vertex 0.850311 -6.30217 1.5
      vertex 1.70062 -5.60433 1.5
      vertex 1.55563 -5.44436 1.5
    endloop
  endfacet
  facet normal -0 0 1
    outer loop
      vertex 1.05263 -11.3193 1.5
      vertex 2.10527 -11.6386 1.5
      vertex 1.07886 -11.2146 1.5
    endloop
  endfacet
  facet normal 0 0 1
    outer loop
      vertex 0.777817 -6.22218 1.5
      vertex 1.55563 -5.44436 1.5
      vertex 1.39567 -5.29938 1.5
    endloop
  endfacet
  facet normal 0 0 1
    outer loop
      vertex 2.10527 -11.6386 1.5
      vertex 1.05263 -11.3193 1.5
      vertex 2.03253 -11.8419 1.5
    endloop
  endfacet
  facet normal 0 0 1
    outer loop
      vertex 0.697832 -6.14969 1.5
      vertex 1.39567 -5.29938 1.5
      vertex 1.22225 -5.17077 1.5
    endloop
  endfacet
  facet normal -0 0 1
    outer loop
      vertex 1.01627 -11.421 1.5
      vertex 2.03253 -11.8419 1.5
      vertex 1.05263 -11.3193 1.5
    endloop
  endfacet
  facet normal 0 0 1
    outer loop
      vertex 2.03253 -11.8419 1.5
      vertex 1.01627 -11.421 1.5
      vertex 1.94023 -12.0371 1.5
    endloop
  endfacet
  facet normal 0 0 1
    outer loop
      vertex 2.18941 -6.78436 1.5
      vertex 1.0947 -6.89218 1.5
      vertex 1.1 -7 1.5
    endloop
  endfacet
  facet normal 0 0 1
    outer loop
      vertex 2.15773 -6.5708 1.5
      vertex 1.07886 -6.7854 1.5
      vertex 1.0947 -6.89218 1.5
    endloop
  endfacet
  facet normal 0 0 1
    outer loop
      vertex 2.10527 -6.36137 1.5
      vertex 1.05263 -6.68069 1.5
      vertex 1.07886 -6.7854 1.5
    endloop
  endfacet
  facet normal 0 0 1
    outer loop
      vertex 0.611127 -6.08538 1.5
      vertex 1.22225 -5.17077 1.5
      vertex 1.03707 -5.05977 1.5
    endloop
  endfacet
  facet normal 0 0 1
    outer loop
      vertex 2.03253 -6.1581 1.5
      vertex 1.01627 -6.57905 1.5
      vertex 1.05263 -6.68069 1.5
    endloop
  endfacet
  facet normal 0 0 1
    outer loop
      vertex 1.94023 -5.96293 1.5
      vertex 0.970113 -6.48146 1.5
      vertex 1.01627 -6.57905 1.5
    endloop
  endfacet
  facet normal 0 0 1
    outer loop
      vertex 1.82923 -5.77775 1.5
      vertex 0.914616 -6.38887 1.5
      vertex 0.970113 -6.48146 1.5
    endloop
  endfacet
  facet normal 0 0 1
    outer loop
      vertex 1.70062 -5.60433 1.5
      vertex 0.850311 -6.30217 1.5
      vertex 0.914616 -6.38887 1.5
    endloop
  endfacet
  facet normal 0 0 1
    outer loop
      vertex 0.518536 -6.02989 1.5
      vertex 1.03707 -5.05977 1.5
      vertex 0.841903 -4.96746 1.5
    endloop
  endfacet
  facet normal 0 0 1
    outer loop
      vertex 1.55563 -5.44436 1.5
      vertex 0.777817 -6.22218 1.5
      vertex 0.850311 -6.30217 1.5
    endloop
  endfacet
  facet normal 0 0 1
    outer loop
      vertex 1.39567 -5.29938 1.5
      vertex 0.697832 -6.14969 1.5
      vertex 0.777817 -6.22218 1.5
    endloop
  endfacet
  facet normal 0 0 1
    outer loop
      vertex 0.420951 -5.98373 1.5
      vertex 0.841903 -4.96746 1.5
      vertex 0.638626 -4.89473 1.5
    endloop
  endfacet
  facet normal 0 0 1
    outer loop
      vertex 1.22225 -5.17077 1.5
      vertex 0.611127 -6.08538 1.5
      vertex 0.697832 -6.14969 1.5
    endloop
  endfacet
  facet normal 0 0 1
    outer loop
      vertex 1.03707 -5.05977 1.5
      vertex 0.518536 -6.02989 1.5
      vertex 0.611127 -6.08538 1.5
    endloop
  endfacet
  facet normal 0 0 1
    outer loop
      vertex 0.319313 -5.94736 1.5
      vertex 0.638626 -4.89473 1.5
      vertex 0.429198 -4.84227 1.5
    endloop
  endfacet
  facet normal 0 0 1
    outer loop
      vertex 0.841903 -4.96746 1.5
      vertex 0.420951 -5.98373 1.5
      vertex 0.518536 -6.02989 1.5
    endloop
  endfacet
  facet normal 0 0 1
    outer loop
      vertex 0.638626 -4.89473 1.5
      vertex 0.319313 -5.94736 1.5
      vertex 0.420951 -5.98373 1.5
    endloop
  endfacet
  facet normal 0 0 1
    outer loop
      vertex 0.214599 -5.92114 1.5
      vertex 0.429198 -4.84227 1.5
      vertex 0.215637 -4.81059 1.5
    endloop
  endfacet
  facet normal 0 0 1
    outer loop
      vertex 0.429198 -4.84227 1.5
      vertex 0.214599 -5.92114 1.5
      vertex 0.319313 -5.94736 1.5
    endloop
  endfacet
  facet normal 0 0 1
    outer loop
      vertex 0.215637 -4.81059 1.5
      vertex 0.107819 -5.9053 1.5
      vertex 0.214599 -5.92114 1.5
    endloop
  endfacet
  facet normal 0 0 1
    outer loop
      vertex 0 -4.8 1.5
      vertex 0.107819 -5.9053 1.5
      vertex 0.215637 -4.81059 1.5
    endloop
  endfacet
  facet normal 0 0 1
    outer loop
      vertex 0 -4.8 1.5
      vertex 0 -5.9 1.5
      vertex 0.107819 -5.9053 1.5
    endloop
  endfacet
  facet normal 0 0 1
    outer loop
      vertex 0 -4.8 1.5
      vertex -0.107819 -5.9053 1.5
      vertex 0 -5.9 1.5
    endloop
  endfacet
  facet normal -0 0 1
    outer loop
      vertex -0.215637 -4.81059 1.5
      vertex -0.107819 -5.9053 1.5
      vertex 0 -4.8 1.5
    endloop
  endfacet
  facet normal 0 0 1
    outer loop
      vertex -0.107819 -5.9053 1.5
      vertex -0.215637 -4.81059 1.5
      vertex -0.214599 -5.92114 1.5
    endloop
  endfacet
  facet normal -0 0 1
    outer loop
      vertex -0.429198 -4.84227 1.5
      vertex -0.214599 -5.92114 1.5
      vertex -0.215637 -4.81059 1.5
    endloop
  endfacet
  facet normal 0 0 1
    outer loop
      vertex -0.214599 -5.92114 1.5
      vertex -0.429198 -4.84227 1.5
      vertex -0.319313 -5.94736 1.5
    endloop
  endfacet
  facet normal -0 0 1
    outer loop
      vertex -0.638626 -4.89473 1.5
      vertex -0.319313 -5.94736 1.5
      vertex -0.429198 -4.84227 1.5
    endloop
  endfacet
  facet normal 0 0 1
    outer loop
      vertex -0.319313 -5.94736 1.5
      vertex -0.638626 -4.89473 1.5
      vertex -0.420951 -5.98373 1.5
    endloop
  endfacet
  facet normal -0 0 1
    outer loop
      vertex -0.841903 -4.96746 1.5
      vertex -0.420951 -5.98373 1.5
      vertex -0.638626 -4.89473 1.5
    endloop
  endfacet
  facet normal 0 0 1
    outer loop
      vertex -0.420951 -5.98373 1.5
      vertex -0.841903 -4.96746 1.5
      vertex -0.518536 -6.02989 1.5
    endloop
  endfacet
  facet normal -0 0 1
    outer loop
      vertex -1.03707 -5.05977 1.5
      vertex -0.518536 -6.02989 1.5
      vertex -0.841903 -4.96746 1.5
    endloop
  endfacet
  facet normal 0 0 1
    outer loop
      vertex -0.518536 -6.02989 1.5
      vertex -1.03707 -5.05977 1.5
      vertex -0.611127 -6.08538 1.5
    endloop
  endfacet
  facet normal -0 0 1
    outer loop
      vertex -1.22225 -5.17077 1.5
      vertex -0.611127 -6.08538 1.5
      vertex -1.03707 -5.05977 1.5
    endloop
  endfacet
  facet normal 0 0 1
    outer loop
      vertex -0.611127 -6.08538 1.5
      vertex -1.22225 -5.17077 1.5
      vertex -0.697832 -6.14969 1.5
    endloop
  endfacet
  facet normal -0 0 1
    outer loop
      vertex -1.39567 -5.29938 1.5
      vertex -0.697832 -6.14969 1.5
      vertex -1.22225 -5.17077 1.5
    endloop
  endfacet
  facet normal 0 0 1
    outer loop
      vertex -0.697832 -6.14969 1.5
      vertex -1.39567 -5.29938 1.5
      vertex -0.777817 -6.22218 1.5
    endloop
  endfacet
  facet normal -0 0 1
    outer loop
      vertex -1.55563 -5.44436 1.5
      vertex -0.777817 -6.22218 1.5
      vertex -1.39567 -5.29938 1.5
    endloop
  endfacet
  facet normal 0 0 1
    outer loop
      vertex -0.777817 -6.22218 1.5
      vertex -1.55563 -5.44436 1.5
      vertex -0.850311 -6.30217 1.5
    endloop
  endfacet
  facet normal -0 0 1
    outer loop
      vertex -1.70062 -5.60433 1.5
      vertex -0.850311 -6.30217 1.5
      vertex -1.55563 -5.44436 1.5
    endloop
  endfacet
  facet normal 0 0 1
    outer loop
      vertex -0.850311 -6.30217 1.5
      vertex -1.70062 -5.60433 1.5
      vertex -0.914616 -6.38887 1.5
    endloop
  endfacet
  facet normal -0 0 1
    outer loop
      vertex -1.82923 -5.77775 1.5
      vertex -0.914616 -6.38887 1.5
      vertex -1.70062 -5.60433 1.5
    endloop
  endfacet
  facet normal 0 0 1
    outer loop
      vertex -0.914616 -6.38887 1.5
      vertex -1.82923 -5.77775 1.5
      vertex -0.970113 -6.48146 1.5
    endloop
  endfacet
  facet normal 0 0 1
    outer loop
      vertex -0.970113 -6.48146 1.5
      vertex -1.94023 -5.96293 1.5
      vertex -1.01627 -6.57905 1.5
    endloop
  endfacet
  facet normal -0 0 1
    outer loop
      vertex -1.94023 -5.96293 1.5
      vertex -0.970113 -6.48146 1.5
      vertex -1.82923 -5.77775 1.5
    endloop
  endfacet
  facet normal -0 0 1
    outer loop
      vertex 0.970113 -11.5185 1.5
      vertex 1.94023 -12.0371 1.5
      vertex 1.01627 -11.421 1.5
    endloop
  endfacet
  facet normal 0 0 1
    outer loop
      vertex 1.94023 -12.0371 1.5
      vertex 0.970113 -11.5185 1.5
      vertex 1.82923 -12.2223 1.5
    endloop
  endfacet
  facet normal -0 0 1
    outer loop
      vertex 0.914616 -11.6111 1.5
      vertex 1.82923 -12.2223 1.5
      vertex 0.970113 -11.5185 1.5
    endloop
  endfacet
  facet normal 0 0 1
    outer loop
      vertex 1.82923 -12.2223 1.5
      vertex 0.914616 -11.6111 1.5
      vertex 1.70062 -12.3957 1.5
    endloop
  endfacet
  facet normal -0 0 1
    outer loop
      vertex 0.850311 -11.6978 1.5
      vertex 1.70062 -12.3957 1.5
      vertex 0.914616 -11.6111 1.5
    endloop
  endfacet
  facet normal 0 0 1
    outer loop
      vertex 1.70062 -12.3957 1.5
      vertex 0.850311 -11.6978 1.5
      vertex 1.55563 -12.5556 1.5
    endloop
  endfacet
  facet normal -0 0 1
    outer loop
      vertex 0.777817 -11.7778 1.5
      vertex 1.55563 -12.5556 1.5
      vertex 0.850311 -11.6978 1.5
    endloop
  endfacet
  facet normal 0 0 1
    outer loop
      vertex 1.55563 -12.5556 1.5
      vertex 0.777817 -11.7778 1.5
      vertex 1.39567 -12.7006 1.5
    endloop
  endfacet
  facet normal -0 0 1
    outer loop
      vertex 0.697832 -11.8503 1.5
      vertex 1.39567 -12.7006 1.5
      vertex 0.777817 -11.7778 1.5
    endloop
  endfacet
  facet normal 0 0 1
    outer loop
      vertex 1.39567 -12.7006 1.5
      vertex 0.697832 -11.8503 1.5
      vertex 1.22225 -12.8292 1.5
    endloop
  endfacet
  facet normal -0 0 1
    outer loop
      vertex 0.611127 -11.9146 1.5
      vertex 1.22225 -12.8292 1.5
      vertex 0.697832 -11.8503 1.5
    endloop
  endfacet
  facet normal 0 0 1
    outer loop
      vertex 1.22225 -12.8292 1.5
      vertex 0.611127 -11.9146 1.5
      vertex 1.03707 -12.9402 1.5
    endloop
  endfacet
  facet normal -0 0 1
    outer loop
      vertex 0.518536 -11.9701 1.5
      vertex 1.03707 -12.9402 1.5
      vertex 0.611127 -11.9146 1.5
    endloop
  endfacet
  facet normal 0 0 1
    outer loop
      vertex 1.03707 -12.9402 1.5
      vertex 0.518536 -11.9701 1.5
      vertex 0.841903 -13.0325 1.5
    endloop
  endfacet
  facet normal -0 0 1
    outer loop
      vertex 0.420951 -12.0163 1.5
      vertex 0.841903 -13.0325 1.5
      vertex 0.518536 -11.9701 1.5
    endloop
  endfacet
  facet normal 0 0 1
    outer loop
      vertex 0.841903 -13.0325 1.5
      vertex 0.420951 -12.0163 1.5
      vertex 0.638626 -13.1053 1.5
    endloop
  endfacet
  facet normal -0 0 1
    outer loop
      vertex 0.319313 -12.0526 1.5
      vertex 0.638626 -13.1053 1.5
      vertex 0.420951 -12.0163 1.5
    endloop
  endfacet
  facet normal 0 0 1
    outer loop
      vertex 0.638626 -13.1053 1.5
      vertex 0.319313 -12.0526 1.5
      vertex 0.429198 -13.1577 1.5
    endloop
  endfacet
  facet normal -0 0 1
    outer loop
      vertex 0.214599 -12.0789 1.5
      vertex 0.429198 -13.1577 1.5
      vertex 0.319313 -12.0526 1.5
    endloop
  endfacet
  facet normal 0 0 1
    outer loop
      vertex 0.429198 -13.1577 1.5
      vertex 0.214599 -12.0789 1.5
      vertex 0.215637 -13.1894 1.5
    endloop
  endfacet
  facet normal -0 0 1
    outer loop
      vertex 0.107819 -12.0947 1.5
      vertex 0.215637 -13.1894 1.5
      vertex 0.214599 -12.0789 1.5
    endloop
  endfacet
  facet normal -0 0 1
    outer loop
      vertex 0 -12.1 1.5
      vertex 0.215637 -13.1894 1.5
      vertex 0.107819 -12.0947 1.5
    endloop
  endfacet
  facet normal 0 0 1
    outer loop
      vertex 0 -12.1 1.5
      vertex 0 -13.2 1.5
      vertex 0.215637 -13.1894 1.5
    endloop
  endfacet
  facet normal 0 0 1
    outer loop
      vertex -0.107819 -12.0947 1.5
      vertex 0 -13.2 1.5
      vertex 0 -12.1 1.5
    endloop
  endfacet
  facet normal 0 0 1
    outer loop
      vertex -0.215637 -13.1894 1.5
      vertex -0.107819 -12.0947 1.5
      vertex -0.214599 -12.0789 1.5
    endloop
  endfacet
  facet normal 0 0 1
    outer loop
      vertex -0.107819 -12.0947 1.5
      vertex -0.215637 -13.1894 1.5
      vertex 0 -13.2 1.5
    endloop
  endfacet
  facet normal 0 0 1
    outer loop
      vertex -0.429198 -13.1577 1.5
      vertex -0.214599 -12.0789 1.5
      vertex -0.319313 -12.0526 1.5
    endloop
  endfacet
  facet normal 0 0 1
    outer loop
      vertex -0.638626 -13.1053 1.5
      vertex -0.319313 -12.0526 1.5
      vertex -0.420951 -12.0163 1.5
    endloop
  endfacet
  facet normal 0 0 1
    outer loop
      vertex -0.214599 -12.0789 1.5
      vertex -0.429198 -13.1577 1.5
      vertex -0.215637 -13.1894 1.5
    endloop
  endfacet
  facet normal 0 0 1
    outer loop
      vertex -0.841903 -13.0325 1.5
      vertex -0.420951 -12.0163 1.5
      vertex -0.518536 -11.9701 1.5
    endloop
  endfacet
  facet normal 0 0 1
    outer loop
      vertex -1.03707 -12.9402 1.5
      vertex -0.518536 -11.9701 1.5
      vertex -0.611127 -11.9146 1.5
    endloop
  endfacet
  facet normal 0 0 1
    outer loop
      vertex -0.319313 -12.0526 1.5
      vertex -0.638626 -13.1053 1.5
      vertex -0.429198 -13.1577 1.5
    endloop
  endfacet
  facet normal 0 0 1
    outer loop
      vertex -1.22225 -12.8292 1.5
      vertex -0.611127 -11.9146 1.5
      vertex -0.697832 -11.8503 1.5
    endloop
  endfacet
  facet normal 0 0 1
    outer loop
      vertex -1.39567 -12.7006 1.5
      vertex -0.697832 -11.8503 1.5
      vertex -0.777817 -11.7778 1.5
    endloop
  endfacet
  facet normal 0 0 1
    outer loop
      vertex -0.420951 -12.0163 1.5
      vertex -0.841903 -13.0325 1.5
      vertex -0.638626 -13.1053 1.5
    endloop
  endfacet
  facet normal 0 0 1
    outer loop
      vertex -1.55563 -12.5556 1.5
      vertex -0.777817 -11.7778 1.5
      vertex -0.850311 -11.6978 1.5
    endloop
  endfacet
  facet normal 0 0 1
    outer loop
      vertex -1.70062 -12.3957 1.5
      vertex -0.850311 -11.6978 1.5
      vertex -0.914616 -11.6111 1.5
    endloop
  endfacet
  facet normal 0 0 1
    outer loop
      vertex -1.82923 -12.2223 1.5
      vertex -0.914616 -11.6111 1.5
      vertex -0.970113 -11.5185 1.5
    endloop
  endfacet
  facet normal 0 0 1
    outer loop
      vertex -1.94023 -12.0371 1.5
      vertex -0.970113 -11.5185 1.5
      vertex -1.01627 -11.421 1.5
    endloop
  endfacet
  facet normal 0 0 1
    outer loop
      vertex -0.518536 -11.9701 1.5
      vertex -1.03707 -12.9402 1.5
      vertex -0.841903 -13.0325 1.5
    endloop
  endfacet
  facet normal 0 0 1
    outer loop
      vertex -2.03253 -11.8419 1.5
      vertex -1.01627 -11.421 1.5
      vertex -1.05263 -11.3193 1.5
    endloop
  endfacet
  facet normal 0 0 1
    outer loop
      vertex -2.10527 -11.6386 1.5
      vertex -1.05263 -11.3193 1.5
      vertex -1.07886 -11.2146 1.5
    endloop
  endfacet
  facet normal 0 0 1
    outer loop
      vertex -2.15773 -11.4292 1.5
      vertex -1.07886 -11.2146 1.5
      vertex -1.0947 -11.1078 1.5
    endloop
  endfacet
  facet normal 0 0 1
    outer loop
      vertex -2.18941 -11.2156 1.5
      vertex -1.0947 -11.1078 1.5
      vertex -1.1 -11 1.5
    endloop
  endfacet
  facet normal 0 0 1
    outer loop
      vertex -0.611127 -11.9146 1.5
      vertex -1.22225 -12.8292 1.5
      vertex -1.03707 -12.9402 1.5
    endloop
  endfacet
  facet normal 0 0 1
    outer loop
      vertex -1.1 -7 1.5
      vertex -2.2 -7 1.5
      vertex -1.1 -11 1.5
    endloop
  endfacet
  facet normal -0 0 1
    outer loop
      vertex -2.03253 -6.1581 1.5
      vertex -1.01627 -6.57905 1.5
      vertex -1.94023 -5.96293 1.5
    endloop
  endfacet
  facet normal 0 0 1
    outer loop
      vertex -2.2 -11 1.5
      vertex -1.1 -11 1.5
      vertex -2.2 -7 1.5
    endloop
  endfacet
  facet normal 0 0 1
    outer loop
      vertex -1.01627 -6.57905 1.5
      vertex -2.03253 -6.1581 1.5
      vertex -1.05263 -6.68069 1.5
    endloop
  endfacet
  facet normal 0 -0 1
    outer loop
      vertex -2.18941 -11.2156 1.5
      vertex -1.1 -11 1.5
      vertex -2.2 -11 1.5
    endloop
  endfacet
  facet normal -0 0 1
    outer loop
      vertex -2.10527 -6.36137 1.5
      vertex -1.05263 -6.68069 1.5
      vertex -2.03253 -6.1581 1.5
    endloop
  endfacet
  facet normal 0 0 1
    outer loop
      vertex -0.697832 -11.8503 1.5
      vertex -1.39567 -12.7006 1.5
      vertex -1.22225 -12.8292 1.5
    endloop
  endfacet
  facet normal 0 0 1
    outer loop
      vertex -1.05263 -6.68069 1.5
      vertex -2.10527 -6.36137 1.5
      vertex -1.07886 -6.7854 1.5
    endloop
  endfacet
  facet normal 0 0 1
    outer loop
      vertex -0.777817 -11.7778 1.5
      vertex -1.55563 -12.5556 1.5
      vertex -1.39567 -12.7006 1.5
    endloop
  endfacet
  facet normal -0 0 1
    outer loop
      vertex -2.15773 -6.5708 1.5
      vertex -1.07886 -6.7854 1.5
      vertex -2.10527 -6.36137 1.5
    endloop
  endfacet
  facet normal 0 0 1
    outer loop
      vertex -0.850311 -11.6978 1.5
      vertex -1.70062 -12.3957 1.5
      vertex -1.55563 -12.5556 1.5
    endloop
  endfacet
  facet normal 0 0 1
    outer loop
      vertex -1.07886 -6.7854 1.5
      vertex -2.15773 -6.5708 1.5
      vertex -1.0947 -6.89218 1.5
    endloop
  endfacet
  facet normal 0 0 1
    outer loop
      vertex -0.914616 -11.6111 1.5
      vertex -1.82923 -12.2223 1.5
      vertex -1.70062 -12.3957 1.5
    endloop
  endfacet
  facet normal -0 0 1
    outer loop
      vertex -2.18941 -6.78436 1.5
      vertex -1.0947 -6.89218 1.5
      vertex -2.15773 -6.5708 1.5
    endloop
  endfacet
  facet normal 0 0 1
    outer loop
      vertex -0.970113 -11.5185 1.5
      vertex -1.94023 -12.0371 1.5
      vertex -1.82923 -12.2223 1.5
    endloop
  endfacet
  facet normal 0 0 1
    outer loop
      vertex -1.0947 -6.89218 1.5
      vertex -2.18941 -6.78436 1.5
      vertex -1.1 -7 1.5
    endloop
  endfacet
  facet normal 0 0 1
    outer loop
      vertex -1.01627 -11.421 1.5
      vertex -2.03253 -11.8419 1.5
      vertex -1.94023 -12.0371 1.5
    endloop
  endfacet
  facet normal 0 0 1
    outer loop
      vertex -1.1 -7 1.5
      vertex -2.18941 -6.78436 1.5
      vertex -2.2 -7 1.5
    endloop
  endfacet
  facet normal 0 0 1
    outer loop
      vertex -1.05263 -11.3193 1.5
      vertex -2.10527 -11.6386 1.5
      vertex -2.03253 -11.8419 1.5
    endloop
  endfacet
  facet normal 0 0 1
    outer loop
      vertex -1.07886 -11.2146 1.5
      vertex -2.15773 -11.4292 1.5
      vertex -2.10527 -11.6386 1.5
    endloop
  endfacet
  facet normal 0 0 1
    outer loop
      vertex -1.0947 -11.1078 1.5
      vertex -2.18941 -11.2156 1.5
      vertex -2.15773 -11.4292 1.5
    endloop
  endfacet
  facet normal -0.98918 0.14671 0
    outer loop
      vertex 2.15773 -11.4292 1.5
      vertex 2.18941 -11.2156 4
      vertex 2.18941 -11.2156 1.5
    endloop
  endfacet
  facet normal -0.98918 0.14671 0
    outer loop
      vertex 2.18941 -11.2156 4
      vertex 2.15773 -11.4292 1.5
      vertex 2.15773 -11.4292 4
    endloop
  endfacet
  facet normal -0.941547 0.336882 0
    outer loop
      vertex 2.03253 -11.8419 1.5
      vertex 2.10527 -11.6386 4
      vertex 2.10527 -11.6386 1.5
    endloop
  endfacet
  facet normal -0.941547 0.336882 0
    outer loop
      vertex 2.10527 -11.6386 4
      vertex 2.03253 -11.8419 1.5
      vertex 2.03253 -11.8419 4
    endloop
  endfacet
  facet normal -0.740801 0.671724 0
    outer loop
      vertex 1.55563 -12.5556 1.5
      vertex 1.70062 -12.3957 4
      vertex 1.70062 -12.3957 1.5
    endloop
  endfacet
  facet normal -0.740801 0.671724 0
    outer loop
      vertex 1.70062 -12.3957 4
      vertex 1.55563 -12.5556 1.5
      vertex 1.55563 -12.5556 4
    endloop
  endfacet
  facet normal -0.857738 0.514087 0
    outer loop
      vertex 1.82923 -12.2223 1.5
      vertex 1.94023 -12.0371 4
      vertex 1.94023 -12.0371 1.5
    endloop
  endfacet
  facet normal -0.857738 0.514087 0
    outer loop
      vertex 1.94023 -12.0371 4
      vertex 1.82923 -12.2223 1.5
      vertex 1.82923 -12.2223 4
    endloop
  endfacet
  facet normal -0.595648 0.803245 0
    outer loop
      vertex 1.39567 -12.7006 1.5
      vertex 1.22225 -12.8292 4
      vertex 1.39567 -12.7006 4
    endloop
  endfacet
  facet normal -0.595648 0.803245 0
    outer loop
      vertex 1.22225 -12.8292 4
      vertex 1.39567 -12.7006 1.5
      vertex 1.22225 -12.8292 1.5
    endloop
  endfacet
  facet normal -0.427528 0.904002 0
    outer loop
      vertex 1.03707 -12.9402 1.5
      vertex 0.841903 -13.0325 4
      vertex 1.03707 -12.9402 4
    endloop
  endfacet
  facet normal -0.427528 0.904002 0
    outer loop
      vertex 0.841903 -13.0325 4
      vertex 1.03707 -12.9402 1.5
      vertex 0.841903 -13.0325 1.5
    endloop
  endfacet
  facet normal -0.242723 0.970096 0
    outer loop
      vertex 0.638626 -13.1053 1.5
      vertex 0.429198 -13.1577 4
      vertex 0.638626 -13.1053 4
    endloop
  endfacet
  facet normal -0.242723 0.970096 0
    outer loop
      vertex 0.429198 -13.1577 4
      vertex 0.638626 -13.1053 1.5
      vertex 0.429198 -13.1577 1.5
    endloop
  endfacet
  facet normal -0.0490974 0.998794 0
    outer loop
      vertex 0.215637 -13.1894 1.5
      vertex 0 -13.2 4
      vertex 0.215637 -13.1894 4
    endloop
  endfacet
  facet normal -0.0490974 0.998794 0
    outer loop
      vertex 0 -13.2 4
      vertex 0.215637 -13.1894 1.5
      vertex 0 -13.2 1.5
    endloop
  endfacet
  facet normal -0.970031 -0.242982 0
    outer loop
      vertex 2.15773 -6.5708 1.5
      vertex 2.10527 -6.36137 4
      vertex 2.10527 -6.36137 1.5
    endloop
  endfacet
  facet normal -0.970031 -0.242982 0
    outer loop
      vertex 2.10527 -6.36137 4
      vertex 2.15773 -6.5708 1.5
      vertex 2.15773 -6.5708 4
    endloop
  endfacet
  facet normal -0.998796 -0.0490505 0
    outer loop
      vertex 2.2 -7 1.5
      vertex 2.18941 -6.78436 4
      vertex 2.18941 -6.78436 1.5
    endloop
  endfacet
  facet normal -0.998796 -0.0490505 0
    outer loop
      vertex 2.18941 -6.78436 4
      vertex 2.2 -7 1.5
      vertex 2.2 -7 4
    endloop
  endfacet
  facet normal -0.998796 0.0490596 0
    outer loop
      vertex 2.18941 -11.2156 1.5
      vertex 2.2 -11 4
      vertex 2.2 -11 1.5
    endloop
  endfacet
  facet normal -0.998796 0.0490596 0
    outer loop
      vertex 2.2 -11 4
      vertex 2.18941 -11.2156 1.5
      vertex 2.18941 -11.2156 4
    endloop
  endfacet
  facet normal -0.857714 -0.514128 0
    outer loop
      vertex 1.94023 -5.96293 1.5
      vertex 1.82923 -5.77775 4
      vertex 1.82923 -5.77775 1.5
    endloop
  endfacet
  facet normal -0.857714 -0.514128 0
    outer loop
      vertex 1.82923 -5.77775 4
      vertex 1.94023 -5.96293 1.5
      vertex 1.94023 -5.96293 4
    endloop
  endfacet
  facet normal -0.941531 -0.336926 0
    outer loop
      vertex 2.10527 -6.36137 1.5
      vertex 2.03253 -6.1581 4
      vertex 2.03253 -6.1581 1.5
    endloop
  endfacet
  facet normal -0.941531 -0.336926 0
    outer loop
      vertex 2.03253 -6.1581 4
      vertex 2.10527 -6.36137 1.5
      vertex 2.10527 -6.36137 4
    endloop
  endfacet
  facet normal -0.514128 -0.857714 0
    outer loop
      vertex 1.03707 -5.05977 1.5
      vertex 1.22225 -5.17077 4
      vertex 1.03707 -5.05977 4
    endloop
  endfacet
  facet normal -0.514128 -0.857714 -0
    outer loop
      vertex 1.22225 -5.17077 4
      vertex 1.03707 -5.05977 1.5
      vertex 1.22225 -5.17077 1.5
    endloop
  endfacet
  facet normal -0.242985 -0.97003 0
    outer loop
      vertex 0.429198 -4.84227 1.5
      vertex 0.638626 -4.89473 4
      vertex 0.429198 -4.84227 4
    endloop
  endfacet
  facet normal -0.242985 -0.97003 -0
    outer loop
      vertex 0.638626 -4.89473 4
      vertex 0.429198 -4.84227 1.5
      vertex 0.638626 -4.89473 1.5
    endloop
  endfacet
  facet normal 0.242723 0.970096 -0
    outer loop
      vertex -0.429198 -13.1577 1.5
      vertex -0.638626 -13.1053 4
      vertex -0.429198 -13.1577 4
    endloop
  endfacet
  facet normal 0.242723 0.970096 0
    outer loop
      vertex -0.638626 -13.1053 4
      vertex -0.429198 -13.1577 1.5
      vertex -0.638626 -13.1053 1.5
    endloop
  endfacet
  facet normal 0.146827 0.989162 -0
    outer loop
      vertex -0.215637 -13.1894 1.5
      vertex -0.429198 -13.1577 4
      vertex -0.215637 -13.1894 4
    endloop
  endfacet
  facet normal 0.146827 0.989162 0
    outer loop
      vertex -0.429198 -13.1577 4
      vertex -0.215637 -13.1894 1.5
      vertex -0.429198 -13.1577 1.5
    endloop
  endfacet
  facet normal 0.514128 0.857714 -0
    outer loop
      vertex -1.03707 -12.9402 1.5
      vertex -1.22225 -12.8292 4
      vertex -1.03707 -12.9402 4
    endloop
  endfacet
  facet normal 0.514128 0.857714 0
    outer loop
      vertex -1.22225 -12.8292 4
      vertex -1.03707 -12.9402 1.5
      vertex -1.22225 -12.8292 1.5
    endloop
  endfacet
  facet normal 0.90403 0.427469 0
    outer loop
      vertex -1.94023 -12.0371 4
      vertex -2.03253 -11.8419 1.5
      vertex -2.03253 -11.8419 4
    endloop
  endfacet
  facet normal 0.90403 0.427469 0
    outer loop
      vertex -2.03253 -11.8419 1.5
      vertex -1.94023 -12.0371 4
      vertex -1.94023 -12.0371 1.5
    endloop
  endfacet
  facet normal 0.740801 0.671724 0
    outer loop
      vertex -1.55563 -12.5556 4
      vertex -1.70062 -12.3957 1.5
      vertex -1.70062 -12.3957 4
    endloop
  endfacet
  facet normal 0.740801 0.671724 0
    outer loop
      vertex -1.70062 -12.3957 1.5
      vertex -1.55563 -12.5556 4
      vertex -1.55563 -12.5556 1.5
    endloop
  endfacet
  facet normal -0.970022 0.243015 0
    outer loop
      vertex 2.10527 -11.6386 1.5
      vertex 2.15773 -11.4292 4
      vertex 2.15773 -11.4292 1.5
    endloop
  endfacet
  facet normal -0.970022 0.243015 0
    outer loop
      vertex 2.15773 -11.4292 4
      vertex 2.10527 -11.6386 1.5
      vertex 2.10527 -11.6386 4
    endloop
  endfacet
  facet normal -0.90403 0.427469 0
    outer loop
      vertex 1.94023 -12.0371 1.5
      vertex 2.03253 -11.8419 4
      vertex 2.03253 -11.8419 1.5
    endloop
  endfacet
  facet normal -0.90403 0.427469 0
    outer loop
      vertex 2.03253 -11.8419 4
      vertex 1.94023 -12.0371 1.5
      vertex 1.94023 -12.0371 4
    endloop
  endfacet
  facet normal -0.671612 0.740903 0
    outer loop
      vertex 1.55563 -12.5556 1.5
      vertex 1.39567 -12.7006 4
      vertex 1.55563 -12.5556 4
    endloop
  endfacet
  facet normal -0.671612 0.740903 0
    outer loop
      vertex 1.39567 -12.7006 4
      vertex 1.55563 -12.5556 1.5
      vertex 1.39567 -12.7006 1.5
    endloop
  endfacet
  facet normal -0.80319 0.595723 0
    outer loop
      vertex 1.70062 -12.3957 1.5
      vertex 1.82923 -12.2223 4
      vertex 1.82923 -12.2223 1.5
    endloop
  endfacet
  facet normal -0.80319 0.595723 0
    outer loop
      vertex 1.82923 -12.2223 4
      vertex 1.70062 -12.3957 1.5
      vertex 1.70062 -12.3957 4
    endloop
  endfacet
  facet normal -0.514128 0.857714 0
    outer loop
      vertex 1.22225 -12.8292 1.5
      vertex 1.03707 -12.9402 4
      vertex 1.22225 -12.8292 4
    endloop
  endfacet
  facet normal -0.514128 0.857714 0
    outer loop
      vertex 1.03707 -12.9402 4
      vertex 1.22225 -12.8292 1.5
      vertex 1.03707 -12.9402 1.5
    endloop
  endfacet
  facet normal -0.337162 0.941447 0
    outer loop
      vertex 0.841903 -13.0325 1.5
      vertex 0.638626 -13.1053 4
      vertex 0.841903 -13.0325 4
    endloop
  endfacet
  facet normal -0.337162 0.941447 0
    outer loop
      vertex 0.638626 -13.1053 4
      vertex 0.841903 -13.0325 1.5
      vertex 0.638626 -13.1053 1.5
    endloop
  endfacet
  facet normal -0.146827 0.989162 0
    outer loop
      vertex 0.429198 -13.1577 1.5
      vertex 0.215637 -13.1894 4
      vertex 0.429198 -13.1577 4
    endloop
  endfacet
  facet normal -0.146827 0.989162 0
    outer loop
      vertex 0.215637 -13.1894 4
      vertex 0.429198 -13.1577 1.5
      vertex 0.215637 -13.1894 1.5
    endloop
  endfacet
  facet normal -0.989176 -0.146737 0
    outer loop
      vertex 2.18941 -6.78436 1.5
      vertex 2.15773 -6.5708 4
      vertex 2.15773 -6.5708 1.5
    endloop
  endfacet
  facet normal -0.989176 -0.146737 0
    outer loop
      vertex 2.15773 -6.5708 4
      vertex 2.18941 -6.78436 1.5
      vertex 2.18941 -6.78436 4
    endloop
  endfacet
  facet normal -0.803223 -0.595678 0
    outer loop
      vertex 1.82923 -5.77775 1.5
      vertex 1.70062 -5.60433 4
      vertex 1.70062 -5.60433 1.5
    endloop
  endfacet
  facet normal -0.803223 -0.595678 0
    outer loop
      vertex 1.70062 -5.60433 4
      vertex 1.82923 -5.77775 1.5
      vertex 1.82923 -5.77775 4
    endloop
  endfacet
  facet normal -0.671561 -0.740949 0
    outer loop
      vertex 1.39567 -5.29938 1.5
      vertex 1.55563 -5.44436 4
      vertex 1.39567 -5.29938 4
    endloop
  endfacet
  facet normal -0.671561 -0.740949 -0
    outer loop
      vertex 1.55563 -5.44436 4
      vertex 1.39567 -5.29938 1.5
      vertex 1.55563 -5.44436 1.5
    endloop
  endfacet
  facet normal -0.740947 -0.671563 0
    outer loop
      vertex 1.70062 -5.60433 1.5
      vertex 1.55563 -5.44436 4
      vertex 1.55563 -5.44436 1.5
    endloop
  endfacet
  facet normal -0.740947 -0.671563 0
    outer loop
      vertex 1.55563 -5.44436 4
      vertex 1.70062 -5.60433 1.5
      vertex 1.70062 -5.60433 4
    endloop
  endfacet
  facet normal -0.904005 -0.427523 0
    outer loop
      vertex 2.03253 -6.1581 1.5
      vertex 1.94023 -5.96293 4
      vertex 1.94023 -5.96293 1.5
    endloop
  endfacet
  facet normal -0.904005 -0.427523 0
    outer loop
      vertex 1.94023 -5.96293 4
      vertex 2.03253 -6.1581 1.5
      vertex 2.03253 -6.1581 4
    endloop
  endfacet
  facet normal -0.595678 -0.803223 0
    outer loop
      vertex 1.22225 -5.17077 1.5
      vertex 1.39567 -5.29938 4
      vertex 1.22225 -5.17077 4
    endloop
  endfacet
  facet normal -0.595678 -0.803223 -0
    outer loop
      vertex 1.39567 -5.29938 4
      vertex 1.22225 -5.17077 1.5
      vertex 1.39567 -5.29938 1.5
    endloop
  endfacet
  facet normal -0.427566 -0.903984 0
    outer loop
      vertex 0.841903 -4.96746 1.5
      vertex 1.03707 -5.05977 4
      vertex 0.841903 -4.96746 4
    endloop
  endfacet
  facet normal -0.427566 -0.903984 -0
    outer loop
      vertex 1.03707 -5.05977 4
      vertex 0.841903 -4.96746 1.5
      vertex 1.03707 -5.05977 1.5
    endloop
  endfacet
  facet normal -0.989176 0.146737 0
    outer loop
      vertex -5.92114 -0.214599 0
      vertex -5.9053 -0.107819 1.5
      vertex -5.9053 -0.107819 0
    endloop
  endfacet
  facet normal -0.989176 0.146737 0
    outer loop
      vertex -5.9053 -0.107819 1.5
      vertex -5.92114 -0.214599 0
      vertex -5.92114 -0.214599 1.5
    endloop
  endfacet
  facet normal -0.998794 -0.0490972 0
    outer loop
      vertex -5.9 0 0
      vertex -5.9053 0.107819 1.5
      vertex -5.9053 0.107819 0
    endloop
  endfacet
  facet normal -0.998794 -0.0490972 0
    outer loop
      vertex -5.9053 0.107819 1.5
      vertex -5.9 0 0
      vertex -5.9 0 1.5
    endloop
  endfacet
  facet normal 0.998794 -0.0490972 0
    outer loop
      vertex -12.1 0 1.5
      vertex -12.0947 0.107819 0
      vertex -12.0947 0.107819 1.5
    endloop
  endfacet
  facet normal 0.998794 -0.0490972 0
    outer loop
      vertex -12.0947 0.107819 0
      vertex -12.1 0 1.5
      vertex -12.1 0 0
    endloop
  endfacet
  facet normal -0.998794 0.0490972 0
    outer loop
      vertex -5.9053 -0.107819 0
      vertex -5.9 0 1.5
      vertex -5.9 0 0
    endloop
  endfacet
  facet normal -0.998794 0.0490972 0
    outer loop
      vertex -5.9 0 1.5
      vertex -5.9053 -0.107819 0
      vertex -5.9053 -0.107819 1.5
    endloop
  endfacet
  facet normal 0 -1 0
    outer loop
      vertex -11 1.1 0
      vertex -7 1.1 1.5
      vertex -11 1.1 1.5
    endloop
  endfacet
  facet normal 0 -1 -0
    outer loop
      vertex -7 1.1 1.5
      vertex -11 1.1 0
      vertex -7 1.1 0
    endloop
  endfacet
  facet normal -0.242993 0.970028 0
    outer loop
      vertex -6.68069 -1.05263 0
      vertex -6.7854 -1.07886 1.5
      vertex -6.68069 -1.05263 1.5
    endloop
  endfacet
  facet normal -0.242993 0.970028 0
    outer loop
      vertex -6.7854 -1.07886 1.5
      vertex -6.68069 -1.05263 0
      vertex -6.7854 -1.07886 0
    endloop
  endfacet
  facet normal -0.671535 -0.740973 0
    outer loop
      vertex -6.30217 0.850311 0
      vertex -6.22218 0.777817 1.5
      vertex -6.30217 0.850311 1.5
    endloop
  endfacet
  facet normal -0.671535 -0.740973 -0
    outer loop
      vertex -6.22218 0.777817 1.5
      vertex -6.30217 0.850311 0
      vertex -6.22218 0.777817 0
    endloop
  endfacet
  facet normal 0.243015 -0.970022 0
    outer loop
      vertex -11.3193 1.05263 0
      vertex -11.2146 1.07886 1.5
      vertex -11.3193 1.05263 1.5
    endloop
  endfacet
  facet normal 0.243015 -0.970022 0
    outer loop
      vertex -11.2146 1.07886 1.5
      vertex -11.3193 1.05263 0
      vertex -11.2146 1.07886 0
    endloop
  endfacet
  facet normal -0.74097 0.671538 0
    outer loop
      vertex -6.22218 -0.777817 0
      vertex -6.14969 -0.697832 1.5
      vertex -6.14969 -0.697832 0
    endloop
  endfacet
  facet normal -0.74097 0.671538 0
    outer loop
      vertex -6.14969 -0.697832 1.5
      vertex -6.22218 -0.777817 0
      vertex -6.22218 -0.777817 1.5
    endloop
  endfacet
  facet normal -0.903969 -0.427598 0
    outer loop
      vertex -5.98373 0.420951 0
      vertex -6.02989 0.518536 1.5
      vertex -6.02989 0.518536 0
    endloop
  endfacet
  facet normal -0.903969 -0.427598 0
    outer loop
      vertex -6.02989 0.518536 1.5
      vertex -5.98373 0.420951 0
      vertex -5.98373 0.420951 1.5
    endloop
  endfacet
  facet normal 0.803229 -0.595671 0
    outer loop
      vertex -11.9146 0.611127 1.5
      vertex -11.8503 0.697832 0
      vertex -11.8503 0.697832 1.5
    endloop
  endfacet
  facet normal 0.803229 -0.595671 0
    outer loop
      vertex -11.8503 0.697832 0
      vertex -11.9146 0.611127 1.5
      vertex -11.9146 0.611127 0
    endloop
  endfacet
  facet normal 0.0491058 -0.998794 0
    outer loop
      vertex -11.1078 1.0947 0
      vertex -11 1.1 1.5
      vertex -11.1078 1.0947 1.5
    endloop
  endfacet
  facet normal 0.0491058 -0.998794 0
    outer loop
      vertex -11 1.1 1.5
      vertex -11.1078 1.0947 0
      vertex -11 1.1 0
    endloop
  endfacet
  facet normal 0.14671 -0.98918 0
    outer loop
      vertex -11.2146 1.07886 0
      vertex -11.1078 1.0947 1.5
      vertex -11.2146 1.07886 1.5
    endloop
  endfacet
  facet normal 0.14671 -0.98918 0
    outer loop
      vertex -11.1078 1.0947 1.5
      vertex -11.2146 1.07886 0
      vertex -11.1078 1.0947 0
    endloop
  endfacet
  facet normal -0.336829 -0.941566 0
    outer loop
      vertex -6.68069 1.05263 0
      vertex -6.57905 1.01627 1.5
      vertex -6.68069 1.05263 1.5
    endloop
  endfacet
  facet normal -0.336829 -0.941566 -0
    outer loop
      vertex -6.57905 1.01627 1.5
      vertex -6.68069 1.05263 0
      vertex -6.57905 1.01627 0
    endloop
  endfacet
  facet normal -0.146737 0.989176 0
    outer loop
      vertex -6.7854 -1.07886 0
      vertex -6.89218 -1.0947 1.5
      vertex -6.7854 -1.07886 1.5
    endloop
  endfacet
  facet normal -0.146737 0.989176 0
    outer loop
      vertex -6.89218 -1.0947 1.5
      vertex -6.7854 -1.07886 0
      vertex -6.89218 -1.0947 0
    endloop
  endfacet
  facet normal 0 1 -0
    outer loop
      vertex -7 -1.1 0
      vertex -11 -1.1 1.5
      vertex -7 -1.1 1.5
    endloop
  endfacet
  facet normal 0 1 0
    outer loop
      vertex -11 -1.1 1.5
      vertex -7 -1.1 0
      vertex -11 -1.1 0
    endloop
  endfacet
  facet normal -0.970052 -0.242897 0
    outer loop
      vertex -5.92114 0.214599 0
      vertex -5.94736 0.319313 1.5
      vertex -5.94736 0.319313 0
    endloop
  endfacet
  facet normal -0.970052 -0.242897 0
    outer loop
      vertex -5.94736 0.319313 1.5
      vertex -5.92114 0.214599 0
      vertex -5.92114 0.214599 1.5
    endloop
  endfacet
  facet normal 0.94174 -0.336342 0
    outer loop
      vertex -12.0526 0.319313 1.5
      vertex -12.0163 0.420951 0
      vertex -12.0163 0.420951 1.5
    endloop
  endfacet
  facet normal 0.94174 -0.336342 0
    outer loop
      vertex -12.0163 0.420951 0
      vertex -12.0526 0.319313 1.5
      vertex -12.0526 0.319313 0
    endloop
  endfacet
  facet normal 0.903826 -0.427901 0
    outer loop
      vertex -12.0163 0.420951 1.5
      vertex -11.9701 0.518536 0
      vertex -11.9701 0.518536 1.5
    endloop
  endfacet
  facet normal 0.903826 -0.427901 0
    outer loop
      vertex -11.9701 0.518536 0
      vertex -12.0163 0.420951 1.5
      vertex -12.0163 0.420951 0
    endloop
  endfacet
  facet normal 0.514067 -0.85775 0
    outer loop
      vertex -11.6111 0.914616 0
      vertex -11.5185 0.970113 1.5
      vertex -11.6111 0.914616 1.5
    endloop
  endfacet
  facet normal 0.514067 -0.85775 0
    outer loop
      vertex -11.5185 0.970113 1.5
      vertex -11.6111 0.914616 0
      vertex -11.5185 0.970113 0
    endloop
  endfacet
  facet normal 0.671489 -0.741015 0
    outer loop
      vertex -11.7778 0.777817 0
      vertex -11.6978 0.850311 1.5
      vertex -11.7778 0.777817 1.5
    endloop
  endfacet
  facet normal 0.671489 -0.741015 0
    outer loop
      vertex -11.6978 0.850311 1.5
      vertex -11.7778 0.777817 0
      vertex -11.6978 0.850311 0
    endloop
  endfacet
  facet normal -0.146737 -0.989176 0
    outer loop
      vertex -6.89218 1.0947 0
      vertex -6.7854 1.07886 1.5
      vertex -6.89218 1.0947 1.5
    endloop
  endfacet
  facet normal -0.146737 -0.989176 -0
    outer loop
      vertex -6.7854 1.07886 1.5
      vertex -6.89218 1.0947 0
      vertex -6.7854 1.07886 0
    endloop
  endfacet
  facet normal -0.0490967 -0.998794 0
    outer loop
      vertex -7 1.1 0
      vertex -6.89218 1.0947 1.5
      vertex -7 1.1 1.5
    endloop
  endfacet
  facet normal -0.0490967 -0.998794 -0
    outer loop
      vertex -6.89218 1.0947 1.5
      vertex -7 1.1 0
      vertex -6.89218 1.0947 0
    endloop
  endfacet
  facet normal -0.242993 -0.970028 0
    outer loop
      vertex -6.7854 1.07886 0
      vertex -6.68069 1.05263 1.5
      vertex -6.7854 1.07886 1.5
    endloop
  endfacet
  facet normal -0.242993 -0.970028 -0
    outer loop
      vertex -6.68069 1.05263 1.5
      vertex -6.7854 1.07886 0
      vertex -6.68069 1.05263 0
    endloop
  endfacet
  facet normal -0.514107 -0.857726 0
    outer loop
      vertex -6.48146 0.970113 0
      vertex -6.38887 0.914616 1.5
      vertex -6.48146 0.970113 1.5
    endloop
  endfacet
  facet normal -0.514107 -0.857726 -0
    outer loop
      vertex -6.38887 0.914616 1.5
      vertex -6.48146 0.970113 0
      vertex -6.38887 0.914616 0
    endloop
  endfacet
  facet normal -0.595723 -0.80319 0
    outer loop
      vertex -6.38887 0.914616 0
      vertex -6.30217 0.850311 1.5
      vertex -6.38887 0.914616 1.5
    endloop
  endfacet
  facet normal -0.595723 -0.80319 -0
    outer loop
      vertex -6.30217 0.850311 1.5
      vertex -6.38887 0.914616 0
      vertex -6.30217 0.850311 0
    endloop
  endfacet
  facet normal -0.427558 -0.903988 0
    outer loop
      vertex -6.57905 1.01627 0
      vertex -6.48146 0.970113 1.5
      vertex -6.57905 1.01627 1.5
    endloop
  endfacet
  facet normal -0.427558 -0.903988 -0
    outer loop
      vertex -6.48146 0.970113 1.5
      vertex -6.57905 1.01627 0
      vertex -6.48146 0.970113 0
    endloop
  endfacet
  facet normal -0.803185 -0.59573 0
    outer loop
      vertex -6.08538 0.611127 0
      vertex -6.14969 0.697832 1.5
      vertex -6.14969 0.697832 0
    endloop
  endfacet
  facet normal -0.803185 -0.59573 0
    outer loop
      vertex -6.14969 0.697832 1.5
      vertex -6.08538 0.611127 0
      vertex -6.08538 0.611127 1.5
    endloop
  endfacet
  facet normal -0.74097 -0.671538 0
    outer loop
      vertex -6.14969 0.697832 0
      vertex -6.22218 0.777817 1.5
      vertex -6.22218 0.777817 0
    endloop
  endfacet
  facet normal -0.74097 -0.671538 0
    outer loop
      vertex -6.22218 0.777817 1.5
      vertex -6.14969 0.697832 0
      vertex -6.14969 0.697832 1.5
    endloop
  endfacet
  facet normal -0.857757 -0.514056 0
    outer loop
      vertex -6.02989 0.518536 0
      vertex -6.08538 0.611127 1.5
      vertex -6.08538 0.611127 0
    endloop
  endfacet
  facet normal -0.857757 -0.514056 0
    outer loop
      vertex -6.08538 0.611127 1.5
      vertex -6.02989 0.518536 0
      vertex -6.02989 0.518536 1.5
    endloop
  endfacet
  facet normal -0.941534 -0.336917 0
    outer loop
      vertex -5.94736 0.319313 0
      vertex -5.98373 0.420951 1.5
      vertex -5.98373 0.420951 0
    endloop
  endfacet
  facet normal -0.941534 -0.336917 0
    outer loop
      vertex -5.98373 0.420951 1.5
      vertex -5.94736 0.319313 0
      vertex -5.94736 0.319313 1.5
    endloop
  endfacet
  facet normal -0.989176 -0.146737 0
    outer loop
      vertex -5.9053 0.107819 0
      vertex -5.92114 0.214599 1.5
      vertex -5.92114 0.214599 0
    endloop
  endfacet
  facet normal -0.989176 -0.146737 0
    outer loop
      vertex -5.92114 0.214599 1.5
      vertex -5.9053 0.107819 0
      vertex -5.9053 0.107819 1.5
    endloop
  endfacet
  facet normal 0.14671 0.98918 -0
    outer loop
      vertex -11.1078 -1.0947 0
      vertex -11.2146 -1.07886 1.5
      vertex -11.1078 -1.0947 1.5
    endloop
  endfacet
  facet normal 0.14671 0.98918 0
    outer loop
      vertex -11.2146 -1.07886 1.5
      vertex -11.1078 -1.0947 0
      vertex -11.2146 -1.07886 0
    endloop
  endfacet
  facet normal 0.336653 0.941629 -0
    outer loop
      vertex -11.3193 -1.05263 0
      vertex -11.421 -1.01627 1.5
      vertex -11.3193 -1.05263 1.5
    endloop
  endfacet
  facet normal 0.336653 0.941629 0
    outer loop
      vertex -11.421 -1.01627 1.5
      vertex -11.3193 -1.05263 0
      vertex -11.421 -1.01627 0
    endloop
  endfacet
  facet normal 0.671489 0.741015 -0
    outer loop
      vertex -11.6978 -0.850311 0
      vertex -11.7778 -0.777817 1.5
      vertex -11.6978 -0.850311 1.5
    endloop
  endfacet
  facet normal 0.671489 0.741015 0
    outer loop
      vertex -11.7778 -0.777817 1.5
      vertex -11.6978 -0.850311 0
      vertex -11.7778 -0.777817 0
    endloop
  endfacet
  facet normal 0.514067 0.85775 -0
    outer loop
      vertex -11.5185 -0.970113 0
      vertex -11.6111 -0.914616 1.5
      vertex -11.5185 -0.970113 1.5
    endloop
  endfacet
  facet normal 0.514067 0.85775 0
    outer loop
      vertex -11.6111 -0.914616 1.5
      vertex -11.5185 -0.970113 0
      vertex -11.6111 -0.914616 0
    endloop
  endfacet
  facet normal 0.803229 0.595671 0
    outer loop
      vertex -11.8503 -0.697832 1.5
      vertex -11.9146 -0.611127 0
      vertex -11.9146 -0.611127 1.5
    endloop
  endfacet
  facet normal 0.803229 0.595671 0
    outer loop
      vertex -11.9146 -0.611127 0
      vertex -11.8503 -0.697832 1.5
      vertex -11.8503 -0.697832 0
    endloop
  endfacet
  facet normal 0.903826 0.427901 0
    outer loop
      vertex -11.9701 -0.518536 1.5
      vertex -12.0163 -0.420951 0
      vertex -12.0163 -0.420951 1.5
    endloop
  endfacet
  facet normal 0.903826 0.427901 0
    outer loop
      vertex -12.0163 -0.420951 0
      vertex -11.9701 -0.518536 1.5
      vertex -11.9701 -0.518536 0
    endloop
  endfacet
  facet normal 0.969877 0.243595 0
    outer loop
      vertex -12.0526 -0.319313 1.5
      vertex -12.0789 -0.214599 0
      vertex -12.0789 -0.214599 1.5
    endloop
  endfacet
  facet normal 0.969877 0.243595 0
    outer loop
      vertex -12.0789 -0.214599 0
      vertex -12.0526 -0.319313 1.5
      vertex -12.0526 -0.319313 0
    endloop
  endfacet
  facet normal 0.998794 0.0490972 0
    outer loop
      vertex -12.0947 -0.107819 1.5
      vertex -12.1 0 0
      vertex -12.1 0 1.5
    endloop
  endfacet
  facet normal 0.998794 0.0490972 0
    outer loop
      vertex -12.1 0 0
      vertex -12.0947 -0.107819 1.5
      vertex -12.0947 -0.107819 0
    endloop
  endfacet
  facet normal -0.0490967 0.998794 0
    outer loop
      vertex -6.89218 -1.0947 0
      vertex -7 -1.1 1.5
      vertex -6.89218 -1.0947 1.5
    endloop
  endfacet
  facet normal -0.0490967 0.998794 0
    outer loop
      vertex -7 -1.1 1.5
      vertex -6.89218 -1.0947 0
      vertex -7 -1.1 0
    endloop
  endfacet
  facet normal 0.0491058 0.998794 -0
    outer loop
      vertex -11 -1.1 0
      vertex -11.1078 -1.0947 1.5
      vertex -11 -1.1 1.5
    endloop
  endfacet
  facet normal 0.0491058 0.998794 0
    outer loop
      vertex -11.1078 -1.0947 1.5
      vertex -11 -1.1 0
      vertex -11.1078 -1.0947 0
    endloop
  endfacet
  facet normal -0.671535 0.740973 0
    outer loop
      vertex -6.22218 -0.777817 0
      vertex -6.30217 -0.850311 1.5
      vertex -6.22218 -0.777817 1.5
    endloop
  endfacet
  facet normal -0.671535 0.740973 0
    outer loop
      vertex -6.30217 -0.850311 1.5
      vertex -6.22218 -0.777817 0
      vertex -6.30217 -0.850311 0
    endloop
  endfacet
  facet normal -0.970052 0.242897 0
    outer loop
      vertex -5.94736 -0.319313 0
      vertex -5.92114 -0.214599 1.5
      vertex -5.92114 -0.214599 0
    endloop
  endfacet
  facet normal -0.970052 0.242897 0
    outer loop
      vertex -5.92114 -0.214599 1.5
      vertex -5.94736 -0.319313 0
      vertex -5.94736 -0.319313 1.5
    endloop
  endfacet
  facet normal 0.969877 -0.243595 0
    outer loop
      vertex -12.0789 0.214599 1.5
      vertex -12.0526 0.319313 0
      vertex -12.0526 0.319313 1.5
    endloop
  endfacet
  facet normal 0.969877 -0.243595 0
    outer loop
      vertex -12.0526 0.319313 0
      vertex -12.0789 0.214599 1.5
      vertex -12.0789 0.214599 0
    endloop
  endfacet
  facet normal 0.989229 -0.146374 0
    outer loop
      vertex -12.0947 0.107819 1.5
      vertex -12.0789 0.214599 0
      vertex -12.0789 0.214599 1.5
    endloop
  endfacet
  facet normal 0.989229 -0.146374 0
    outer loop
      vertex -12.0789 0.214599 0
      vertex -12.0947 0.107819 1.5
      vertex -12.0947 0.107819 0
    endloop
  endfacet
  facet normal 0.857716 -0.514124 0
    outer loop
      vertex -11.9701 0.518536 1.5
      vertex -11.9146 0.611127 0
      vertex -11.9146 0.611127 1.5
    endloop
  endfacet
  facet normal 0.857716 -0.514124 0
    outer loop
      vertex -11.9146 0.611127 0
      vertex -11.9701 0.518536 1.5
      vertex -11.9701 0.518536 0
    endloop
  endfacet
  facet normal 0.42788 -0.903835 0
    outer loop
      vertex -11.5185 0.970113 0
      vertex -11.421 1.01627 1.5
      vertex -11.5185 0.970113 1.5
    endloop
  endfacet
  facet normal 0.42788 -0.903835 0
    outer loop
      vertex -11.421 1.01627 1.5
      vertex -11.5185 0.970113 0
      vertex -11.421 1.01627 0
    endloop
  endfacet
  facet normal 0.336653 -0.941629 0
    outer loop
      vertex -11.421 1.01627 0
      vertex -11.3193 1.05263 1.5
      vertex -11.421 1.01627 1.5
    endloop
  endfacet
  facet normal 0.336653 -0.941629 0
    outer loop
      vertex -11.3193 1.05263 1.5
      vertex -11.421 1.01627 0
      vertex -11.3193 1.05263 0
    endloop
  endfacet
  facet normal 0.595723 -0.80319 0
    outer loop
      vertex -11.6978 0.850311 0
      vertex -11.6111 0.914616 1.5
      vertex -11.6978 0.850311 1.5
    endloop
  endfacet
  facet normal 0.595723 -0.80319 0
    outer loop
      vertex -11.6111 0.914616 1.5
      vertex -11.6978 0.850311 0
      vertex -11.6111 0.914616 0
    endloop
  endfacet
  facet normal 0.740924 -0.671589 0
    outer loop
      vertex -11.8503 0.697832 1.5
      vertex -11.7778 0.777817 0
      vertex -11.7778 0.777817 1.5
    endloop
  endfacet
  facet normal 0.740924 -0.671589 0
    outer loop
      vertex -11.7778 0.777817 0
      vertex -11.8503 0.697832 1.5
      vertex -11.8503 0.697832 0
    endloop
  endfacet
  facet normal 0.243015 0.970022 -0
    outer loop
      vertex -11.2146 -1.07886 0
      vertex -11.3193 -1.05263 1.5
      vertex -11.2146 -1.07886 1.5
    endloop
  endfacet
  facet normal 0.243015 0.970022 0
    outer loop
      vertex -11.3193 -1.05263 1.5
      vertex -11.2146 -1.07886 0
      vertex -11.3193 -1.05263 0
    endloop
  endfacet
  facet normal 0.42788 0.903835 -0
    outer loop
      vertex -11.421 -1.01627 0
      vertex -11.5185 -0.970113 1.5
      vertex -11.421 -1.01627 1.5
    endloop
  endfacet
  facet normal 0.42788 0.903835 0
    outer loop
      vertex -11.5185 -0.970113 1.5
      vertex -11.421 -1.01627 0
      vertex -11.5185 -0.970113 0
    endloop
  endfacet
  facet normal 0.740924 0.671589 0
    outer loop
      vertex -11.7778 -0.777817 1.5
      vertex -11.8503 -0.697832 0
      vertex -11.8503 -0.697832 1.5
    endloop
  endfacet
  facet normal 0.740924 0.671589 0
    outer loop
      vertex -11.8503 -0.697832 0
      vertex -11.7778 -0.777817 1.5
      vertex -11.7778 -0.777817 0
    endloop
  endfacet
  facet normal 0.595723 0.80319 -0
    outer loop
      vertex -11.6111 -0.914616 0
      vertex -11.6978 -0.850311 1.5
      vertex -11.6111 -0.914616 1.5
    endloop
  endfacet
  facet normal 0.595723 0.80319 0
    outer loop
      vertex -11.6978 -0.850311 1.5
      vertex -11.6111 -0.914616 0
      vertex -11.6978 -0.850311 0
    endloop
  endfacet
  facet normal 0.857716 0.514124 0
    outer loop
      vertex -11.9146 -0.611127 1.5
      vertex -11.9701 -0.518536 0
      vertex -11.9701 -0.518536 1.5
    endloop
  endfacet
  facet normal 0.857716 0.514124 0
    outer loop
      vertex -11.9701 -0.518536 0
      vertex -11.9146 -0.611127 1.5
      vertex -11.9146 -0.611127 0
    endloop
  endfacet
  facet normal 0.94174 0.336342 0
    outer loop
      vertex -12.0163 -0.420951 1.5
      vertex -12.0526 -0.319313 0
      vertex -12.0526 -0.319313 1.5
    endloop
  endfacet
  facet normal 0.94174 0.336342 0
    outer loop
      vertex -12.0526 -0.319313 0
      vertex -12.0163 -0.420951 1.5
      vertex -12.0163 -0.420951 0
    endloop
  endfacet
  facet normal 0.989229 0.146374 0
    outer loop
      vertex -12.0789 -0.214599 1.5
      vertex -12.0947 -0.107819 0
      vertex -12.0947 -0.107819 1.5
    endloop
  endfacet
  facet normal 0.989229 0.146374 0
    outer loop
      vertex -12.0947 -0.107819 0
      vertex -12.0789 -0.214599 1.5
      vertex -12.0789 -0.214599 0
    endloop
  endfacet
  facet normal -0.595723 0.80319 0
    outer loop
      vertex -6.30217 -0.850311 0
      vertex -6.38887 -0.914616 1.5
      vertex -6.30217 -0.850311 1.5
    endloop
  endfacet
  facet normal -0.595723 0.80319 0
    outer loop
      vertex -6.38887 -0.914616 1.5
      vertex -6.30217 -0.850311 0
      vertex -6.38887 -0.914616 0
    endloop
  endfacet
  facet normal -0.427558 0.903988 0
    outer loop
      vertex -6.48146 -0.970113 0
      vertex -6.57905 -1.01627 1.5
      vertex -6.48146 -0.970113 1.5
    endloop
  endfacet
  facet normal -0.427558 0.903988 0
    outer loop
      vertex -6.57905 -1.01627 1.5
      vertex -6.48146 -0.970113 0
      vertex -6.57905 -1.01627 0
    endloop
  endfacet
  facet normal -0.857757 0.514056 0
    outer loop
      vertex -6.08538 -0.611127 0
      vertex -6.02989 -0.518536 1.5
      vertex -6.02989 -0.518536 0
    endloop
  endfacet
  facet normal -0.857757 0.514056 0
    outer loop
      vertex -6.02989 -0.518536 1.5
      vertex -6.08538 -0.611127 0
      vertex -6.08538 -0.611127 1.5
    endloop
  endfacet
  facet normal -0.941534 0.336917 0
    outer loop
      vertex -5.98373 -0.420951 0
      vertex -5.94736 -0.319313 1.5
      vertex -5.94736 -0.319313 0
    endloop
  endfacet
  facet normal -0.941534 0.336917 0
    outer loop
      vertex -5.94736 -0.319313 1.5
      vertex -5.98373 -0.420951 0
      vertex -5.98373 -0.420951 1.5
    endloop
  endfacet
  facet normal -0.514107 0.857726 0
    outer loop
      vertex -6.38887 -0.914616 0
      vertex -6.48146 -0.970113 1.5
      vertex -6.38887 -0.914616 1.5
    endloop
  endfacet
  facet normal -0.514107 0.857726 0
    outer loop
      vertex -6.48146 -0.970113 1.5
      vertex -6.38887 -0.914616 0
      vertex -6.48146 -0.970113 0
    endloop
  endfacet
  facet normal -0.336829 0.941566 0
    outer loop
      vertex -6.57905 -1.01627 0
      vertex -6.68069 -1.05263 1.5
      vertex -6.57905 -1.01627 1.5
    endloop
  endfacet
  facet normal -0.336829 0.941566 0
    outer loop
      vertex -6.68069 -1.05263 1.5
      vertex -6.57905 -1.01627 0
      vertex -6.68069 -1.05263 0
    endloop
  endfacet
  facet normal -0.803185 0.59573 0
    outer loop
      vertex -6.14969 -0.697832 0
      vertex -6.08538 -0.611127 1.5
      vertex -6.08538 -0.611127 0
    endloop
  endfacet
  facet normal -0.803185 0.59573 0
    outer loop
      vertex -6.08538 -0.611127 1.5
      vertex -6.14969 -0.697832 0
      vertex -6.14969 -0.697832 1.5
    endloop
  endfacet
  facet normal -0.903969 0.427598 0
    outer loop
      vertex -6.02989 -0.518536 0
      vertex -5.98373 -0.420951 1.5
      vertex -5.98373 -0.420951 0
    endloop
  endfacet
  facet normal -0.903969 0.427598 0
    outer loop
      vertex -5.98373 -0.420951 1.5
      vertex -6.02989 -0.518536 0
      vertex -6.02989 -0.518536 1.5
    endloop
  endfacet
  facet normal -0.989176 0.146736 0
    outer loop
      vertex -4.84227 -0.429198 1.5
      vertex -4.81059 -0.215637 4
      vertex -4.81059 -0.215637 1.5
    endloop
  endfacet
  facet normal -0.989176 0.146736 0
    outer loop
      vertex -4.81059 -0.215637 4
      vertex -4.84227 -0.429198 1.5
      vertex -4.84227 -0.429198 4
    endloop
  endfacet
  facet normal -0.998796 -0.0490512 0
    outer loop
      vertex -4.8 0 1.5
      vertex -4.81059 0.215637 4
      vertex -4.81059 0.215637 1.5
    endloop
  endfacet
  facet normal -0.998796 -0.0490512 0
    outer loop
      vertex -4.81059 0.215637 4
      vertex -4.8 0 1.5
      vertex -4.8 0 4
    endloop
  endfacet
  facet normal -0.998796 0.0490512 0
    outer loop
      vertex -4.81059 -0.215637 1.5
      vertex -4.8 0 4
      vertex -4.8 0 1.5
    endloop
  endfacet
  facet normal -0.998796 0.0490512 0
    outer loop
      vertex -4.8 0 4
      vertex -4.81059 -0.215637 1.5
      vertex -4.81059 -0.215637 4
    endloop
  endfacet
  facet normal 0 -1 0
    outer loop
      vertex -11 2.2 1.5
      vertex -7 2.2 4
      vertex -11 2.2 4
    endloop
  endfacet
  facet normal 0 -1 -0
    outer loop
      vertex -7 2.2 4
      vertex -11 2.2 1.5
      vertex -7 2.2 1.5
    endloop
  endfacet
  facet normal -0.671563 -0.740947 0
    outer loop
      vertex -5.60433 1.70062 1.5
      vertex -5.44436 1.55563 4
      vertex -5.60433 1.70062 4
    endloop
  endfacet
  facet normal -0.671563 -0.740947 -0
    outer loop
      vertex -5.44436 1.55563 4
      vertex -5.60433 1.70062 1.5
      vertex -5.44436 1.55563 1.5
    endloop
  endfacet
  facet normal -0.146737 -0.989176 0
    outer loop
      vertex -6.78436 2.18941 1.5
      vertex -6.5708 2.15773 4
      vertex -6.78436 2.18941 4
    endloop
  endfacet
  facet normal -0.146737 -0.989176 -0
    outer loop
      vertex -6.5708 2.15773 4
      vertex -6.78436 2.18941 1.5
      vertex -6.5708 2.15773 1.5
    endloop
  endfacet
  facet normal 0.0490596 0.998796 -0
    outer loop
      vertex -11 -2.2 1.5
      vertex -11.2156 -2.18941 4
      vertex -11 -2.2 4
    endloop
  endfacet
  facet normal 0.0490596 0.998796 0
    outer loop
      vertex -11.2156 -2.18941 4
      vertex -11 -2.2 1.5
      vertex -11.2156 -2.18941 1.5
    endloop
  endfacet
  facet normal -0.514128 0.857714 0
    outer loop
      vertex -5.77775 -1.82923 1.5
      vertex -5.96293 -1.94023 4
      vertex -5.77775 -1.82923 4
    endloop
  endfacet
  facet normal -0.514128 0.857714 0
    outer loop
      vertex -5.96293 -1.94023 4
      vertex -5.77775 -1.82923 1.5
      vertex -5.96293 -1.94023 1.5
    endloop
  endfacet
  facet normal -0.857714 -0.514128 0
    outer loop
      vertex -5.05977 1.03707 1.5
      vertex -5.17077 1.22225 4
      vertex -5.17077 1.22225 1.5
    endloop
  endfacet
  facet normal -0.857714 -0.514128 0
    outer loop
      vertex -5.17077 1.22225 4
      vertex -5.05977 1.03707 1.5
      vertex -5.05977 1.03707 4
    endloop
  endfacet
  facet normal 0.903101 -0.429428 0
    outer loop
      vertex -12.9501 1.01625 4
      vertex -12.9402 1.03707 1.5
      vertex -12.9402 1.03707 4
    endloop
  endfacet
  facet normal 0.903101 -0.429428 0
    outer loop
      vertex -12.9402 1.03707 1.5
      vertex -12.9501 1.01625 4
      vertex -12.9501 1.01625 1.5
    endloop
  endfacet
  facet normal 0.427469 -0.90403 0
    outer loop
      vertex -12.0371 1.94023 1.5
      vertex -11.8419 2.03253 4
      vertex -12.0371 1.94023 4
    endloop
  endfacet
  facet normal 0.427469 -0.90403 0
    outer loop
      vertex -11.8419 2.03253 4
      vertex -12.0371 1.94023 1.5
      vertex -11.8419 2.03253 1.5
    endloop
  endfacet
  facet normal 0.0490596 -0.998796 0
    outer loop
      vertex -11.2156 2.18941 1.5
      vertex -11 2.2 4
      vertex -11.2156 2.18941 4
    endloop
  endfacet
  facet normal 0.0490596 -0.998796 0
    outer loop
      vertex -11 2.2 4
      vertex -11.2156 2.18941 1.5
      vertex -11 2.2 1.5
    endloop
  endfacet
  facet normal 0.243015 -0.970022 0
    outer loop
      vertex -11.6386 2.10527 1.5
      vertex -11.4292 2.15773 4
      vertex -11.6386 2.10527 4
    endloop
  endfacet
  facet normal 0.243015 -0.970022 0
    outer loop
      vertex -11.4292 2.15773 4
      vertex -11.6386 2.10527 1.5
      vertex -11.4292 2.15773 1.5
    endloop
  endfacet
  facet normal -0.242982 -0.970031 0
    outer loop
      vertex -6.5708 2.15773 1.5
      vertex -6.36137 2.10527 4
      vertex -6.5708 2.15773 4
    endloop
  endfacet
  facet normal -0.242982 -0.970031 -0
    outer loop
      vertex -6.36137 2.10527 4
      vertex -6.5708 2.15773 1.5
      vertex -6.36137 2.10527 1.5
    endloop
  endfacet
  facet normal -0.803223 -0.595678 0
    outer loop
      vertex -5.17077 1.22225 1.5
      vertex -5.29938 1.39567 4
      vertex -5.29938 1.39567 1.5
    endloop
  endfacet
  facet normal -0.803223 -0.595678 0
    outer loop
      vertex -5.29938 1.39567 4
      vertex -5.17077 1.22225 1.5
      vertex -5.17077 1.22225 4
    endloop
  endfacet
  facet normal 0.336882 0.941547 -0
    outer loop
      vertex -11.6386 -2.10527 1.5
      vertex -11.8419 -2.03253 4
      vertex -11.6386 -2.10527 4
    endloop
  endfacet
  facet normal 0.336882 0.941547 0
    outer loop
      vertex -11.8419 -2.03253 4
      vertex -11.6386 -2.10527 1.5
      vertex -11.8419 -2.03253 1.5
    endloop
  endfacet
  facet normal 0.740903 0.671612 0
    outer loop
      vertex -12.5556 -1.55563 4
      vertex -12.7006 -1.39567 1.5
      vertex -12.7006 -1.39567 4
    endloop
  endfacet
  facet normal 0.740903 0.671612 0
    outer loop
      vertex -12.7006 -1.39567 1.5
      vertex -12.5556 -1.55563 4
      vertex -12.5556 -1.55563 1.5
    endloop
  endfacet
  facet normal -0.0490505 0.998796 0
    outer loop
      vertex -6.78436 -2.18941 1.5
      vertex -7 -2.2 4
      vertex -6.78436 -2.18941 4
    endloop
  endfacet
  facet normal -0.0490505 0.998796 0
    outer loop
      vertex -7 -2.2 4
      vertex -6.78436 -2.18941 1.5
      vertex -7 -2.2 1.5
    endloop
  endfacet
  facet normal 0 1 -0
    outer loop
      vertex -7 -2.2 1.5
      vertex -11 -2.2 4
      vertex -7 -2.2 4
    endloop
  endfacet
  facet normal 0 1 0
    outer loop
      vertex -11 -2.2 4
      vertex -7 -2.2 1.5
      vertex -11 -2.2 1.5
    endloop
  endfacet
  facet normal 0.671724 -0.740801 0
    outer loop
      vertex -12.5556 1.55563 1.5
      vertex -12.3957 1.70062 4
      vertex -12.5556 1.55563 4
    endloop
  endfacet
  facet normal 0.671724 -0.740801 0
    outer loop
      vertex -12.3957 1.70062 4
      vertex -12.5556 1.55563 1.5
      vertex -12.3957 1.70062 1.5
    endloop
  endfacet
  facet normal 0.514087 -0.857738 0
    outer loop
      vertex -12.2223 1.82923 1.5
      vertex -12.0371 1.94023 4
      vertex -12.2223 1.82923 4
    endloop
  endfacet
  facet normal 0.514087 -0.857738 0
    outer loop
      vertex -12.0371 1.94023 4
      vertex -12.2223 1.82923 1.5
      vertex -12.0371 1.94023 1.5
    endloop
  endfacet
  facet normal 0.595723 -0.80319 0
    outer loop
      vertex -12.3957 1.70062 1.5
      vertex -12.2223 1.82923 4
      vertex -12.3957 1.70062 4
    endloop
  endfacet
  facet normal 0.595723 -0.80319 0
    outer loop
      vertex -12.2223 1.82923 4
      vertex -12.3957 1.70062 1.5
      vertex -12.2223 1.82923 1.5
    endloop
  endfacet
  facet normal 0.14671 -0.98918 0
    outer loop
      vertex -11.4292 2.15773 1.5
      vertex -11.2156 2.18941 4
      vertex -11.4292 2.15773 4
    endloop
  endfacet
  facet normal 0.14671 -0.98918 0
    outer loop
      vertex -11.2156 2.18941 4
      vertex -11.4292 2.15773 1.5
      vertex -11.2156 2.18941 1.5
    endloop
  endfacet
  facet normal -0.0490505 -0.998796 0
    outer loop
      vertex -7 2.2 1.5
      vertex -6.78436 2.18941 4
      vertex -7 2.2 4
    endloop
  endfacet
  facet normal -0.0490505 -0.998796 -0
    outer loop
      vertex -6.78436 2.18941 4
      vertex -7 2.2 1.5
      vertex -6.78436 2.18941 1.5
    endloop
  endfacet
  facet normal -0.336926 -0.941531 0
    outer loop
      vertex -6.36137 2.10527 1.5
      vertex -6.1581 2.03253 4
      vertex -6.36137 2.10527 4
    endloop
  endfacet
  facet normal -0.336926 -0.941531 -0
    outer loop
      vertex -6.1581 2.03253 4
      vertex -6.36137 2.10527 1.5
      vertex -6.1581 2.03253 1.5
    endloop
  endfacet
  facet normal -0.427523 -0.904005 0
    outer loop
      vertex -6.1581 2.03253 1.5
      vertex -5.96293 1.94023 4
      vertex -6.1581 2.03253 4
    endloop
  endfacet
  facet normal -0.427523 -0.904005 -0
    outer loop
      vertex -5.96293 1.94023 4
      vertex -6.1581 2.03253 1.5
      vertex -5.96293 1.94023 1.5
    endloop
  endfacet
  facet normal -0.514128 -0.857714 0
    outer loop
      vertex -5.96293 1.94023 1.5
      vertex -5.77775 1.82923 4
      vertex -5.96293 1.94023 4
    endloop
  endfacet
  facet normal -0.514128 -0.857714 -0
    outer loop
      vertex -5.77775 1.82923 4
      vertex -5.96293 1.94023 1.5
      vertex -5.77775 1.82923 1.5
    endloop
  endfacet
  facet normal -0.740949 -0.671561 0
    outer loop
      vertex -5.29938 1.39567 1.5
      vertex -5.44436 1.55563 4
      vertex -5.44436 1.55563 1.5
    endloop
  endfacet
  facet normal -0.740949 -0.671561 0
    outer loop
      vertex -5.44436 1.55563 4
      vertex -5.29938 1.39567 1.5
      vertex -5.29938 1.39567 4
    endloop
  endfacet
  facet normal -0.903984 -0.427566 0
    outer loop
      vertex -4.96746 0.841903 1.5
      vertex -5.05977 1.03707 4
      vertex -5.05977 1.03707 1.5
    endloop
  endfacet
  facet normal -0.903984 -0.427566 0
    outer loop
      vertex -5.05977 1.03707 4
      vertex -4.96746 0.841903 1.5
      vertex -4.96746 0.841903 4
    endloop
  endfacet
  facet normal -0.97003 -0.242985 0
    outer loop
      vertex -4.84227 0.429198 1.5
      vertex -4.89473 0.638626 4
      vertex -4.89473 0.638626 1.5
    endloop
  endfacet
  facet normal -0.97003 -0.242985 0
    outer loop
      vertex -4.89473 0.638626 4
      vertex -4.84227 0.429198 1.5
      vertex -4.84227 0.429198 4
    endloop
  endfacet
  facet normal -0.989176 -0.146736 0
    outer loop
      vertex -4.81059 0.215637 1.5
      vertex -4.84227 0.429198 4
      vertex -4.84227 0.429198 1.5
    endloop
  endfacet
  facet normal -0.989176 -0.146736 0
    outer loop
      vertex -4.84227 0.429198 4
      vertex -4.81059 0.215637 1.5
      vertex -4.81059 0.215637 4
    endloop
  endfacet
  facet normal 0.14671 0.98918 -0
    outer loop
      vertex -11.2156 -2.18941 1.5
      vertex -11.4292 -2.15773 4
      vertex -11.2156 -2.18941 4
    endloop
  endfacet
  facet normal 0.14671 0.98918 0
    outer loop
      vertex -11.4292 -2.15773 4
      vertex -11.2156 -2.18941 1.5
      vertex -11.4292 -2.15773 1.5
    endloop
  endfacet
  facet normal 0.243015 0.970022 -0
    outer loop
      vertex -11.4292 -2.15773 1.5
      vertex -11.6386 -2.10527 4
      vertex -11.4292 -2.15773 4
    endloop
  endfacet
  facet normal 0.243015 0.970022 0
    outer loop
      vertex -11.6386 -2.10527 4
      vertex -11.4292 -2.15773 1.5
      vertex -11.6386 -2.10527 1.5
    endloop
  endfacet
  facet normal 0.514087 0.857738 -0
    outer loop
      vertex -12.0371 -1.94023 1.5
      vertex -12.2223 -1.82923 4
      vertex -12.0371 -1.94023 4
    endloop
  endfacet
  facet normal 0.514087 0.857738 0
    outer loop
      vertex -12.2223 -1.82923 4
      vertex -12.0371 -1.94023 1.5
      vertex -12.2223 -1.82923 1.5
    endloop
  endfacet
  facet normal 0.671724 0.740801 -0
    outer loop
      vertex -12.3957 -1.70062 1.5
      vertex -12.5556 -1.55563 4
      vertex -12.3957 -1.70062 4
    endloop
  endfacet
  facet normal 0.671724 0.740801 0
    outer loop
      vertex -12.5556 -1.55563 4
      vertex -12.3957 -1.70062 1.5
      vertex -12.5556 -1.55563 1.5
    endloop
  endfacet
  facet normal 0.857714 0.514128 0
    outer loop
      vertex -12.8292 -1.22225 4
      vertex -12.9402 -1.03707 1.5
      vertex -12.9402 -1.03707 4
    endloop
  endfacet
  facet normal 0.857714 0.514128 0
    outer loop
      vertex -12.9402 -1.03707 1.5
      vertex -12.8292 -1.22225 4
      vertex -12.8292 -1.22225 1.5
    endloop
  endfacet
  facet normal 0.803245 0.595648 0
    outer loop
      vertex -12.7006 -1.39567 4
      vertex -12.8292 -1.22225 1.5
      vertex -12.8292 -1.22225 4
    endloop
  endfacet
  facet normal 0.803245 0.595648 0
    outer loop
      vertex -12.8292 -1.22225 1.5
      vertex -12.7006 -1.39567 4
      vertex -12.7006 -1.39567 1.5
    endloop
  endfacet
  facet normal 0.903101 0.429428 0
    outer loop
      vertex -12.9402 -1.03707 4
      vertex -12.9501 -1.01625 1.5
      vertex -12.9501 -1.01625 4
    endloop
  endfacet
  facet normal 0.903101 0.429428 0
    outer loop
      vertex -12.9501 -1.01625 1.5
      vertex -12.9402 -1.03707 4
      vertex -12.9402 -1.03707 1.5
    endloop
  endfacet
  facet normal -0.242982 0.970031 0
    outer loop
      vertex -6.36137 -2.10527 1.5
      vertex -6.5708 -2.15773 4
      vertex -6.36137 -2.10527 4
    endloop
  endfacet
  facet normal -0.242982 0.970031 0
    outer loop
      vertex -6.5708 -2.15773 4
      vertex -6.36137 -2.10527 1.5
      vertex -6.5708 -2.15773 1.5
    endloop
  endfacet
  facet normal -0.146737 0.989176 0
    outer loop
      vertex -6.5708 -2.15773 1.5
      vertex -6.78436 -2.18941 4
      vertex -6.5708 -2.15773 4
    endloop
  endfacet
  facet normal -0.146737 0.989176 0
    outer loop
      vertex -6.78436 -2.18941 4
      vertex -6.5708 -2.15773 1.5
      vertex -6.78436 -2.18941 1.5
    endloop
  endfacet
  facet normal -0.427523 0.904005 0
    outer loop
      vertex -5.96293 -1.94023 1.5
      vertex -6.1581 -2.03253 4
      vertex -5.96293 -1.94023 4
    endloop
  endfacet
  facet normal -0.427523 0.904005 0
    outer loop
      vertex -6.1581 -2.03253 4
      vertex -5.96293 -1.94023 1.5
      vertex -6.1581 -2.03253 1.5
    endloop
  endfacet
  facet normal -0.740949 0.671561 0
    outer loop
      vertex -5.44436 -1.55563 1.5
      vertex -5.29938 -1.39567 4
      vertex -5.29938 -1.39567 1.5
    endloop
  endfacet
  facet normal -0.740949 0.671561 0
    outer loop
      vertex -5.29938 -1.39567 4
      vertex -5.44436 -1.55563 1.5
      vertex -5.44436 -1.55563 4
    endloop
  endfacet
  facet normal -0.857714 0.514128 0
    outer loop
      vertex -5.17077 -1.22225 1.5
      vertex -5.05977 -1.03707 4
      vertex -5.05977 -1.03707 1.5
    endloop
  endfacet
  facet normal -0.857714 0.514128 0
    outer loop
      vertex -5.05977 -1.03707 4
      vertex -5.17077 -1.22225 1.5
      vertex -5.17077 -1.22225 4
    endloop
  endfacet
  facet normal -0.97003 0.242985 0
    outer loop
      vertex -4.89473 -0.638626 1.5
      vertex -4.84227 -0.429198 4
      vertex -4.84227 -0.429198 1.5
    endloop
  endfacet
  facet normal -0.97003 0.242985 0
    outer loop
      vertex -4.84227 -0.429198 4
      vertex -4.89473 -0.638626 1.5
      vertex -4.89473 -0.638626 4
    endloop
  endfacet
  facet normal 0.803245 -0.595648 0
    outer loop
      vertex -12.8292 1.22225 4
      vertex -12.7006 1.39567 1.5
      vertex -12.7006 1.39567 4
    endloop
  endfacet
  facet normal 0.803245 -0.595648 0
    outer loop
      vertex -12.7006 1.39567 1.5
      vertex -12.8292 1.22225 4
      vertex -12.8292 1.22225 1.5
    endloop
  endfacet
  facet normal 0.857714 -0.514128 0
    outer loop
      vertex -12.9402 1.03707 4
      vertex -12.8292 1.22225 1.5
      vertex -12.8292 1.22225 4
    endloop
  endfacet
  facet normal 0.857714 -0.514128 0
    outer loop
      vertex -12.8292 1.22225 1.5
      vertex -12.9402 1.03707 4
      vertex -12.9402 1.03707 1.5
    endloop
  endfacet
  facet normal 0.336882 -0.941547 0
    outer loop
      vertex -11.8419 2.03253 1.5
      vertex -11.6386 2.10527 4
      vertex -11.8419 2.03253 4
    endloop
  endfacet
  facet normal 0.336882 -0.941547 0
    outer loop
      vertex -11.6386 2.10527 4
      vertex -11.8419 2.03253 1.5
      vertex -11.6386 2.10527 1.5
    endloop
  endfacet
  facet normal 0.740903 -0.671612 0
    outer loop
      vertex -12.7006 1.39567 4
      vertex -12.5556 1.55563 1.5
      vertex -12.5556 1.55563 4
    endloop
  endfacet
  facet normal 0.740903 -0.671612 0
    outer loop
      vertex -12.5556 1.55563 1.5
      vertex -12.7006 1.39567 4
      vertex -12.7006 1.39567 1.5
    endloop
  endfacet
  facet normal -0.595678 -0.803223 0
    outer loop
      vertex -5.77775 1.82923 1.5
      vertex -5.60433 1.70062 4
      vertex -5.77775 1.82923 4
    endloop
  endfacet
  facet normal -0.595678 -0.803223 -0
    outer loop
      vertex -5.60433 1.70062 4
      vertex -5.77775 1.82923 1.5
      vertex -5.60433 1.70062 1.5
    endloop
  endfacet
  facet normal 0 0 1
    outer loop
      vertex -5.9 0 1.5
      vertex -4.8 0 1.5
      vertex -4.81059 0.215637 1.5
    endloop
  endfacet
  facet normal 0 0 1
    outer loop
      vertex -5.9053 0.107819 1.5
      vertex -4.81059 0.215637 1.5
      vertex -4.84227 0.429198 1.5
    endloop
  endfacet
  facet normal 0 0 1
    outer loop
      vertex -4.8 0 1.5
      vertex -5.9 0 1.5
      vertex -4.81059 -0.215637 1.5
    endloop
  endfacet
  facet normal 0 0 1
    outer loop
      vertex -5.92114 0.214599 1.5
      vertex -4.84227 0.429198 1.5
      vertex -4.89473 0.638626 1.5
    endloop
  endfacet
  facet normal -0 0 1
    outer loop
      vertex -5.9053 -0.107819 1.5
      vertex -4.81059 -0.215637 1.5
      vertex -5.9 0 1.5
    endloop
  endfacet
  facet normal 0 0 1
    outer loop
      vertex -5.94736 0.319313 1.5
      vertex -4.89473 0.638626 1.5
      vertex -4.96746 0.841903 1.5
    endloop
  endfacet
  facet normal 0 0 1
    outer loop
      vertex -4.81059 -0.215637 1.5
      vertex -5.9053 -0.107819 1.5
      vertex -4.84227 -0.429198 1.5
    endloop
  endfacet
  facet normal 0 0 1
    outer loop
      vertex -5.98373 0.420951 1.5
      vertex -4.96746 0.841903 1.5
      vertex -5.05977 1.03707 1.5
    endloop
  endfacet
  facet normal -0 0 1
    outer loop
      vertex -5.92114 -0.214599 1.5
      vertex -4.84227 -0.429198 1.5
      vertex -5.9053 -0.107819 1.5
    endloop
  endfacet
  facet normal 0 0 1
    outer loop
      vertex -6.02989 0.518536 1.5
      vertex -5.05977 1.03707 1.5
      vertex -5.17077 1.22225 1.5
    endloop
  endfacet
  facet normal 0 0 1
    outer loop
      vertex -4.84227 -0.429198 1.5
      vertex -5.92114 -0.214599 1.5
      vertex -4.89473 -0.638626 1.5
    endloop
  endfacet
  facet normal 0 0 1
    outer loop
      vertex -6.08538 0.611127 1.5
      vertex -5.17077 1.22225 1.5
      vertex -5.29938 1.39567 1.5
    endloop
  endfacet
  facet normal -0 0 1
    outer loop
      vertex -5.94736 -0.319313 1.5
      vertex -4.89473 -0.638626 1.5
      vertex -5.92114 -0.214599 1.5
    endloop
  endfacet
  facet normal 0 0 1
    outer loop
      vertex -6.14969 0.697832 1.5
      vertex -5.29938 1.39567 1.5
      vertex -5.44436 1.55563 1.5
    endloop
  endfacet
  facet normal 0 0 1
    outer loop
      vertex -4.89473 -0.638626 1.5
      vertex -5.94736 -0.319313 1.5
      vertex -4.96746 -0.841903 1.5
    endloop
  endfacet
  facet normal 0 0 1
    outer loop
      vertex -6.22218 0.777817 1.5
      vertex -5.44436 1.55563 1.5
      vertex -5.60433 1.70062 1.5
    endloop
  endfacet
  facet normal -0 0 1
    outer loop
      vertex -5.98373 -0.420951 1.5
      vertex -4.96746 -0.841903 1.5
      vertex -5.94736 -0.319313 1.5
    endloop
  endfacet
  facet normal 0 0 1
    outer loop
      vertex -6.30217 0.850311 1.5
      vertex -5.60433 1.70062 1.5
      vertex -5.77775 1.82923 1.5
    endloop
  endfacet
  facet normal 0 0 1
    outer loop
      vertex -4.96746 -0.841903 1.5
      vertex -5.98373 -0.420951 1.5
      vertex -5.05977 -1.03707 1.5
    endloop
  endfacet
  facet normal -0 0 1
    outer loop
      vertex -6.02989 -0.518536 1.5
      vertex -5.05977 -1.03707 1.5
      vertex -5.98373 -0.420951 1.5
    endloop
  endfacet
  facet normal 0 0 1
    outer loop
      vertex -4.81059 0.215637 1.5
      vertex -5.9053 0.107819 1.5
      vertex -5.9 0 1.5
    endloop
  endfacet
  facet normal 0 0 1
    outer loop
      vertex -4.84227 0.429198 1.5
      vertex -5.92114 0.214599 1.5
      vertex -5.9053 0.107819 1.5
    endloop
  endfacet
  facet normal 0 0 1
    outer loop
      vertex -4.89473 0.638626 1.5
      vertex -5.94736 0.319313 1.5
      vertex -5.92114 0.214599 1.5
    endloop
  endfacet
  facet normal 0 0 1
    outer loop
      vertex -6.38887 0.914616 1.5
      vertex -5.77775 1.82923 1.5
      vertex -5.96293 1.94023 1.5
    endloop
  endfacet
  facet normal 0 0 1
    outer loop
      vertex -4.96746 0.841903 1.5
      vertex -5.98373 0.420951 1.5
      vertex -5.94736 0.319313 1.5
    endloop
  endfacet
  facet normal 0 0 1
    outer loop
      vertex -5.05977 1.03707 1.5
      vertex -6.02989 0.518536 1.5
      vertex -5.98373 0.420951 1.5
    endloop
  endfacet
  facet normal 0 0 1
    outer loop
      vertex -5.17077 1.22225 1.5
      vertex -6.08538 0.611127 1.5
      vertex -6.02989 0.518536 1.5
    endloop
  endfacet
  facet normal 0 0 1
    outer loop
      vertex -5.29938 1.39567 1.5
      vertex -6.14969 0.697832 1.5
      vertex -6.08538 0.611127 1.5
    endloop
  endfacet
  facet normal 0 0 1
    outer loop
      vertex -6.48146 0.970113 1.5
      vertex -5.96293 1.94023 1.5
      vertex -6.1581 2.03253 1.5
    endloop
  endfacet
  facet normal 0 0 1
    outer loop
      vertex -5.44436 1.55563 1.5
      vertex -6.22218 0.777817 1.5
      vertex -6.14969 0.697832 1.5
    endloop
  endfacet
  facet normal 0 0 1
    outer loop
      vertex -5.60433 1.70062 1.5
      vertex -6.30217 0.850311 1.5
      vertex -6.22218 0.777817 1.5
    endloop
  endfacet
  facet normal 0 0 1
    outer loop
      vertex -6.57905 1.01627 1.5
      vertex -6.1581 2.03253 1.5
      vertex -6.36137 2.10527 1.5
    endloop
  endfacet
  facet normal 0 0 1
    outer loop
      vertex -5.77775 1.82923 1.5
      vertex -6.38887 0.914616 1.5
      vertex -6.30217 0.850311 1.5
    endloop
  endfacet
  facet normal 0 0 1
    outer loop
      vertex -5.96293 1.94023 1.5
      vertex -6.48146 0.970113 1.5
      vertex -6.38887 0.914616 1.5
    endloop
  endfacet
  facet normal 0 0 1
    outer loop
      vertex -6.68069 1.05263 1.5
      vertex -6.36137 2.10527 1.5
      vertex -6.5708 2.15773 1.5
    endloop
  endfacet
  facet normal 0 0 1
    outer loop
      vertex -6.1581 2.03253 1.5
      vertex -6.57905 1.01627 1.5
      vertex -6.48146 0.970113 1.5
    endloop
  endfacet
  facet normal 0 0 1
    outer loop
      vertex -6.36137 2.10527 1.5
      vertex -6.68069 1.05263 1.5
      vertex -6.57905 1.01627 1.5
    endloop
  endfacet
  facet normal 0 0 1
    outer loop
      vertex -6.7854 1.07886 1.5
      vertex -6.5708 2.15773 1.5
      vertex -6.78436 2.18941 1.5
    endloop
  endfacet
  facet normal 0 0 1
    outer loop
      vertex -6.5708 2.15773 1.5
      vertex -6.7854 1.07886 1.5
      vertex -6.68069 1.05263 1.5
    endloop
  endfacet
  facet normal 0 0 1
    outer loop
      vertex -6.78436 2.18941 1.5
      vertex -6.89218 1.0947 1.5
      vertex -6.7854 1.07886 1.5
    endloop
  endfacet
  facet normal 0 0 1
    outer loop
      vertex -7 2.2 1.5
      vertex -6.89218 1.0947 1.5
      vertex -6.78436 2.18941 1.5
    endloop
  endfacet
  facet normal 0 0 1
    outer loop
      vertex -7 2.2 1.5
      vertex -7 1.1 1.5
      vertex -6.89218 1.0947 1.5
    endloop
  endfacet
  facet normal -0 0 1
    outer loop
      vertex -11 2.2 1.5
      vertex -7 1.1 1.5
      vertex -7 2.2 1.5
    endloop
  endfacet
  facet normal 0 0 1
    outer loop
      vertex -11 2.2 1.5
      vertex -11 1.1 1.5
      vertex -7 1.1 1.5
    endloop
  endfacet
  facet normal 0 0 1
    outer loop
      vertex -11 2.2 1.5
      vertex -11.1078 1.0947 1.5
      vertex -11 1.1 1.5
    endloop
  endfacet
  facet normal -0 0 1
    outer loop
      vertex -11.2156 2.18941 1.5
      vertex -11.1078 1.0947 1.5
      vertex -11 2.2 1.5
    endloop
  endfacet
  facet normal 0 0 1
    outer loop
      vertex -11.1078 1.0947 1.5
      vertex -11.2156 2.18941 1.5
      vertex -11.2146 1.07886 1.5
    endloop
  endfacet
  facet normal -0 0 1
    outer loop
      vertex -11.4292 2.15773 1.5
      vertex -11.2146 1.07886 1.5
      vertex -11.2156 2.18941 1.5
    endloop
  endfacet
  facet normal 0 0 1
    outer loop
      vertex -11.2146 1.07886 1.5
      vertex -11.4292 2.15773 1.5
      vertex -11.3193 1.05263 1.5
    endloop
  endfacet
  facet normal -0 0 1
    outer loop
      vertex -11.6386 2.10527 1.5
      vertex -11.3193 1.05263 1.5
      vertex -11.4292 2.15773 1.5
    endloop
  endfacet
  facet normal 0 0 1
    outer loop
      vertex -11.3193 1.05263 1.5
      vertex -11.6386 2.10527 1.5
      vertex -11.421 1.01627 1.5
    endloop
  endfacet
  facet normal -0 0 1
    outer loop
      vertex -11.8419 2.03253 1.5
      vertex -11.421 1.01627 1.5
      vertex -11.6386 2.10527 1.5
    endloop
  endfacet
  facet normal 0 0 1
    outer loop
      vertex -11.421 1.01627 1.5
      vertex -11.8419 2.03253 1.5
      vertex -11.5185 0.970113 1.5
    endloop
  endfacet
  facet normal -0 0 1
    outer loop
      vertex -12.0371 1.94023 1.5
      vertex -11.5185 0.970113 1.5
      vertex -11.8419 2.03253 1.5
    endloop
  endfacet
  facet normal 0 0 1
    outer loop
      vertex -11.5185 0.970113 1.5
      vertex -12.0371 1.94023 1.5
      vertex -11.6111 0.914616 1.5
    endloop
  endfacet
  facet normal -0 0 1
    outer loop
      vertex -12.2223 1.82923 1.5
      vertex -11.6111 0.914616 1.5
      vertex -12.0371 1.94023 1.5
    endloop
  endfacet
  facet normal 0 0 1
    outer loop
      vertex -11.6111 0.914616 1.5
      vertex -12.2223 1.82923 1.5
      vertex -11.6978 0.850311 1.5
    endloop
  endfacet
  facet normal -0 0 1
    outer loop
      vertex -12.3957 1.70062 1.5
      vertex -11.6978 0.850311 1.5
      vertex -12.2223 1.82923 1.5
    endloop
  endfacet
  facet normal 0 0 1
    outer loop
      vertex -11.6978 0.850311 1.5
      vertex -12.3957 1.70062 1.5
      vertex -11.7778 0.777817 1.5
    endloop
  endfacet
  facet normal -0 0 1
    outer loop
      vertex -12.5556 1.55563 1.5
      vertex -11.7778 0.777817 1.5
      vertex -12.3957 1.70062 1.5
    endloop
  endfacet
  facet normal 0 0 1
    outer loop
      vertex -11.7778 0.777817 1.5
      vertex -12.5556 1.55563 1.5
      vertex -11.8503 0.697832 1.5
    endloop
  endfacet
  facet normal -0 0 1
    outer loop
      vertex -12.7006 1.39567 1.5
      vertex -11.8503 0.697832 1.5
      vertex -12.5556 1.55563 1.5
    endloop
  endfacet
  facet normal 0 0 1
    outer loop
      vertex -11.8503 0.697832 1.5
      vertex -12.7006 1.39567 1.5
      vertex -11.9146 0.611127 1.5
    endloop
  endfacet
  facet normal -0 0 1
    outer loop
      vertex -12.8292 1.22225 1.5
      vertex -11.9146 0.611127 1.5
      vertex -12.7006 1.39567 1.5
    endloop
  endfacet
  facet normal 0 0 1
    outer loop
      vertex -11.9146 0.611127 1.5
      vertex -12.8292 1.22225 1.5
      vertex -11.9701 0.518536 1.5
    endloop
  endfacet
  facet normal -0 0 1
    outer loop
      vertex -12.9402 1.03707 1.5
      vertex -11.9701 0.518536 1.5
      vertex -12.8292 1.22225 1.5
    endloop
  endfacet
  facet normal 0 0 1
    outer loop
      vertex -5.05977 -1.03707 1.5
      vertex -6.02989 -0.518536 1.5
      vertex -5.17077 -1.22225 1.5
    endloop
  endfacet
  facet normal -0 0 1
    outer loop
      vertex -6.08538 -0.611127 1.5
      vertex -5.17077 -1.22225 1.5
      vertex -6.02989 -0.518536 1.5
    endloop
  endfacet
  facet normal 0 0 1
    outer loop
      vertex -5.17077 -1.22225 1.5
      vertex -6.08538 -0.611127 1.5
      vertex -5.29938 -1.39567 1.5
    endloop
  endfacet
  facet normal -0 0 1
    outer loop
      vertex -6.14969 -0.697832 1.5
      vertex -5.29938 -1.39567 1.5
      vertex -6.08538 -0.611127 1.5
    endloop
  endfacet
  facet normal 0 0 1
    outer loop
      vertex -5.29938 -1.39567 1.5
      vertex -6.14969 -0.697832 1.5
      vertex -5.44436 -1.55563 1.5
    endloop
  endfacet
  facet normal -0 0 1
    outer loop
      vertex -6.22218 -0.777817 1.5
      vertex -5.44436 -1.55563 1.5
      vertex -6.14969 -0.697832 1.5
    endloop
  endfacet
  facet normal 0 0 1
    outer loop
      vertex -5.44436 -1.55563 1.5
      vertex -6.22218 -0.777817 1.5
      vertex -5.60433 -1.70062 1.5
    endloop
  endfacet
  facet normal -0 0 1
    outer loop
      vertex -6.30217 -0.850311 1.5
      vertex -5.60433 -1.70062 1.5
      vertex -6.22218 -0.777817 1.5
    endloop
  endfacet
  facet normal 0 0 1
    outer loop
      vertex -5.60433 -1.70062 1.5
      vertex -6.30217 -0.850311 1.5
      vertex -5.77775 -1.82923 1.5
    endloop
  endfacet
  facet normal -0 0 1
    outer loop
      vertex -6.38887 -0.914616 1.5
      vertex -5.77775 -1.82923 1.5
      vertex -6.30217 -0.850311 1.5
    endloop
  endfacet
  facet normal 0 0 1
    outer loop
      vertex -5.77775 -1.82923 1.5
      vertex -6.38887 -0.914616 1.5
      vertex -5.96293 -1.94023 1.5
    endloop
  endfacet
  facet normal -0 0 1
    outer loop
      vertex -6.48146 -0.970113 1.5
      vertex -5.96293 -1.94023 1.5
      vertex -6.38887 -0.914616 1.5
    endloop
  endfacet
  facet normal 0 0 1
    outer loop
      vertex -5.96293 -1.94023 1.5
      vertex -6.48146 -0.970113 1.5
      vertex -6.1581 -2.03253 1.5
    endloop
  endfacet
  facet normal -0 0 1
    outer loop
      vertex -6.57905 -1.01627 1.5
      vertex -6.1581 -2.03253 1.5
      vertex -6.48146 -0.970113 1.5
    endloop
  endfacet
  facet normal 0 0 1
    outer loop
      vertex -6.1581 -2.03253 1.5
      vertex -6.57905 -1.01627 1.5
      vertex -6.36137 -2.10527 1.5
    endloop
  endfacet
  facet normal -0 0 1
    outer loop
      vertex -6.68069 -1.05263 1.5
      vertex -6.36137 -2.10527 1.5
      vertex -6.57905 -1.01627 1.5
    endloop
  endfacet
  facet normal 0 0 1
    outer loop
      vertex -6.36137 -2.10527 1.5
      vertex -6.68069 -1.05263 1.5
      vertex -6.5708 -2.15773 1.5
    endloop
  endfacet
  facet normal -0 0 1
    outer loop
      vertex -6.7854 -1.07886 1.5
      vertex -6.5708 -2.15773 1.5
      vertex -6.68069 -1.05263 1.5
    endloop
  endfacet
  facet normal 0 0 1
    outer loop
      vertex -6.5708 -2.15773 1.5
      vertex -6.7854 -1.07886 1.5
      vertex -6.78436 -2.18941 1.5
    endloop
  endfacet
  facet normal -0 0 1
    outer loop
      vertex -6.89218 -1.0947 1.5
      vertex -6.78436 -2.18941 1.5
      vertex -6.7854 -1.07886 1.5
    endloop
  endfacet
  facet normal -0 0 1
    outer loop
      vertex -7 -1.1 1.5
      vertex -6.78436 -2.18941 1.5
      vertex -6.89218 -1.0947 1.5
    endloop
  endfacet
  facet normal 0 0 1
    outer loop
      vertex -7 -1.1 1.5
      vertex -7 -2.2 1.5
      vertex -6.78436 -2.18941 1.5
    endloop
  endfacet
  facet normal -0 0 1
    outer loop
      vertex -11 -1.1 1.5
      vertex -7 -2.2 1.5
      vertex -7 -1.1 1.5
    endloop
  endfacet
  facet normal 0 0 1
    outer loop
      vertex -11 -1.1 1.5
      vertex -11 -2.2 1.5
      vertex -7 -2.2 1.5
    endloop
  endfacet
  facet normal 0 0 1
    outer loop
      vertex -11.1078 -1.0947 1.5
      vertex -11 -2.2 1.5
      vertex -11 -1.1 1.5
    endloop
  endfacet
  facet normal 0 0 1
    outer loop
      vertex -11.2156 -2.18941 1.5
      vertex -11.1078 -1.0947 1.5
      vertex -11.2146 -1.07886 1.5
    endloop
  endfacet
  facet normal 0 0 1
    outer loop
      vertex -11.1078 -1.0947 1.5
      vertex -11.2156 -2.18941 1.5
      vertex -11 -2.2 1.5
    endloop
  endfacet
  facet normal 0 0 1
    outer loop
      vertex -11.4292 -2.15773 1.5
      vertex -11.2146 -1.07886 1.5
      vertex -11.3193 -1.05263 1.5
    endloop
  endfacet
  facet normal 0 0 1
    outer loop
      vertex -11.6386 -2.10527 1.5
      vertex -11.3193 -1.05263 1.5
      vertex -11.421 -1.01627 1.5
    endloop
  endfacet
  facet normal 0 0 1
    outer loop
      vertex -11.2146 -1.07886 1.5
      vertex -11.4292 -2.15773 1.5
      vertex -11.2156 -2.18941 1.5
    endloop
  endfacet
  facet normal 0 0 1
    outer loop
      vertex -11.8419 -2.03253 1.5
      vertex -11.421 -1.01627 1.5
      vertex -11.5185 -0.970113 1.5
    endloop
  endfacet
  facet normal 0 0 1
    outer loop
      vertex -12.0371 -1.94023 1.5
      vertex -11.5185 -0.970113 1.5
      vertex -11.6111 -0.914616 1.5
    endloop
  endfacet
  facet normal 0 0 1
    outer loop
      vertex -11.3193 -1.05263 1.5
      vertex -11.6386 -2.10527 1.5
      vertex -11.4292 -2.15773 1.5
    endloop
  endfacet
  facet normal 0 0 1
    outer loop
      vertex -12.2223 -1.82923 1.5
      vertex -11.6111 -0.914616 1.5
      vertex -11.6978 -0.850311 1.5
    endloop
  endfacet
  facet normal 0 0 1
    outer loop
      vertex -12.3957 -1.70062 1.5
      vertex -11.6978 -0.850311 1.5
      vertex -11.7778 -0.777817 1.5
    endloop
  endfacet
  facet normal 0 0 1
    outer loop
      vertex -11.421 -1.01627 1.5
      vertex -11.8419 -2.03253 1.5
      vertex -11.6386 -2.10527 1.5
    endloop
  endfacet
  facet normal 0 0 1
    outer loop
      vertex -12.5556 -1.55563 1.5
      vertex -11.7778 -0.777817 1.5
      vertex -11.8503 -0.697832 1.5
    endloop
  endfacet
  facet normal 0 0 1
    outer loop
      vertex -12.7006 -1.39567 1.5
      vertex -11.8503 -0.697832 1.5
      vertex -11.9146 -0.611127 1.5
    endloop
  endfacet
  facet normal 0 0 1
    outer loop
      vertex -12.8292 -1.22225 1.5
      vertex -11.9146 -0.611127 1.5
      vertex -11.9701 -0.518536 1.5
    endloop
  endfacet
  facet normal 0 0 1
    outer loop
      vertex -12.9501 -1.01625 1.5
      vertex -11.9701 -0.518536 1.5
      vertex -12.0163 -0.420951 1.5
    endloop
  endfacet
  facet normal 0 0 1
    outer loop
      vertex -11.5185 -0.970113 1.5
      vertex -12.0371 -1.94023 1.5
      vertex -11.8419 -2.03253 1.5
    endloop
  endfacet
  facet normal 0 0 1
    outer loop
      vertex -12.9501 -1.01625 1.5
      vertex -12.0163 -0.420951 1.5
      vertex -12.0526 -0.319313 1.5
    endloop
  endfacet
  facet normal 0 0 1
    outer loop
      vertex -13 0 1.5
      vertex -12.0526 -0.319313 1.5
      vertex -12.0789 -0.214599 1.5
    endloop
  endfacet
  facet normal 0 0 1
    outer loop
      vertex -13 0 1.5
      vertex -12.0789 -0.214599 1.5
      vertex -12.0947 -0.107819 1.5
    endloop
  endfacet
  facet normal -0 0 1
    outer loop
      vertex -13 0 1.5
      vertex -12.0947 -0.107819 1.5
      vertex -12.1 0 1.5
    endloop
  endfacet
  facet normal -0 0 1
    outer loop
      vertex -12.9501 1.01625 1.5
      vertex -11.9701 0.518536 1.5
      vertex -12.9402 1.03707 1.5
    endloop
  endfacet
  facet normal 0 0 1
    outer loop
      vertex -12.0526 -0.319313 1.5
      vertex -13 0 1.5
      vertex -12.9501 -1.01625 1.5
    endloop
  endfacet
  facet normal 0 0 1
    outer loop
      vertex -11.9701 0.518536 1.5
      vertex -12.9501 1.01625 1.5
      vertex -12.0163 0.420951 1.5
    endloop
  endfacet
  facet normal 0 0 1
    outer loop
      vertex -11.6111 -0.914616 1.5
      vertex -12.2223 -1.82923 1.5
      vertex -12.0371 -1.94023 1.5
    endloop
  endfacet
  facet normal 0 0 1
    outer loop
      vertex -12.0163 0.420951 1.5
      vertex -12.9501 1.01625 1.5
      vertex -12.0526 0.319313 1.5
    endloop
  endfacet
  facet normal 0 0 1
    outer loop
      vertex -11.6978 -0.850311 1.5
      vertex -12.3957 -1.70062 1.5
      vertex -12.2223 -1.82923 1.5
    endloop
  endfacet
  facet normal 0 0 1
    outer loop
      vertex -13 0 1.5
      vertex -12.0526 0.319313 1.5
      vertex -12.9501 1.01625 1.5
    endloop
  endfacet
  facet normal 0 0 1
    outer loop
      vertex -11.7778 -0.777817 1.5
      vertex -12.5556 -1.55563 1.5
      vertex -12.3957 -1.70062 1.5
    endloop
  endfacet
  facet normal 0 0 1
    outer loop
      vertex -12.0526 0.319313 1.5
      vertex -13 0 1.5
      vertex -12.0789 0.214599 1.5
    endloop
  endfacet
  facet normal 0 0 1
    outer loop
      vertex -11.8503 -0.697832 1.5
      vertex -12.7006 -1.39567 1.5
      vertex -12.5556 -1.55563 1.5
    endloop
  endfacet
  facet normal 0 0 1
    outer loop
      vertex -12.0789 0.214599 1.5
      vertex -13 0 1.5
      vertex -12.0947 0.107819 1.5
    endloop
  endfacet
  facet normal 0 0 1
    outer loop
      vertex -11.9146 -0.611127 1.5
      vertex -12.8292 -1.22225 1.5
      vertex -12.7006 -1.39567 1.5
    endloop
  endfacet
  facet normal 0 0 1
    outer loop
      vertex -12.0947 0.107819 1.5
      vertex -13 0 1.5
      vertex -12.1 0 1.5
    endloop
  endfacet
  facet normal 0 0 1
    outer loop
      vertex -11.9701 -0.518536 1.5
      vertex -12.9402 -1.03707 1.5
      vertex -12.8292 -1.22225 1.5
    endloop
  endfacet
  facet normal 0 0 1
    outer loop
      vertex -11.9701 -0.518536 1.5
      vertex -12.9501 -1.01625 1.5
      vertex -12.9402 -1.03707 1.5
    endloop
  endfacet
  facet normal -0.941549 -0.336875 0
    outer loop
      vertex -4.89473 0.638626 1.5
      vertex -4.96746 0.841903 4
      vertex -4.96746 0.841903 1.5
    endloop
  endfacet
  facet normal -0.941549 -0.336875 0
    outer loop
      vertex -4.96746 0.841903 4
      vertex -4.89473 0.638626 1.5
      vertex -4.89473 0.638626 4
    endloop
  endfacet
  facet normal 0.427469 0.90403 -0
    outer loop
      vertex -11.8419 -2.03253 1.5
      vertex -12.0371 -1.94023 4
      vertex -11.8419 -2.03253 4
    endloop
  endfacet
  facet normal 0.427469 0.90403 0
    outer loop
      vertex -12.0371 -1.94023 4
      vertex -11.8419 -2.03253 1.5
      vertex -12.0371 -1.94023 1.5
    endloop
  endfacet
  facet normal 0.595723 0.80319 -0
    outer loop
      vertex -12.2223 -1.82923 1.5
      vertex -12.3957 -1.70062 4
      vertex -12.2223 -1.82923 4
    endloop
  endfacet
  facet normal 0.595723 0.80319 0
    outer loop
      vertex -12.3957 -1.70062 4
      vertex -12.2223 -1.82923 1.5
      vertex -12.3957 -1.70062 1.5
    endloop
  endfacet
  facet normal -0.336926 0.941531 0
    outer loop
      vertex -6.1581 -2.03253 1.5
      vertex -6.36137 -2.10527 4
      vertex -6.1581 -2.03253 4
    endloop
  endfacet
  facet normal -0.336926 0.941531 0
    outer loop
      vertex -6.36137 -2.10527 4
      vertex -6.1581 -2.03253 1.5
      vertex -6.36137 -2.10527 1.5
    endloop
  endfacet
  facet normal -0.595678 0.803223 0
    outer loop
      vertex -5.60433 -1.70062 1.5
      vertex -5.77775 -1.82923 4
      vertex -5.60433 -1.70062 4
    endloop
  endfacet
  facet normal -0.595678 0.803223 0
    outer loop
      vertex -5.77775 -1.82923 4
      vertex -5.60433 -1.70062 1.5
      vertex -5.77775 -1.82923 1.5
    endloop
  endfacet
  facet normal -0.941549 0.336875 0
    outer loop
      vertex -4.96746 -0.841903 1.5
      vertex -4.89473 -0.638626 4
      vertex -4.89473 -0.638626 1.5
    endloop
  endfacet
  facet normal -0.941549 0.336875 0
    outer loop
      vertex -4.89473 -0.638626 4
      vertex -4.96746 -0.841903 1.5
      vertex -4.96746 -0.841903 4
    endloop
  endfacet
  facet normal -0.803223 0.595678 0
    outer loop
      vertex -5.29938 -1.39567 1.5
      vertex -5.17077 -1.22225 4
      vertex -5.17077 -1.22225 1.5
    endloop
  endfacet
  facet normal -0.803223 0.595678 0
    outer loop
      vertex -5.17077 -1.22225 4
      vertex -5.29938 -1.39567 1.5
      vertex -5.29938 -1.39567 4
    endloop
  endfacet
  facet normal -0.671563 0.740947 0
    outer loop
      vertex -5.44436 -1.55563 1.5
      vertex -5.60433 -1.70062 4
      vertex -5.44436 -1.55563 4
    endloop
  endfacet
  facet normal -0.671563 0.740947 0
    outer loop
      vertex -5.60433 -1.70062 4
      vertex -5.44436 -1.55563 1.5
      vertex -5.60433 -1.70062 1.5
    endloop
  endfacet
  facet normal -0.903984 0.427566 0
    outer loop
      vertex -5.05977 -1.03707 1.5
      vertex -4.96746 -0.841903 4
      vertex -4.96746 -0.841903 1.5
    endloop
  endfacet
  facet normal -0.903984 0.427566 0
    outer loop
      vertex -4.96746 -0.841903 4
      vertex -5.05977 -1.03707 1.5
      vertex -5.05977 -1.03707 4
    endloop
  endfacet
  facet normal 0.146737 0.989176 -0
    outer loop
      vertex -0.107819 5.9053 0
      vertex -0.214599 5.92114 1.5
      vertex -0.107819 5.9053 1.5
    endloop
  endfacet
  facet normal 0.146737 0.989176 0
    outer loop
      vertex -0.214599 5.92114 1.5
      vertex -0.107819 5.9053 0
      vertex -0.214599 5.92114 0
    endloop
  endfacet
  facet normal -0.0490972 0.998794 0
    outer loop
      vertex 0.107819 5.9053 0
      vertex 0 5.9 1.5
      vertex 0.107819 5.9053 1.5
    endloop
  endfacet
  facet normal -0.0490972 0.998794 0
    outer loop
      vertex 0 5.9 1.5
      vertex 0.107819 5.9053 0
      vertex 0 5.9 0
    endloop
  endfacet
  facet normal -0.0490972 -0.998794 0
    outer loop
      vertex 0 12.1 0
      vertex 0.107819 12.0947 1.5
      vertex 0 12.1 1.5
    endloop
  endfacet
  facet normal -0.0490972 -0.998794 -0
    outer loop
      vertex 0.107819 12.0947 1.5
      vertex 0 12.1 0
      vertex 0.107819 12.0947 0
    endloop
  endfacet
  facet normal 0.0490972 0.998794 -0
    outer loop
      vertex 0 5.9 0
      vertex -0.107819 5.9053 1.5
      vertex 0 5.9 1.5
    endloop
  endfacet
  facet normal 0.0490972 0.998794 0
    outer loop
      vertex -0.107819 5.9053 1.5
      vertex 0 5.9 0
      vertex -0.107819 5.9053 0
    endloop
  endfacet
  facet normal -1 0 0
    outer loop
      vertex 1.1 7 0
      vertex 1.1 11 1.5
      vertex 1.1 11 0
    endloop
  endfacet
  facet normal -1 -0 0
    outer loop
      vertex 1.1 11 1.5
      vertex 1.1 7 0
      vertex 1.1 7 1.5
    endloop
  endfacet
  facet normal -0.336342 -0.94174 0
    outer loop
      vertex 0.319313 12.0526 0
      vertex 0.420951 12.0163 1.5
      vertex 0.319313 12.0526 1.5
    endloop
  endfacet
  facet normal -0.336342 -0.94174 -0
    outer loop
      vertex 0.420951 12.0163 1.5
      vertex 0.319313 12.0526 0
      vertex 0.420951 12.0163 0
    endloop
  endfacet
  facet normal -0.740973 0.671535 0
    outer loop
      vertex 0.777817 6.22218 0
      vertex 0.850311 6.30217 1.5
      vertex 0.850311 6.30217 0
    endloop
  endfacet
  facet normal -0.740973 0.671535 0
    outer loop
      vertex 0.850311 6.30217 1.5
      vertex 0.777817 6.22218 0
      vertex 0.777817 6.22218 1.5
    endloop
  endfacet
  facet normal -0.970022 -0.243015 0
    outer loop
      vertex 1.07886 11.2146 0
      vertex 1.05263 11.3193 1.5
      vertex 1.05263 11.3193 0
    endloop
  endfacet
  facet normal -0.970022 -0.243015 0
    outer loop
      vertex 1.05263 11.3193 1.5
      vertex 1.07886 11.2146 0
      vertex 1.07886 11.2146 1.5
    endloop
  endfacet
  facet normal -0.989176 0.146737 0
    outer loop
      vertex 1.07886 6.7854 0
      vertex 1.0947 6.89218 1.5
      vertex 1.0947 6.89218 0
    endloop
  endfacet
  facet normal -0.989176 0.146737 0
    outer loop
      vertex 1.0947 6.89218 1.5
      vertex 1.07886 6.7854 0
      vertex 1.07886 6.7854 1.5
    endloop
  endfacet
  facet normal 0.998794 -0.0491058 0
    outer loop
      vertex -1.1 11 1.5
      vertex -1.0947 11.1078 0
      vertex -1.0947 11.1078 1.5
    endloop
  endfacet
  facet normal 0.998794 -0.0491058 0
    outer loop
      vertex -1.0947 11.1078 0
      vertex -1.1 11 1.5
      vertex -1.1 11 0
    endloop
  endfacet
  facet normal -0.514056 0.857757 0
    outer loop
      vertex 0.611127 6.08538 0
      vertex 0.518536 6.02989 1.5
      vertex 0.611127 6.08538 1.5
    endloop
  endfacet
  facet normal -0.514056 0.857757 0
    outer loop
      vertex 0.518536 6.02989 1.5
      vertex 0.611127 6.08538 0
      vertex 0.518536 6.02989 0
    endloop
  endfacet
  facet normal -0.427901 -0.903826 0
    outer loop
      vertex 0.420951 12.0163 0
      vertex 0.518536 11.9701 1.5
      vertex 0.420951 12.0163 1.5
    endloop
  endfacet
  facet normal -0.427901 -0.903826 -0
    outer loop
      vertex 0.518536 11.9701 1.5
      vertex 0.420951 12.0163 0
      vertex 0.518536 11.9701 0
    endloop
  endfacet
  facet normal -0.998794 -0.0491058 0
    outer loop
      vertex 1.1 11 0
      vertex 1.0947 11.1078 1.5
      vertex 1.0947 11.1078 0
    endloop
  endfacet
  facet normal -0.998794 -0.0491058 0
    outer loop
      vertex 1.0947 11.1078 1.5
      vertex 1.1 11 0
      vertex 1.1 11 1.5
    endloop
  endfacet
  facet normal -0.98918 -0.14671 0
    outer loop
      vertex 1.0947 11.1078 0
      vertex 1.07886 11.2146 1.5
      vertex 1.07886 11.2146 0
    endloop
  endfacet
  facet normal -0.98918 -0.14671 0
    outer loop
      vertex 1.07886 11.2146 1.5
      vertex 1.0947 11.1078 0
      vertex 1.0947 11.1078 1.5
    endloop
  endfacet
  facet normal -0.970028 0.242993 0
    outer loop
      vertex 1.05263 6.68069 0
      vertex 1.07886 6.7854 1.5
      vertex 1.07886 6.7854 0
    endloop
  endfacet
  facet normal -0.970028 0.242993 0
    outer loop
      vertex 1.07886 6.7854 1.5
      vertex 1.05263 6.68069 0
      vertex 1.05263 6.68069 1.5
    endloop
  endfacet
  facet normal -0.59573 0.803185 0
    outer loop
      vertex 0.697832 6.14969 0
      vertex 0.611127 6.08538 1.5
      vertex 0.697832 6.14969 1.5
    endloop
  endfacet
  facet normal -0.59573 0.803185 0
    outer loop
      vertex 0.611127 6.08538 1.5
      vertex 0.697832 6.14969 0
      vertex 0.611127 6.08538 0
    endloop
  endfacet
  facet normal 0.941629 -0.336653 0
    outer loop
      vertex -1.05263 11.3193 1.5
      vertex -1.01627 11.421 0
      vertex -1.01627 11.421 1.5
    endloop
  endfacet
  facet normal 0.941629 -0.336653 0
    outer loop
      vertex -1.01627 11.421 0
      vertex -1.05263 11.3193 1.5
      vertex -1.05263 11.3193 0
    endloop
  endfacet
  facet normal 0.671589 -0.740924 0
    outer loop
      vertex -0.777817 11.7778 0
      vertex -0.697832 11.8503 1.5
      vertex -0.777817 11.7778 1.5
    endloop
  endfacet
  facet normal 0.671589 -0.740924 0
    outer loop
      vertex -0.697832 11.8503 1.5
      vertex -0.777817 11.7778 0
      vertex -0.697832 11.8503 0
    endloop
  endfacet
  facet normal 0.243595 -0.969877 0
    outer loop
      vertex -0.319313 12.0526 0
      vertex -0.214599 12.0789 1.5
      vertex -0.319313 12.0526 1.5
    endloop
  endfacet
  facet normal 0.243595 -0.969877 0
    outer loop
      vertex -0.214599 12.0789 1.5
      vertex -0.319313 12.0526 0
      vertex -0.214599 12.0789 0
    endloop
  endfacet
  facet normal 0.998794 0.0490967 0
    outer loop
      vertex -1.0947 6.89218 1.5
      vertex -1.1 7 0
      vertex -1.1 7 1.5
    endloop
  endfacet
  facet normal 0.998794 0.0490967 0
    outer loop
      vertex -1.1 7 0
      vertex -1.0947 6.89218 1.5
      vertex -1.0947 6.89218 0
    endloop
  endfacet
  facet normal 0.989176 0.146737 0
    outer loop
      vertex -1.07886 6.7854 1.5
      vertex -1.0947 6.89218 0
      vertex -1.0947 6.89218 1.5
    endloop
  endfacet
  facet normal 0.989176 0.146737 0
    outer loop
      vertex -1.0947 6.89218 0
      vertex -1.07886 6.7854 1.5
      vertex -1.07886 6.7854 0
    endloop
  endfacet
  facet normal 1 -0 0
    outer loop
      vertex -1.1 7 1.5
      vertex -1.1 11 0
      vertex -1.1 11 1.5
    endloop
  endfacet
  facet normal 1 0 0
    outer loop
      vertex -1.1 11 0
      vertex -1.1 7 1.5
      vertex -1.1 7 0
    endloop
  endfacet
  facet normal -0.741015 -0.671489 0
    outer loop
      vertex 0.850311 11.6978 0
      vertex 0.777817 11.7778 1.5
      vertex 0.777817 11.7778 0
    endloop
  endfacet
  facet normal -0.741015 -0.671489 0
    outer loop
      vertex 0.777817 11.7778 1.5
      vertex 0.850311 11.6978 0
      vertex 0.850311 11.6978 1.5
    endloop
  endfacet
  facet normal -0.941629 -0.336653 0
    outer loop
      vertex 1.05263 11.3193 0
      vertex 1.01627 11.421 1.5
      vertex 1.01627 11.421 0
    endloop
  endfacet
  facet normal -0.941629 -0.336653 0
    outer loop
      vertex 1.01627 11.421 1.5
      vertex 1.05263 11.3193 0
      vertex 1.05263 11.3193 1.5
    endloop
  endfacet
  facet normal -0.941566 0.336829 0
    outer loop
      vertex 1.01627 6.57905 0
      vertex 1.05263 6.68069 1.5
      vertex 1.05263 6.68069 0
    endloop
  endfacet
  facet normal -0.941566 0.336829 0
    outer loop
      vertex 1.05263 6.68069 1.5
      vertex 1.01627 6.57905 0
      vertex 1.01627 6.57905 1.5
    endloop
  endfacet
  facet normal -0.903988 0.427558 0
    outer loop
      vertex 0.970113 6.48146 0
      vertex 1.01627 6.57905 1.5
      vertex 1.01627 6.57905 0
    endloop
  endfacet
  facet normal -0.903988 0.427558 0
    outer loop
      vertex 1.01627 6.57905 1.5
      vertex 0.970113 6.48146 0
      vertex 0.970113 6.48146 1.5
    endloop
  endfacet
  facet normal -0.857726 0.514107 0
    outer loop
      vertex 0.914616 6.38887 0
      vertex 0.970113 6.48146 1.5
      vertex 0.970113 6.48146 0
    endloop
  endfacet
  facet normal -0.857726 0.514107 0
    outer loop
      vertex 0.970113 6.48146 1.5
      vertex 0.914616 6.38887 0
      vertex 0.914616 6.38887 1.5
    endloop
  endfacet
  facet normal -0.671538 0.74097 0
    outer loop
      vertex 0.777817 6.22218 0
      vertex 0.697832 6.14969 1.5
      vertex 0.777817 6.22218 1.5
    endloop
  endfacet
  facet normal -0.671538 0.74097 0
    outer loop
      vertex 0.697832 6.14969 1.5
      vertex 0.777817 6.22218 0
      vertex 0.697832 6.14969 0
    endloop
  endfacet
  facet normal -0.427598 0.903969 0
    outer loop
      vertex 0.518536 6.02989 0
      vertex 0.420951 5.98373 1.5
      vertex 0.518536 6.02989 1.5
    endloop
  endfacet
  facet normal -0.427598 0.903969 0
    outer loop
      vertex 0.420951 5.98373 1.5
      vertex 0.518536 6.02989 0
      vertex 0.420951 5.98373 0
    endloop
  endfacet
  facet normal -0.242897 0.970052 0
    outer loop
      vertex 0.319313 5.94736 0
      vertex 0.214599 5.92114 1.5
      vertex 0.319313 5.94736 1.5
    endloop
  endfacet
  facet normal -0.242897 0.970052 0
    outer loop
      vertex 0.214599 5.92114 1.5
      vertex 0.319313 5.94736 0
      vertex 0.214599 5.92114 0
    endloop
  endfacet
  facet normal -0.146737 0.989176 0
    outer loop
      vertex 0.214599 5.92114 0
      vertex 0.107819 5.9053 1.5
      vertex 0.214599 5.92114 1.5
    endloop
  endfacet
  facet normal -0.146737 0.989176 0
    outer loop
      vertex 0.107819 5.9053 1.5
      vertex 0.214599 5.92114 0
      vertex 0.107819 5.9053 0
    endloop
  endfacet
  facet normal 0.0490972 -0.998794 0
    outer loop
      vertex -0.107819 12.0947 0
      vertex 0 12.1 1.5
      vertex -0.107819 12.0947 1.5
    endloop
  endfacet
  facet normal 0.0490972 -0.998794 0
    outer loop
      vertex 0 12.1 1.5
      vertex -0.107819 12.0947 0
      vertex 0 12.1 0
    endloop
  endfacet
  facet normal 0.98918 -0.14671 0
    outer loop
      vertex -1.0947 11.1078 1.5
      vertex -1.07886 11.2146 0
      vertex -1.07886 11.2146 1.5
    endloop
  endfacet
  facet normal 0.98918 -0.14671 0
    outer loop
      vertex -1.07886 11.2146 0
      vertex -1.0947 11.1078 1.5
      vertex -1.0947 11.1078 0
    endloop
  endfacet
  facet normal 0.970022 -0.243015 0
    outer loop
      vertex -1.07886 11.2146 1.5
      vertex -1.05263 11.3193 0
      vertex -1.05263 11.3193 1.5
    endloop
  endfacet
  facet normal 0.970022 -0.243015 0
    outer loop
      vertex -1.05263 11.3193 0
      vertex -1.07886 11.2146 1.5
      vertex -1.07886 11.2146 0
    endloop
  endfacet
  facet normal 0.85775 -0.514067 0
    outer loop
      vertex -0.970113 11.5185 1.5
      vertex -0.914616 11.6111 0
      vertex -0.914616 11.6111 1.5
    endloop
  endfacet
  facet normal 0.85775 -0.514067 0
    outer loop
      vertex -0.914616 11.6111 0
      vertex -0.970113 11.5185 1.5
      vertex -0.970113 11.5185 0
    endloop
  endfacet
  facet normal 0.741015 -0.671489 0
    outer loop
      vertex -0.850311 11.6978 1.5
      vertex -0.777817 11.7778 0
      vertex -0.777817 11.7778 1.5
    endloop
  endfacet
  facet normal 0.741015 -0.671489 0
    outer loop
      vertex -0.777817 11.7778 0
      vertex -0.850311 11.6978 1.5
      vertex -0.850311 11.6978 0
    endloop
  endfacet
  facet normal 0.514124 -0.857716 0
    outer loop
      vertex -0.611127 11.9146 0
      vertex -0.518536 11.9701 1.5
      vertex -0.611127 11.9146 1.5
    endloop
  endfacet
  facet normal 0.514124 -0.857716 0
    outer loop
      vertex -0.518536 11.9701 1.5
      vertex -0.611127 11.9146 0
      vertex -0.518536 11.9701 0
    endloop
  endfacet
  facet normal 0.595671 -0.803229 0
    outer loop
      vertex -0.697832 11.8503 0
      vertex -0.611127 11.9146 1.5
      vertex -0.697832 11.8503 1.5
    endloop
  endfacet
  facet normal 0.595671 -0.803229 0
    outer loop
      vertex -0.611127 11.9146 1.5
      vertex -0.697832 11.8503 0
      vertex -0.611127 11.9146 0
    endloop
  endfacet
  facet normal 0.427901 -0.903826 0
    outer loop
      vertex -0.518536 11.9701 0
      vertex -0.420951 12.0163 1.5
      vertex -0.518536 11.9701 1.5
    endloop
  endfacet
  facet normal 0.427901 -0.903826 0
    outer loop
      vertex -0.420951 12.0163 1.5
      vertex -0.518536 11.9701 0
      vertex -0.420951 12.0163 0
    endloop
  endfacet
  facet normal 0.970028 0.242993 0
    outer loop
      vertex -1.05263 6.68069 1.5
      vertex -1.07886 6.7854 0
      vertex -1.07886 6.7854 1.5
    endloop
  endfacet
  facet normal 0.970028 0.242993 0
    outer loop
      vertex -1.07886 6.7854 0
      vertex -1.05263 6.68069 1.5
      vertex -1.05263 6.68069 0
    endloop
  endfacet
  facet normal 0.740973 0.671535 0
    outer loop
      vertex -0.777817 6.22218 1.5
      vertex -0.850311 6.30217 0
      vertex -0.850311 6.30217 1.5
    endloop
  endfacet
  facet normal 0.740973 0.671535 0
    outer loop
      vertex -0.850311 6.30217 0
      vertex -0.777817 6.22218 1.5
      vertex -0.777817 6.22218 0
    endloop
  endfacet
  facet normal 0.242897 0.970052 -0
    outer loop
      vertex -0.214599 5.92114 0
      vertex -0.319313 5.94736 1.5
      vertex -0.214599 5.92114 1.5
    endloop
  endfacet
  facet normal 0.242897 0.970052 0
    outer loop
      vertex -0.319313 5.94736 1.5
      vertex -0.214599 5.92114 0
      vertex -0.319313 5.94736 0
    endloop
  endfacet
  facet normal -0.146374 -0.989229 0
    outer loop
      vertex 0.107819 12.0947 0
      vertex 0.214599 12.0789 1.5
      vertex 0.107819 12.0947 1.5
    endloop
  endfacet
  facet normal -0.146374 -0.989229 -0
    outer loop
      vertex 0.214599 12.0789 1.5
      vertex 0.107819 12.0947 0
      vertex 0.214599 12.0789 0
    endloop
  endfacet
  facet normal -0.243595 -0.969877 0
    outer loop
      vertex 0.214599 12.0789 0
      vertex 0.319313 12.0526 1.5
      vertex 0.214599 12.0789 1.5
    endloop
  endfacet
  facet normal -0.243595 -0.969877 -0
    outer loop
      vertex 0.319313 12.0526 1.5
      vertex 0.214599 12.0789 0
      vertex 0.319313 12.0526 0
    endloop
  endfacet
  facet normal -0.595671 -0.803229 0
    outer loop
      vertex 0.611127 11.9146 0
      vertex 0.697832 11.8503 1.5
      vertex 0.611127 11.9146 1.5
    endloop
  endfacet
  facet normal -0.595671 -0.803229 -0
    outer loop
      vertex 0.697832 11.8503 1.5
      vertex 0.611127 11.9146 0
      vertex 0.697832 11.8503 0
    endloop
  endfacet
  facet normal -0.514124 -0.857716 0
    outer loop
      vertex 0.518536 11.9701 0
      vertex 0.611127 11.9146 1.5
      vertex 0.518536 11.9701 1.5
    endloop
  endfacet
  facet normal -0.514124 -0.857716 -0
    outer loop
      vertex 0.611127 11.9146 1.5
      vertex 0.518536 11.9701 0
      vertex 0.611127 11.9146 0
    endloop
  endfacet
  facet normal -0.903835 -0.42788 0
    outer loop
      vertex 1.01627 11.421 0
      vertex 0.970113 11.5185 1.5
      vertex 0.970113 11.5185 0
    endloop
  endfacet
  facet normal -0.903835 -0.42788 0
    outer loop
      vertex 0.970113 11.5185 1.5
      vertex 1.01627 11.421 0
      vertex 1.01627 11.421 1.5
    endloop
  endfacet
  facet normal -0.80319 -0.595723 0
    outer loop
      vertex 0.914616 11.6111 0
      vertex 0.850311 11.6978 1.5
      vertex 0.850311 11.6978 0
    endloop
  endfacet
  facet normal -0.80319 -0.595723 0
    outer loop
      vertex 0.850311 11.6978 1.5
      vertex 0.914616 11.6111 0
      vertex 0.914616 11.6111 1.5
    endloop
  endfacet
  facet normal -0.671589 -0.740924 0
    outer loop
      vertex 0.697832 11.8503 0
      vertex 0.777817 11.7778 1.5
      vertex 0.697832 11.8503 1.5
    endloop
  endfacet
  facet normal -0.671589 -0.740924 -0
    outer loop
      vertex 0.777817 11.7778 1.5
      vertex 0.697832 11.8503 0
      vertex 0.777817 11.7778 0
    endloop
  endfacet
  facet normal -0.85775 -0.514067 0
    outer loop
      vertex 0.970113 11.5185 0
      vertex 0.914616 11.6111 1.5
      vertex 0.914616 11.6111 0
    endloop
  endfacet
  facet normal -0.85775 -0.514067 0
    outer loop
      vertex 0.914616 11.6111 1.5
      vertex 0.970113 11.5185 0
      vertex 0.970113 11.5185 1.5
    endloop
  endfacet
  facet normal -0.998794 0.0490967 0
    outer loop
      vertex 1.0947 6.89218 0
      vertex 1.1 7 1.5
      vertex 1.1 7 0
    endloop
  endfacet
  facet normal -0.998794 0.0490967 0
    outer loop
      vertex 1.1 7 1.5
      vertex 1.0947 6.89218 0
      vertex 1.0947 6.89218 1.5
    endloop
  endfacet
  facet normal -0.80319 0.595723 0
    outer loop
      vertex 0.850311 6.30217 0
      vertex 0.914616 6.38887 1.5
      vertex 0.914616 6.38887 0
    endloop
  endfacet
  facet normal -0.80319 0.595723 0
    outer loop
      vertex 0.914616 6.38887 1.5
      vertex 0.850311 6.30217 0
      vertex 0.850311 6.30217 1.5
    endloop
  endfacet
  facet normal -0.336917 0.941534 0
    outer loop
      vertex 0.420951 5.98373 0
      vertex 0.319313 5.94736 1.5
      vertex 0.420951 5.98373 1.5
    endloop
  endfacet
  facet normal -0.336917 0.941534 0
    outer loop
      vertex 0.319313 5.94736 1.5
      vertex 0.420951 5.98373 0
      vertex 0.319313 5.94736 0
    endloop
  endfacet
  facet normal 0.903835 -0.42788 0
    outer loop
      vertex -1.01627 11.421 1.5
      vertex -0.970113 11.5185 0
      vertex -0.970113 11.5185 1.5
    endloop
  endfacet
  facet normal 0.903835 -0.42788 0
    outer loop
      vertex -0.970113 11.5185 0
      vertex -1.01627 11.421 1.5
      vertex -1.01627 11.421 0
    endloop
  endfacet
  facet normal 0.80319 -0.595723 0
    outer loop
      vertex -0.914616 11.6111 1.5
      vertex -0.850311 11.6978 0
      vertex -0.850311 11.6978 1.5
    endloop
  endfacet
  facet normal 0.80319 -0.595723 0
    outer loop
      vertex -0.850311 11.6978 0
      vertex -0.914616 11.6111 1.5
      vertex -0.914616 11.6111 0
    endloop
  endfacet
  facet normal 0.336342 -0.94174 0
    outer loop
      vertex -0.420951 12.0163 0
      vertex -0.319313 12.0526 1.5
      vertex -0.420951 12.0163 1.5
    endloop
  endfacet
  facet normal 0.336342 -0.94174 0
    outer loop
      vertex -0.319313 12.0526 1.5
      vertex -0.420951 12.0163 0
      vertex -0.319313 12.0526 0
    endloop
  endfacet
  facet normal 0.146374 -0.989229 0
    outer loop
      vertex -0.214599 12.0789 0
      vertex -0.107819 12.0947 1.5
      vertex -0.214599 12.0789 1.5
    endloop
  endfacet
  facet normal 0.146374 -0.989229 0
    outer loop
      vertex -0.107819 12.0947 1.5
      vertex -0.214599 12.0789 0
      vertex -0.107819 12.0947 0
    endloop
  endfacet
  facet normal 0.903988 0.427558 0
    outer loop
      vertex -0.970113 6.48146 1.5
      vertex -1.01627 6.57905 0
      vertex -1.01627 6.57905 1.5
    endloop
  endfacet
  facet normal 0.903988 0.427558 0
    outer loop
      vertex -1.01627 6.57905 0
      vertex -0.970113 6.48146 1.5
      vertex -0.970113 6.48146 0
    endloop
  endfacet
  facet normal 0.80319 0.595723 0
    outer loop
      vertex -0.850311 6.30217 1.5
      vertex -0.914616 6.38887 0
      vertex -0.914616 6.38887 1.5
    endloop
  endfacet
  facet normal 0.80319 0.595723 0
    outer loop
      vertex -0.914616 6.38887 0
      vertex -0.850311 6.30217 1.5
      vertex -0.850311 6.30217 0
    endloop
  endfacet
  facet normal 0.336917 0.941534 -0
    outer loop
      vertex -0.319313 5.94736 0
      vertex -0.420951 5.98373 1.5
      vertex -0.319313 5.94736 1.5
    endloop
  endfacet
  facet normal 0.336917 0.941534 0
    outer loop
      vertex -0.420951 5.98373 1.5
      vertex -0.319313 5.94736 0
      vertex -0.420951 5.98373 0
    endloop
  endfacet
  facet normal 0.671538 0.74097 -0
    outer loop
      vertex -0.697832 6.14969 0
      vertex -0.777817 6.22218 1.5
      vertex -0.697832 6.14969 1.5
    endloop
  endfacet
  facet normal 0.671538 0.74097 0
    outer loop
      vertex -0.777817 6.22218 1.5
      vertex -0.697832 6.14969 0
      vertex -0.777817 6.22218 0
    endloop
  endfacet
  facet normal 0.514056 0.857757 -0
    outer loop
      vertex -0.518536 6.02989 0
      vertex -0.611127 6.08538 1.5
      vertex -0.518536 6.02989 1.5
    endloop
  endfacet
  facet normal 0.514056 0.857757 0
    outer loop
      vertex -0.611127 6.08538 1.5
      vertex -0.518536 6.02989 0
      vertex -0.611127 6.08538 0
    endloop
  endfacet
  facet normal 0.941566 0.336829 0
    outer loop
      vertex -1.01627 6.57905 1.5
      vertex -1.05263 6.68069 0
      vertex -1.05263 6.68069 1.5
    endloop
  endfacet
  facet normal 0.941566 0.336829 0
    outer loop
      vertex -1.05263 6.68069 0
      vertex -1.01627 6.57905 1.5
      vertex -1.01627 6.57905 0
    endloop
  endfacet
  facet normal 0.857726 0.514107 0
    outer loop
      vertex -0.914616 6.38887 1.5
      vertex -0.970113 6.48146 0
      vertex -0.970113 6.48146 1.5
    endloop
  endfacet
  facet normal 0.857726 0.514107 0
    outer loop
      vertex -0.970113 6.48146 0
      vertex -0.914616 6.38887 1.5
      vertex -0.914616 6.38887 0
    endloop
  endfacet
  facet normal 0.427598 0.903969 -0
    outer loop
      vertex -0.420951 5.98373 0
      vertex -0.518536 6.02989 1.5
      vertex -0.420951 5.98373 1.5
    endloop
  endfacet
  facet normal 0.427598 0.903969 0
    outer loop
      vertex -0.518536 6.02989 1.5
      vertex -0.420951 5.98373 0
      vertex -0.518536 6.02989 0
    endloop
  endfacet
  facet normal 0.59573 0.803185 -0
    outer loop
      vertex -0.611127 6.08538 0
      vertex -0.697832 6.14969 1.5
      vertex -0.611127 6.08538 1.5
    endloop
  endfacet
  facet normal 0.59573 0.803185 0
    outer loop
      vertex -0.697832 6.14969 1.5
      vertex -0.611127 6.08538 0
      vertex -0.697832 6.14969 0
    endloop
  endfacet
  facet normal 0.146736 0.989176 -0
    outer loop
      vertex -0.215637 4.81059 1.5
      vertex -0.429198 4.84227 4
      vertex -0.215637 4.81059 4
    endloop
  endfacet
  facet normal 0.146736 0.989176 0
    outer loop
      vertex -0.429198 4.84227 4
      vertex -0.215637 4.81059 1.5
      vertex -0.429198 4.84227 1.5
    endloop
  endfacet
  facet normal -0.0490512 0.998796 0
    outer loop
      vertex 0.215637 4.81059 1.5
      vertex 0 4.8 4
      vertex 0.215637 4.81059 4
    endloop
  endfacet
  facet normal -0.0490512 0.998796 0
    outer loop
      vertex 0 4.8 4
      vertex 0.215637 4.81059 1.5
      vertex 0 4.8 1.5
    endloop
  endfacet
  facet normal 0.0490512 0.998796 -0
    outer loop
      vertex 0 4.8 1.5
      vertex -0.215637 4.81059 4
      vertex 0 4.8 4
    endloop
  endfacet
  facet normal 0.0490512 0.998796 0
    outer loop
      vertex -0.215637 4.81059 4
      vertex 0 4.8 1.5
      vertex -0.215637 4.81059 1.5
    endloop
  endfacet
  facet normal -1 0 0
    outer loop
      vertex 2.2 7 1.5
      vertex 2.2 11 4
      vertex 2.2 11 1.5
    endloop
  endfacet
  facet normal -1 -0 0
    outer loop
      vertex 2.2 11 4
      vertex 2.2 7 1.5
      vertex 2.2 7 4
    endloop
  endfacet
  facet normal -0.740947 0.671563 0
    outer loop
      vertex 1.55563 5.44436 1.5
      vertex 1.70062 5.60433 4
      vertex 1.70062 5.60433 1.5
    endloop
  endfacet
  facet normal -0.740947 0.671563 0
    outer loop
      vertex 1.70062 5.60433 4
      vertex 1.55563 5.44436 1.5
      vertex 1.55563 5.44436 4
    endloop
  endfacet
  facet normal -0.989176 0.146737 0
    outer loop
      vertex 2.15773 6.5708 1.5
      vertex 2.18941 6.78436 4
      vertex 2.18941 6.78436 1.5
    endloop
  endfacet
  facet normal -0.989176 0.146737 0
    outer loop
      vertex 2.18941 6.78436 4
      vertex 2.15773 6.5708 1.5
      vertex 2.15773 6.5708 4
    endloop
  endfacet
  facet normal 0.998796 -0.0490596 0
    outer loop
      vertex -2.2 11 4
      vertex -2.18941 11.2156 1.5
      vertex -2.18941 11.2156 4
    endloop
  endfacet
  facet normal 0.998796 -0.0490596 0
    outer loop
      vertex -2.18941 11.2156 1.5
      vertex -2.2 11 4
      vertex -2.2 11 1.5
    endloop
  endfacet
  facet normal 0.857714 0.514128 0
    outer loop
      vertex -1.82923 5.77775 4
      vertex -1.94023 5.96293 1.5
      vertex -1.94023 5.96293 4
    endloop
  endfacet
  facet normal 0.857714 0.514128 0
    outer loop
      vertex -1.94023 5.96293 1.5
      vertex -1.82923 5.77775 4
      vertex -1.82923 5.77775 1.5
    endloop
  endfacet
  facet normal -0.514128 0.857714 0
    outer loop
      vertex 1.22225 5.17077 1.5
      vertex 1.03707 5.05977 4
      vertex 1.22225 5.17077 4
    endloop
  endfacet
  facet normal -0.514128 0.857714 0
    outer loop
      vertex 1.03707 5.05977 4
      vertex 1.22225 5.17077 1.5
      vertex 1.03707 5.05977 1.5
    endloop
  endfacet
  facet normal -0.429428 -0.903101 0
    outer loop
      vertex 1.01625 12.9501 1.5
      vertex 1.03707 12.9402 4
      vertex 1.01625 12.9501 4
    endloop
  endfacet
  facet normal -0.429428 -0.903101 -0
    outer loop
      vertex 1.03707 12.9402 4
      vertex 1.01625 12.9501 1.5
      vertex 1.03707 12.9402 1.5
    endloop
  endfacet
  facet normal -0.998796 -0.0490596 0
    outer loop
      vertex 2.2 11 1.5
      vertex 2.18941 11.2156 4
      vertex 2.18941 11.2156 1.5
    endloop
  endfacet
  facet normal -0.998796 -0.0490596 0
    outer loop
      vertex 2.18941 11.2156 4
      vertex 2.2 11 1.5
      vertex 2.2 11 4
    endloop
  endfacet
  facet normal -0.970022 -0.243015 0
    outer loop
      vertex 2.15773 11.4292 1.5
      vertex 2.10527 11.6386 4
      vertex 2.10527 11.6386 1.5
    endloop
  endfacet
  facet normal -0.970022 -0.243015 0
    outer loop
      vertex 2.10527 11.6386 4
      vertex 2.15773 11.4292 1.5
      vertex 2.15773 11.4292 4
    endloop
  endfacet
  facet normal -0.970031 0.242982 0
    outer loop
      vertex 2.10527 6.36137 1.5
      vertex 2.15773 6.5708 4
      vertex 2.15773 6.5708 1.5
    endloop
  endfacet
  facet normal -0.970031 0.242982 0
    outer loop
      vertex 2.15773 6.5708 4
      vertex 2.10527 6.36137 1.5
      vertex 2.10527 6.36137 4
    endloop
  endfacet
  facet normal -0.595678 0.803223 0
    outer loop
      vertex 1.39567 5.29938 1.5
      vertex 1.22225 5.17077 4
      vertex 1.39567 5.29938 4
    endloop
  endfacet
  facet normal -0.595678 0.803223 0
    outer loop
      vertex 1.22225 5.17077 4
      vertex 1.39567 5.29938 1.5
      vertex 1.22225 5.17077 1.5
    endloop
  endfacet
  facet normal 0.941547 -0.336882 0
    outer loop
      vertex -2.10527 11.6386 4
      vertex -2.03253 11.8419 1.5
      vertex -2.03253 11.8419 4
    endloop
  endfacet
  facet normal 0.941547 -0.336882 0
    outer loop
      vertex -2.03253 11.8419 1.5
      vertex -2.10527 11.6386 4
      vertex -2.10527 11.6386 1.5
    endloop
  endfacet
  facet normal 0.671612 -0.740903 0
    outer loop
      vertex -1.55563 12.5556 1.5
      vertex -1.39567 12.7006 4
      vertex -1.55563 12.5556 4
    endloop
  endfacet
  facet normal 0.671612 -0.740903 0
    outer loop
      vertex -1.39567 12.7006 4
      vertex -1.55563 12.5556 1.5
      vertex -1.39567 12.7006 1.5
    endloop
  endfacet
  facet normal 0.998796 0.0490505 0
    outer loop
      vertex -2.18941 6.78436 4
      vertex -2.2 7 1.5
      vertex -2.2 7 4
    endloop
  endfacet
  facet normal 0.998796 0.0490505 0
    outer loop
      vertex -2.2 7 1.5
      vertex -2.18941 6.78436 4
      vertex -2.18941 6.78436 1.5
    endloop
  endfacet
  facet normal 1 -0 0
    outer loop
      vertex -2.2 7 4
      vertex -2.2 11 1.5
      vertex -2.2 11 4
    endloop
  endfacet
  facet normal 1 0 0
    outer loop
      vertex -2.2 11 1.5
      vertex -2.2 7 4
      vertex -2.2 7 1.5
    endloop
  endfacet
  facet normal -0.740801 -0.671724 0
    outer loop
      vertex 1.70062 12.3957 1.5
      vertex 1.55563 12.5556 4
      vertex 1.55563 12.5556 1.5
    endloop
  endfacet
  facet normal -0.740801 -0.671724 0
    outer loop
      vertex 1.55563 12.5556 4
      vertex 1.70062 12.3957 1.5
      vertex 1.70062 12.3957 4
    endloop
  endfacet
  facet normal -0.80319 -0.595723 0
    outer loop
      vertex 1.82923 12.2223 1.5
      vertex 1.70062 12.3957 4
      vertex 1.70062 12.3957 1.5
    endloop
  endfacet
  facet normal -0.80319 -0.595723 0
    outer loop
      vertex 1.70062 12.3957 4
      vertex 1.82923 12.2223 1.5
      vertex 1.82923 12.2223 4
    endloop
  endfacet
  facet normal -0.98918 -0.14671 0
    outer loop
      vertex 2.18941 11.2156 1.5
      vertex 2.15773 11.4292 4
      vertex 2.15773 11.4292 1.5
    endloop
  endfacet
  facet normal -0.98918 -0.14671 0
    outer loop
      vertex 2.15773 11.4292 4
      vertex 2.18941 11.2156 1.5
      vertex 2.18941 11.2156 4
    endloop
  endfacet
  facet normal -0.998796 0.0490505 0
    outer loop
      vertex 2.18941 6.78436 1.5
      vertex 2.2 7 4
      vertex 2.2 7 1.5
    endloop
  endfacet
  facet normal -0.998796 0.0490505 0
    outer loop
      vertex 2.2 7 4
      vertex 2.18941 6.78436 1.5
      vertex 2.18941 6.78436 4
    endloop
  endfacet
  facet normal -0.941531 0.336926 0
    outer loop
      vertex 2.03253 6.1581 1.5
      vertex 2.10527 6.36137 4
      vertex 2.10527 6.36137 1.5
    endloop
  endfacet
  facet normal -0.941531 0.336926 0
    outer loop
      vertex 2.10527 6.36137 4
      vertex 2.03253 6.1581 1.5
      vertex 2.03253 6.1581 4
    endloop
  endfacet
  facet normal -0.904005 0.427523 0
    outer loop
      vertex 1.94023 5.96293 1.5
      vertex 2.03253 6.1581 4
      vertex 2.03253 6.1581 1.5
    endloop
  endfacet
  facet normal -0.904005 0.427523 0
    outer loop
      vertex 2.03253 6.1581 4
      vertex 1.94023 5.96293 1.5
      vertex 1.94023 5.96293 4
    endloop
  endfacet
  facet normal -0.857714 0.514128 0
    outer loop
      vertex 1.82923 5.77775 1.5
      vertex 1.94023 5.96293 4
      vertex 1.94023 5.96293 1.5
    endloop
  endfacet
  facet normal -0.857714 0.514128 0
    outer loop
      vertex 1.94023 5.96293 4
      vertex 1.82923 5.77775 1.5
      vertex 1.82923 5.77775 4
    endloop
  endfacet
  facet normal -0.671561 0.740949 0
    outer loop
      vertex 1.55563 5.44436 1.5
      vertex 1.39567 5.29938 4
      vertex 1.55563 5.44436 4
    endloop
  endfacet
  facet normal -0.671561 0.740949 0
    outer loop
      vertex 1.39567 5.29938 4
      vertex 1.55563 5.44436 1.5
      vertex 1.39567 5.29938 1.5
    endloop
  endfacet
  facet normal -0.427566 0.903984 0
    outer loop
      vertex 1.03707 5.05977 1.5
      vertex 0.841903 4.96746 4
      vertex 1.03707 5.05977 4
    endloop
  endfacet
  facet normal -0.427566 0.903984 0
    outer loop
      vertex 0.841903 4.96746 4
      vertex 1.03707 5.05977 1.5
      vertex 0.841903 4.96746 1.5
    endloop
  endfacet
  facet normal -0.242985 0.97003 0
    outer loop
      vertex 0.638626 4.89473 1.5
      vertex 0.429198 4.84227 4
      vertex 0.638626 4.89473 4
    endloop
  endfacet
  facet normal -0.242985 0.97003 0
    outer loop
      vertex 0.429198 4.84227 4
      vertex 0.638626 4.89473 1.5
      vertex 0.429198 4.84227 1.5
    endloop
  endfacet
  facet normal -0.146736 0.989176 0
    outer loop
      vertex 0.429198 4.84227 1.5
      vertex 0.215637 4.81059 4
      vertex 0.429198 4.84227 4
    endloop
  endfacet
  facet normal -0.146736 0.989176 0
    outer loop
      vertex 0.215637 4.81059 4
      vertex 0.429198 4.84227 1.5
      vertex 0.215637 4.81059 1.5
    endloop
  endfacet
  facet normal 0.98918 -0.14671 0
    outer loop
      vertex -2.18941 11.2156 4
      vertex -2.15773 11.4292 1.5
      vertex -2.15773 11.4292 4
    endloop
  endfacet
  facet normal 0.98918 -0.14671 0
    outer loop
      vertex -2.15773 11.4292 1.5
      vertex -2.18941 11.2156 4
      vertex -2.18941 11.2156 1.5
    endloop
  endfacet
  facet normal 0.970022 -0.243015 0
    outer loop
      vertex -2.15773 11.4292 4
      vertex -2.10527 11.6386 1.5
      vertex -2.10527 11.6386 4
    endloop
  endfacet
  facet normal 0.970022 -0.243015 0
    outer loop
      vertex -2.10527 11.6386 1.5
      vertex -2.15773 11.4292 4
      vertex -2.15773 11.4292 1.5
    endloop
  endfacet
  facet normal 0.857738 -0.514087 0
    outer loop
      vertex -1.94023 12.0371 4
      vertex -1.82923 12.2223 1.5
      vertex -1.82923 12.2223 4
    endloop
  endfacet
  facet normal 0.857738 -0.514087 0
    outer loop
      vertex -1.82923 12.2223 1.5
      vertex -1.94023 12.0371 4
      vertex -1.94023 12.0371 1.5
    endloop
  endfacet
  facet normal 0.740801 -0.671724 0
    outer loop
      vertex -1.70062 12.3957 4
      vertex -1.55563 12.5556 1.5
      vertex -1.55563 12.5556 4
    endloop
  endfacet
  facet normal 0.740801 -0.671724 0
    outer loop
      vertex -1.55563 12.5556 1.5
      vertex -1.70062 12.3957 4
      vertex -1.70062 12.3957 1.5
    endloop
  endfacet
  facet normal 0.514128 -0.857714 0
    outer loop
      vertex -1.22225 12.8292 1.5
      vertex -1.03707 12.9402 4
      vertex -1.22225 12.8292 4
    endloop
  endfacet
  facet normal 0.514128 -0.857714 0
    outer loop
      vertex -1.03707 12.9402 4
      vertex -1.22225 12.8292 1.5
      vertex -1.03707 12.9402 1.5
    endloop
  endfacet
  facet normal 0.595648 -0.803245 0
    outer loop
      vertex -1.39567 12.7006 1.5
      vertex -1.22225 12.8292 4
      vertex -1.39567 12.7006 4
    endloop
  endfacet
  facet normal 0.595648 -0.803245 0
    outer loop
      vertex -1.22225 12.8292 4
      vertex -1.39567 12.7006 1.5
      vertex -1.22225 12.8292 1.5
    endloop
  endfacet
  facet normal 0.429428 -0.903101 0
    outer loop
      vertex -1.03707 12.9402 1.5
      vertex -1.01625 12.9501 4
      vertex -1.03707 12.9402 4
    endloop
  endfacet
  facet normal 0.429428 -0.903101 0
    outer loop
      vertex -1.01625 12.9501 4
      vertex -1.03707 12.9402 1.5
      vertex -1.01625 12.9501 1.5
    endloop
  endfacet
  facet normal 0.970031 0.242982 0
    outer loop
      vertex -2.10527 6.36137 4
      vertex -2.15773 6.5708 1.5
      vertex -2.15773 6.5708 4
    endloop
  endfacet
  facet normal 0.970031 0.242982 0
    outer loop
      vertex -2.15773 6.5708 1.5
      vertex -2.10527 6.36137 4
      vertex -2.10527 6.36137 1.5
    endloop
  endfacet
  facet normal 0.989176 0.146737 0
    outer loop
      vertex -2.15773 6.5708 4
      vertex -2.18941 6.78436 1.5
      vertex -2.18941 6.78436 4
    endloop
  endfacet
  facet normal 0.989176 0.146737 0
    outer loop
      vertex -2.18941 6.78436 1.5
      vertex -2.15773 6.5708 4
      vertex -2.15773 6.5708 1.5
    endloop
  endfacet
  facet normal 0.904005 0.427523 0
    outer loop
      vertex -1.94023 5.96293 4
      vertex -2.03253 6.1581 1.5
      vertex -2.03253 6.1581 4
    endloop
  endfacet
  facet normal 0.904005 0.427523 0
    outer loop
      vertex -2.03253 6.1581 1.5
      vertex -1.94023 5.96293 4
      vertex -1.94023 5.96293 1.5
    endloop
  endfacet
  facet normal 0.671561 0.740949 -0
    outer loop
      vertex -1.39567 5.29938 1.5
      vertex -1.55563 5.44436 4
      vertex -1.39567 5.29938 4
    endloop
  endfacet
  facet normal 0.671561 0.740949 0
    outer loop
      vertex -1.55563 5.44436 4
      vertex -1.39567 5.29938 1.5
      vertex -1.55563 5.44436 1.5
    endloop
  endfacet
  facet normal 0.514128 0.857714 -0
    outer loop
      vertex -1.03707 5.05977 1.5
      vertex -1.22225 5.17077 4
      vertex -1.03707 5.05977 4
    endloop
  endfacet
  facet normal 0.514128 0.857714 0
    outer loop
      vertex -1.22225 5.17077 4
      vertex -1.03707 5.05977 1.5
      vertex -1.22225 5.17077 1.5
    endloop
  endfacet
  facet normal 0.242985 0.97003 -0
    outer loop
      vertex -0.429198 4.84227 1.5
      vertex -0.638626 4.89473 4
      vertex -0.429198 4.84227 4
    endloop
  endfacet
  facet normal 0.242985 0.97003 0
    outer loop
      vertex -0.638626 4.89473 4
      vertex -0.429198 4.84227 1.5
      vertex -0.638626 4.89473 1.5
    endloop
  endfacet
  facet normal -0.595648 -0.803245 0
    outer loop
      vertex 1.22225 12.8292 1.5
      vertex 1.39567 12.7006 4
      vertex 1.22225 12.8292 4
    endloop
  endfacet
  facet normal -0.595648 -0.803245 -0
    outer loop
      vertex 1.39567 12.7006 4
      vertex 1.22225 12.8292 1.5
      vertex 1.39567 12.7006 1.5
    endloop
  endfacet
  facet normal -0.941547 -0.336882 0
    outer loop
      vertex 2.10527 11.6386 1.5
      vertex 2.03253 11.8419 4
      vertex 2.03253 11.8419 1.5
    endloop
  endfacet
  facet normal -0.941547 -0.336882 0
    outer loop
      vertex 2.03253 11.8419 4
      vertex 2.10527 11.6386 1.5
      vertex 2.10527 11.6386 4
    endloop
  endfacet
  facet normal -0.857738 -0.514087 0
    outer loop
      vertex 1.94023 12.0371 1.5
      vertex 1.82923 12.2223 4
      vertex 1.82923 12.2223 1.5
    endloop
  endfacet
  facet normal -0.857738 -0.514087 0
    outer loop
      vertex 1.82923 12.2223 4
      vertex 1.94023 12.0371 1.5
      vertex 1.94023 12.0371 4
    endloop
  endfacet
  facet normal -0.671612 -0.740903 0
    outer loop
      vertex 1.39567 12.7006 1.5
      vertex 1.55563 12.5556 4
      vertex 1.39567 12.7006 4
    endloop
  endfacet
  facet normal -0.671612 -0.740903 -0
    outer loop
      vertex 1.55563 12.5556 4
      vertex 1.39567 12.7006 1.5
      vertex 1.55563 12.5556 1.5
    endloop
  endfacet
  facet normal -0.803223 0.595678 0
    outer loop
      vertex 1.70062 5.60433 1.5
      vertex 1.82923 5.77775 4
      vertex 1.82923 5.77775 1.5
    endloop
  endfacet
  facet normal -0.803223 0.595678 0
    outer loop
      vertex 1.82923 5.77775 4
      vertex 1.70062 5.60433 1.5
      vertex 1.70062 5.60433 4
    endloop
  endfacet
  facet normal 0 0 1
    outer loop
      vertex 1.1 11 1.5
      vertex 2.2 11 1.5
      vertex 2.18941 11.2156 1.5
    endloop
  endfacet
  facet normal 0 0 1
    outer loop
      vertex 2.2 11 1.5
      vertex 1.1 11 1.5
      vertex 2.2 7 1.5
    endloop
  endfacet
  facet normal 0 0 1
    outer loop
      vertex 1.0947 11.1078 1.5
      vertex 2.18941 11.2156 1.5
      vertex 2.15773 11.4292 1.5
    endloop
  endfacet
  facet normal 0 0 1
    outer loop
      vertex 1.1 7 1.5
      vertex 2.2 7 1.5
      vertex 1.1 11 1.5
    endloop
  endfacet
  facet normal 0 0 1
    outer loop
      vertex 1.07886 11.2146 1.5
      vertex 2.15773 11.4292 1.5
      vertex 2.10527 11.6386 1.5
    endloop
  endfacet
  facet normal 0 0 1
    outer loop
      vertex 2.2 7 1.5
      vertex 1.1 7 1.5
      vertex 2.18941 6.78436 1.5
    endloop
  endfacet
  facet normal 0 0 1
    outer loop
      vertex 1.05263 11.3193 1.5
      vertex 2.10527 11.6386 1.5
      vertex 2.03253 11.8419 1.5
    endloop
  endfacet
  facet normal -0 0 1
    outer loop
      vertex 1.0947 6.89218 1.5
      vertex 2.18941 6.78436 1.5
      vertex 1.1 7 1.5
    endloop
  endfacet
  facet normal 0 0 1
    outer loop
      vertex 1.01627 11.421 1.5
      vertex 2.03253 11.8419 1.5
      vertex 1.94023 12.0371 1.5
    endloop
  endfacet
  facet normal 0 0 1
    outer loop
      vertex 2.18941 6.78436 1.5
      vertex 1.0947 6.89218 1.5
      vertex 2.15773 6.5708 1.5
    endloop
  endfacet
  facet normal 0 0 1
    outer loop
      vertex 0.970113 11.5185 1.5
      vertex 1.94023 12.0371 1.5
      vertex 1.82923 12.2223 1.5
    endloop
  endfacet
  facet normal -0 0 1
    outer loop
      vertex 1.07886 6.7854 1.5
      vertex 2.15773 6.5708 1.5
      vertex 1.0947 6.89218 1.5
    endloop
  endfacet
  facet normal 0 0 1
    outer loop
      vertex 0.914616 11.6111 1.5
      vertex 1.82923 12.2223 1.5
      vertex 1.70062 12.3957 1.5
    endloop
  endfacet
  facet normal 0 0 1
    outer loop
      vertex 2.15773 6.5708 1.5
      vertex 1.07886 6.7854 1.5
      vertex 2.10527 6.36137 1.5
    endloop
  endfacet
  facet normal 0 0 1
    outer loop
      vertex 0.850311 11.6978 1.5
      vertex 1.70062 12.3957 1.5
      vertex 1.55563 12.5556 1.5
    endloop
  endfacet
  facet normal -0 0 1
    outer loop
      vertex 1.05263 6.68069 1.5
      vertex 2.10527 6.36137 1.5
      vertex 1.07886 6.7854 1.5
    endloop
  endfacet
  facet normal 0 0 1
    outer loop
      vertex 0.777817 11.7778 1.5
      vertex 1.55563 12.5556 1.5
      vertex 1.39567 12.7006 1.5
    endloop
  endfacet
  facet normal 0 0 1
    outer loop
      vertex 2.10527 6.36137 1.5
      vertex 1.05263 6.68069 1.5
      vertex 2.03253 6.1581 1.5
    endloop
  endfacet
  facet normal 0 0 1
    outer loop
      vertex 0.697832 11.8503 1.5
      vertex 1.39567 12.7006 1.5
      vertex 1.22225 12.8292 1.5
    endloop
  endfacet
  facet normal -0 0 1
    outer loop
      vertex 1.01627 6.57905 1.5
      vertex 2.03253 6.1581 1.5
      vertex 1.05263 6.68069 1.5
    endloop
  endfacet
  facet normal 0 0 1
    outer loop
      vertex 2.03253 6.1581 1.5
      vertex 1.01627 6.57905 1.5
      vertex 1.94023 5.96293 1.5
    endloop
  endfacet
  facet normal 0 0 1
    outer loop
      vertex 2.18941 11.2156 1.5
      vertex 1.0947 11.1078 1.5
      vertex 1.1 11 1.5
    endloop
  endfacet
  facet normal 0 0 1
    outer loop
      vertex 2.15773 11.4292 1.5
      vertex 1.07886 11.2146 1.5
      vertex 1.0947 11.1078 1.5
    endloop
  endfacet
  facet normal 0 0 1
    outer loop
      vertex 2.10527 11.6386 1.5
      vertex 1.05263 11.3193 1.5
      vertex 1.07886 11.2146 1.5
    endloop
  endfacet
  facet normal 0 0 1
    outer loop
      vertex 0.611127 11.9146 1.5
      vertex 1.22225 12.8292 1.5
      vertex 1.03707 12.9402 1.5
    endloop
  endfacet
  facet normal 0 0 1
    outer loop
      vertex 2.03253 11.8419 1.5
      vertex 1.01627 11.421 1.5
      vertex 1.05263 11.3193 1.5
    endloop
  endfacet
  facet normal 0 0 1
    outer loop
      vertex 0.518536 11.9701 1.5
      vertex 1.03707 12.9402 1.5
      vertex 1.01625 12.9501 1.5
    endloop
  endfacet
  facet normal 0 0 1
    outer loop
      vertex 1.94023 12.0371 1.5
      vertex 0.970113 11.5185 1.5
      vertex 1.01627 11.421 1.5
    endloop
  endfacet
  facet normal 0 0 1
    outer loop
      vertex 1.82923 12.2223 1.5
      vertex 0.914616 11.6111 1.5
      vertex 0.970113 11.5185 1.5
    endloop
  endfacet
  facet normal 0 0 1
    outer loop
      vertex 1.70062 12.3957 1.5
      vertex 0.850311 11.6978 1.5
      vertex 0.914616 11.6111 1.5
    endloop
  endfacet
  facet normal 0 0 1
    outer loop
      vertex 1.55563 12.5556 1.5
      vertex 0.777817 11.7778 1.5
      vertex 0.850311 11.6978 1.5
    endloop
  endfacet
  facet normal 0 0 1
    outer loop
      vertex 1.39567 12.7006 1.5
      vertex 0.697832 11.8503 1.5
      vertex 0.777817 11.7778 1.5
    endloop
  endfacet
  facet normal 0 0 1
    outer loop
      vertex 1.22225 12.8292 1.5
      vertex 0.611127 11.9146 1.5
      vertex 0.697832 11.8503 1.5
    endloop
  endfacet
  facet normal 0 0 1
    outer loop
      vertex 1.03707 12.9402 1.5
      vertex 0.518536 11.9701 1.5
      vertex 0.611127 11.9146 1.5
    endloop
  endfacet
  facet normal 0 0 1
    outer loop
      vertex 1.01625 12.9501 1.5
      vertex 0.420951 12.0163 1.5
      vertex 0.518536 11.9701 1.5
    endloop
  endfacet
  facet normal 0 0 1
    outer loop
      vertex 1.01625 12.9501 1.5
      vertex 0.319313 12.0526 1.5
      vertex 0.420951 12.0163 1.5
    endloop
  endfacet
  facet normal 0 0 1
    outer loop
      vertex 0 13 1.5
      vertex 0.319313 12.0526 1.5
      vertex 1.01625 12.9501 1.5
    endloop
  endfacet
  facet normal 0 0 1
    outer loop
      vertex 0.319313 12.0526 1.5
      vertex 0 13 1.5
      vertex 0.214599 12.0789 1.5
    endloop
  endfacet
  facet normal 0 0 1
    outer loop
      vertex 0.214599 12.0789 1.5
      vertex 0 13 1.5
      vertex 0.107819 12.0947 1.5
    endloop
  endfacet
  facet normal 0 0 1
    outer loop
      vertex 0 13 1.5
      vertex 0 12.1 1.5
      vertex 0.107819 12.0947 1.5
    endloop
  endfacet
  facet normal 0 0 1
    outer loop
      vertex 0 13 1.5
      vertex -0.107819 12.0947 1.5
      vertex 0 12.1 1.5
    endloop
  endfacet
  facet normal 0 0 1
    outer loop
      vertex 0 13 1.5
      vertex -0.214599 12.0789 1.5
      vertex -0.107819 12.0947 1.5
    endloop
  endfacet
  facet normal 0 0 1
    outer loop
      vertex 0 13 1.5
      vertex -0.319313 12.0526 1.5
      vertex -0.214599 12.0789 1.5
    endloop
  endfacet
  facet normal -0 0 1
    outer loop
      vertex -1.01625 12.9501 1.5
      vertex -0.319313 12.0526 1.5
      vertex 0 13 1.5
    endloop
  endfacet
  facet normal 0 0 1
    outer loop
      vertex -0.319313 12.0526 1.5
      vertex -1.01625 12.9501 1.5
      vertex -0.420951 12.0163 1.5
    endloop
  endfacet
  facet normal 0 0 1
    outer loop
      vertex -0.420951 12.0163 1.5
      vertex -1.01625 12.9501 1.5
      vertex -0.518536 11.9701 1.5
    endloop
  endfacet
  facet normal -0 0 1
    outer loop
      vertex -1.03707 12.9402 1.5
      vertex -0.518536 11.9701 1.5
      vertex -1.01625 12.9501 1.5
    endloop
  endfacet
  facet normal 0 0 1
    outer loop
      vertex -0.518536 11.9701 1.5
      vertex -1.03707 12.9402 1.5
      vertex -0.611127 11.9146 1.5
    endloop
  endfacet
  facet normal -0 0 1
    outer loop
      vertex -1.22225 12.8292 1.5
      vertex -0.611127 11.9146 1.5
      vertex -1.03707 12.9402 1.5
    endloop
  endfacet
  facet normal 0 0 1
    outer loop
      vertex -0.611127 11.9146 1.5
      vertex -1.22225 12.8292 1.5
      vertex -0.697832 11.8503 1.5
    endloop
  endfacet
  facet normal -0 0 1
    outer loop
      vertex -1.39567 12.7006 1.5
      vertex -0.697832 11.8503 1.5
      vertex -1.22225 12.8292 1.5
    endloop
  endfacet
  facet normal 0 0 1
    outer loop
      vertex -0.697832 11.8503 1.5
      vertex -1.39567 12.7006 1.5
      vertex -0.777817 11.7778 1.5
    endloop
  endfacet
  facet normal -0 0 1
    outer loop
      vertex -1.55563 12.5556 1.5
      vertex -0.777817 11.7778 1.5
      vertex -1.39567 12.7006 1.5
    endloop
  endfacet
  facet normal 0 0 1
    outer loop
      vertex -0.777817 11.7778 1.5
      vertex -1.55563 12.5556 1.5
      vertex -0.850311 11.6978 1.5
    endloop
  endfacet
  facet normal -0 0 1
    outer loop
      vertex -1.70062 12.3957 1.5
      vertex -0.850311 11.6978 1.5
      vertex -1.55563 12.5556 1.5
    endloop
  endfacet
  facet normal 0 0 1
    outer loop
      vertex -0.850311 11.6978 1.5
      vertex -1.70062 12.3957 1.5
      vertex -0.914616 11.6111 1.5
    endloop
  endfacet
  facet normal -0 0 1
    outer loop
      vertex -1.82923 12.2223 1.5
      vertex -0.914616 11.6111 1.5
      vertex -1.70062 12.3957 1.5
    endloop
  endfacet
  facet normal 0 0 1
    outer loop
      vertex -0.914616 11.6111 1.5
      vertex -1.82923 12.2223 1.5
      vertex -0.970113 11.5185 1.5
    endloop
  endfacet
  facet normal 0 0 1
    outer loop
      vertex -0.970113 11.5185 1.5
      vertex -1.94023 12.0371 1.5
      vertex -1.01627 11.421 1.5
    endloop
  endfacet
  facet normal -0 0 1
    outer loop
      vertex -1.94023 12.0371 1.5
      vertex -0.970113 11.5185 1.5
      vertex -1.82923 12.2223 1.5
    endloop
  endfacet
  facet normal -0 0 1
    outer loop
      vertex 0.970113 6.48146 1.5
      vertex 1.94023 5.96293 1.5
      vertex 1.01627 6.57905 1.5
    endloop
  endfacet
  facet normal 0 0 1
    outer loop
      vertex 1.94023 5.96293 1.5
      vertex 0.970113 6.48146 1.5
      vertex 1.82923 5.77775 1.5
    endloop
  endfacet
  facet normal -0 0 1
    outer loop
      vertex 0.914616 6.38887 1.5
      vertex 1.82923 5.77775 1.5
      vertex 0.970113 6.48146 1.5
    endloop
  endfacet
  facet normal 0 0 1
    outer loop
      vertex 1.82923 5.77775 1.5
      vertex 0.914616 6.38887 1.5
      vertex 1.70062 5.60433 1.5
    endloop
  endfacet
  facet normal -0 0 1
    outer loop
      vertex 0.850311 6.30217 1.5
      vertex 1.70062 5.60433 1.5
      vertex 0.914616 6.38887 1.5
    endloop
  endfacet
  facet normal 0 0 1
    outer loop
      vertex 1.70062 5.60433 1.5
      vertex 0.850311 6.30217 1.5
      vertex 1.55563 5.44436 1.5
    endloop
  endfacet
  facet normal -0 0 1
    outer loop
      vertex 0.777817 6.22218 1.5
      vertex 1.55563 5.44436 1.5
      vertex 0.850311 6.30217 1.5
    endloop
  endfacet
  facet normal 0 0 1
    outer loop
      vertex 1.55563 5.44436 1.5
      vertex 0.777817 6.22218 1.5
      vertex 1.39567 5.29938 1.5
    endloop
  endfacet
  facet normal -0 0 1
    outer loop
      vertex 0.697832 6.14969 1.5
      vertex 1.39567 5.29938 1.5
      vertex 0.777817 6.22218 1.5
    endloop
  endfacet
  facet normal 0 0 1
    outer loop
      vertex 1.39567 5.29938 1.5
      vertex 0.697832 6.14969 1.5
      vertex 1.22225 5.17077 1.5
    endloop
  endfacet
  facet normal -0 0 1
    outer loop
      vertex 0.611127 6.08538 1.5
      vertex 1.22225 5.17077 1.5
      vertex 0.697832 6.14969 1.5
    endloop
  endfacet
  facet normal 0 0 1
    outer loop
      vertex 1.22225 5.17077 1.5
      vertex 0.611127 6.08538 1.5
      vertex 1.03707 5.05977 1.5
    endloop
  endfacet
  facet normal -0 0 1
    outer loop
      vertex 0.518536 6.02989 1.5
      vertex 1.03707 5.05977 1.5
      vertex 0.611127 6.08538 1.5
    endloop
  endfacet
  facet normal 0 0 1
    outer loop
      vertex 1.03707 5.05977 1.5
      vertex 0.518536 6.02989 1.5
      vertex 0.841903 4.96746 1.5
    endloop
  endfacet
  facet normal -0 0 1
    outer loop
      vertex 0.420951 5.98373 1.5
      vertex 0.841903 4.96746 1.5
      vertex 0.518536 6.02989 1.5
    endloop
  endfacet
  facet normal 0 0 1
    outer loop
      vertex 0.841903 4.96746 1.5
      vertex 0.420951 5.98373 1.5
      vertex 0.638626 4.89473 1.5
    endloop
  endfacet
  facet normal -0 0 1
    outer loop
      vertex 0.319313 5.94736 1.5
      vertex 0.638626 4.89473 1.5
      vertex 0.420951 5.98373 1.5
    endloop
  endfacet
  facet normal 0 0 1
    outer loop
      vertex 0.638626 4.89473 1.5
      vertex 0.319313 5.94736 1.5
      vertex 0.429198 4.84227 1.5
    endloop
  endfacet
  facet normal -0 0 1
    outer loop
      vertex 0.214599 5.92114 1.5
      vertex 0.429198 4.84227 1.5
      vertex 0.319313 5.94736 1.5
    endloop
  endfacet
  facet normal 0 0 1
    outer loop
      vertex 0.429198 4.84227 1.5
      vertex 0.214599 5.92114 1.5
      vertex 0.215637 4.81059 1.5
    endloop
  endfacet
  facet normal -0 0 1
    outer loop
      vertex 0.107819 5.9053 1.5
      vertex 0.215637 4.81059 1.5
      vertex 0.214599 5.92114 1.5
    endloop
  endfacet
  facet normal -0 0 1
    outer loop
      vertex 0 5.9 1.5
      vertex 0.215637 4.81059 1.5
      vertex 0.107819 5.9053 1.5
    endloop
  endfacet
  facet normal 0 0 1
    outer loop
      vertex 0 5.9 1.5
      vertex 0 4.8 1.5
      vertex 0.215637 4.81059 1.5
    endloop
  endfacet
  facet normal 0 0 1
    outer loop
      vertex -0.107819 5.9053 1.5
      vertex 0 4.8 1.5
      vertex 0 5.9 1.5
    endloop
  endfacet
  facet normal 0 0 1
    outer loop
      vertex -0.215637 4.81059 1.5
      vertex -0.107819 5.9053 1.5
      vertex -0.214599 5.92114 1.5
    endloop
  endfacet
  facet normal 0 0 1
    outer loop
      vertex -0.107819 5.9053 1.5
      vertex -0.215637 4.81059 1.5
      vertex 0 4.8 1.5
    endloop
  endfacet
  facet normal 0 0 1
    outer loop
      vertex -0.429198 4.84227 1.5
      vertex -0.214599 5.92114 1.5
      vertex -0.319313 5.94736 1.5
    endloop
  endfacet
  facet normal 0 0 1
    outer loop
      vertex -0.638626 4.89473 1.5
      vertex -0.319313 5.94736 1.5
      vertex -0.420951 5.98373 1.5
    endloop
  endfacet
  facet normal 0 0 1
    outer loop
      vertex -0.214599 5.92114 1.5
      vertex -0.429198 4.84227 1.5
      vertex -0.215637 4.81059 1.5
    endloop
  endfacet
  facet normal 0 0 1
    outer loop
      vertex -0.841903 4.96746 1.5
      vertex -0.420951 5.98373 1.5
      vertex -0.518536 6.02989 1.5
    endloop
  endfacet
  facet normal 0 0 1
    outer loop
      vertex -1.03707 5.05977 1.5
      vertex -0.518536 6.02989 1.5
      vertex -0.611127 6.08538 1.5
    endloop
  endfacet
  facet normal 0 0 1
    outer loop
      vertex -0.319313 5.94736 1.5
      vertex -0.638626 4.89473 1.5
      vertex -0.429198 4.84227 1.5
    endloop
  endfacet
  facet normal 0 0 1
    outer loop
      vertex -1.22225 5.17077 1.5
      vertex -0.611127 6.08538 1.5
      vertex -0.697832 6.14969 1.5
    endloop
  endfacet
  facet normal 0 0 1
    outer loop
      vertex -1.39567 5.29938 1.5
      vertex -0.697832 6.14969 1.5
      vertex -0.777817 6.22218 1.5
    endloop
  endfacet
  facet normal 0 0 1
    outer loop
      vertex -0.420951 5.98373 1.5
      vertex -0.841903 4.96746 1.5
      vertex -0.638626 4.89473 1.5
    endloop
  endfacet
  facet normal 0 0 1
    outer loop
      vertex -1.55563 5.44436 1.5
      vertex -0.777817 6.22218 1.5
      vertex -0.850311 6.30217 1.5
    endloop
  endfacet
  facet normal 0 0 1
    outer loop
      vertex -1.70062 5.60433 1.5
      vertex -0.850311 6.30217 1.5
      vertex -0.914616 6.38887 1.5
    endloop
  endfacet
  facet normal 0 0 1
    outer loop
      vertex -1.82923 5.77775 1.5
      vertex -0.914616 6.38887 1.5
      vertex -0.970113 6.48146 1.5
    endloop
  endfacet
  facet normal 0 0 1
    outer loop
      vertex -1.94023 5.96293 1.5
      vertex -0.970113 6.48146 1.5
      vertex -1.01627 6.57905 1.5
    endloop
  endfacet
  facet normal 0 0 1
    outer loop
      vertex -0.518536 6.02989 1.5
      vertex -1.03707 5.05977 1.5
      vertex -0.841903 4.96746 1.5
    endloop
  endfacet
  facet normal 0 0 1
    outer loop
      vertex -2.03253 6.1581 1.5
      vertex -1.01627 6.57905 1.5
      vertex -1.05263 6.68069 1.5
    endloop
  endfacet
  facet normal 0 0 1
    outer loop
      vertex -2.10527 6.36137 1.5
      vertex -1.05263 6.68069 1.5
      vertex -1.07886 6.7854 1.5
    endloop
  endfacet
  facet normal 0 0 1
    outer loop
      vertex -2.15773 6.5708 1.5
      vertex -1.07886 6.7854 1.5
      vertex -1.0947 6.89218 1.5
    endloop
  endfacet
  facet normal 0 0 1
    outer loop
      vertex -2.18941 6.78436 1.5
      vertex -1.0947 6.89218 1.5
      vertex -1.1 7 1.5
    endloop
  endfacet
  facet normal 0 0 1
    outer loop
      vertex -0.611127 6.08538 1.5
      vertex -1.22225 5.17077 1.5
      vertex -1.03707 5.05977 1.5
    endloop
  endfacet
  facet normal 0 0 1
    outer loop
      vertex -1.1 11 1.5
      vertex -2.2 11 1.5
      vertex -1.1 7 1.5
    endloop
  endfacet
  facet normal -0 0 1
    outer loop
      vertex -2.03253 11.8419 1.5
      vertex -1.01627 11.421 1.5
      vertex -1.94023 12.0371 1.5
    endloop
  endfacet
  facet normal 0 0 1
    outer loop
      vertex -2.2 7 1.5
      vertex -1.1 7 1.5
      vertex -2.2 11 1.5
    endloop
  endfacet
  facet normal 0 0 1
    outer loop
      vertex -1.01627 11.421 1.5
      vertex -2.03253 11.8419 1.5
      vertex -1.05263 11.3193 1.5
    endloop
  endfacet
  facet normal 0 -0 1
    outer loop
      vertex -2.18941 6.78436 1.5
      vertex -1.1 7 1.5
      vertex -2.2 7 1.5
    endloop
  endfacet
  facet normal -0 0 1
    outer loop
      vertex -2.10527 11.6386 1.5
      vertex -1.05263 11.3193 1.5
      vertex -2.03253 11.8419 1.5
    endloop
  endfacet
  facet normal 0 0 1
    outer loop
      vertex -0.697832 6.14969 1.5
      vertex -1.39567 5.29938 1.5
      vertex -1.22225 5.17077 1.5
    endloop
  endfacet
  facet normal 0 0 1
    outer loop
      vertex -1.05263 11.3193 1.5
      vertex -2.10527 11.6386 1.5
      vertex -1.07886 11.2146 1.5
    endloop
  endfacet
  facet normal 0 0 1
    outer loop
      vertex -0.777817 6.22218 1.5
      vertex -1.55563 5.44436 1.5
      vertex -1.39567 5.29938 1.5
    endloop
  endfacet
  facet normal -0 0 1
    outer loop
      vertex -2.15773 11.4292 1.5
      vertex -1.07886 11.2146 1.5
      vertex -2.10527 11.6386 1.5
    endloop
  endfacet
  facet normal 0 0 1
    outer loop
      vertex -0.850311 6.30217 1.5
      vertex -1.70062 5.60433 1.5
      vertex -1.55563 5.44436 1.5
    endloop
  endfacet
  facet normal 0 0 1
    outer loop
      vertex -1.07886 11.2146 1.5
      vertex -2.15773 11.4292 1.5
      vertex -1.0947 11.1078 1.5
    endloop
  endfacet
  facet normal 0 0 1
    outer loop
      vertex -0.914616 6.38887 1.5
      vertex -1.82923 5.77775 1.5
      vertex -1.70062 5.60433 1.5
    endloop
  endfacet
  facet normal -0 0 1
    outer loop
      vertex -2.18941 11.2156 1.5
      vertex -1.0947 11.1078 1.5
      vertex -2.15773 11.4292 1.5
    endloop
  endfacet
  facet normal 0 0 1
    outer loop
      vertex -0.970113 6.48146 1.5
      vertex -1.94023 5.96293 1.5
      vertex -1.82923 5.77775 1.5
    endloop
  endfacet
  facet normal 0 0 1
    outer loop
      vertex -1.0947 11.1078 1.5
      vertex -2.18941 11.2156 1.5
      vertex -1.1 11 1.5
    endloop
  endfacet
  facet normal 0 0 1
    outer loop
      vertex -1.01627 6.57905 1.5
      vertex -2.03253 6.1581 1.5
      vertex -1.94023 5.96293 1.5
    endloop
  endfacet
  facet normal 0 0 1
    outer loop
      vertex -1.1 11 1.5
      vertex -2.18941 11.2156 1.5
      vertex -2.2 11 1.5
    endloop
  endfacet
  facet normal 0 0 1
    outer loop
      vertex -1.05263 6.68069 1.5
      vertex -2.10527 6.36137 1.5
      vertex -2.03253 6.1581 1.5
    endloop
  endfacet
  facet normal 0 0 1
    outer loop
      vertex -1.07886 6.7854 1.5
      vertex -2.15773 6.5708 1.5
      vertex -2.10527 6.36137 1.5
    endloop
  endfacet
  facet normal 0 0 1
    outer loop
      vertex -1.0947 6.89218 1.5
      vertex -2.18941 6.78436 1.5
      vertex -2.15773 6.5708 1.5
    endloop
  endfacet
  facet normal -0.336875 0.941549 0
    outer loop
      vertex 0.841903 4.96746 1.5
      vertex 0.638626 4.89473 4
      vertex 0.841903 4.96746 4
    endloop
  endfacet
  facet normal -0.336875 0.941549 0
    outer loop
      vertex 0.638626 4.89473 4
      vertex 0.841903 4.96746 1.5
      vertex 0.638626 4.89473 1.5
    endloop
  endfacet
  facet normal 0.90403 -0.427469 0
    outer loop
      vertex -2.03253 11.8419 4
      vertex -1.94023 12.0371 1.5
      vertex -1.94023 12.0371 4
    endloop
  endfacet
  facet normal 0.90403 -0.427469 0
    outer loop
      vertex -1.94023 12.0371 1.5
      vertex -2.03253 11.8419 4
      vertex -2.03253 11.8419 1.5
    endloop
  endfacet
  facet normal 0.80319 -0.595723 0
    outer loop
      vertex -1.82923 12.2223 4
      vertex -1.70062 12.3957 1.5
      vertex -1.70062 12.3957 4
    endloop
  endfacet
  facet normal 0.80319 -0.595723 0
    outer loop
      vertex -1.70062 12.3957 1.5
      vertex -1.82923 12.2223 4
      vertex -1.82923 12.2223 1.5
    endloop
  endfacet
  facet normal 0.941531 0.336926 0
    outer loop
      vertex -2.03253 6.1581 4
      vertex -2.10527 6.36137 1.5
      vertex -2.10527 6.36137 4
    endloop
  endfacet
  facet normal 0.941531 0.336926 0
    outer loop
      vertex -2.10527 6.36137 1.5
      vertex -2.03253 6.1581 4
      vertex -2.03253 6.1581 1.5
    endloop
  endfacet
  facet normal 0.803223 0.595678 0
    outer loop
      vertex -1.70062 5.60433 4
      vertex -1.82923 5.77775 1.5
      vertex -1.82923 5.77775 4
    endloop
  endfacet
  facet normal 0.803223 0.595678 0
    outer loop
      vertex -1.82923 5.77775 1.5
      vertex -1.70062 5.60433 4
      vertex -1.70062 5.60433 1.5
    endloop
  endfacet
  facet normal 0.336875 0.941549 -0
    outer loop
      vertex -0.638626 4.89473 1.5
      vertex -0.841903 4.96746 4
      vertex -0.638626 4.89473 4
    endloop
  endfacet
  facet normal 0.336875 0.941549 0
    outer loop
      vertex -0.841903 4.96746 4
      vertex -0.638626 4.89473 1.5
      vertex -0.841903 4.96746 1.5
    endloop
  endfacet
  facet normal 0.595678 0.803223 -0
    outer loop
      vertex -1.22225 5.17077 1.5
      vertex -1.39567 5.29938 4
      vertex -1.22225 5.17077 4
    endloop
  endfacet
  facet normal 0.595678 0.803223 0
    outer loop
      vertex -1.39567 5.29938 4
      vertex -1.22225 5.17077 1.5
      vertex -1.39567 5.29938 1.5
    endloop
  endfacet
  facet normal -0.514128 -0.857714 0
    outer loop
      vertex 1.03707 12.9402 1.5
      vertex 1.22225 12.8292 4
      vertex 1.03707 12.9402 4
    endloop
  endfacet
  facet normal -0.514128 -0.857714 -0
    outer loop
      vertex 1.22225 12.8292 4
      vertex 1.03707 12.9402 1.5
      vertex 1.22225 12.8292 1.5
    endloop
  endfacet
  facet normal -0.90403 -0.427469 0
    outer loop
      vertex 2.03253 11.8419 1.5
      vertex 1.94023 12.0371 4
      vertex 1.94023 12.0371 1.5
    endloop
  endfacet
  facet normal -0.90403 -0.427469 0
    outer loop
      vertex 1.94023 12.0371 4
      vertex 2.03253 11.8419 1.5
      vertex 2.03253 11.8419 4
    endloop
  endfacet
  facet normal 0.740947 0.671563 0
    outer loop
      vertex -1.55563 5.44436 4
      vertex -1.70062 5.60433 1.5
      vertex -1.70062 5.60433 4
    endloop
  endfacet
  facet normal 0.740947 0.671563 0
    outer loop
      vertex -1.70062 5.60433 1.5
      vertex -1.55563 5.44436 4
      vertex -1.55563 5.44436 1.5
    endloop
  endfacet
  facet normal 0.427566 0.903984 -0
    outer loop
      vertex -0.841903 4.96746 1.5
      vertex -1.03707 5.05977 4
      vertex -0.841903 4.96746 4
    endloop
  endfacet
  facet normal 0.427566 0.903984 0
    outer loop
      vertex -1.03707 5.05977 4
      vertex -0.841903 4.96746 1.5
      vertex -1.03707 5.05977 1.5
    endloop
  endfacet
  facet normal -0.998791 0.0491602 0
    outer loop
      vertex 41.6918 -15.1666 0
      vertex 41.7 -15 4
      vertex 41.7 -15 0
    endloop
  endfacet
  facet normal -0.998791 0.0491602 0
    outer loop
      vertex 41.7 -15 4
      vertex 41.6918 -15.1666 0
      vertex 41.6918 -15.1666 4
    endloop
  endfacet
  facet normal 0.0491602 0.998791 -0
    outer loop
      vertex 40 -16.7 0
      vertex 39.8334 -16.6918 4
      vertex 40 -16.7 4
    endloop
  endfacet
  facet normal 0.0491602 0.998791 0
    outer loop
      vertex 39.8334 -16.6918 4
      vertex 40 -16.7 0
      vertex 39.8334 -16.6918 0
    endloop
  endfacet
  facet normal -0.671478 0.741024 0
    outer loop
      vertex 41.2021 -16.2021 0
      vertex 41.0785 -16.3141 4
      vertex 41.2021 -16.2021 4
    endloop
  endfacet
  facet normal -0.671478 0.741024 0
    outer loop
      vertex 41.0785 -16.3141 4
      vertex 41.2021 -16.2021 0
      vertex 41.0785 -16.3141 0
    endloop
  endfacet
  facet normal 0.741024 0.671478 0
    outer loop
      vertex 38.7979 -16.2021 4
      vertex 38.6859 -16.0785 0
      vertex 38.6859 -16.0785 4
    endloop
  endfacet
  facet normal 0.741024 0.671478 0
    outer loop
      vertex 38.6859 -16.0785 0
      vertex 38.7979 -16.2021 4
      vertex 38.7979 -16.2021 0
    endloop
  endfacet
  facet normal 0.427442 0.904043 -0
    outer loop
      vertex 39.3494 -16.5706 0
      vertex 39.1986 -16.4993 4
      vertex 39.3494 -16.5706 4
    endloop
  endfacet
  facet normal 0.427442 0.904043 0
    outer loop
      vertex 39.1986 -16.4993 4
      vertex 39.3494 -16.5706 0
      vertex 39.1986 -16.4993 0
    endloop
  endfacet
  facet normal -0.904043 0.427442 0
    outer loop
      vertex 41.4993 -15.8014 0
      vertex 41.5706 -15.6506 4
      vertex 41.5706 -15.6506 0
    endloop
  endfacet
  facet normal -0.904043 0.427442 0
    outer loop
      vertex 41.5706 -15.6506 4
      vertex 41.4993 -15.8014 0
      vertex 41.4993 -15.8014 4
    endloop
  endfacet
  facet normal -0.33683 0.941566 0
    outer loop
      vertex 40.6506 -16.5706 0
      vertex 40.4935 -16.6268 4
      vertex 40.6506 -16.5706 4
    endloop
  endfacet
  facet normal -0.33683 0.941566 0
    outer loop
      vertex 40.4935 -16.6268 4
      vertex 40.6506 -16.5706 0
      vertex 40.4935 -16.6268 0
    endloop
  endfacet
  facet normal -0.514231 0.857652 0
    outer loop
      vertex 40.9445 -16.4135 0
      vertex 40.8014 -16.4993 4
      vertex 40.9445 -16.4135 4
    endloop
  endfacet
  facet normal -0.514231 0.857652 0
    outer loop
      vertex 40.8014 -16.4993 4
      vertex 40.9445 -16.4135 0
      vertex 40.8014 -16.4993 0
    endloop
  endfacet
  facet normal 0.941566 0.33683 0
    outer loop
      vertex 38.4294 -15.6506 4
      vertex 38.3732 -15.4935 0
      vertex 38.3732 -15.4935 4
    endloop
  endfacet
  facet normal 0.941566 0.33683 0
    outer loop
      vertex 38.3732 -15.4935 0
      vertex 38.4294 -15.6506 4
      vertex 38.4294 -15.6506 0
    endloop
  endfacet
  facet normal 0.242818 0.970072 -0
    outer loop
      vertex 39.6683 -16.6673 0
      vertex 39.5065 -16.6268 4
      vertex 39.6683 -16.6673 4
    endloop
  endfacet
  facet normal 0.242818 0.970072 0
    outer loop
      vertex 39.5065 -16.6268 4
      vertex 39.6683 -16.6673 0
      vertex 39.5065 -16.6268 0
    endloop
  endfacet
  facet normal 0.0491602 -0.998791 0
    outer loop
      vertex 39.8334 -13.3082 0
      vertex 40 -13.3 4
      vertex 39.8334 -13.3082 4
    endloop
  endfacet
  facet normal 0.0491602 -0.998791 0
    outer loop
      vertex 40 -13.3 4
      vertex 39.8334 -13.3082 0
      vertex 40 -13.3 0
    endloop
  endfacet
  facet normal -0.146788 -0.989168 0
    outer loop
      vertex 40.1666 -13.3082 0
      vertex 40.3317 -13.3327 4
      vertex 40.1666 -13.3082 4
    endloop
  endfacet
  facet normal -0.146788 -0.989168 -0
    outer loop
      vertex 40.3317 -13.3327 4
      vertex 40.1666 -13.3082 0
      vertex 40.3317 -13.3327 0
    endloop
  endfacet
  facet normal -0.427442 -0.904043 0
    outer loop
      vertex 40.6506 -13.4294 0
      vertex 40.8014 -13.5007 4
      vertex 40.6506 -13.4294 4
    endloop
  endfacet
  facet normal -0.427442 -0.904043 -0
    outer loop
      vertex 40.8014 -13.5007 4
      vertex 40.6506 -13.4294 0
      vertex 40.8014 -13.5007 0
    endloop
  endfacet
  facet normal -0.970072 0.242818 0
    outer loop
      vertex 41.6268 -15.4935 0
      vertex 41.6673 -15.3317 4
      vertex 41.6673 -15.3317 0
    endloop
  endfacet
  facet normal -0.970072 0.242818 0
    outer loop
      vertex 41.6673 -15.3317 4
      vertex 41.6268 -15.4935 0
      vertex 41.6268 -15.4935 4
    endloop
  endfacet
  facet normal -0.989168 0.146788 0
    outer loop
      vertex 41.6673 -15.3317 0
      vertex 41.6918 -15.1666 4
      vertex 41.6918 -15.1666 0
    endloop
  endfacet
  facet normal -0.989168 0.146788 0
    outer loop
      vertex 41.6918 -15.1666 4
      vertex 41.6673 -15.3317 0
      vertex 41.6673 -15.3317 4
    endloop
  endfacet
  facet normal -0.941566 0.33683 0
    outer loop
      vertex 41.5706 -15.6506 0
      vertex 41.6268 -15.4935 4
      vertex 41.6268 -15.4935 0
    endloop
  endfacet
  facet normal -0.941566 0.33683 0
    outer loop
      vertex 41.6268 -15.4935 4
      vertex 41.5706 -15.6506 0
      vertex 41.5706 -15.6506 4
    endloop
  endfacet
  facet normal -0.803154 0.595772 0
    outer loop
      vertex 41.3141 -16.0785 0
      vertex 41.4135 -15.9445 4
      vertex 41.4135 -15.9445 0
    endloop
  endfacet
  facet normal -0.803154 0.595772 0
    outer loop
      vertex 41.4135 -15.9445 4
      vertex 41.3141 -16.0785 0
      vertex 41.3141 -16.0785 4
    endloop
  endfacet
  facet normal -0.741024 0.671478 0
    outer loop
      vertex 41.2021 -16.2021 0
      vertex 41.3141 -16.0785 4
      vertex 41.3141 -16.0785 0
    endloop
  endfacet
  facet normal -0.741024 0.671478 0
    outer loop
      vertex 41.3141 -16.0785 4
      vertex 41.2021 -16.2021 0
      vertex 41.2021 -16.2021 4
    endloop
  endfacet
  facet normal -0.857652 0.514231 0
    outer loop
      vertex 41.4135 -15.9445 0
      vertex 41.4993 -15.8014 4
      vertex 41.4993 -15.8014 0
    endloop
  endfacet
  facet normal -0.857652 0.514231 0
    outer loop
      vertex 41.4993 -15.8014 4
      vertex 41.4135 -15.9445 0
      vertex 41.4135 -15.9445 4
    endloop
  endfacet
  facet normal -0.146788 0.989168 0
    outer loop
      vertex 40.3317 -16.6673 0
      vertex 40.1666 -16.6918 4
      vertex 40.3317 -16.6673 4
    endloop
  endfacet
  facet normal -0.146788 0.989168 0
    outer loop
      vertex 40.1666 -16.6918 4
      vertex 40.3317 -16.6673 0
      vertex 40.1666 -16.6918 0
    endloop
  endfacet
  facet normal -0.242818 0.970072 0
    outer loop
      vertex 40.4935 -16.6268 0
      vertex 40.3317 -16.6673 4
      vertex 40.4935 -16.6268 4
    endloop
  endfacet
  facet normal -0.242818 0.970072 0
    outer loop
      vertex 40.3317 -16.6673 4
      vertex 40.4935 -16.6268 0
      vertex 40.3317 -16.6673 0
    endloop
  endfacet
  facet normal -0.0491602 0.998791 0
    outer loop
      vertex 40.1666 -16.6918 0
      vertex 40 -16.7 4
      vertex 40.1666 -16.6918 4
    endloop
  endfacet
  facet normal -0.0491602 0.998791 0
    outer loop
      vertex 40 -16.7 4
      vertex 40.1666 -16.6918 0
      vertex 40 -16.7 0
    endloop
  endfacet
  facet normal -0.427442 0.904043 0
    outer loop
      vertex 40.8014 -16.4993 0
      vertex 40.6506 -16.5706 4
      vertex 40.8014 -16.4993 4
    endloop
  endfacet
  facet normal -0.427442 0.904043 0
    outer loop
      vertex 40.6506 -16.5706 4
      vertex 40.8014 -16.4993 0
      vertex 40.6506 -16.5706 0
    endloop
  endfacet
  facet normal -0.595772 0.803154 0
    outer loop
      vertex 41.0785 -16.3141 0
      vertex 40.9445 -16.4135 4
      vertex 41.0785 -16.3141 4
    endloop
  endfacet
  facet normal -0.595772 0.803154 0
    outer loop
      vertex 40.9445 -16.4135 4
      vertex 41.0785 -16.3141 0
      vertex 40.9445 -16.4135 0
    endloop
  endfacet
  facet normal 0.989168 0.146788 0
    outer loop
      vertex 38.3327 -15.3317 4
      vertex 38.3082 -15.1666 0
      vertex 38.3082 -15.1666 4
    endloop
  endfacet
  facet normal 0.989168 0.146788 0
    outer loop
      vertex 38.3082 -15.1666 0
      vertex 38.3327 -15.3317 4
      vertex 38.3327 -15.3317 0
    endloop
  endfacet
  facet normal 0.857652 0.514231 0
    outer loop
      vertex 38.5865 -15.9445 4
      vertex 38.5007 -15.8014 0
      vertex 38.5007 -15.8014 4
    endloop
  endfacet
  facet normal 0.857652 0.514231 0
    outer loop
      vertex 38.5007 -15.8014 0
      vertex 38.5865 -15.9445 4
      vertex 38.5865 -15.9445 0
    endloop
  endfacet
  facet normal 0.803154 0.595772 0
    outer loop
      vertex 38.6859 -16.0785 4
      vertex 38.5865 -15.9445 0
      vertex 38.5865 -15.9445 4
    endloop
  endfacet
  facet normal 0.803154 0.595772 0
    outer loop
      vertex 38.5865 -15.9445 0
      vertex 38.6859 -16.0785 4
      vertex 38.6859 -16.0785 0
    endloop
  endfacet
  facet normal 0.904043 0.427442 0
    outer loop
      vertex 38.5007 -15.8014 4
      vertex 38.4294 -15.6506 0
      vertex 38.4294 -15.6506 4
    endloop
  endfacet
  facet normal 0.904043 0.427442 0
    outer loop
      vertex 38.4294 -15.6506 0
      vertex 38.5007 -15.8014 4
      vertex 38.5007 -15.8014 0
    endloop
  endfacet
  facet normal 0.970072 0.242818 0
    outer loop
      vertex 38.3732 -15.4935 4
      vertex 38.3327 -15.3317 0
      vertex 38.3327 -15.3317 4
    endloop
  endfacet
  facet normal 0.970072 0.242818 0
    outer loop
      vertex 38.3327 -15.3317 0
      vertex 38.3732 -15.4935 4
      vertex 38.3732 -15.4935 0
    endloop
  endfacet
  facet normal 0.998791 0.0491602 0
    outer loop
      vertex 38.3082 -15.1666 4
      vertex 38.3 -15 0
      vertex 38.3 -15 4
    endloop
  endfacet
  facet normal 0.998791 0.0491602 0
    outer loop
      vertex 38.3 -15 0
      vertex 38.3082 -15.1666 4
      vertex 38.3082 -15.1666 0
    endloop
  endfacet
  facet normal 0.595772 0.803154 -0
    outer loop
      vertex 39.0555 -16.4135 0
      vertex 38.9215 -16.3141 4
      vertex 39.0555 -16.4135 4
    endloop
  endfacet
  facet normal 0.595772 0.803154 0
    outer loop
      vertex 38.9215 -16.3141 4
      vertex 39.0555 -16.4135 0
      vertex 38.9215 -16.3141 0
    endloop
  endfacet
  facet normal 0.514231 0.857652 -0
    outer loop
      vertex 39.1986 -16.4993 0
      vertex 39.0555 -16.4135 4
      vertex 39.1986 -16.4993 4
    endloop
  endfacet
  facet normal 0.514231 0.857652 0
    outer loop
      vertex 39.0555 -16.4135 4
      vertex 39.1986 -16.4993 0
      vertex 39.0555 -16.4135 0
    endloop
  endfacet
  facet normal 0.671478 0.741024 -0
    outer loop
      vertex 38.9215 -16.3141 0
      vertex 38.7979 -16.2021 4
      vertex 38.9215 -16.3141 4
    endloop
  endfacet
  facet normal 0.671478 0.741024 0
    outer loop
      vertex 38.7979 -16.2021 4
      vertex 38.9215 -16.3141 0
      vertex 38.7979 -16.2021 0
    endloop
  endfacet
  facet normal 0.33683 0.941566 -0
    outer loop
      vertex 39.5065 -16.6268 0
      vertex 39.3494 -16.5706 4
      vertex 39.5065 -16.6268 4
    endloop
  endfacet
  facet normal 0.33683 0.941566 0
    outer loop
      vertex 39.3494 -16.5706 4
      vertex 39.5065 -16.6268 0
      vertex 39.3494 -16.5706 0
    endloop
  endfacet
  facet normal 0.146788 0.989168 -0
    outer loop
      vertex 39.8334 -16.6918 0
      vertex 39.6683 -16.6673 4
      vertex 39.8334 -16.6918 4
    endloop
  endfacet
  facet normal 0.146788 0.989168 0
    outer loop
      vertex 39.6683 -16.6673 4
      vertex 39.8334 -16.6918 0
      vertex 39.6683 -16.6673 0
    endloop
  endfacet
  facet normal -0.998791 -0.0491602 0
    outer loop
      vertex 41.7 -15 0
      vertex 41.6918 -14.8334 4
      vertex 41.6918 -14.8334 0
    endloop
  endfacet
  facet normal -0.998791 -0.0491602 0
    outer loop
      vertex 41.6918 -14.8334 4
      vertex 41.7 -15 0
      vertex 41.7 -15 4
    endloop
  endfacet
  facet normal -0.514231 -0.857652 0
    outer loop
      vertex 40.8014 -13.5007 0
      vertex 40.9445 -13.5865 4
      vertex 40.8014 -13.5007 4
    endloop
  endfacet
  facet normal -0.514231 -0.857652 -0
    outer loop
      vertex 40.9445 -13.5865 4
      vertex 40.8014 -13.5007 0
      vertex 40.9445 -13.5865 0
    endloop
  endfacet
  facet normal -0.803154 -0.595772 0
    outer loop
      vertex 41.4135 -14.0555 0
      vertex 41.3141 -13.9215 4
      vertex 41.3141 -13.9215 0
    endloop
  endfacet
  facet normal -0.803154 -0.595772 0
    outer loop
      vertex 41.3141 -13.9215 4
      vertex 41.4135 -14.0555 0
      vertex 41.4135 -14.0555 4
    endloop
  endfacet
  facet normal 0.857652 -0.514231 0
    outer loop
      vertex 38.5007 -14.1986 4
      vertex 38.5865 -14.0555 0
      vertex 38.5865 -14.0555 4
    endloop
  endfacet
  facet normal 0.857652 -0.514231 0
    outer loop
      vertex 38.5865 -14.0555 0
      vertex 38.5007 -14.1986 4
      vertex 38.5007 -14.1986 0
    endloop
  endfacet
  facet normal 0.998791 -0.0491602 0
    outer loop
      vertex 38.3 -15 4
      vertex 38.3082 -14.8334 0
      vertex 38.3082 -14.8334 4
    endloop
  endfacet
  facet normal 0.998791 -0.0491602 0
    outer loop
      vertex 38.3082 -14.8334 0
      vertex 38.3 -15 4
      vertex 38.3 -15 0
    endloop
  endfacet
  facet normal -0.941566 -0.33683 0
    outer loop
      vertex 41.6268 -14.5065 0
      vertex 41.5706 -14.3494 4
      vertex 41.5706 -14.3494 0
    endloop
  endfacet
  facet normal -0.941566 -0.33683 0
    outer loop
      vertex 41.5706 -14.3494 4
      vertex 41.6268 -14.5065 0
      vertex 41.6268 -14.5065 4
    endloop
  endfacet
  facet normal -0.989168 -0.146788 0
    outer loop
      vertex 41.6918 -14.8334 0
      vertex 41.6673 -14.6683 4
      vertex 41.6673 -14.6683 0
    endloop
  endfacet
  facet normal -0.989168 -0.146788 0
    outer loop
      vertex 41.6673 -14.6683 4
      vertex 41.6918 -14.8334 0
      vertex 41.6918 -14.8334 4
    endloop
  endfacet
  facet normal -0.970072 -0.242818 0
    outer loop
      vertex 41.6673 -14.6683 0
      vertex 41.6268 -14.5065 4
      vertex 41.6268 -14.5065 0
    endloop
  endfacet
  facet normal -0.970072 -0.242818 0
    outer loop
      vertex 41.6268 -14.5065 4
      vertex 41.6673 -14.6683 0
      vertex 41.6673 -14.6683 4
    endloop
  endfacet
  facet normal -0.904043 -0.427442 0
    outer loop
      vertex 41.5706 -14.3494 0
      vertex 41.4993 -14.1986 4
      vertex 41.4993 -14.1986 0
    endloop
  endfacet
  facet normal -0.904043 -0.427442 0
    outer loop
      vertex 41.4993 -14.1986 4
      vertex 41.5706 -14.3494 0
      vertex 41.5706 -14.3494 4
    endloop
  endfacet
  facet normal 0.941566 -0.33683 0
    outer loop
      vertex 38.3732 -14.5065 4
      vertex 38.4294 -14.3494 0
      vertex 38.4294 -14.3494 4
    endloop
  endfacet
  facet normal 0.941566 -0.33683 0
    outer loop
      vertex 38.4294 -14.3494 0
      vertex 38.3732 -14.5065 4
      vertex 38.3732 -14.5065 0
    endloop
  endfacet
  facet normal 0.989168 -0.146788 0
    outer loop
      vertex 38.3082 -14.8334 4
      vertex 38.3327 -14.6683 0
      vertex 38.3327 -14.6683 4
    endloop
  endfacet
  facet normal 0.989168 -0.146788 0
    outer loop
      vertex 38.3327 -14.6683 0
      vertex 38.3082 -14.8334 4
      vertex 38.3082 -14.8334 0
    endloop
  endfacet
  facet normal 0.970072 -0.242818 0
    outer loop
      vertex 38.3327 -14.6683 4
      vertex 38.3732 -14.5065 0
      vertex 38.3732 -14.5065 4
    endloop
  endfacet
  facet normal 0.970072 -0.242818 0
    outer loop
      vertex 38.3732 -14.5065 0
      vertex 38.3327 -14.6683 4
      vertex 38.3327 -14.6683 0
    endloop
  endfacet
  facet normal -0.671478 -0.741024 0
    outer loop
      vertex 41.0785 -13.6859 0
      vertex 41.2021 -13.7979 4
      vertex 41.0785 -13.6859 4
    endloop
  endfacet
  facet normal -0.671478 -0.741024 -0
    outer loop
      vertex 41.2021 -13.7979 4
      vertex 41.0785 -13.6859 0
      vertex 41.2021 -13.7979 0
    endloop
  endfacet
  facet normal -0.595772 -0.803154 0
    outer loop
      vertex 40.9445 -13.5865 0
      vertex 41.0785 -13.6859 4
      vertex 40.9445 -13.5865 4
    endloop
  endfacet
  facet normal -0.595772 -0.803154 -0
    outer loop
      vertex 41.0785 -13.6859 4
      vertex 40.9445 -13.5865 0
      vertex 41.0785 -13.6859 0
    endloop
  endfacet
  facet normal -0.857652 -0.514231 0
    outer loop
      vertex 41.4993 -14.1986 0
      vertex 41.4135 -14.0555 4
      vertex 41.4135 -14.0555 0
    endloop
  endfacet
  facet normal -0.857652 -0.514231 0
    outer loop
      vertex 41.4135 -14.0555 4
      vertex 41.4993 -14.1986 0
      vertex 41.4993 -14.1986 4
    endloop
  endfacet
  facet normal -0.0491602 -0.998791 0
    outer loop
      vertex 40 -13.3 0
      vertex 40.1666 -13.3082 4
      vertex 40 -13.3 4
    endloop
  endfacet
  facet normal -0.0491602 -0.998791 -0
    outer loop
      vertex 40.1666 -13.3082 4
      vertex 40 -13.3 0
      vertex 40.1666 -13.3082 0
    endloop
  endfacet
  facet normal 0.146788 -0.989168 0
    outer loop
      vertex 39.6683 -13.3327 0
      vertex 39.8334 -13.3082 4
      vertex 39.6683 -13.3327 4
    endloop
  endfacet
  facet normal 0.146788 -0.989168 0
    outer loop
      vertex 39.8334 -13.3082 4
      vertex 39.6683 -13.3327 0
      vertex 39.8334 -13.3082 0
    endloop
  endfacet
  facet normal 0.427442 -0.904043 0
    outer loop
      vertex 39.1986 -13.5007 0
      vertex 39.3494 -13.4294 4
      vertex 39.1986 -13.5007 4
    endloop
  endfacet
  facet normal 0.427442 -0.904043 0
    outer loop
      vertex 39.3494 -13.4294 4
      vertex 39.1986 -13.5007 0
      vertex 39.3494 -13.4294 0
    endloop
  endfacet
  facet normal 0.803154 -0.595772 0
    outer loop
      vertex 38.5865 -14.0555 4
      vertex 38.6859 -13.9215 0
      vertex 38.6859 -13.9215 4
    endloop
  endfacet
  facet normal 0.803154 -0.595772 0
    outer loop
      vertex 38.6859 -13.9215 0
      vertex 38.5865 -14.0555 4
      vertex 38.5865 -14.0555 0
    endloop
  endfacet
  facet normal 0.671478 -0.741024 0
    outer loop
      vertex 38.7979 -13.7979 0
      vertex 38.9215 -13.6859 4
      vertex 38.7979 -13.7979 4
    endloop
  endfacet
  facet normal 0.671478 -0.741024 0
    outer loop
      vertex 38.9215 -13.6859 4
      vertex 38.7979 -13.7979 0
      vertex 38.9215 -13.6859 0
    endloop
  endfacet
  facet normal 0.741024 -0.671478 0
    outer loop
      vertex 38.6859 -13.9215 4
      vertex 38.7979 -13.7979 0
      vertex 38.7979 -13.7979 4
    endloop
  endfacet
  facet normal 0.741024 -0.671478 0
    outer loop
      vertex 38.7979 -13.7979 0
      vertex 38.6859 -13.9215 4
      vertex 38.6859 -13.9215 0
    endloop
  endfacet
  facet normal 0.904043 -0.427442 0
    outer loop
      vertex 38.4294 -14.3494 4
      vertex 38.5007 -14.1986 0
      vertex 38.5007 -14.1986 4
    endloop
  endfacet
  facet normal 0.904043 -0.427442 0
    outer loop
      vertex 38.5007 -14.1986 0
      vertex 38.4294 -14.3494 4
      vertex 38.4294 -14.3494 0
    endloop
  endfacet
  facet normal -0.741024 -0.671478 0
    outer loop
      vertex 41.3141 -13.9215 0
      vertex 41.2021 -13.7979 4
      vertex 41.2021 -13.7979 0
    endloop
  endfacet
  facet normal -0.741024 -0.671478 0
    outer loop
      vertex 41.2021 -13.7979 4
      vertex 41.3141 -13.9215 0
      vertex 41.3141 -13.9215 4
    endloop
  endfacet
  facet normal 0.242818 -0.970072 0
    outer loop
      vertex 39.5065 -13.3732 0
      vertex 39.6683 -13.3327 4
      vertex 39.5065 -13.3732 4
    endloop
  endfacet
  facet normal 0.242818 -0.970072 0
    outer loop
      vertex 39.6683 -13.3327 4
      vertex 39.5065 -13.3732 0
      vertex 39.6683 -13.3327 0
    endloop
  endfacet
  facet normal 0.595772 -0.803154 0
    outer loop
      vertex 38.9215 -13.6859 0
      vertex 39.0555 -13.5865 4
      vertex 38.9215 -13.6859 4
    endloop
  endfacet
  facet normal 0.595772 -0.803154 0
    outer loop
      vertex 39.0555 -13.5865 4
      vertex 38.9215 -13.6859 0
      vertex 39.0555 -13.5865 0
    endloop
  endfacet
  facet normal -0.33683 -0.941566 0
    outer loop
      vertex 40.4935 -13.3732 0
      vertex 40.6506 -13.4294 4
      vertex 40.4935 -13.3732 4
    endloop
  endfacet
  facet normal -0.33683 -0.941566 -0
    outer loop
      vertex 40.6506 -13.4294 4
      vertex 40.4935 -13.3732 0
      vertex 40.6506 -13.4294 0
    endloop
  endfacet
  facet normal -0.242818 -0.970072 0
    outer loop
      vertex 40.3317 -13.3327 0
      vertex 40.4935 -13.3732 4
      vertex 40.3317 -13.3327 4
    endloop
  endfacet
  facet normal -0.242818 -0.970072 -0
    outer loop
      vertex 40.4935 -13.3732 4
      vertex 40.3317 -13.3327 0
      vertex 40.4935 -13.3732 0
    endloop
  endfacet
  facet normal 0.514231 -0.857652 0
    outer loop
      vertex 39.0555 -13.5865 0
      vertex 39.1986 -13.5007 4
      vertex 39.0555 -13.5865 4
    endloop
  endfacet
  facet normal 0.514231 -0.857652 0
    outer loop
      vertex 39.1986 -13.5007 4
      vertex 39.0555 -13.5865 0
      vertex 39.1986 -13.5007 0
    endloop
  endfacet
  facet normal 0.33683 -0.941566 0
    outer loop
      vertex 39.3494 -13.4294 0
      vertex 39.5065 -13.3732 4
      vertex 39.3494 -13.4294 4
    endloop
  endfacet
  facet normal 0.33683 -0.941566 0
    outer loop
      vertex 39.5065 -13.3732 4
      vertex 39.3494 -13.4294 0
      vertex 39.5065 -13.3732 0
    endloop
  endfacet
  facet normal -0.857652 0.514231 0
    outer loop
      vertex 41.4135 -35.9445 0
      vertex 41.4993 -35.8014 4
      vertex 41.4993 -35.8014 0
    endloop
  endfacet
  facet normal -0.857652 0.514231 0
    outer loop
      vertex 41.4993 -35.8014 4
      vertex 41.4135 -35.9445 0
      vertex 41.4135 -35.9445 4
    endloop
  endfacet
  facet normal -0.33683 0.941566 0
    outer loop
      vertex 40.6506 -36.5706 0
      vertex 40.4935 -36.6268 4
      vertex 40.6506 -36.5706 4
    endloop
  endfacet
  facet normal -0.33683 0.941566 0
    outer loop
      vertex 40.4935 -36.6268 4
      vertex 40.6506 -36.5706 0
      vertex 40.4935 -36.6268 0
    endloop
  endfacet
  facet normal 0.427442 0.904043 -0
    outer loop
      vertex 39.3494 -36.5706 0
      vertex 39.1986 -36.4993 4
      vertex 39.3494 -36.5706 4
    endloop
  endfacet
  facet normal 0.427442 0.904043 0
    outer loop
      vertex 39.1986 -36.4993 4
      vertex 39.3494 -36.5706 0
      vertex 39.1986 -36.4993 0
    endloop
  endfacet
  facet normal 0.941566 0.33683 0
    outer loop
      vertex 38.4294 -35.6506 4
      vertex 38.3732 -35.4935 0
      vertex 38.3732 -35.4935 4
    endloop
  endfacet
  facet normal 0.941566 0.33683 0
    outer loop
      vertex 38.3732 -35.4935 0
      vertex 38.4294 -35.6506 4
      vertex 38.4294 -35.6506 0
    endloop
  endfacet
  facet normal -0.998791 -0.0491602 0
    outer loop
      vertex 41.7 -35 0
      vertex 41.6918 -34.8334 4
      vertex 41.6918 -34.8334 0
    endloop
  endfacet
  facet normal -0.998791 -0.0491602 0
    outer loop
      vertex 41.6918 -34.8334 4
      vertex 41.7 -35 0
      vertex 41.7 -35 4
    endloop
  endfacet
  facet normal -0.0491602 0.998791 0
    outer loop
      vertex 40.1666 -36.6918 0
      vertex 40 -36.7 4
      vertex 40.1666 -36.6918 4
    endloop
  endfacet
  facet normal -0.0491602 0.998791 0
    outer loop
      vertex 40 -36.7 4
      vertex 40.1666 -36.6918 0
      vertex 40 -36.7 0
    endloop
  endfacet
  facet normal -0.514231 0.857652 0
    outer loop
      vertex 40.9445 -36.4135 0
      vertex 40.8014 -36.4993 4
      vertex 40.9445 -36.4135 4
    endloop
  endfacet
  facet normal -0.514231 0.857652 0
    outer loop
      vertex 40.8014 -36.4993 4
      vertex 40.9445 -36.4135 0
      vertex 40.8014 -36.4993 0
    endloop
  endfacet
  facet normal 0.998791 0.0491602 0
    outer loop
      vertex 38.3082 -35.1666 4
      vertex 38.3 -35 0
      vertex 38.3 -35 4
    endloop
  endfacet
  facet normal 0.998791 0.0491602 0
    outer loop
      vertex 38.3 -35 0
      vertex 38.3082 -35.1666 4
      vertex 38.3082 -35.1666 0
    endloop
  endfacet
  facet normal 0.803154 0.595772 0
    outer loop
      vertex 38.6859 -36.0785 4
      vertex 38.5865 -35.9445 0
      vertex 38.5865 -35.9445 4
    endloop
  endfacet
  facet normal 0.803154 0.595772 0
    outer loop
      vertex 38.5865 -35.9445 0
      vertex 38.6859 -36.0785 4
      vertex 38.6859 -36.0785 0
    endloop
  endfacet
  facet normal 0.242818 0.970072 -0
    outer loop
      vertex 39.6683 -36.6673 0
      vertex 39.5065 -36.6268 4
      vertex 39.6683 -36.6673 4
    endloop
  endfacet
  facet normal 0.242818 0.970072 0
    outer loop
      vertex 39.5065 -36.6268 4
      vertex 39.6683 -36.6673 0
      vertex 39.5065 -36.6268 0
    endloop
  endfacet
  facet normal -0.514231 -0.857652 0
    outer loop
      vertex 40.8014 -33.5007 0
      vertex 40.9445 -33.5865 4
      vertex 40.8014 -33.5007 4
    endloop
  endfacet
  facet normal -0.514231 -0.857652 -0
    outer loop
      vertex 40.9445 -33.5865 4
      vertex 40.8014 -33.5007 0
      vertex 40.9445 -33.5865 0
    endloop
  endfacet
  facet normal 0.595772 -0.803154 0
    outer loop
      vertex 38.9215 -33.6859 0
      vertex 39.0555 -33.5865 4
      vertex 38.9215 -33.6859 4
    endloop
  endfacet
  facet normal 0.595772 -0.803154 0
    outer loop
      vertex 39.0555 -33.5865 4
      vertex 38.9215 -33.6859 0
      vertex 39.0555 -33.5865 0
    endloop
  endfacet
  facet normal 0.857652 -0.514231 0
    outer loop
      vertex 38.5007 -34.1986 4
      vertex 38.5865 -34.0555 0
      vertex 38.5865 -34.0555 4
    endloop
  endfacet
  facet normal 0.857652 -0.514231 0
    outer loop
      vertex 38.5865 -34.0555 0
      vertex 38.5007 -34.1986 4
      vertex 38.5007 -34.1986 0
    endloop
  endfacet
  facet normal -0.989168 0.146788 0
    outer loop
      vertex 41.6673 -35.3317 0
      vertex 41.6918 -35.1666 4
      vertex 41.6918 -35.1666 0
    endloop
  endfacet
  facet normal -0.989168 0.146788 0
    outer loop
      vertex 41.6918 -35.1666 4
      vertex 41.6673 -35.3317 0
      vertex 41.6673 -35.3317 4
    endloop
  endfacet
  facet normal -0.803154 0.595772 0
    outer loop
      vertex 41.3141 -36.0785 0
      vertex 41.4135 -35.9445 4
      vertex 41.4135 -35.9445 0
    endloop
  endfacet
  facet normal -0.803154 0.595772 0
    outer loop
      vertex 41.4135 -35.9445 4
      vertex 41.3141 -36.0785 0
      vertex 41.3141 -36.0785 4
    endloop
  endfacet
  facet normal -0.671478 0.741024 0
    outer loop
      vertex 41.2021 -36.2021 0
      vertex 41.0785 -36.3141 4
      vertex 41.2021 -36.2021 4
    endloop
  endfacet
  facet normal -0.671478 0.741024 0
    outer loop
      vertex 41.0785 -36.3141 4
      vertex 41.2021 -36.2021 0
      vertex 41.0785 -36.3141 0
    endloop
  endfacet
  facet normal -0.741024 0.671478 0
    outer loop
      vertex 41.2021 -36.2021 0
      vertex 41.3141 -36.0785 4
      vertex 41.3141 -36.0785 0
    endloop
  endfacet
  facet normal -0.741024 0.671478 0
    outer loop
      vertex 41.3141 -36.0785 4
      vertex 41.2021 -36.2021 0
      vertex 41.2021 -36.2021 4
    endloop
  endfacet
  facet normal 0.0491602 0.998791 -0
    outer loop
      vertex 40 -36.7 0
      vertex 39.8334 -36.6918 4
      vertex 40 -36.7 4
    endloop
  endfacet
  facet normal 0.0491602 0.998791 0
    outer loop
      vertex 39.8334 -36.6918 4
      vertex 40 -36.7 0
      vertex 39.8334 -36.6918 0
    endloop
  endfacet
  facet normal -0.242818 0.970072 0
    outer loop
      vertex 40.4935 -36.6268 0
      vertex 40.3317 -36.6673 4
      vertex 40.4935 -36.6268 4
    endloop
  endfacet
  facet normal -0.242818 0.970072 0
    outer loop
      vertex 40.3317 -36.6673 4
      vertex 40.4935 -36.6268 0
      vertex 40.3317 -36.6673 0
    endloop
  endfacet
  facet normal -0.146788 0.989168 0
    outer loop
      vertex 40.3317 -36.6673 0
      vertex 40.1666 -36.6918 4
      vertex 40.3317 -36.6673 4
    endloop
  endfacet
  facet normal -0.146788 0.989168 0
    outer loop
      vertex 40.1666 -36.6918 4
      vertex 40.3317 -36.6673 0
      vertex 40.1666 -36.6918 0
    endloop
  endfacet
  facet normal -0.427442 0.904043 0
    outer loop
      vertex 40.8014 -36.4993 0
      vertex 40.6506 -36.5706 4
      vertex 40.8014 -36.4993 4
    endloop
  endfacet
  facet normal -0.427442 0.904043 0
    outer loop
      vertex 40.6506 -36.5706 4
      vertex 40.8014 -36.4993 0
      vertex 40.6506 -36.5706 0
    endloop
  endfacet
  facet normal -0.595772 0.803154 0
    outer loop
      vertex 41.0785 -36.3141 0
      vertex 40.9445 -36.4135 4
      vertex 41.0785 -36.3141 4
    endloop
  endfacet
  facet normal -0.595772 0.803154 0
    outer loop
      vertex 40.9445 -36.4135 4
      vertex 41.0785 -36.3141 0
      vertex 40.9445 -36.4135 0
    endloop
  endfacet
  facet normal 0.970072 0.242818 0
    outer loop
      vertex 38.3732 -35.4935 4
      vertex 38.3327 -35.3317 0
      vertex 38.3327 -35.3317 4
    endloop
  endfacet
  facet normal 0.970072 0.242818 0
    outer loop
      vertex 38.3327 -35.3317 0
      vertex 38.3732 -35.4935 4
      vertex 38.3732 -35.4935 0
    endloop
  endfacet
  facet normal 0.989168 0.146788 0
    outer loop
      vertex 38.3327 -35.3317 4
      vertex 38.3082 -35.1666 0
      vertex 38.3082 -35.1666 4
    endloop
  endfacet
  facet normal 0.989168 0.146788 0
    outer loop
      vertex 38.3082 -35.1666 0
      vertex 38.3327 -35.3317 4
      vertex 38.3327 -35.3317 0
    endloop
  endfacet
  facet normal 0.904043 0.427442 0
    outer loop
      vertex 38.5007 -35.8014 4
      vertex 38.4294 -35.6506 0
      vertex 38.4294 -35.6506 4
    endloop
  endfacet
  facet normal 0.904043 0.427442 0
    outer loop
      vertex 38.4294 -35.6506 0
      vertex 38.5007 -35.8014 4
      vertex 38.5007 -35.8014 0
    endloop
  endfacet
  facet normal 0.857652 0.514231 0
    outer loop
      vertex 38.5865 -35.9445 4
      vertex 38.5007 -35.8014 0
      vertex 38.5007 -35.8014 4
    endloop
  endfacet
  facet normal 0.857652 0.514231 0
    outer loop
      vertex 38.5007 -35.8014 0
      vertex 38.5865 -35.9445 4
      vertex 38.5865 -35.9445 0
    endloop
  endfacet
  facet normal 0.33683 0.941566 -0
    outer loop
      vertex 39.5065 -36.6268 0
      vertex 39.3494 -36.5706 4
      vertex 39.5065 -36.6268 4
    endloop
  endfacet
  facet normal 0.33683 0.941566 0
    outer loop
      vertex 39.3494 -36.5706 4
      vertex 39.5065 -36.6268 0
      vertex 39.3494 -36.5706 0
    endloop
  endfacet
  facet normal 0.146788 0.989168 -0
    outer loop
      vertex 39.8334 -36.6918 0
      vertex 39.6683 -36.6673 4
      vertex 39.8334 -36.6918 4
    endloop
  endfacet
  facet normal 0.146788 0.989168 0
    outer loop
      vertex 39.6683 -36.6673 4
      vertex 39.8334 -36.6918 0
      vertex 39.6683 -36.6673 0
    endloop
  endfacet
  facet normal 0.595772 0.803154 -0
    outer loop
      vertex 39.0555 -36.4135 0
      vertex 38.9215 -36.3141 4
      vertex 39.0555 -36.4135 4
    endloop
  endfacet
  facet normal 0.595772 0.803154 0
    outer loop
      vertex 38.9215 -36.3141 4
      vertex 39.0555 -36.4135 0
      vertex 38.9215 -36.3141 0
    endloop
  endfacet
  facet normal 0.671478 0.741024 -0
    outer loop
      vertex 38.9215 -36.3141 0
      vertex 38.7979 -36.2021 4
      vertex 38.9215 -36.3141 4
    endloop
  endfacet
  facet normal 0.671478 0.741024 0
    outer loop
      vertex 38.7979 -36.2021 4
      vertex 38.9215 -36.3141 0
      vertex 38.7979 -36.2021 0
    endloop
  endfacet
  facet normal 0.514231 0.857652 -0
    outer loop
      vertex 39.1986 -36.4993 0
      vertex 39.0555 -36.4135 4
      vertex 39.1986 -36.4993 4
    endloop
  endfacet
  facet normal 0.514231 0.857652 0
    outer loop
      vertex 39.0555 -36.4135 4
      vertex 39.1986 -36.4993 0
      vertex 39.0555 -36.4135 0
    endloop
  endfacet
  facet normal 0.741024 0.671478 0
    outer loop
      vertex 38.7979 -36.2021 4
      vertex 38.6859 -36.0785 0
      vertex 38.6859 -36.0785 4
    endloop
  endfacet
  facet normal 0.741024 0.671478 0
    outer loop
      vertex 38.6859 -36.0785 0
      vertex 38.7979 -36.2021 4
      vertex 38.7979 -36.2021 0
    endloop
  endfacet
  facet normal -0.998791 0.0491602 0
    outer loop
      vertex 41.6918 -35.1666 0
      vertex 41.7 -35 4
      vertex 41.7 -35 0
    endloop
  endfacet
  facet normal -0.998791 0.0491602 0
    outer loop
      vertex 41.7 -35 4
      vertex 41.6918 -35.1666 0
      vertex 41.6918 -35.1666 4
    endloop
  endfacet
  facet normal -0.970072 -0.242818 0
    outer loop
      vertex 41.6673 -34.6683 0
      vertex 41.6268 -34.5065 4
      vertex 41.6268 -34.5065 0
    endloop
  endfacet
  facet normal -0.970072 -0.242818 0
    outer loop
      vertex 41.6268 -34.5065 4
      vertex 41.6673 -34.6683 0
      vertex 41.6673 -34.6683 4
    endloop
  endfacet
  facet normal -0.0491602 -0.998791 0
    outer loop
      vertex 40 -33.3 0
      vertex 40.1666 -33.3082 4
      vertex 40 -33.3 4
    endloop
  endfacet
  facet normal -0.0491602 -0.998791 -0
    outer loop
      vertex 40.1666 -33.3082 4
      vertex 40 -33.3 0
      vertex 40.1666 -33.3082 0
    endloop
  endfacet
  facet normal 0.941566 -0.33683 0
    outer loop
      vertex 38.3732 -34.5065 4
      vertex 38.4294 -34.3494 0
      vertex 38.4294 -34.3494 4
    endloop
  endfacet
  facet normal 0.941566 -0.33683 0
    outer loop
      vertex 38.4294 -34.3494 0
      vertex 38.3732 -34.5065 4
      vertex 38.3732 -34.5065 0
    endloop
  endfacet
  facet normal 0.741024 -0.671478 0
    outer loop
      vertex 38.6859 -33.9215 4
      vertex 38.7979 -33.7979 0
      vertex 38.7979 -33.7979 4
    endloop
  endfacet
  facet normal 0.741024 -0.671478 0
    outer loop
      vertex 38.7979 -33.7979 0
      vertex 38.6859 -33.9215 4
      vertex 38.6859 -33.9215 0
    endloop
  endfacet
  facet normal -0.146788 -0.989168 0
    outer loop
      vertex 40.1666 -33.3082 0
      vertex 40.3317 -33.3327 4
      vertex 40.1666 -33.3082 4
    endloop
  endfacet
  facet normal -0.146788 -0.989168 -0
    outer loop
      vertex 40.3317 -33.3327 4
      vertex 40.1666 -33.3082 0
      vertex 40.3317 -33.3327 0
    endloop
  endfacet
  facet normal -0.904043 0.427442 0
    outer loop
      vertex 41.4993 -35.8014 0
      vertex 41.5706 -35.6506 4
      vertex 41.5706 -35.6506 0
    endloop
  endfacet
  facet normal -0.904043 0.427442 0
    outer loop
      vertex 41.5706 -35.6506 4
      vertex 41.4993 -35.8014 0
      vertex 41.4993 -35.8014 4
    endloop
  endfacet
  facet normal -0.941566 0.33683 0
    outer loop
      vertex 41.5706 -35.6506 0
      vertex 41.6268 -35.4935 4
      vertex 41.6268 -35.4935 0
    endloop
  endfacet
  facet normal -0.941566 0.33683 0
    outer loop
      vertex 41.6268 -35.4935 4
      vertex 41.5706 -35.6506 0
      vertex 41.5706 -35.6506 4
    endloop
  endfacet
  facet normal 0.998791 -0.0491602 0
    outer loop
      vertex 38.3 -35 4
      vertex 38.3082 -34.8334 0
      vertex 38.3082 -34.8334 4
    endloop
  endfacet
  facet normal 0.998791 -0.0491602 0
    outer loop
      vertex 38.3082 -34.8334 0
      vertex 38.3 -35 4
      vertex 38.3 -35 0
    endloop
  endfacet
  facet normal -0.741024 -0.671478 0
    outer loop
      vertex 41.3141 -33.9215 0
      vertex 41.2021 -33.7979 4
      vertex 41.2021 -33.7979 0
    endloop
  endfacet
  facet normal -0.741024 -0.671478 0
    outer loop
      vertex 41.2021 -33.7979 4
      vertex 41.3141 -33.9215 0
      vertex 41.3141 -33.9215 4
    endloop
  endfacet
  facet normal -0.803154 -0.595772 0
    outer loop
      vertex 41.4135 -34.0555 0
      vertex 41.3141 -33.9215 4
      vertex 41.3141 -33.9215 0
    endloop
  endfacet
  facet normal -0.803154 -0.595772 0
    outer loop
      vertex 41.3141 -33.9215 4
      vertex 41.4135 -34.0555 0
      vertex 41.4135 -34.0555 4
    endloop
  endfacet
  facet normal -0.904043 -0.427442 0
    outer loop
      vertex 41.5706 -34.3494 0
      vertex 41.4993 -34.1986 4
      vertex 41.4993 -34.1986 0
    endloop
  endfacet
  facet normal -0.904043 -0.427442 0
    outer loop
      vertex 41.4993 -34.1986 4
      vertex 41.5706 -34.3494 0
      vertex 41.5706 -34.3494 4
    endloop
  endfacet
  facet normal -0.857652 -0.514231 0
    outer loop
      vertex 41.4993 -34.1986 0
      vertex 41.4135 -34.0555 4
      vertex 41.4135 -34.0555 0
    endloop
  endfacet
  facet normal -0.857652 -0.514231 0
    outer loop
      vertex 41.4135 -34.0555 4
      vertex 41.4993 -34.1986 0
      vertex 41.4993 -34.1986 4
    endloop
  endfacet
  facet normal 0.904043 -0.427442 0
    outer loop
      vertex 38.4294 -34.3494 4
      vertex 38.5007 -34.1986 0
      vertex 38.5007 -34.1986 4
    endloop
  endfacet
  facet normal 0.904043 -0.427442 0
    outer loop
      vertex 38.5007 -34.1986 0
      vertex 38.4294 -34.3494 4
      vertex 38.4294 -34.3494 0
    endloop
  endfacet
  facet normal 0.671478 -0.741024 0
    outer loop
      vertex 38.7979 -33.7979 0
      vertex 38.9215 -33.6859 4
      vertex 38.7979 -33.7979 4
    endloop
  endfacet
  facet normal 0.671478 -0.741024 0
    outer loop
      vertex 38.9215 -33.6859 4
      vertex 38.7979 -33.7979 0
      vertex 38.9215 -33.6859 0
    endloop
  endfacet
  facet normal -0.242818 -0.970072 0
    outer loop
      vertex 40.3317 -33.3327 0
      vertex 40.4935 -33.3732 4
      vertex 40.3317 -33.3327 4
    endloop
  endfacet
  facet normal -0.242818 -0.970072 -0
    outer loop
      vertex 40.4935 -33.3732 4
      vertex 40.3317 -33.3327 0
      vertex 40.4935 -33.3732 0
    endloop
  endfacet
  facet normal -0.427442 -0.904043 0
    outer loop
      vertex 40.6506 -33.4294 0
      vertex 40.8014 -33.5007 4
      vertex 40.6506 -33.4294 4
    endloop
  endfacet
  facet normal -0.427442 -0.904043 -0
    outer loop
      vertex 40.8014 -33.5007 4
      vertex 40.6506 -33.4294 0
      vertex 40.8014 -33.5007 0
    endloop
  endfacet
  facet normal -0.33683 -0.941566 0
    outer loop
      vertex 40.4935 -33.3732 0
      vertex 40.6506 -33.4294 4
      vertex 40.4935 -33.3732 4
    endloop
  endfacet
  facet normal -0.33683 -0.941566 -0
    outer loop
      vertex 40.6506 -33.4294 4
      vertex 40.4935 -33.3732 0
      vertex 40.6506 -33.4294 0
    endloop
  endfacet
  facet normal -0.970072 0.242818 0
    outer loop
      vertex 41.6268 -35.4935 0
      vertex 41.6673 -35.3317 4
      vertex 41.6673 -35.3317 0
    endloop
  endfacet
  facet normal -0.970072 0.242818 0
    outer loop
      vertex 41.6673 -35.3317 4
      vertex 41.6268 -35.4935 0
      vertex 41.6268 -35.4935 4
    endloop
  endfacet
  facet normal -0.989168 -0.146788 0
    outer loop
      vertex 41.6918 -34.8334 0
      vertex 41.6673 -34.6683 4
      vertex 41.6673 -34.6683 0
    endloop
  endfacet
  facet normal -0.989168 -0.146788 0
    outer loop
      vertex 41.6673 -34.6683 4
      vertex 41.6918 -34.8334 0
      vertex 41.6918 -34.8334 4
    endloop
  endfacet
  facet normal -0.671478 -0.741024 0
    outer loop
      vertex 41.0785 -33.6859 0
      vertex 41.2021 -33.7979 4
      vertex 41.0785 -33.6859 4
    endloop
  endfacet
  facet normal -0.671478 -0.741024 -0
    outer loop
      vertex 41.2021 -33.7979 4
      vertex 41.0785 -33.6859 0
      vertex 41.2021 -33.7979 0
    endloop
  endfacet
  facet normal -0.941566 -0.33683 0
    outer loop
      vertex 41.6268 -34.5065 0
      vertex 41.5706 -34.3494 4
      vertex 41.5706 -34.3494 0
    endloop
  endfacet
  facet normal -0.941566 -0.33683 0
    outer loop
      vertex 41.5706 -34.3494 4
      vertex 41.6268 -34.5065 0
      vertex 41.6268 -34.5065 4
    endloop
  endfacet
  facet normal 0.0491602 -0.998791 0
    outer loop
      vertex 39.8334 -33.3082 0
      vertex 40 -33.3 4
      vertex 39.8334 -33.3082 4
    endloop
  endfacet
  facet normal 0.0491602 -0.998791 0
    outer loop
      vertex 40 -33.3 4
      vertex 39.8334 -33.3082 0
      vertex 40 -33.3 0
    endloop
  endfacet
  facet normal 0.427442 -0.904043 0
    outer loop
      vertex 39.1986 -33.5007 0
      vertex 39.3494 -33.4294 4
      vertex 39.1986 -33.5007 4
    endloop
  endfacet
  facet normal 0.427442 -0.904043 0
    outer loop
      vertex 39.3494 -33.4294 4
      vertex 39.1986 -33.5007 0
      vertex 39.3494 -33.4294 0
    endloop
  endfacet
  facet normal 0.970072 -0.242818 0
    outer loop
      vertex 38.3327 -34.6683 4
      vertex 38.3732 -34.5065 0
      vertex 38.3732 -34.5065 4
    endloop
  endfacet
  facet normal 0.970072 -0.242818 0
    outer loop
      vertex 38.3732 -34.5065 0
      vertex 38.3327 -34.6683 4
      vertex 38.3327 -34.6683 0
    endloop
  endfacet
  facet normal 0.989168 -0.146788 0
    outer loop
      vertex 38.3082 -34.8334 4
      vertex 38.3327 -34.6683 0
      vertex 38.3327 -34.6683 4
    endloop
  endfacet
  facet normal 0.989168 -0.146788 0
    outer loop
      vertex 38.3327 -34.6683 0
      vertex 38.3082 -34.8334 4
      vertex 38.3082 -34.8334 0
    endloop
  endfacet
  facet normal 0.803154 -0.595772 0
    outer loop
      vertex 38.5865 -34.0555 4
      vertex 38.6859 -33.9215 0
      vertex 38.6859 -33.9215 4
    endloop
  endfacet
  facet normal 0.803154 -0.595772 0
    outer loop
      vertex 38.6859 -33.9215 0
      vertex 38.5865 -34.0555 4
      vertex 38.5865 -34.0555 0
    endloop
  endfacet
  facet normal -0.595772 -0.803154 0
    outer loop
      vertex 40.9445 -33.5865 0
      vertex 41.0785 -33.6859 4
      vertex 40.9445 -33.5865 4
    endloop
  endfacet
  facet normal -0.595772 -0.803154 -0
    outer loop
      vertex 41.0785 -33.6859 4
      vertex 40.9445 -33.5865 0
      vertex 41.0785 -33.6859 0
    endloop
  endfacet
  facet normal 0.514231 -0.857652 0
    outer loop
      vertex 39.0555 -33.5865 0
      vertex 39.1986 -33.5007 4
      vertex 39.0555 -33.5865 4
    endloop
  endfacet
  facet normal 0.514231 -0.857652 0
    outer loop
      vertex 39.1986 -33.5007 4
      vertex 39.0555 -33.5865 0
      vertex 39.1986 -33.5007 0
    endloop
  endfacet
  facet normal 0.33683 -0.941566 0
    outer loop
      vertex 39.3494 -33.4294 0
      vertex 39.5065 -33.3732 4
      vertex 39.3494 -33.4294 4
    endloop
  endfacet
  facet normal 0.33683 -0.941566 0
    outer loop
      vertex 39.5065 -33.3732 4
      vertex 39.3494 -33.4294 0
      vertex 39.5065 -33.3732 0
    endloop
  endfacet
  facet normal 0.146788 -0.989168 0
    outer loop
      vertex 39.6683 -33.3327 0
      vertex 39.8334 -33.3082 4
      vertex 39.6683 -33.3327 4
    endloop
  endfacet
  facet normal 0.146788 -0.989168 0
    outer loop
      vertex 39.8334 -33.3082 4
      vertex 39.6683 -33.3327 0
      vertex 39.8334 -33.3082 0
    endloop
  endfacet
  facet normal 0.242818 -0.970072 0
    outer loop
      vertex 39.5065 -33.3732 0
      vertex 39.6683 -33.3327 4
      vertex 39.5065 -33.3732 4
    endloop
  endfacet
  facet normal 0.242818 -0.970072 0
    outer loop
      vertex 39.6683 -33.3327 4
      vertex 39.5065 -33.3732 0
      vertex 39.6683 -33.3327 0
    endloop
  endfacet
  facet normal 0 0 1
    outer loop
      vertex -1.27422 12.9374 4
      vertex -1.03707 12.9402 4
      vertex -1.01625 12.9501 4
    endloop
  endfacet
  facet normal -0 0 1
    outer loop
      vertex -1.27422 12.9374 4
      vertex -1.22225 12.8292 4
      vertex -1.03707 12.9402 4
    endloop
  endfacet
  facet normal 0 0 1
    outer loop
      vertex -1.27422 12.9374 4
      vertex -1.39567 12.7006 4
      vertex -1.22225 12.8292 4
    endloop
  endfacet
  facet normal 0 0 1
    outer loop
      vertex -1.27422 12.9374 4
      vertex -1.55563 12.5556 4
      vertex -1.39567 12.7006 4
    endloop
  endfacet
  facet normal -0 0 1
    outer loop
      vertex -2.53617 12.7502 4
      vertex -1.55563 12.5556 4
      vertex -1.27422 12.9374 4
    endloop
  endfacet
  facet normal 0 0 1
    outer loop
      vertex -6.12816 11.465 4
      vertex -2.2 7 4
      vertex -2.2 11 4
    endloop
  endfacet
  facet normal 0 0 1
    outer loop
      vertex -1.55563 12.5556 4
      vertex -2.53617 12.7502 4
      vertex -1.70062 12.3957 4
    endloop
  endfacet
  facet normal 0 0 1
    outer loop
      vertex -2.53617 12.7502 4
      vertex -1.82923 12.2223 4
      vertex -1.70062 12.3957 4
    endloop
  endfacet
  facet normal 0 0 1
    outer loop
      vertex -2.53617 12.7502 4
      vertex -1.94023 12.0371 4
      vertex -1.82923 12.2223 4
    endloop
  endfacet
  facet normal 0 0 1
    outer loop
      vertex -2.53617 12.7502 4
      vertex -2.03253 11.8419 4
      vertex -1.94023 12.0371 4
    endloop
  endfacet
  facet normal 0 0 1
    outer loop
      vertex -2.53617 12.7502 4
      vertex -2.10527 11.6386 4
      vertex -2.03253 11.8419 4
    endloop
  endfacet
  facet normal -0 0 1
    outer loop
      vertex -3.7737 12.4402 4
      vertex -2.10527 11.6386 4
      vertex -2.53617 12.7502 4
    endloop
  endfacet
  facet normal 0 0 1
    outer loop
      vertex -2.10527 11.6386 4
      vertex -3.7737 12.4402 4
      vertex -2.15773 11.4292 4
    endloop
  endfacet
  facet normal 0 0 1
    outer loop
      vertex -2.15773 11.4292 4
      vertex -3.7737 12.4402 4
      vertex -2.18941 11.2156 4
    endloop
  endfacet
  facet normal 0 0 1
    outer loop
      vertex -2.18941 11.2156 4
      vertex -3.7737 12.4402 4
      vertex -2.2 11 4
    endloop
  endfacet
  facet normal -0 0 1
    outer loop
      vertex -4.97488 12.0104 4
      vertex -2.2 11 4
      vertex -3.7737 12.4402 4
    endloop
  endfacet
  facet normal -0 0 1
    outer loop
      vertex -6.12816 11.465 4
      vertex -2.2 11 4
      vertex -4.97488 12.0104 4
    endloop
  endfacet
  facet normal 0 0 1
    outer loop
      vertex -2.2 7 4
      vertex -6.12816 11.465 4
      vertex -7.22241 10.8091 4
    endloop
  endfacet
  facet normal -0 0 1
    outer loop
      vertex -8.24711 10.0491 4
      vertex -2.2 7 4
      vertex -7.22241 10.8091 4
    endloop
  endfacet
  facet normal 0 0 1
    outer loop
      vertex -2.2 7 4
      vertex -2.53757 3.09204 4
      vertex -2.22228 3.32588 4
    endloop
  endfacet
  facet normal -0 0 1
    outer loop
      vertex -9.19239 9.19239 4
      vertex -2.2 7 4
      vertex -8.24711 10.0491 4
    endloop
  endfacet
  facet normal 0 -0 1
    outer loop
      vertex -6.36137 2.10527 4
      vertex -2.2 7 4
      vertex -6.5708 2.15773 4
    endloop
  endfacet
  facet normal 0 -0 1
    outer loop
      vertex -2.82843 2.82843 4
      vertex -2.2 7 4
      vertex -6.36137 2.10527 4
    endloop
  endfacet
  facet normal 0 -0 1
    outer loop
      vertex -6.1581 2.03253 4
      vertex -2.82843 2.82843 4
      vertex -6.36137 2.10527 4
    endloop
  endfacet
  facet normal 0 0 1
    outer loop
      vertex -3.52768 1.88559 4
      vertex -5.29938 1.39567 4
      vertex -3.69552 1.53073 4
    endloop
  endfacet
  facet normal 0 0 1
    outer loop
      vertex -3.69552 1.53073 4
      vertex -5.17077 1.22225 4
      vertex -3.82776 1.16114 4
    endloop
  endfacet
  facet normal 0 0 1
    outer loop
      vertex -3.82776 1.16114 4
      vertex -4.96746 0.841903 4
      vertex -3.92314 0.780361 4
    endloop
  endfacet
  facet normal 0 0 1
    outer loop
      vertex -4 0 4
      vertex -4.81059 0.215637 4
      vertex -4.8 0 4
    endloop
  endfacet
  facet normal 0 0 1
    outer loop
      vertex -3.98074 0.392068 4
      vertex -4.81059 0.215637 4
      vertex -4 0 4
    endloop
  endfacet
  facet normal 0 -0 1
    outer loop
      vertex -4.81059 0.215637 4
      vertex -3.98074 0.392068 4
      vertex -4.84227 0.429198 4
    endloop
  endfacet
  facet normal -0 -0 1
    outer loop
      vertex -4.84227 0.429198 4
      vertex -3.98074 0.392068 4
      vertex -4.89473 0.638626 4
    endloop
  endfacet
  facet normal 0 -0 1
    outer loop
      vertex -5.44436 1.55563 4
      vertex -3.52768 1.88559 4
      vertex -5.60433 1.70062 4
    endloop
  endfacet
  facet normal 0 0 1
    outer loop
      vertex -3.92314 0.780361 4
      vertex -4.89473 0.638626 4
      vertex -3.98074 0.392068 4
    endloop
  endfacet
  facet normal 0 -0 1
    outer loop
      vertex -4.89473 0.638626 4
      vertex -3.92314 0.780361 4
      vertex -4.96746 0.841903 4
    endloop
  endfacet
  facet normal 0 -0 1
    outer loop
      vertex -4.96746 0.841903 4
      vertex -3.82776 1.16114 4
      vertex -5.05977 1.03707 4
    endloop
  endfacet
  facet normal 0 -0 1
    outer loop
      vertex -5.05977 1.03707 4
      vertex -3.82776 1.16114 4
      vertex -5.17077 1.22225 4
    endloop
  endfacet
  facet normal 0 -0 1
    outer loop
      vertex -5.17077 1.22225 4
      vertex -3.69552 1.53073 4
      vertex -5.29938 1.39567 4
    endloop
  endfacet
  facet normal 0 -0 1
    outer loop
      vertex -5.29938 1.39567 4
      vertex -3.52768 1.88559 4
      vertex -5.44436 1.55563 4
    endloop
  endfacet
  facet normal 0 0 1
    outer loop
      vertex -3.32588 2.22228 4
      vertex -5.60433 1.70062 4
      vertex -3.52768 1.88559 4
    endloop
  endfacet
  facet normal 0 0 1
    outer loop
      vertex -3.09204 2.53757 4
      vertex -5.77775 1.82923 4
      vertex -3.32588 2.22228 4
    endloop
  endfacet
  facet normal 0 -0 1
    outer loop
      vertex -5.60433 1.70062 4
      vertex -3.32588 2.22228 4
      vertex -5.77775 1.82923 4
    endloop
  endfacet
  facet normal 0 -0 1
    outer loop
      vertex -5.77775 1.82923 4
      vertex -3.09204 2.53757 4
      vertex -5.96293 1.94023 4
    endloop
  endfacet
  facet normal 0 -0 1
    outer loop
      vertex -5.96293 1.94023 4
      vertex -3.09204 2.53757 4
      vertex -6.1581 2.03253 4
    endloop
  endfacet
  facet normal 0 0 1
    outer loop
      vertex -2.82843 2.82843 4
      vertex -6.1581 2.03253 4
      vertex -3.09204 2.53757 4
    endloop
  endfacet
  facet normal 0 0 1
    outer loop
      vertex -2.2 7 4
      vertex -2.82843 2.82843 4
      vertex -2.53757 3.09204 4
    endloop
  endfacet
  facet normal 0 -0 1
    outer loop
      vertex -6.78436 2.18941 4
      vertex -2.2 7 4
      vertex -9.19239 9.19239 4
    endloop
  endfacet
  facet normal 0 0 1
    outer loop
      vertex -2.2 7 4
      vertex -6.78436 2.18941 4
      vertex -6.5708 2.15773 4
    endloop
  endfacet
  facet normal 0 0 1
    outer loop
      vertex -6.78436 2.18941 4
      vertex -9.19239 9.19239 4
      vertex -7 2.2 4
    endloop
  endfacet
  facet normal -0 0 1
    outer loop
      vertex -10.0491 8.24711 4
      vertex -7 2.2 4
      vertex -9.19239 9.19239 4
    endloop
  endfacet
  facet normal -0 0 1
    outer loop
      vertex -10.8091 7.22241 4
      vertex -7 2.2 4
      vertex -10.0491 8.24711 4
    endloop
  endfacet
  facet normal -0 0 1
    outer loop
      vertex -11.465 6.12816 4
      vertex -7 2.2 4
      vertex -10.8091 7.22241 4
    endloop
  endfacet
  facet normal 0 0 1
    outer loop
      vertex -7 2.2 4
      vertex -11.465 6.12816 4
      vertex -11 2.2 4
    endloop
  endfacet
  facet normal -0 0 1
    outer loop
      vertex -12.0104 4.97488 4
      vertex -11 2.2 4
      vertex -11.465 6.12816 4
    endloop
  endfacet
  facet normal -0 0 1
    outer loop
      vertex -12.4402 3.7737 4
      vertex -11 2.2 4
      vertex -12.0104 4.97488 4
    endloop
  endfacet
  facet normal 0 0 1
    outer loop
      vertex -11 2.2 4
      vertex -12.4402 3.7737 4
      vertex -11.2156 2.18941 4
    endloop
  endfacet
  facet normal 0 0 1
    outer loop
      vertex -11.2156 2.18941 4
      vertex -12.4402 3.7737 4
      vertex -11.4292 2.15773 4
    endloop
  endfacet
  facet normal 0 0 1
    outer loop
      vertex -11.4292 2.15773 4
      vertex -12.4402 3.7737 4
      vertex -11.6386 2.10527 4
    endloop
  endfacet
  facet normal -0 0 1
    outer loop
      vertex -12.7502 2.53617 4
      vertex -11.6386 2.10527 4
      vertex -12.4402 3.7737 4
    endloop
  endfacet
  facet normal 0 0 1
    outer loop
      vertex -11.6386 2.10527 4
      vertex -12.7502 2.53617 4
      vertex -11.8419 2.03253 4
    endloop
  endfacet
  facet normal 0 0 1
    outer loop
      vertex -11.8419 2.03253 4
      vertex -12.7502 2.53617 4
      vertex -12.0371 1.94023 4
    endloop
  endfacet
  facet normal 0 0 1
    outer loop
      vertex -12.0371 1.94023 4
      vertex -12.7502 2.53617 4
      vertex -12.2223 1.82923 4
    endloop
  endfacet
  facet normal 0 0 1
    outer loop
      vertex -12.2223 1.82923 4
      vertex -12.7502 2.53617 4
      vertex -12.3957 1.70062 4
    endloop
  endfacet
  facet normal 0 0 1
    outer loop
      vertex -12.3957 1.70062 4
      vertex -12.7502 2.53617 4
      vertex -12.5556 1.55563 4
    endloop
  endfacet
  facet normal 0 0 1
    outer loop
      vertex -12.9374 1.27422 4
      vertex -12.5556 1.55563 4
      vertex -12.7502 2.53617 4
    endloop
  endfacet
  facet normal 0 0 1
    outer loop
      vertex -12.5556 1.55563 4
      vertex -12.9374 1.27422 4
      vertex -12.7006 1.39567 4
    endloop
  endfacet
  facet normal 0 0 1
    outer loop
      vertex -12.7006 1.39567 4
      vertex -12.9374 1.27422 4
      vertex -12.8292 1.22225 4
    endloop
  endfacet
  facet normal 0 0 1
    outer loop
      vertex -12.9374 1.27422 4
      vertex -12.9402 1.03707 4
      vertex -12.8292 1.22225 4
    endloop
  endfacet
  facet normal 0 -0 1
    outer loop
      vertex -12.9402 1.03707 4
      vertex -12.9374 1.27422 4
      vertex -12.9501 1.01625 4
    endloop
  endfacet
  facet normal 0 0 1
    outer loop
      vertex 6.78436 -2.18941 4
      vertex 2.18941 -6.78436 4
      vertex 2.2 -7 4
    endloop
  endfacet
  facet normal 0 0 1
    outer loop
      vertex 2.53757 -3.09204 4
      vertex 2.15773 -6.5708 4
      vertex 2.18941 -6.78436 4
    endloop
  endfacet
  facet normal 0 0 1
    outer loop
      vertex 2.53757 -3.09204 4
      vertex 2.10527 -6.36137 4
      vertex 2.15773 -6.5708 4
    endloop
  endfacet
  facet normal 0 0 1
    outer loop
      vertex 2.53757 -3.09204 4
      vertex 2.03253 -6.1581 4
      vertex 2.10527 -6.36137 4
    endloop
  endfacet
  facet normal 0 0 1
    outer loop
      vertex 2.53757 -3.09204 4
      vertex 1.94023 -5.96293 4
      vertex 2.03253 -6.1581 4
    endloop
  endfacet
  facet normal 0 0 1
    outer loop
      vertex 1.70062 -5.60433 4
      vertex 2.22228 -3.32588 4
      vertex 1.88559 -3.52768 4
    endloop
  endfacet
  facet normal 0 0 1
    outer loop
      vertex 2.53757 -3.09204 4
      vertex 1.82923 -5.77775 4
      vertex 1.94023 -5.96293 4
    endloop
  endfacet
  facet normal 0 0 1
    outer loop
      vertex 2.22228 -3.32588 4
      vertex 1.70062 -5.60433 4
      vertex 1.82923 -5.77775 4
    endloop
  endfacet
  facet normal 0 0 1
    outer loop
      vertex 1.88559 -3.52768 4
      vertex 1.55563 -5.44436 4
      vertex 1.70062 -5.60433 4
    endloop
  endfacet
  facet normal 0 0 1
    outer loop
      vertex 1.39567 -5.29938 4
      vertex 1.88559 -3.52768 4
      vertex 1.53073 -3.69552 4
    endloop
  endfacet
  facet normal 0 0 1
    outer loop
      vertex 1.88559 -3.52768 4
      vertex 1.39567 -5.29938 4
      vertex 1.55563 -5.44436 4
    endloop
  endfacet
  facet normal 0 0 1
    outer loop
      vertex 1.53073 -3.69552 4
      vertex 1.22225 -5.17077 4
      vertex 1.39567 -5.29938 4
    endloop
  endfacet
  facet normal -0 0 1
    outer loop
      vertex 1.16114 -3.82776 4
      vertex 1.22225 -5.17077 4
      vertex 1.53073 -3.69552 4
    endloop
  endfacet
  facet normal 0 0 1
    outer loop
      vertex 1.16114 -3.82776 4
      vertex 1.03707 -5.05977 4
      vertex 1.22225 -5.17077 4
    endloop
  endfacet
  facet normal 0 0 1
    outer loop
      vertex 1.16114 -3.82776 4
      vertex 0.841903 -4.96746 4
      vertex 1.03707 -5.05977 4
    endloop
  endfacet
  facet normal -0 0 1
    outer loop
      vertex 0.780361 -3.92314 4
      vertex 0.841903 -4.96746 4
      vertex 1.16114 -3.82776 4
    endloop
  endfacet
  facet normal 0 0 1
    outer loop
      vertex 0.780361 -3.92314 4
      vertex 0.638626 -4.89473 4
      vertex 0.841903 -4.96746 4
    endloop
  endfacet
  facet normal 0 0 1
    outer loop
      vertex 0.780361 -3.92314 4
      vertex 0.429198 -4.84227 4
      vertex 0.638626 -4.89473 4
    endloop
  endfacet
  facet normal -0 0 1
    outer loop
      vertex 0.392068 -3.98074 4
      vertex 0.429198 -4.84227 4
      vertex 0.780361 -3.92314 4
    endloop
  endfacet
  facet normal 0 0 1
    outer loop
      vertex 0.392068 -3.98074 4
      vertex 0.215637 -4.81059 4
      vertex 0.429198 -4.84227 4
    endloop
  endfacet
  facet normal -0 0 1
    outer loop
      vertex 0 -4 4
      vertex 0.215637 -4.81059 4
      vertex 0.392068 -3.98074 4
    endloop
  endfacet
  facet normal 0 0 1
    outer loop
      vertex 0 -4 4
      vertex 0 -4.8 4
      vertex 0.215637 -4.81059 4
    endloop
  endfacet
  facet normal 0 0 1
    outer loop
      vertex 0 -4 4
      vertex -0.215637 -4.81059 4
      vertex 0 -4.8 4
    endloop
  endfacet
  facet normal 0 0 1
    outer loop
      vertex -0.392068 -3.98074 4
      vertex -0.215637 -4.81059 4
      vertex 0 -4 4
    endloop
  endfacet
  facet normal 0 0 1
    outer loop
      vertex -0.392068 -3.98074 4
      vertex -0.429198 -4.84227 4
      vertex -0.215637 -4.81059 4
    endloop
  endfacet
  facet normal 0 0 1
    outer loop
      vertex -0.392068 -3.98074 4
      vertex -0.638626 -4.89473 4
      vertex -0.429198 -4.84227 4
    endloop
  endfacet
  facet normal 0 0 1
    outer loop
      vertex -0.780361 -3.92314 4
      vertex -0.638626 -4.89473 4
      vertex -0.392068 -3.98074 4
    endloop
  endfacet
  facet normal 0 0 1
    outer loop
      vertex -0.780361 -3.92314 4
      vertex -0.841903 -4.96746 4
      vertex -0.638626 -4.89473 4
    endloop
  endfacet
  facet normal 0 0 1
    outer loop
      vertex -1.16114 -3.82776 4
      vertex -0.841903 -4.96746 4
      vertex -0.780361 -3.92314 4
    endloop
  endfacet
  facet normal 0 0 1
    outer loop
      vertex -0.841903 -4.96746 4
      vertex -1.16114 -3.82776 4
      vertex -1.03707 -5.05977 4
    endloop
  endfacet
  facet normal 0 0 1
    outer loop
      vertex -1.16114 -3.82776 4
      vertex -1.22225 -5.17077 4
      vertex -1.03707 -5.05977 4
    endloop
  endfacet
  facet normal 0 0 1
    outer loop
      vertex -1.53073 -3.69552 4
      vertex -1.22225 -5.17077 4
      vertex -1.16114 -3.82776 4
    endloop
  endfacet
  facet normal 0 0 1
    outer loop
      vertex -1.22225 -5.17077 4
      vertex -1.53073 -3.69552 4
      vertex -1.39567 -5.29938 4
    endloop
  endfacet
  facet normal 0 0 1
    outer loop
      vertex -1.88559 -3.52768 4
      vertex -1.39567 -5.29938 4
      vertex -1.53073 -3.69552 4
    endloop
  endfacet
  facet normal 0 0 1
    outer loop
      vertex -1.39567 -5.29938 4
      vertex -1.88559 -3.52768 4
      vertex -1.55563 -5.44436 4
    endloop
  endfacet
  facet normal 0 0 1
    outer loop
      vertex -1.55563 -5.44436 4
      vertex -1.88559 -3.52768 4
      vertex -1.70062 -5.60433 4
    endloop
  endfacet
  facet normal 0 0 1
    outer loop
      vertex -2.22228 -3.32588 4
      vertex -1.70062 -5.60433 4
      vertex -1.88559 -3.52768 4
    endloop
  endfacet
  facet normal 0 0 1
    outer loop
      vertex -1.70062 -5.60433 4
      vertex -2.22228 -3.32588 4
      vertex -1.82923 -5.77775 4
    endloop
  endfacet
  facet normal 0 0 1
    outer loop
      vertex -2.53757 -3.09204 4
      vertex -1.82923 -5.77775 4
      vertex -2.22228 -3.32588 4
    endloop
  endfacet
  facet normal 0 0 1
    outer loop
      vertex -1.82923 -5.77775 4
      vertex -2.53757 -3.09204 4
      vertex -1.94023 -5.96293 4
    endloop
  endfacet
  facet normal 0 0 1
    outer loop
      vertex -1.94023 -5.96293 4
      vertex -2.53757 -3.09204 4
      vertex -2.03253 -6.1581 4
    endloop
  endfacet
  facet normal 0 0 1
    outer loop
      vertex -2.82843 -2.82843 4
      vertex -2.03253 -6.1581 4
      vertex -2.53757 -3.09204 4
    endloop
  endfacet
  facet normal 0 0 1
    outer loop
      vertex -2.10527 -6.36137 4
      vertex -6.36137 -2.10527 4
      vertex -2.15773 -6.5708 4
    endloop
  endfacet
  facet normal 0 0 1
    outer loop
      vertex -6.36137 -2.10527 4
      vertex -2.10527 -6.36137 4
      vertex -2.82843 -2.82843 4
    endloop
  endfacet
  facet normal 0 0 1
    outer loop
      vertex -2.03253 -6.1581 4
      vertex -2.82843 -2.82843 4
      vertex -2.10527 -6.36137 4
    endloop
  endfacet
  facet normal 0 0 1
    outer loop
      vertex 41.6268 -15.4935 4
      vertex 52 -12 4
      vertex 41.6673 -15.3317 4
    endloop
  endfacet
  facet normal 0 0 1
    outer loop
      vertex 52 -38 4
      vertex 41.6918 -34.8334 4
      vertex 41.7 -35 4
    endloop
  endfacet
  facet normal 0 0 1
    outer loop
      vertex 41.5706 -15.6506 4
      vertex 52 -12 4
      vertex 41.6268 -15.4935 4
    endloop
  endfacet
  facet normal 0 0 1
    outer loop
      vertex 52 -38 4
      vertex 41.6673 -34.6683 4
      vertex 41.6918 -34.8334 4
    endloop
  endfacet
  facet normal 0 0 1
    outer loop
      vertex 41.4993 -15.8014 4
      vertex 52 -12 4
      vertex 41.5706 -15.6506 4
    endloop
  endfacet
  facet normal 0 0 1
    outer loop
      vertex 52 -38 4
      vertex 41.6268 -34.5065 4
      vertex 41.6673 -34.6683 4
    endloop
  endfacet
  facet normal 0 0 1
    outer loop
      vertex 41.4135 -15.9445 4
      vertex 52 -12 4
      vertex 41.4993 -15.8014 4
    endloop
  endfacet
  facet normal 0 0 1
    outer loop
      vertex 52 -38 4
      vertex 41.5706 -34.3494 4
      vertex 41.6268 -34.5065 4
    endloop
  endfacet
  facet normal 0 0 1
    outer loop
      vertex 41.3141 -16.0785 4
      vertex 52 -12 4
      vertex 41.4135 -15.9445 4
    endloop
  endfacet
  facet normal 0 0 1
    outer loop
      vertex 52 -38 4
      vertex 41.4993 -34.1986 4
      vertex 41.5706 -34.3494 4
    endloop
  endfacet
  facet normal 0 0 1
    outer loop
      vertex 52 -12 4
      vertex 41.3141 -16.0785 4
      vertex 52 -38 4
    endloop
  endfacet
  facet normal 0 0 1
    outer loop
      vertex 52 -38 4
      vertex 41.4135 -34.0555 4
      vertex 41.4993 -34.1986 4
    endloop
  endfacet
  facet normal -0 0 1
    outer loop
      vertex 41.3141 -33.9215 4
      vertex 52 -38 4
      vertex 41.3141 -16.0785 4
    endloop
  endfacet
  facet normal 0 0 1
    outer loop
      vertex 52 -38 4
      vertex 41.3141 -33.9215 4
      vertex 41.4135 -34.0555 4
    endloop
  endfacet
  facet normal -0 0 1
    outer loop
      vertex 41.2021 -16.2021 4
      vertex 41.3141 -33.9215 4
      vertex 41.3141 -16.0785 4
    endloop
  endfacet
  facet normal 0 0 1
    outer loop
      vertex 41.2021 -16.2021 4
      vertex 41.2021 -33.7979 4
      vertex 41.3141 -33.9215 4
    endloop
  endfacet
  facet normal -0 0 1
    outer loop
      vertex 41.0785 -16.3141 4
      vertex 41.2021 -33.7979 4
      vertex 41.2021 -16.2021 4
    endloop
  endfacet
  facet normal 0 0 1
    outer loop
      vertex 41.0785 -16.3141 4
      vertex 41.0785 -33.6859 4
      vertex 41.2021 -33.7979 4
    endloop
  endfacet
  facet normal -0 0 1
    outer loop
      vertex 40.9445 -16.4135 4
      vertex 41.0785 -33.6859 4
      vertex 41.0785 -16.3141 4
    endloop
  endfacet
  facet normal 0 0 1
    outer loop
      vertex 40.9445 -16.4135 4
      vertex 40.9445 -33.5865 4
      vertex 41.0785 -33.6859 4
    endloop
  endfacet
  facet normal -0 0 1
    outer loop
      vertex 40.8014 -16.4993 4
      vertex 40.9445 -33.5865 4
      vertex 40.9445 -16.4135 4
    endloop
  endfacet
  facet normal 0 0 1
    outer loop
      vertex 40.8014 -16.4993 4
      vertex 40.8014 -33.5007 4
      vertex 40.9445 -33.5865 4
    endloop
  endfacet
  facet normal -0 0 1
    outer loop
      vertex 40.6506 -16.5706 4
      vertex 40.8014 -33.5007 4
      vertex 40.8014 -16.4993 4
    endloop
  endfacet
  facet normal 0 0 1
    outer loop
      vertex 40.6506 -16.5706 4
      vertex 40.6506 -33.4294 4
      vertex 40.8014 -33.5007 4
    endloop
  endfacet
  facet normal -0 0 1
    outer loop
      vertex 40.4935 -16.6268 4
      vertex 40.6506 -33.4294 4
      vertex 40.6506 -16.5706 4
    endloop
  endfacet
  facet normal 0 0 1
    outer loop
      vertex 40.4935 -16.6268 4
      vertex 40.4935 -33.3732 4
      vertex 40.6506 -33.4294 4
    endloop
  endfacet
  facet normal -0 0 1
    outer loop
      vertex 40.3317 -16.6673 4
      vertex 40.4935 -33.3732 4
      vertex 40.4935 -16.6268 4
    endloop
  endfacet
  facet normal 0 0 1
    outer loop
      vertex 40.3317 -16.6673 4
      vertex 40.3317 -33.3327 4
      vertex 40.4935 -33.3732 4
    endloop
  endfacet
  facet normal -0 0 1
    outer loop
      vertex 40.1666 -16.6918 4
      vertex 40.3317 -33.3327 4
      vertex 40.3317 -16.6673 4
    endloop
  endfacet
  facet normal 0 0 1
    outer loop
      vertex 40.1666 -16.6918 4
      vertex 40.1666 -33.3082 4
      vertex 40.3317 -33.3327 4
    endloop
  endfacet
  facet normal -0 0 1
    outer loop
      vertex 40 -16.7 4
      vertex 40.1666 -33.3082 4
      vertex 40.1666 -16.6918 4
    endloop
  endfacet
  facet normal 0 0 1
    outer loop
      vertex 40 -16.7 4
      vertex 40 -33.3 4
      vertex 40.1666 -33.3082 4
    endloop
  endfacet
  facet normal 0 0 1
    outer loop
      vertex 39.8334 -16.6918 4
      vertex 40 -33.3 4
      vertex 40 -16.7 4
    endloop
  endfacet
  facet normal 0 0 1
    outer loop
      vertex 39.8334 -16.6918 4
      vertex 39.8334 -33.3082 4
      vertex 40 -33.3 4
    endloop
  endfacet
  facet normal 0 0 1
    outer loop
      vertex 39.6683 -16.6673 4
      vertex 39.8334 -33.3082 4
      vertex 39.8334 -16.6918 4
    endloop
  endfacet
  facet normal 0 0 1
    outer loop
      vertex 39.6683 -16.6673 4
      vertex 39.6683 -33.3327 4
      vertex 39.8334 -33.3082 4
    endloop
  endfacet
  facet normal 0 0 1
    outer loop
      vertex 39.5065 -16.6268 4
      vertex 39.6683 -33.3327 4
      vertex 39.6683 -16.6673 4
    endloop
  endfacet
  facet normal 0 0 1
    outer loop
      vertex 39.5065 -16.6268 4
      vertex 39.5065 -33.3732 4
      vertex 39.6683 -33.3327 4
    endloop
  endfacet
  facet normal 0 0 1
    outer loop
      vertex 39.3494 -16.5706 4
      vertex 39.5065 -33.3732 4
      vertex 39.5065 -16.6268 4
    endloop
  endfacet
  facet normal 0 0 1
    outer loop
      vertex 39.3494 -16.5706 4
      vertex 39.3494 -33.4294 4
      vertex 39.5065 -33.3732 4
    endloop
  endfacet
  facet normal 0 0 1
    outer loop
      vertex 39.1986 -16.4993 4
      vertex 39.3494 -33.4294 4
      vertex 39.3494 -16.5706 4
    endloop
  endfacet
  facet normal 0 0 1
    outer loop
      vertex 39.1986 -16.4993 4
      vertex 39.1986 -33.5007 4
      vertex 39.3494 -33.4294 4
    endloop
  endfacet
  facet normal 0 0 1
    outer loop
      vertex 39.0555 -16.4135 4
      vertex 39.1986 -33.5007 4
      vertex 39.1986 -16.4993 4
    endloop
  endfacet
  facet normal 0 0 1
    outer loop
      vertex 39.0555 -16.4135 4
      vertex 39.0555 -33.5865 4
      vertex 39.1986 -33.5007 4
    endloop
  endfacet
  facet normal 0 0 1
    outer loop
      vertex 38.9215 -16.3141 4
      vertex 39.0555 -33.5865 4
      vertex 39.0555 -16.4135 4
    endloop
  endfacet
  facet normal 0 0 1
    outer loop
      vertex 38.9215 -16.3141 4
      vertex 38.9215 -33.6859 4
      vertex 39.0555 -33.5865 4
    endloop
  endfacet
  facet normal 0 0 1
    outer loop
      vertex 38.7979 -16.2021 4
      vertex 38.9215 -33.6859 4
      vertex 38.9215 -16.3141 4
    endloop
  endfacet
  facet normal 0 0 1
    outer loop
      vertex 38.7979 -16.2021 4
      vertex 38.7979 -33.7979 4
      vertex 38.9215 -33.6859 4
    endloop
  endfacet
  facet normal 0 0 1
    outer loop
      vertex 38.6859 -16.0785 4
      vertex 38.7979 -33.7979 4
      vertex 38.7979 -16.2021 4
    endloop
  endfacet
  facet normal 0 0 1
    outer loop
      vertex 38.6859 -16.0785 4
      vertex 38.6859 -33.9215 4
      vertex 38.7979 -33.7979 4
    endloop
  endfacet
  facet normal 0 0 1
    outer loop
      vertex 28 -38 4
      vertex 38.6859 -16.0785 4
      vertex 38.5865 -15.9445 4
    endloop
  endfacet
  facet normal 0 0 1
    outer loop
      vertex 38.6859 -16.0785 4
      vertex 28 -38 4
      vertex 38.6859 -33.9215 4
    endloop
  endfacet
  facet normal 0 0 1
    outer loop
      vertex 28 -38 4
      vertex 38.5865 -15.9445 4
      vertex 38.5007 -15.8014 4
    endloop
  endfacet
  facet normal 0 0 1
    outer loop
      vertex 38.6859 -33.9215 4
      vertex 28 -38 4
      vertex 38.5865 -34.0555 4
    endloop
  endfacet
  facet normal 0 0 1
    outer loop
      vertex 28 -38 4
      vertex 38.5007 -15.8014 4
      vertex 38.4294 -15.6506 4
    endloop
  endfacet
  facet normal 0 0 1
    outer loop
      vertex 38.5865 -34.0555 4
      vertex 28 -38 4
      vertex 38.5007 -34.1986 4
    endloop
  endfacet
  facet normal 0 0 1
    outer loop
      vertex 28 -38 4
      vertex 38.4294 -15.6506 4
      vertex 38.3732 -15.4935 4
    endloop
  endfacet
  facet normal 0 0 1
    outer loop
      vertex 38.5007 -34.1986 4
      vertex 28 -38 4
      vertex 38.4294 -34.3494 4
    endloop
  endfacet
  facet normal 0 0 1
    outer loop
      vertex 2.03253 -11.8419 4
      vertex 38.3732 -15.4935 4
      vertex 38.3327 -15.3317 4
    endloop
  endfacet
  facet normal 0 0 1
    outer loop
      vertex 38.4294 -34.3494 4
      vertex 28 -38 4
      vertex 38.3732 -34.5065 4
    endloop
  endfacet
  facet normal 0 0 1
    outer loop
      vertex 12.0371 -1.94023 4
      vertex 38.3327 -15.3317 4
      vertex 38.3082 -15.1666 4
    endloop
  endfacet
  facet normal 0 0 1
    outer loop
      vertex 38.3732 -34.5065 4
      vertex 28 -38 4
      vertex 38.3327 -34.6683 4
    endloop
  endfacet
  facet normal 0 0 1
    outer loop
      vertex 12.2223 -1.82923 4
      vertex 38.3082 -15.1666 4
      vertex 38.3 -15 4
    endloop
  endfacet
  facet normal 0 0 1
    outer loop
      vertex 38.3327 -34.6683 4
      vertex 28 -38 4
      vertex 38.3082 -34.8334 4
    endloop
  endfacet
  facet normal 0 0 1
    outer loop
      vertex 41.6918 -15.1666 4
      vertex 52 -12 4
      vertex 41.7 -15 4
    endloop
  endfacet
  facet normal 0 0 1
    outer loop
      vertex 52 -12 4
      vertex 41.6918 -14.8334 4
      vertex 41.7 -15 4
    endloop
  endfacet
  facet normal 0 0 1
    outer loop
      vertex 52 -12 4
      vertex 41.6673 -14.6683 4
      vertex 41.6918 -14.8334 4
    endloop
  endfacet
  facet normal 0 0 1
    outer loop
      vertex 52 -12 4
      vertex 41.6268 -14.5065 4
      vertex 41.6673 -14.6683 4
    endloop
  endfacet
  facet normal 0 0 1
    outer loop
      vertex 52 -12 4
      vertex 41.5706 -14.3494 4
      vertex 41.6268 -14.5065 4
    endloop
  endfacet
  facet normal 0 0 1
    outer loop
      vertex 52 -12 4
      vertex 41.4993 -14.1986 4
      vertex 41.5706 -14.3494 4
    endloop
  endfacet
  facet normal 0 0 1
    outer loop
      vertex 52 -12 4
      vertex 41.4135 -14.0555 4
      vertex 41.4993 -14.1986 4
    endloop
  endfacet
  facet normal 0 0 1
    outer loop
      vertex 52 -12 4
      vertex 41.3141 -13.9215 4
      vertex 41.4135 -14.0555 4
    endloop
  endfacet
  facet normal 0 0 1
    outer loop
      vertex 52 -12 4
      vertex 41.2021 -13.7979 4
      vertex 41.3141 -13.9215 4
    endloop
  endfacet
  facet normal 0 0 1
    outer loop
      vertex 52 -12 4
      vertex 41.0785 -13.6859 4
      vertex 41.2021 -13.7979 4
    endloop
  endfacet
  facet normal 0 0 1
    outer loop
      vertex 52 -12 4
      vertex 40.9445 -13.5865 4
      vertex 41.0785 -13.6859 4
    endloop
  endfacet
  facet normal 0 0 1
    outer loop
      vertex 52 -12 4
      vertex 40.8014 -13.5007 4
      vertex 40.9445 -13.5865 4
    endloop
  endfacet
  facet normal 0 0 1
    outer loop
      vertex 52 -12 4
      vertex 40.6506 -13.4294 4
      vertex 40.8014 -13.5007 4
    endloop
  endfacet
  facet normal 0 0 1
    outer loop
      vertex 52 -12 4
      vertex 40.4935 -13.3732 4
      vertex 40.6506 -13.4294 4
    endloop
  endfacet
  facet normal 0 0 1
    outer loop
      vertex 52 -12 4
      vertex 40.3317 -13.3327 4
      vertex 40.4935 -13.3732 4
    endloop
  endfacet
  facet normal 0 0 1
    outer loop
      vertex 52 -12 4
      vertex 40.1666 -13.3082 4
      vertex 40.3317 -13.3327 4
    endloop
  endfacet
  facet normal 0 0 1
    outer loop
      vertex 52 -12 4
      vertex 40 -13.3 4
      vertex 40.1666 -13.3082 4
    endloop
  endfacet
  facet normal 0 0 1
    outer loop
      vertex 12.8292 1.22225 4
      vertex 40 -13.3 4
      vertex 52 -12 4
    endloop
  endfacet
  facet normal 0 0 1
    outer loop
      vertex 38.3082 -34.8334 4
      vertex 28 -38 4
      vertex 38.3 -35 4
    endloop
  endfacet
  facet normal 0 0 1
    outer loop
      vertex 12.3957 -1.70062 4
      vertex 38.3 -15 4
      vertex 38.3082 -14.8334 4
    endloop
  endfacet
  facet normal 0 0 1
    outer loop
      vertex 12.5556 -1.55563 4
      vertex 38.3082 -14.8334 4
      vertex 38.3327 -14.6683 4
    endloop
  endfacet
  facet normal 0 0 1
    outer loop
      vertex 12.7006 -1.39567 4
      vertex 38.3327 -14.6683 4
      vertex 38.3732 -14.5065 4
    endloop
  endfacet
  facet normal 0 0 1
    outer loop
      vertex 12.8292 -1.22225 4
      vertex 38.3732 -14.5065 4
      vertex 38.4294 -14.3494 4
    endloop
  endfacet
  facet normal 0 0 1
    outer loop
      vertex 38.6859 -13.9215 4
      vertex 13.1053 -0.638626 4
      vertex 38.5865 -14.0555 4
    endloop
  endfacet
  facet normal -0 0 1
    outer loop
      vertex 13.1053 -0.638626 4
      vertex 38.6859 -13.9215 4
      vertex 13.1577 -0.429198 4
    endloop
  endfacet
  facet normal 0 0 1
    outer loop
      vertex 38.7979 -13.7979 4
      vertex 13.1577 -0.429198 4
      vertex 38.6859 -13.9215 4
    endloop
  endfacet
  facet normal -0 0 1
    outer loop
      vertex 13.1577 -0.429198 4
      vertex 38.7979 -13.7979 4
      vertex 13.1894 -0.215637 4
    endloop
  endfacet
  facet normal 0 0 1
    outer loop
      vertex 38.9215 -13.6859 4
      vertex 13.1894 -0.215637 4
      vertex 38.7979 -13.7979 4
    endloop
  endfacet
  facet normal -0 0 1
    outer loop
      vertex 13.1894 -0.215637 4
      vertex 38.9215 -13.6859 4
      vertex 13.2 0 4
    endloop
  endfacet
  facet normal 0 0 1
    outer loop
      vertex 39.0555 -13.5865 4
      vertex 13.2 0 4
      vertex 38.9215 -13.6859 4
    endloop
  endfacet
  facet normal 0 0 1
    outer loop
      vertex 13.1894 0.215637 4
      vertex 39.0555 -13.5865 4
      vertex 39.1986 -13.5007 4
    endloop
  endfacet
  facet normal 0 0 1
    outer loop
      vertex 13.1894 0.215637 4
      vertex 39.1986 -13.5007 4
      vertex 39.3494 -13.4294 4
    endloop
  endfacet
  facet normal 0 0 1
    outer loop
      vertex 13.1577 0.429198 4
      vertex 39.3494 -13.4294 4
      vertex 39.5065 -13.3732 4
    endloop
  endfacet
  facet normal 0 0 1
    outer loop
      vertex 13.1053 0.638626 4
      vertex 39.5065 -13.3732 4
      vertex 39.6683 -13.3327 4
    endloop
  endfacet
  facet normal 0 0 1
    outer loop
      vertex 13.0325 0.841903 4
      vertex 39.6683 -13.3327 4
      vertex 39.8334 -13.3082 4
    endloop
  endfacet
  facet normal 0 0 1
    outer loop
      vertex 40 -13.3 4
      vertex 12.8292 1.22225 4
      vertex 39.8334 -13.3082 4
    endloop
  endfacet
  facet normal 0 0 1
    outer loop
      vertex 39.0555 -13.5865 4
      vertex 13.1894 0.215637 4
      vertex 13.2 0 4
    endloop
  endfacet
  facet normal 0 0 1
    outer loop
      vertex 39.3494 -13.4294 4
      vertex 13.1577 0.429198 4
      vertex 13.1894 0.215637 4
    endloop
  endfacet
  facet normal 0 0 1
    outer loop
      vertex 39.5065 -13.3732 4
      vertex 13.1053 0.638626 4
      vertex 13.1577 0.429198 4
    endloop
  endfacet
  facet normal 0 0 1
    outer loop
      vertex 39.6683 -13.3327 4
      vertex 13.0325 0.841903 4
      vertex 13.1053 0.638626 4
    endloop
  endfacet
  facet normal 0 0 1
    outer loop
      vertex 39.8334 -13.3082 4
      vertex 12.9402 1.03707 4
      vertex 13.0325 0.841903 4
    endloop
  endfacet
  facet normal 0 0 1
    outer loop
      vertex 39.8334 -13.3082 4
      vertex 12.8292 1.22225 4
      vertex 12.9402 1.03707 4
    endloop
  endfacet
  facet normal 0 0 1
    outer loop
      vertex 52 -12 4
      vertex 12.7006 1.39567 4
      vertex 12.8292 1.22225 4
    endloop
  endfacet
  facet normal 0 0 1
    outer loop
      vertex 6.12816 11.465 4
      vertex 12.7006 1.39567 4
      vertex 52 -12 4
    endloop
  endfacet
  facet normal 0 0 1
    outer loop
      vertex 12.7006 1.39567 4
      vertex 6.12816 11.465 4
      vertex 12.5556 1.55563 4
    endloop
  endfacet
  facet normal 0 0 1
    outer loop
      vertex 12.5556 1.55563 4
      vertex 6.12816 11.465 4
      vertex 12.3957 1.70062 4
    endloop
  endfacet
  facet normal 0 0 1
    outer loop
      vertex 12.3957 1.70062 4
      vertex 6.12816 11.465 4
      vertex 12.2223 1.82923 4
    endloop
  endfacet
  facet normal 0 0 1
    outer loop
      vertex 12.2223 1.82923 4
      vertex 6.12816 11.465 4
      vertex 12.0371 1.94023 4
    endloop
  endfacet
  facet normal 0 0 1
    outer loop
      vertex 12.0371 1.94023 4
      vertex 6.12816 11.465 4
      vertex 11.8419 2.03253 4
    endloop
  endfacet
  facet normal 0 0 1
    outer loop
      vertex 11.8419 2.03253 4
      vertex 6.12816 11.465 4
      vertex 11.6386 2.10527 4
    endloop
  endfacet
  facet normal 0 0 1
    outer loop
      vertex 6.12816 11.465 4
      vertex 11.4292 2.15773 4
      vertex 11.6386 2.10527 4
    endloop
  endfacet
  facet normal 0 0 1
    outer loop
      vertex 6.12816 11.465 4
      vertex 11.2156 2.18941 4
      vertex 11.4292 2.15773 4
    endloop
  endfacet
  facet normal 0 0 1
    outer loop
      vertex 6.12816 11.465 4
      vertex 11 2.2 4
      vertex 11.2156 2.18941 4
    endloop
  endfacet
  facet normal 0 0 1
    outer loop
      vertex 6.12816 11.465 4
      vertex 7 2.2 4
      vertex 11 2.2 4
    endloop
  endfacet
  facet normal -0 0 1
    outer loop
      vertex 2.2 7 4
      vertex 7 2.2 4
      vertex 6.12816 11.465 4
    endloop
  endfacet
  facet normal 0 0 1
    outer loop
      vertex 7 2.2 4
      vertex 2.2 7 4
      vertex 6.78436 2.18941 4
    endloop
  endfacet
  facet normal -0 0 1
    outer loop
      vertex 2.18941 6.78436 4
      vertex 6.78436 2.18941 4
      vertex 2.2 7 4
    endloop
  endfacet
  facet normal 0 0 1
    outer loop
      vertex 6.78436 2.18941 4
      vertex 2.18941 6.78436 4
      vertex 6.5708 2.15773 4
    endloop
  endfacet
  facet normal -0 0 1
    outer loop
      vertex 2.15773 6.5708 4
      vertex 6.5708 2.15773 4
      vertex 2.18941 6.78436 4
    endloop
  endfacet
  facet normal -0 0 1
    outer loop
      vertex 2.10527 6.36137 4
      vertex 6.36137 2.10527 4
      vertex 2.15773 6.5708 4
    endloop
  endfacet
  facet normal 0 0 1
    outer loop
      vertex 6.36137 2.10527 4
      vertex 2.10527 6.36137 4
      vertex 6.1581 2.03253 4
    endloop
  endfacet
  facet normal -0 -0 1
    outer loop
      vertex 2.82843 2.82843 4
      vertex 6.1581 2.03253 4
      vertex 2.10527 6.36137 4
    endloop
  endfacet
  facet normal -0 -0 1
    outer loop
      vertex 3.09204 2.53757 4
      vertex 6.1581 2.03253 4
      vertex 2.82843 2.82843 4
    endloop
  endfacet
  facet normal 0 0 1
    outer loop
      vertex 6.1581 2.03253 4
      vertex 3.09204 2.53757 4
      vertex 5.96293 1.94023 4
    endloop
  endfacet
  facet normal 0 0 1
    outer loop
      vertex 5.96293 1.94023 4
      vertex 3.09204 2.53757 4
      vertex 5.77775 1.82923 4
    endloop
  endfacet
  facet normal 0 0 1
    outer loop
      vertex 2.2 11 4
      vertex 6.12816 11.465 4
      vertex 4.97488 12.0104 4
    endloop
  endfacet
  facet normal -0 -0 1
    outer loop
      vertex 3.32588 2.22228 4
      vertex 5.77775 1.82923 4
      vertex 3.09204 2.53757 4
    endloop
  endfacet
  facet normal 0 0 1
    outer loop
      vertex 5.60433 1.70062 4
      vertex 3.52768 1.88559 4
      vertex 5.44436 1.55563 4
    endloop
  endfacet
  facet normal 0 0 1
    outer loop
      vertex 5.44436 1.55563 4
      vertex 3.52768 1.88559 4
      vertex 5.29938 1.39567 4
    endloop
  endfacet
  facet normal 0 0 1
    outer loop
      vertex 5.17077 1.22225 4
      vertex 3.82776 1.16114 4
      vertex 5.05977 1.03707 4
    endloop
  endfacet
  facet normal 0 -0 1
    outer loop
      vertex 3.92314 0.780361 4
      vertex 4.96746 0.841903 4
      vertex 3.82776 1.16114 4
    endloop
  endfacet
  facet normal 0 0 1
    outer loop
      vertex 4.96746 0.841903 4
      vertex 3.92314 0.780361 4
      vertex 4.89473 0.638626 4
    endloop
  endfacet
  facet normal 0 0 1
    outer loop
      vertex 4.81059 0.215637 4
      vertex 4 0 4
      vertex 4.8 0 4
    endloop
  endfacet
  facet normal 0 -0 1
    outer loop
      vertex 4 0 4
      vertex 4.81059 0.215637 4
      vertex 3.98074 0.392068 4
    endloop
  endfacet
  facet normal 0 0 1
    outer loop
      vertex 4.84227 0.429198 4
      vertex 3.98074 0.392068 4
      vertex 4.81059 0.215637 4
    endloop
  endfacet
  facet normal 0 0 1
    outer loop
      vertex 2.2 11 4
      vertex 4.97488 12.0104 4
      vertex 3.7737 12.4402 4
    endloop
  endfacet
  facet normal 0 -0 1
    outer loop
      vertex 3.98074 0.392068 4
      vertex 4.84227 0.429198 4
      vertex 3.92314 0.780361 4
    endloop
  endfacet
  facet normal 0 0 1
    outer loop
      vertex 4.89473 0.638626 4
      vertex 3.92314 0.780361 4
      vertex 4.84227 0.429198 4
    endloop
  endfacet
  facet normal 0 0 1
    outer loop
      vertex 6.5708 2.15773 4
      vertex 2.15773 6.5708 4
      vertex 6.36137 2.10527 4
    endloop
  endfacet
  facet normal 0 0 1
    outer loop
      vertex 5.05977 1.03707 4
      vertex 3.82776 1.16114 4
      vertex 4.96746 0.841903 4
    endloop
  endfacet
  facet normal 0 -0 1
    outer loop
      vertex 3.82776 1.16114 4
      vertex 5.17077 1.22225 4
      vertex 3.69552 1.53073 4
    endloop
  endfacet
  facet normal 0 0 1
    outer loop
      vertex 5.29938 1.39567 4
      vertex 3.69552 1.53073 4
      vertex 5.17077 1.22225 4
    endloop
  endfacet
  facet normal 0 0 1
    outer loop
      vertex 2.10527 11.6386 4
      vertex 3.7737 12.4402 4
      vertex 2.53617 12.7502 4
    endloop
  endfacet
  facet normal -0 -0 1
    outer loop
      vertex 3.69552 1.53073 4
      vertex 5.29938 1.39567 4
      vertex 3.52768 1.88559 4
    endloop
  endfacet
  facet normal 0 0 1
    outer loop
      vertex 6.12816 11.465 4
      vertex 2.2 11 4
      vertex 2.2 7 4
    endloop
  endfacet
  facet normal 0 0 1
    outer loop
      vertex 3.7737 12.4402 4
      vertex 2.18941 11.2156 4
      vertex 2.2 11 4
    endloop
  endfacet
  facet normal 0 0 1
    outer loop
      vertex 3.7737 12.4402 4
      vertex 2.15773 11.4292 4
      vertex 2.18941 11.2156 4
    endloop
  endfacet
  facet normal 0 0 1
    outer loop
      vertex 3.7737 12.4402 4
      vertex 2.10527 11.6386 4
      vertex 2.15773 11.4292 4
    endloop
  endfacet
  facet normal 0 0 1
    outer loop
      vertex 2.53617 12.7502 4
      vertex 2.03253 11.8419 4
      vertex 2.10527 11.6386 4
    endloop
  endfacet
  facet normal 0 0 1
    outer loop
      vertex 2.53617 12.7502 4
      vertex 1.94023 12.0371 4
      vertex 2.03253 11.8419 4
    endloop
  endfacet
  facet normal 0 0 1
    outer loop
      vertex 2.53617 12.7502 4
      vertex 1.82923 12.2223 4
      vertex 1.94023 12.0371 4
    endloop
  endfacet
  facet normal 0 0 1
    outer loop
      vertex 2.53617 12.7502 4
      vertex 1.70062 12.3957 4
      vertex 1.82923 12.2223 4
    endloop
  endfacet
  facet normal 0 0 1
    outer loop
      vertex 2.53617 12.7502 4
      vertex 1.55563 12.5556 4
      vertex 1.70062 12.3957 4
    endloop
  endfacet
  facet normal 0 0 1
    outer loop
      vertex 1.27422 12.9374 4
      vertex 1.55563 12.5556 4
      vertex 2.53617 12.7502 4
    endloop
  endfacet
  facet normal 0 0 1
    outer loop
      vertex 1.55563 12.5556 4
      vertex 1.27422 12.9374 4
      vertex 1.39567 12.7006 4
    endloop
  endfacet
  facet normal 0 0 1
    outer loop
      vertex 1.27422 12.9374 4
      vertex 1.22225 12.8292 4
      vertex 1.39567 12.7006 4
    endloop
  endfacet
  facet normal 0 0 1
    outer loop
      vertex 1.27422 12.9374 4
      vertex 1.03707 12.9402 4
      vertex 1.22225 12.8292 4
    endloop
  endfacet
  facet normal -0 -0 1
    outer loop
      vertex 1.03707 12.9402 4
      vertex 1.27422 12.9374 4
      vertex 1.01625 12.9501 4
    endloop
  endfacet
  facet normal 0 0 1
    outer loop
      vertex 41.6673 -15.3317 4
      vertex 52 -12 4
      vertex 41.6918 -15.1666 4
    endloop
  endfacet
  facet normal -0 0 1
    outer loop
      vertex 41.6918 -35.1666 4
      vertex 52 -38 4
      vertex 41.7 -35 4
    endloop
  endfacet
  facet normal -0 0 1
    outer loop
      vertex 41.6673 -35.3317 4
      vertex 52 -38 4
      vertex 41.6918 -35.1666 4
    endloop
  endfacet
  facet normal -0 0 1
    outer loop
      vertex 41.6268 -35.4935 4
      vertex 52 -38 4
      vertex 41.6673 -35.3317 4
    endloop
  endfacet
  facet normal -0 0 1
    outer loop
      vertex 41.5706 -35.6506 4
      vertex 52 -38 4
      vertex 41.6268 -35.4935 4
    endloop
  endfacet
  facet normal -0 0 1
    outer loop
      vertex 41.4993 -35.8014 4
      vertex 52 -38 4
      vertex 41.5706 -35.6506 4
    endloop
  endfacet
  facet normal -0 0 1
    outer loop
      vertex 41.4135 -35.9445 4
      vertex 52 -38 4
      vertex 41.4993 -35.8014 4
    endloop
  endfacet
  facet normal -0 0 1
    outer loop
      vertex 41.3141 -36.0785 4
      vertex 52 -38 4
      vertex 41.4135 -35.9445 4
    endloop
  endfacet
  facet normal -0 0 1
    outer loop
      vertex 41.2021 -36.2021 4
      vertex 52 -38 4
      vertex 41.3141 -36.0785 4
    endloop
  endfacet
  facet normal -0 0 1
    outer loop
      vertex 41.0785 -36.3141 4
      vertex 52 -38 4
      vertex 41.2021 -36.2021 4
    endloop
  endfacet
  facet normal -0 0 1
    outer loop
      vertex 40.9445 -36.4135 4
      vertex 52 -38 4
      vertex 41.0785 -36.3141 4
    endloop
  endfacet
  facet normal -0 0 1
    outer loop
      vertex 40.8014 -36.4993 4
      vertex 52 -38 4
      vertex 40.9445 -36.4135 4
    endloop
  endfacet
  facet normal -0 0 1
    outer loop
      vertex 40.6506 -36.5706 4
      vertex 52 -38 4
      vertex 40.8014 -36.4993 4
    endloop
  endfacet
  facet normal -0 0 1
    outer loop
      vertex 40.4935 -36.6268 4
      vertex 52 -38 4
      vertex 40.6506 -36.5706 4
    endloop
  endfacet
  facet normal -0 0 1
    outer loop
      vertex 40.3317 -36.6673 4
      vertex 52 -38 4
      vertex 40.4935 -36.6268 4
    endloop
  endfacet
  facet normal -0 0 1
    outer loop
      vertex 40.1666 -36.6918 4
      vertex 52 -38 4
      vertex 40.3317 -36.6673 4
    endloop
  endfacet
  facet normal -0 0 1
    outer loop
      vertex 40 -36.7 4
      vertex 52 -38 4
      vertex 40.1666 -36.6918 4
    endloop
  endfacet
  facet normal 0 0 1
    outer loop
      vertex 28 -38 4
      vertex 40 -36.7 4
      vertex 39.8334 -36.6918 4
    endloop
  endfacet
  facet normal 0 0 1
    outer loop
      vertex 40 -36.7 4
      vertex 28 -38 4
      vertex 52 -38 4
    endloop
  endfacet
  facet normal 0 0 1
    outer loop
      vertex 39.6683 -36.6673 4
      vertex 28 -38 4
      vertex 39.8334 -36.6918 4
    endloop
  endfacet
  facet normal 0 0 1
    outer loop
      vertex 39.5065 -36.6268 4
      vertex 28 -38 4
      vertex 39.6683 -36.6673 4
    endloop
  endfacet
  facet normal 0 0 1
    outer loop
      vertex 39.3494 -36.5706 4
      vertex 28 -38 4
      vertex 39.5065 -36.6268 4
    endloop
  endfacet
  facet normal 0 0 1
    outer loop
      vertex 39.1986 -36.4993 4
      vertex 28 -38 4
      vertex 39.3494 -36.5706 4
    endloop
  endfacet
  facet normal 0 0 1
    outer loop
      vertex 39.0555 -36.4135 4
      vertex 28 -38 4
      vertex 39.1986 -36.4993 4
    endloop
  endfacet
  facet normal 0 0 1
    outer loop
      vertex 38.9215 -36.3141 4
      vertex 28 -38 4
      vertex 39.0555 -36.4135 4
    endloop
  endfacet
  facet normal 0 0 1
    outer loop
      vertex 38.7979 -36.2021 4
      vertex 28 -38 4
      vertex 38.9215 -36.3141 4
    endloop
  endfacet
  facet normal 0 0 1
    outer loop
      vertex 38.6859 -36.0785 4
      vertex 28 -38 4
      vertex 38.7979 -36.2021 4
    endloop
  endfacet
  facet normal 0 0 1
    outer loop
      vertex 38.5865 -35.9445 4
      vertex 28 -38 4
      vertex 38.6859 -36.0785 4
    endloop
  endfacet
  facet normal 0 0 1
    outer loop
      vertex 38.5007 -35.8014 4
      vertex 28 -38 4
      vertex 38.5865 -35.9445 4
    endloop
  endfacet
  facet normal 0 0 1
    outer loop
      vertex 38.4294 -35.6506 4
      vertex 28 -38 4
      vertex 38.5007 -35.8014 4
    endloop
  endfacet
  facet normal 0 0 1
    outer loop
      vertex 38.3732 -35.4935 4
      vertex 28 -38 4
      vertex 38.4294 -35.6506 4
    endloop
  endfacet
  facet normal 0 0 1
    outer loop
      vertex 38.3327 -35.3317 4
      vertex 28 -38 4
      vertex 38.3732 -35.4935 4
    endloop
  endfacet
  facet normal 0 0 1
    outer loop
      vertex 38.3082 -35.1666 4
      vertex 28 -38 4
      vertex 38.3327 -35.3317 4
    endloop
  endfacet
  facet normal 0 0 1
    outer loop
      vertex 28 -38 4
      vertex 38.3082 -35.1666 4
      vertex 38.3 -35 4
    endloop
  endfacet
  facet normal -0 0 1
    outer loop
      vertex 13.0325 -0.841903 4
      vertex 38.5865 -14.0555 4
      vertex 13.1053 -0.638626 4
    endloop
  endfacet
  facet normal 0 0 1
    outer loop
      vertex 38.5865 -14.0555 4
      vertex 13.0325 -0.841903 4
      vertex 38.5007 -14.1986 4
    endloop
  endfacet
  facet normal -0 0 1
    outer loop
      vertex 12.9402 -1.03707 4
      vertex 38.5007 -14.1986 4
      vertex 13.0325 -0.841903 4
    endloop
  endfacet
  facet normal 0 0 1
    outer loop
      vertex 38.5007 -14.1986 4
      vertex 12.9402 -1.03707 4
      vertex 38.4294 -14.3494 4
    endloop
  endfacet
  facet normal -0 0 1
    outer loop
      vertex 12.8292 -1.22225 4
      vertex 38.4294 -14.3494 4
      vertex 12.9402 -1.03707 4
    endloop
  endfacet
  facet normal 0 0 1
    outer loop
      vertex 38.3732 -14.5065 4
      vertex 12.8292 -1.22225 4
      vertex 12.7006 -1.39567 4
    endloop
  endfacet
  facet normal 0 0 1
    outer loop
      vertex 38.3327 -14.6683 4
      vertex 12.7006 -1.39567 4
      vertex 12.5556 -1.55563 4
    endloop
  endfacet
  facet normal 0 0 1
    outer loop
      vertex 38.3082 -14.8334 4
      vertex 12.5556 -1.55563 4
      vertex 12.3957 -1.70062 4
    endloop
  endfacet
  facet normal 0 0 1
    outer loop
      vertex 38.3 -15 4
      vertex 12.3957 -1.70062 4
      vertex 12.2223 -1.82923 4
    endloop
  endfacet
  facet normal 0 0 1
    outer loop
      vertex 38.3082 -15.1666 4
      vertex 12.2223 -1.82923 4
      vertex 12.0371 -1.94023 4
    endloop
  endfacet
  facet normal 0 0 1
    outer loop
      vertex 38.3327 -15.3317 4
      vertex 12.0371 -1.94023 4
      vertex 11.8419 -2.03253 4
    endloop
  endfacet
  facet normal 0 0 1
    outer loop
      vertex 38.3327 -15.3317 4
      vertex 11.8419 -2.03253 4
      vertex 2.03253 -11.8419 4
    endloop
  endfacet
  facet normal 0 0 1
    outer loop
      vertex 2.03253 -11.8419 4
      vertex 11.8419 -2.03253 4
      vertex 11.6386 -2.10527 4
    endloop
  endfacet
  facet normal 0 0 1
    outer loop
      vertex 2.10527 -11.6386 4
      vertex 11.6386 -2.10527 4
      vertex 11.4292 -2.15773 4
    endloop
  endfacet
  facet normal 0 0 1
    outer loop
      vertex 2.15773 -11.4292 4
      vertex 11.4292 -2.15773 4
      vertex 11.2156 -2.18941 4
    endloop
  endfacet
  facet normal 0 0 1
    outer loop
      vertex 2.18941 -11.2156 4
      vertex 11.2156 -2.18941 4
      vertex 11 -2.2 4
    endloop
  endfacet
  facet normal 0 0 1
    outer loop
      vertex 2.2 -11 4
      vertex 11 -2.2 4
      vertex 7 -2.2 4
    endloop
  endfacet
  facet normal 0 0 1
    outer loop
      vertex 2.2 -7 4
      vertex 7 -2.2 4
      vertex 6.78436 -2.18941 4
    endloop
  endfacet
  facet normal 0 0 1
    outer loop
      vertex 2.18941 -6.78436 4
      vertex 6.78436 -2.18941 4
      vertex 6.5708 -2.15773 4
    endloop
  endfacet
  facet normal 0 0 1
    outer loop
      vertex 2.18941 -6.78436 4
      vertex 6.5708 -2.15773 4
      vertex 6.36137 -2.10527 4
    endloop
  endfacet
  facet normal 0 0 1
    outer loop
      vertex 2.82843 -2.82843 4
      vertex 6.36137 -2.10527 4
      vertex 6.1581 -2.03253 4
    endloop
  endfacet
  facet normal 0 0 1
    outer loop
      vertex 3.09204 -2.53757 4
      vertex 6.1581 -2.03253 4
      vertex 5.96293 -1.94023 4
    endloop
  endfacet
  facet normal 0 0 1
    outer loop
      vertex 3.09204 -2.53757 4
      vertex 5.96293 -1.94023 4
      vertex 5.77775 -1.82923 4
    endloop
  endfacet
  facet normal 0 0 1
    outer loop
      vertex 3.32588 -2.22228 4
      vertex 5.77775 -1.82923 4
      vertex 5.60433 -1.70062 4
    endloop
  endfacet
  facet normal 0 0 1
    outer loop
      vertex 3.52768 -1.88559 4
      vertex 5.60433 -1.70062 4
      vertex 5.44436 -1.55563 4
    endloop
  endfacet
  facet normal 0 0 1
    outer loop
      vertex 3.52768 -1.88559 4
      vertex 5.44436 -1.55563 4
      vertex 5.29938 -1.39567 4
    endloop
  endfacet
  facet normal 0 0 1
    outer loop
      vertex 3.69552 -1.53073 4
      vertex 5.29938 -1.39567 4
      vertex 5.17077 -1.22225 4
    endloop
  endfacet
  facet normal -0 0 1
    outer loop
      vertex 4 0 4
      vertex 4.81059 -0.215637 4
      vertex 4.8 0 4
    endloop
  endfacet
  facet normal 0 0 1
    outer loop
      vertex 3.98074 -0.392068 4
      vertex 4.81059 -0.215637 4
      vertex 4 0 4
    endloop
  endfacet
  facet normal 0 0 1
    outer loop
      vertex 4.81059 -0.215637 4
      vertex 3.98074 -0.392068 4
      vertex 4.84227 -0.429198 4
    endloop
  endfacet
  facet normal 0 0 1
    outer loop
      vertex 4.84227 -0.429198 4
      vertex 3.98074 -0.392068 4
      vertex 4.89473 -0.638626 4
    endloop
  endfacet
  facet normal 0 0 1
    outer loop
      vertex 3.92314 -0.780361 4
      vertex 4.89473 -0.638626 4
      vertex 3.98074 -0.392068 4
    endloop
  endfacet
  facet normal 0 0 1
    outer loop
      vertex 4.89473 -0.638626 4
      vertex 3.92314 -0.780361 4
      vertex 4.96746 -0.841903 4
    endloop
  endfacet
  facet normal 0 0 1
    outer loop
      vertex 3.82776 -1.16114 4
      vertex 4.96746 -0.841903 4
      vertex 3.92314 -0.780361 4
    endloop
  endfacet
  facet normal 0 0 1
    outer loop
      vertex 4.96746 -0.841903 4
      vertex 3.82776 -1.16114 4
      vertex 5.05977 -1.03707 4
    endloop
  endfacet
  facet normal 0 0 1
    outer loop
      vertex 5.05977 -1.03707 4
      vertex 3.82776 -1.16114 4
      vertex 5.17077 -1.22225 4
    endloop
  endfacet
  facet normal 0 0 1
    outer loop
      vertex 3.69552 -1.53073 4
      vertex 5.17077 -1.22225 4
      vertex 3.82776 -1.16114 4
    endloop
  endfacet
  facet normal 0 0 1
    outer loop
      vertex 5.29938 -1.39567 4
      vertex 3.69552 -1.53073 4
      vertex 3.52768 -1.88559 4
    endloop
  endfacet
  facet normal 0 0 1
    outer loop
      vertex 5.60433 -1.70062 4
      vertex 3.52768 -1.88559 4
      vertex 3.32588 -2.22228 4
    endloop
  endfacet
  facet normal 0 0 1
    outer loop
      vertex 5.77775 -1.82923 4
      vertex 3.32588 -2.22228 4
      vertex 3.09204 -2.53757 4
    endloop
  endfacet
  facet normal 0 0 1
    outer loop
      vertex 6.1581 -2.03253 4
      vertex 3.09204 -2.53757 4
      vertex 2.82843 -2.82843 4
    endloop
  endfacet
  facet normal 0 0 1
    outer loop
      vertex 2.18941 -6.78436 4
      vertex 6.36137 -2.10527 4
      vertex 2.82843 -2.82843 4
    endloop
  endfacet
  facet normal 0 0 1
    outer loop
      vertex 2.18941 -6.78436 4
      vertex 2.82843 -2.82843 4
      vertex 2.53757 -3.09204 4
    endloop
  endfacet
  facet normal 0 0 1
    outer loop
      vertex 1.82923 -5.77775 4
      vertex 2.53757 -3.09204 4
      vertex 2.22228 -3.32588 4
    endloop
  endfacet
  facet normal 0 0 1
    outer loop
      vertex 7 -2.2 4
      vertex 2.2 -7 4
      vertex 2.2 -11 4
    endloop
  endfacet
  facet normal 0 0 1
    outer loop
      vertex 11 -2.2 4
      vertex 2.2 -11 4
      vertex 2.18941 -11.2156 4
    endloop
  endfacet
  facet normal 0 0 1
    outer loop
      vertex 11.2156 -2.18941 4
      vertex 2.18941 -11.2156 4
      vertex 2.15773 -11.4292 4
    endloop
  endfacet
  facet normal 0 0 1
    outer loop
      vertex 11.4292 -2.15773 4
      vertex 2.15773 -11.4292 4
      vertex 2.10527 -11.6386 4
    endloop
  endfacet
  facet normal 0 0 1
    outer loop
      vertex 11.6386 -2.10527 4
      vertex 2.10527 -11.6386 4
      vertex 2.03253 -11.8419 4
    endloop
  endfacet
  facet normal -0 0 1
    outer loop
      vertex 1.94023 -12.0371 4
      vertex 38.3732 -15.4935 4
      vertex 2.03253 -11.8419 4
    endloop
  endfacet
  facet normal 0 0 1
    outer loop
      vertex 38.3732 -15.4935 4
      vertex 1.94023 -12.0371 4
      vertex 28 -38 4
    endloop
  endfacet
  facet normal -0 0 1
    outer loop
      vertex 1.82923 -12.2223 4
      vertex 28 -38 4
      vertex 1.94023 -12.0371 4
    endloop
  endfacet
  facet normal -0 0 1
    outer loop
      vertex 1.70062 -12.3957 4
      vertex 28 -38 4
      vertex 1.82923 -12.2223 4
    endloop
  endfacet
  facet normal -0 0 1
    outer loop
      vertex 1.55563 -12.5556 4
      vertex 28 -38 4
      vertex 1.70062 -12.3957 4
    endloop
  endfacet
  facet normal -0 0 1
    outer loop
      vertex 1.39567 -12.7006 4
      vertex 28 -38 4
      vertex 1.55563 -12.5556 4
    endloop
  endfacet
  facet normal -0 0 1
    outer loop
      vertex 1.22225 -12.8292 4
      vertex 28 -38 4
      vertex 1.39567 -12.7006 4
    endloop
  endfacet
  facet normal -0 0 1
    outer loop
      vertex 1.03707 -12.9402 4
      vertex 28 -38 4
      vertex 1.22225 -12.8292 4
    endloop
  endfacet
  facet normal -0 0 1
    outer loop
      vertex 0.841903 -13.0325 4
      vertex 28 -38 4
      vertex 1.03707 -12.9402 4
    endloop
  endfacet
  facet normal -0 0 1
    outer loop
      vertex 0.638626 -13.1053 4
      vertex 28 -38 4
      vertex 0.841903 -13.0325 4
    endloop
  endfacet
  facet normal -0 0 1
    outer loop
      vertex 0.429198 -13.1577 4
      vertex 28 -38 4
      vertex 0.638626 -13.1053 4
    endloop
  endfacet
  facet normal -0 0 1
    outer loop
      vertex 0.215637 -13.1894 4
      vertex 28 -38 4
      vertex 0.429198 -13.1577 4
    endloop
  endfacet
  facet normal -0 0 1
    outer loop
      vertex 0 -13.2 4
      vertex 28 -38 4
      vertex 0.215637 -13.1894 4
    endloop
  endfacet
  facet normal 0 0 1
    outer loop
      vertex -0.215637 -13.1894 4
      vertex 28 -38 4
      vertex 0 -13.2 4
    endloop
  endfacet
  facet normal 0 0 1
    outer loop
      vertex -0.429198 -13.1577 4
      vertex 28 -38 4
      vertex -0.215637 -13.1894 4
    endloop
  endfacet
  facet normal 0 0 1
    outer loop
      vertex -0.638626 -13.1053 4
      vertex 28 -38 4
      vertex -0.429198 -13.1577 4
    endloop
  endfacet
  facet normal 0 0 1
    outer loop
      vertex -0.841903 -13.0325 4
      vertex 28 -38 4
      vertex -0.638626 -13.1053 4
    endloop
  endfacet
  facet normal 0 0 1
    outer loop
      vertex -1.03707 -12.9402 4
      vertex 28 -38 4
      vertex -0.841903 -13.0325 4
    endloop
  endfacet
  facet normal 0 0 1
    outer loop
      vertex -8.24711 -10.0491 4
      vertex -1.03707 -12.9402 4
      vertex -1.22225 -12.8292 4
    endloop
  endfacet
  facet normal 0 0 1
    outer loop
      vertex -8.24711 -10.0491 4
      vertex -1.22225 -12.8292 4
      vertex -1.39567 -12.7006 4
    endloop
  endfacet
  facet normal -0 0 1
    outer loop
      vertex -6.5708 -2.15773 4
      vertex -2.15773 -6.5708 4
      vertex -6.36137 -2.10527 4
    endloop
  endfacet
  facet normal 0 0 1
    outer loop
      vertex -2.15773 -6.5708 4
      vertex -6.5708 -2.15773 4
      vertex -2.18941 -6.78436 4
    endloop
  endfacet
  facet normal 0 0 1
    outer loop
      vertex -2.2 -7 4
      vertex -8.24711 -10.0491 4
      vertex -2.2 -11 4
    endloop
  endfacet
  facet normal 0 0 1
    outer loop
      vertex -6.1581 -2.03253 4
      vertex -2.82843 -2.82843 4
      vertex -3.09204 -2.53757 4
    endloop
  endfacet
  facet normal 0 0 1
    outer loop
      vertex -5.77775 -1.82923 4
      vertex -3.09204 -2.53757 4
      vertex -3.32588 -2.22228 4
    endloop
  endfacet
  facet normal 0 0 1
    outer loop
      vertex -5.60433 -1.70062 4
      vertex -3.32588 -2.22228 4
      vertex -3.52768 -1.88559 4
    endloop
  endfacet
  facet normal 0 0 1
    outer loop
      vertex -5.29938 -1.39567 4
      vertex -3.52768 -1.88559 4
      vertex -3.69552 -1.53073 4
    endloop
  endfacet
  facet normal 0 0 1
    outer loop
      vertex -2.82843 -2.82843 4
      vertex -6.1581 -2.03253 4
      vertex -6.36137 -2.10527 4
    endloop
  endfacet
  facet normal -0 0 1
    outer loop
      vertex -5.17077 -1.22225 4
      vertex -3.69552 -1.53073 4
      vertex -3.82776 -1.16114 4
    endloop
  endfacet
  facet normal -0 0 1
    outer loop
      vertex -4.96746 -0.841903 4
      vertex -3.82776 -1.16114 4
      vertex -3.92314 -0.780361 4
    endloop
  endfacet
  facet normal 0 0 1
    outer loop
      vertex -4.81059 -0.215637 4
      vertex -4 0 4
      vertex -4.8 0 4
    endloop
  endfacet
  facet normal 0 0 1
    outer loop
      vertex -4 0 4
      vertex -4.81059 -0.215637 4
      vertex -3.98074 -0.392068 4
    endloop
  endfacet
  facet normal 0 0 1
    outer loop
      vertex -4.84227 -0.429198 4
      vertex -3.98074 -0.392068 4
      vertex -4.81059 -0.215637 4
    endloop
  endfacet
  facet normal 0 0 1
    outer loop
      vertex -3.98074 -0.392068 4
      vertex -4.84227 -0.429198 4
      vertex -3.92314 -0.780361 4
    endloop
  endfacet
  facet normal -0 0 1
    outer loop
      vertex -4.89473 -0.638626 4
      vertex -3.92314 -0.780361 4
      vertex -4.84227 -0.429198 4
    endloop
  endfacet
  facet normal 0 0 1
    outer loop
      vertex -4.96746 -0.841903 4
      vertex -3.92314 -0.780361 4
      vertex -4.89473 -0.638626 4
    endloop
  endfacet
  facet normal 0 0 1
    outer loop
      vertex -3.82776 -1.16114 4
      vertex -4.96746 -0.841903 4
      vertex -5.05977 -1.03707 4
    endloop
  endfacet
  facet normal 0 0 1
    outer loop
      vertex -3.82776 -1.16114 4
      vertex -5.05977 -1.03707 4
      vertex -5.17077 -1.22225 4
    endloop
  endfacet
  facet normal 0 0 1
    outer loop
      vertex -3.69552 -1.53073 4
      vertex -5.17077 -1.22225 4
      vertex -5.29938 -1.39567 4
    endloop
  endfacet
  facet normal 0 0 1
    outer loop
      vertex -3.52768 -1.88559 4
      vertex -5.29938 -1.39567 4
      vertex -5.44436 -1.55563 4
    endloop
  endfacet
  facet normal 0 0 1
    outer loop
      vertex -3.52768 -1.88559 4
      vertex -5.44436 -1.55563 4
      vertex -5.60433 -1.70062 4
    endloop
  endfacet
  facet normal 0 0 1
    outer loop
      vertex -3.32588 -2.22228 4
      vertex -5.60433 -1.70062 4
      vertex -5.77775 -1.82923 4
    endloop
  endfacet
  facet normal 0 0 1
    outer loop
      vertex -3.09204 -2.53757 4
      vertex -5.77775 -1.82923 4
      vertex -5.96293 -1.94023 4
    endloop
  endfacet
  facet normal 0 0 1
    outer loop
      vertex -3.09204 -2.53757 4
      vertex -5.96293 -1.94023 4
      vertex -6.1581 -2.03253 4
    endloop
  endfacet
  facet normal 0 0 1
    outer loop
      vertex -2.2 -11 4
      vertex -8.24711 -10.0491 4
      vertex -2.18941 -11.2156 4
    endloop
  endfacet
  facet normal 0 0 1
    outer loop
      vertex -2.18941 -11.2156 4
      vertex -8.24711 -10.0491 4
      vertex -2.15773 -11.4292 4
    endloop
  endfacet
  facet normal 0 0 1
    outer loop
      vertex -2.15773 -11.4292 4
      vertex -8.24711 -10.0491 4
      vertex -2.10527 -11.6386 4
    endloop
  endfacet
  facet normal -0 0 1
    outer loop
      vertex -6.78436 -2.18941 4
      vertex -2.18941 -6.78436 4
      vertex -6.5708 -2.15773 4
    endloop
  endfacet
  facet normal 0 0 1
    outer loop
      vertex -9.19239 -9.19239 4
      vertex -2.18941 -6.78436 4
      vertex -6.78436 -2.18941 4
    endloop
  endfacet
  facet normal 0 0 1
    outer loop
      vertex -2.18941 -6.78436 4
      vertex -9.19239 -9.19239 4
      vertex -2.2 -7 4
    endloop
  endfacet
  facet normal 0 0 1
    outer loop
      vertex -2.10527 -11.6386 4
      vertex -8.24711 -10.0491 4
      vertex -2.03253 -11.8419 4
    endloop
  endfacet
  facet normal 0 0 1
    outer loop
      vertex -9.19239 -9.19239 4
      vertex -6.78436 -2.18941 4
      vertex -7 -2.2 4
    endloop
  endfacet
  facet normal 0 0 1
    outer loop
      vertex -1.03707 -12.9402 4
      vertex -8.24711 -10.0491 4
      vertex 28 -38 4
    endloop
  endfacet
  facet normal 0 0 1
    outer loop
      vertex -1.55563 -12.5556 4
      vertex -8.24711 -10.0491 4
      vertex -1.39567 -12.7006 4
    endloop
  endfacet
  facet normal 0 0 1
    outer loop
      vertex -1.70062 -12.3957 4
      vertex -8.24711 -10.0491 4
      vertex -1.55563 -12.5556 4
    endloop
  endfacet
  facet normal 0 0 1
    outer loop
      vertex -1.82923 -12.2223 4
      vertex -8.24711 -10.0491 4
      vertex -1.70062 -12.3957 4
    endloop
  endfacet
  facet normal 0 0 1
    outer loop
      vertex -1.94023 -12.0371 4
      vertex -8.24711 -10.0491 4
      vertex -1.82923 -12.2223 4
    endloop
  endfacet
  facet normal 0 0 1
    outer loop
      vertex -2.03253 -11.8419 4
      vertex -8.24711 -10.0491 4
      vertex -1.94023 -12.0371 4
    endloop
  endfacet
  facet normal 0 0 1
    outer loop
      vertex -2.2 -7 4
      vertex -9.19239 -9.19239 4
      vertex -8.24711 -10.0491 4
    endloop
  endfacet
  facet normal 0 0 1
    outer loop
      vertex -7 -2.2 4
      vertex -10.0491 -8.24711 4
      vertex -9.19239 -9.19239 4
    endloop
  endfacet
  facet normal 0 0 1
    outer loop
      vertex -7 -2.2 4
      vertex -10.8091 -7.22241 4
      vertex -10.0491 -8.24711 4
    endloop
  endfacet
  facet normal 0 0 1
    outer loop
      vertex -11.465 -6.12816 4
      vertex -7 -2.2 4
      vertex -11 -2.2 4
    endloop
  endfacet
  facet normal 0 0 1
    outer loop
      vertex -12.4402 -3.7737 4
      vertex -11 -2.2 4
      vertex -11.2156 -2.18941 4
    endloop
  endfacet
  facet normal 0 0 1
    outer loop
      vertex -12.4402 -3.7737 4
      vertex -11.2156 -2.18941 4
      vertex -11.4292 -2.15773 4
    endloop
  endfacet
  facet normal 0 0 1
    outer loop
      vertex -7 -2.2 4
      vertex -11.465 -6.12816 4
      vertex -10.8091 -7.22241 4
    endloop
  endfacet
  facet normal 0 0 1
    outer loop
      vertex -12.4402 -3.7737 4
      vertex -11.4292 -2.15773 4
      vertex -11.6386 -2.10527 4
    endloop
  endfacet
  facet normal 0 0 1
    outer loop
      vertex -12.7502 -2.53617 4
      vertex -11.6386 -2.10527 4
      vertex -11.8419 -2.03253 4
    endloop
  endfacet
  facet normal 0 0 1
    outer loop
      vertex -11 -2.2 4
      vertex -12.0104 -4.97488 4
      vertex -11.465 -6.12816 4
    endloop
  endfacet
  facet normal 0 0 1
    outer loop
      vertex -12.7502 -2.53617 4
      vertex -11.8419 -2.03253 4
      vertex -12.0371 -1.94023 4
    endloop
  endfacet
  facet normal 0 0 1
    outer loop
      vertex -12.7502 -2.53617 4
      vertex -12.0371 -1.94023 4
      vertex -12.2223 -1.82923 4
    endloop
  endfacet
  facet normal 0 0 1
    outer loop
      vertex -12.7502 -2.53617 4
      vertex -12.2223 -1.82923 4
      vertex -12.3957 -1.70062 4
    endloop
  endfacet
  facet normal 0 0 1
    outer loop
      vertex -11 -2.2 4
      vertex -12.4402 -3.7737 4
      vertex -12.0104 -4.97488 4
    endloop
  endfacet
  facet normal 0 0 1
    outer loop
      vertex -12.7502 -2.53617 4
      vertex -12.3957 -1.70062 4
      vertex -12.5556 -1.55563 4
    endloop
  endfacet
  facet normal 0 0 1
    outer loop
      vertex -12.9374 -1.27422 4
      vertex -12.5556 -1.55563 4
      vertex -12.7006 -1.39567 4
    endloop
  endfacet
  facet normal 0 0 1
    outer loop
      vertex -11.6386 -2.10527 4
      vertex -12.7502 -2.53617 4
      vertex -12.4402 -3.7737 4
    endloop
  endfacet
  facet normal -0 0 1
    outer loop
      vertex -12.9374 -1.27422 4
      vertex -12.7006 -1.39567 4
      vertex -12.8292 -1.22225 4
    endloop
  endfacet
  facet normal 0 0 1
    outer loop
      vertex -12.5556 -1.55563 4
      vertex -12.9374 -1.27422 4
      vertex -12.7502 -2.53617 4
    endloop
  endfacet
  facet normal 0 0 1
    outer loop
      vertex -12.9402 -1.03707 4
      vertex -12.9374 -1.27422 4
      vertex -12.8292 -1.22225 4
    endloop
  endfacet
  facet normal 0 0 1
    outer loop
      vertex -12.9374 -1.27422 4
      vertex -12.9402 -1.03707 4
      vertex -12.9501 -1.01625 4
    endloop
  endfacet
  facet normal -0 -0 1
    outer loop
      vertex 3.52768 1.88559 4
      vertex 5.60433 1.70062 4
      vertex 3.32588 2.22228 4
    endloop
  endfacet
  facet normal 0 0 1
    outer loop
      vertex 5.77775 1.82923 4
      vertex 3.32588 2.22228 4
      vertex 5.60433 1.70062 4
    endloop
  endfacet
  facet normal -0 0 1
    outer loop
      vertex 2.03253 6.1581 4
      vertex 2.82843 2.82843 4
      vertex 2.10527 6.36137 4
    endloop
  endfacet
  facet normal 0 0 1
    outer loop
      vertex 2.82843 2.82843 4
      vertex 2.03253 6.1581 4
      vertex 2.53757 3.09204 4
    endloop
  endfacet
  facet normal -0 0 1
    outer loop
      vertex 1.94023 5.96293 4
      vertex 2.53757 3.09204 4
      vertex 2.03253 6.1581 4
    endloop
  endfacet
  facet normal -0 0 1
    outer loop
      vertex 1.82923 5.77775 4
      vertex 2.53757 3.09204 4
      vertex 1.94023 5.96293 4
    endloop
  endfacet
  facet normal 0 0 1
    outer loop
      vertex 2.53757 3.09204 4
      vertex 1.82923 5.77775 4
      vertex 2.22228 3.32588 4
    endloop
  endfacet
  facet normal -0 0 1
    outer loop
      vertex 1.70062 5.60433 4
      vertex 2.22228 3.32588 4
      vertex 1.82923 5.77775 4
    endloop
  endfacet
  facet normal 0 0 1
    outer loop
      vertex 2.22228 3.32588 4
      vertex 1.70062 5.60433 4
      vertex 1.88559 3.52768 4
    endloop
  endfacet
  facet normal -0 0 1
    outer loop
      vertex 1.55563 5.44436 4
      vertex 1.88559 3.52768 4
      vertex 1.70062 5.60433 4
    endloop
  endfacet
  facet normal -0 0 1
    outer loop
      vertex 1.39567 5.29938 4
      vertex 1.88559 3.52768 4
      vertex 1.55563 5.44436 4
    endloop
  endfacet
  facet normal 0 0 1
    outer loop
      vertex 1.88559 3.52768 4
      vertex 1.39567 5.29938 4
      vertex 1.53073 3.69552 4
    endloop
  endfacet
  facet normal -0 0 1
    outer loop
      vertex 1.22225 5.17077 4
      vertex 1.53073 3.69552 4
      vertex 1.39567 5.29938 4
    endloop
  endfacet
  facet normal 0 0 1
    outer loop
      vertex 1.22225 5.17077 4
      vertex 1.16114 3.82776 4
      vertex 1.53073 3.69552 4
    endloop
  endfacet
  facet normal -0 0 1
    outer loop
      vertex 1.03707 5.05977 4
      vertex 1.16114 3.82776 4
      vertex 1.22225 5.17077 4
    endloop
  endfacet
  facet normal -0 0 1
    outer loop
      vertex 0.841903 4.96746 4
      vertex 1.16114 3.82776 4
      vertex 1.03707 5.05977 4
    endloop
  endfacet
  facet normal 0 0 1
    outer loop
      vertex 0.841903 4.96746 4
      vertex 0.780361 3.92314 4
      vertex 1.16114 3.82776 4
    endloop
  endfacet
  facet normal -0 0 1
    outer loop
      vertex 0.638626 4.89473 4
      vertex 0.780361 3.92314 4
      vertex 0.841903 4.96746 4
    endloop
  endfacet
  facet normal -0 0 1
    outer loop
      vertex 0.429198 4.84227 4
      vertex 0.780361 3.92314 4
      vertex 0.638626 4.89473 4
    endloop
  endfacet
  facet normal 0 0 1
    outer loop
      vertex 0.429198 4.84227 4
      vertex 0.392068 3.98074 4
      vertex 0.780361 3.92314 4
    endloop
  endfacet
  facet normal -0 0 1
    outer loop
      vertex 0.215637 4.81059 4
      vertex 0.392068 3.98074 4
      vertex 0.429198 4.84227 4
    endloop
  endfacet
  facet normal 0 0 1
    outer loop
      vertex 0 4 4
      vertex 0.215637 4.81059 4
      vertex 0 4.8 4
    endloop
  endfacet
  facet normal 0 0 1
    outer loop
      vertex 0.215637 4.81059 4
      vertex 0 4 4
      vertex 0.392068 3.98074 4
    endloop
  endfacet
  facet normal 0 0 1
    outer loop
      vertex -0.215637 4.81059 4
      vertex 0 4 4
      vertex 0 4.8 4
    endloop
  endfacet
  facet normal 0 0 1
    outer loop
      vertex -0.215637 4.81059 4
      vertex -0.392068 3.98074 4
      vertex 0 4 4
    endloop
  endfacet
  facet normal 0 0 1
    outer loop
      vertex -0.429198 4.84227 4
      vertex -0.392068 3.98074 4
      vertex -0.215637 4.81059 4
    endloop
  endfacet
  facet normal 0 0 1
    outer loop
      vertex -0.638626 4.89473 4
      vertex -0.392068 3.98074 4
      vertex -0.429198 4.84227 4
    endloop
  endfacet
  facet normal 0 0 1
    outer loop
      vertex -0.638626 4.89473 4
      vertex -0.780361 3.92314 4
      vertex -0.392068 3.98074 4
    endloop
  endfacet
  facet normal 0 0 1
    outer loop
      vertex -0.841903 4.96746 4
      vertex -0.780361 3.92314 4
      vertex -0.638626 4.89473 4
    endloop
  endfacet
  facet normal 0 0 1
    outer loop
      vertex -1.16114 3.82776 4
      vertex -0.841903 4.96746 4
      vertex -1.03707 5.05977 4
    endloop
  endfacet
  facet normal 0 0 1
    outer loop
      vertex -0.841903 4.96746 4
      vertex -1.16114 3.82776 4
      vertex -0.780361 3.92314 4
    endloop
  endfacet
  facet normal 0 0 1
    outer loop
      vertex -1.22225 5.17077 4
      vertex -1.16114 3.82776 4
      vertex -1.03707 5.05977 4
    endloop
  endfacet
  facet normal 0 0 1
    outer loop
      vertex -1.53073 3.69552 4
      vertex -1.22225 5.17077 4
      vertex -1.39567 5.29938 4
    endloop
  endfacet
  facet normal 0 0 1
    outer loop
      vertex -1.22225 5.17077 4
      vertex -1.53073 3.69552 4
      vertex -1.16114 3.82776 4
    endloop
  endfacet
  facet normal 0 0 1
    outer loop
      vertex -1.88559 3.52768 4
      vertex -1.39567 5.29938 4
      vertex -1.55563 5.44436 4
    endloop
  endfacet
  facet normal 0 0 1
    outer loop
      vertex -1.88559 3.52768 4
      vertex -1.55563 5.44436 4
      vertex -1.70062 5.60433 4
    endloop
  endfacet
  facet normal 0 0 1
    outer loop
      vertex -2.22228 3.32588 4
      vertex -1.70062 5.60433 4
      vertex -1.82923 5.77775 4
    endloop
  endfacet
  facet normal 0 0 1
    outer loop
      vertex -1.39567 5.29938 4
      vertex -1.88559 3.52768 4
      vertex -1.53073 3.69552 4
    endloop
  endfacet
  facet normal 0 0 1
    outer loop
      vertex -2.22228 3.32588 4
      vertex -1.82923 5.77775 4
      vertex -1.94023 5.96293 4
    endloop
  endfacet
  facet normal 0 0 1
    outer loop
      vertex -2.22228 3.32588 4
      vertex -1.94023 5.96293 4
      vertex -2.03253 6.1581 4
    endloop
  endfacet
  facet normal 0 0 1
    outer loop
      vertex -2.22228 3.32588 4
      vertex -2.03253 6.1581 4
      vertex -2.10527 6.36137 4
    endloop
  endfacet
  facet normal 0 0 1
    outer loop
      vertex -2.22228 3.32588 4
      vertex -2.10527 6.36137 4
      vertex -2.15773 6.5708 4
    endloop
  endfacet
  facet normal 0 0 1
    outer loop
      vertex -2.22228 3.32588 4
      vertex -2.15773 6.5708 4
      vertex -2.18941 6.78436 4
    endloop
  endfacet
  facet normal 0 0 1
    outer loop
      vertex -1.70062 5.60433 4
      vertex -2.22228 3.32588 4
      vertex -1.88559 3.52768 4
    endloop
  endfacet
  facet normal 0 0 1
    outer loop
      vertex -2.22228 3.32588 4
      vertex -2.18941 6.78436 4
      vertex -2.2 7 4
    endloop
  endfacet
  facet normal -0.989176 0.146736 0
    outer loop
      vertex -12.9374 1.27422 0
      vertex -12.7502 2.53617 4
      vertex -12.7502 2.53617 0
    endloop
  endfacet
  facet normal -0.989176 0.146736 0
    outer loop
      vertex -12.7502 2.53617 4
      vertex -12.9374 1.27422 0
      vertex -12.9374 1.27422 4
    endloop
  endfacet
  facet normal -0.998797 -0.049043 0
    outer loop
      vertex -13 0 0
      vertex -12.9501 -1.01625 1.5
      vertex -13 0 1.5
    endloop
  endfacet
  facet normal -0.998795 -0.0490689 -1.75958e-05
    outer loop
      vertex -12.9374 -1.27422 0
      vertex -12.9501 -1.01625 1.5
      vertex -13 0 0
    endloop
  endfacet
  facet normal -0.99879 -0.049171 -0
    outer loop
      vertex -12.9374 -1.27422 4
      vertex -12.9501 -1.01625 1.5
      vertex -12.9374 -1.27422 0
    endloop
  endfacet
  facet normal -0.99879 -0.049171 0
    outer loop
      vertex -12.9501 -1.01625 1.5
      vertex -12.9374 -1.27422 4
      vertex -12.9501 -1.01625 4
    endloop
  endfacet
  facet normal -0.99879 0.049171 0
    outer loop
      vertex -12.9374 1.27422 0
      vertex -12.9501 1.01625 1.5
      vertex -12.9374 1.27422 4
    endloop
  endfacet
  facet normal -0.998795 0.0490689 -1.75958e-05
    outer loop
      vertex -13 0 0
      vertex -12.9501 1.01625 1.5
      vertex -12.9374 1.27422 0
    endloop
  endfacet
  facet normal -0.998797 0.049043 0
    outer loop
      vertex -12.9501 1.01625 1.5
      vertex -13 0 0
      vertex -13 0 1.5
    endloop
  endfacet
  facet normal -0.99879 0.049171 0
    outer loop
      vertex -12.9374 1.27422 4
      vertex -12.9501 1.01625 1.5
      vertex -12.9501 1.01625 4
    endloop
  endfacet
  facet normal 0 -1 0
    outer loop
      vertex 28 -38 0
      vertex 52 -38 4
      vertex 28 -38 4
    endloop
  endfacet
  facet normal 0 -1 -0
    outer loop
      vertex 52 -38 4
      vertex 28 -38 0
      vertex 52 -38 0
    endloop
  endfacet
  facet normal 1 -0 0
    outer loop
      vertex 52 -38 4
      vertex 52 -12 0
      vertex 52 -12 4
    endloop
  endfacet
  facet normal 1 0 0
    outer loop
      vertex 52 -12 0
      vertex 52 -38 4
      vertex 52 -38 0
    endloop
  endfacet
  facet normal 0.146736 0.989176 -0
    outer loop
      vertex 2.53617 12.7502 0
      vertex 1.27422 12.9374 4
      vertex 2.53617 12.7502 4
    endloop
  endfacet
  facet normal 0.146736 0.989176 0
    outer loop
      vertex 1.27422 12.9374 4
      vertex 2.53617 12.7502 0
      vertex 1.27422 12.9374 0
    endloop
  endfacet
  facet normal -0.671541 -0.740967 0
    outer loop
      vertex -9.19239 -9.19239 0
      vertex -8.24711 -10.0491 4
      vertex -9.19239 -9.19239 4
    endloop
  endfacet
  facet normal -0.671541 -0.740967 -0
    outer loop
      vertex -8.24711 -10.0491 4
      vertex -9.19239 -9.19239 0
      vertex -8.24711 -10.0491 0
    endloop
  endfacet
  facet normal -0.610651 -0.7919 0
    outer loop
      vertex -8.24711 -10.0491 0
      vertex 28 -38 4
      vertex -8.24711 -10.0491 4
    endloop
  endfacet
  facet normal -0.610651 -0.7919 -0
    outer loop
      vertex 28 -38 4
      vertex -8.24711 -10.0491 0
      vertex 28 -38 0
    endloop
  endfacet
  facet normal -0.595715 0.803196 0
    outer loop
      vertex -7.22241 10.8091 0
      vertex -8.24711 10.0491 4
      vertex -7.22241 10.8091 4
    endloop
  endfacet
  facet normal -0.595715 0.803196 0
    outer loop
      vertex -8.24711 10.0491 4
      vertex -7.22241 10.8091 0
      vertex -8.24711 10.0491 0
    endloop
  endfacet
  facet normal -0.904008 -0.427516 0
    outer loop
      vertex -11.465 -6.12816 0
      vertex -12.0104 -4.97488 4
      vertex -12.0104 -4.97488 0
    endloop
  endfacet
  facet normal -0.904008 -0.427516 0
    outer loop
      vertex -12.0104 -4.97488 4
      vertex -11.465 -6.12816 0
      vertex -11.465 -6.12816 4
    endloop
  endfacet
  facet normal 0.242991 0.970029 -0
    outer loop
      vertex 3.7737 12.4402 0
      vertex 2.53617 12.7502 4
      vertex 3.7737 12.4402 4
    endloop
  endfacet
  facet normal 0.242991 0.970029 0
    outer loop
      vertex 2.53617 12.7502 4
      vertex 3.7737 12.4402 0
      vertex 2.53617 12.7502 0
    endloop
  endfacet
  facet normal 0.455409 0.890282 -0
    outer loop
      vertex 52 -12 0
      vertex 6.12816 11.465 4
      vertex 52 -12 4
    endloop
  endfacet
  facet normal 0.455409 0.890282 0
    outer loop
      vertex 6.12816 11.465 4
      vertex 52 -12 0
      vertex 6.12816 11.465 0
    endloop
  endfacet
  facet normal -0.970029 -0.242991 0
    outer loop
      vertex -12.4402 -3.7737 0
      vertex -12.7502 -2.53617 4
      vertex -12.7502 -2.53617 0
    endloop
  endfacet
  facet normal -0.970029 -0.242991 0
    outer loop
      vertex -12.7502 -2.53617 4
      vertex -12.4402 -3.7737 0
      vertex -12.4402 -3.7737 4
    endloop
  endfacet
  facet normal -0.803196 -0.595715 0
    outer loop
      vertex -10.0491 -8.24711 0
      vertex -10.8091 -7.22241 4
      vertex -10.8091 -7.22241 0
    endloop
  endfacet
  facet normal -0.803196 -0.595715 0
    outer loop
      vertex -10.8091 -7.22241 4
      vertex -10.0491 -8.24711 0
      vertex -10.0491 -8.24711 4
    endloop
  endfacet
  facet normal -0.740967 -0.671541 0
    outer loop
      vertex -9.19239 -9.19239 0
      vertex -10.0491 -8.24711 4
      vertex -10.0491 -8.24711 0
    endloop
  endfacet
  facet normal -0.740967 -0.671541 0
    outer loop
      vertex -10.0491 -8.24711 4
      vertex -9.19239 -9.19239 0
      vertex -9.19239 -9.19239 4
    endloop
  endfacet
  facet normal -0.857718 -0.514121 0
    outer loop
      vertex -10.8091 -7.22241 0
      vertex -11.465 -6.12816 4
      vertex -11.465 -6.12816 0
    endloop
  endfacet
  facet normal -0.857718 -0.514121 0
    outer loop
      vertex -11.465 -6.12816 4
      vertex -10.8091 -7.22241 0
      vertex -10.8091 -7.22241 4
    endloop
  endfacet
  facet normal -0.941541 -0.336897 0
    outer loop
      vertex -12.0104 -4.97488 0
      vertex -12.4402 -3.7737 4
      vertex -12.4402 -3.7737 0
    endloop
  endfacet
  facet normal -0.941541 -0.336897 0
    outer loop
      vertex -12.4402 -3.7737 4
      vertex -12.0104 -4.97488 0
      vertex -12.0104 -4.97488 4
    endloop
  endfacet
  facet normal -0.989176 -0.146736 0
    outer loop
      vertex -12.7502 -2.53617 0
      vertex -12.9374 -1.27422 4
      vertex -12.9374 -1.27422 0
    endloop
  endfacet
  facet normal -0.989176 -0.146736 0
    outer loop
      vertex -12.9374 -1.27422 4
      vertex -12.7502 -2.53617 0
      vertex -12.7502 -2.53617 4
    endloop
  endfacet
  facet normal 0 0 -1
    outer loop
      vertex -6.08538 0.611127 0
      vertex -3.92314 0.780361 0
      vertex -6.02989 0.518536 0
    endloop
  endfacet
  facet normal -0 0 -1
    outer loop
      vertex -3.92314 0.780361 0
      vertex -6.08538 0.611127 0
      vertex -3.82776 1.16114 0
    endloop
  endfacet
  facet normal 0 0 -1
    outer loop
      vertex -6.14969 0.697832 0
      vertex -3.82776 1.16114 0
      vertex -6.08538 0.611127 0
    endloop
  endfacet
  facet normal 0 0 -1
    outer loop
      vertex -6.22218 0.777817 0
      vertex -3.82776 1.16114 0
      vertex -6.14969 0.697832 0
    endloop
  endfacet
  facet normal -0 0 -1
    outer loop
      vertex -3.82776 1.16114 0
      vertex -6.22218 0.777817 0
      vertex -3.69552 1.53073 0
    endloop
  endfacet
  facet normal 0 0 -1
    outer loop
      vertex -6.30217 0.850311 0
      vertex -3.69552 1.53073 0
      vertex -6.22218 0.777817 0
    endloop
  endfacet
  facet normal 0 0 -1
    outer loop
      vertex -6.38887 0.914616 0
      vertex -3.69552 1.53073 0
      vertex -6.30217 0.850311 0
    endloop
  endfacet
  facet normal -0 0 -1
    outer loop
      vertex -3.69552 1.53073 0
      vertex -6.38887 0.914616 0
      vertex -3.52768 1.88559 0
    endloop
  endfacet
  facet normal 0 0 -1
    outer loop
      vertex -6.48146 0.970113 0
      vertex -3.52768 1.88559 0
      vertex -6.38887 0.914616 0
    endloop
  endfacet
  facet normal 0 0 -1
    outer loop
      vertex -6.57905 1.01627 0
      vertex -3.52768 1.88559 0
      vertex -6.48146 0.970113 0
    endloop
  endfacet
  facet normal 0 0 -1
    outer loop
      vertex -3.32588 2.22228 0
      vertex -6.12816 11.465 0
      vertex -4.97488 12.0104 0
    endloop
  endfacet
  facet normal -0 0 -1
    outer loop
      vertex -3.52768 1.88559 0
      vertex -6.57905 1.01627 0
      vertex -3.32588 2.22228 0
    endloop
  endfacet
  facet normal 0 0 -1
    outer loop
      vertex -6.68069 1.05263 0
      vertex -3.32588 2.22228 0
      vertex -6.57905 1.01627 0
    endloop
  endfacet
  facet normal 0 0 -1
    outer loop
      vertex -6.7854 1.07886 0
      vertex -3.32588 2.22228 0
      vertex -6.68069 1.05263 0
    endloop
  endfacet
  facet normal 0 0 -1
    outer loop
      vertex -6.89218 1.0947 0
      vertex -3.32588 2.22228 0
      vertex -6.7854 1.07886 0
    endloop
  endfacet
  facet normal 0 0 -1
    outer loop
      vertex -10.0491 8.24711 0
      vertex -3.32588 2.22228 0
      vertex -6.89218 1.0947 0
    endloop
  endfacet
  facet normal 0 0 -1
    outer loop
      vertex -10.0491 8.24711 0
      vertex -6.89218 1.0947 0
      vertex -7 1.1 0
    endloop
  endfacet
  facet normal 0 0 -1
    outer loop
      vertex -3.32588 2.22228 0
      vertex -7.22241 10.8091 0
      vertex -6.12816 11.465 0
    endloop
  endfacet
  facet normal 0 0 -1
    outer loop
      vertex -3.32588 2.22228 0
      vertex -8.24711 10.0491 0
      vertex -7.22241 10.8091 0
    endloop
  endfacet
  facet normal 0 0 -1
    outer loop
      vertex -3.32588 2.22228 0
      vertex -9.19239 9.19239 0
      vertex -8.24711 10.0491 0
    endloop
  endfacet
  facet normal 0 0 -1
    outer loop
      vertex -3.32588 2.22228 0
      vertex -10.0491 8.24711 0
      vertex -9.19239 9.19239 0
    endloop
  endfacet
  facet normal 0 0 -1
    outer loop
      vertex -7 1.1 0
      vertex -10.8091 7.22241 0
      vertex -10.0491 8.24711 0
    endloop
  endfacet
  facet normal 0 0 -1
    outer loop
      vertex -12.0104 4.97488 0
      vertex -7 1.1 0
      vertex -11 1.1 0
    endloop
  endfacet
  facet normal 0 0 -1
    outer loop
      vertex -12.7502 2.53617 0
      vertex -11 1.1 0
      vertex -11.1078 1.0947 0
    endloop
  endfacet
  facet normal 0 0 -1
    outer loop
      vertex -12.7502 2.53617 0
      vertex -11.1078 1.0947 0
      vertex -11.2146 1.07886 0
    endloop
  endfacet
  facet normal 0 0 -1
    outer loop
      vertex -12.7502 2.53617 0
      vertex -11.2146 1.07886 0
      vertex -11.3193 1.05263 0
    endloop
  endfacet
  facet normal 0 0 -1
    outer loop
      vertex -12.7502 2.53617 0
      vertex -11.3193 1.05263 0
      vertex -11.421 1.01627 0
    endloop
  endfacet
  facet normal 0 0 -1
    outer loop
      vertex -7 1.1 0
      vertex -11.465 6.12816 0
      vertex -10.8091 7.22241 0
    endloop
  endfacet
  facet normal 0 0 -1
    outer loop
      vertex -12.7502 2.53617 0
      vertex -11.421 1.01627 0
      vertex -11.5185 0.970113 0
    endloop
  endfacet
  facet normal 0 0 -1
    outer loop
      vertex -12.7502 2.53617 0
      vertex -11.5185 0.970113 0
      vertex -11.6111 0.914616 0
    endloop
  endfacet
  facet normal 0 0 -1
    outer loop
      vertex -12.9374 1.27422 0
      vertex -11.6111 0.914616 0
      vertex -11.6978 0.850311 0
    endloop
  endfacet
  facet normal 0 0 -1
    outer loop
      vertex -12.9374 1.27422 0
      vertex -11.6978 0.850311 0
      vertex -11.7778 0.777817 0
    endloop
  endfacet
  facet normal 0 0 -1
    outer loop
      vertex -12.9374 1.27422 0
      vertex -11.7778 0.777817 0
      vertex -11.8503 0.697832 0
    endloop
  endfacet
  facet normal 0 0 -1
    outer loop
      vertex -12.9374 1.27422 0
      vertex -11.8503 0.697832 0
      vertex -11.9146 0.611127 0
    endloop
  endfacet
  facet normal 0 0 -1
    outer loop
      vertex -12.9374 1.27422 0
      vertex -11.9146 0.611127 0
      vertex -11.9701 0.518536 0
    endloop
  endfacet
  facet normal 0 0 -1
    outer loop
      vertex -7 1.1 0
      vertex -12.0104 4.97488 0
      vertex -11.465 6.12816 0
    endloop
  endfacet
  facet normal 0 0 -1
    outer loop
      vertex -12.9374 1.27422 0
      vertex -11.9701 0.518536 0
      vertex -12.0163 0.420951 0
    endloop
  endfacet
  facet normal 0 0 -1
    outer loop
      vertex -13 0 0
      vertex -12.0163 0.420951 0
      vertex -12.0526 0.319313 0
    endloop
  endfacet
  facet normal 0 0 -1
    outer loop
      vertex -13 0 0
      vertex -12.0526 0.319313 0
      vertex -12.0789 0.214599 0
    endloop
  endfacet
  facet normal 0 0 -1
    outer loop
      vertex -13 0 0
      vertex -12.0789 0.214599 0
      vertex -12.0947 0.107819 0
    endloop
  endfacet
  facet normal 0 0 -1
    outer loop
      vertex -13 0 0
      vertex -12.0947 0.107819 0
      vertex -12.1 0 0
    endloop
  endfacet
  facet normal 0 0 -1
    outer loop
      vertex -12.0526 -0.319313 0
      vertex -13 0 0
      vertex -12.0789 -0.214599 0
    endloop
  endfacet
  facet normal 0 0 -1
    outer loop
      vertex -11 1.1 0
      vertex -12.4402 3.7737 0
      vertex -12.0104 4.97488 0
    endloop
  endfacet
  facet normal 0 0 -1
    outer loop
      vertex -12.0789 -0.214599 0
      vertex -13 0 0
      vertex -12.0947 -0.107819 0
    endloop
  endfacet
  facet normal 0 0 -1
    outer loop
      vertex -11 1.1 0
      vertex -12.7502 2.53617 0
      vertex -12.4402 3.7737 0
    endloop
  endfacet
  facet normal 0 0 -1
    outer loop
      vertex -12.0947 -0.107819 0
      vertex -13 0 0
      vertex -12.1 0 0
    endloop
  endfacet
  facet normal 0 0 -1
    outer loop
      vertex -11.6111 0.914616 0
      vertex -12.9374 1.27422 0
      vertex -12.7502 2.53617 0
    endloop
  endfacet
  facet normal -0 0 -1
    outer loop
      vertex -12.0163 0.420951 0
      vertex -13 0 0
      vertex -12.9374 1.27422 0
    endloop
  endfacet
  facet normal 0 0 -1
    outer loop
      vertex 2.82843 2.82843 0
      vertex 1.0947 6.89218 0
      vertex 1.1 7 0
    endloop
  endfacet
  facet normal 0 0 -1
    outer loop
      vertex 1.53073 3.69552 0
      vertex 1.07886 6.7854 0
      vertex 1.0947 6.89218 0
    endloop
  endfacet
  facet normal 0 0 -1
    outer loop
      vertex 1.53073 3.69552 0
      vertex 1.05263 6.68069 0
      vertex 1.07886 6.7854 0
    endloop
  endfacet
  facet normal 0 0 -1
    outer loop
      vertex 1.53073 3.69552 0
      vertex 1.01627 6.57905 0
      vertex 1.05263 6.68069 0
    endloop
  endfacet
  facet normal 0 0 -1
    outer loop
      vertex 1.53073 3.69552 0
      vertex 0.970113 6.48146 0
      vertex 1.01627 6.57905 0
    endloop
  endfacet
  facet normal 0 0 -1
    outer loop
      vertex 1.53073 3.69552 0
      vertex 0.914616 6.38887 0
      vertex 0.970113 6.48146 0
    endloop
  endfacet
  facet normal 0 0 -1
    outer loop
      vertex 1.53073 3.69552 0
      vertex 0.850311 6.30217 0
      vertex 0.914616 6.38887 0
    endloop
  endfacet
  facet normal 0 0 -1
    outer loop
      vertex 0.611127 6.08538 0
      vertex 1.16114 3.82776 0
      vertex 0.780361 3.92314 0
    endloop
  endfacet
  facet normal 0 0 -1
    outer loop
      vertex 1.53073 3.69552 0
      vertex 0.777817 6.22218 0
      vertex 0.850311 6.30217 0
    endloop
  endfacet
  facet normal 0 0 -1
    outer loop
      vertex 1.16114 3.82776 0
      vertex 0.697832 6.14969 0
      vertex 0.777817 6.22218 0
    endloop
  endfacet
  facet normal 0 0 -1
    outer loop
      vertex 1.16114 3.82776 0
      vertex 0.611127 6.08538 0
      vertex 0.697832 6.14969 0
    endloop
  endfacet
  facet normal 0 0 -1
    outer loop
      vertex 0.780361 3.92314 0
      vertex 0.518536 6.02989 0
      vertex 0.611127 6.08538 0
    endloop
  endfacet
  facet normal 0 0 -1
    outer loop
      vertex 0.780361 3.92314 0
      vertex 0.420951 5.98373 0
      vertex 0.518536 6.02989 0
    endloop
  endfacet
  facet normal 0 0 -1
    outer loop
      vertex 0.392068 3.98074 0
      vertex 0.420951 5.98373 0
      vertex 0.780361 3.92314 0
    endloop
  endfacet
  facet normal 0 0 -1
    outer loop
      vertex 0.392068 3.98074 0
      vertex 0.319313 5.94736 0
      vertex 0.420951 5.98373 0
    endloop
  endfacet
  facet normal 0 0 -1
    outer loop
      vertex 0.392068 3.98074 0
      vertex 0.214599 5.92114 0
      vertex 0.319313 5.94736 0
    endloop
  endfacet
  facet normal 0 0 -1
    outer loop
      vertex 0.392068 3.98074 0
      vertex 0.107819 5.9053 0
      vertex 0.214599 5.92114 0
    endloop
  endfacet
  facet normal 0 0 -1
    outer loop
      vertex 0 4 0
      vertex 0.107819 5.9053 0
      vertex 0.392068 3.98074 0
    endloop
  endfacet
  facet normal 0 0 -1
    outer loop
      vertex 0 4 0
      vertex 0 5.9 0
      vertex 0.107819 5.9053 0
    endloop
  endfacet
  facet normal 0 0 -1
    outer loop
      vertex 0 4 0
      vertex -0.107819 5.9053 0
      vertex 0 5.9 0
    endloop
  endfacet
  facet normal 0 0 -1
    outer loop
      vertex -0.392068 3.98074 0
      vertex -0.107819 5.9053 0
      vertex 0 4 0
    endloop
  endfacet
  facet normal -0 0 -1
    outer loop
      vertex -0.107819 5.9053 0
      vertex -0.392068 3.98074 0
      vertex -0.214599 5.92114 0
    endloop
  endfacet
  facet normal -0 0 -1
    outer loop
      vertex -0.214599 5.92114 0
      vertex -0.392068 3.98074 0
      vertex -0.319313 5.94736 0
    endloop
  endfacet
  facet normal 0 0 -1
    outer loop
      vertex -0.392068 3.98074 0
      vertex -0.420951 5.98373 0
      vertex -0.319313 5.94736 0
    endloop
  endfacet
  facet normal 0 0 -1
    outer loop
      vertex -0.780361 3.92314 0
      vertex -0.420951 5.98373 0
      vertex -0.392068 3.98074 0
    endloop
  endfacet
  facet normal -0 0 -1
    outer loop
      vertex -0.420951 5.98373 0
      vertex -0.780361 3.92314 0
      vertex -0.518536 6.02989 0
    endloop
  endfacet
  facet normal -0 0 -1
    outer loop
      vertex -0.518536 6.02989 0
      vertex -0.780361 3.92314 0
      vertex -0.611127 6.08538 0
    endloop
  endfacet
  facet normal 0 0 -1
    outer loop
      vertex -1.16114 3.82776 0
      vertex -0.611127 6.08538 0
      vertex -0.780361 3.92314 0
    endloop
  endfacet
  facet normal -0 0 -1
    outer loop
      vertex -0.611127 6.08538 0
      vertex -1.16114 3.82776 0
      vertex -0.697832 6.14969 0
    endloop
  endfacet
  facet normal -0 0 -1
    outer loop
      vertex -0.697832 6.14969 0
      vertex -1.16114 3.82776 0
      vertex -0.777817 6.22218 0
    endloop
  endfacet
  facet normal 0 0 -1
    outer loop
      vertex -1.53073 3.69552 0
      vertex -0.777817 6.22218 0
      vertex -1.16114 3.82776 0
    endloop
  endfacet
  facet normal -0 0 -1
    outer loop
      vertex -0.777817 6.22218 0
      vertex -1.53073 3.69552 0
      vertex -0.850311 6.30217 0
    endloop
  endfacet
  facet normal -0 0 -1
    outer loop
      vertex -0.850311 6.30217 0
      vertex -1.53073 3.69552 0
      vertex -0.914616 6.38887 0
    endloop
  endfacet
  facet normal 0 0 -1
    outer loop
      vertex -1.88559 3.52768 0
      vertex -0.914616 6.38887 0
      vertex -1.53073 3.69552 0
    endloop
  endfacet
  facet normal -0 0 -1
    outer loop
      vertex -0.914616 6.38887 0
      vertex -1.88559 3.52768 0
      vertex -0.970113 6.48146 0
    endloop
  endfacet
  facet normal -0 0 -1
    outer loop
      vertex -0.970113 6.48146 0
      vertex -1.88559 3.52768 0
      vertex -1.01627 6.57905 0
    endloop
  endfacet
  facet normal -0 0 -1
    outer loop
      vertex -1.05263 6.68069 0
      vertex -2.22228 3.32588 0
      vertex -1.07886 6.7854 0
    endloop
  endfacet
  facet normal -0 0 -1
    outer loop
      vertex -1.01627 6.57905 0
      vertex -2.22228 3.32588 0
      vertex -1.05263 6.68069 0
    endloop
  endfacet
  facet normal 0 0 -1
    outer loop
      vertex -2.22228 3.32588 0
      vertex -1.01627 6.57905 0
      vertex -1.88559 3.52768 0
    endloop
  endfacet
  facet normal 0 0 -1
    outer loop
      vertex 38.9215 -13.6859 0
      vertex 12.0947 -0.107819 0
      vertex 12.1 0 0
    endloop
  endfacet
  facet normal 0 0 -1
    outer loop
      vertex 38.3327 -15.3317 0
      vertex 12.0789 -0.214599 0
      vertex 12.0947 -0.107819 0
    endloop
  endfacet
  facet normal 0 0 -1
    outer loop
      vertex 38.3327 -15.3317 0
      vertex 12.0526 -0.319313 0
      vertex 12.0789 -0.214599 0
    endloop
  endfacet
  facet normal 0 0 -1
    outer loop
      vertex 38.3327 -15.3317 0
      vertex 12.0163 -0.420951 0
      vertex 12.0526 -0.319313 0
    endloop
  endfacet
  facet normal 0 0 -1
    outer loop
      vertex 38.3327 -15.3317 0
      vertex 11.9701 -0.518536 0
      vertex 12.0163 -0.420951 0
    endloop
  endfacet
  facet normal 0 0 -1
    outer loop
      vertex 38.3327 -15.3317 0
      vertex 11.9146 -0.611127 0
      vertex 11.9701 -0.518536 0
    endloop
  endfacet
  facet normal 0 0 -1
    outer loop
      vertex 38.3327 -15.3317 0
      vertex 11.8503 -0.697832 0
      vertex 11.9146 -0.611127 0
    endloop
  endfacet
  facet normal 0 0 -1
    outer loop
      vertex 38.3327 -15.3317 0
      vertex 11.7778 -0.777817 0
      vertex 11.8503 -0.697832 0
    endloop
  endfacet
  facet normal 0 0 -1
    outer loop
      vertex 38.3327 -15.3317 0
      vertex 11.6978 -0.850311 0
      vertex 11.7778 -0.777817 0
    endloop
  endfacet
  facet normal 0 0 -1
    outer loop
      vertex 38.3327 -15.3317 0
      vertex 11.6111 -0.914616 0
      vertex 11.6978 -0.850311 0
    endloop
  endfacet
  facet normal 0 0 -1
    outer loop
      vertex 38.3327 -15.3317 0
      vertex 11.5185 -0.970113 0
      vertex 11.6111 -0.914616 0
    endloop
  endfacet
  facet normal 0 0 -1
    outer loop
      vertex 38.3327 -15.3317 0
      vertex 11.421 -1.01627 0
      vertex 11.5185 -0.970113 0
    endloop
  endfacet
  facet normal 0 0 -1
    outer loop
      vertex 38.3327 -15.3317 0
      vertex 1.01627 -11.421 0
      vertex 11.421 -1.01627 0
    endloop
  endfacet
  facet normal 0 0 -1
    outer loop
      vertex 11.421 -1.01627 0
      vertex 1.01627 -11.421 0
      vertex 11.3193 -1.05263 0
    endloop
  endfacet
  facet normal 0 -0 -1
    outer loop
      vertex 1.05263 -11.3193 0
      vertex 11.3193 -1.05263 0
      vertex 1.01627 -11.421 0
    endloop
  endfacet
  facet normal 0 0 -1
    outer loop
      vertex 11.3193 -1.05263 0
      vertex 1.05263 -11.3193 0
      vertex 11.2146 -1.07886 0
    endloop
  endfacet
  facet normal 0 -0 -1
    outer loop
      vertex 1.07886 -11.2146 0
      vertex 11.2146 -1.07886 0
      vertex 1.05263 -11.3193 0
    endloop
  endfacet
  facet normal 0 -0 -1
    outer loop
      vertex 1.0947 -11.1078 0
      vertex 11.1078 -1.0947 0
      vertex 1.07886 -11.2146 0
    endloop
  endfacet
  facet normal 0 -0 -1
    outer loop
      vertex 1.1 -11 0
      vertex 11 -1.1 0
      vertex 1.0947 -11.1078 0
    endloop
  endfacet
  facet normal -0 0 -1
    outer loop
      vertex 11 -1.1 0
      vertex 1.1 -11 0
      vertex 7 -1.1 0
    endloop
  endfacet
  facet normal 0 0 -1
    outer loop
      vertex 1.1 -7 0
      vertex 7 -1.1 0
      vertex 1.1 -11 0
    endloop
  endfacet
  facet normal 0 -0 -1
    outer loop
      vertex 2.82843 -2.82843 0
      vertex 7 -1.1 0
      vertex 1.1 -7 0
    endloop
  endfacet
  facet normal -0 0 -1
    outer loop
      vertex 7 -1.1 0
      vertex 2.82843 -2.82843 0
      vertex 6.89218 -1.0947 0
    endloop
  endfacet
  facet normal 0 -0 -1
    outer loop
      vertex 3.09204 -2.53757 0
      vertex 6.89218 -1.0947 0
      vertex 2.82843 -2.82843 0
    endloop
  endfacet
  facet normal -0 0 -1
    outer loop
      vertex 6.89218 -1.0947 0
      vertex 3.09204 -2.53757 0
      vertex 6.7854 -1.07886 0
    endloop
  endfacet
  facet normal 0 -0 -1
    outer loop
      vertex 3.32588 -2.22228 0
      vertex 6.7854 -1.07886 0
      vertex 3.09204 -2.53757 0
    endloop
  endfacet
  facet normal -0 0 -1
    outer loop
      vertex 6.7854 -1.07886 0
      vertex 3.32588 -2.22228 0
      vertex 6.68069 -1.05263 0
    endloop
  endfacet
  facet normal -0 0 -1
    outer loop
      vertex 6.68069 -1.05263 0
      vertex 3.32588 -2.22228 0
      vertex 6.57905 -1.01627 0
    endloop
  endfacet
  facet normal 0 0 -1
    outer loop
      vertex 4 0 0
      vertex 5.9 0 0
      vertex 5.9053 -0.107819 0
    endloop
  endfacet
  facet normal 0 0 -1
    outer loop
      vertex 5.9 0 0
      vertex 4 0 0
      vertex 3.98074 0.392068 0
    endloop
  endfacet
  facet normal 0 0 -1
    outer loop
      vertex 3.98074 -0.392068 0
      vertex 5.9053 -0.107819 0
      vertex 5.92114 -0.214599 0
    endloop
  endfacet
  facet normal 0 0 -1
    outer loop
      vertex 3.98074 -0.392068 0
      vertex 5.92114 -0.214599 0
      vertex 5.94736 -0.319313 0
    endloop
  endfacet
  facet normal 0 0 -1
    outer loop
      vertex 3.98074 -0.392068 0
      vertex 5.94736 -0.319313 0
      vertex 5.98373 -0.420951 0
    endloop
  endfacet
  facet normal 0 0 -1
    outer loop
      vertex 3.92314 -0.780361 0
      vertex 5.98373 -0.420951 0
      vertex 6.02989 -0.518536 0
    endloop
  endfacet
  facet normal 0 -0 -1
    outer loop
      vertex 3.52768 -1.88559 0
      vertex 6.57905 -1.01627 0
      vertex 3.32588 -2.22228 0
    endloop
  endfacet
  facet normal -0 0 -1
    outer loop
      vertex 5.9053 -0.107819 0
      vertex 3.98074 -0.392068 0
      vertex 4 0 0
    endloop
  endfacet
  facet normal -0 0 -1
    outer loop
      vertex 5.98373 -0.420951 0
      vertex 3.92314 -0.780361 0
      vertex 3.98074 -0.392068 0
    endloop
  endfacet
  facet normal -0 0 -1
    outer loop
      vertex 6.08538 -0.611127 0
      vertex 3.92314 -0.780361 0
      vertex 6.02989 -0.518536 0
    endloop
  endfacet
  facet normal 0 -0 -1
    outer loop
      vertex 3.92314 -0.780361 0
      vertex 6.08538 -0.611127 0
      vertex 3.82776 -1.16114 0
    endloop
  endfacet
  facet normal -0 0 -1
    outer loop
      vertex 6.14969 -0.697832 0
      vertex 3.82776 -1.16114 0
      vertex 6.08538 -0.611127 0
    endloop
  endfacet
  facet normal -0 0 -1
    outer loop
      vertex 6.48146 -0.970113 0
      vertex 3.52768 -1.88559 0
      vertex 6.38887 -0.914616 0
    endloop
  endfacet
  facet normal -0 0 -1
    outer loop
      vertex 6.38887 -0.914616 0
      vertex 3.69552 -1.53073 0
      vertex 6.30217 -0.850311 0
    endloop
  endfacet
  facet normal 0 -0 -1
    outer loop
      vertex 3.82776 -1.16114 0
      vertex 6.22218 -0.777817 0
      vertex 3.69552 -1.53073 0
    endloop
  endfacet
  facet normal -0 0 -1
    outer loop
      vertex 6.30217 -0.850311 0
      vertex 3.69552 -1.53073 0
      vertex 6.22218 -0.777817 0
    endloop
  endfacet
  facet normal 0 -0 -1
    outer loop
      vertex 3.69552 -1.53073 0
      vertex 6.38887 -0.914616 0
      vertex 3.52768 -1.88559 0
    endloop
  endfacet
  facet normal 0 0 -1
    outer loop
      vertex 1.0947 -6.89218 0
      vertex 2.82843 -2.82843 0
      vertex 1.1 -7 0
    endloop
  endfacet
  facet normal 0 0 -1
    outer loop
      vertex 2.82843 -2.82843 0
      vertex 1.0947 -6.89218 0
      vertex 2.53757 -3.09204 0
    endloop
  endfacet
  facet normal 0 0 -1
    outer loop
      vertex 2.53757 -3.09204 0
      vertex 1.07886 -6.7854 0
      vertex 2.22228 -3.32588 0
    endloop
  endfacet
  facet normal 0 0 -1
    outer loop
      vertex 1.07886 -6.7854 0
      vertex 2.53757 -3.09204 0
      vertex 1.0947 -6.89218 0
    endloop
  endfacet
  facet normal -0 0 -1
    outer loop
      vertex 6.22218 -0.777817 0
      vertex 3.82776 -1.16114 0
      vertex 6.14969 -0.697832 0
    endloop
  endfacet
  facet normal -0 0 -1
    outer loop
      vertex 6.57905 -1.01627 0
      vertex 3.52768 -1.88559 0
      vertex 6.48146 -0.970113 0
    endloop
  endfacet
  facet normal 0 0 -1
    outer loop
      vertex 11.1078 -1.0947 0
      vertex 1.0947 -11.1078 0
      vertex 11 -1.1 0
    endloop
  endfacet
  facet normal 0 0 -1
    outer loop
      vertex 11.2146 -1.07886 0
      vertex 1.07886 -11.2146 0
      vertex 11.1078 -1.0947 0
    endloop
  endfacet
  facet normal 0 0 -1
    outer loop
      vertex 38.3327 -15.3317 0
      vertex 0.970113 -11.5185 0
      vertex 1.01627 -11.421 0
    endloop
  endfacet
  facet normal 0 0 -1
    outer loop
      vertex 28 -38 0
      vertex 0.914616 -11.6111 0
      vertex 0.970113 -11.5185 0
    endloop
  endfacet
  facet normal 0 0 -1
    outer loop
      vertex 28 -38 0
      vertex 0.850311 -11.6978 0
      vertex 0.914616 -11.6111 0
    endloop
  endfacet
  facet normal 0 0 -1
    outer loop
      vertex 28 -38 0
      vertex 0.777817 -11.7778 0
      vertex 0.850311 -11.6978 0
    endloop
  endfacet
  facet normal 0 0 -1
    outer loop
      vertex 28 -38 0
      vertex 0.697832 -11.8503 0
      vertex 0.777817 -11.7778 0
    endloop
  endfacet
  facet normal 0 0 -1
    outer loop
      vertex 28 -38 0
      vertex 0.611127 -11.9146 0
      vertex 0.697832 -11.8503 0
    endloop
  endfacet
  facet normal 0 0 -1
    outer loop
      vertex 28 -38 0
      vertex 0.518536 -11.9701 0
      vertex 0.611127 -11.9146 0
    endloop
  endfacet
  facet normal 0 0 -1
    outer loop
      vertex 28 -38 0
      vertex 0.420951 -12.0163 0
      vertex 0.518536 -11.9701 0
    endloop
  endfacet
  facet normal 0 0 -1
    outer loop
      vertex 28 -38 0
      vertex 0.319313 -12.0526 0
      vertex 0.420951 -12.0163 0
    endloop
  endfacet
  facet normal 0 0 -1
    outer loop
      vertex 28 -38 0
      vertex 0.214599 -12.0789 0
      vertex 0.319313 -12.0526 0
    endloop
  endfacet
  facet normal 0 0 -1
    outer loop
      vertex 28 -38 0
      vertex 0.107819 -12.0947 0
      vertex 0.214599 -12.0789 0
    endloop
  endfacet
  facet normal 0 0 -1
    outer loop
      vertex 28 -38 0
      vertex 0 -12.1 0
      vertex 0.107819 -12.0947 0
    endloop
  endfacet
  facet normal 0 0 -1
    outer loop
      vertex 28 -38 0
      vertex -0.107819 -12.0947 0
      vertex 0 -12.1 0
    endloop
  endfacet
  facet normal 0 0 -1
    outer loop
      vertex 28 -38 0
      vertex -0.214599 -12.0789 0
      vertex -0.107819 -12.0947 0
    endloop
  endfacet
  facet normal 0 0 -1
    outer loop
      vertex 28 -38 0
      vertex -0.319313 -12.0526 0
      vertex -0.214599 -12.0789 0
    endloop
  endfacet
  facet normal 0 0 -1
    outer loop
      vertex -8.24711 -10.0491 0
      vertex -0.319313 -12.0526 0
      vertex 28 -38 0
    endloop
  endfacet
  facet normal 0 0 -1
    outer loop
      vertex -0.319313 -12.0526 0
      vertex -8.24711 -10.0491 0
      vertex -0.420951 -12.0163 0
    endloop
  endfacet
  facet normal 0 0 -1
    outer loop
      vertex -0.420951 -12.0163 0
      vertex -8.24711 -10.0491 0
      vertex -0.518536 -11.9701 0
    endloop
  endfacet
  facet normal 0 0 -1
    outer loop
      vertex -0.518536 -11.9701 0
      vertex -8.24711 -10.0491 0
      vertex -0.611127 -11.9146 0
    endloop
  endfacet
  facet normal 0 0 -1
    outer loop
      vertex -0.611127 -11.9146 0
      vertex -8.24711 -10.0491 0
      vertex -0.697832 -11.8503 0
    endloop
  endfacet
  facet normal 0 0 -1
    outer loop
      vertex -8.24711 -10.0491 0
      vertex -1.1 -7 0
      vertex -1.1 -11 0
    endloop
  endfacet
  facet normal 0 0 -1
    outer loop
      vertex -1.1 -7 0
      vertex -1.53073 -3.69552 0
      vertex -1.16114 -3.82776 0
    endloop
  endfacet
  facet normal 0 0 -1
    outer loop
      vertex -8.24711 -10.0491 0
      vertex -1.1 -11 0
      vertex -1.0947 -11.1078 0
    endloop
  endfacet
  facet normal 0 0 -1
    outer loop
      vertex -1.1 -7 0
      vertex -1.88559 -3.52768 0
      vertex -1.53073 -3.69552 0
    endloop
  endfacet
  facet normal 0 -0 -1
    outer loop
      vertex -2.53757 -3.09204 0
      vertex -1.1 -7 0
      vertex -8.24711 -10.0491 0
    endloop
  endfacet
  facet normal 0 0 -1
    outer loop
      vertex -1.1 -7 0
      vertex -2.22228 -3.32588 0
      vertex -1.88559 -3.52768 0
    endloop
  endfacet
  facet normal 0 0 -1
    outer loop
      vertex -8.24711 -10.0491 0
      vertex -1.0947 -11.1078 0
      vertex -1.07886 -11.2146 0
    endloop
  endfacet
  facet normal 0 0 -1
    outer loop
      vertex -1.1 -7 0
      vertex -2.53757 -3.09204 0
      vertex -2.22228 -3.32588 0
    endloop
  endfacet
  facet normal -0 0 -1
    outer loop
      vertex -2.53757 -3.09204 0
      vertex -8.24711 -10.0491 0
      vertex -2.82843 -2.82843 0
    endloop
  endfacet
  facet normal 0 0 -1
    outer loop
      vertex -9.19239 -9.19239 0
      vertex -2.82843 -2.82843 0
      vertex -8.24711 -10.0491 0
    endloop
  endfacet
  facet normal -0 0 -1
    outer loop
      vertex -2.82843 -2.82843 0
      vertex -9.19239 -9.19239 0
      vertex -3.09204 -2.53757 0
    endloop
  endfacet
  facet normal 0 0 -1
    outer loop
      vertex -8.24711 -10.0491 0
      vertex -1.07886 -11.2146 0
      vertex -1.05263 -11.3193 0
    endloop
  endfacet
  facet normal 0 0 -1
    outer loop
      vertex -10.0491 -8.24711 0
      vertex -3.09204 -2.53757 0
      vertex -9.19239 -9.19239 0
    endloop
  endfacet
  facet normal 0 -0 -1
    outer loop
      vertex -6.89218 -1.0947 0
      vertex -3.09204 -2.53757 0
      vertex -10.0491 -8.24711 0
    endloop
  endfacet
  facet normal 0 0 -1
    outer loop
      vertex -5.9053 -0.107819 0
      vertex -4 0 0
      vertex -3.98074 -0.392068 0
    endloop
  endfacet
  facet normal 0 0 -1
    outer loop
      vertex -5.9053 0.107819 0
      vertex -4 0 0
      vertex -5.9 0 0
    endloop
  endfacet
  facet normal 0 0 -1
    outer loop
      vertex -5.98373 -0.420951 0
      vertex -3.98074 -0.392068 0
      vertex -3.92314 -0.780361 0
    endloop
  endfacet
  facet normal 0 0 -1
    outer loop
      vertex -6.08538 -0.611127 0
      vertex -3.92314 -0.780361 0
      vertex -3.82776 -1.16114 0
    endloop
  endfacet
  facet normal 0 -0 -1
    outer loop
      vertex -6.68069 -1.05263 0
      vertex -3.32588 -2.22228 0
      vertex -6.7854 -1.07886 0
    endloop
  endfacet
  facet normal 0 0 -1
    outer loop
      vertex -8.24711 -10.0491 0
      vertex -1.05263 -11.3193 0
      vertex -1.01627 -11.421 0
    endloop
  endfacet
  facet normal -0 0 -1
    outer loop
      vertex -4 0 0
      vertex -5.9053 -0.107819 0
      vertex -5.9 0 0
    endloop
  endfacet
  facet normal 0 0 -1
    outer loop
      vertex -3.98074 -0.392068 0
      vertex -5.92114 -0.214599 0
      vertex -5.9053 -0.107819 0
    endloop
  endfacet
  facet normal 0 0 -1
    outer loop
      vertex -3.98074 -0.392068 0
      vertex -5.94736 -0.319313 0
      vertex -5.92114 -0.214599 0
    endloop
  endfacet
  facet normal -0 0 -1
    outer loop
      vertex -3.98074 -0.392068 0
      vertex -5.98373 -0.420951 0
      vertex -5.94736 -0.319313 0
    endloop
  endfacet
  facet normal 0 0 -1
    outer loop
      vertex -3.92314 -0.780361 0
      vertex -6.02989 -0.518536 0
      vertex -5.98373 -0.420951 0
    endloop
  endfacet
  facet normal 0 0 -1
    outer loop
      vertex -3.92314 -0.780361 0
      vertex -6.08538 -0.611127 0
      vertex -6.02989 -0.518536 0
    endloop
  endfacet
  facet normal 0 0 -1
    outer loop
      vertex -3.82776 -1.16114 0
      vertex -6.14969 -0.697832 0
      vertex -6.08538 -0.611127 0
    endloop
  endfacet
  facet normal 0 0 -1
    outer loop
      vertex -8.24711 -10.0491 0
      vertex -1.01627 -11.421 0
      vertex -0.970113 -11.5185 0
    endloop
  endfacet
  facet normal 0 0 -1
    outer loop
      vertex -3.82776 -1.16114 0
      vertex -6.22218 -0.777817 0
      vertex -6.14969 -0.697832 0
    endloop
  endfacet
  facet normal 0 0 -1
    outer loop
      vertex -3.69552 -1.53073 0
      vertex -6.22218 -0.777817 0
      vertex -3.82776 -1.16114 0
    endloop
  endfacet
  facet normal 0 -0 -1
    outer loop
      vertex -6.22218 -0.777817 0
      vertex -3.69552 -1.53073 0
      vertex -6.30217 -0.850311 0
    endloop
  endfacet
  facet normal 0 -0 -1
    outer loop
      vertex -6.30217 -0.850311 0
      vertex -3.69552 -1.53073 0
      vertex -6.38887 -0.914616 0
    endloop
  endfacet
  facet normal 0 -0 -1
    outer loop
      vertex -6.57905 -1.01627 0
      vertex -3.32588 -2.22228 0
      vertex -6.68069 -1.05263 0
    endloop
  endfacet
  facet normal 0 0 -1
    outer loop
      vertex -3.52768 -1.88559 0
      vertex -6.38887 -0.914616 0
      vertex -3.69552 -1.53073 0
    endloop
  endfacet
  facet normal 0 -0 -1
    outer loop
      vertex -6.38887 -0.914616 0
      vertex -3.52768 -1.88559 0
      vertex -6.48146 -0.970113 0
    endloop
  endfacet
  facet normal 0 -0 -1
    outer loop
      vertex -6.48146 -0.970113 0
      vertex -3.52768 -1.88559 0
      vertex -6.57905 -1.01627 0
    endloop
  endfacet
  facet normal 0 0 -1
    outer loop
      vertex -3.32588 -2.22228 0
      vertex -6.57905 -1.01627 0
      vertex -3.52768 -1.88559 0
    endloop
  endfacet
  facet normal 0 0 -1
    outer loop
      vertex -0.697832 -11.8503 0
      vertex -8.24711 -10.0491 0
      vertex -0.777817 -11.7778 0
    endloop
  endfacet
  facet normal 0 0 -1
    outer loop
      vertex -8.24711 -10.0491 0
      vertex -0.850311 -11.6978 0
      vertex -0.777817 -11.7778 0
    endloop
  endfacet
  facet normal 0 0 -1
    outer loop
      vertex -8.24711 -10.0491 0
      vertex -0.914616 -11.6111 0
      vertex -0.850311 -11.6978 0
    endloop
  endfacet
  facet normal 0 0 -1
    outer loop
      vertex -8.24711 -10.0491 0
      vertex -0.970113 -11.5185 0
      vertex -0.914616 -11.6111 0
    endloop
  endfacet
  facet normal 0 0 -1
    outer loop
      vertex -3.09204 -2.53757 0
      vertex -6.7854 -1.07886 0
      vertex -3.32588 -2.22228 0
    endloop
  endfacet
  facet normal 0 -0 -1
    outer loop
      vertex -6.7854 -1.07886 0
      vertex -3.09204 -2.53757 0
      vertex -6.89218 -1.0947 0
    endloop
  endfacet
  facet normal 0 0 -1
    outer loop
      vertex -6.89218 -1.0947 0
      vertex -10.0491 -8.24711 0
      vertex -7 -1.1 0
    endloop
  endfacet
  facet normal 0 0 -1
    outer loop
      vertex -10.8091 -7.22241 0
      vertex -7 -1.1 0
      vertex -10.0491 -8.24711 0
    endloop
  endfacet
  facet normal 0 0 -1
    outer loop
      vertex -11.465 -6.12816 0
      vertex -7 -1.1 0
      vertex -10.8091 -7.22241 0
    endloop
  endfacet
  facet normal 0 0 -1
    outer loop
      vertex -12.0104 -4.97488 0
      vertex -7 -1.1 0
      vertex -11.465 -6.12816 0
    endloop
  endfacet
  facet normal -0 0 -1
    outer loop
      vertex -7 -1.1 0
      vertex -12.0104 -4.97488 0
      vertex -11 -1.1 0
    endloop
  endfacet
  facet normal 0 0 -1
    outer loop
      vertex -12.4402 -3.7737 0
      vertex -11 -1.1 0
      vertex -12.0104 -4.97488 0
    endloop
  endfacet
  facet normal 0 0 -1
    outer loop
      vertex -12.7502 -2.53617 0
      vertex -11 -1.1 0
      vertex -12.4402 -3.7737 0
    endloop
  endfacet
  facet normal -0 0 -1
    outer loop
      vertex -11 -1.1 0
      vertex -12.7502 -2.53617 0
      vertex -11.1078 -1.0947 0
    endloop
  endfacet
  facet normal -0 0 -1
    outer loop
      vertex -11.1078 -1.0947 0
      vertex -12.7502 -2.53617 0
      vertex -11.2146 -1.07886 0
    endloop
  endfacet
  facet normal -0 0 -1
    outer loop
      vertex -11.2146 -1.07886 0
      vertex -12.7502 -2.53617 0
      vertex -11.3193 -1.05263 0
    endloop
  endfacet
  facet normal -0 0 -1
    outer loop
      vertex -11.3193 -1.05263 0
      vertex -12.7502 -2.53617 0
      vertex -11.421 -1.01627 0
    endloop
  endfacet
  facet normal -0 0 -1
    outer loop
      vertex -11.421 -1.01627 0
      vertex -12.7502 -2.53617 0
      vertex -11.5185 -0.970113 0
    endloop
  endfacet
  facet normal -0 0 -1
    outer loop
      vertex -11.5185 -0.970113 0
      vertex -12.7502 -2.53617 0
      vertex -11.6111 -0.914616 0
    endloop
  endfacet
  facet normal 0 0 -1
    outer loop
      vertex -12.9374 -1.27422 0
      vertex -11.6111 -0.914616 0
      vertex -12.7502 -2.53617 0
    endloop
  endfacet
  facet normal -0 0 -1
    outer loop
      vertex -11.6111 -0.914616 0
      vertex -12.9374 -1.27422 0
      vertex -11.6978 -0.850311 0
    endloop
  endfacet
  facet normal -0 0 -1
    outer loop
      vertex -11.6978 -0.850311 0
      vertex -12.9374 -1.27422 0
      vertex -11.7778 -0.777817 0
    endloop
  endfacet
  facet normal -0 0 -1
    outer loop
      vertex -11.7778 -0.777817 0
      vertex -12.9374 -1.27422 0
      vertex -11.8503 -0.697832 0
    endloop
  endfacet
  facet normal -0 0 -1
    outer loop
      vertex -11.8503 -0.697832 0
      vertex -12.9374 -1.27422 0
      vertex -11.9146 -0.611127 0
    endloop
  endfacet
  facet normal -0 0 -1
    outer loop
      vertex -11.9146 -0.611127 0
      vertex -12.9374 -1.27422 0
      vertex -11.9701 -0.518536 0
    endloop
  endfacet
  facet normal -0 0 -1
    outer loop
      vertex -11.9701 -0.518536 0
      vertex -12.9374 -1.27422 0
      vertex -12.0163 -0.420951 0
    endloop
  endfacet
  facet normal 0 0 -1
    outer loop
      vertex -13 0 0
      vertex -12.0163 -0.420951 0
      vertex -12.9374 -1.27422 0
    endloop
  endfacet
  facet normal 0 0 -1
    outer loop
      vertex -12.0163 -0.420951 0
      vertex -13 0 0
      vertex -12.0526 -0.319313 0
    endloop
  endfacet
  facet normal 0 0 -1
    outer loop
      vertex 5.9 0 0
      vertex 3.98074 0.392068 0
      vertex 3.92314 0.780361 0
    endloop
  endfacet
  facet normal 0 0 -1
    outer loop
      vertex 5.9 0 0
      vertex 3.92314 0.780361 0
      vertex 3.82776 1.16114 0
    endloop
  endfacet
  facet normal 0 0 -1
    outer loop
      vertex 5.9 0 0
      vertex 3.82776 1.16114 0
      vertex 3.69552 1.53073 0
    endloop
  endfacet
  facet normal 0 0 -1
    outer loop
      vertex 5.9 0 0
      vertex 3.69552 1.53073 0
      vertex 3.52768 1.88559 0
    endloop
  endfacet
  facet normal 0 0 -1
    outer loop
      vertex 5.9 0 0
      vertex 3.52768 1.88559 0
      vertex 3.32588 2.22228 0
    endloop
  endfacet
  facet normal 0 0 -1
    outer loop
      vertex 5.9 0 0
      vertex 3.32588 2.22228 0
      vertex 4.97488 12.0104 0
    endloop
  endfacet
  facet normal 0 0 -1
    outer loop
      vertex 3.09204 2.53757 0
      vertex 4.97488 12.0104 0
      vertex 3.32588 2.22228 0
    endloop
  endfacet
  facet normal 0 0 -1
    outer loop
      vertex 2.82843 2.82843 0
      vertex 4.97488 12.0104 0
      vertex 3.09204 2.53757 0
    endloop
  endfacet
  facet normal 0 0 -1
    outer loop
      vertex 1.1 7 0
      vertex 4.97488 12.0104 0
      vertex 2.82843 2.82843 0
    endloop
  endfacet
  facet normal 0 0 -1
    outer loop
      vertex 1.0947 6.89218 0
      vertex 2.82843 2.82843 0
      vertex 2.53757 3.09204 0
    endloop
  endfacet
  facet normal 0 0 -1
    outer loop
      vertex 1.1 11 0
      vertex 4.97488 12.0104 0
      vertex 1.1 7 0
    endloop
  endfacet
  facet normal 0 0 -1
    outer loop
      vertex 1.0947 6.89218 0
      vertex 2.53757 3.09204 0
      vertex 2.22228 3.32588 0
    endloop
  endfacet
  facet normal 0 0 -1
    outer loop
      vertex 1.0947 6.89218 0
      vertex 2.22228 3.32588 0
      vertex 1.88559 3.52768 0
    endloop
  endfacet
  facet normal 0 0 -1
    outer loop
      vertex 1.0947 6.89218 0
      vertex 1.88559 3.52768 0
      vertex 1.53073 3.69552 0
    endloop
  endfacet
  facet normal -0 0 -1
    outer loop
      vertex 4.97488 12.0104 0
      vertex 1.1 11 0
      vertex 3.7737 12.4402 0
    endloop
  endfacet
  facet normal 0 0 -1
    outer loop
      vertex 0.777817 6.22218 0
      vertex 1.53073 3.69552 0
      vertex 1.16114 3.82776 0
    endloop
  endfacet
  facet normal -0 0 -1
    outer loop
      vertex 3.7737 12.4402 0
      vertex 1.1 11 0
      vertex 2.53617 12.7502 0
    endloop
  endfacet
  facet normal 0 0 -1
    outer loop
      vertex 1.0947 11.1078 0
      vertex 2.53617 12.7502 0
      vertex 1.1 11 0
    endloop
  endfacet
  facet normal 0 0 -1
    outer loop
      vertex 1.07886 11.2146 0
      vertex 2.53617 12.7502 0
      vertex 1.0947 11.1078 0
    endloop
  endfacet
  facet normal 0 0 -1
    outer loop
      vertex 1.05263 11.3193 0
      vertex 2.53617 12.7502 0
      vertex 1.07886 11.2146 0
    endloop
  endfacet
  facet normal 0 0 -1
    outer loop
      vertex 1.01627 11.421 0
      vertex 2.53617 12.7502 0
      vertex 1.05263 11.3193 0
    endloop
  endfacet
  facet normal 0 0 -1
    outer loop
      vertex 0.970113 11.5185 0
      vertex 2.53617 12.7502 0
      vertex 1.01627 11.421 0
    endloop
  endfacet
  facet normal -0 0 -1
    outer loop
      vertex 2.53617 12.7502 0
      vertex 0.970113 11.5185 0
      vertex 1.27422 12.9374 0
    endloop
  endfacet
  facet normal 0 0 -1
    outer loop
      vertex 0.914616 11.6111 0
      vertex 1.27422 12.9374 0
      vertex 0.970113 11.5185 0
    endloop
  endfacet
  facet normal 0 0 -1
    outer loop
      vertex 0.850311 11.6978 0
      vertex 1.27422 12.9374 0
      vertex 0.914616 11.6111 0
    endloop
  endfacet
  facet normal 0 0 -1
    outer loop
      vertex 0.777817 11.7778 0
      vertex 1.27422 12.9374 0
      vertex 0.850311 11.6978 0
    endloop
  endfacet
  facet normal 0 0 -1
    outer loop
      vertex 0.697832 11.8503 0
      vertex 1.27422 12.9374 0
      vertex 0.777817 11.7778 0
    endloop
  endfacet
  facet normal 0 0 -1
    outer loop
      vertex 0.611127 11.9146 0
      vertex 1.27422 12.9374 0
      vertex 0.697832 11.8503 0
    endloop
  endfacet
  facet normal 0 0 -1
    outer loop
      vertex 0.518536 11.9701 0
      vertex 1.27422 12.9374 0
      vertex 0.611127 11.9146 0
    endloop
  endfacet
  facet normal 0 0 -1
    outer loop
      vertex 0.420951 12.0163 0
      vertex 1.27422 12.9374 0
      vertex 0.518536 11.9701 0
    endloop
  endfacet
  facet normal 0 0 -1
    outer loop
      vertex 0 13 0
      vertex 0.420951 12.0163 0
      vertex 0.319313 12.0526 0
    endloop
  endfacet
  facet normal 0 0 -1
    outer loop
      vertex 0 13 0
      vertex 0.319313 12.0526 0
      vertex 0.214599 12.0789 0
    endloop
  endfacet
  facet normal 0 0 -1
    outer loop
      vertex 0 13 0
      vertex 0.214599 12.0789 0
      vertex 0.107819 12.0947 0
    endloop
  endfacet
  facet normal 0 0 -1
    outer loop
      vertex 0 13 0
      vertex 0.107819 12.0947 0
      vertex 0 12.1 0
    endloop
  endfacet
  facet normal 0 0 -1
    outer loop
      vertex 0.420951 12.0163 0
      vertex 0 13 0
      vertex 1.27422 12.9374 0
    endloop
  endfacet
  facet normal 0 0 -1
    outer loop
      vertex -0.107819 12.0947 0
      vertex 0 13 0
      vertex 0 12.1 0
    endloop
  endfacet
  facet normal 0 0 -1
    outer loop
      vertex -0.214599 12.0789 0
      vertex 0 13 0
      vertex -0.107819 12.0947 0
    endloop
  endfacet
  facet normal 0 0 -1
    outer loop
      vertex -0.319313 12.0526 0
      vertex 0 13 0
      vertex -0.214599 12.0789 0
    endloop
  endfacet
  facet normal 0 0 -1
    outer loop
      vertex -0.420951 12.0163 0
      vertex 0 13 0
      vertex -0.319313 12.0526 0
    endloop
  endfacet
  facet normal 0 0 -1
    outer loop
      vertex -1.27422 12.9374 0
      vertex -0.420951 12.0163 0
      vertex -0.518536 11.9701 0
    endloop
  endfacet
  facet normal 0 0 -1
    outer loop
      vertex -1.27422 12.9374 0
      vertex -0.518536 11.9701 0
      vertex -0.611127 11.9146 0
    endloop
  endfacet
  facet normal 0 0 -1
    outer loop
      vertex -1.27422 12.9374 0
      vertex -0.611127 11.9146 0
      vertex -0.697832 11.8503 0
    endloop
  endfacet
  facet normal 0 0 -1
    outer loop
      vertex -1.27422 12.9374 0
      vertex -0.697832 11.8503 0
      vertex -0.777817 11.7778 0
    endloop
  endfacet
  facet normal 0 0 -1
    outer loop
      vertex -1.27422 12.9374 0
      vertex -0.777817 11.7778 0
      vertex -0.850311 11.6978 0
    endloop
  endfacet
  facet normal 0 0 -1
    outer loop
      vertex -1.27422 12.9374 0
      vertex -0.850311 11.6978 0
      vertex -0.914616 11.6111 0
    endloop
  endfacet
  facet normal 0 0 -1
    outer loop
      vertex -0.420951 12.0163 0
      vertex -1.27422 12.9374 0
      vertex 0 13 0
    endloop
  endfacet
  facet normal 0 0 -1
    outer loop
      vertex -0.970113 11.5185 0
      vertex -1.27422 12.9374 0
      vertex -0.914616 11.6111 0
    endloop
  endfacet
  facet normal 0 0 -1
    outer loop
      vertex -2.53617 12.7502 0
      vertex -0.970113 11.5185 0
      vertex -1.01627 11.421 0
    endloop
  endfacet
  facet normal 0 0 -1
    outer loop
      vertex -2.53617 12.7502 0
      vertex -1.01627 11.421 0
      vertex -1.05263 11.3193 0
    endloop
  endfacet
  facet normal 0 0 -1
    outer loop
      vertex -2.53617 12.7502 0
      vertex -1.05263 11.3193 0
      vertex -1.07886 11.2146 0
    endloop
  endfacet
  facet normal 0 0 -1
    outer loop
      vertex -2.53617 12.7502 0
      vertex -1.07886 11.2146 0
      vertex -1.0947 11.1078 0
    endloop
  endfacet
  facet normal 0 0 -1
    outer loop
      vertex -2.53617 12.7502 0
      vertex -1.0947 11.1078 0
      vertex -1.1 11 0
    endloop
  endfacet
  facet normal 0 0 -1
    outer loop
      vertex -2.53757 3.09204 0
      vertex -1.07886 6.7854 0
      vertex -2.22228 3.32588 0
    endloop
  endfacet
  facet normal -0 0 -1
    outer loop
      vertex -1.07886 6.7854 0
      vertex -2.53757 3.09204 0
      vertex -1.0947 6.89218 0
    endloop
  endfacet
  facet normal 0 0 -1
    outer loop
      vertex -1.1 7 0
      vertex -4.97488 12.0104 0
      vertex -1.1 11 0
    endloop
  endfacet
  facet normal 0 0 -1
    outer loop
      vertex -2.82843 2.82843 0
      vertex -1.0947 6.89218 0
      vertex -2.53757 3.09204 0
    endloop
  endfacet
  facet normal 0 0 -1
    outer loop
      vertex -0.970113 11.5185 0
      vertex -2.53617 12.7502 0
      vertex -1.27422 12.9374 0
    endloop
  endfacet
  facet normal -0 0 -1
    outer loop
      vertex -1.0947 6.89218 0
      vertex -2.82843 2.82843 0
      vertex -1.1 7 0
    endloop
  endfacet
  facet normal -0 0 -1
    outer loop
      vertex -1.1 7 0
      vertex -2.82843 2.82843 0
      vertex -4.97488 12.0104 0
    endloop
  endfacet
  facet normal 0 0 -1
    outer loop
      vertex -4.97488 12.0104 0
      vertex -2.82843 2.82843 0
      vertex -3.09204 2.53757 0
    endloop
  endfacet
  facet normal 0 0 -1
    outer loop
      vertex -4.97488 12.0104 0
      vertex -3.09204 2.53757 0
      vertex -3.32588 2.22228 0
    endloop
  endfacet
  facet normal 0 0 -1
    outer loop
      vertex -6.02989 0.518536 0
      vertex -3.92314 0.780361 0
      vertex -5.98373 0.420951 0
    endloop
  endfacet
  facet normal 0 0 -1
    outer loop
      vertex -3.98074 0.392068 0
      vertex -5.98373 0.420951 0
      vertex -3.92314 0.780361 0
    endloop
  endfacet
  facet normal 0 0 -1
    outer loop
      vertex -1.1 11 0
      vertex -3.7737 12.4402 0
      vertex -2.53617 12.7502 0
    endloop
  endfacet
  facet normal 0 0 -1
    outer loop
      vertex -5.98373 0.420951 0
      vertex -3.98074 0.392068 0
      vertex -5.94736 0.319313 0
    endloop
  endfacet
  facet normal 0 0 -1
    outer loop
      vertex -5.94736 0.319313 0
      vertex -3.98074 0.392068 0
      vertex -5.92114 0.214599 0
    endloop
  endfacet
  facet normal 0 0 -1
    outer loop
      vertex -5.92114 0.214599 0
      vertex -3.98074 0.392068 0
      vertex -5.9053 0.107819 0
    endloop
  endfacet
  facet normal 0 0 -1
    outer loop
      vertex -5.9053 0.107819 0
      vertex -3.98074 0.392068 0
      vertex -4 0 0
    endloop
  endfacet
  facet normal 0 0 -1
    outer loop
      vertex -1.1 11 0
      vertex -4.97488 12.0104 0
      vertex -3.7737 12.4402 0
    endloop
  endfacet
  facet normal 0 0 -1
    outer loop
      vertex 1.05263 -6.68069 0
      vertex 2.22228 -3.32588 0
      vertex 1.07886 -6.7854 0
    endloop
  endfacet
  facet normal 0 0 -1
    outer loop
      vertex 1.01627 -6.57905 0
      vertex 2.22228 -3.32588 0
      vertex 1.05263 -6.68069 0
    endloop
  endfacet
  facet normal 0 0 -1
    outer loop
      vertex 2.22228 -3.32588 0
      vertex 1.01627 -6.57905 0
      vertex 1.88559 -3.52768 0
    endloop
  endfacet
  facet normal 0 0 -1
    outer loop
      vertex 0.970113 -6.48146 0
      vertex 1.88559 -3.52768 0
      vertex 1.01627 -6.57905 0
    endloop
  endfacet
  facet normal 0 0 -1
    outer loop
      vertex 0.914616 -6.38887 0
      vertex 1.88559 -3.52768 0
      vertex 0.970113 -6.48146 0
    endloop
  endfacet
  facet normal 0 0 -1
    outer loop
      vertex 1.88559 -3.52768 0
      vertex 0.914616 -6.38887 0
      vertex 1.53073 -3.69552 0
    endloop
  endfacet
  facet normal 0 0 -1
    outer loop
      vertex 0.850311 -6.30217 0
      vertex 1.53073 -3.69552 0
      vertex 0.914616 -6.38887 0
    endloop
  endfacet
  facet normal 0 0 -1
    outer loop
      vertex 0.777817 -6.22218 0
      vertex 1.53073 -3.69552 0
      vertex 0.850311 -6.30217 0
    endloop
  endfacet
  facet normal 0 0 -1
    outer loop
      vertex 1.53073 -3.69552 0
      vertex 0.777817 -6.22218 0
      vertex 1.16114 -3.82776 0
    endloop
  endfacet
  facet normal 0 0 -1
    outer loop
      vertex 0.697832 -6.14969 0
      vertex 1.16114 -3.82776 0
      vertex 0.777817 -6.22218 0
    endloop
  endfacet
  facet normal 0 0 -1
    outer loop
      vertex 0.611127 -6.08538 0
      vertex 1.16114 -3.82776 0
      vertex 0.697832 -6.14969 0
    endloop
  endfacet
  facet normal 0 0 -1
    outer loop
      vertex 1.16114 -3.82776 0
      vertex 0.611127 -6.08538 0
      vertex 0.780361 -3.92314 0
    endloop
  endfacet
  facet normal 0 0 -1
    outer loop
      vertex 0.518536 -6.02989 0
      vertex 0.780361 -3.92314 0
      vertex 0.611127 -6.08538 0
    endloop
  endfacet
  facet normal 0 0 -1
    outer loop
      vertex 0.420951 -5.98373 0
      vertex 0.780361 -3.92314 0
      vertex 0.518536 -6.02989 0
    endloop
  endfacet
  facet normal 0 0 -1
    outer loop
      vertex 0.420951 -5.98373 0
      vertex 0.392068 -3.98074 0
      vertex 0.780361 -3.92314 0
    endloop
  endfacet
  facet normal 0 0 -1
    outer loop
      vertex 0.319313 -5.94736 0
      vertex 0.392068 -3.98074 0
      vertex 0.420951 -5.98373 0
    endloop
  endfacet
  facet normal 0 0 -1
    outer loop
      vertex 0.214599 -5.92114 0
      vertex 0.392068 -3.98074 0
      vertex 0.319313 -5.94736 0
    endloop
  endfacet
  facet normal 0 0 -1
    outer loop
      vertex 0.107819 -5.9053 0
      vertex 0.392068 -3.98074 0
      vertex 0.214599 -5.92114 0
    endloop
  endfacet
  facet normal 0 0 -1
    outer loop
      vertex 0 -4 0
      vertex 0.107819 -5.9053 0
      vertex 0 -5.9 0
    endloop
  endfacet
  facet normal 0 0 -1
    outer loop
      vertex 0.107819 -5.9053 0
      vertex 0 -4 0
      vertex 0.392068 -3.98074 0
    endloop
  endfacet
  facet normal 0 0 -1
    outer loop
      vertex -0.107819 -5.9053 0
      vertex 0 -4 0
      vertex 0 -5.9 0
    endloop
  endfacet
  facet normal 0 0 -1
    outer loop
      vertex -0.392068 -3.98074 0
      vertex -0.107819 -5.9053 0
      vertex -0.214599 -5.92114 0
    endloop
  endfacet
  facet normal 0 0 -1
    outer loop
      vertex -0.392068 -3.98074 0
      vertex -0.214599 -5.92114 0
      vertex -0.319313 -5.94736 0
    endloop
  endfacet
  facet normal 0 0 -1
    outer loop
      vertex -0.107819 -5.9053 0
      vertex -0.392068 -3.98074 0
      vertex 0 -4 0
    endloop
  endfacet
  facet normal 0 0 -1
    outer loop
      vertex -0.420951 -5.98373 0
      vertex -0.392068 -3.98074 0
      vertex -0.319313 -5.94736 0
    endloop
  endfacet
  facet normal 0 0 -1
    outer loop
      vertex -0.780361 -3.92314 0
      vertex -0.420951 -5.98373 0
      vertex -0.518536 -6.02989 0
    endloop
  endfacet
  facet normal 0 0 -1
    outer loop
      vertex -0.780361 -3.92314 0
      vertex -0.518536 -6.02989 0
      vertex -0.611127 -6.08538 0
    endloop
  endfacet
  facet normal 0 0 -1
    outer loop
      vertex -1.16114 -3.82776 0
      vertex -0.611127 -6.08538 0
      vertex -0.697832 -6.14969 0
    endloop
  endfacet
  facet normal 0 0 -1
    outer loop
      vertex -1.16114 -3.82776 0
      vertex -0.697832 -6.14969 0
      vertex -0.777817 -6.22218 0
    endloop
  endfacet
  facet normal 0 0 -1
    outer loop
      vertex -0.420951 -5.98373 0
      vertex -0.780361 -3.92314 0
      vertex -0.392068 -3.98074 0
    endloop
  endfacet
  facet normal 0 0 -1
    outer loop
      vertex -1.16114 -3.82776 0
      vertex -0.777817 -6.22218 0
      vertex -0.850311 -6.30217 0
    endloop
  endfacet
  facet normal 0 0 -1
    outer loop
      vertex -1.16114 -3.82776 0
      vertex -0.850311 -6.30217 0
      vertex -0.914616 -6.38887 0
    endloop
  endfacet
  facet normal 0 0 -1
    outer loop
      vertex -1.16114 -3.82776 0
      vertex -0.914616 -6.38887 0
      vertex -0.970113 -6.48146 0
    endloop
  endfacet
  facet normal 0 0 -1
    outer loop
      vertex -1.16114 -3.82776 0
      vertex -0.970113 -6.48146 0
      vertex -1.01627 -6.57905 0
    endloop
  endfacet
  facet normal 0 0 -1
    outer loop
      vertex -1.16114 -3.82776 0
      vertex -1.01627 -6.57905 0
      vertex -1.05263 -6.68069 0
    endloop
  endfacet
  facet normal 0 0 -1
    outer loop
      vertex -1.16114 -3.82776 0
      vertex -1.05263 -6.68069 0
      vertex -1.07886 -6.7854 0
    endloop
  endfacet
  facet normal 0 0 -1
    outer loop
      vertex -1.16114 -3.82776 0
      vertex -1.07886 -6.7854 0
      vertex -1.0947 -6.89218 0
    endloop
  endfacet
  facet normal 0 0 -1
    outer loop
      vertex -0.611127 -6.08538 0
      vertex -1.16114 -3.82776 0
      vertex -0.780361 -3.92314 0
    endloop
  endfacet
  facet normal 0 0 -1
    outer loop
      vertex -1.16114 -3.82776 0
      vertex -1.0947 -6.89218 0
      vertex -1.1 -7 0
    endloop
  endfacet
  facet normal 0 0 -1
    outer loop
      vertex 41.6268 -34.5065 0
      vertex 52 -38 0
      vertex 41.6673 -34.6683 0
    endloop
  endfacet
  facet normal 0 0 -1
    outer loop
      vertex 52 -12 0
      vertex 41.6918 -15.1666 0
      vertex 41.7 -15 0
    endloop
  endfacet
  facet normal 0 0 -1
    outer loop
      vertex 41.5706 -34.3494 0
      vertex 52 -38 0
      vertex 41.6268 -34.5065 0
    endloop
  endfacet
  facet normal 0 0 -1
    outer loop
      vertex 52 -12 0
      vertex 41.6673 -15.3317 0
      vertex 41.6918 -15.1666 0
    endloop
  endfacet
  facet normal 0 0 -1
    outer loop
      vertex 41.4993 -34.1986 0
      vertex 52 -38 0
      vertex 41.5706 -34.3494 0
    endloop
  endfacet
  facet normal 0 0 -1
    outer loop
      vertex 52 -12 0
      vertex 41.6268 -15.4935 0
      vertex 41.6673 -15.3317 0
    endloop
  endfacet
  facet normal 0 0 -1
    outer loop
      vertex 41.4135 -34.0555 0
      vertex 52 -38 0
      vertex 41.4993 -34.1986 0
    endloop
  endfacet
  facet normal 0 0 -1
    outer loop
      vertex 52 -12 0
      vertex 41.5706 -15.6506 0
      vertex 41.6268 -15.4935 0
    endloop
  endfacet
  facet normal 0 0 -1
    outer loop
      vertex 41.3141 -33.9215 0
      vertex 52 -38 0
      vertex 41.4135 -34.0555 0
    endloop
  endfacet
  facet normal 0 0 -1
    outer loop
      vertex 52 -12 0
      vertex 41.4993 -15.8014 0
      vertex 41.5706 -15.6506 0
    endloop
  endfacet
  facet normal 0 0 -1
    outer loop
      vertex 52 -38 0
      vertex 41.3141 -33.9215 0
      vertex 52 -12 0
    endloop
  endfacet
  facet normal 0 0 -1
    outer loop
      vertex 52 -12 0
      vertex 41.4135 -15.9445 0
      vertex 41.4993 -15.8014 0
    endloop
  endfacet
  facet normal 0 0 -1
    outer loop
      vertex 41.3141 -16.0785 0
      vertex 52 -12 0
      vertex 41.3141 -33.9215 0
    endloop
  endfacet
  facet normal 0 0 -1
    outer loop
      vertex 52 -12 0
      vertex 41.3141 -16.0785 0
      vertex 41.4135 -15.9445 0
    endloop
  endfacet
  facet normal 0 0 -1
    outer loop
      vertex 41.2021 -33.7979 0
      vertex 41.3141 -16.0785 0
      vertex 41.3141 -33.9215 0
    endloop
  endfacet
  facet normal 0 0 -1
    outer loop
      vertex 41.2021 -33.7979 0
      vertex 41.2021 -16.2021 0
      vertex 41.3141 -16.0785 0
    endloop
  endfacet
  facet normal 0 0 -1
    outer loop
      vertex 41.0785 -33.6859 0
      vertex 41.2021 -16.2021 0
      vertex 41.2021 -33.7979 0
    endloop
  endfacet
  facet normal 0 0 -1
    outer loop
      vertex 41.0785 -33.6859 0
      vertex 41.0785 -16.3141 0
      vertex 41.2021 -16.2021 0
    endloop
  endfacet
  facet normal 0 0 -1
    outer loop
      vertex 40.9445 -33.5865 0
      vertex 41.0785 -16.3141 0
      vertex 41.0785 -33.6859 0
    endloop
  endfacet
  facet normal 0 0 -1
    outer loop
      vertex 40.9445 -33.5865 0
      vertex 40.9445 -16.4135 0
      vertex 41.0785 -16.3141 0
    endloop
  endfacet
  facet normal 0 0 -1
    outer loop
      vertex 40.8014 -33.5007 0
      vertex 40.9445 -16.4135 0
      vertex 40.9445 -33.5865 0
    endloop
  endfacet
  facet normal 0 0 -1
    outer loop
      vertex 40.8014 -33.5007 0
      vertex 40.8014 -16.4993 0
      vertex 40.9445 -16.4135 0
    endloop
  endfacet
  facet normal 0 0 -1
    outer loop
      vertex 40.6506 -33.4294 0
      vertex 40.8014 -16.4993 0
      vertex 40.8014 -33.5007 0
    endloop
  endfacet
  facet normal 0 0 -1
    outer loop
      vertex 40.6506 -33.4294 0
      vertex 40.6506 -16.5706 0
      vertex 40.8014 -16.4993 0
    endloop
  endfacet
  facet normal 0 0 -1
    outer loop
      vertex 40.4935 -33.3732 0
      vertex 40.6506 -16.5706 0
      vertex 40.6506 -33.4294 0
    endloop
  endfacet
  facet normal 0 0 -1
    outer loop
      vertex 40.4935 -33.3732 0
      vertex 40.4935 -16.6268 0
      vertex 40.6506 -16.5706 0
    endloop
  endfacet
  facet normal 0 0 -1
    outer loop
      vertex 40.3317 -33.3327 0
      vertex 40.4935 -16.6268 0
      vertex 40.4935 -33.3732 0
    endloop
  endfacet
  facet normal 0 0 -1
    outer loop
      vertex 40.3317 -33.3327 0
      vertex 40.3317 -16.6673 0
      vertex 40.4935 -16.6268 0
    endloop
  endfacet
  facet normal 0 0 -1
    outer loop
      vertex 40.1666 -33.3082 0
      vertex 40.3317 -16.6673 0
      vertex 40.3317 -33.3327 0
    endloop
  endfacet
  facet normal 0 0 -1
    outer loop
      vertex 40.1666 -33.3082 0
      vertex 40.1666 -16.6918 0
      vertex 40.3317 -16.6673 0
    endloop
  endfacet
  facet normal 0 0 -1
    outer loop
      vertex 40 -33.3 0
      vertex 40.1666 -16.6918 0
      vertex 40.1666 -33.3082 0
    endloop
  endfacet
  facet normal 0 0 -1
    outer loop
      vertex 40 -33.3 0
      vertex 40 -16.7 0
      vertex 40.1666 -16.6918 0
    endloop
  endfacet
  facet normal 0 0 -1
    outer loop
      vertex 39.8334 -33.3082 0
      vertex 40 -16.7 0
      vertex 40 -33.3 0
    endloop
  endfacet
  facet normal 0 0 -1
    outer loop
      vertex 39.8334 -33.3082 0
      vertex 39.8334 -16.6918 0
      vertex 40 -16.7 0
    endloop
  endfacet
  facet normal 0 0 -1
    outer loop
      vertex 39.6683 -33.3327 0
      vertex 39.8334 -16.6918 0
      vertex 39.8334 -33.3082 0
    endloop
  endfacet
  facet normal 0 0 -1
    outer loop
      vertex 39.6683 -33.3327 0
      vertex 39.6683 -16.6673 0
      vertex 39.8334 -16.6918 0
    endloop
  endfacet
  facet normal 0 0 -1
    outer loop
      vertex 39.5065 -33.3732 0
      vertex 39.6683 -16.6673 0
      vertex 39.6683 -33.3327 0
    endloop
  endfacet
  facet normal 0 0 -1
    outer loop
      vertex 39.5065 -33.3732 0
      vertex 39.5065 -16.6268 0
      vertex 39.6683 -16.6673 0
    endloop
  endfacet
  facet normal 0 0 -1
    outer loop
      vertex 39.3494 -33.4294 0
      vertex 39.5065 -16.6268 0
      vertex 39.5065 -33.3732 0
    endloop
  endfacet
  facet normal 0 0 -1
    outer loop
      vertex 39.3494 -33.4294 0
      vertex 39.3494 -16.5706 0
      vertex 39.5065 -16.6268 0
    endloop
  endfacet
  facet normal 0 0 -1
    outer loop
      vertex 39.1986 -33.5007 0
      vertex 39.3494 -16.5706 0
      vertex 39.3494 -33.4294 0
    endloop
  endfacet
  facet normal 0 0 -1
    outer loop
      vertex 39.1986 -33.5007 0
      vertex 39.1986 -16.4993 0
      vertex 39.3494 -16.5706 0
    endloop
  endfacet
  facet normal 0 0 -1
    outer loop
      vertex 39.0555 -33.5865 0
      vertex 39.1986 -16.4993 0
      vertex 39.1986 -33.5007 0
    endloop
  endfacet
  facet normal 0 0 -1
    outer loop
      vertex 39.0555 -33.5865 0
      vertex 39.0555 -16.4135 0
      vertex 39.1986 -16.4993 0
    endloop
  endfacet
  facet normal 0 0 -1
    outer loop
      vertex 38.9215 -33.6859 0
      vertex 39.0555 -16.4135 0
      vertex 39.0555 -33.5865 0
    endloop
  endfacet
  facet normal 0 0 -1
    outer loop
      vertex 38.9215 -33.6859 0
      vertex 38.9215 -16.3141 0
      vertex 39.0555 -16.4135 0
    endloop
  endfacet
  facet normal 0 0 -1
    outer loop
      vertex 38.7979 -33.7979 0
      vertex 38.9215 -16.3141 0
      vertex 38.9215 -33.6859 0
    endloop
  endfacet
  facet normal 0 0 -1
    outer loop
      vertex 38.7979 -33.7979 0
      vertex 38.7979 -16.2021 0
      vertex 38.9215 -16.3141 0
    endloop
  endfacet
  facet normal 0 0 -1
    outer loop
      vertex 38.6859 -33.9215 0
      vertex 38.7979 -16.2021 0
      vertex 38.7979 -33.7979 0
    endloop
  endfacet
  facet normal 0 0 -1
    outer loop
      vertex 38.6859 -33.9215 0
      vertex 38.6859 -16.0785 0
      vertex 38.7979 -16.2021 0
    endloop
  endfacet
  facet normal 0 0 -1
    outer loop
      vertex 28 -38 0
      vertex 38.6859 -33.9215 0
      vertex 38.5865 -34.0555 0
    endloop
  endfacet
  facet normal -0 0 -1
    outer loop
      vertex 38.6859 -33.9215 0
      vertex 28 -38 0
      vertex 38.6859 -16.0785 0
    endloop
  endfacet
  facet normal 0 0 -1
    outer loop
      vertex 28 -38 0
      vertex 38.5865 -34.0555 0
      vertex 38.5007 -34.1986 0
    endloop
  endfacet
  facet normal -0 0 -1
    outer loop
      vertex 38.6859 -16.0785 0
      vertex 28 -38 0
      vertex 38.5865 -15.9445 0
    endloop
  endfacet
  facet normal 0 0 -1
    outer loop
      vertex 28 -38 0
      vertex 38.5007 -34.1986 0
      vertex 38.4294 -34.3494 0
    endloop
  endfacet
  facet normal -0 0 -1
    outer loop
      vertex 38.5865 -15.9445 0
      vertex 28 -38 0
      vertex 38.5007 -15.8014 0
    endloop
  endfacet
  facet normal 0 0 -1
    outer loop
      vertex 28 -38 0
      vertex 38.4294 -34.3494 0
      vertex 38.3732 -34.5065 0
    endloop
  endfacet
  facet normal -0 0 -1
    outer loop
      vertex 38.5007 -15.8014 0
      vertex 28 -38 0
      vertex 38.4294 -15.6506 0
    endloop
  endfacet
  facet normal 0 0 -1
    outer loop
      vertex 28 -38 0
      vertex 38.3732 -34.5065 0
      vertex 38.3327 -34.6683 0
    endloop
  endfacet
  facet normal -0 0 -1
    outer loop
      vertex 38.4294 -15.6506 0
      vertex 28 -38 0
      vertex 38.3732 -15.4935 0
    endloop
  endfacet
  facet normal 0 0 -1
    outer loop
      vertex 28 -38 0
      vertex 38.3327 -34.6683 0
      vertex 38.3082 -34.8334 0
    endloop
  endfacet
  facet normal -0 0 -1
    outer loop
      vertex 38.3732 -15.4935 0
      vertex 28 -38 0
      vertex 38.3327 -15.3317 0
    endloop
  endfacet
  facet normal 0 0 -1
    outer loop
      vertex 28 -38 0
      vertex 38.3082 -34.8334 0
      vertex 38.3 -35 0
    endloop
  endfacet
  facet normal 0 0 -1
    outer loop
      vertex 0.970113 -11.5185 0
      vertex 38.3327 -15.3317 0
      vertex 28 -38 0
    endloop
  endfacet
  facet normal 0 0 -1
    outer loop
      vertex 41.6918 -34.8334 0
      vertex 52 -38 0
      vertex 41.7 -35 0
    endloop
  endfacet
  facet normal 0 0 -1
    outer loop
      vertex 52 -38 0
      vertex 41.6918 -35.1666 0
      vertex 41.7 -35 0
    endloop
  endfacet
  facet normal 0 0 -1
    outer loop
      vertex 52 -38 0
      vertex 41.6673 -35.3317 0
      vertex 41.6918 -35.1666 0
    endloop
  endfacet
  facet normal 0 0 -1
    outer loop
      vertex 52 -38 0
      vertex 41.6268 -35.4935 0
      vertex 41.6673 -35.3317 0
    endloop
  endfacet
  facet normal 0 0 -1
    outer loop
      vertex 52 -38 0
      vertex 41.5706 -35.6506 0
      vertex 41.6268 -35.4935 0
    endloop
  endfacet
  facet normal 0 0 -1
    outer loop
      vertex 52 -38 0
      vertex 41.4993 -35.8014 0
      vertex 41.5706 -35.6506 0
    endloop
  endfacet
  facet normal 0 0 -1
    outer loop
      vertex 52 -38 0
      vertex 41.4135 -35.9445 0
      vertex 41.4993 -35.8014 0
    endloop
  endfacet
  facet normal 0 0 -1
    outer loop
      vertex 52 -38 0
      vertex 41.3141 -36.0785 0
      vertex 41.4135 -35.9445 0
    endloop
  endfacet
  facet normal 0 0 -1
    outer loop
      vertex 52 -38 0
      vertex 41.2021 -36.2021 0
      vertex 41.3141 -36.0785 0
    endloop
  endfacet
  facet normal 0 0 -1
    outer loop
      vertex 52 -38 0
      vertex 41.0785 -36.3141 0
      vertex 41.2021 -36.2021 0
    endloop
  endfacet
  facet normal 0 0 -1
    outer loop
      vertex 52 -38 0
      vertex 40.9445 -36.4135 0
      vertex 41.0785 -36.3141 0
    endloop
  endfacet
  facet normal 0 0 -1
    outer loop
      vertex 52 -38 0
      vertex 40.8014 -36.4993 0
      vertex 40.9445 -36.4135 0
    endloop
  endfacet
  facet normal 0 0 -1
    outer loop
      vertex 52 -38 0
      vertex 40.6506 -36.5706 0
      vertex 40.8014 -36.4993 0
    endloop
  endfacet
  facet normal 0 0 -1
    outer loop
      vertex 52 -38 0
      vertex 40.4935 -36.6268 0
      vertex 40.6506 -36.5706 0
    endloop
  endfacet
  facet normal 0 0 -1
    outer loop
      vertex 52 -38 0
      vertex 40.3317 -36.6673 0
      vertex 40.4935 -36.6268 0
    endloop
  endfacet
  facet normal 0 0 -1
    outer loop
      vertex 52 -38 0
      vertex 40.1666 -36.6918 0
      vertex 40.3317 -36.6673 0
    endloop
  endfacet
  facet normal 0 0 -1
    outer loop
      vertex 52 -38 0
      vertex 40 -36.7 0
      vertex 40.1666 -36.6918 0
    endloop
  endfacet
  facet normal 0 0 -1
    outer loop
      vertex 28 -38 0
      vertex 40 -36.7 0
      vertex 52 -38 0
    endloop
  endfacet
  facet normal 0 0 -1
    outer loop
      vertex 12.0947 -0.107819 0
      vertex 38.3082 -15.1666 0
      vertex 38.3327 -15.3317 0
    endloop
  endfacet
  facet normal -0 0 -1
    outer loop
      vertex 38.3082 -35.1666 0
      vertex 28 -38 0
      vertex 38.3 -35 0
    endloop
  endfacet
  facet normal -0 0 -1
    outer loop
      vertex 38.3327 -35.3317 0
      vertex 28 -38 0
      vertex 38.3082 -35.1666 0
    endloop
  endfacet
  facet normal -0 0 -1
    outer loop
      vertex 38.3732 -35.4935 0
      vertex 28 -38 0
      vertex 38.3327 -35.3317 0
    endloop
  endfacet
  facet normal -0 0 -1
    outer loop
      vertex 38.4294 -35.6506 0
      vertex 28 -38 0
      vertex 38.3732 -35.4935 0
    endloop
  endfacet
  facet normal -0 0 -1
    outer loop
      vertex 38.5007 -35.8014 0
      vertex 28 -38 0
      vertex 38.4294 -35.6506 0
    endloop
  endfacet
  facet normal -0 0 -1
    outer loop
      vertex 38.5865 -35.9445 0
      vertex 28 -38 0
      vertex 38.5007 -35.8014 0
    endloop
  endfacet
  facet normal -0 0 -1
    outer loop
      vertex 38.6859 -36.0785 0
      vertex 28 -38 0
      vertex 38.5865 -35.9445 0
    endloop
  endfacet
  facet normal -0 0 -1
    outer loop
      vertex 38.7979 -36.2021 0
      vertex 28 -38 0
      vertex 38.6859 -36.0785 0
    endloop
  endfacet
  facet normal -0 0 -1
    outer loop
      vertex 38.9215 -36.3141 0
      vertex 28 -38 0
      vertex 38.7979 -36.2021 0
    endloop
  endfacet
  facet normal -0 0 -1
    outer loop
      vertex 39.0555 -36.4135 0
      vertex 28 -38 0
      vertex 38.9215 -36.3141 0
    endloop
  endfacet
  facet normal -0 0 -1
    outer loop
      vertex 39.1986 -36.4993 0
      vertex 28 -38 0
      vertex 39.0555 -36.4135 0
    endloop
  endfacet
  facet normal -0 0 -1
    outer loop
      vertex 39.3494 -36.5706 0
      vertex 28 -38 0
      vertex 39.1986 -36.4993 0
    endloop
  endfacet
  facet normal -0 0 -1
    outer loop
      vertex 39.5065 -36.6268 0
      vertex 28 -38 0
      vertex 39.3494 -36.5706 0
    endloop
  endfacet
  facet normal -0 0 -1
    outer loop
      vertex 39.6683 -36.6673 0
      vertex 28 -38 0
      vertex 39.5065 -36.6268 0
    endloop
  endfacet
  facet normal -0 0 -1
    outer loop
      vertex 39.8334 -36.6918 0
      vertex 28 -38 0
      vertex 39.6683 -36.6673 0
    endloop
  endfacet
  facet normal -0 0 -1
    outer loop
      vertex 40 -36.7 0
      vertex 28 -38 0
      vertex 39.8334 -36.6918 0
    endloop
  endfacet
  facet normal 0 0 -1
    outer loop
      vertex 41.6673 -34.6683 0
      vertex 52 -38 0
      vertex 41.6918 -34.8334 0
    endloop
  endfacet
  facet normal 0 0 -1
    outer loop
      vertex 41.6918 -14.8334 0
      vertex 52 -12 0
      vertex 41.7 -15 0
    endloop
  endfacet
  facet normal 0 0 -1
    outer loop
      vertex 41.6673 -14.6683 0
      vertex 52 -12 0
      vertex 41.6918 -14.8334 0
    endloop
  endfacet
  facet normal 0 0 -1
    outer loop
      vertex 41.6268 -14.5065 0
      vertex 52 -12 0
      vertex 41.6673 -14.6683 0
    endloop
  endfacet
  facet normal 0 0 -1
    outer loop
      vertex 41.5706 -14.3494 0
      vertex 52 -12 0
      vertex 41.6268 -14.5065 0
    endloop
  endfacet
  facet normal 0 0 -1
    outer loop
      vertex 41.4993 -14.1986 0
      vertex 52 -12 0
      vertex 41.5706 -14.3494 0
    endloop
  endfacet
  facet normal 0 0 -1
    outer loop
      vertex 41.4135 -14.0555 0
      vertex 52 -12 0
      vertex 41.4993 -14.1986 0
    endloop
  endfacet
  facet normal 0 0 -1
    outer loop
      vertex 41.3141 -13.9215 0
      vertex 52 -12 0
      vertex 41.4135 -14.0555 0
    endloop
  endfacet
  facet normal 0 0 -1
    outer loop
      vertex 41.2021 -13.7979 0
      vertex 52 -12 0
      vertex 41.3141 -13.9215 0
    endloop
  endfacet
  facet normal 0 0 -1
    outer loop
      vertex 41.0785 -13.6859 0
      vertex 52 -12 0
      vertex 41.2021 -13.7979 0
    endloop
  endfacet
  facet normal 0 0 -1
    outer loop
      vertex 40.9445 -13.5865 0
      vertex 52 -12 0
      vertex 41.0785 -13.6859 0
    endloop
  endfacet
  facet normal 0 0 -1
    outer loop
      vertex 40.8014 -13.5007 0
      vertex 52 -12 0
      vertex 40.9445 -13.5865 0
    endloop
  endfacet
  facet normal 0 0 -1
    outer loop
      vertex 40.6506 -13.4294 0
      vertex 52 -12 0
      vertex 40.8014 -13.5007 0
    endloop
  endfacet
  facet normal 0 0 -1
    outer loop
      vertex 40.4935 -13.3732 0
      vertex 52 -12 0
      vertex 40.6506 -13.4294 0
    endloop
  endfacet
  facet normal 0 0 -1
    outer loop
      vertex 40.3317 -13.3327 0
      vertex 52 -12 0
      vertex 40.4935 -13.3732 0
    endloop
  endfacet
  facet normal 0 0 -1
    outer loop
      vertex 40.1666 -13.3082 0
      vertex 52 -12 0
      vertex 40.3317 -13.3327 0
    endloop
  endfacet
  facet normal 0 0 -1
    outer loop
      vertex 40 -13.3 0
      vertex 52 -12 0
      vertex 40.1666 -13.3082 0
    endloop
  endfacet
  facet normal 0 0 -1
    outer loop
      vertex 11.9146 0.611127 0
      vertex 40 -13.3 0
      vertex 39.8334 -13.3082 0
    endloop
  endfacet
  facet normal 0 0 -1
    outer loop
      vertex 12.0947 -0.107819 0
      vertex 38.3 -15 0
      vertex 38.3082 -15.1666 0
    endloop
  endfacet
  facet normal 0 0 -1
    outer loop
      vertex 12.0947 -0.107819 0
      vertex 38.3082 -14.8334 0
      vertex 38.3 -15 0
    endloop
  endfacet
  facet normal 0 0 -1
    outer loop
      vertex 12.0947 -0.107819 0
      vertex 38.3327 -14.6683 0
      vertex 38.3082 -14.8334 0
    endloop
  endfacet
  facet normal 0 0 -1
    outer loop
      vertex 12.0947 -0.107819 0
      vertex 38.3732 -14.5065 0
      vertex 38.3327 -14.6683 0
    endloop
  endfacet
  facet normal 0 0 -1
    outer loop
      vertex 12.0947 -0.107819 0
      vertex 38.4294 -14.3494 0
      vertex 38.3732 -14.5065 0
    endloop
  endfacet
  facet normal 0 0 -1
    outer loop
      vertex 12.0947 -0.107819 0
      vertex 38.5007 -14.1986 0
      vertex 38.4294 -14.3494 0
    endloop
  endfacet
  facet normal 0 0 -1
    outer loop
      vertex 12.0947 -0.107819 0
      vertex 38.5865 -14.0555 0
      vertex 38.5007 -14.1986 0
    endloop
  endfacet
  facet normal 0 0 -1
    outer loop
      vertex 12.0947 -0.107819 0
      vertex 38.6859 -13.9215 0
      vertex 38.5865 -14.0555 0
    endloop
  endfacet
  facet normal 0 0 -1
    outer loop
      vertex 12.0947 -0.107819 0
      vertex 38.7979 -13.7979 0
      vertex 38.6859 -13.9215 0
    endloop
  endfacet
  facet normal 0 0 -1
    outer loop
      vertex 12.0947 -0.107819 0
      vertex 38.9215 -13.6859 0
      vertex 38.7979 -13.7979 0
    endloop
  endfacet
  facet normal 0 0 -1
    outer loop
      vertex 12.1 0 0
      vertex 39.0555 -13.5865 0
      vertex 38.9215 -13.6859 0
    endloop
  endfacet
  facet normal 0 0 -1
    outer loop
      vertex 12.0947 0.107819 0
      vertex 39.0555 -13.5865 0
      vertex 12.1 0 0
    endloop
  endfacet
  facet normal 0 0 -1
    outer loop
      vertex 39.0555 -13.5865 0
      vertex 12.0947 0.107819 0
      vertex 39.1986 -13.5007 0
    endloop
  endfacet
  facet normal 0 0 -1
    outer loop
      vertex 12.0789 0.214599 0
      vertex 39.1986 -13.5007 0
      vertex 12.0947 0.107819 0
    endloop
  endfacet
  facet normal 0 0 -1
    outer loop
      vertex 39.1986 -13.5007 0
      vertex 12.0789 0.214599 0
      vertex 39.3494 -13.4294 0
    endloop
  endfacet
  facet normal 0 0 -1
    outer loop
      vertex 12.0526 0.319313 0
      vertex 39.3494 -13.4294 0
      vertex 12.0789 0.214599 0
    endloop
  endfacet
  facet normal 0 0 -1
    outer loop
      vertex 39.3494 -13.4294 0
      vertex 12.0526 0.319313 0
      vertex 39.5065 -13.3732 0
    endloop
  endfacet
  facet normal 0 0 -1
    outer loop
      vertex 12.0163 0.420951 0
      vertex 39.5065 -13.3732 0
      vertex 12.0526 0.319313 0
    endloop
  endfacet
  facet normal 0 0 -1
    outer loop
      vertex 39.5065 -13.3732 0
      vertex 12.0163 0.420951 0
      vertex 39.6683 -13.3327 0
    endloop
  endfacet
  facet normal 0 0 -1
    outer loop
      vertex 11.9701 0.518536 0
      vertex 39.6683 -13.3327 0
      vertex 12.0163 0.420951 0
    endloop
  endfacet
  facet normal 0 0 -1
    outer loop
      vertex 39.6683 -13.3327 0
      vertex 11.9701 0.518536 0
      vertex 39.8334 -13.3082 0
    endloop
  endfacet
  facet normal 0 0 -1
    outer loop
      vertex 11.9146 0.611127 0
      vertex 39.8334 -13.3082 0
      vertex 11.9701 0.518536 0
    endloop
  endfacet
  facet normal 0 0 -1
    outer loop
      vertex 40 -13.3 0
      vertex 11.9146 0.611127 0
      vertex 11.8503 0.697832 0
    endloop
  endfacet
  facet normal 0 0 -1
    outer loop
      vertex 40 -13.3 0
      vertex 11.8503 0.697832 0
      vertex 6.12816 11.465 0
    endloop
  endfacet
  facet normal 0 0 -1
    outer loop
      vertex 6.12816 11.465 0
      vertex 11.8503 0.697832 0
      vertex 11.7778 0.777817 0
    endloop
  endfacet
  facet normal 0 0 -1
    outer loop
      vertex 6.12816 11.465 0
      vertex 11.7778 0.777817 0
      vertex 11.6978 0.850311 0
    endloop
  endfacet
  facet normal 0 0 -1
    outer loop
      vertex 6.12816 11.465 0
      vertex 11.6978 0.850311 0
      vertex 11.6111 0.914616 0
    endloop
  endfacet
  facet normal 0 0 -1
    outer loop
      vertex 6.12816 11.465 0
      vertex 11.6111 0.914616 0
      vertex 11.5185 0.970113 0
    endloop
  endfacet
  facet normal 0 0 -1
    outer loop
      vertex 6.12816 11.465 0
      vertex 11.5185 0.970113 0
      vertex 11.421 1.01627 0
    endloop
  endfacet
  facet normal 0 0 -1
    outer loop
      vertex 6.12816 11.465 0
      vertex 11.421 1.01627 0
      vertex 11.3193 1.05263 0
    endloop
  endfacet
  facet normal 0 0 -1
    outer loop
      vertex 40 -13.3 0
      vertex 6.12816 11.465 0
      vertex 52 -12 0
    endloop
  endfacet
  facet normal 0 0 -1
    outer loop
      vertex 11.2146 1.07886 0
      vertex 6.12816 11.465 0
      vertex 11.3193 1.05263 0
    endloop
  endfacet
  facet normal 0 0 -1
    outer loop
      vertex 11.1078 1.0947 0
      vertex 6.12816 11.465 0
      vertex 11.2146 1.07886 0
    endloop
  endfacet
  facet normal 0 0 -1
    outer loop
      vertex 11 1.1 0
      vertex 6.12816 11.465 0
      vertex 11.1078 1.0947 0
    endloop
  endfacet
  facet normal 0 0 -1
    outer loop
      vertex 7 1.1 0
      vertex 6.12816 11.465 0
      vertex 11 1.1 0
    endloop
  endfacet
  facet normal 0 0 -1
    outer loop
      vertex 6.89218 1.0947 0
      vertex 6.12816 11.465 0
      vertex 7 1.1 0
    endloop
  endfacet
  facet normal 0 0 -1
    outer loop
      vertex 6.7854 1.07886 0
      vertex 6.12816 11.465 0
      vertex 6.89218 1.0947 0
    endloop
  endfacet
  facet normal 0 0 -1
    outer loop
      vertex 6.68069 1.05263 0
      vertex 6.12816 11.465 0
      vertex 6.7854 1.07886 0
    endloop
  endfacet
  facet normal 0 0 -1
    outer loop
      vertex 6.57905 1.01627 0
      vertex 6.12816 11.465 0
      vertex 6.68069 1.05263 0
    endloop
  endfacet
  facet normal 0 0 -1
    outer loop
      vertex 6.48146 0.970113 0
      vertex 6.12816 11.465 0
      vertex 6.57905 1.01627 0
    endloop
  endfacet
  facet normal 0 0 -1
    outer loop
      vertex 6.38887 0.914616 0
      vertex 6.12816 11.465 0
      vertex 6.48146 0.970113 0
    endloop
  endfacet
  facet normal 0 0 -1
    outer loop
      vertex 4.97488 12.0104 0
      vertex 6.38887 0.914616 0
      vertex 6.30217 0.850311 0
    endloop
  endfacet
  facet normal 0 0 -1
    outer loop
      vertex 4.97488 12.0104 0
      vertex 6.30217 0.850311 0
      vertex 6.22218 0.777817 0
    endloop
  endfacet
  facet normal 0 0 -1
    outer loop
      vertex 4.97488 12.0104 0
      vertex 6.22218 0.777817 0
      vertex 6.14969 0.697832 0
    endloop
  endfacet
  facet normal 0 0 -1
    outer loop
      vertex 4.97488 12.0104 0
      vertex 6.14969 0.697832 0
      vertex 6.08538 0.611127 0
    endloop
  endfacet
  facet normal 0 0 -1
    outer loop
      vertex 4.97488 12.0104 0
      vertex 6.08538 0.611127 0
      vertex 6.02989 0.518536 0
    endloop
  endfacet
  facet normal 0 0 -1
    outer loop
      vertex 4.97488 12.0104 0
      vertex 6.02989 0.518536 0
      vertex 5.98373 0.420951 0
    endloop
  endfacet
  facet normal 0 0 -1
    outer loop
      vertex 4.97488 12.0104 0
      vertex 5.98373 0.420951 0
      vertex 5.94736 0.319313 0
    endloop
  endfacet
  facet normal 0 0 -1
    outer loop
      vertex 4.97488 12.0104 0
      vertex 5.94736 0.319313 0
      vertex 5.92114 0.214599 0
    endloop
  endfacet
  facet normal 0 0 -1
    outer loop
      vertex 4.97488 12.0104 0
      vertex 5.92114 0.214599 0
      vertex 5.9053 0.107819 0
    endloop
  endfacet
  facet normal 0 0 -1
    outer loop
      vertex 4.97488 12.0104 0
      vertex 5.9053 0.107819 0
      vertex 5.9 0 0
    endloop
  endfacet
  facet normal 0 0 -1
    outer loop
      vertex 6.38887 0.914616 0
      vertex 4.97488 12.0104 0
      vertex 6.12816 11.465 0
    endloop
  endfacet
  facet normal 0.336897 0.941541 -0
    outer loop
      vertex 4.97488 12.0104 0
      vertex 3.7737 12.4402 4
      vertex 4.97488 12.0104 4
    endloop
  endfacet
  facet normal 0.336897 0.941541 0
    outer loop
      vertex 3.7737 12.4402 4
      vertex 4.97488 12.0104 0
      vertex 3.7737 12.4402 0
    endloop
  endfacet
  facet normal 0.427516 0.904008 -0
    outer loop
      vertex 6.12816 11.465 0
      vertex 4.97488 12.0104 4
      vertex 6.12816 11.465 4
    endloop
  endfacet
  facet normal 0.427516 0.904008 0
    outer loop
      vertex 4.97488 12.0104 4
      vertex 6.12816 11.465 0
      vertex 4.97488 12.0104 0
    endloop
  endfacet
  facet normal -0.514121 0.857718 0
    outer loop
      vertex -6.12816 11.465 0
      vertex -7.22241 10.8091 4
      vertex -6.12816 11.465 4
    endloop
  endfacet
  facet normal -0.514121 0.857718 0
    outer loop
      vertex -7.22241 10.8091 4
      vertex -6.12816 11.465 0
      vertex -7.22241 10.8091 0
    endloop
  endfacet
  facet normal -0.336897 0.941541 0
    outer loop
      vertex -3.7737 12.4402 0
      vertex -4.97488 12.0104 4
      vertex -3.7737 12.4402 4
    endloop
  endfacet
  facet normal -0.336897 0.941541 0
    outer loop
      vertex -4.97488 12.0104 4
      vertex -3.7737 12.4402 0
      vertex -4.97488 12.0104 0
    endloop
  endfacet
  facet normal -0.146736 0.989176 0
    outer loop
      vertex -1.27422 12.9374 0
      vertex -2.53617 12.7502 4
      vertex -1.27422 12.9374 4
    endloop
  endfacet
  facet normal -0.146736 0.989176 0
    outer loop
      vertex -2.53617 12.7502 4
      vertex -1.27422 12.9374 0
      vertex -2.53617 12.7502 0
    endloop
  endfacet
  facet normal 0.049171 0.99879 0
    outer loop
      vertex 1.27422 12.9374 4
      vertex 1.01625 12.9501 1.5
      vertex 1.01625 12.9501 4
    endloop
  endfacet
  facet normal 0.049171 0.99879 -0
    outer loop
      vertex 1.27422 12.9374 0
      vertex 1.01625 12.9501 1.5
      vertex 1.27422 12.9374 4
    endloop
  endfacet
  facet normal 0.0490689 0.998795 -1.75958e-05
    outer loop
      vertex 0 13 0
      vertex 1.01625 12.9501 1.5
      vertex 1.27422 12.9374 0
    endloop
  endfacet
  facet normal 0.049043 0.998797 0
    outer loop
      vertex 1.01625 12.9501 1.5
      vertex 0 13 0
      vertex 0 13 1.5
    endloop
  endfacet
  facet normal -0.803196 0.595715 0
    outer loop
      vertex -10.8091 7.22241 0
      vertex -10.0491 8.24711 4
      vertex -10.0491 8.24711 0
    endloop
  endfacet
  facet normal -0.803196 0.595715 0
    outer loop
      vertex -10.0491 8.24711 4
      vertex -10.8091 7.22241 0
      vertex -10.8091 7.22241 4
    endloop
  endfacet
  facet normal -0.671541 0.740967 0
    outer loop
      vertex -8.24711 10.0491 0
      vertex -9.19239 9.19239 4
      vertex -8.24711 10.0491 4
    endloop
  endfacet
  facet normal -0.671541 0.740967 0
    outer loop
      vertex -9.19239 9.19239 4
      vertex -8.24711 10.0491 0
      vertex -9.19239 9.19239 0
    endloop
  endfacet
  facet normal -0.904008 0.427516 0
    outer loop
      vertex -12.0104 4.97488 0
      vertex -11.465 6.12816 4
      vertex -11.465 6.12816 0
    endloop
  endfacet
  facet normal -0.904008 0.427516 0
    outer loop
      vertex -11.465 6.12816 4
      vertex -12.0104 4.97488 0
      vertex -12.0104 4.97488 4
    endloop
  endfacet
  facet normal -0.970029 0.242991 0
    outer loop
      vertex -12.7502 2.53617 0
      vertex -12.4402 3.7737 4
      vertex -12.4402 3.7737 0
    endloop
  endfacet
  facet normal -0.970029 0.242991 0
    outer loop
      vertex -12.4402 3.7737 4
      vertex -12.7502 2.53617 0
      vertex -12.7502 2.53617 4
    endloop
  endfacet
  facet normal -0.427516 0.904008 0
    outer loop
      vertex -4.97488 12.0104 0
      vertex -6.12816 11.465 4
      vertex -4.97488 12.0104 4
    endloop
  endfacet
  facet normal -0.427516 0.904008 0
    outer loop
      vertex -6.12816 11.465 4
      vertex -4.97488 12.0104 0
      vertex -6.12816 11.465 0
    endloop
  endfacet
  facet normal -0.242991 0.970029 0
    outer loop
      vertex -2.53617 12.7502 0
      vertex -3.7737 12.4402 4
      vertex -2.53617 12.7502 4
    endloop
  endfacet
  facet normal -0.242991 0.970029 0
    outer loop
      vertex -3.7737 12.4402 4
      vertex -2.53617 12.7502 0
      vertex -3.7737 12.4402 0
    endloop
  endfacet
  facet normal -0.049043 0.998797 0
    outer loop
      vertex 0 13 1.5
      vertex 0 13 0
      vertex -1.01625 12.9501 1.5
    endloop
  endfacet
  facet normal -0.049171 0.99879 0
    outer loop
      vertex -1.01625 12.9501 1.5
      vertex -1.27422 12.9374 4
      vertex -1.01625 12.9501 4
    endloop
  endfacet
  facet normal -0.049171 0.99879 0
    outer loop
      vertex -1.01625 12.9501 1.5
      vertex -1.27422 12.9374 0
      vertex -1.27422 12.9374 4
    endloop
  endfacet
  facet normal -0.0490689 0.998795 -1.75958e-05
    outer loop
      vertex -1.27422 12.9374 0
      vertex -1.01625 12.9501 1.5
      vertex 0 13 0
    endloop
  endfacet
  facet normal -0.740967 0.671541 0
    outer loop
      vertex -10.0491 8.24711 0
      vertex -9.19239 9.19239 4
      vertex -9.19239 9.19239 0
    endloop
  endfacet
  facet normal -0.740967 0.671541 0
    outer loop
      vertex -9.19239 9.19239 4
      vertex -10.0491 8.24711 0
      vertex -10.0491 8.24711 4
    endloop
  endfacet
  facet normal -0.857718 0.514121 0
    outer loop
      vertex -11.465 6.12816 0
      vertex -10.8091 7.22241 4
      vertex -10.8091 7.22241 0
    endloop
  endfacet
  facet normal -0.857718 0.514121 0
    outer loop
      vertex -10.8091 7.22241 4
      vertex -11.465 6.12816 0
      vertex -11.465 6.12816 4
    endloop
  endfacet
  facet normal -0.941541 0.336897 0
    outer loop
      vertex -12.4402 3.7737 0
      vertex -12.0104 4.97488 4
      vertex -12.0104 4.97488 0
    endloop
  endfacet
  facet normal -0.941541 0.336897 0
    outer loop
      vertex -12.0104 4.97488 4
      vertex -12.4402 3.7737 0
      vertex -12.4402 3.7737 4
    endloop
  endfacet
  facet normal -0.998796 0.049065 0
    outer loop
      vertex 3.98074 -0.392068 0
      vertex 4 0 4
      vertex 4 0 0
    endloop
  endfacet
  facet normal -0.998796 0.049065 0
    outer loop
      vertex 4 0 4
      vertex 3.98074 -0.392068 0
      vertex 3.98074 -0.392068 4
    endloop
  endfacet
  facet normal 0.998796 0.049065 0
    outer loop
      vertex -3.98074 -0.392068 4
      vertex -4 0 0
      vertex -4 0 4
    endloop
  endfacet
  facet normal 0.998796 0.049065 0
    outer loop
      vertex -4 0 0
      vertex -3.98074 -0.392068 4
      vertex -3.98074 -0.392068 0
    endloop
  endfacet
  facet normal -0.049065 0.998796 0
    outer loop
      vertex 0.392068 -3.98074 0
      vertex 0 -4 4
      vertex 0.392068 -3.98074 4
    endloop
  endfacet
  facet normal -0.049065 0.998796 0
    outer loop
      vertex 0 -4 4
      vertex 0.392068 -3.98074 0
      vertex 0 -4 0
    endloop
  endfacet
  facet normal -0.671545 0.740964 0
    outer loop
      vertex 2.82843 -2.82843 0
      vertex 2.53757 -3.09204 4
      vertex 2.82843 -2.82843 4
    endloop
  endfacet
  facet normal -0.671545 0.740964 0
    outer loop
      vertex 2.53757 -3.09204 4
      vertex 2.82843 -2.82843 0
      vertex 2.53757 -3.09204 0
    endloop
  endfacet
  facet normal 0.671545 0.740964 -0
    outer loop
      vertex -2.53757 -3.09204 0
      vertex -2.82843 -2.82843 4
      vertex -2.53757 -3.09204 4
    endloop
  endfacet
  facet normal 0.671545 0.740964 0
    outer loop
      vertex -2.82843 -2.82843 4
      vertex -2.53757 -3.09204 0
      vertex -2.82843 -2.82843 0
    endloop
  endfacet
  facet normal 0.336887 0.941545 -0
    outer loop
      vertex -1.16114 -3.82776 0
      vertex -1.53073 -3.69552 4
      vertex -1.16114 -3.82776 4
    endloop
  endfacet
  facet normal 0.336887 0.941545 0
    outer loop
      vertex -1.53073 -3.69552 4
      vertex -1.16114 -3.82776 0
      vertex -1.53073 -3.69552 0
    endloop
  endfacet
  facet normal 0.941545 -0.336887 0
    outer loop
      vertex -3.82776 1.16114 4
      vertex -3.69552 1.53073 0
      vertex -3.69552 1.53073 4
    endloop
  endfacet
  facet normal 0.941545 -0.336887 0
    outer loop
      vertex -3.69552 1.53073 0
      vertex -3.82776 1.16114 4
      vertex -3.82776 1.16114 0
    endloop
  endfacet
  facet normal -0.903986 0.427563 0
    outer loop
      vertex 3.52768 -1.88559 0
      vertex 3.69552 -1.53073 4
      vertex 3.69552 -1.53073 0
    endloop
  endfacet
  facet normal -0.903986 0.427563 0
    outer loop
      vertex 3.69552 -1.53073 4
      vertex 3.52768 -1.88559 0
      vertex 3.52768 -1.88559 4
    endloop
  endfacet
  facet normal -0.427563 0.903986 0
    outer loop
      vertex 1.88559 -3.52768 0
      vertex 1.53073 -3.69552 4
      vertex 1.88559 -3.52768 4
    endloop
  endfacet
  facet normal -0.427563 0.903986 0
    outer loop
      vertex 1.53073 -3.69552 4
      vertex 1.88559 -3.52768 0
      vertex 1.53073 -3.69552 0
    endloop
  endfacet
  facet normal -0.595708 0.803201 0
    outer loop
      vertex 2.53757 -3.09204 0
      vertex 2.22228 -3.32588 4
      vertex 2.53757 -3.09204 4
    endloop
  endfacet
  facet normal -0.595708 0.803201 0
    outer loop
      vertex 2.22228 -3.32588 4
      vertex 2.53757 -3.09204 0
      vertex 2.22228 -3.32588 0
    endloop
  endfacet
  facet normal 0.903986 0.427563 0
    outer loop
      vertex -3.52768 -1.88559 4
      vertex -3.69552 -1.53073 0
      vertex -3.69552 -1.53073 4
    endloop
  endfacet
  facet normal 0.903986 0.427563 0
    outer loop
      vertex -3.69552 -1.53073 0
      vertex -3.52768 -1.88559 4
      vertex -3.52768 -1.88559 0
    endloop
  endfacet
  facet normal 0.146736 0.989176 -0
    outer loop
      vertex -0.392068 -3.98074 0
      vertex -0.780361 -3.92314 4
      vertex -0.392068 -3.98074 4
    endloop
  endfacet
  facet normal 0.146736 0.989176 0
    outer loop
      vertex -0.780361 -3.92314 4
      vertex -0.392068 -3.98074 0
      vertex -0.780361 -3.92314 0
    endloop
  endfacet
  facet normal -0.941545 -0.336887 0
    outer loop
      vertex 3.82776 1.16114 0
      vertex 3.69552 1.53073 4
      vertex 3.69552 1.53073 0
    endloop
  endfacet
  facet normal -0.941545 -0.336887 0
    outer loop
      vertex 3.69552 1.53073 4
      vertex 3.82776 1.16114 0
      vertex 3.82776 1.16114 4
    endloop
  endfacet
  facet normal -0.970031 -0.24298 0
    outer loop
      vertex 3.92314 0.780361 0
      vertex 3.82776 1.16114 4
      vertex 3.82776 1.16114 0
    endloop
  endfacet
  facet normal -0.970031 -0.24298 0
    outer loop
      vertex 3.82776 1.16114 4
      vertex 3.92314 0.780361 0
      vertex 3.92314 0.780361 4
    endloop
  endfacet
  facet normal -0.970031 0.24298 0
    outer loop
      vertex 3.82776 -1.16114 0
      vertex 3.92314 -0.780361 4
      vertex 3.92314 -0.780361 0
    endloop
  endfacet
  facet normal -0.970031 0.24298 0
    outer loop
      vertex 3.92314 -0.780361 4
      vertex 3.82776 -1.16114 0
      vertex 3.82776 -1.16114 4
    endloop
  endfacet
  facet normal -0.989176 0.146736 0
    outer loop
      vertex 3.92314 -0.780361 0
      vertex 3.98074 -0.392068 4
      vertex 3.98074 -0.392068 0
    endloop
  endfacet
  facet normal -0.989176 0.146736 0
    outer loop
      vertex 3.98074 -0.392068 4
      vertex 3.92314 -0.780361 0
      vertex 3.92314 -0.780361 4
    endloop
  endfacet
  facet normal -0.941545 0.336887 0
    outer loop
      vertex 3.69552 -1.53073 0
      vertex 3.82776 -1.16114 4
      vertex 3.82776 -1.16114 0
    endloop
  endfacet
  facet normal -0.941545 0.336887 0
    outer loop
      vertex 3.82776 -1.16114 4
      vertex 3.69552 -1.53073 0
      vertex 3.69552 -1.53073 4
    endloop
  endfacet
  facet normal -0.803201 0.595708 0
    outer loop
      vertex 3.09204 -2.53757 0
      vertex 3.32588 -2.22228 4
      vertex 3.32588 -2.22228 0
    endloop
  endfacet
  facet normal -0.803201 0.595708 0
    outer loop
      vertex 3.32588 -2.22228 4
      vertex 3.09204 -2.53757 0
      vertex 3.09204 -2.53757 4
    endloop
  endfacet
  facet normal -0.740964 0.671545 0
    outer loop
      vertex 2.82843 -2.82843 0
      vertex 3.09204 -2.53757 4
      vertex 3.09204 -2.53757 0
    endloop
  endfacet
  facet normal -0.740964 0.671545 0
    outer loop
      vertex 3.09204 -2.53757 4
      vertex 2.82843 -2.82843 0
      vertex 2.82843 -2.82843 4
    endloop
  endfacet
  facet normal -0.857733 0.514095 0
    outer loop
      vertex 3.32588 -2.22228 0
      vertex 3.52768 -1.88559 4
      vertex 3.52768 -1.88559 0
    endloop
  endfacet
  facet normal -0.857733 0.514095 0
    outer loop
      vertex 3.52768 -1.88559 4
      vertex 3.32588 -2.22228 0
      vertex 3.32588 -2.22228 4
    endloop
  endfacet
  facet normal -0.24298 0.970031 0
    outer loop
      vertex 1.16114 -3.82776 0
      vertex 0.780361 -3.92314 4
      vertex 1.16114 -3.82776 4
    endloop
  endfacet
  facet normal -0.24298 0.970031 0
    outer loop
      vertex 0.780361 -3.92314 4
      vertex 1.16114 -3.82776 0
      vertex 0.780361 -3.92314 0
    endloop
  endfacet
  facet normal -0.336887 0.941545 0
    outer loop
      vertex 1.53073 -3.69552 0
      vertex 1.16114 -3.82776 4
      vertex 1.53073 -3.69552 4
    endloop
  endfacet
  facet normal -0.336887 0.941545 0
    outer loop
      vertex 1.16114 -3.82776 4
      vertex 1.53073 -3.69552 0
      vertex 1.16114 -3.82776 0
    endloop
  endfacet
  facet normal -0.146736 0.989176 0
    outer loop
      vertex 0.780361 -3.92314 0
      vertex 0.392068 -3.98074 4
      vertex 0.780361 -3.92314 4
    endloop
  endfacet
  facet normal -0.146736 0.989176 0
    outer loop
      vertex 0.392068 -3.98074 4
      vertex 0.780361 -3.92314 0
      vertex 0.392068 -3.98074 0
    endloop
  endfacet
  facet normal -0.514095 0.857733 0
    outer loop
      vertex 2.22228 -3.32588 0
      vertex 1.88559 -3.52768 4
      vertex 2.22228 -3.32588 4
    endloop
  endfacet
  facet normal -0.514095 0.857733 0
    outer loop
      vertex 1.88559 -3.52768 4
      vertex 2.22228 -3.32588 0
      vertex 1.88559 -3.52768 0
    endloop
  endfacet
  facet normal 0.970031 0.24298 0
    outer loop
      vertex -3.82776 -1.16114 4
      vertex -3.92314 -0.780361 0
      vertex -3.92314 -0.780361 4
    endloop
  endfacet
  facet normal 0.970031 0.24298 0
    outer loop
      vertex -3.92314 -0.780361 0
      vertex -3.82776 -1.16114 4
      vertex -3.82776 -1.16114 0
    endloop
  endfacet
  facet normal 0.803201 0.595708 0
    outer loop
      vertex -3.09204 -2.53757 4
      vertex -3.32588 -2.22228 0
      vertex -3.32588 -2.22228 4
    endloop
  endfacet
  facet normal 0.803201 0.595708 0
    outer loop
      vertex -3.32588 -2.22228 0
      vertex -3.09204 -2.53757 4
      vertex -3.09204 -2.53757 0
    endloop
  endfacet
  facet normal 0.740964 0.671545 0
    outer loop
      vertex -2.82843 -2.82843 4
      vertex -3.09204 -2.53757 0
      vertex -3.09204 -2.53757 4
    endloop
  endfacet
  facet normal 0.740964 0.671545 0
    outer loop
      vertex -3.09204 -2.53757 0
      vertex -2.82843 -2.82843 4
      vertex -2.82843 -2.82843 0
    endloop
  endfacet
  facet normal 0.857733 0.514095 0
    outer loop
      vertex -3.32588 -2.22228 4
      vertex -3.52768 -1.88559 0
      vertex -3.52768 -1.88559 4
    endloop
  endfacet
  facet normal 0.857733 0.514095 0
    outer loop
      vertex -3.52768 -1.88559 0
      vertex -3.32588 -2.22228 4
      vertex -3.32588 -2.22228 0
    endloop
  endfacet
  facet normal 0.941545 0.336887 0
    outer loop
      vertex -3.69552 -1.53073 4
      vertex -3.82776 -1.16114 0
      vertex -3.82776 -1.16114 4
    endloop
  endfacet
  facet normal 0.941545 0.336887 0
    outer loop
      vertex -3.82776 -1.16114 0
      vertex -3.69552 -1.53073 4
      vertex -3.69552 -1.53073 0
    endloop
  endfacet
  facet normal 0.989176 0.146736 0
    outer loop
      vertex -3.92314 -0.780361 4
      vertex -3.98074 -0.392068 0
      vertex -3.98074 -0.392068 4
    endloop
  endfacet
  facet normal 0.989176 0.146736 0
    outer loop
      vertex -3.98074 -0.392068 0
      vertex -3.92314 -0.780361 4
      vertex -3.92314 -0.780361 0
    endloop
  endfacet
  facet normal 0.514095 0.857733 -0
    outer loop
      vertex -1.88559 -3.52768 0
      vertex -2.22228 -3.32588 4
      vertex -1.88559 -3.52768 4
    endloop
  endfacet
  facet normal 0.514095 0.857733 0
    outer loop
      vertex -2.22228 -3.32588 4
      vertex -1.88559 -3.52768 0
      vertex -2.22228 -3.32588 0
    endloop
  endfacet
  facet normal 0.427563 0.903986 -0
    outer loop
      vertex -1.53073 -3.69552 0
      vertex -1.88559 -3.52768 4
      vertex -1.53073 -3.69552 4
    endloop
  endfacet
  facet normal 0.427563 0.903986 0
    outer loop
      vertex -1.88559 -3.52768 4
      vertex -1.53073 -3.69552 0
      vertex -1.88559 -3.52768 0
    endloop
  endfacet
  facet normal 0.595708 0.803201 -0
    outer loop
      vertex -2.22228 -3.32588 0
      vertex -2.53757 -3.09204 4
      vertex -2.22228 -3.32588 4
    endloop
  endfacet
  facet normal 0.595708 0.803201 0
    outer loop
      vertex -2.53757 -3.09204 4
      vertex -2.22228 -3.32588 0
      vertex -2.53757 -3.09204 0
    endloop
  endfacet
  facet normal 0.24298 0.970031 -0
    outer loop
      vertex -0.780361 -3.92314 0
      vertex -1.16114 -3.82776 4
      vertex -0.780361 -3.92314 4
    endloop
  endfacet
  facet normal 0.24298 0.970031 0
    outer loop
      vertex -1.16114 -3.82776 4
      vertex -0.780361 -3.92314 0
      vertex -1.16114 -3.82776 0
    endloop
  endfacet
  facet normal 0.049065 0.998796 -0
    outer loop
      vertex 0 -4 0
      vertex -0.392068 -3.98074 4
      vertex 0 -4 4
    endloop
  endfacet
  facet normal 0.049065 0.998796 0
    outer loop
      vertex -0.392068 -3.98074 4
      vertex 0 -4 0
      vertex -0.392068 -3.98074 0
    endloop
  endfacet
  facet normal -0.998796 -0.049065 0
    outer loop
      vertex 4 0 0
      vertex 3.98074 0.392068 4
      vertex 3.98074 0.392068 0
    endloop
  endfacet
  facet normal -0.998796 -0.049065 0
    outer loop
      vertex 3.98074 0.392068 4
      vertex 4 0 0
      vertex 4 0 4
    endloop
  endfacet
  facet normal -0.049065 -0.998796 0
    outer loop
      vertex 0 4 0
      vertex 0.392068 3.98074 4
      vertex 0 4 4
    endloop
  endfacet
  facet normal -0.049065 -0.998796 -0
    outer loop
      vertex 0.392068 3.98074 4
      vertex 0 4 0
      vertex 0.392068 3.98074 0
    endloop
  endfacet
  facet normal -0.336887 -0.941545 0
    outer loop
      vertex 1.16114 3.82776 0
      vertex 1.53073 3.69552 4
      vertex 1.16114 3.82776 4
    endloop
  endfacet
  facet normal -0.336887 -0.941545 -0
    outer loop
      vertex 1.53073 3.69552 4
      vertex 1.16114 3.82776 0
      vertex 1.53073 3.69552 0
    endloop
  endfacet
  facet normal -0.671545 -0.740964 0
    outer loop
      vertex 2.53757 3.09204 0
      vertex 2.82843 2.82843 4
      vertex 2.53757 3.09204 4
    endloop
  endfacet
  facet normal -0.671545 -0.740964 -0
    outer loop
      vertex 2.82843 2.82843 4
      vertex 2.53757 3.09204 0
      vertex 2.82843 2.82843 0
    endloop
  endfacet
  facet normal -0.514095 -0.857733 0
    outer loop
      vertex 1.88559 3.52768 0
      vertex 2.22228 3.32588 4
      vertex 1.88559 3.52768 4
    endloop
  endfacet
  facet normal -0.514095 -0.857733 -0
    outer loop
      vertex 2.22228 3.32588 4
      vertex 1.88559 3.52768 0
      vertex 2.22228 3.32588 0
    endloop
  endfacet
  facet normal -0.803201 -0.595708 0
    outer loop
      vertex 3.32588 2.22228 0
      vertex 3.09204 2.53757 4
      vertex 3.09204 2.53757 0
    endloop
  endfacet
  facet normal -0.803201 -0.595708 0
    outer loop
      vertex 3.09204 2.53757 4
      vertex 3.32588 2.22228 0
      vertex 3.32588 2.22228 4
    endloop
  endfacet
  facet normal -0.903986 -0.427563 0
    outer loop
      vertex 3.69552 1.53073 0
      vertex 3.52768 1.88559 4
      vertex 3.52768 1.88559 0
    endloop
  endfacet
  facet normal -0.903986 -0.427563 0
    outer loop
      vertex 3.52768 1.88559 4
      vertex 3.69552 1.53073 0
      vertex 3.69552 1.53073 4
    endloop
  endfacet
  facet normal 0.671545 -0.740964 0
    outer loop
      vertex -2.82843 2.82843 0
      vertex -2.53757 3.09204 4
      vertex -2.82843 2.82843 4
    endloop
  endfacet
  facet normal 0.671545 -0.740964 0
    outer loop
      vertex -2.53757 3.09204 4
      vertex -2.82843 2.82843 0
      vertex -2.53757 3.09204 0
    endloop
  endfacet
  facet normal 0.514095 -0.857733 0
    outer loop
      vertex -2.22228 3.32588 0
      vertex -1.88559 3.52768 4
      vertex -2.22228 3.32588 4
    endloop
  endfacet
  facet normal 0.514095 -0.857733 0
    outer loop
      vertex -1.88559 3.52768 4
      vertex -2.22228 3.32588 0
      vertex -1.88559 3.52768 0
    endloop
  endfacet
  facet normal 0.336887 -0.941545 0
    outer loop
      vertex -1.53073 3.69552 0
      vertex -1.16114 3.82776 4
      vertex -1.53073 3.69552 4
    endloop
  endfacet
  facet normal 0.336887 -0.941545 0
    outer loop
      vertex -1.16114 3.82776 4
      vertex -1.53073 3.69552 0
      vertex -1.16114 3.82776 0
    endloop
  endfacet
  facet normal 0.146736 -0.989176 0
    outer loop
      vertex -0.780361 3.92314 0
      vertex -0.392068 3.98074 4
      vertex -0.780361 3.92314 4
    endloop
  endfacet
  facet normal 0.146736 -0.989176 0
    outer loop
      vertex -0.392068 3.98074 4
      vertex -0.780361 3.92314 0
      vertex -0.392068 3.98074 0
    endloop
  endfacet
  facet normal 0.903986 -0.427563 0
    outer loop
      vertex -3.69552 1.53073 4
      vertex -3.52768 1.88559 0
      vertex -3.52768 1.88559 4
    endloop
  endfacet
  facet normal 0.903986 -0.427563 0
    outer loop
      vertex -3.52768 1.88559 0
      vertex -3.69552 1.53073 4
      vertex -3.69552 1.53073 0
    endloop
  endfacet
  facet normal 0.803201 -0.595708 0
    outer loop
      vertex -3.32588 2.22228 4
      vertex -3.09204 2.53757 0
      vertex -3.09204 2.53757 4
    endloop
  endfacet
  facet normal 0.803201 -0.595708 0
    outer loop
      vertex -3.09204 2.53757 0
      vertex -3.32588 2.22228 4
      vertex -3.32588 2.22228 0
    endloop
  endfacet
  facet normal 0.970031 -0.24298 0
    outer loop
      vertex -3.92314 0.780361 4
      vertex -3.82776 1.16114 0
      vertex -3.82776 1.16114 4
    endloop
  endfacet
  facet normal 0.970031 -0.24298 0
    outer loop
      vertex -3.82776 1.16114 0
      vertex -3.92314 0.780361 4
      vertex -3.92314 0.780361 0
    endloop
  endfacet
  facet normal 0.998796 -0.049065 0
    outer loop
      vertex -4 0 4
      vertex -3.98074 0.392068 0
      vertex -3.98074 0.392068 4
    endloop
  endfacet
  facet normal 0.998796 -0.049065 0
    outer loop
      vertex -3.98074 0.392068 0
      vertex -4 0 4
      vertex -4 0 0
    endloop
  endfacet
  facet normal -0.146736 -0.989176 0
    outer loop
      vertex 0.392068 3.98074 0
      vertex 0.780361 3.92314 4
      vertex 0.392068 3.98074 4
    endloop
  endfacet
  facet normal -0.146736 -0.989176 -0
    outer loop
      vertex 0.780361 3.92314 4
      vertex 0.392068 3.98074 0
      vertex 0.780361 3.92314 0
    endloop
  endfacet
  facet normal -0.427563 -0.903986 0
    outer loop
      vertex 1.53073 3.69552 0
      vertex 1.88559 3.52768 4
      vertex 1.53073 3.69552 4
    endloop
  endfacet
  facet normal -0.427563 -0.903986 -0
    outer loop
      vertex 1.88559 3.52768 4
      vertex 1.53073 3.69552 0
      vertex 1.88559 3.52768 0
    endloop
  endfacet
  facet normal -0.740964 -0.671545 0
    outer loop
      vertex 3.09204 2.53757 0
      vertex 2.82843 2.82843 4
      vertex 2.82843 2.82843 0
    endloop
  endfacet
  facet normal -0.740964 -0.671545 0
    outer loop
      vertex 2.82843 2.82843 4
      vertex 3.09204 2.53757 0
      vertex 3.09204 2.53757 4
    endloop
  endfacet
  facet normal -0.595708 -0.803201 0
    outer loop
      vertex 2.22228 3.32588 0
      vertex 2.53757 3.09204 4
      vertex 2.22228 3.32588 4
    endloop
  endfacet
  facet normal -0.595708 -0.803201 -0
    outer loop
      vertex 2.53757 3.09204 4
      vertex 2.22228 3.32588 0
      vertex 2.53757 3.09204 0
    endloop
  endfacet
  facet normal -0.857733 -0.514095 0
    outer loop
      vertex 3.52768 1.88559 0
      vertex 3.32588 2.22228 4
      vertex 3.32588 2.22228 0
    endloop
  endfacet
  facet normal -0.857733 -0.514095 0
    outer loop
      vertex 3.32588 2.22228 4
      vertex 3.52768 1.88559 0
      vertex 3.52768 1.88559 4
    endloop
  endfacet
  facet normal -0.989176 -0.146736 0
    outer loop
      vertex 3.98074 0.392068 0
      vertex 3.92314 0.780361 4
      vertex 3.92314 0.780361 0
    endloop
  endfacet
  facet normal -0.989176 -0.146736 0
    outer loop
      vertex 3.92314 0.780361 4
      vertex 3.98074 0.392068 0
      vertex 3.98074 0.392068 4
    endloop
  endfacet
  facet normal 0.595708 -0.803201 0
    outer loop
      vertex -2.53757 3.09204 0
      vertex -2.22228 3.32588 4
      vertex -2.53757 3.09204 4
    endloop
  endfacet
  facet normal 0.595708 -0.803201 0
    outer loop
      vertex -2.22228 3.32588 4
      vertex -2.53757 3.09204 0
      vertex -2.22228 3.32588 0
    endloop
  endfacet
  facet normal 0.427563 -0.903986 0
    outer loop
      vertex -1.88559 3.52768 0
      vertex -1.53073 3.69552 4
      vertex -1.88559 3.52768 4
    endloop
  endfacet
  facet normal 0.427563 -0.903986 0
    outer loop
      vertex -1.53073 3.69552 4
      vertex -1.88559 3.52768 0
      vertex -1.53073 3.69552 0
    endloop
  endfacet
  facet normal 0.24298 -0.970031 0
    outer loop
      vertex -1.16114 3.82776 0
      vertex -0.780361 3.92314 4
      vertex -1.16114 3.82776 4
    endloop
  endfacet
  facet normal 0.24298 -0.970031 0
    outer loop
      vertex -0.780361 3.92314 4
      vertex -1.16114 3.82776 0
      vertex -0.780361 3.92314 0
    endloop
  endfacet
  facet normal 0.049065 -0.998796 0
    outer loop
      vertex -0.392068 3.98074 0
      vertex 0 4 4
      vertex -0.392068 3.98074 4
    endloop
  endfacet
  facet normal 0.049065 -0.998796 0
    outer loop
      vertex 0 4 4
      vertex -0.392068 3.98074 0
      vertex 0 4 0
    endloop
  endfacet
  facet normal 0.857733 -0.514095 0
    outer loop
      vertex -3.52768 1.88559 4
      vertex -3.32588 2.22228 0
      vertex -3.32588 2.22228 4
    endloop
  endfacet
  facet normal 0.857733 -0.514095 0
    outer loop
      vertex -3.32588 2.22228 0
      vertex -3.52768 1.88559 4
      vertex -3.52768 1.88559 0
    endloop
  endfacet
  facet normal 0.740964 -0.671545 0
    outer loop
      vertex -3.09204 2.53757 4
      vertex -2.82843 2.82843 0
      vertex -2.82843 2.82843 4
    endloop
  endfacet
  facet normal 0.740964 -0.671545 0
    outer loop
      vertex -2.82843 2.82843 0
      vertex -3.09204 2.53757 4
      vertex -3.09204 2.53757 0
    endloop
  endfacet
  facet normal 0.989176 -0.146736 0
    outer loop
      vertex -3.98074 0.392068 4
      vertex -3.92314 0.780361 0
      vertex -3.92314 0.780361 4
    endloop
  endfacet
  facet normal 0.989176 -0.146736 0
    outer loop
      vertex -3.92314 0.780361 0
      vertex -3.98074 0.392068 4
      vertex -3.98074 0.392068 0
    endloop
  endfacet
  facet normal -0.24298 -0.970031 0
    outer loop
      vertex 0.780361 3.92314 0
      vertex 1.16114 3.82776 4
      vertex 0.780361 3.92314 4
    endloop
  endfacet
  facet normal -0.24298 -0.970031 -0
    outer loop
      vertex 1.16114 3.82776 4
      vertex 0.780361 3.92314 0
      vertex 1.16114 3.82776 0
    endloop
  endfacet
endsolid OpenSCAD_Model
