solid OpenSCAD_Model
  facet normal 0 0 -1
    outer loop
      vertex 28 -38 0
      vertex 52 -12 0
      vertex 52 -38 0
    endloop
  endfacet
  facet normal 0 0 -1
    outer loop
      vertex 2.44828 -1.01411 0
      vertex 52 -12 0
      vertex 28 -38 0
    endloop
  endfacet
  facet normal 0 0 -1
    outer loop
      vertex 2.63724 0.259745 0
      vertex 52 -12 0
      vertex 2.65 0 0
    endloop
  endfacet
  facet normal 0 0 -1
    outer loop
      vertex 52 -12 0
      vertex 2.63724 -0.259745 0
      vertex 2.65 0 0
    endloop
  endfacet
  facet normal 0 0 -1
    outer loop
      vertex 52 -12 0
      vertex 2.59908 -0.516989 0
      vertex 2.63724 -0.259745 0
    endloop
  endfacet
  facet normal 0 0 -1
    outer loop
      vertex 52 -12 0
      vertex 2.53589 -0.769254 0
      vertex 2.59908 -0.516989 0
    endloop
  endfacet
  facet normal 0 0 -1
    outer loop
      vertex 52 -12 0
      vertex 2.44828 -1.01411 0
      vertex 2.53589 -0.769254 0
    endloop
  endfacet
  facet normal 0 0 -1
    outer loop
      vertex 28 -38 0
      vertex 2.33709 -1.2492 0
      vertex 2.44828 -1.01411 0
    endloop
  endfacet
  facet normal 0 0 -1
    outer loop
      vertex 28 -38 0
      vertex 2.20339 -1.47226 0
      vertex 2.33709 -1.2492 0
    endloop
  endfacet
  facet normal 0 0 -1
    outer loop
      vertex 28 -38 0
      vertex 2.04848 -1.68114 0
      vertex 2.20339 -1.47226 0
    endloop
  endfacet
  facet normal 0 0 -1
    outer loop
      vertex 28 -38 0
      vertex 1.87383 -1.87383 0
      vertex 2.04848 -1.68114 0
    endloop
  endfacet
  facet normal 0 0 -1
    outer loop
      vertex 28 -38 0
      vertex 1.68114 -2.04848 0
      vertex 1.87383 -1.87383 0
    endloop
  endfacet
  facet normal 0 0 -1
    outer loop
      vertex 28 -38 0
      vertex 1.47226 -2.20339 0
      vertex 1.68114 -2.04848 0
    endloop
  endfacet
  facet normal 0 0 -1
    outer loop
      vertex 28 -38 0
      vertex 1.2492 -2.33709 0
      vertex 1.47226 -2.20339 0
    endloop
  endfacet
  facet normal 0 0 -1
    outer loop
      vertex 28 -38 0
      vertex 1.01411 -2.44828 0
      vertex 1.2492 -2.33709 0
    endloop
  endfacet
  facet normal 0 0 -1
    outer loop
      vertex 28 -38 0
      vertex 0.769254 -2.53589 0
      vertex 1.01411 -2.44828 0
    endloop
  endfacet
  facet normal 0 0 -1
    outer loop
      vertex -5.65685 -5.65685 0
      vertex 0.769254 -2.53589 0
      vertex 28 -38 0
    endloop
  endfacet
  facet normal 0 0 -1
    outer loop
      vertex 0.769254 -2.53589 0
      vertex -5.65685 -5.65685 0
      vertex 0.516989 -2.59908 0
    endloop
  endfacet
  facet normal 0 0 -1
    outer loop
      vertex 0.516989 -2.59908 0
      vertex -5.65685 -5.65685 0
      vertex 0.259745 -2.63724 0
    endloop
  endfacet
  facet normal 0 0 -1
    outer loop
      vertex 0.259745 -2.63724 0
      vertex -5.65685 -5.65685 0
      vertex 0 -2.65 0
    endloop
  endfacet
  facet normal -0 0 -1
    outer loop
      vertex 0 -2.65 0
      vertex -5.65685 -5.65685 0
      vertex -0.259745 -2.63724 0
    endloop
  endfacet
  facet normal -0 0 -1
    outer loop
      vertex -0.259745 -2.63724 0
      vertex -5.65685 -5.65685 0
      vertex -0.516989 -2.59908 0
    endloop
  endfacet
  facet normal -0 0 -1
    outer loop
      vertex -0.516989 -2.59908 0
      vertex -5.65685 -5.65685 0
      vertex -0.769254 -2.53589 0
    endloop
  endfacet
  facet normal -0 0 -1
    outer loop
      vertex -0.769254 -2.53589 0
      vertex -5.65685 -5.65685 0
      vertex -1.01411 -2.44828 0
    endloop
  endfacet
  facet normal -0 0 -1
    outer loop
      vertex -1.01411 -2.44828 0
      vertex -5.65685 -5.65685 0
      vertex -1.2492 -2.33709 0
    endloop
  endfacet
  facet normal -0 0 -1
    outer loop
      vertex -1.2492 -2.33709 0
      vertex -5.65685 -5.65685 0
      vertex -1.47226 -2.20339 0
    endloop
  endfacet
  facet normal -0 0 -1
    outer loop
      vertex -1.47226 -2.20339 0
      vertex -5.65685 -5.65685 0
      vertex -1.68114 -2.04848 0
    endloop
  endfacet
  facet normal -0 0 -1
    outer loop
      vertex -1.68114 -2.04848 0
      vertex -5.65685 -5.65685 0
      vertex -1.87383 -1.87383 0
    endloop
  endfacet
  facet normal 0 0 -1
    outer loop
      vertex -8 0 0
      vertex -2.65 0 0
      vertex -2.63724 -0.259745 0
    endloop
  endfacet
  facet normal 0 0 -1
    outer loop
      vertex -2.65 0 0
      vertex -3.77117 7.05537 0
      vertex -3.06147 7.39104 0
    endloop
  endfacet
  facet normal 0 0 -1
    outer loop
      vertex -7.96148 -0.784137 0
      vertex -2.63724 -0.259745 0
      vertex -2.59908 -0.516989 0
    endloop
  endfacet
  facet normal 0 0 -1
    outer loop
      vertex -2.65 0 0
      vertex -4.44456 6.65176 0
      vertex -3.77117 7.05537 0
    endloop
  endfacet
  facet normal 0 0 -1
    outer loop
      vertex -7.84628 -1.56072 0
      vertex -2.59908 -0.516989 0
      vertex -2.53589 -0.769254 0
    endloop
  endfacet
  facet normal 0 0 -1
    outer loop
      vertex -2.65 0 0
      vertex -5.07515 6.18408 0
      vertex -4.44456 6.65176 0
    endloop
  endfacet
  facet normal 0 0 -1
    outer loop
      vertex -7.65552 -2.32228 0
      vertex -2.53589 -0.769254 0
      vertex -2.44828 -1.01411 0
    endloop
  endfacet
  facet normal -0 0 -1
    outer loop
      vertex -1.87383 -1.87383 0
      vertex -5.65685 -5.65685 0
      vertex -2.04848 -1.68114 0
    endloop
  endfacet
  facet normal 0 0 -1
    outer loop
      vertex -6.18408 -5.07515 0
      vertex -2.04848 -1.68114 0
      vertex -5.65685 -5.65685 0
    endloop
  endfacet
  facet normal -0 0 -1
    outer loop
      vertex -2.04848 -1.68114 0
      vertex -6.18408 -5.07515 0
      vertex -2.20339 -1.47226 0
    endloop
  endfacet
  facet normal 0 0 -1
    outer loop
      vertex -6.65176 -4.44456 0
      vertex -2.20339 -1.47226 0
      vertex -6.18408 -5.07515 0
    endloop
  endfacet
  facet normal -0 0 -1
    outer loop
      vertex -2.20339 -1.47226 0
      vertex -6.65176 -4.44456 0
      vertex -2.33709 -1.2492 0
    endloop
  endfacet
  facet normal 0 0 -1
    outer loop
      vertex -2.65 0 0
      vertex -5.65685 5.65685 0
      vertex -5.07515 6.18408 0
    endloop
  endfacet
  facet normal 0 0 -1
    outer loop
      vertex -7.05537 -3.77117 0
      vertex -2.33709 -1.2492 0
      vertex -6.65176 -4.44456 0
    endloop
  endfacet
  facet normal 0 0 -1
    outer loop
      vertex -2.65 0 0
      vertex -6.18408 5.07515 0
      vertex -5.65685 5.65685 0
    endloop
  endfacet
  facet normal -0 0 -1
    outer loop
      vertex -2.33709 -1.2492 0
      vertex -7.05537 -3.77117 0
      vertex -2.44828 -1.01411 0
    endloop
  endfacet
  facet normal 0 0 -1
    outer loop
      vertex -2.65 0 0
      vertex -6.65176 4.44456 0
      vertex -6.18408 5.07515 0
    endloop
  endfacet
  facet normal 0 0 -1
    outer loop
      vertex -7.39104 -3.06147 0
      vertex -2.44828 -1.01411 0
      vertex -7.05537 -3.77117 0
    endloop
  endfacet
  facet normal 0 0 -1
    outer loop
      vertex -2.65 0 0
      vertex -7.05537 3.77117 0
      vertex -6.65176 4.44456 0
    endloop
  endfacet
  facet normal 0 0 -1
    outer loop
      vertex -7.65552 -2.32228 0
      vertex -2.44828 -1.01411 0
      vertex -7.39104 -3.06147 0
    endloop
  endfacet
  facet normal 0 0 -1
    outer loop
      vertex -2.65 0 0
      vertex -7.39104 3.06147 0
      vertex -7.05537 3.77117 0
    endloop
  endfacet
  facet normal 0 0 -1
    outer loop
      vertex -2.53589 -0.769254 0
      vertex -7.65552 -2.32228 0
      vertex -7.84628 -1.56072 0
    endloop
  endfacet
  facet normal 0 0 -1
    outer loop
      vertex -2.65 0 0
      vertex -7.65552 2.32228 0
      vertex -7.39104 3.06147 0
    endloop
  endfacet
  facet normal 0 0 -1
    outer loop
      vertex -2.59908 -0.516989 0
      vertex -7.84628 -1.56072 0
      vertex -7.96148 -0.784137 0
    endloop
  endfacet
  facet normal 0 0 -1
    outer loop
      vertex -2.65 0 0
      vertex -7.84628 1.56072 0
      vertex -7.65552 2.32228 0
    endloop
  endfacet
  facet normal -0 0 -1
    outer loop
      vertex -2.63724 -0.259745 0
      vertex -7.96148 -0.784137 0
      vertex -8 0 0
    endloop
  endfacet
  facet normal 0 0 -1
    outer loop
      vertex -2.65 0 0
      vertex -7.96148 0.784137 0
      vertex -7.84628 1.56072 0
    endloop
  endfacet
  facet normal 0 0 -1
    outer loop
      vertex -2.65 0 0
      vertex -8 0 0
      vertex -7.96148 0.784137 0
    endloop
  endfacet
  facet normal 0 0 -1
    outer loop
      vertex 52 -12 0
      vertex 2.63724 0.259745 0
      vertex 3.06147 7.39104 0
    endloop
  endfacet
  facet normal 0 0 -1
    outer loop
      vertex 2.59908 0.516989 0
      vertex 3.06147 7.39104 0
      vertex 2.63724 0.259745 0
    endloop
  endfacet
  facet normal 0 0 -1
    outer loop
      vertex 2.53589 0.769254 0
      vertex 3.06147 7.39104 0
      vertex 2.59908 0.516989 0
    endloop
  endfacet
  facet normal 0 0 -1
    outer loop
      vertex 2.44828 1.01411 0
      vertex 3.06147 7.39104 0
      vertex 2.53589 0.769254 0
    endloop
  endfacet
  facet normal 0 0 -1
    outer loop
      vertex 2.33709 1.2492 0
      vertex 3.06147 7.39104 0
      vertex 2.44828 1.01411 0
    endloop
  endfacet
  facet normal 0 0 -1
    outer loop
      vertex 2.20339 1.47226 0
      vertex 3.06147 7.39104 0
      vertex 2.33709 1.2492 0
    endloop
  endfacet
  facet normal 0 0 -1
    outer loop
      vertex 2.04848 1.68114 0
      vertex 3.06147 7.39104 0
      vertex 2.20339 1.47226 0
    endloop
  endfacet
  facet normal 0 0 -1
    outer loop
      vertex 1.87383 1.87383 0
      vertex 3.06147 7.39104 0
      vertex 2.04848 1.68114 0
    endloop
  endfacet
  facet normal 0 0 -1
    outer loop
      vertex 1.68114 2.04848 0
      vertex 3.06147 7.39104 0
      vertex 1.87383 1.87383 0
    endloop
  endfacet
  facet normal 0 0 -1
    outer loop
      vertex 1.47226 2.20339 0
      vertex 3.06147 7.39104 0
      vertex 1.68114 2.04848 0
    endloop
  endfacet
  facet normal 0 0 -1
    outer loop
      vertex 1.2492 2.33709 0
      vertex 3.06147 7.39104 0
      vertex 1.47226 2.20339 0
    endloop
  endfacet
  facet normal 0 0 -1
    outer loop
      vertex 1.01411 2.44828 0
      vertex 3.06147 7.39104 0
      vertex 1.2492 2.33709 0
    endloop
  endfacet
  facet normal -0 0 -1
    outer loop
      vertex 3.06147 7.39104 0
      vertex 1.01411 2.44828 0
      vertex 2.32228 7.65552 0
    endloop
  endfacet
  facet normal 0 0 -1
    outer loop
      vertex 0.769254 2.53589 0
      vertex 2.32228 7.65552 0
      vertex 1.01411 2.44828 0
    endloop
  endfacet
  facet normal -0 0 -1
    outer loop
      vertex 2.32228 7.65552 0
      vertex 0.769254 2.53589 0
      vertex 1.56072 7.84628 0
    endloop
  endfacet
  facet normal 0 0 -1
    outer loop
      vertex 0.516989 2.59908 0
      vertex 1.56072 7.84628 0
      vertex 0.769254 2.53589 0
    endloop
  endfacet
  facet normal -0 0 -1
    outer loop
      vertex 1.56072 7.84628 0
      vertex 0.516989 2.59908 0
      vertex 0.784137 7.96148 0
    endloop
  endfacet
  facet normal 0 0 -1
    outer loop
      vertex 0.259745 2.63724 0
      vertex 0.784137 7.96148 0
      vertex 0.516989 2.59908 0
    endloop
  endfacet
  facet normal 0 0 -1
    outer loop
      vertex 0 2.65 0
      vertex 0.784137 7.96148 0
      vertex 0.259745 2.63724 0
    endloop
  endfacet
  facet normal 0 0 -1
    outer loop
      vertex 0 2.65 0
      vertex 0 8 0
      vertex 0.784137 7.96148 0
    endloop
  endfacet
  facet normal 0 0 -1
    outer loop
      vertex -0.259745 2.63724 0
      vertex 0 8 0
      vertex 0 2.65 0
    endloop
  endfacet
  facet normal 0 0 -1
    outer loop
      vertex -0.784137 7.96148 0
      vertex -0.259745 2.63724 0
      vertex -0.516989 2.59908 0
    endloop
  endfacet
  facet normal 0 0 -1
    outer loop
      vertex -1.56072 7.84628 0
      vertex -0.516989 2.59908 0
      vertex -0.769254 2.53589 0
    endloop
  endfacet
  facet normal 0 0 -1
    outer loop
      vertex -0.259745 2.63724 0
      vertex -0.784137 7.96148 0
      vertex 0 8 0
    endloop
  endfacet
  facet normal 0 0 -1
    outer loop
      vertex -2.32228 7.65552 0
      vertex -0.769254 2.53589 0
      vertex -1.01411 2.44828 0
    endloop
  endfacet
  facet normal 0 0 -1
    outer loop
      vertex -3.06147 7.39104 0
      vertex -1.01411 2.44828 0
      vertex -1.2492 2.33709 0
    endloop
  endfacet
  facet normal 0 0 -1
    outer loop
      vertex -3.06147 7.39104 0
      vertex -1.2492 2.33709 0
      vertex -1.47226 2.20339 0
    endloop
  endfacet
  facet normal 0 0 -1
    outer loop
      vertex -0.516989 2.59908 0
      vertex -1.56072 7.84628 0
      vertex -0.784137 7.96148 0
    endloop
  endfacet
  facet normal 0 0 -1
    outer loop
      vertex -3.06147 7.39104 0
      vertex -1.47226 2.20339 0
      vertex -1.68114 2.04848 0
    endloop
  endfacet
  facet normal 0 0 -1
    outer loop
      vertex -3.06147 7.39104 0
      vertex -1.68114 2.04848 0
      vertex -1.87383 1.87383 0
    endloop
  endfacet
  facet normal 0 0 -1
    outer loop
      vertex -3.06147 7.39104 0
      vertex -1.87383 1.87383 0
      vertex -2.04848 1.68114 0
    endloop
  endfacet
  facet normal 0 0 -1
    outer loop
      vertex -3.06147 7.39104 0
      vertex -2.04848 1.68114 0
      vertex -2.20339 1.47226 0
    endloop
  endfacet
  facet normal 0 0 -1
    outer loop
      vertex -0.769254 2.53589 0
      vertex -2.32228 7.65552 0
      vertex -1.56072 7.84628 0
    endloop
  endfacet
  facet normal 0 0 -1
    outer loop
      vertex -3.06147 7.39104 0
      vertex -2.20339 1.47226 0
      vertex -2.33709 1.2492 0
    endloop
  endfacet
  facet normal 0 0 -1
    outer loop
      vertex -3.06147 7.39104 0
      vertex -2.33709 1.2492 0
      vertex -2.44828 1.01411 0
    endloop
  endfacet
  facet normal 0 0 -1
    outer loop
      vertex -3.06147 7.39104 0
      vertex -2.44828 1.01411 0
      vertex -2.53589 0.769254 0
    endloop
  endfacet
  facet normal 0 0 -1
    outer loop
      vertex -3.06147 7.39104 0
      vertex -2.53589 0.769254 0
      vertex -2.59908 0.516989 0
    endloop
  endfacet
  facet normal 0 0 -1
    outer loop
      vertex -3.06147 7.39104 0
      vertex -2.59908 0.516989 0
      vertex -2.63724 0.259745 0
    endloop
  endfacet
  facet normal 0 0 -1
    outer loop
      vertex -3.06147 7.39104 0
      vertex -2.63724 0.259745 0
      vertex -2.65 0 0
    endloop
  endfacet
  facet normal 0 0 -1
    outer loop
      vertex -1.01411 2.44828 0
      vertex -3.06147 7.39104 0
      vertex -2.32228 7.65552 0
    endloop
  endfacet
  facet normal -0.989176 0.146736 0
    outer loop
      vertex -7.96148 0.784137 0
      vertex -7.84628 1.56072 5
      vertex -7.84628 1.56072 0
    endloop
  endfacet
  facet normal -0.989176 0.146736 0
    outer loop
      vertex -7.84628 1.56072 5
      vertex -7.96148 0.784137 0
      vertex -7.96148 0.784137 5
    endloop
  endfacet
  facet normal -0.998796 -0.0490649 0
    outer loop
      vertex -7.96148 -0.784137 0
      vertex -8 0 5
      vertex -8 0 0
    endloop
  endfacet
  facet normal -0.998796 -0.0490649 0
    outer loop
      vertex -8 0 5
      vertex -7.96148 -0.784137 0
      vertex -7.96148 -0.784137 5
    endloop
  endfacet
  facet normal -0.998796 0.0490649 0
    outer loop
      vertex -8 0 0
      vertex -7.96148 0.784137 5
      vertex -7.96148 0.784137 0
    endloop
  endfacet
  facet normal -0.998796 0.0490649 0
    outer loop
      vertex -7.96148 0.784137 5
      vertex -8 0 0
      vertex -8 0 5
    endloop
  endfacet
  facet normal 0 -1 0
    outer loop
      vertex 28 -38 45
      vertex 36.9 -38 40.8
      vertex 52 -38 45
    endloop
  endfacet
  facet normal 0 -1 0
    outer loop
      vertex 28 -38 45
      vertex 36.9 -38 38
      vertex 36.9 -38 40.8
    endloop
  endfacet
  facet normal 0 -1 -0
    outer loop
      vertex 36.9 -38 38
      vertex 28 -38 5
      vertex 43.1 -38 38
    endloop
  endfacet
  facet normal 0 -1 0
    outer loop
      vertex 28 -38 5
      vertex 36.9 -38 38
      vertex 28 -38 45
    endloop
  endfacet
  facet normal 0 -1 0
    outer loop
      vertex 43.1 -38 40.8
      vertex 52 -38 45
      vertex 36.9 -38 40.8
    endloop
  endfacet
  facet normal 0 -1 0
    outer loop
      vertex 43.1 -38 38
      vertex 52 -38 45
      vertex 43.1 -38 40.8
    endloop
  endfacet
  facet normal 0 -1 0
    outer loop
      vertex 52 -38 0
      vertex 43.1 -38 38
      vertex 28 -38 5
    endloop
  endfacet
  facet normal 0 -1 0
    outer loop
      vertex 52 -38 0
      vertex 28 -38 5
      vertex 28 -38 0
    endloop
  endfacet
  facet normal 0 -1 0
    outer loop
      vertex 43.1 -38 38
      vertex 52 -38 0
      vertex 52 -38 45
    endloop
  endfacet
  facet normal -0.692895 -0.721039 0
    outer loop
      vertex -5.65685 -5.65685 0
      vertex 28 -38 5
      vertex -5.65685 -5.65685 5
    endloop
  endfacet
  facet normal -0.692895 -0.721039 -0
    outer loop
      vertex 28 -38 5
      vertex -5.65685 -5.65685 0
      vertex 28 -38 0
    endloop
  endfacet
  facet normal 1 -0 0
    outer loop
      vertex 52 -19.067 33.2002
      vertex 52 -12 5
      vertex 52 -12 45
    endloop
  endfacet
  facet normal 1 0 0
    outer loop
      vertex 52 -18.8299 34.3923
      vertex 52 -12 45
      vertex 52 -18.8 35
    endloop
  endfacet
  facet normal 1 0 0
    outer loop
      vertex 52 -12 45
      vertex 52 -18.8299 35.6077
      vertex 52 -18.8 35
    endloop
  endfacet
  facet normal 1 0 0
    outer loop
      vertex 52 -12 45
      vertex 52 -18.9191 36.2095
      vertex 52 -18.8299 35.6077
    endloop
  endfacet
  facet normal 1 0 0
    outer loop
      vertex 52 -12 45
      vertex 52 -19.067 36.7998
      vertex 52 -18.9191 36.2095
    endloop
  endfacet
  facet normal 1 0 0
    outer loop
      vertex 52 -12 45
      vertex 52 -19.272 37.3726
      vertex 52 -19.067 36.7998
    endloop
  endfacet
  facet normal 1 0 0
    outer loop
      vertex 52 -12 45
      vertex 52 -19.5321 37.9227
      vertex 52 -19.272 37.3726
    endloop
  endfacet
  facet normal 1 0 0
    outer loop
      vertex 52 -12 45
      vertex 52 -19.8449 38.4445
      vertex 52 -19.5321 37.9227
    endloop
  endfacet
  facet normal 1 0 0
    outer loop
      vertex 52 -12 45
      vertex 52 -20.2073 38.9332
      vertex 52 -19.8449 38.4445
    endloop
  endfacet
  facet normal 1 0 0
    outer loop
      vertex 52 -12 45
      vertex 52 -20.616 39.384
      vertex 52 -20.2073 38.9332
    endloop
  endfacet
  facet normal 1 0 0
    outer loop
      vertex 52 -12 45
      vertex 52 -25 43.7681
      vertex 52 -20.616 39.384
    endloop
  endfacet
  facet normal 1 0 0
    outer loop
      vertex 52 -31.1701 35.6077
      vertex 52 -38 45
      vertex 52 -31.2 35
    endloop
  endfacet
  facet normal 1 0 0
    outer loop
      vertex 52 -31.0809 36.2095
      vertex 52 -38 45
      vertex 52 -31.1701 35.6077
    endloop
  endfacet
  facet normal 1 0 0
    outer loop
      vertex 52 -30.933 36.7998
      vertex 52 -38 45
      vertex 52 -31.0809 36.2095
    endloop
  endfacet
  facet normal 1 0 0
    outer loop
      vertex 52 -30.728 37.3726
      vertex 52 -38 45
      vertex 52 -30.933 36.7998
    endloop
  endfacet
  facet normal 1 0 0
    outer loop
      vertex 52 -30.4679 37.9227
      vertex 52 -38 45
      vertex 52 -30.728 37.3726
    endloop
  endfacet
  facet normal 1 0 0
    outer loop
      vertex 52 -30.1551 38.4445
      vertex 52 -38 45
      vertex 52 -30.4679 37.9227
    endloop
  endfacet
  facet normal 1 0 0
    outer loop
      vertex 52 -29.7927 38.9332
      vertex 52 -38 45
      vertex 52 -30.1551 38.4445
    endloop
  endfacet
  facet normal 1 0 0
    outer loop
      vertex 52 -29.384 39.384
      vertex 52 -38 45
      vertex 52 -29.7927 38.9332
    endloop
  endfacet
  facet normal 1 0 0
    outer loop
      vertex 52 -25 43.7681
      vertex 52 -38 45
      vertex 52 -29.384 39.384
    endloop
  endfacet
  facet normal 1 -0 0
    outer loop
      vertex 52 -38 45
      vertex 52 -25 43.7681
      vertex 52 -12 45
    endloop
  endfacet
  facet normal 1 0 0
    outer loop
      vertex 52 -18.9191 33.7905
      vertex 52 -12 45
      vertex 52 -18.8299 34.3923
    endloop
  endfacet
  facet normal 1 0 0
    outer loop
      vertex 52 -19.067 33.2002
      vertex 52 -12 45
      vertex 52 -18.9191 33.7905
    endloop
  endfacet
  facet normal 1 -0 0
    outer loop
      vertex 52 -19.272 32.6274
      vertex 52 -12 5
      vertex 52 -19.067 33.2002
    endloop
  endfacet
  facet normal 1 -0 0
    outer loop
      vertex 52 -19.5321 32.0773
      vertex 52 -12 5
      vertex 52 -19.272 32.6274
    endloop
  endfacet
  facet normal 1 -0 0
    outer loop
      vertex 52 -19.8449 31.5555
      vertex 52 -12 5
      vertex 52 -19.5321 32.0773
    endloop
  endfacet
  facet normal 1 -0 0
    outer loop
      vertex 52 -20.2073 31.0668
      vertex 52 -12 5
      vertex 52 -19.8449 31.5555
    endloop
  endfacet
  facet normal 1 -0 0
    outer loop
      vertex 52 -20.616 30.616
      vertex 52 -12 5
      vertex 52 -20.2073 31.0668
    endloop
  endfacet
  facet normal 1 -0 0
    outer loop
      vertex 52 -21.0668 30.2073
      vertex 52 -12 5
      vertex 52 -20.616 30.616
    endloop
  endfacet
  facet normal 1 -0 0
    outer loop
      vertex 52 -21.5555 29.8449
      vertex 52 -12 5
      vertex 52 -21.0668 30.2073
    endloop
  endfacet
  facet normal 1 -0 0
    outer loop
      vertex 52 -22.0773 29.5321
      vertex 52 -12 5
      vertex 52 -21.5555 29.8449
    endloop
  endfacet
  facet normal 1 -0 0
    outer loop
      vertex 52 -22.6274 29.272
      vertex 52 -12 5
      vertex 52 -22.0773 29.5321
    endloop
  endfacet
  facet normal 1 -0 0
    outer loop
      vertex 52 -23.2002 29.067
      vertex 52 -12 5
      vertex 52 -22.6274 29.272
    endloop
  endfacet
  facet normal 1 -0 0
    outer loop
      vertex 52 -23.7905 28.9191
      vertex 52 -12 5
      vertex 52 -23.2002 29.067
    endloop
  endfacet
  facet normal 1 -0 0
    outer loop
      vertex 52 -24.3923 28.8299
      vertex 52 -12 5
      vertex 52 -23.7905 28.9191
    endloop
  endfacet
  facet normal 1 -0 0
    outer loop
      vertex 52 -25 28.8
      vertex 52 -12 5
      vertex 52 -24.3923 28.8299
    endloop
  endfacet
  facet normal 1 0 0
    outer loop
      vertex 52 -25.6077 28.8299
      vertex 52 -12 5
      vertex 52 -25 28.8
    endloop
  endfacet
  facet normal 1 0 0
    outer loop
      vertex 52 -12 5
      vertex 52 -25.6077 28.8299
      vertex 52 -38 0
    endloop
  endfacet
  facet normal 1 0 0
    outer loop
      vertex 52 -38 0
      vertex 52 -25.6077 28.8299
      vertex 52 -26.2095 28.9191
    endloop
  endfacet
  facet normal 1 0 0
    outer loop
      vertex 52 -38 0
      vertex 52 -26.2095 28.9191
      vertex 52 -26.7998 29.067
    endloop
  endfacet
  facet normal 1 0 0
    outer loop
      vertex 52 -38 0
      vertex 52 -26.7998 29.067
      vertex 52 -27.3726 29.272
    endloop
  endfacet
  facet normal 1 0 0
    outer loop
      vertex 52 -38 0
      vertex 52 -27.3726 29.272
      vertex 52 -27.9227 29.5321
    endloop
  endfacet
  facet normal 1 0 0
    outer loop
      vertex 52 -38 0
      vertex 52 -27.9227 29.5321
      vertex 52 -28.4445 29.8449
    endloop
  endfacet
  facet normal 1 0 0
    outer loop
      vertex 52 -38 0
      vertex 52 -28.4445 29.8449
      vertex 52 -28.9332 30.2073
    endloop
  endfacet
  facet normal 1 0 0
    outer loop
      vertex 52 -38 0
      vertex 52 -28.9332 30.2073
      vertex 52 -29.384 30.616
    endloop
  endfacet
  facet normal 1 0 0
    outer loop
      vertex 52 -38 0
      vertex 52 -29.384 30.616
      vertex 52 -29.7927 31.0668
    endloop
  endfacet
  facet normal 1 0 0
    outer loop
      vertex 52 -38 0
      vertex 52 -29.7927 31.0668
      vertex 52 -30.1551 31.5555
    endloop
  endfacet
  facet normal 1 0 0
    outer loop
      vertex 52 -38 0
      vertex 52 -30.1551 31.5555
      vertex 52 -30.4679 32.0773
    endloop
  endfacet
  facet normal 1 0 0
    outer loop
      vertex 52 -38 45
      vertex 52 -31.1701 34.3923
      vertex 52 -31.2 35
    endloop
  endfacet
  facet normal 1 0 0
    outer loop
      vertex 52 -38 45
      vertex 52 -31.0809 33.7905
      vertex 52 -31.1701 34.3923
    endloop
  endfacet
  facet normal 1 0 0
    outer loop
      vertex 52 -38 45
      vertex 52 -30.933 33.2002
      vertex 52 -31.0809 33.7905
    endloop
  endfacet
  facet normal 1 0 0
    outer loop
      vertex 52 -38 0
      vertex 52 -30.933 33.2002
      vertex 52 -38 45
    endloop
  endfacet
  facet normal 1 0 0
    outer loop
      vertex 52 -30.933 33.2002
      vertex 52 -38 0
      vertex 52 -30.728 32.6274
    endloop
  endfacet
  facet normal 1 0 0
    outer loop
      vertex 52 -30.728 32.6274
      vertex 52 -38 0
      vertex 52 -30.4679 32.0773
    endloop
  endfacet
  facet normal 1 0 0
    outer loop
      vertex 52 -12 5
      vertex 52 -38 0
      vertex 52 -12 0
    endloop
  endfacet
  facet normal -0.903986 -0.427562 0
    outer loop
      vertex -7.05537 -3.77117 0
      vertex -7.39104 -3.06147 5
      vertex -7.39104 -3.06147 0
    endloop
  endfacet
  facet normal -0.903986 -0.427562 0
    outer loop
      vertex -7.39104 -3.06147 5
      vertex -7.05537 -3.77117 0
      vertex -7.05537 -3.77117 5
    endloop
  endfacet
  facet normal 0.242979 0.970032 -0
    outer loop
      vertex 2.32228 7.65552 0
      vertex 1.56072 7.84628 5
      vertex 2.32228 7.65552 5
    endloop
  endfacet
  facet normal 0.242979 0.970032 0
    outer loop
      vertex 1.56072 7.84628 5
      vertex 2.32228 7.65552 0
      vertex 1.56072 7.84628 0
    endloop
  endfacet
  facet normal 0.368369 0.92968 -0
    outer loop
      vertex 52 -12 0
      vertex 3.06147 7.39104 5
      vertex 52 -12 5
    endloop
  endfacet
  facet normal 0.368369 0.92968 0
    outer loop
      vertex 3.06147 7.39104 5
      vertex 52 -12 0
      vertex 3.06147 7.39104 0
    endloop
  endfacet
  facet normal -0.970032 -0.242979 0
    outer loop
      vertex -7.65552 -2.32228 0
      vertex -7.84628 -1.56072 5
      vertex -7.84628 -1.56072 0
    endloop
  endfacet
  facet normal -0.970032 -0.242979 0
    outer loop
      vertex -7.84628 -1.56072 5
      vertex -7.65552 -2.32228 0
      vertex -7.65552 -2.32228 5
    endloop
  endfacet
  facet normal -0.803206 -0.595701 0
    outer loop
      vertex -6.18408 -5.07515 0
      vertex -6.65176 -4.44456 5
      vertex -6.65176 -4.44456 0
    endloop
  endfacet
  facet normal -0.803206 -0.595701 0
    outer loop
      vertex -6.65176 -4.44456 5
      vertex -6.18408 -5.07515 0
      vertex -6.18408 -5.07515 5
    endloop
  endfacet
  facet normal -0.740946 -0.671564 0
    outer loop
      vertex -5.65685 -5.65685 0
      vertex -6.18408 -5.07515 5
      vertex -6.18408 -5.07515 0
    endloop
  endfacet
  facet normal -0.740946 -0.671564 0
    outer loop
      vertex -6.18408 -5.07515 5
      vertex -5.65685 -5.65685 0
      vertex -5.65685 -5.65685 5
    endloop
  endfacet
  facet normal -0.857731 -0.514099 0
    outer loop
      vertex -6.65176 -4.44456 0
      vertex -7.05537 -3.77117 5
      vertex -7.05537 -3.77117 0
    endloop
  endfacet
  facet normal -0.857731 -0.514099 0
    outer loop
      vertex -7.05537 -3.77117 5
      vertex -6.65176 -4.44456 0
      vertex -6.65176 -4.44456 5
    endloop
  endfacet
  facet normal -0.941547 -0.336883 0
    outer loop
      vertex -7.39104 -3.06147 0
      vertex -7.65552 -2.32228 5
      vertex -7.65552 -2.32228 0
    endloop
  endfacet
  facet normal -0.941547 -0.336883 0
    outer loop
      vertex -7.65552 -2.32228 5
      vertex -7.39104 -3.06147 0
      vertex -7.39104 -3.06147 5
    endloop
  endfacet
  facet normal -0.989176 -0.146736 0
    outer loop
      vertex -7.84628 -1.56072 0
      vertex -7.96148 -0.784137 5
      vertex -7.96148 -0.784137 0
    endloop
  endfacet
  facet normal -0.989176 -0.146736 0
    outer loop
      vertex -7.96148 -0.784137 5
      vertex -7.84628 -1.56072 0
      vertex -7.84628 -1.56072 5
    endloop
  endfacet
  facet normal 0 0 1
    outer loop
      vertex 28 -12 5
      vertex 2.63724 0.259745 5
      vertex 2.65 0 5
    endloop
  endfacet
  facet normal 0 0 1
    outer loop
      vertex 3.06147 7.39104 5
      vertex 2.59908 0.516989 5
      vertex 2.63724 0.259745 5
    endloop
  endfacet
  facet normal 0 0 1
    outer loop
      vertex 3.06147 7.39104 5
      vertex 2.53589 0.769254 5
      vertex 2.59908 0.516989 5
    endloop
  endfacet
  facet normal 0 0 1
    outer loop
      vertex 3.06147 7.39104 5
      vertex 2.44828 1.01411 5
      vertex 2.53589 0.769254 5
    endloop
  endfacet
  facet normal 0 0 1
    outer loop
      vertex 3.06147 7.39104 5
      vertex 2.33709 1.2492 5
      vertex 2.44828 1.01411 5
    endloop
  endfacet
  facet normal 0 0 1
    outer loop
      vertex 1.01411 2.44828 5
      vertex 3.06147 7.39104 5
      vertex 2.32228 7.65552 5
    endloop
  endfacet
  facet normal 0 0 1
    outer loop
      vertex 3.06147 7.39104 5
      vertex 2.20339 1.47226 5
      vertex 2.33709 1.2492 5
    endloop
  endfacet
  facet normal 0 0 1
    outer loop
      vertex 3.06147 7.39104 5
      vertex 2.04848 1.68114 5
      vertex 2.20339 1.47226 5
    endloop
  endfacet
  facet normal 0 0 1
    outer loop
      vertex 3.06147 7.39104 5
      vertex 1.87383 1.87383 5
      vertex 2.04848 1.68114 5
    endloop
  endfacet
  facet normal 0 0 1
    outer loop
      vertex 3.06147 7.39104 5
      vertex 1.68114 2.04848 5
      vertex 1.87383 1.87383 5
    endloop
  endfacet
  facet normal 0 0 1
    outer loop
      vertex 0.769254 2.53589 5
      vertex 2.32228 7.65552 5
      vertex 1.56072 7.84628 5
    endloop
  endfacet
  facet normal 0 0 1
    outer loop
      vertex 3.06147 7.39104 5
      vertex 1.47226 2.20339 5
      vertex 1.68114 2.04848 5
    endloop
  endfacet
  facet normal 0 0 1
    outer loop
      vertex 3.06147 7.39104 5
      vertex 1.2492 2.33709 5
      vertex 1.47226 2.20339 5
    endloop
  endfacet
  facet normal 0 0 1
    outer loop
      vertex 3.06147 7.39104 5
      vertex 1.01411 2.44828 5
      vertex 1.2492 2.33709 5
    endloop
  endfacet
  facet normal 0 0 1
    outer loop
      vertex 0.516989 2.59908 5
      vertex 1.56072 7.84628 5
      vertex 0.784137 7.96148 5
    endloop
  endfacet
  facet normal 0 0 1
    outer loop
      vertex 2.32228 7.65552 5
      vertex 0.769254 2.53589 5
      vertex 1.01411 2.44828 5
    endloop
  endfacet
  facet normal 0 0 1
    outer loop
      vertex 1.56072 7.84628 5
      vertex 0.516989 2.59908 5
      vertex 0.769254 2.53589 5
    endloop
  endfacet
  facet normal 0 0 1
    outer loop
      vertex 0.784137 7.96148 5
      vertex 0.259745 2.63724 5
      vertex 0.516989 2.59908 5
    endloop
  endfacet
  facet normal 0 0 1
    outer loop
      vertex 0 8 5
      vertex 0.259745 2.63724 5
      vertex 0.784137 7.96148 5
    endloop
  endfacet
  facet normal 0 0 1
    outer loop
      vertex 0 8 5
      vertex 0 2.65 5
      vertex 0.259745 2.63724 5
    endloop
  endfacet
  facet normal 0 0 1
    outer loop
      vertex 0 8 5
      vertex -0.259745 2.63724 5
      vertex 0 2.65 5
    endloop
  endfacet
  facet normal -0 0 1
    outer loop
      vertex -0.784137 7.96148 5
      vertex -0.259745 2.63724 5
      vertex 0 8 5
    endloop
  endfacet
  facet normal 0 0 1
    outer loop
      vertex -0.259745 2.63724 5
      vertex -0.784137 7.96148 5
      vertex -0.516989 2.59908 5
    endloop
  endfacet
  facet normal -0 0 1
    outer loop
      vertex -1.56072 7.84628 5
      vertex -0.516989 2.59908 5
      vertex -0.784137 7.96148 5
    endloop
  endfacet
  facet normal 0 0 1
    outer loop
      vertex -0.516989 2.59908 5
      vertex -1.56072 7.84628 5
      vertex -0.769254 2.53589 5
    endloop
  endfacet
  facet normal -0 0 1
    outer loop
      vertex -2.32228 7.65552 5
      vertex -0.769254 2.53589 5
      vertex -1.56072 7.84628 5
    endloop
  endfacet
  facet normal 0 0 1
    outer loop
      vertex -0.769254 2.53589 5
      vertex -2.32228 7.65552 5
      vertex -1.01411 2.44828 5
    endloop
  endfacet
  facet normal -0 0 1
    outer loop
      vertex -3.06147 7.39104 5
      vertex -1.01411 2.44828 5
      vertex -2.32228 7.65552 5
    endloop
  endfacet
  facet normal 0 0 1
    outer loop
      vertex -1.01411 2.44828 5
      vertex -3.06147 7.39104 5
      vertex -1.2492 2.33709 5
    endloop
  endfacet
  facet normal -0 0 1
    outer loop
      vertex -3.77117 7.05537 5
      vertex -1.2492 2.33709 5
      vertex -3.06147 7.39104 5
    endloop
  endfacet
  facet normal 0 0 1
    outer loop
      vertex -1.2492 2.33709 5
      vertex -3.77117 7.05537 5
      vertex -1.47226 2.20339 5
    endloop
  endfacet
  facet normal -0 0 1
    outer loop
      vertex -4.44456 6.65176 5
      vertex -1.47226 2.20339 5
      vertex -3.77117 7.05537 5
    endloop
  endfacet
  facet normal 0 0 1
    outer loop
      vertex -1.47226 2.20339 5
      vertex -4.44456 6.65176 5
      vertex -1.68114 2.04848 5
    endloop
  endfacet
  facet normal -0 0 1
    outer loop
      vertex -5.07515 6.18408 5
      vertex -1.68114 2.04848 5
      vertex -4.44456 6.65176 5
    endloop
  endfacet
  facet normal 0 0 1
    outer loop
      vertex -1.68114 2.04848 5
      vertex -5.07515 6.18408 5
      vertex -1.87383 1.87383 5
    endloop
  endfacet
  facet normal -0 0 1
    outer loop
      vertex -5.65685 5.65685 5
      vertex -1.87383 1.87383 5
      vertex -5.07515 6.18408 5
    endloop
  endfacet
  facet normal 0 0 1
    outer loop
      vertex -1.87383 1.87383 5
      vertex -5.65685 5.65685 5
      vertex -2.04848 1.68114 5
    endloop
  endfacet
  facet normal -0 0 1
    outer loop
      vertex -6.18408 5.07515 5
      vertex -2.04848 1.68114 5
      vertex -5.65685 5.65685 5
    endloop
  endfacet
  facet normal 0 0 1
    outer loop
      vertex -2.04848 1.68114 5
      vertex -6.18408 5.07515 5
      vertex -2.20339 1.47226 5
    endloop
  endfacet
  facet normal -0 0 1
    outer loop
      vertex -6.65176 4.44456 5
      vertex -2.20339 1.47226 5
      vertex -6.18408 5.07515 5
    endloop
  endfacet
  facet normal 0 0 1
    outer loop
      vertex 3.06147 7.39104 5
      vertex 28 -12 5
      vertex 52 -12 5
    endloop
  endfacet
  facet normal -0 0 1
    outer loop
      vertex 2.63724 0.259745 5
      vertex 28 -12 5
      vertex 3.06147 7.39104 5
    endloop
  endfacet
  facet normal -0 0 1
    outer loop
      vertex 2.63724 -0.259745 5
      vertex 28 -12 5
      vertex 2.65 0 5
    endloop
  endfacet
  facet normal -0 0 1
    outer loop
      vertex 2.59908 -0.516989 5
      vertex 28 -12 5
      vertex 2.63724 -0.259745 5
    endloop
  endfacet
  facet normal -0 0 1
    outer loop
      vertex 2.53589 -0.769254 5
      vertex 28 -12 5
      vertex 2.59908 -0.516989 5
    endloop
  endfacet
  facet normal -0 0 1
    outer loop
      vertex 2.44828 -1.01411 5
      vertex 28 -12 5
      vertex 2.53589 -0.769254 5
    endloop
  endfacet
  facet normal -0 0 1
    outer loop
      vertex 2.33709 -1.2492 5
      vertex 28 -12 5
      vertex 2.44828 -1.01411 5
    endloop
  endfacet
  facet normal -0 0 1
    outer loop
      vertex 2.20339 -1.47226 5
      vertex 28 -12 5
      vertex 2.33709 -1.2492 5
    endloop
  endfacet
  facet normal -0 0 1
    outer loop
      vertex 2.04848 -1.68114 5
      vertex 28 -12 5
      vertex 2.20339 -1.47226 5
    endloop
  endfacet
  facet normal -0 0 1
    outer loop
      vertex 1.87383 -1.87383 5
      vertex 28 -12 5
      vertex 2.04848 -1.68114 5
    endloop
  endfacet
  facet normal -0 0 1
    outer loop
      vertex 1.68114 -2.04848 5
      vertex 28 -12 5
      vertex 1.87383 -1.87383 5
    endloop
  endfacet
  facet normal -0 0 1
    outer loop
      vertex 1.47226 -2.20339 5
      vertex 28 -12 5
      vertex 1.68114 -2.04848 5
    endloop
  endfacet
  facet normal -0 0 1
    outer loop
      vertex 1.2492 -2.33709 5
      vertex 28 -12 5
      vertex 1.47226 -2.20339 5
    endloop
  endfacet
  facet normal -0 0 1
    outer loop
      vertex 1.01411 -2.44828 5
      vertex 28 -12 5
      vertex 1.2492 -2.33709 5
    endloop
  endfacet
  facet normal -0 0 1
    outer loop
      vertex 0.769254 -2.53589 5
      vertex 28 -12 5
      vertex 1.01411 -2.44828 5
    endloop
  endfacet
  facet normal 0 0 1
    outer loop
      vertex 28 -12 5
      vertex 0.769254 -2.53589 5
      vertex 28 -38 5
    endloop
  endfacet
  facet normal 0 0 1
    outer loop
      vertex -5.65685 -5.65685 5
      vertex 0.769254 -2.53589 5
      vertex 0.516989 -2.59908 5
    endloop
  endfacet
  facet normal 0 0 1
    outer loop
      vertex -5.65685 -5.65685 5
      vertex 0.516989 -2.59908 5
      vertex 0.259745 -2.63724 5
    endloop
  endfacet
  facet normal 0 0 1
    outer loop
      vertex -5.65685 -5.65685 5
      vertex 0.259745 -2.63724 5
      vertex 0 -2.65 5
    endloop
  endfacet
  facet normal 0 0 1
    outer loop
      vertex -5.65685 -5.65685 5
      vertex 0 -2.65 5
      vertex -0.259745 -2.63724 5
    endloop
  endfacet
  facet normal 0 0 1
    outer loop
      vertex -5.65685 -5.65685 5
      vertex -0.259745 -2.63724 5
      vertex -0.516989 -2.59908 5
    endloop
  endfacet
  facet normal 0 0 1
    outer loop
      vertex -5.65685 -5.65685 5
      vertex -0.516989 -2.59908 5
      vertex -0.769254 -2.53589 5
    endloop
  endfacet
  facet normal 0 0 1
    outer loop
      vertex -5.65685 -5.65685 5
      vertex -0.769254 -2.53589 5
      vertex -1.01411 -2.44828 5
    endloop
  endfacet
  facet normal 0 0 1
    outer loop
      vertex -5.65685 -5.65685 5
      vertex -1.01411 -2.44828 5
      vertex -1.2492 -2.33709 5
    endloop
  endfacet
  facet normal 0 0 1
    outer loop
      vertex -5.65685 -5.65685 5
      vertex -1.2492 -2.33709 5
      vertex -1.47226 -2.20339 5
    endloop
  endfacet
  facet normal 0 0 1
    outer loop
      vertex -5.65685 -5.65685 5
      vertex -1.47226 -2.20339 5
      vertex -1.68114 -2.04848 5
    endloop
  endfacet
  facet normal 0 0 1
    outer loop
      vertex -5.65685 -5.65685 5
      vertex -1.68114 -2.04848 5
      vertex -1.87383 -1.87383 5
    endloop
  endfacet
  facet normal 0 0 1
    outer loop
      vertex -5.65685 -5.65685 5
      vertex -1.87383 -1.87383 5
      vertex -2.04848 -1.68114 5
    endloop
  endfacet
  facet normal 0 0 1
    outer loop
      vertex -2.20339 1.47226 5
      vertex -6.65176 4.44456 5
      vertex -2.33709 1.2492 5
    endloop
  endfacet
  facet normal -0 0 1
    outer loop
      vertex -7.05537 3.77117 5
      vertex -2.33709 1.2492 5
      vertex -6.65176 4.44456 5
    endloop
  endfacet
  facet normal 0 0 1
    outer loop
      vertex -2.33709 1.2492 5
      vertex -7.05537 3.77117 5
      vertex -2.44828 1.01411 5
    endloop
  endfacet
  facet normal -0 0 1
    outer loop
      vertex -7.39104 3.06147 5
      vertex -2.44828 1.01411 5
      vertex -7.05537 3.77117 5
    endloop
  endfacet
  facet normal 0 0 1
    outer loop
      vertex -2.44828 1.01411 5
      vertex -7.39104 3.06147 5
      vertex -2.53589 0.769254 5
    endloop
  endfacet
  facet normal -0 0 1
    outer loop
      vertex -7.65552 2.32228 5
      vertex -2.53589 0.769254 5
      vertex -7.39104 3.06147 5
    endloop
  endfacet
  facet normal 0 0 1
    outer loop
      vertex -2.53589 0.769254 5
      vertex -7.65552 2.32228 5
      vertex -2.59908 0.516989 5
    endloop
  endfacet
  facet normal -0 0 1
    outer loop
      vertex -7.84628 1.56072 5
      vertex -2.59908 0.516989 5
      vertex -7.65552 2.32228 5
    endloop
  endfacet
  facet normal 0 0 1
    outer loop
      vertex -2.59908 0.516989 5
      vertex -7.84628 1.56072 5
      vertex -2.63724 0.259745 5
    endloop
  endfacet
  facet normal 0 0 1
    outer loop
      vertex 0.769254 -2.53589 5
      vertex -5.65685 -5.65685 5
      vertex 28 -38 5
    endloop
  endfacet
  facet normal 0 0 1
    outer loop
      vertex -6.18408 -5.07515 5
      vertex -2.04848 -1.68114 5
      vertex -2.20339 -1.47226 5
    endloop
  endfacet
  facet normal 0 0 1
    outer loop
      vertex -6.65176 -4.44456 5
      vertex -2.20339 -1.47226 5
      vertex -2.33709 -1.2492 5
    endloop
  endfacet
  facet normal -0 0 1
    outer loop
      vertex -7.96148 0.784137 5
      vertex -2.63724 0.259745 5
      vertex -7.84628 1.56072 5
    endloop
  endfacet
  facet normal 0 0 1
    outer loop
      vertex -2.63724 0.259745 5
      vertex -7.96148 0.784137 5
      vertex -2.65 0 5
    endloop
  endfacet
  facet normal 0 0 1
    outer loop
      vertex -2.04848 -1.68114 5
      vertex -6.18408 -5.07515 5
      vertex -5.65685 -5.65685 5
    endloop
  endfacet
  facet normal 0 0 1
    outer loop
      vertex -8 0 5
      vertex -2.65 0 5
      vertex -7.96148 0.784137 5
    endloop
  endfacet
  facet normal 0 0 1
    outer loop
      vertex -2.20339 -1.47226 5
      vertex -6.65176 -4.44456 5
      vertex -6.18408 -5.07515 5
    endloop
  endfacet
  facet normal 0 0 1
    outer loop
      vertex -2.65 0 5
      vertex -8 0 5
      vertex -2.63724 -0.259745 5
    endloop
  endfacet
  facet normal 0 0 1
    outer loop
      vertex -2.33709 -1.2492 5
      vertex -7.05537 -3.77117 5
      vertex -6.65176 -4.44456 5
    endloop
  endfacet
  facet normal 0 -0 1
    outer loop
      vertex -7.96148 -0.784137 5
      vertex -2.63724 -0.259745 5
      vertex -8 0 5
    endloop
  endfacet
  facet normal 0 0 1
    outer loop
      vertex -2.33709 -1.2492 5
      vertex -7.39104 -3.06147 5
      vertex -7.05537 -3.77117 5
    endloop
  endfacet
  facet normal 0 0 1
    outer loop
      vertex -2.63724 -0.259745 5
      vertex -7.96148 -0.784137 5
      vertex -2.59908 -0.516989 5
    endloop
  endfacet
  facet normal 0 0 1
    outer loop
      vertex -2.44828 -1.01411 5
      vertex -7.39104 -3.06147 5
      vertex -2.33709 -1.2492 5
    endloop
  endfacet
  facet normal 0 -0 1
    outer loop
      vertex -7.84628 -1.56072 5
      vertex -2.59908 -0.516989 5
      vertex -7.96148 -0.784137 5
    endloop
  endfacet
  facet normal 0 -0 1
    outer loop
      vertex -7.39104 -3.06147 5
      vertex -2.44828 -1.01411 5
      vertex -7.65552 -2.32228 5
    endloop
  endfacet
  facet normal 0 0 1
    outer loop
      vertex -2.59908 -0.516989 5
      vertex -7.84628 -1.56072 5
      vertex -2.53589 -0.769254 5
    endloop
  endfacet
  facet normal 0 0 1
    outer loop
      vertex -2.53589 -0.769254 5
      vertex -7.65552 -2.32228 5
      vertex -2.44828 -1.01411 5
    endloop
  endfacet
  facet normal 0 -0 1
    outer loop
      vertex -7.65552 -2.32228 5
      vertex -2.53589 -0.769254 5
      vertex -7.84628 -1.56072 5
    endloop
  endfacet
  facet normal 0.336883 0.941547 -0
    outer loop
      vertex 3.06147 7.39104 0
      vertex 2.32228 7.65552 5
      vertex 3.06147 7.39104 5
    endloop
  endfacet
  facet normal 0.336883 0.941547 0
    outer loop
      vertex 2.32228 7.65552 5
      vertex 3.06147 7.39104 0
      vertex 2.32228 7.65552 0
    endloop
  endfacet
  facet normal -0.514099 0.857731 0
    outer loop
      vertex -3.77117 7.05537 0
      vertex -4.44456 6.65176 5
      vertex -3.77117 7.05537 5
    endloop
  endfacet
  facet normal -0.514099 0.857731 0
    outer loop
      vertex -4.44456 6.65176 5
      vertex -3.77117 7.05537 0
      vertex -4.44456 6.65176 0
    endloop
  endfacet
  facet normal -0.336883 0.941547 0
    outer loop
      vertex -2.32228 7.65552 0
      vertex -3.06147 7.39104 5
      vertex -2.32228 7.65552 5
    endloop
  endfacet
  facet normal -0.336883 0.941547 0
    outer loop
      vertex -3.06147 7.39104 5
      vertex -2.32228 7.65552 0
      vertex -3.06147 7.39104 0
    endloop
  endfacet
  facet normal -0.146736 0.989176 0
    outer loop
      vertex -0.784137 7.96148 0
      vertex -1.56072 7.84628 5
      vertex -0.784137 7.96148 5
    endloop
  endfacet
  facet normal -0.146736 0.989176 0
    outer loop
      vertex -1.56072 7.84628 5
      vertex -0.784137 7.96148 0
      vertex -1.56072 7.84628 0
    endloop
  endfacet
  facet normal 0.0490649 0.998796 -0
    outer loop
      vertex 0.784137 7.96148 0
      vertex 0 8 5
      vertex 0.784137 7.96148 5
    endloop
  endfacet
  facet normal 0.0490649 0.998796 0
    outer loop
      vertex 0 8 5
      vertex 0.784137 7.96148 0
      vertex 0 8 0
    endloop
  endfacet
  facet normal -0.803206 0.595701 0
    outer loop
      vertex -6.65176 4.44456 0
      vertex -6.18408 5.07515 5
      vertex -6.18408 5.07515 0
    endloop
  endfacet
  facet normal -0.803206 0.595701 0
    outer loop
      vertex -6.18408 5.07515 5
      vertex -6.65176 4.44456 0
      vertex -6.65176 4.44456 5
    endloop
  endfacet
  facet normal -0.671564 0.740946 0
    outer loop
      vertex -5.07515 6.18408 0
      vertex -5.65685 5.65685 5
      vertex -5.07515 6.18408 5
    endloop
  endfacet
  facet normal -0.671564 0.740946 0
    outer loop
      vertex -5.65685 5.65685 5
      vertex -5.07515 6.18408 0
      vertex -5.65685 5.65685 0
    endloop
  endfacet
  facet normal -0.903986 0.427562 0
    outer loop
      vertex -7.39104 3.06147 0
      vertex -7.05537 3.77117 5
      vertex -7.05537 3.77117 0
    endloop
  endfacet
  facet normal -0.903986 0.427562 0
    outer loop
      vertex -7.05537 3.77117 5
      vertex -7.39104 3.06147 0
      vertex -7.39104 3.06147 5
    endloop
  endfacet
  facet normal -0.970032 0.242979 0
    outer loop
      vertex -7.84628 1.56072 0
      vertex -7.65552 2.32228 5
      vertex -7.65552 2.32228 0
    endloop
  endfacet
  facet normal -0.970032 0.242979 0
    outer loop
      vertex -7.65552 2.32228 5
      vertex -7.84628 1.56072 0
      vertex -7.84628 1.56072 5
    endloop
  endfacet
  facet normal -0.427562 0.903986 0
    outer loop
      vertex -3.06147 7.39104 0
      vertex -3.77117 7.05537 5
      vertex -3.06147 7.39104 5
    endloop
  endfacet
  facet normal -0.427562 0.903986 0
    outer loop
      vertex -3.77117 7.05537 5
      vertex -3.06147 7.39104 0
      vertex -3.77117 7.05537 0
    endloop
  endfacet
  facet normal -0.242979 0.970032 0
    outer loop
      vertex -1.56072 7.84628 0
      vertex -2.32228 7.65552 5
      vertex -1.56072 7.84628 5
    endloop
  endfacet
  facet normal -0.242979 0.970032 0
    outer loop
      vertex -2.32228 7.65552 5
      vertex -1.56072 7.84628 0
      vertex -2.32228 7.65552 0
    endloop
  endfacet
  facet normal -0.0490649 0.998796 0
    outer loop
      vertex 0 8 0
      vertex -0.784137 7.96148 5
      vertex 0 8 5
    endloop
  endfacet
  facet normal -0.0490649 0.998796 0
    outer loop
      vertex -0.784137 7.96148 5
      vertex 0 8 0
      vertex -0.784137 7.96148 0
    endloop
  endfacet
  facet normal 0.146736 0.989176 -0
    outer loop
      vertex 1.56072 7.84628 0
      vertex 0.784137 7.96148 5
      vertex 1.56072 7.84628 5
    endloop
  endfacet
  facet normal 0.146736 0.989176 0
    outer loop
      vertex 0.784137 7.96148 5
      vertex 1.56072 7.84628 0
      vertex 0.784137 7.96148 0
    endloop
  endfacet
  facet normal -0.740946 0.671564 0
    outer loop
      vertex -6.18408 5.07515 0
      vertex -5.65685 5.65685 5
      vertex -5.65685 5.65685 0
    endloop
  endfacet
  facet normal -0.740946 0.671564 0
    outer loop
      vertex -5.65685 5.65685 5
      vertex -6.18408 5.07515 0
      vertex -6.18408 5.07515 5
    endloop
  endfacet
  facet normal -0.595701 0.803206 0
    outer loop
      vertex -4.44456 6.65176 0
      vertex -5.07515 6.18408 5
      vertex -4.44456 6.65176 5
    endloop
  endfacet
  facet normal -0.595701 0.803206 0
    outer loop
      vertex -5.07515 6.18408 5
      vertex -4.44456 6.65176 0
      vertex -5.07515 6.18408 0
    endloop
  endfacet
  facet normal -0.857731 0.514099 0
    outer loop
      vertex -7.05537 3.77117 0
      vertex -6.65176 4.44456 5
      vertex -6.65176 4.44456 0
    endloop
  endfacet
  facet normal -0.857731 0.514099 0
    outer loop
      vertex -6.65176 4.44456 5
      vertex -7.05537 3.77117 0
      vertex -7.05537 3.77117 5
    endloop
  endfacet
  facet normal -0.941547 0.336883 0
    outer loop
      vertex -7.65552 2.32228 0
      vertex -7.39104 3.06147 5
      vertex -7.39104 3.06147 0
    endloop
  endfacet
  facet normal -0.941547 0.336883 0
    outer loop
      vertex -7.39104 3.06147 5
      vertex -7.65552 2.32228 0
      vertex -7.65552 2.32228 5
    endloop
  endfacet
  facet normal -1 0 0
    outer loop
      vertex 28 -19.067 33.2002
      vertex 28 -12 45
      vertex 28 -12 5
    endloop
  endfacet
  facet normal -1 0 0
    outer loop
      vertex 28 -12 45
      vertex 28 -18.8299 34.3923
      vertex 28 -18.8 35
    endloop
  endfacet
  facet normal -1 0 0
    outer loop
      vertex 28 -12 45
      vertex 28 -18.9191 33.7905
      vertex 28 -18.8299 34.3923
    endloop
  endfacet
  facet normal -1 0 0
    outer loop
      vertex 28 -12 45
      vertex 28 -19.067 33.2002
      vertex 28 -18.9191 33.7905
    endloop
  endfacet
  facet normal -1 0 0
    outer loop
      vertex 28 -12 5
      vertex 28 -19.272 32.6274
      vertex 28 -19.067 33.2002
    endloop
  endfacet
  facet normal -1 0 0
    outer loop
      vertex 28 -12 5
      vertex 28 -19.5321 32.0773
      vertex 28 -19.272 32.6274
    endloop
  endfacet
  facet normal -1 0 0
    outer loop
      vertex 28 -12 5
      vertex 28 -19.8449 31.5555
      vertex 28 -19.5321 32.0773
    endloop
  endfacet
  facet normal -1 0 0
    outer loop
      vertex 28 -12 5
      vertex 28 -20.2073 31.0668
      vertex 28 -19.8449 31.5555
    endloop
  endfacet
  facet normal -1 0 0
    outer loop
      vertex 28 -12 5
      vertex 28 -20.616 30.616
      vertex 28 -20.2073 31.0668
    endloop
  endfacet
  facet normal -1 0 0
    outer loop
      vertex 28 -12 5
      vertex 28 -21.0668 30.2073
      vertex 28 -20.616 30.616
    endloop
  endfacet
  facet normal -1 0 0
    outer loop
      vertex 28 -12 5
      vertex 28 -21.5555 29.8449
      vertex 28 -21.0668 30.2073
    endloop
  endfacet
  facet normal -1 0 0
    outer loop
      vertex 28 -12 5
      vertex 28 -22.0773 29.5321
      vertex 28 -21.5555 29.8449
    endloop
  endfacet
  facet normal -1 0 0
    outer loop
      vertex 28 -12 5
      vertex 28 -22.6274 29.272
      vertex 28 -22.0773 29.5321
    endloop
  endfacet
  facet normal -1 0 0
    outer loop
      vertex 28 -12 5
      vertex 28 -23.2002 29.067
      vertex 28 -22.6274 29.272
    endloop
  endfacet
  facet normal -1 0 0
    outer loop
      vertex 28 -12 5
      vertex 28 -23.7905 28.9191
      vertex 28 -23.2002 29.067
    endloop
  endfacet
  facet normal -1 0 0
    outer loop
      vertex 28 -12 5
      vertex 28 -24.3923 28.8299
      vertex 28 -23.7905 28.9191
    endloop
  endfacet
  facet normal -1 0 0
    outer loop
      vertex 28 -12 5
      vertex 28 -25 28.8
      vertex 28 -24.3923 28.8299
    endloop
  endfacet
  facet normal -1 0 0
    outer loop
      vertex 28 -38 5
      vertex 28 -25 28.8
      vertex 28 -12 5
    endloop
  endfacet
  facet normal -1 -0 0
    outer loop
      vertex 28 -25 28.8
      vertex 28 -38 5
      vertex 28 -25.6077 28.8299
    endloop
  endfacet
  facet normal -1 -0 0
    outer loop
      vertex 28 -25.6077 28.8299
      vertex 28 -38 5
      vertex 28 -26.2095 28.9191
    endloop
  endfacet
  facet normal -1 -0 0
    outer loop
      vertex 28 -26.2095 28.9191
      vertex 28 -38 5
      vertex 28 -26.7998 29.067
    endloop
  endfacet
  facet normal -1 -0 0
    outer loop
      vertex 28 -26.7998 29.067
      vertex 28 -38 5
      vertex 28 -27.3726 29.272
    endloop
  endfacet
  facet normal -1 -0 0
    outer loop
      vertex 28 -27.3726 29.272
      vertex 28 -38 5
      vertex 28 -27.9227 29.5321
    endloop
  endfacet
  facet normal -1 -0 0
    outer loop
      vertex 28 -27.9227 29.5321
      vertex 28 -38 5
      vertex 28 -28.4445 29.8449
    endloop
  endfacet
  facet normal -1 -0 0
    outer loop
      vertex 28 -28.4445 29.8449
      vertex 28 -38 5
      vertex 28 -28.9332 30.2073
    endloop
  endfacet
  facet normal -1 -0 0
    outer loop
      vertex 28 -28.9332 30.2073
      vertex 28 -38 5
      vertex 28 -29.384 30.616
    endloop
  endfacet
  facet normal -1 -0 0
    outer loop
      vertex 28 -29.384 30.616
      vertex 28 -38 5
      vertex 28 -29.7927 31.0668
    endloop
  endfacet
  facet normal -1 0 0
    outer loop
      vertex 28 -31.0809 33.7905
      vertex 28 -38 45
      vertex 28 -31.1701 34.3923
    endloop
  endfacet
  facet normal -1 0 0
    outer loop
      vertex 28 -30.933 33.2002
      vertex 28 -38 45
      vertex 28 -31.0809 33.7905
    endloop
  endfacet
  facet normal -1 0 0
    outer loop
      vertex 28 -38 45
      vertex 28 -30.933 33.2002
      vertex 28 -38 5
    endloop
  endfacet
  facet normal -1 -0 0
    outer loop
      vertex 28 -30.728 32.6274
      vertex 28 -38 5
      vertex 28 -30.933 33.2002
    endloop
  endfacet
  facet normal -1 -0 0
    outer loop
      vertex 28 -30.4679 32.0773
      vertex 28 -38 5
      vertex 28 -30.728 32.6274
    endloop
  endfacet
  facet normal -1 -0 0
    outer loop
      vertex 28 -30.1551 31.5555
      vertex 28 -38 5
      vertex 28 -30.4679 32.0773
    endloop
  endfacet
  facet normal -1 -0 0
    outer loop
      vertex 28 -29.7927 31.0668
      vertex 28 -38 5
      vertex 28 -30.1551 31.5555
    endloop
  endfacet
  facet normal -1 0 0
    outer loop
      vertex 28 -18.8299 35.6077
      vertex 28 -12 45
      vertex 28 -18.8 35
    endloop
  endfacet
  facet normal -1 0 0
    outer loop
      vertex 28 -18.9191 36.2095
      vertex 28 -12 45
      vertex 28 -18.8299 35.6077
    endloop
  endfacet
  facet normal -1 0 0
    outer loop
      vertex 28 -19.067 36.7998
      vertex 28 -12 45
      vertex 28 -18.9191 36.2095
    endloop
  endfacet
  facet normal -1 0 0
    outer loop
      vertex 28 -19.272 37.3726
      vertex 28 -12 45
      vertex 28 -19.067 36.7998
    endloop
  endfacet
  facet normal -1 0 0
    outer loop
      vertex 28 -19.5321 37.9227
      vertex 28 -12 45
      vertex 28 -19.272 37.3726
    endloop
  endfacet
  facet normal -1 0 0
    outer loop
      vertex 28 -19.8449 38.4445
      vertex 28 -12 45
      vertex 28 -19.5321 37.9227
    endloop
  endfacet
  facet normal -1 0 0
    outer loop
      vertex 28 -20.2073 38.9332
      vertex 28 -12 45
      vertex 28 -19.8449 38.4445
    endloop
  endfacet
  facet normal -1 0 0
    outer loop
      vertex 28 -20.616 39.384
      vertex 28 -12 45
      vertex 28 -20.2073 38.9332
    endloop
  endfacet
  facet normal -1 0 0
    outer loop
      vertex 28 -25 43.7681
      vertex 28 -12 45
      vertex 28 -20.616 39.384
    endloop
  endfacet
  facet normal -1 0 0
    outer loop
      vertex 28 -31.1701 34.3923
      vertex 28 -38 45
      vertex 28 -31.2 35
    endloop
  endfacet
  facet normal -1 0 0
    outer loop
      vertex 28 -31.2 35
      vertex 28 -38 45
      vertex 28 -31.1701 35.6077
    endloop
  endfacet
  facet normal -1 0 0
    outer loop
      vertex 28 -25 43.7681
      vertex 28 -38 45
      vertex 28 -12 45
    endloop
  endfacet
  facet normal -1 0 0
    outer loop
      vertex 28 -29.384 39.384
      vertex 28 -38 45
      vertex 28 -25 43.7681
    endloop
  endfacet
  facet normal -1 0 0
    outer loop
      vertex 28 -29.7927 38.9332
      vertex 28 -38 45
      vertex 28 -29.384 39.384
    endloop
  endfacet
  facet normal -1 0 0
    outer loop
      vertex 28 -30.1551 38.4445
      vertex 28 -38 45
      vertex 28 -29.7927 38.9332
    endloop
  endfacet
  facet normal -1 0 0
    outer loop
      vertex 28 -30.4679 37.9227
      vertex 28 -38 45
      vertex 28 -30.1551 38.4445
    endloop
  endfacet
  facet normal -1 0 0
    outer loop
      vertex 28 -30.728 37.3726
      vertex 28 -38 45
      vertex 28 -30.4679 37.9227
    endloop
  endfacet
  facet normal -1 0 0
    outer loop
      vertex 28 -30.933 36.7998
      vertex 28 -38 45
      vertex 28 -30.728 37.3726
    endloop
  endfacet
  facet normal -1 0 0
    outer loop
      vertex 28 -31.0809 36.2095
      vertex 28 -38 45
      vertex 28 -30.933 36.7998
    endloop
  endfacet
  facet normal -1 0 0
    outer loop
      vertex 28 -31.1701 35.6077
      vertex 28 -38 45
      vertex 28 -31.0809 36.2095
    endloop
  endfacet
  facet normal 0 0 1
    outer loop
      vertex 41.6268 -15.4935 45
      vertex 52 -12 45
      vertex 41.6673 -15.3317 45
    endloop
  endfacet
  facet normal 0 0 1
    outer loop
      vertex 52 -38 45
      vertex 41.6918 -34.8334 45
      vertex 41.7 -35 45
    endloop
  endfacet
  facet normal 0 0 1
    outer loop
      vertex 41.5706 -15.6506 45
      vertex 52 -12 45
      vertex 41.6268 -15.4935 45
    endloop
  endfacet
  facet normal 0 0 1
    outer loop
      vertex 52 -38 45
      vertex 41.6673 -34.6683 45
      vertex 41.6918 -34.8334 45
    endloop
  endfacet
  facet normal 0 0 1
    outer loop
      vertex 41.4993 -15.8014 45
      vertex 52 -12 45
      vertex 41.5706 -15.6506 45
    endloop
  endfacet
  facet normal 0 0 1
    outer loop
      vertex 52 -38 45
      vertex 41.6268 -34.5065 45
      vertex 41.6673 -34.6683 45
    endloop
  endfacet
  facet normal 0 0 1
    outer loop
      vertex 41.4135 -15.9445 45
      vertex 52 -12 45
      vertex 41.4993 -15.8014 45
    endloop
  endfacet
  facet normal 0 0 1
    outer loop
      vertex 52 -38 45
      vertex 41.5706 -34.3494 45
      vertex 41.6268 -34.5065 45
    endloop
  endfacet
  facet normal 0 0 1
    outer loop
      vertex 41.3141 -16.0785 45
      vertex 52 -12 45
      vertex 41.4135 -15.9445 45
    endloop
  endfacet
  facet normal 0 0 1
    outer loop
      vertex 52 -38 45
      vertex 41.4993 -34.1986 45
      vertex 41.5706 -34.3494 45
    endloop
  endfacet
  facet normal 0 0 1
    outer loop
      vertex 52 -12 45
      vertex 41.3141 -16.0785 45
      vertex 52 -38 45
    endloop
  endfacet
  facet normal 0 0 1
    outer loop
      vertex 52 -38 45
      vertex 41.4135 -34.0555 45
      vertex 41.4993 -34.1986 45
    endloop
  endfacet
  facet normal -0 0 1
    outer loop
      vertex 41.3141 -33.9215 45
      vertex 52 -38 45
      vertex 41.3141 -16.0785 45
    endloop
  endfacet
  facet normal 0 0 1
    outer loop
      vertex 52 -38 45
      vertex 41.3141 -33.9215 45
      vertex 41.4135 -34.0555 45
    endloop
  endfacet
  facet normal -0 0 1
    outer loop
      vertex 41.2021 -16.2021 45
      vertex 41.3141 -33.9215 45
      vertex 41.3141 -16.0785 45
    endloop
  endfacet
  facet normal 0 0 1
    outer loop
      vertex 41.2021 -16.2021 45
      vertex 41.2021 -33.7979 45
      vertex 41.3141 -33.9215 45
    endloop
  endfacet
  facet normal -0 0 1
    outer loop
      vertex 41.0785 -16.3141 45
      vertex 41.2021 -33.7979 45
      vertex 41.2021 -16.2021 45
    endloop
  endfacet
  facet normal 0 0 1
    outer loop
      vertex 41.0785 -16.3141 45
      vertex 41.0785 -33.6859 45
      vertex 41.2021 -33.7979 45
    endloop
  endfacet
  facet normal -0 0 1
    outer loop
      vertex 40.9445 -16.4135 45
      vertex 41.0785 -33.6859 45
      vertex 41.0785 -16.3141 45
    endloop
  endfacet
  facet normal 0 0 1
    outer loop
      vertex 40.9445 -16.4135 45
      vertex 40.9445 -33.5865 45
      vertex 41.0785 -33.6859 45
    endloop
  endfacet
  facet normal -0 0 1
    outer loop
      vertex 40.8014 -16.4993 45
      vertex 40.9445 -33.5865 45
      vertex 40.9445 -16.4135 45
    endloop
  endfacet
  facet normal 0 0 1
    outer loop
      vertex 40.8014 -16.4993 45
      vertex 40.8014 -33.5007 45
      vertex 40.9445 -33.5865 45
    endloop
  endfacet
  facet normal -0 0 1
    outer loop
      vertex 40.6506 -16.5706 45
      vertex 40.8014 -33.5007 45
      vertex 40.8014 -16.4993 45
    endloop
  endfacet
  facet normal 0 0 1
    outer loop
      vertex 40.6506 -16.5706 45
      vertex 40.6506 -33.4294 45
      vertex 40.8014 -33.5007 45
    endloop
  endfacet
  facet normal -0 0 1
    outer loop
      vertex 40.4935 -16.6268 45
      vertex 40.6506 -33.4294 45
      vertex 40.6506 -16.5706 45
    endloop
  endfacet
  facet normal 0 0 1
    outer loop
      vertex 40.4935 -16.6268 45
      vertex 40.4935 -33.3732 45
      vertex 40.6506 -33.4294 45
    endloop
  endfacet
  facet normal -0 0 1
    outer loop
      vertex 40.3317 -16.6673 45
      vertex 40.4935 -33.3732 45
      vertex 40.4935 -16.6268 45
    endloop
  endfacet
  facet normal 0 0 1
    outer loop
      vertex 40.3317 -16.6673 45
      vertex 40.3317 -33.3327 45
      vertex 40.4935 -33.3732 45
    endloop
  endfacet
  facet normal -0 0 1
    outer loop
      vertex 40.1666 -16.6918 45
      vertex 40.3317 -33.3327 45
      vertex 40.3317 -16.6673 45
    endloop
  endfacet
  facet normal 0 0 1
    outer loop
      vertex 40.1666 -16.6918 45
      vertex 40.1666 -33.3082 45
      vertex 40.3317 -33.3327 45
    endloop
  endfacet
  facet normal -0 0 1
    outer loop
      vertex 40 -16.7 45
      vertex 40.1666 -33.3082 45
      vertex 40.1666 -16.6918 45
    endloop
  endfacet
  facet normal 0 0 1
    outer loop
      vertex 40 -16.7 45
      vertex 40 -33.3 45
      vertex 40.1666 -33.3082 45
    endloop
  endfacet
  facet normal 0 0 1
    outer loop
      vertex 39.8334 -16.6918 45
      vertex 40 -33.3 45
      vertex 40 -16.7 45
    endloop
  endfacet
  facet normal 0 0 1
    outer loop
      vertex 39.8334 -16.6918 45
      vertex 39.8334 -33.3082 45
      vertex 40 -33.3 45
    endloop
  endfacet
  facet normal 0 0 1
    outer loop
      vertex 39.6683 -16.6673 45
      vertex 39.8334 -33.3082 45
      vertex 39.8334 -16.6918 45
    endloop
  endfacet
  facet normal 0 0 1
    outer loop
      vertex 39.6683 -16.6673 45
      vertex 39.6683 -33.3327 45
      vertex 39.8334 -33.3082 45
    endloop
  endfacet
  facet normal 0 0 1
    outer loop
      vertex 39.5065 -16.6268 45
      vertex 39.6683 -33.3327 45
      vertex 39.6683 -16.6673 45
    endloop
  endfacet
  facet normal 0 0 1
    outer loop
      vertex 39.5065 -16.6268 45
      vertex 39.5065 -33.3732 45
      vertex 39.6683 -33.3327 45
    endloop
  endfacet
  facet normal 0 0 1
    outer loop
      vertex 39.3494 -16.5706 45
      vertex 39.5065 -33.3732 45
      vertex 39.5065 -16.6268 45
    endloop
  endfacet
  facet normal 0 0 1
    outer loop
      vertex 39.3494 -16.5706 45
      vertex 39.3494 -33.4294 45
      vertex 39.5065 -33.3732 45
    endloop
  endfacet
  facet normal 0 0 1
    outer loop
      vertex 39.1986 -16.4993 45
      vertex 39.3494 -33.4294 45
      vertex 39.3494 -16.5706 45
    endloop
  endfacet
  facet normal 0 0 1
    outer loop
      vertex 39.1986 -16.4993 45
      vertex 39.1986 -33.5007 45
      vertex 39.3494 -33.4294 45
    endloop
  endfacet
  facet normal 0 0 1
    outer loop
      vertex 39.0555 -16.4135 45
      vertex 39.1986 -33.5007 45
      vertex 39.1986 -16.4993 45
    endloop
  endfacet
  facet normal 0 0 1
    outer loop
      vertex 39.0555 -16.4135 45
      vertex 39.0555 -33.5865 45
      vertex 39.1986 -33.5007 45
    endloop
  endfacet
  facet normal 0 0 1
    outer loop
      vertex 38.9215 -16.3141 45
      vertex 39.0555 -33.5865 45
      vertex 39.0555 -16.4135 45
    endloop
  endfacet
  facet normal 0 0 1
    outer loop
      vertex 38.9215 -16.3141 45
      vertex 38.9215 -33.6859 45
      vertex 39.0555 -33.5865 45
    endloop
  endfacet
  facet normal 0 0 1
    outer loop
      vertex 38.7979 -16.2021 45
      vertex 38.9215 -33.6859 45
      vertex 38.9215 -16.3141 45
    endloop
  endfacet
  facet normal 0 0 1
    outer loop
      vertex 38.7979 -16.2021 45
      vertex 38.7979 -33.7979 45
      vertex 38.9215 -33.6859 45
    endloop
  endfacet
  facet normal 0 0 1
    outer loop
      vertex 38.6859 -16.0785 45
      vertex 38.7979 -33.7979 45
      vertex 38.7979 -16.2021 45
    endloop
  endfacet
  facet normal 0 0 1
    outer loop
      vertex 38.6859 -16.0785 45
      vertex 38.6859 -33.9215 45
      vertex 38.7979 -33.7979 45
    endloop
  endfacet
  facet normal 0 0 1
    outer loop
      vertex 28 -12 45
      vertex 38.6859 -16.0785 45
      vertex 38.5865 -15.9445 45
    endloop
  endfacet
  facet normal 0 0 1
    outer loop
      vertex 38.6859 -16.0785 45
      vertex 28 -12 45
      vertex 38.6859 -33.9215 45
    endloop
  endfacet
  facet normal 0 0 1
    outer loop
      vertex 28 -12 45
      vertex 38.5865 -15.9445 45
      vertex 38.5007 -15.8014 45
    endloop
  endfacet
  facet normal 0 0 1
    outer loop
      vertex 28 -38 45
      vertex 38.6859 -33.9215 45
      vertex 28 -12 45
    endloop
  endfacet
  facet normal 0 0 1
    outer loop
      vertex 28 -12 45
      vertex 38.5007 -15.8014 45
      vertex 38.4294 -15.6506 45
    endloop
  endfacet
  facet normal 0 0 1
    outer loop
      vertex 38.6859 -33.9215 45
      vertex 28 -38 45
      vertex 38.5865 -34.0555 45
    endloop
  endfacet
  facet normal 0 0 1
    outer loop
      vertex 28 -12 45
      vertex 38.4294 -15.6506 45
      vertex 38.3732 -15.4935 45
    endloop
  endfacet
  facet normal 0 0 1
    outer loop
      vertex 38.5865 -34.0555 45
      vertex 28 -38 45
      vertex 38.5007 -34.1986 45
    endloop
  endfacet
  facet normal 0 0 1
    outer loop
      vertex 28 -12 45
      vertex 38.3732 -15.4935 45
      vertex 38.3327 -15.3317 45
    endloop
  endfacet
  facet normal 0 0 1
    outer loop
      vertex 38.5007 -34.1986 45
      vertex 28 -38 45
      vertex 38.4294 -34.3494 45
    endloop
  endfacet
  facet normal 0 0 1
    outer loop
      vertex 28 -12 45
      vertex 38.3327 -15.3317 45
      vertex 38.3082 -15.1666 45
    endloop
  endfacet
  facet normal 0 0 1
    outer loop
      vertex 38.4294 -34.3494 45
      vertex 28 -38 45
      vertex 38.3732 -34.5065 45
    endloop
  endfacet
  facet normal 0 0 1
    outer loop
      vertex 28 -12 45
      vertex 38.3082 -15.1666 45
      vertex 38.3 -15 45
    endloop
  endfacet
  facet normal 0 0 1
    outer loop
      vertex 38.3732 -34.5065 45
      vertex 28 -38 45
      vertex 38.3327 -34.6683 45
    endloop
  endfacet
  facet normal 0 0 1
    outer loop
      vertex 41.6918 -15.1666 45
      vertex 52 -12 45
      vertex 41.7 -15 45
    endloop
  endfacet
  facet normal 0 0 1
    outer loop
      vertex 52 -12 45
      vertex 41.6918 -14.8334 45
      vertex 41.7 -15 45
    endloop
  endfacet
  facet normal 0 0 1
    outer loop
      vertex 52 -12 45
      vertex 41.6673 -14.6683 45
      vertex 41.6918 -14.8334 45
    endloop
  endfacet
  facet normal 0 0 1
    outer loop
      vertex 52 -12 45
      vertex 41.6268 -14.5065 45
      vertex 41.6673 -14.6683 45
    endloop
  endfacet
  facet normal 0 0 1
    outer loop
      vertex 52 -12 45
      vertex 41.5706 -14.3494 45
      vertex 41.6268 -14.5065 45
    endloop
  endfacet
  facet normal 0 0 1
    outer loop
      vertex 52 -12 45
      vertex 41.4993 -14.1986 45
      vertex 41.5706 -14.3494 45
    endloop
  endfacet
  facet normal 0 0 1
    outer loop
      vertex 52 -12 45
      vertex 41.4135 -14.0555 45
      vertex 41.4993 -14.1986 45
    endloop
  endfacet
  facet normal 0 0 1
    outer loop
      vertex 52 -12 45
      vertex 41.3141 -13.9215 45
      vertex 41.4135 -14.0555 45
    endloop
  endfacet
  facet normal 0 0 1
    outer loop
      vertex 52 -12 45
      vertex 41.2021 -13.7979 45
      vertex 41.3141 -13.9215 45
    endloop
  endfacet
  facet normal 0 0 1
    outer loop
      vertex 52 -12 45
      vertex 41.0785 -13.6859 45
      vertex 41.2021 -13.7979 45
    endloop
  endfacet
  facet normal 0 0 1
    outer loop
      vertex 52 -12 45
      vertex 40.9445 -13.5865 45
      vertex 41.0785 -13.6859 45
    endloop
  endfacet
  facet normal 0 0 1
    outer loop
      vertex 52 -12 45
      vertex 40.8014 -13.5007 45
      vertex 40.9445 -13.5865 45
    endloop
  endfacet
  facet normal 0 0 1
    outer loop
      vertex 52 -12 45
      vertex 40.6506 -13.4294 45
      vertex 40.8014 -13.5007 45
    endloop
  endfacet
  facet normal 0 0 1
    outer loop
      vertex 52 -12 45
      vertex 40.4935 -13.3732 45
      vertex 40.6506 -13.4294 45
    endloop
  endfacet
  facet normal 0 0 1
    outer loop
      vertex 52 -12 45
      vertex 40.3317 -13.3327 45
      vertex 40.4935 -13.3732 45
    endloop
  endfacet
  facet normal 0 0 1
    outer loop
      vertex 52 -12 45
      vertex 40.1666 -13.3082 45
      vertex 40.3317 -13.3327 45
    endloop
  endfacet
  facet normal 0 0 1
    outer loop
      vertex 52 -12 45
      vertex 40 -13.3 45
      vertex 40.1666 -13.3082 45
    endloop
  endfacet
  facet normal -0 0 1
    outer loop
      vertex 28 -12 45
      vertex 40 -13.3 45
      vertex 52 -12 45
    endloop
  endfacet
  facet normal 0 0 1
    outer loop
      vertex 38.3327 -34.6683 45
      vertex 28 -38 45
      vertex 38.3082 -34.8334 45
    endloop
  endfacet
  facet normal 0 0 1
    outer loop
      vertex 38.3082 -14.8334 45
      vertex 28 -12 45
      vertex 38.3 -15 45
    endloop
  endfacet
  facet normal 0 0 1
    outer loop
      vertex 38.3327 -14.6683 45
      vertex 28 -12 45
      vertex 38.3082 -14.8334 45
    endloop
  endfacet
  facet normal 0 0 1
    outer loop
      vertex 38.3732 -14.5065 45
      vertex 28 -12 45
      vertex 38.3327 -14.6683 45
    endloop
  endfacet
  facet normal 0 0 1
    outer loop
      vertex 38.4294 -14.3494 45
      vertex 28 -12 45
      vertex 38.3732 -14.5065 45
    endloop
  endfacet
  facet normal 0 0 1
    outer loop
      vertex 38.5007 -14.1986 45
      vertex 28 -12 45
      vertex 38.4294 -14.3494 45
    endloop
  endfacet
  facet normal 0 0 1
    outer loop
      vertex 38.5865 -14.0555 45
      vertex 28 -12 45
      vertex 38.5007 -14.1986 45
    endloop
  endfacet
  facet normal 0 0 1
    outer loop
      vertex 38.6859 -13.9215 45
      vertex 28 -12 45
      vertex 38.5865 -14.0555 45
    endloop
  endfacet
  facet normal 0 0 1
    outer loop
      vertex 38.7979 -13.7979 45
      vertex 28 -12 45
      vertex 38.6859 -13.9215 45
    endloop
  endfacet
  facet normal 0 0 1
    outer loop
      vertex 38.9215 -13.6859 45
      vertex 28 -12 45
      vertex 38.7979 -13.7979 45
    endloop
  endfacet
  facet normal 0 0 1
    outer loop
      vertex 39.0555 -13.5865 45
      vertex 28 -12 45
      vertex 38.9215 -13.6859 45
    endloop
  endfacet
  facet normal 0 0 1
    outer loop
      vertex 39.1986 -13.5007 45
      vertex 28 -12 45
      vertex 39.0555 -13.5865 45
    endloop
  endfacet
  facet normal 0 0 1
    outer loop
      vertex 39.3494 -13.4294 45
      vertex 28 -12 45
      vertex 39.1986 -13.5007 45
    endloop
  endfacet
  facet normal 0 0 1
    outer loop
      vertex 39.5065 -13.3732 45
      vertex 28 -12 45
      vertex 39.3494 -13.4294 45
    endloop
  endfacet
  facet normal 0 0 1
    outer loop
      vertex 39.6683 -13.3327 45
      vertex 28 -12 45
      vertex 39.5065 -13.3732 45
    endloop
  endfacet
  facet normal 0 0 1
    outer loop
      vertex 39.8334 -13.3082 45
      vertex 28 -12 45
      vertex 39.6683 -13.3327 45
    endloop
  endfacet
  facet normal 0 0 1
    outer loop
      vertex 40 -13.3 45
      vertex 28 -12 45
      vertex 39.8334 -13.3082 45
    endloop
  endfacet
  facet normal 0 0 1
    outer loop
      vertex 41.6673 -15.3317 45
      vertex 52 -12 45
      vertex 41.6918 -15.1666 45
    endloop
  endfacet
  facet normal -0 0 1
    outer loop
      vertex 41.6918 -35.1666 45
      vertex 52 -38 45
      vertex 41.7 -35 45
    endloop
  endfacet
  facet normal -0 0 1
    outer loop
      vertex 41.6673 -35.3317 45
      vertex 52 -38 45
      vertex 41.6918 -35.1666 45
    endloop
  endfacet
  facet normal -0 0 1
    outer loop
      vertex 41.6268 -35.4935 45
      vertex 52 -38 45
      vertex 41.6673 -35.3317 45
    endloop
  endfacet
  facet normal -0 0 1
    outer loop
      vertex 41.5706 -35.6506 45
      vertex 52 -38 45
      vertex 41.6268 -35.4935 45
    endloop
  endfacet
  facet normal -0 0 1
    outer loop
      vertex 41.4993 -35.8014 45
      vertex 52 -38 45
      vertex 41.5706 -35.6506 45
    endloop
  endfacet
  facet normal -0 0 1
    outer loop
      vertex 41.4135 -35.9445 45
      vertex 52 -38 45
      vertex 41.4993 -35.8014 45
    endloop
  endfacet
  facet normal -0 0 1
    outer loop
      vertex 41.3141 -36.0785 45
      vertex 52 -38 45
      vertex 41.4135 -35.9445 45
    endloop
  endfacet
  facet normal -0 0 1
    outer loop
      vertex 41.2021 -36.2021 45
      vertex 52 -38 45
      vertex 41.3141 -36.0785 45
    endloop
  endfacet
  facet normal -0 0 1
    outer loop
      vertex 41.0785 -36.3141 45
      vertex 52 -38 45
      vertex 41.2021 -36.2021 45
    endloop
  endfacet
  facet normal -0 0 1
    outer loop
      vertex 40.9445 -36.4135 45
      vertex 52 -38 45
      vertex 41.0785 -36.3141 45
    endloop
  endfacet
  facet normal -0 0 1
    outer loop
      vertex 40.8014 -36.4993 45
      vertex 52 -38 45
      vertex 40.9445 -36.4135 45
    endloop
  endfacet
  facet normal -0 0 1
    outer loop
      vertex 40.6506 -36.5706 45
      vertex 52 -38 45
      vertex 40.8014 -36.4993 45
    endloop
  endfacet
  facet normal -0 0 1
    outer loop
      vertex 40.4935 -36.6268 45
      vertex 52 -38 45
      vertex 40.6506 -36.5706 45
    endloop
  endfacet
  facet normal -0 0 1
    outer loop
      vertex 40.3317 -36.6673 45
      vertex 52 -38 45
      vertex 40.4935 -36.6268 45
    endloop
  endfacet
  facet normal -0 0 1
    outer loop
      vertex 40.1666 -36.6918 45
      vertex 52 -38 45
      vertex 40.3317 -36.6673 45
    endloop
  endfacet
  facet normal -0 0 1
    outer loop
      vertex 40 -36.7 45
      vertex 52 -38 45
      vertex 40.1666 -36.6918 45
    endloop
  endfacet
  facet normal 0 0 1
    outer loop
      vertex 28 -38 45
      vertex 40 -36.7 45
      vertex 39.8334 -36.6918 45
    endloop
  endfacet
  facet normal 0 0 1
    outer loop
      vertex 38.3082 -34.8334 45
      vertex 28 -38 45
      vertex 38.3 -35 45
    endloop
  endfacet
  facet normal 0 0 1
    outer loop
      vertex 38.3 -35 45
      vertex 28 -38 45
      vertex 38.3082 -35.1666 45
    endloop
  endfacet
  facet normal 0 0 1
    outer loop
      vertex 38.3082 -35.1666 45
      vertex 28 -38 45
      vertex 38.3327 -35.3317 45
    endloop
  endfacet
  facet normal 0 0 1
    outer loop
      vertex 38.3327 -35.3317 45
      vertex 28 -38 45
      vertex 38.3732 -35.4935 45
    endloop
  endfacet
  facet normal 0 0 1
    outer loop
      vertex 40 -36.7 45
      vertex 28 -38 45
      vertex 52 -38 45
    endloop
  endfacet
  facet normal 0 0 1
    outer loop
      vertex 39.6683 -36.6673 45
      vertex 28 -38 45
      vertex 39.8334 -36.6918 45
    endloop
  endfacet
  facet normal 0 0 1
    outer loop
      vertex 39.5065 -36.6268 45
      vertex 28 -38 45
      vertex 39.6683 -36.6673 45
    endloop
  endfacet
  facet normal 0 0 1
    outer loop
      vertex 39.3494 -36.5706 45
      vertex 28 -38 45
      vertex 39.5065 -36.6268 45
    endloop
  endfacet
  facet normal 0 0 1
    outer loop
      vertex 39.1986 -36.4993 45
      vertex 28 -38 45
      vertex 39.3494 -36.5706 45
    endloop
  endfacet
  facet normal 0 0 1
    outer loop
      vertex 39.0555 -36.4135 45
      vertex 28 -38 45
      vertex 39.1986 -36.4993 45
    endloop
  endfacet
  facet normal 0 0 1
    outer loop
      vertex 38.9215 -36.3141 45
      vertex 28 -38 45
      vertex 39.0555 -36.4135 45
    endloop
  endfacet
  facet normal 0 0 1
    outer loop
      vertex 38.7979 -36.2021 45
      vertex 28 -38 45
      vertex 38.9215 -36.3141 45
    endloop
  endfacet
  facet normal 0 0 1
    outer loop
      vertex 38.6859 -36.0785 45
      vertex 28 -38 45
      vertex 38.7979 -36.2021 45
    endloop
  endfacet
  facet normal 0 0 1
    outer loop
      vertex 38.5865 -35.9445 45
      vertex 28 -38 45
      vertex 38.6859 -36.0785 45
    endloop
  endfacet
  facet normal 0 0 1
    outer loop
      vertex 38.5007 -35.8014 45
      vertex 28 -38 45
      vertex 38.5865 -35.9445 45
    endloop
  endfacet
  facet normal 0 0 1
    outer loop
      vertex 38.4294 -35.6506 45
      vertex 28 -38 45
      vertex 38.5007 -35.8014 45
    endloop
  endfacet
  facet normal 0 0 1
    outer loop
      vertex 38.3732 -35.4935 45
      vertex 28 -38 45
      vertex 38.4294 -35.6506 45
    endloop
  endfacet
  facet normal 0 1 0
    outer loop
      vertex 52 -12 45
      vertex 43.1 -12 40.8
      vertex 28 -12 45
    endloop
  endfacet
  facet normal 0 1 0
    outer loop
      vertex 52 -12 45
      vertex 43.1 -12 38
      vertex 43.1 -12 40.8
    endloop
  endfacet
  facet normal 0 1 0
    outer loop
      vertex 43.1 -12 38
      vertex 52 -12 5
      vertex 36.9 -12 38
    endloop
  endfacet
  facet normal 0 1 -0
    outer loop
      vertex 52 -12 5
      vertex 43.1 -12 38
      vertex 52 -12 45
    endloop
  endfacet
  facet normal 0 1 -0
    outer loop
      vertex 36.9 -12 40.8
      vertex 28 -12 45
      vertex 43.1 -12 40.8
    endloop
  endfacet
  facet normal 0 1 -0
    outer loop
      vertex 36.9 -12 38
      vertex 28 -12 45
      vertex 36.9 -12 40.8
    endloop
  endfacet
  facet normal 0 1 0
    outer loop
      vertex 28 -12 5
      vertex 36.9 -12 38
      vertex 52 -12 5
    endloop
  endfacet
  facet normal 0 1 0
    outer loop
      vertex 36.9 -12 38
      vertex 28 -12 5
      vertex 28 -12 45
    endloop
  endfacet
  facet normal -0.857652 0.514231 0
    outer loop
      vertex 41.4135 -15.9445 33
      vertex 41.4993 -15.8014 38
      vertex 41.4993 -15.8014 33
    endloop
  endfacet
  facet normal -0.857652 0.514231 0
    outer loop
      vertex 41.4993 -15.8014 38
      vertex 41.4135 -15.9445 33
      vertex 41.4135 -15.9445 38
    endloop
  endfacet
  facet normal -0.857652 0.514231 0
    outer loop
      vertex 41.4135 -15.9445 40.8
      vertex 41.4993 -15.8014 45
      vertex 41.4993 -15.8014 40.8
    endloop
  endfacet
  facet normal -0.857652 0.514231 0
    outer loop
      vertex 41.4993 -15.8014 45
      vertex 41.4135 -15.9445 40.8
      vertex 41.4135 -15.9445 45
    endloop
  endfacet
  facet normal -0.33683 0.941566 0
    outer loop
      vertex 40.6506 -16.5706 33
      vertex 40.4935 -16.6268 38
      vertex 40.6506 -16.5706 38
    endloop
  endfacet
  facet normal -0.33683 0.941566 0
    outer loop
      vertex 40.4935 -16.6268 38
      vertex 40.6506 -16.5706 33
      vertex 40.4935 -16.6268 33
    endloop
  endfacet
  facet normal -0.33683 0.941566 0
    outer loop
      vertex 40.6506 -16.5706 40.8
      vertex 40.4935 -16.6268 45
      vertex 40.6506 -16.5706 45
    endloop
  endfacet
  facet normal -0.33683 0.941566 0
    outer loop
      vertex 40.4935 -16.6268 45
      vertex 40.6506 -16.5706 40.8
      vertex 40.4935 -16.6268 40.8
    endloop
  endfacet
  facet normal 0.427442 0.904043 -0
    outer loop
      vertex 39.3494 -16.5706 33
      vertex 39.1986 -16.4993 38
      vertex 39.3494 -16.5706 38
    endloop
  endfacet
  facet normal 0.427442 0.904043 0
    outer loop
      vertex 39.1986 -16.4993 38
      vertex 39.3494 -16.5706 33
      vertex 39.1986 -16.4993 33
    endloop
  endfacet
  facet normal 0.427442 0.904043 -0
    outer loop
      vertex 39.3494 -16.5706 40.8
      vertex 39.1986 -16.4993 45
      vertex 39.3494 -16.5706 45
    endloop
  endfacet
  facet normal 0.427442 0.904043 0
    outer loop
      vertex 39.1986 -16.4993 45
      vertex 39.3494 -16.5706 40.8
      vertex 39.1986 -16.4993 40.8
    endloop
  endfacet
  facet normal 0.941566 0.33683 0
    outer loop
      vertex 38.4294 -15.6506 38
      vertex 38.3732 -15.4935 33
      vertex 38.3732 -15.4935 38
    endloop
  endfacet
  facet normal 0.941566 0.33683 0
    outer loop
      vertex 38.3732 -15.4935 33
      vertex 38.4294 -15.6506 38
      vertex 38.4294 -15.6506 33
    endloop
  endfacet
  facet normal 0.941566 0.33683 0
    outer loop
      vertex 38.4294 -15.6506 45
      vertex 38.3732 -15.4935 40.8
      vertex 38.3732 -15.4935 45
    endloop
  endfacet
  facet normal 0.941566 0.33683 0
    outer loop
      vertex 38.3732 -15.4935 40.8
      vertex 38.4294 -15.6506 45
      vertex 38.4294 -15.6506 40.8
    endloop
  endfacet
  facet normal -0.998791 -0.0491602 0
    outer loop
      vertex 41.7 -15 33
      vertex 41.6918 -14.8334 38
      vertex 41.6918 -14.8334 33
    endloop
  endfacet
  facet normal -0.998791 -0.0491602 0
    outer loop
      vertex 41.6918 -14.8334 38
      vertex 41.7 -15 33
      vertex 41.7 -15 38
    endloop
  endfacet
  facet normal -0.998791 -0.0491602 0
    outer loop
      vertex 41.7 -15 40.8
      vertex 41.6918 -14.8334 45
      vertex 41.6918 -14.8334 40.8
    endloop
  endfacet
  facet normal -0.998791 -0.0491602 0
    outer loop
      vertex 41.6918 -14.8334 45
      vertex 41.7 -15 40.8
      vertex 41.7 -15 45
    endloop
  endfacet
  facet normal -0.427442 -0.904043 0
    outer loop
      vertex 40.6506 -13.4294 33
      vertex 40.8014 -13.5007 38
      vertex 40.6506 -13.4294 38
    endloop
  endfacet
  facet normal -0.427442 -0.904043 -0
    outer loop
      vertex 40.8014 -13.5007 38
      vertex 40.6506 -13.4294 33
      vertex 40.8014 -13.5007 33
    endloop
  endfacet
  facet normal -0.427442 -0.904043 0
    outer loop
      vertex 40.6506 -13.4294 40.8
      vertex 40.8014 -13.5007 45
      vertex 40.6506 -13.4294 45
    endloop
  endfacet
  facet normal -0.427442 -0.904043 -0
    outer loop
      vertex 40.8014 -13.5007 45
      vertex 40.6506 -13.4294 40.8
      vertex 40.8014 -13.5007 40.8
    endloop
  endfacet
  facet normal 0 0 1
    outer loop
      vertex 41.6918 -14.8334 33
      vertex 41.6918 -15.1666 33
      vertex 41.7 -15 33
    endloop
  endfacet
  facet normal 0 0 1
    outer loop
      vertex 41.6673 -14.6683 33
      vertex 41.6918 -15.1666 33
      vertex 41.6918 -14.8334 33
    endloop
  endfacet
  facet normal 0 0 1
    outer loop
      vertex 41.6673 -14.6683 33
      vertex 41.6673 -15.3317 33
      vertex 41.6918 -15.1666 33
    endloop
  endfacet
  facet normal 0 0 1
    outer loop
      vertex 41.6268 -14.5065 33
      vertex 41.6673 -15.3317 33
      vertex 41.6673 -14.6683 33
    endloop
  endfacet
  facet normal 0 0 1
    outer loop
      vertex 41.6268 -14.5065 33
      vertex 41.6268 -15.4935 33
      vertex 41.6673 -15.3317 33
    endloop
  endfacet
  facet normal 0 0 1
    outer loop
      vertex 41.5706 -14.3494 33
      vertex 41.6268 -15.4935 33
      vertex 41.6268 -14.5065 33
    endloop
  endfacet
  facet normal 0 0 1
    outer loop
      vertex 41.5706 -14.3494 33
      vertex 41.5706 -15.6506 33
      vertex 41.6268 -15.4935 33
    endloop
  endfacet
  facet normal 0 0 1
    outer loop
      vertex 41.4993 -14.1986 33
      vertex 41.5706 -15.6506 33
      vertex 41.5706 -14.3494 33
    endloop
  endfacet
  facet normal 0 0 1
    outer loop
      vertex 41.4993 -14.1986 33
      vertex 41.4993 -15.8014 33
      vertex 41.5706 -15.6506 33
    endloop
  endfacet
  facet normal 0 0 1
    outer loop
      vertex 41.4135 -14.0555 33
      vertex 41.4993 -15.8014 33
      vertex 41.4993 -14.1986 33
    endloop
  endfacet
  facet normal 0 0 1
    outer loop
      vertex 41.4135 -14.0555 33
      vertex 41.4135 -15.9445 33
      vertex 41.4993 -15.8014 33
    endloop
  endfacet
  facet normal 0 0 1
    outer loop
      vertex 41.3141 -13.9215 33
      vertex 41.4135 -15.9445 33
      vertex 41.4135 -14.0555 33
    endloop
  endfacet
  facet normal 0 0 1
    outer loop
      vertex 41.3141 -13.9215 33
      vertex 41.3141 -16.0785 33
      vertex 41.4135 -15.9445 33
    endloop
  endfacet
  facet normal 0 0 1
    outer loop
      vertex 41.2021 -13.7979 33
      vertex 41.3141 -16.0785 33
      vertex 41.3141 -13.9215 33
    endloop
  endfacet
  facet normal 0 0 1
    outer loop
      vertex 41.2021 -13.7979 33
      vertex 41.2021 -16.2021 33
      vertex 41.3141 -16.0785 33
    endloop
  endfacet
  facet normal 0 0 1
    outer loop
      vertex 41.0785 -13.6859 33
      vertex 41.2021 -16.2021 33
      vertex 41.2021 -13.7979 33
    endloop
  endfacet
  facet normal 0 0 1
    outer loop
      vertex 41.0785 -13.6859 33
      vertex 41.0785 -16.3141 33
      vertex 41.2021 -16.2021 33
    endloop
  endfacet
  facet normal 0 0 1
    outer loop
      vertex 40.9445 -13.5865 33
      vertex 41.0785 -16.3141 33
      vertex 41.0785 -13.6859 33
    endloop
  endfacet
  facet normal 0 0 1
    outer loop
      vertex 40.9445 -13.5865 33
      vertex 40.9445 -16.4135 33
      vertex 41.0785 -16.3141 33
    endloop
  endfacet
  facet normal 0 0 1
    outer loop
      vertex 40.8014 -13.5007 33
      vertex 40.9445 -16.4135 33
      vertex 40.9445 -13.5865 33
    endloop
  endfacet
  facet normal 0 0 1
    outer loop
      vertex 40.8014 -13.5007 33
      vertex 40.8014 -16.4993 33
      vertex 40.9445 -16.4135 33
    endloop
  endfacet
  facet normal 0 0 1
    outer loop
      vertex 40.6506 -13.4294 33
      vertex 40.8014 -16.4993 33
      vertex 40.8014 -13.5007 33
    endloop
  endfacet
  facet normal 0 0 1
    outer loop
      vertex 40.6506 -13.4294 33
      vertex 40.6506 -16.5706 33
      vertex 40.8014 -16.4993 33
    endloop
  endfacet
  facet normal 0 0 1
    outer loop
      vertex 40.4935 -13.3732 33
      vertex 40.6506 -16.5706 33
      vertex 40.6506 -13.4294 33
    endloop
  endfacet
  facet normal 0 0 1
    outer loop
      vertex 40.4935 -13.3732 33
      vertex 40.4935 -16.6268 33
      vertex 40.6506 -16.5706 33
    endloop
  endfacet
  facet normal 0 0 1
    outer loop
      vertex 40.3317 -13.3327 33
      vertex 40.4935 -16.6268 33
      vertex 40.4935 -13.3732 33
    endloop
  endfacet
  facet normal 0 0 1
    outer loop
      vertex 40.3317 -13.3327 33
      vertex 40.3317 -16.6673 33
      vertex 40.4935 -16.6268 33
    endloop
  endfacet
  facet normal 0 0 1
    outer loop
      vertex 40.1666 -13.3082 33
      vertex 40.3317 -16.6673 33
      vertex 40.3317 -13.3327 33
    endloop
  endfacet
  facet normal 0 0 1
    outer loop
      vertex 40.1666 -13.3082 33
      vertex 40.1666 -16.6918 33
      vertex 40.3317 -16.6673 33
    endloop
  endfacet
  facet normal 0 0 1
    outer loop
      vertex 40 -13.3 33
      vertex 40.1666 -16.6918 33
      vertex 40.1666 -13.3082 33
    endloop
  endfacet
  facet normal 0 0 1
    outer loop
      vertex 40 -13.3 33
      vertex 40 -16.7 33
      vertex 40.1666 -16.6918 33
    endloop
  endfacet
  facet normal -0 0 1
    outer loop
      vertex 39.8334 -13.3082 33
      vertex 40 -16.7 33
      vertex 40 -13.3 33
    endloop
  endfacet
  facet normal 0 0 1
    outer loop
      vertex 39.8334 -13.3082 33
      vertex 39.8334 -16.6918 33
      vertex 40 -16.7 33
    endloop
  endfacet
  facet normal -0 0 1
    outer loop
      vertex 39.6683 -13.3327 33
      vertex 39.8334 -16.6918 33
      vertex 39.8334 -13.3082 33
    endloop
  endfacet
  facet normal 0 0 1
    outer loop
      vertex 39.6683 -13.3327 33
      vertex 39.6683 -16.6673 33
      vertex 39.8334 -16.6918 33
    endloop
  endfacet
  facet normal -0 0 1
    outer loop
      vertex 39.5065 -13.3732 33
      vertex 39.6683 -16.6673 33
      vertex 39.6683 -13.3327 33
    endloop
  endfacet
  facet normal 0 0 1
    outer loop
      vertex 39.5065 -13.3732 33
      vertex 39.5065 -16.6268 33
      vertex 39.6683 -16.6673 33
    endloop
  endfacet
  facet normal -0 0 1
    outer loop
      vertex 39.3494 -13.4294 33
      vertex 39.5065 -16.6268 33
      vertex 39.5065 -13.3732 33
    endloop
  endfacet
  facet normal 0 0 1
    outer loop
      vertex 39.3494 -13.4294 33
      vertex 39.3494 -16.5706 33
      vertex 39.5065 -16.6268 33
    endloop
  endfacet
  facet normal -0 0 1
    outer loop
      vertex 39.1986 -13.5007 33
      vertex 39.3494 -16.5706 33
      vertex 39.3494 -13.4294 33
    endloop
  endfacet
  facet normal 0 0 1
    outer loop
      vertex 39.1986 -13.5007 33
      vertex 39.1986 -16.4993 33
      vertex 39.3494 -16.5706 33
    endloop
  endfacet
  facet normal -0 0 1
    outer loop
      vertex 39.0555 -13.5865 33
      vertex 39.1986 -16.4993 33
      vertex 39.1986 -13.5007 33
    endloop
  endfacet
  facet normal 0 0 1
    outer loop
      vertex 39.0555 -13.5865 33
      vertex 39.0555 -16.4135 33
      vertex 39.1986 -16.4993 33
    endloop
  endfacet
  facet normal -0 0 1
    outer loop
      vertex 38.9215 -13.6859 33
      vertex 39.0555 -16.4135 33
      vertex 39.0555 -13.5865 33
    endloop
  endfacet
  facet normal 0 0 1
    outer loop
      vertex 38.9215 -13.6859 33
      vertex 38.9215 -16.3141 33
      vertex 39.0555 -16.4135 33
    endloop
  endfacet
  facet normal -0 0 1
    outer loop
      vertex 38.7979 -13.7979 33
      vertex 38.9215 -16.3141 33
      vertex 38.9215 -13.6859 33
    endloop
  endfacet
  facet normal 0 0 1
    outer loop
      vertex 38.7979 -13.7979 33
      vertex 38.7979 -16.2021 33
      vertex 38.9215 -16.3141 33
    endloop
  endfacet
  facet normal -0 0 1
    outer loop
      vertex 38.6859 -13.9215 33
      vertex 38.7979 -16.2021 33
      vertex 38.7979 -13.7979 33
    endloop
  endfacet
  facet normal 0 0 1
    outer loop
      vertex 38.6859 -13.9215 33
      vertex 38.6859 -16.0785 33
      vertex 38.7979 -16.2021 33
    endloop
  endfacet
  facet normal -0 0 1
    outer loop
      vertex 38.5865 -14.0555 33
      vertex 38.6859 -16.0785 33
      vertex 38.6859 -13.9215 33
    endloop
  endfacet
  facet normal 0 0 1
    outer loop
      vertex 38.5865 -14.0555 33
      vertex 38.5865 -15.9445 33
      vertex 38.6859 -16.0785 33
    endloop
  endfacet
  facet normal -0 0 1
    outer loop
      vertex 38.5007 -14.1986 33
      vertex 38.5865 -15.9445 33
      vertex 38.5865 -14.0555 33
    endloop
  endfacet
  facet normal 0 0 1
    outer loop
      vertex 38.5007 -14.1986 33
      vertex 38.5007 -15.8014 33
      vertex 38.5865 -15.9445 33
    endloop
  endfacet
  facet normal -0 0 1
    outer loop
      vertex 38.4294 -14.3494 33
      vertex 38.5007 -15.8014 33
      vertex 38.5007 -14.1986 33
    endloop
  endfacet
  facet normal 0 0 1
    outer loop
      vertex 38.4294 -14.3494 33
      vertex 38.4294 -15.6506 33
      vertex 38.5007 -15.8014 33
    endloop
  endfacet
  facet normal -0 0 1
    outer loop
      vertex 38.3732 -14.5065 33
      vertex 38.4294 -15.6506 33
      vertex 38.4294 -14.3494 33
    endloop
  endfacet
  facet normal 0 0 1
    outer loop
      vertex 38.3732 -14.5065 33
      vertex 38.3732 -15.4935 33
      vertex 38.4294 -15.6506 33
    endloop
  endfacet
  facet normal -0 0 1
    outer loop
      vertex 38.3327 -14.6683 33
      vertex 38.3732 -15.4935 33
      vertex 38.3732 -14.5065 33
    endloop
  endfacet
  facet normal 0 0 1
    outer loop
      vertex 38.3327 -14.6683 33
      vertex 38.3327 -15.3317 33
      vertex 38.3732 -15.4935 33
    endloop
  endfacet
  facet normal -0 0 1
    outer loop
      vertex 38.3082 -14.8334 33
      vertex 38.3327 -15.3317 33
      vertex 38.3327 -14.6683 33
    endloop
  endfacet
  facet normal 0 0 1
    outer loop
      vertex 38.3082 -14.8334 33
      vertex 38.3082 -15.1666 33
      vertex 38.3327 -15.3317 33
    endloop
  endfacet
  facet normal 0 -0 1
    outer loop
      vertex 38.3082 -15.1666 33
      vertex 38.3082 -14.8334 33
      vertex 38.3 -15 33
    endloop
  endfacet
  facet normal 0.998791 -0.0491602 0
    outer loop
      vertex 38.3 -15 38
      vertex 38.3082 -14.8334 33
      vertex 38.3082 -14.8334 38
    endloop
  endfacet
  facet normal 0.998791 -0.0491602 0
    outer loop
      vertex 38.3082 -14.8334 33
      vertex 38.3 -15 38
      vertex 38.3 -15 33
    endloop
  endfacet
  facet normal 0.998791 -0.0491602 0
    outer loop
      vertex 38.3 -15 45
      vertex 38.3082 -14.8334 40.8
      vertex 38.3082 -14.8334 45
    endloop
  endfacet
  facet normal 0.998791 -0.0491602 0
    outer loop
      vertex 38.3082 -14.8334 40.8
      vertex 38.3 -15 45
      vertex 38.3 -15 40.8
    endloop
  endfacet
  facet normal 0.671478 0.741024 -0
    outer loop
      vertex 38.9215 -16.3141 33
      vertex 38.7979 -16.2021 38
      vertex 38.9215 -16.3141 38
    endloop
  endfacet
  facet normal 0.671478 0.741024 0
    outer loop
      vertex 38.7979 -16.2021 38
      vertex 38.9215 -16.3141 33
      vertex 38.7979 -16.2021 33
    endloop
  endfacet
  facet normal 0.671478 0.741024 -0
    outer loop
      vertex 38.9215 -16.3141 40.8
      vertex 38.7979 -16.2021 45
      vertex 38.9215 -16.3141 45
    endloop
  endfacet
  facet normal 0.671478 0.741024 0
    outer loop
      vertex 38.7979 -16.2021 45
      vertex 38.9215 -16.3141 40.8
      vertex 38.7979 -16.2021 40.8
    endloop
  endfacet
  facet normal 0.0491602 -0.998791 0
    outer loop
      vertex 39.8334 -13.3082 33
      vertex 40 -13.3 38
      vertex 39.8334 -13.3082 38
    endloop
  endfacet
  facet normal 0.0491602 -0.998791 0
    outer loop
      vertex 40 -13.3 38
      vertex 39.8334 -13.3082 33
      vertex 40 -13.3 33
    endloop
  endfacet
  facet normal 0.0491602 -0.998791 0
    outer loop
      vertex 39.8334 -13.3082 40.8
      vertex 40 -13.3 45
      vertex 39.8334 -13.3082 45
    endloop
  endfacet
  facet normal 0.0491602 -0.998791 0
    outer loop
      vertex 40 -13.3 45
      vertex 39.8334 -13.3082 40.8
      vertex 40 -13.3 40.8
    endloop
  endfacet
  facet normal -0.514231 -0.857652 0
    outer loop
      vertex 40.8014 -13.5007 33
      vertex 40.9445 -13.5865 38
      vertex 40.8014 -13.5007 38
    endloop
  endfacet
  facet normal -0.514231 -0.857652 -0
    outer loop
      vertex 40.9445 -13.5865 38
      vertex 40.8014 -13.5007 33
      vertex 40.9445 -13.5865 33
    endloop
  endfacet
  facet normal -0.514231 -0.857652 0
    outer loop
      vertex 40.8014 -13.5007 40.8
      vertex 40.9445 -13.5865 45
      vertex 40.8014 -13.5007 45
    endloop
  endfacet
  facet normal -0.514231 -0.857652 -0
    outer loop
      vertex 40.9445 -13.5865 45
      vertex 40.8014 -13.5007 40.8
      vertex 40.9445 -13.5865 40.8
    endloop
  endfacet
  facet normal -0.989168 0.146788 0
    outer loop
      vertex 41.6673 -15.3317 33
      vertex 41.6918 -15.1666 38
      vertex 41.6918 -15.1666 33
    endloop
  endfacet
  facet normal -0.989168 0.146788 0
    outer loop
      vertex 41.6918 -15.1666 38
      vertex 41.6673 -15.3317 33
      vertex 41.6673 -15.3317 38
    endloop
  endfacet
  facet normal -0.989168 0.146788 0
    outer loop
      vertex 41.6673 -15.3317 40.8
      vertex 41.6918 -15.1666 45
      vertex 41.6918 -15.1666 40.8
    endloop
  endfacet
  facet normal -0.989168 0.146788 0
    outer loop
      vertex 41.6918 -15.1666 45
      vertex 41.6673 -15.3317 40.8
      vertex 41.6673 -15.3317 45
    endloop
  endfacet
  facet normal -0.803154 0.595772 0
    outer loop
      vertex 41.3141 -16.0785 33
      vertex 41.4135 -15.9445 38
      vertex 41.4135 -15.9445 33
    endloop
  endfacet
  facet normal -0.803154 0.595772 0
    outer loop
      vertex 41.4135 -15.9445 38
      vertex 41.3141 -16.0785 33
      vertex 41.3141 -16.0785 38
    endloop
  endfacet
  facet normal -0.803154 0.595772 0
    outer loop
      vertex 41.3141 -16.0785 40.8
      vertex 41.4135 -15.9445 45
      vertex 41.4135 -15.9445 40.8
    endloop
  endfacet
  facet normal -0.803154 0.595772 0
    outer loop
      vertex 41.4135 -15.9445 45
      vertex 41.3141 -16.0785 40.8
      vertex 41.3141 -16.0785 45
    endloop
  endfacet
  facet normal -0.671478 0.741024 0
    outer loop
      vertex 41.2021 -16.2021 33
      vertex 41.0785 -16.3141 38
      vertex 41.2021 -16.2021 38
    endloop
  endfacet
  facet normal -0.671478 0.741024 0
    outer loop
      vertex 41.0785 -16.3141 38
      vertex 41.2021 -16.2021 33
      vertex 41.0785 -16.3141 33
    endloop
  endfacet
  facet normal -0.671478 0.741024 0
    outer loop
      vertex 41.2021 -16.2021 40.8
      vertex 41.0785 -16.3141 45
      vertex 41.2021 -16.2021 45
    endloop
  endfacet
  facet normal -0.671478 0.741024 0
    outer loop
      vertex 41.0785 -16.3141 45
      vertex 41.2021 -16.2021 40.8
      vertex 41.0785 -16.3141 40.8
    endloop
  endfacet
  facet normal -0.741024 0.671478 0
    outer loop
      vertex 41.2021 -16.2021 33
      vertex 41.3141 -16.0785 38
      vertex 41.3141 -16.0785 33
    endloop
  endfacet
  facet normal -0.741024 0.671478 0
    outer loop
      vertex 41.3141 -16.0785 38
      vertex 41.2021 -16.2021 33
      vertex 41.2021 -16.2021 38
    endloop
  endfacet
  facet normal -0.741024 0.671478 0
    outer loop
      vertex 41.2021 -16.2021 40.8
      vertex 41.3141 -16.0785 45
      vertex 41.3141 -16.0785 40.8
    endloop
  endfacet
  facet normal -0.741024 0.671478 0
    outer loop
      vertex 41.3141 -16.0785 45
      vertex 41.2021 -16.2021 40.8
      vertex 41.2021 -16.2021 45
    endloop
  endfacet
  facet normal 0.0491602 0.998791 -0
    outer loop
      vertex 40 -16.7 33
      vertex 39.8334 -16.6918 38
      vertex 40 -16.7 38
    endloop
  endfacet
  facet normal 0.0491602 0.998791 0
    outer loop
      vertex 39.8334 -16.6918 38
      vertex 40 -16.7 33
      vertex 39.8334 -16.6918 33
    endloop
  endfacet
  facet normal 0.0491602 0.998791 -0
    outer loop
      vertex 40 -16.7 40.8
      vertex 39.8334 -16.6918 45
      vertex 40 -16.7 45
    endloop
  endfacet
  facet normal 0.0491602 0.998791 0
    outer loop
      vertex 39.8334 -16.6918 45
      vertex 40 -16.7 40.8
      vertex 39.8334 -16.6918 40.8
    endloop
  endfacet
  facet normal -0.146788 0.989168 0
    outer loop
      vertex 40.3317 -16.6673 33
      vertex 40.1666 -16.6918 38
      vertex 40.3317 -16.6673 38
    endloop
  endfacet
  facet normal -0.146788 0.989168 0
    outer loop
      vertex 40.1666 -16.6918 38
      vertex 40.3317 -16.6673 33
      vertex 40.1666 -16.6918 33
    endloop
  endfacet
  facet normal -0.146788 0.989168 0
    outer loop
      vertex 40.3317 -16.6673 40.8
      vertex 40.1666 -16.6918 45
      vertex 40.3317 -16.6673 45
    endloop
  endfacet
  facet normal -0.146788 0.989168 0
    outer loop
      vertex 40.1666 -16.6918 45
      vertex 40.3317 -16.6673 40.8
      vertex 40.1666 -16.6918 40.8
    endloop
  endfacet
  facet normal -0.595772 0.803154 0
    outer loop
      vertex 41.0785 -16.3141 33
      vertex 40.9445 -16.4135 38
      vertex 41.0785 -16.3141 38
    endloop
  endfacet
  facet normal -0.595772 0.803154 0
    outer loop
      vertex 40.9445 -16.4135 38
      vertex 41.0785 -16.3141 33
      vertex 40.9445 -16.4135 33
    endloop
  endfacet
  facet normal -0.595772 0.803154 0
    outer loop
      vertex 41.0785 -16.3141 40.8
      vertex 40.9445 -16.4135 45
      vertex 41.0785 -16.3141 45
    endloop
  endfacet
  facet normal -0.595772 0.803154 0
    outer loop
      vertex 40.9445 -16.4135 45
      vertex 41.0785 -16.3141 40.8
      vertex 40.9445 -16.4135 40.8
    endloop
  endfacet
  facet normal -0.514231 0.857652 0
    outer loop
      vertex 40.9445 -16.4135 33
      vertex 40.8014 -16.4993 38
      vertex 40.9445 -16.4135 38
    endloop
  endfacet
  facet normal -0.514231 0.857652 0
    outer loop
      vertex 40.8014 -16.4993 38
      vertex 40.9445 -16.4135 33
      vertex 40.8014 -16.4993 33
    endloop
  endfacet
  facet normal -0.514231 0.857652 0
    outer loop
      vertex 40.9445 -16.4135 40.8
      vertex 40.8014 -16.4993 45
      vertex 40.9445 -16.4135 45
    endloop
  endfacet
  facet normal -0.514231 0.857652 0
    outer loop
      vertex 40.8014 -16.4993 45
      vertex 40.9445 -16.4135 40.8
      vertex 40.8014 -16.4993 40.8
    endloop
  endfacet
  facet normal 0.989168 0.146788 0
    outer loop
      vertex 38.3327 -15.3317 38
      vertex 38.3082 -15.1666 33
      vertex 38.3082 -15.1666 38
    endloop
  endfacet
  facet normal 0.989168 0.146788 0
    outer loop
      vertex 38.3082 -15.1666 33
      vertex 38.3327 -15.3317 38
      vertex 38.3327 -15.3317 33
    endloop
  endfacet
  facet normal 0.989168 0.146788 0
    outer loop
      vertex 38.3327 -15.3317 45
      vertex 38.3082 -15.1666 40.8
      vertex 38.3082 -15.1666 45
    endloop
  endfacet
  facet normal 0.989168 0.146788 0
    outer loop
      vertex 38.3082 -15.1666 40.8
      vertex 38.3327 -15.3317 45
      vertex 38.3327 -15.3317 40.8
    endloop
  endfacet
  facet normal 0.803154 0.595772 0
    outer loop
      vertex 38.6859 -16.0785 38
      vertex 38.5865 -15.9445 33
      vertex 38.5865 -15.9445 38
    endloop
  endfacet
  facet normal 0.803154 0.595772 0
    outer loop
      vertex 38.5865 -15.9445 33
      vertex 38.6859 -16.0785 38
      vertex 38.6859 -16.0785 33
    endloop
  endfacet
  facet normal 0.803154 0.595772 0
    outer loop
      vertex 38.6859 -16.0785 45
      vertex 38.5865 -15.9445 40.8
      vertex 38.5865 -15.9445 45
    endloop
  endfacet
  facet normal 0.803154 0.595772 0
    outer loop
      vertex 38.5865 -15.9445 40.8
      vertex 38.6859 -16.0785 45
      vertex 38.6859 -16.0785 40.8
    endloop
  endfacet
  facet normal 0.857652 0.514231 0
    outer loop
      vertex 38.5865 -15.9445 38
      vertex 38.5007 -15.8014 33
      vertex 38.5007 -15.8014 38
    endloop
  endfacet
  facet normal 0.857652 0.514231 0
    outer loop
      vertex 38.5007 -15.8014 33
      vertex 38.5865 -15.9445 38
      vertex 38.5865 -15.9445 33
    endloop
  endfacet
  facet normal 0.857652 0.514231 0
    outer loop
      vertex 38.5865 -15.9445 45
      vertex 38.5007 -15.8014 40.8
      vertex 38.5007 -15.8014 45
    endloop
  endfacet
  facet normal 0.857652 0.514231 0
    outer loop
      vertex 38.5007 -15.8014 40.8
      vertex 38.5865 -15.9445 45
      vertex 38.5865 -15.9445 40.8
    endloop
  endfacet
  facet normal 0.146788 0.989168 -0
    outer loop
      vertex 39.8334 -16.6918 33
      vertex 39.6683 -16.6673 38
      vertex 39.8334 -16.6918 38
    endloop
  endfacet
  facet normal 0.146788 0.989168 0
    outer loop
      vertex 39.6683 -16.6673 38
      vertex 39.8334 -16.6918 33
      vertex 39.6683 -16.6673 33
    endloop
  endfacet
  facet normal 0.146788 0.989168 -0
    outer loop
      vertex 39.8334 -16.6918 40.8
      vertex 39.6683 -16.6673 45
      vertex 39.8334 -16.6918 45
    endloop
  endfacet
  facet normal 0.146788 0.989168 0
    outer loop
      vertex 39.6683 -16.6673 45
      vertex 39.8334 -16.6918 40.8
      vertex 39.6683 -16.6673 40.8
    endloop
  endfacet
  facet normal 0.33683 0.941566 -0
    outer loop
      vertex 39.5065 -16.6268 33
      vertex 39.3494 -16.5706 38
      vertex 39.5065 -16.6268 38
    endloop
  endfacet
  facet normal 0.33683 0.941566 0
    outer loop
      vertex 39.3494 -16.5706 38
      vertex 39.5065 -16.6268 33
      vertex 39.3494 -16.5706 33
    endloop
  endfacet
  facet normal 0.33683 0.941566 -0
    outer loop
      vertex 39.5065 -16.6268 40.8
      vertex 39.3494 -16.5706 45
      vertex 39.5065 -16.6268 45
    endloop
  endfacet
  facet normal 0.33683 0.941566 0
    outer loop
      vertex 39.3494 -16.5706 45
      vertex 39.5065 -16.6268 40.8
      vertex 39.3494 -16.5706 40.8
    endloop
  endfacet
  facet normal 0.242818 0.970072 -0
    outer loop
      vertex 39.6683 -16.6673 33
      vertex 39.5065 -16.6268 38
      vertex 39.6683 -16.6673 38
    endloop
  endfacet
  facet normal 0.242818 0.970072 0
    outer loop
      vertex 39.5065 -16.6268 38
      vertex 39.6683 -16.6673 33
      vertex 39.5065 -16.6268 33
    endloop
  endfacet
  facet normal 0.242818 0.970072 -0
    outer loop
      vertex 39.6683 -16.6673 40.8
      vertex 39.5065 -16.6268 45
      vertex 39.6683 -16.6673 45
    endloop
  endfacet
  facet normal 0.242818 0.970072 0
    outer loop
      vertex 39.5065 -16.6268 45
      vertex 39.6683 -16.6673 40.8
      vertex 39.5065 -16.6268 40.8
    endloop
  endfacet
  facet normal 0.514231 0.857652 -0
    outer loop
      vertex 39.1986 -16.4993 33
      vertex 39.0555 -16.4135 38
      vertex 39.1986 -16.4993 38
    endloop
  endfacet
  facet normal 0.514231 0.857652 0
    outer loop
      vertex 39.0555 -16.4135 38
      vertex 39.1986 -16.4993 33
      vertex 39.0555 -16.4135 33
    endloop
  endfacet
  facet normal 0.514231 0.857652 -0
    outer loop
      vertex 39.1986 -16.4993 40.8
      vertex 39.0555 -16.4135 45
      vertex 39.1986 -16.4993 45
    endloop
  endfacet
  facet normal 0.514231 0.857652 0
    outer loop
      vertex 39.0555 -16.4135 45
      vertex 39.1986 -16.4993 40.8
      vertex 39.0555 -16.4135 40.8
    endloop
  endfacet
  facet normal 0.595772 0.803154 -0
    outer loop
      vertex 39.0555 -16.4135 33
      vertex 38.9215 -16.3141 38
      vertex 39.0555 -16.4135 38
    endloop
  endfacet
  facet normal 0.595772 0.803154 0
    outer loop
      vertex 38.9215 -16.3141 38
      vertex 39.0555 -16.4135 33
      vertex 38.9215 -16.3141 33
    endloop
  endfacet
  facet normal 0.595772 0.803154 -0
    outer loop
      vertex 39.0555 -16.4135 40.8
      vertex 38.9215 -16.3141 45
      vertex 39.0555 -16.4135 45
    endloop
  endfacet
  facet normal 0.595772 0.803154 0
    outer loop
      vertex 38.9215 -16.3141 45
      vertex 39.0555 -16.4135 40.8
      vertex 38.9215 -16.3141 40.8
    endloop
  endfacet
  facet normal 0.741024 0.671478 0
    outer loop
      vertex 38.7979 -16.2021 38
      vertex 38.6859 -16.0785 33
      vertex 38.6859 -16.0785 38
    endloop
  endfacet
  facet normal 0.741024 0.671478 0
    outer loop
      vertex 38.6859 -16.0785 33
      vertex 38.7979 -16.2021 38
      vertex 38.7979 -16.2021 33
    endloop
  endfacet
  facet normal 0.741024 0.671478 0
    outer loop
      vertex 38.7979 -16.2021 45
      vertex 38.6859 -16.0785 40.8
      vertex 38.6859 -16.0785 45
    endloop
  endfacet
  facet normal 0.741024 0.671478 0
    outer loop
      vertex 38.6859 -16.0785 40.8
      vertex 38.7979 -16.2021 45
      vertex 38.7979 -16.2021 40.8
    endloop
  endfacet
  facet normal -0.998791 0.0491602 0
    outer loop
      vertex 41.6918 -15.1666 33
      vertex 41.7 -15 38
      vertex 41.7 -15 33
    endloop
  endfacet
  facet normal -0.998791 0.0491602 0
    outer loop
      vertex 41.7 -15 38
      vertex 41.6918 -15.1666 33
      vertex 41.6918 -15.1666 38
    endloop
  endfacet
  facet normal -0.998791 0.0491602 0
    outer loop
      vertex 41.6918 -15.1666 40.8
      vertex 41.7 -15 45
      vertex 41.7 -15 40.8
    endloop
  endfacet
  facet normal -0.998791 0.0491602 0
    outer loop
      vertex 41.7 -15 45
      vertex 41.6918 -15.1666 40.8
      vertex 41.6918 -15.1666 45
    endloop
  endfacet
  facet normal -0.857652 -0.514231 0
    outer loop
      vertex 41.4993 -14.1986 33
      vertex 41.4135 -14.0555 38
      vertex 41.4135 -14.0555 33
    endloop
  endfacet
  facet normal -0.857652 -0.514231 0
    outer loop
      vertex 41.4135 -14.0555 38
      vertex 41.4993 -14.1986 33
      vertex 41.4993 -14.1986 38
    endloop
  endfacet
  facet normal -0.857652 -0.514231 0
    outer loop
      vertex 41.4993 -14.1986 40.8
      vertex 41.4135 -14.0555 45
      vertex 41.4135 -14.0555 40.8
    endloop
  endfacet
  facet normal -0.857652 -0.514231 0
    outer loop
      vertex 41.4135 -14.0555 45
      vertex 41.4993 -14.1986 40.8
      vertex 41.4993 -14.1986 45
    endloop
  endfacet
  facet normal 0.741024 -0.671478 0
    outer loop
      vertex 38.6859 -13.9215 38
      vertex 38.7979 -13.7979 33
      vertex 38.7979 -13.7979 38
    endloop
  endfacet
  facet normal 0.741024 -0.671478 0
    outer loop
      vertex 38.7979 -13.7979 33
      vertex 38.6859 -13.9215 38
      vertex 38.6859 -13.9215 33
    endloop
  endfacet
  facet normal 0.741024 -0.671478 0
    outer loop
      vertex 38.6859 -13.9215 45
      vertex 38.7979 -13.7979 40.8
      vertex 38.7979 -13.7979 45
    endloop
  endfacet
  facet normal 0.741024 -0.671478 0
    outer loop
      vertex 38.7979 -13.7979 40.8
      vertex 38.6859 -13.9215 45
      vertex 38.6859 -13.9215 40.8
    endloop
  endfacet
  facet normal 0.941566 -0.33683 0
    outer loop
      vertex 38.3732 -14.5065 38
      vertex 38.4294 -14.3494 33
      vertex 38.4294 -14.3494 38
    endloop
  endfacet
  facet normal 0.941566 -0.33683 0
    outer loop
      vertex 38.4294 -14.3494 33
      vertex 38.3732 -14.5065 38
      vertex 38.3732 -14.5065 33
    endloop
  endfacet
  facet normal 0.941566 -0.33683 0
    outer loop
      vertex 38.3732 -14.5065 45
      vertex 38.4294 -14.3494 40.8
      vertex 38.4294 -14.3494 45
    endloop
  endfacet
  facet normal 0.941566 -0.33683 0
    outer loop
      vertex 38.4294 -14.3494 40.8
      vertex 38.3732 -14.5065 45
      vertex 38.3732 -14.5065 40.8
    endloop
  endfacet
  facet normal -0.146788 -0.989168 0
    outer loop
      vertex 40.1666 -13.3082 33
      vertex 40.3317 -13.3327 38
      vertex 40.1666 -13.3082 38
    endloop
  endfacet
  facet normal -0.146788 -0.989168 -0
    outer loop
      vertex 40.3317 -13.3327 38
      vertex 40.1666 -13.3082 33
      vertex 40.3317 -13.3327 33
    endloop
  endfacet
  facet normal -0.146788 -0.989168 0
    outer loop
      vertex 40.1666 -13.3082 40.8
      vertex 40.3317 -13.3327 45
      vertex 40.1666 -13.3082 45
    endloop
  endfacet
  facet normal -0.146788 -0.989168 -0
    outer loop
      vertex 40.3317 -13.3327 45
      vertex 40.1666 -13.3082 40.8
      vertex 40.3317 -13.3327 40.8
    endloop
  endfacet
  facet normal -0.904043 0.427442 0
    outer loop
      vertex 41.4993 -15.8014 33
      vertex 41.5706 -15.6506 38
      vertex 41.5706 -15.6506 33
    endloop
  endfacet
  facet normal -0.904043 0.427442 0
    outer loop
      vertex 41.5706 -15.6506 38
      vertex 41.4993 -15.8014 33
      vertex 41.4993 -15.8014 38
    endloop
  endfacet
  facet normal -0.904043 0.427442 0
    outer loop
      vertex 41.4993 -15.8014 40.8
      vertex 41.5706 -15.6506 45
      vertex 41.5706 -15.6506 40.8
    endloop
  endfacet
  facet normal -0.904043 0.427442 0
    outer loop
      vertex 41.5706 -15.6506 45
      vertex 41.4993 -15.8014 40.8
      vertex 41.4993 -15.8014 45
    endloop
  endfacet
  facet normal -0.941566 0.33683 0
    outer loop
      vertex 41.5706 -15.6506 33
      vertex 41.6268 -15.4935 38
      vertex 41.6268 -15.4935 33
    endloop
  endfacet
  facet normal -0.941566 0.33683 0
    outer loop
      vertex 41.6268 -15.4935 38
      vertex 41.5706 -15.6506 33
      vertex 41.5706 -15.6506 38
    endloop
  endfacet
  facet normal -0.941566 0.33683 0
    outer loop
      vertex 41.5706 -15.6506 40.8
      vertex 41.6268 -15.4935 45
      vertex 41.6268 -15.4935 40.8
    endloop
  endfacet
  facet normal -0.941566 0.33683 0
    outer loop
      vertex 41.6268 -15.4935 45
      vertex 41.5706 -15.6506 40.8
      vertex 41.5706 -15.6506 45
    endloop
  endfacet
  facet normal -0.970072 0.242818 0
    outer loop
      vertex 41.6268 -15.4935 33
      vertex 41.6673 -15.3317 38
      vertex 41.6673 -15.3317 33
    endloop
  endfacet
  facet normal -0.970072 0.242818 0
    outer loop
      vertex 41.6673 -15.3317 38
      vertex 41.6268 -15.4935 33
      vertex 41.6268 -15.4935 38
    endloop
  endfacet
  facet normal -0.970072 0.242818 0
    outer loop
      vertex 41.6268 -15.4935 40.8
      vertex 41.6673 -15.3317 45
      vertex 41.6673 -15.3317 40.8
    endloop
  endfacet
  facet normal -0.970072 0.242818 0
    outer loop
      vertex 41.6673 -15.3317 45
      vertex 41.6268 -15.4935 40.8
      vertex 41.6268 -15.4935 45
    endloop
  endfacet
  facet normal -0.0491602 0.998791 0
    outer loop
      vertex 40.1666 -16.6918 33
      vertex 40 -16.7 38
      vertex 40.1666 -16.6918 38
    endloop
  endfacet
  facet normal -0.0491602 0.998791 0
    outer loop
      vertex 40 -16.7 38
      vertex 40.1666 -16.6918 33
      vertex 40 -16.7 33
    endloop
  endfacet
  facet normal -0.0491602 0.998791 0
    outer loop
      vertex 40.1666 -16.6918 40.8
      vertex 40 -16.7 45
      vertex 40.1666 -16.6918 45
    endloop
  endfacet
  facet normal -0.0491602 0.998791 0
    outer loop
      vertex 40 -16.7 45
      vertex 40.1666 -16.6918 40.8
      vertex 40 -16.7 40.8
    endloop
  endfacet
  facet normal -0.242818 0.970072 0
    outer loop
      vertex 40.4935 -16.6268 33
      vertex 40.3317 -16.6673 38
      vertex 40.4935 -16.6268 38
    endloop
  endfacet
  facet normal -0.242818 0.970072 0
    outer loop
      vertex 40.3317 -16.6673 38
      vertex 40.4935 -16.6268 33
      vertex 40.3317 -16.6673 33
    endloop
  endfacet
  facet normal -0.242818 0.970072 0
    outer loop
      vertex 40.4935 -16.6268 40.8
      vertex 40.3317 -16.6673 45
      vertex 40.4935 -16.6268 45
    endloop
  endfacet
  facet normal -0.242818 0.970072 0
    outer loop
      vertex 40.3317 -16.6673 45
      vertex 40.4935 -16.6268 40.8
      vertex 40.3317 -16.6673 40.8
    endloop
  endfacet
  facet normal -0.427442 0.904043 0
    outer loop
      vertex 40.8014 -16.4993 33
      vertex 40.6506 -16.5706 38
      vertex 40.8014 -16.4993 38
    endloop
  endfacet
  facet normal -0.427442 0.904043 0
    outer loop
      vertex 40.6506 -16.5706 38
      vertex 40.8014 -16.4993 33
      vertex 40.6506 -16.5706 33
    endloop
  endfacet
  facet normal -0.427442 0.904043 0
    outer loop
      vertex 40.8014 -16.4993 40.8
      vertex 40.6506 -16.5706 45
      vertex 40.8014 -16.4993 45
    endloop
  endfacet
  facet normal -0.427442 0.904043 0
    outer loop
      vertex 40.6506 -16.5706 45
      vertex 40.8014 -16.4993 40.8
      vertex 40.6506 -16.5706 40.8
    endloop
  endfacet
  facet normal 0.998791 0.0491602 0
    outer loop
      vertex 38.3082 -15.1666 38
      vertex 38.3 -15 33
      vertex 38.3 -15 38
    endloop
  endfacet
  facet normal 0.998791 0.0491602 0
    outer loop
      vertex 38.3 -15 33
      vertex 38.3082 -15.1666 38
      vertex 38.3082 -15.1666 33
    endloop
  endfacet
  facet normal 0.998791 0.0491602 0
    outer loop
      vertex 38.3082 -15.1666 45
      vertex 38.3 -15 40.8
      vertex 38.3 -15 45
    endloop
  endfacet
  facet normal 0.998791 0.0491602 0
    outer loop
      vertex 38.3 -15 40.8
      vertex 38.3082 -15.1666 45
      vertex 38.3082 -15.1666 40.8
    endloop
  endfacet
  facet normal 0.970072 0.242818 0
    outer loop
      vertex 38.3732 -15.4935 38
      vertex 38.3327 -15.3317 33
      vertex 38.3327 -15.3317 38
    endloop
  endfacet
  facet normal 0.970072 0.242818 0
    outer loop
      vertex 38.3327 -15.3317 33
      vertex 38.3732 -15.4935 38
      vertex 38.3732 -15.4935 33
    endloop
  endfacet
  facet normal 0.970072 0.242818 0
    outer loop
      vertex 38.3732 -15.4935 45
      vertex 38.3327 -15.3317 40.8
      vertex 38.3327 -15.3317 45
    endloop
  endfacet
  facet normal 0.970072 0.242818 0
    outer loop
      vertex 38.3327 -15.3317 40.8
      vertex 38.3732 -15.4935 45
      vertex 38.3732 -15.4935 40.8
    endloop
  endfacet
  facet normal 0.904043 0.427442 0
    outer loop
      vertex 38.5007 -15.8014 38
      vertex 38.4294 -15.6506 33
      vertex 38.4294 -15.6506 38
    endloop
  endfacet
  facet normal 0.904043 0.427442 0
    outer loop
      vertex 38.4294 -15.6506 33
      vertex 38.5007 -15.8014 38
      vertex 38.5007 -15.8014 33
    endloop
  endfacet
  facet normal 0.904043 0.427442 0
    outer loop
      vertex 38.5007 -15.8014 45
      vertex 38.4294 -15.6506 40.8
      vertex 38.4294 -15.6506 45
    endloop
  endfacet
  facet normal 0.904043 0.427442 0
    outer loop
      vertex 38.4294 -15.6506 40.8
      vertex 38.5007 -15.8014 45
      vertex 38.5007 -15.8014 40.8
    endloop
  endfacet
  facet normal -0.970072 -0.242818 0
    outer loop
      vertex 41.6673 -14.6683 33
      vertex 41.6268 -14.5065 38
      vertex 41.6268 -14.5065 33
    endloop
  endfacet
  facet normal -0.970072 -0.242818 0
    outer loop
      vertex 41.6268 -14.5065 38
      vertex 41.6673 -14.6683 33
      vertex 41.6673 -14.6683 38
    endloop
  endfacet
  facet normal -0.970072 -0.242818 0
    outer loop
      vertex 41.6673 -14.6683 40.8
      vertex 41.6268 -14.5065 45
      vertex 41.6268 -14.5065 40.8
    endloop
  endfacet
  facet normal -0.970072 -0.242818 0
    outer loop
      vertex 41.6268 -14.5065 45
      vertex 41.6673 -14.6683 40.8
      vertex 41.6673 -14.6683 45
    endloop
  endfacet
  facet normal -0.671478 -0.741024 0
    outer loop
      vertex 41.0785 -13.6859 33
      vertex 41.2021 -13.7979 38
      vertex 41.0785 -13.6859 38
    endloop
  endfacet
  facet normal -0.671478 -0.741024 -0
    outer loop
      vertex 41.2021 -13.7979 38
      vertex 41.0785 -13.6859 33
      vertex 41.2021 -13.7979 33
    endloop
  endfacet
  facet normal -0.671478 -0.741024 0
    outer loop
      vertex 41.0785 -13.6859 40.8
      vertex 41.2021 -13.7979 45
      vertex 41.0785 -13.6859 45
    endloop
  endfacet
  facet normal -0.671478 -0.741024 -0
    outer loop
      vertex 41.2021 -13.7979 45
      vertex 41.0785 -13.6859 40.8
      vertex 41.2021 -13.7979 40.8
    endloop
  endfacet
  facet normal -0.904043 -0.427442 0
    outer loop
      vertex 41.5706 -14.3494 33
      vertex 41.4993 -14.1986 38
      vertex 41.4993 -14.1986 33
    endloop
  endfacet
  facet normal -0.904043 -0.427442 0
    outer loop
      vertex 41.4993 -14.1986 38
      vertex 41.5706 -14.3494 33
      vertex 41.5706 -14.3494 38
    endloop
  endfacet
  facet normal -0.904043 -0.427442 0
    outer loop
      vertex 41.5706 -14.3494 40.8
      vertex 41.4993 -14.1986 45
      vertex 41.4993 -14.1986 40.8
    endloop
  endfacet
  facet normal -0.904043 -0.427442 0
    outer loop
      vertex 41.4993 -14.1986 45
      vertex 41.5706 -14.3494 40.8
      vertex 41.5706 -14.3494 45
    endloop
  endfacet
  facet normal -0.803154 -0.595772 0
    outer loop
      vertex 41.4135 -14.0555 33
      vertex 41.3141 -13.9215 38
      vertex 41.3141 -13.9215 33
    endloop
  endfacet
  facet normal -0.803154 -0.595772 0
    outer loop
      vertex 41.3141 -13.9215 38
      vertex 41.4135 -14.0555 33
      vertex 41.4135 -14.0555 38
    endloop
  endfacet
  facet normal -0.803154 -0.595772 0
    outer loop
      vertex 41.4135 -14.0555 40.8
      vertex 41.3141 -13.9215 45
      vertex 41.3141 -13.9215 40.8
    endloop
  endfacet
  facet normal -0.803154 -0.595772 0
    outer loop
      vertex 41.3141 -13.9215 45
      vertex 41.4135 -14.0555 40.8
      vertex 41.4135 -14.0555 45
    endloop
  endfacet
  facet normal 0.595772 -0.803154 0
    outer loop
      vertex 38.9215 -13.6859 33
      vertex 39.0555 -13.5865 38
      vertex 38.9215 -13.6859 38
    endloop
  endfacet
  facet normal 0.595772 -0.803154 0
    outer loop
      vertex 39.0555 -13.5865 38
      vertex 38.9215 -13.6859 33
      vertex 39.0555 -13.5865 33
    endloop
  endfacet
  facet normal 0.595772 -0.803154 0
    outer loop
      vertex 38.9215 -13.6859 40.8
      vertex 39.0555 -13.5865 45
      vertex 38.9215 -13.6859 45
    endloop
  endfacet
  facet normal 0.595772 -0.803154 0
    outer loop
      vertex 39.0555 -13.5865 45
      vertex 38.9215 -13.6859 40.8
      vertex 39.0555 -13.5865 40.8
    endloop
  endfacet
  facet normal 0.33683 -0.941566 0
    outer loop
      vertex 39.3494 -13.4294 33
      vertex 39.5065 -13.3732 38
      vertex 39.3494 -13.4294 38
    endloop
  endfacet
  facet normal 0.33683 -0.941566 0
    outer loop
      vertex 39.5065 -13.3732 38
      vertex 39.3494 -13.4294 33
      vertex 39.5065 -13.3732 33
    endloop
  endfacet
  facet normal 0.33683 -0.941566 0
    outer loop
      vertex 39.3494 -13.4294 40.8
      vertex 39.5065 -13.3732 45
      vertex 39.3494 -13.4294 45
    endloop
  endfacet
  facet normal 0.33683 -0.941566 0
    outer loop
      vertex 39.5065 -13.3732 45
      vertex 39.3494 -13.4294 40.8
      vertex 39.5065 -13.3732 40.8
    endloop
  endfacet
  facet normal 0.989168 -0.146788 0
    outer loop
      vertex 38.3082 -14.8334 38
      vertex 38.3327 -14.6683 33
      vertex 38.3327 -14.6683 38
    endloop
  endfacet
  facet normal 0.989168 -0.146788 0
    outer loop
      vertex 38.3327 -14.6683 33
      vertex 38.3082 -14.8334 38
      vertex 38.3082 -14.8334 33
    endloop
  endfacet
  facet normal 0.989168 -0.146788 0
    outer loop
      vertex 38.3082 -14.8334 45
      vertex 38.3327 -14.6683 40.8
      vertex 38.3327 -14.6683 45
    endloop
  endfacet
  facet normal 0.989168 -0.146788 0
    outer loop
      vertex 38.3327 -14.6683 40.8
      vertex 38.3082 -14.8334 45
      vertex 38.3082 -14.8334 40.8
    endloop
  endfacet
  facet normal 0.904043 -0.427442 0
    outer loop
      vertex 38.4294 -14.3494 38
      vertex 38.5007 -14.1986 33
      vertex 38.5007 -14.1986 38
    endloop
  endfacet
  facet normal 0.904043 -0.427442 0
    outer loop
      vertex 38.5007 -14.1986 33
      vertex 38.4294 -14.3494 38
      vertex 38.4294 -14.3494 33
    endloop
  endfacet
  facet normal 0.904043 -0.427442 0
    outer loop
      vertex 38.4294 -14.3494 45
      vertex 38.5007 -14.1986 40.8
      vertex 38.5007 -14.1986 45
    endloop
  endfacet
  facet normal 0.904043 -0.427442 0
    outer loop
      vertex 38.5007 -14.1986 40.8
      vertex 38.4294 -14.3494 45
      vertex 38.4294 -14.3494 40.8
    endloop
  endfacet
  facet normal 0.671478 -0.741024 0
    outer loop
      vertex 38.7979 -13.7979 33
      vertex 38.9215 -13.6859 38
      vertex 38.7979 -13.7979 38
    endloop
  endfacet
  facet normal 0.671478 -0.741024 0
    outer loop
      vertex 38.9215 -13.6859 38
      vertex 38.7979 -13.7979 33
      vertex 38.9215 -13.6859 33
    endloop
  endfacet
  facet normal 0.671478 -0.741024 0
    outer loop
      vertex 38.7979 -13.7979 40.8
      vertex 38.9215 -13.6859 45
      vertex 38.7979 -13.7979 45
    endloop
  endfacet
  facet normal 0.671478 -0.741024 0
    outer loop
      vertex 38.9215 -13.6859 45
      vertex 38.7979 -13.7979 40.8
      vertex 38.9215 -13.6859 40.8
    endloop
  endfacet
  facet normal -0.989168 -0.146788 0
    outer loop
      vertex 41.6918 -14.8334 33
      vertex 41.6673 -14.6683 38
      vertex 41.6673 -14.6683 33
    endloop
  endfacet
  facet normal -0.989168 -0.146788 0
    outer loop
      vertex 41.6673 -14.6683 38
      vertex 41.6918 -14.8334 33
      vertex 41.6918 -14.8334 38
    endloop
  endfacet
  facet normal -0.989168 -0.146788 0
    outer loop
      vertex 41.6918 -14.8334 40.8
      vertex 41.6673 -14.6683 45
      vertex 41.6673 -14.6683 40.8
    endloop
  endfacet
  facet normal -0.989168 -0.146788 0
    outer loop
      vertex 41.6673 -14.6683 45
      vertex 41.6918 -14.8334 40.8
      vertex 41.6918 -14.8334 45
    endloop
  endfacet
  facet normal -0.941566 -0.33683 0
    outer loop
      vertex 41.6268 -14.5065 33
      vertex 41.5706 -14.3494 38
      vertex 41.5706 -14.3494 33
    endloop
  endfacet
  facet normal -0.941566 -0.33683 0
    outer loop
      vertex 41.5706 -14.3494 38
      vertex 41.6268 -14.5065 33
      vertex 41.6268 -14.5065 38
    endloop
  endfacet
  facet normal -0.941566 -0.33683 0
    outer loop
      vertex 41.6268 -14.5065 40.8
      vertex 41.5706 -14.3494 45
      vertex 41.5706 -14.3494 40.8
    endloop
  endfacet
  facet normal -0.941566 -0.33683 0
    outer loop
      vertex 41.5706 -14.3494 45
      vertex 41.6268 -14.5065 40.8
      vertex 41.6268 -14.5065 45
    endloop
  endfacet
  facet normal -0.0491602 -0.998791 0
    outer loop
      vertex 40 -13.3 33
      vertex 40.1666 -13.3082 38
      vertex 40 -13.3 38
    endloop
  endfacet
  facet normal -0.0491602 -0.998791 -0
    outer loop
      vertex 40.1666 -13.3082 38
      vertex 40 -13.3 33
      vertex 40.1666 -13.3082 33
    endloop
  endfacet
  facet normal -0.0491602 -0.998791 0
    outer loop
      vertex 40 -13.3 40.8
      vertex 40.1666 -13.3082 45
      vertex 40 -13.3 45
    endloop
  endfacet
  facet normal -0.0491602 -0.998791 -0
    outer loop
      vertex 40.1666 -13.3082 45
      vertex 40 -13.3 40.8
      vertex 40.1666 -13.3082 40.8
    endloop
  endfacet
  facet normal 0.242818 -0.970072 0
    outer loop
      vertex 39.5065 -13.3732 33
      vertex 39.6683 -13.3327 38
      vertex 39.5065 -13.3732 38
    endloop
  endfacet
  facet normal 0.242818 -0.970072 0
    outer loop
      vertex 39.6683 -13.3327 38
      vertex 39.5065 -13.3732 33
      vertex 39.6683 -13.3327 33
    endloop
  endfacet
  facet normal 0.242818 -0.970072 0
    outer loop
      vertex 39.5065 -13.3732 40.8
      vertex 39.6683 -13.3327 45
      vertex 39.5065 -13.3732 45
    endloop
  endfacet
  facet normal 0.242818 -0.970072 0
    outer loop
      vertex 39.6683 -13.3327 45
      vertex 39.5065 -13.3732 40.8
      vertex 39.6683 -13.3327 40.8
    endloop
  endfacet
  facet normal 0.427442 -0.904043 0
    outer loop
      vertex 39.1986 -13.5007 33
      vertex 39.3494 -13.4294 38
      vertex 39.1986 -13.5007 38
    endloop
  endfacet
  facet normal 0.427442 -0.904043 0
    outer loop
      vertex 39.3494 -13.4294 38
      vertex 39.1986 -13.5007 33
      vertex 39.3494 -13.4294 33
    endloop
  endfacet
  facet normal 0.427442 -0.904043 0
    outer loop
      vertex 39.1986 -13.5007 40.8
      vertex 39.3494 -13.4294 45
      vertex 39.1986 -13.5007 45
    endloop
  endfacet
  facet normal 0.427442 -0.904043 0
    outer loop
      vertex 39.3494 -13.4294 45
      vertex 39.1986 -13.5007 40.8
      vertex 39.3494 -13.4294 40.8
    endloop
  endfacet
  facet normal 0.970072 -0.242818 0
    outer loop
      vertex 38.3327 -14.6683 38
      vertex 38.3732 -14.5065 33
      vertex 38.3732 -14.5065 38
    endloop
  endfacet
  facet normal 0.970072 -0.242818 0
    outer loop
      vertex 38.3732 -14.5065 33
      vertex 38.3327 -14.6683 38
      vertex 38.3327 -14.6683 33
    endloop
  endfacet
  facet normal 0.970072 -0.242818 0
    outer loop
      vertex 38.3327 -14.6683 45
      vertex 38.3732 -14.5065 40.8
      vertex 38.3732 -14.5065 45
    endloop
  endfacet
  facet normal 0.970072 -0.242818 0
    outer loop
      vertex 38.3732 -14.5065 40.8
      vertex 38.3327 -14.6683 45
      vertex 38.3327 -14.6683 40.8
    endloop
  endfacet
  facet normal 0.803154 -0.595772 0
    outer loop
      vertex 38.5865 -14.0555 38
      vertex 38.6859 -13.9215 33
      vertex 38.6859 -13.9215 38
    endloop
  endfacet
  facet normal 0.803154 -0.595772 0
    outer loop
      vertex 38.6859 -13.9215 33
      vertex 38.5865 -14.0555 38
      vertex 38.5865 -14.0555 33
    endloop
  endfacet
  facet normal 0.803154 -0.595772 0
    outer loop
      vertex 38.5865 -14.0555 45
      vertex 38.6859 -13.9215 40.8
      vertex 38.6859 -13.9215 45
    endloop
  endfacet
  facet normal 0.803154 -0.595772 0
    outer loop
      vertex 38.6859 -13.9215 40.8
      vertex 38.5865 -14.0555 45
      vertex 38.5865 -14.0555 40.8
    endloop
  endfacet
  facet normal 0.857652 -0.514231 0
    outer loop
      vertex 38.5007 -14.1986 38
      vertex 38.5865 -14.0555 33
      vertex 38.5865 -14.0555 38
    endloop
  endfacet
  facet normal 0.857652 -0.514231 0
    outer loop
      vertex 38.5865 -14.0555 33
      vertex 38.5007 -14.1986 38
      vertex 38.5007 -14.1986 33
    endloop
  endfacet
  facet normal 0.857652 -0.514231 0
    outer loop
      vertex 38.5007 -14.1986 45
      vertex 38.5865 -14.0555 40.8
      vertex 38.5865 -14.0555 45
    endloop
  endfacet
  facet normal 0.857652 -0.514231 0
    outer loop
      vertex 38.5865 -14.0555 40.8
      vertex 38.5007 -14.1986 45
      vertex 38.5007 -14.1986 40.8
    endloop
  endfacet
  facet normal -0.242818 -0.970072 0
    outer loop
      vertex 40.3317 -13.3327 33
      vertex 40.4935 -13.3732 38
      vertex 40.3317 -13.3327 38
    endloop
  endfacet
  facet normal -0.242818 -0.970072 -0
    outer loop
      vertex 40.4935 -13.3732 38
      vertex 40.3317 -13.3327 33
      vertex 40.4935 -13.3732 33
    endloop
  endfacet
  facet normal -0.242818 -0.970072 0
    outer loop
      vertex 40.3317 -13.3327 40.8
      vertex 40.4935 -13.3732 45
      vertex 40.3317 -13.3327 45
    endloop
  endfacet
  facet normal -0.242818 -0.970072 -0
    outer loop
      vertex 40.4935 -13.3732 45
      vertex 40.3317 -13.3327 40.8
      vertex 40.4935 -13.3732 40.8
    endloop
  endfacet
  facet normal -0.33683 -0.941566 0
    outer loop
      vertex 40.4935 -13.3732 33
      vertex 40.6506 -13.4294 38
      vertex 40.4935 -13.3732 38
    endloop
  endfacet
  facet normal -0.33683 -0.941566 -0
    outer loop
      vertex 40.6506 -13.4294 38
      vertex 40.4935 -13.3732 33
      vertex 40.6506 -13.4294 33
    endloop
  endfacet
  facet normal -0.33683 -0.941566 0
    outer loop
      vertex 40.4935 -13.3732 40.8
      vertex 40.6506 -13.4294 45
      vertex 40.4935 -13.3732 45
    endloop
  endfacet
  facet normal -0.33683 -0.941566 -0
    outer loop
      vertex 40.6506 -13.4294 45
      vertex 40.4935 -13.3732 40.8
      vertex 40.6506 -13.4294 40.8
    endloop
  endfacet
  facet normal -0.595772 -0.803154 0
    outer loop
      vertex 40.9445 -13.5865 33
      vertex 41.0785 -13.6859 38
      vertex 40.9445 -13.5865 38
    endloop
  endfacet
  facet normal -0.595772 -0.803154 -0
    outer loop
      vertex 41.0785 -13.6859 38
      vertex 40.9445 -13.5865 33
      vertex 41.0785 -13.6859 33
    endloop
  endfacet
  facet normal -0.595772 -0.803154 0
    outer loop
      vertex 40.9445 -13.5865 40.8
      vertex 41.0785 -13.6859 45
      vertex 40.9445 -13.5865 45
    endloop
  endfacet
  facet normal -0.595772 -0.803154 -0
    outer loop
      vertex 41.0785 -13.6859 45
      vertex 40.9445 -13.5865 40.8
      vertex 41.0785 -13.6859 40.8
    endloop
  endfacet
  facet normal -0.741024 -0.671478 0
    outer loop
      vertex 41.3141 -13.9215 33
      vertex 41.2021 -13.7979 38
      vertex 41.2021 -13.7979 33
    endloop
  endfacet
  facet normal -0.741024 -0.671478 0
    outer loop
      vertex 41.2021 -13.7979 38
      vertex 41.3141 -13.9215 33
      vertex 41.3141 -13.9215 38
    endloop
  endfacet
  facet normal -0.741024 -0.671478 0
    outer loop
      vertex 41.3141 -13.9215 40.8
      vertex 41.2021 -13.7979 45
      vertex 41.2021 -13.7979 40.8
    endloop
  endfacet
  facet normal -0.741024 -0.671478 0
    outer loop
      vertex 41.2021 -13.7979 45
      vertex 41.3141 -13.9215 40.8
      vertex 41.3141 -13.9215 45
    endloop
  endfacet
  facet normal 0.146788 -0.989168 0
    outer loop
      vertex 39.6683 -13.3327 33
      vertex 39.8334 -13.3082 38
      vertex 39.6683 -13.3327 38
    endloop
  endfacet
  facet normal 0.146788 -0.989168 0
    outer loop
      vertex 39.8334 -13.3082 38
      vertex 39.6683 -13.3327 33
      vertex 39.8334 -13.3082 33
    endloop
  endfacet
  facet normal 0.146788 -0.989168 0
    outer loop
      vertex 39.6683 -13.3327 40.8
      vertex 39.8334 -13.3082 45
      vertex 39.6683 -13.3327 45
    endloop
  endfacet
  facet normal 0.146788 -0.989168 0
    outer loop
      vertex 39.8334 -13.3082 45
      vertex 39.6683 -13.3327 40.8
      vertex 39.8334 -13.3082 40.8
    endloop
  endfacet
  facet normal 0.514231 -0.857652 0
    outer loop
      vertex 39.0555 -13.5865 33
      vertex 39.1986 -13.5007 38
      vertex 39.0555 -13.5865 38
    endloop
  endfacet
  facet normal 0.514231 -0.857652 0
    outer loop
      vertex 39.1986 -13.5007 38
      vertex 39.0555 -13.5865 33
      vertex 39.1986 -13.5007 33
    endloop
  endfacet
  facet normal 0.514231 -0.857652 0
    outer loop
      vertex 39.0555 -13.5865 40.8
      vertex 39.1986 -13.5007 45
      vertex 39.0555 -13.5865 45
    endloop
  endfacet
  facet normal 0.514231 -0.857652 0
    outer loop
      vertex 39.1986 -13.5007 45
      vertex 39.0555 -13.5865 40.8
      vertex 39.1986 -13.5007 40.8
    endloop
  endfacet
  facet normal -0.998791 0.0491602 0
    outer loop
      vertex 41.6918 -35.1666 33
      vertex 41.7 -35 38
      vertex 41.7 -35 33
    endloop
  endfacet
  facet normal -0.998791 0.0491602 0
    outer loop
      vertex 41.7 -35 38
      vertex 41.6918 -35.1666 33
      vertex 41.6918 -35.1666 38
    endloop
  endfacet
  facet normal -0.998791 0.0491602 0
    outer loop
      vertex 41.6918 -35.1666 40.8
      vertex 41.7 -35 45
      vertex 41.7 -35 40.8
    endloop
  endfacet
  facet normal -0.998791 0.0491602 0
    outer loop
      vertex 41.7 -35 45
      vertex 41.6918 -35.1666 40.8
      vertex 41.6918 -35.1666 45
    endloop
  endfacet
  facet normal 0.0491602 0.998791 -0
    outer loop
      vertex 40 -36.7 33
      vertex 39.8334 -36.6918 38
      vertex 40 -36.7 38
    endloop
  endfacet
  facet normal 0.0491602 0.998791 0
    outer loop
      vertex 39.8334 -36.6918 38
      vertex 40 -36.7 33
      vertex 39.8334 -36.6918 33
    endloop
  endfacet
  facet normal 0.0491602 0.998791 -0
    outer loop
      vertex 40 -36.7 40.8
      vertex 39.8334 -36.6918 45
      vertex 40 -36.7 45
    endloop
  endfacet
  facet normal 0.0491602 0.998791 0
    outer loop
      vertex 39.8334 -36.6918 45
      vertex 40 -36.7 40.8
      vertex 39.8334 -36.6918 40.8
    endloop
  endfacet
  facet normal -0.671478 0.741024 0
    outer loop
      vertex 41.2021 -36.2021 33
      vertex 41.0785 -36.3141 38
      vertex 41.2021 -36.2021 38
    endloop
  endfacet
  facet normal -0.671478 0.741024 0
    outer loop
      vertex 41.0785 -36.3141 38
      vertex 41.2021 -36.2021 33
      vertex 41.0785 -36.3141 33
    endloop
  endfacet
  facet normal -0.671478 0.741024 0
    outer loop
      vertex 41.2021 -36.2021 40.8
      vertex 41.0785 -36.3141 45
      vertex 41.2021 -36.2021 45
    endloop
  endfacet
  facet normal -0.671478 0.741024 0
    outer loop
      vertex 41.0785 -36.3141 45
      vertex 41.2021 -36.2021 40.8
      vertex 41.0785 -36.3141 40.8
    endloop
  endfacet
  facet normal 0.741024 0.671478 0
    outer loop
      vertex 38.7979 -36.2021 38
      vertex 38.6859 -36.0785 33
      vertex 38.6859 -36.0785 38
    endloop
  endfacet
  facet normal 0.741024 0.671478 0
    outer loop
      vertex 38.6859 -36.0785 33
      vertex 38.7979 -36.2021 38
      vertex 38.7979 -36.2021 33
    endloop
  endfacet
  facet normal 0.741024 0.671478 0
    outer loop
      vertex 38.7979 -36.2021 45
      vertex 38.6859 -36.0785 40.8
      vertex 38.6859 -36.0785 45
    endloop
  endfacet
  facet normal 0.741024 0.671478 0
    outer loop
      vertex 38.6859 -36.0785 40.8
      vertex 38.7979 -36.2021 45
      vertex 38.7979 -36.2021 40.8
    endloop
  endfacet
  facet normal 0.427442 0.904043 -0
    outer loop
      vertex 39.3494 -36.5706 33
      vertex 39.1986 -36.4993 38
      vertex 39.3494 -36.5706 38
    endloop
  endfacet
  facet normal 0.427442 0.904043 0
    outer loop
      vertex 39.1986 -36.4993 38
      vertex 39.3494 -36.5706 33
      vertex 39.1986 -36.4993 33
    endloop
  endfacet
  facet normal 0.427442 0.904043 -0
    outer loop
      vertex 39.3494 -36.5706 40.8
      vertex 39.1986 -36.4993 45
      vertex 39.3494 -36.5706 45
    endloop
  endfacet
  facet normal 0.427442 0.904043 0
    outer loop
      vertex 39.1986 -36.4993 45
      vertex 39.3494 -36.5706 40.8
      vertex 39.1986 -36.4993 40.8
    endloop
  endfacet
  facet normal -0.904043 0.427442 0
    outer loop
      vertex 41.4993 -35.8014 33
      vertex 41.5706 -35.6506 38
      vertex 41.5706 -35.6506 33
    endloop
  endfacet
  facet normal -0.904043 0.427442 0
    outer loop
      vertex 41.5706 -35.6506 38
      vertex 41.4993 -35.8014 33
      vertex 41.4993 -35.8014 38
    endloop
  endfacet
  facet normal -0.904043 0.427442 0
    outer loop
      vertex 41.4993 -35.8014 40.8
      vertex 41.5706 -35.6506 45
      vertex 41.5706 -35.6506 40.8
    endloop
  endfacet
  facet normal -0.904043 0.427442 0
    outer loop
      vertex 41.5706 -35.6506 45
      vertex 41.4993 -35.8014 40.8
      vertex 41.4993 -35.8014 45
    endloop
  endfacet
  facet normal -0.33683 0.941566 0
    outer loop
      vertex 40.6506 -36.5706 33
      vertex 40.4935 -36.6268 38
      vertex 40.6506 -36.5706 38
    endloop
  endfacet
  facet normal -0.33683 0.941566 0
    outer loop
      vertex 40.4935 -36.6268 38
      vertex 40.6506 -36.5706 33
      vertex 40.4935 -36.6268 33
    endloop
  endfacet
  facet normal -0.33683 0.941566 0
    outer loop
      vertex 40.6506 -36.5706 40.8
      vertex 40.4935 -36.6268 45
      vertex 40.6506 -36.5706 45
    endloop
  endfacet
  facet normal -0.33683 0.941566 0
    outer loop
      vertex 40.4935 -36.6268 45
      vertex 40.6506 -36.5706 40.8
      vertex 40.4935 -36.6268 40.8
    endloop
  endfacet
  facet normal -0.514231 0.857652 0
    outer loop
      vertex 40.9445 -36.4135 33
      vertex 40.8014 -36.4993 38
      vertex 40.9445 -36.4135 38
    endloop
  endfacet
  facet normal -0.514231 0.857652 0
    outer loop
      vertex 40.8014 -36.4993 38
      vertex 40.9445 -36.4135 33
      vertex 40.8014 -36.4993 33
    endloop
  endfacet
  facet normal -0.514231 0.857652 0
    outer loop
      vertex 40.9445 -36.4135 40.8
      vertex 40.8014 -36.4993 45
      vertex 40.9445 -36.4135 45
    endloop
  endfacet
  facet normal -0.514231 0.857652 0
    outer loop
      vertex 40.8014 -36.4993 45
      vertex 40.9445 -36.4135 40.8
      vertex 40.8014 -36.4993 40.8
    endloop
  endfacet
  facet normal 0.904043 0.427442 0
    outer loop
      vertex 38.5007 -35.8014 38
      vertex 38.4294 -35.6506 33
      vertex 38.4294 -35.6506 38
    endloop
  endfacet
  facet normal 0.904043 0.427442 0
    outer loop
      vertex 38.4294 -35.6506 33
      vertex 38.5007 -35.8014 38
      vertex 38.5007 -35.8014 33
    endloop
  endfacet
  facet normal 0.904043 0.427442 0
    outer loop
      vertex 38.5007 -35.8014 45
      vertex 38.4294 -35.6506 40.8
      vertex 38.4294 -35.6506 45
    endloop
  endfacet
  facet normal 0.904043 0.427442 0
    outer loop
      vertex 38.4294 -35.6506 40.8
      vertex 38.5007 -35.8014 45
      vertex 38.5007 -35.8014 40.8
    endloop
  endfacet
  facet normal 0.857652 0.514231 0
    outer loop
      vertex 38.5865 -35.9445 38
      vertex 38.5007 -35.8014 33
      vertex 38.5007 -35.8014 38
    endloop
  endfacet
  facet normal 0.857652 0.514231 0
    outer loop
      vertex 38.5007 -35.8014 33
      vertex 38.5865 -35.9445 38
      vertex 38.5865 -35.9445 33
    endloop
  endfacet
  facet normal 0.857652 0.514231 0
    outer loop
      vertex 38.5865 -35.9445 45
      vertex 38.5007 -35.8014 40.8
      vertex 38.5007 -35.8014 45
    endloop
  endfacet
  facet normal 0.857652 0.514231 0
    outer loop
      vertex 38.5007 -35.8014 40.8
      vertex 38.5865 -35.9445 45
      vertex 38.5865 -35.9445 40.8
    endloop
  endfacet
  facet normal 0.242818 0.970072 -0
    outer loop
      vertex 39.6683 -36.6673 33
      vertex 39.5065 -36.6268 38
      vertex 39.6683 -36.6673 38
    endloop
  endfacet
  facet normal 0.242818 0.970072 0
    outer loop
      vertex 39.5065 -36.6268 38
      vertex 39.6683 -36.6673 33
      vertex 39.5065 -36.6268 33
    endloop
  endfacet
  facet normal 0.242818 0.970072 -0
    outer loop
      vertex 39.6683 -36.6673 40.8
      vertex 39.5065 -36.6268 45
      vertex 39.6683 -36.6673 45
    endloop
  endfacet
  facet normal 0.242818 0.970072 0
    outer loop
      vertex 39.5065 -36.6268 45
      vertex 39.6683 -36.6673 40.8
      vertex 39.5065 -36.6268 40.8
    endloop
  endfacet
  facet normal 0.0491602 -0.998791 0
    outer loop
      vertex 39.8334 -33.3082 33
      vertex 40 -33.3 38
      vertex 39.8334 -33.3082 38
    endloop
  endfacet
  facet normal 0.0491602 -0.998791 0
    outer loop
      vertex 40 -33.3 38
      vertex 39.8334 -33.3082 33
      vertex 40 -33.3 33
    endloop
  endfacet
  facet normal 0.0491602 -0.998791 0
    outer loop
      vertex 39.8334 -33.3082 40.8
      vertex 40 -33.3 45
      vertex 39.8334 -33.3082 45
    endloop
  endfacet
  facet normal 0.0491602 -0.998791 0
    outer loop
      vertex 40 -33.3 45
      vertex 39.8334 -33.3082 40.8
      vertex 40 -33.3 40.8
    endloop
  endfacet
  facet normal -0.146788 -0.989168 0
    outer loop
      vertex 40.1666 -33.3082 33
      vertex 40.3317 -33.3327 38
      vertex 40.1666 -33.3082 38
    endloop
  endfacet
  facet normal -0.146788 -0.989168 -0
    outer loop
      vertex 40.3317 -33.3327 38
      vertex 40.1666 -33.3082 33
      vertex 40.3317 -33.3327 33
    endloop
  endfacet
  facet normal -0.146788 -0.989168 0
    outer loop
      vertex 40.1666 -33.3082 40.8
      vertex 40.3317 -33.3327 45
      vertex 40.1666 -33.3082 45
    endloop
  endfacet
  facet normal -0.146788 -0.989168 -0
    outer loop
      vertex 40.3317 -33.3327 45
      vertex 40.1666 -33.3082 40.8
      vertex 40.3317 -33.3327 40.8
    endloop
  endfacet
  facet normal -0.970072 0.242818 0
    outer loop
      vertex 41.6268 -35.4935 33
      vertex 41.6673 -35.3317 38
      vertex 41.6673 -35.3317 33
    endloop
  endfacet
  facet normal -0.970072 0.242818 0
    outer loop
      vertex 41.6673 -35.3317 38
      vertex 41.6268 -35.4935 33
      vertex 41.6268 -35.4935 38
    endloop
  endfacet
  facet normal -0.970072 0.242818 0
    outer loop
      vertex 41.6268 -35.4935 40.8
      vertex 41.6673 -35.3317 45
      vertex 41.6673 -35.3317 40.8
    endloop
  endfacet
  facet normal -0.970072 0.242818 0
    outer loop
      vertex 41.6673 -35.3317 45
      vertex 41.6268 -35.4935 40.8
      vertex 41.6268 -35.4935 45
    endloop
  endfacet
  facet normal -0.989168 0.146788 0
    outer loop
      vertex 41.6673 -35.3317 33
      vertex 41.6918 -35.1666 38
      vertex 41.6918 -35.1666 33
    endloop
  endfacet
  facet normal -0.989168 0.146788 0
    outer loop
      vertex 41.6918 -35.1666 38
      vertex 41.6673 -35.3317 33
      vertex 41.6673 -35.3317 38
    endloop
  endfacet
  facet normal -0.989168 0.146788 0
    outer loop
      vertex 41.6673 -35.3317 40.8
      vertex 41.6918 -35.1666 45
      vertex 41.6918 -35.1666 40.8
    endloop
  endfacet
  facet normal -0.989168 0.146788 0
    outer loop
      vertex 41.6918 -35.1666 45
      vertex 41.6673 -35.3317 40.8
      vertex 41.6673 -35.3317 45
    endloop
  endfacet
  facet normal -0.941566 0.33683 0
    outer loop
      vertex 41.5706 -35.6506 33
      vertex 41.6268 -35.4935 38
      vertex 41.6268 -35.4935 33
    endloop
  endfacet
  facet normal -0.941566 0.33683 0
    outer loop
      vertex 41.6268 -35.4935 38
      vertex 41.5706 -35.6506 33
      vertex 41.5706 -35.6506 38
    endloop
  endfacet
  facet normal -0.941566 0.33683 0
    outer loop
      vertex 41.5706 -35.6506 40.8
      vertex 41.6268 -35.4935 45
      vertex 41.6268 -35.4935 40.8
    endloop
  endfacet
  facet normal -0.941566 0.33683 0
    outer loop
      vertex 41.6268 -35.4935 45
      vertex 41.5706 -35.6506 40.8
      vertex 41.5706 -35.6506 45
    endloop
  endfacet
  facet normal -0.803154 0.595772 0
    outer loop
      vertex 41.3141 -36.0785 33
      vertex 41.4135 -35.9445 38
      vertex 41.4135 -35.9445 33
    endloop
  endfacet
  facet normal -0.803154 0.595772 0
    outer loop
      vertex 41.4135 -35.9445 38
      vertex 41.3141 -36.0785 33
      vertex 41.3141 -36.0785 38
    endloop
  endfacet
  facet normal -0.803154 0.595772 0
    outer loop
      vertex 41.3141 -36.0785 40.8
      vertex 41.4135 -35.9445 45
      vertex 41.4135 -35.9445 40.8
    endloop
  endfacet
  facet normal -0.803154 0.595772 0
    outer loop
      vertex 41.4135 -35.9445 45
      vertex 41.3141 -36.0785 40.8
      vertex 41.3141 -36.0785 45
    endloop
  endfacet
  facet normal -0.741024 0.671478 0
    outer loop
      vertex 41.2021 -36.2021 33
      vertex 41.3141 -36.0785 38
      vertex 41.3141 -36.0785 33
    endloop
  endfacet
  facet normal -0.741024 0.671478 0
    outer loop
      vertex 41.3141 -36.0785 38
      vertex 41.2021 -36.2021 33
      vertex 41.2021 -36.2021 38
    endloop
  endfacet
  facet normal -0.741024 0.671478 0
    outer loop
      vertex 41.2021 -36.2021 40.8
      vertex 41.3141 -36.0785 45
      vertex 41.3141 -36.0785 40.8
    endloop
  endfacet
  facet normal -0.741024 0.671478 0
    outer loop
      vertex 41.3141 -36.0785 45
      vertex 41.2021 -36.2021 40.8
      vertex 41.2021 -36.2021 45
    endloop
  endfacet
  facet normal -0.146788 0.989168 0
    outer loop
      vertex 40.3317 -36.6673 33
      vertex 40.1666 -36.6918 38
      vertex 40.3317 -36.6673 38
    endloop
  endfacet
  facet normal -0.146788 0.989168 0
    outer loop
      vertex 40.1666 -36.6918 38
      vertex 40.3317 -36.6673 33
      vertex 40.1666 -36.6918 33
    endloop
  endfacet
  facet normal -0.146788 0.989168 0
    outer loop
      vertex 40.3317 -36.6673 40.8
      vertex 40.1666 -36.6918 45
      vertex 40.3317 -36.6673 45
    endloop
  endfacet
  facet normal -0.146788 0.989168 0
    outer loop
      vertex 40.1666 -36.6918 45
      vertex 40.3317 -36.6673 40.8
      vertex 40.1666 -36.6918 40.8
    endloop
  endfacet
  facet normal -0.0491602 0.998791 0
    outer loop
      vertex 40.1666 -36.6918 33
      vertex 40 -36.7 38
      vertex 40.1666 -36.6918 38
    endloop
  endfacet
  facet normal -0.0491602 0.998791 0
    outer loop
      vertex 40 -36.7 38
      vertex 40.1666 -36.6918 33
      vertex 40 -36.7 33
    endloop
  endfacet
  facet normal -0.0491602 0.998791 0
    outer loop
      vertex 40.1666 -36.6918 40.8
      vertex 40 -36.7 45
      vertex 40.1666 -36.6918 45
    endloop
  endfacet
  facet normal -0.0491602 0.998791 0
    outer loop
      vertex 40 -36.7 45
      vertex 40.1666 -36.6918 40.8
      vertex 40 -36.7 40.8
    endloop
  endfacet
  facet normal -0.427442 0.904043 0
    outer loop
      vertex 40.8014 -36.4993 33
      vertex 40.6506 -36.5706 38
      vertex 40.8014 -36.4993 38
    endloop
  endfacet
  facet normal -0.427442 0.904043 0
    outer loop
      vertex 40.6506 -36.5706 38
      vertex 40.8014 -36.4993 33
      vertex 40.6506 -36.5706 33
    endloop
  endfacet
  facet normal -0.427442 0.904043 0
    outer loop
      vertex 40.8014 -36.4993 40.8
      vertex 40.6506 -36.5706 45
      vertex 40.8014 -36.4993 45
    endloop
  endfacet
  facet normal -0.427442 0.904043 0
    outer loop
      vertex 40.6506 -36.5706 45
      vertex 40.8014 -36.4993 40.8
      vertex 40.6506 -36.5706 40.8
    endloop
  endfacet
  facet normal -0.595772 0.803154 0
    outer loop
      vertex 41.0785 -36.3141 33
      vertex 40.9445 -36.4135 38
      vertex 41.0785 -36.3141 38
    endloop
  endfacet
  facet normal -0.595772 0.803154 0
    outer loop
      vertex 40.9445 -36.4135 38
      vertex 41.0785 -36.3141 33
      vertex 40.9445 -36.4135 33
    endloop
  endfacet
  facet normal -0.595772 0.803154 0
    outer loop
      vertex 41.0785 -36.3141 40.8
      vertex 40.9445 -36.4135 45
      vertex 41.0785 -36.3141 45
    endloop
  endfacet
  facet normal -0.595772 0.803154 0
    outer loop
      vertex 40.9445 -36.4135 45
      vertex 41.0785 -36.3141 40.8
      vertex 40.9445 -36.4135 40.8
    endloop
  endfacet
  facet normal 0.989168 0.146788 0
    outer loop
      vertex 38.3327 -35.3317 38
      vertex 38.3082 -35.1666 33
      vertex 38.3082 -35.1666 38
    endloop
  endfacet
  facet normal 0.989168 0.146788 0
    outer loop
      vertex 38.3082 -35.1666 33
      vertex 38.3327 -35.3317 38
      vertex 38.3327 -35.3317 33
    endloop
  endfacet
  facet normal 0.989168 0.146788 0
    outer loop
      vertex 38.3327 -35.3317 45
      vertex 38.3082 -35.1666 40.8
      vertex 38.3082 -35.1666 45
    endloop
  endfacet
  facet normal 0.989168 0.146788 0
    outer loop
      vertex 38.3082 -35.1666 40.8
      vertex 38.3327 -35.3317 45
      vertex 38.3327 -35.3317 40.8
    endloop
  endfacet
  facet normal 0 0 1
    outer loop
      vertex 41.6918 -34.8334 33
      vertex 41.6918 -35.1666 33
      vertex 41.7 -35 33
    endloop
  endfacet
  facet normal 0 0 1
    outer loop
      vertex 41.6673 -34.6683 33
      vertex 41.6918 -35.1666 33
      vertex 41.6918 -34.8334 33
    endloop
  endfacet
  facet normal 0 0 1
    outer loop
      vertex 41.6673 -34.6683 33
      vertex 41.6673 -35.3317 33
      vertex 41.6918 -35.1666 33
    endloop
  endfacet
  facet normal 0 0 1
    outer loop
      vertex 41.6268 -34.5065 33
      vertex 41.6673 -35.3317 33
      vertex 41.6673 -34.6683 33
    endloop
  endfacet
  facet normal 0 0 1
    outer loop
      vertex 41.6268 -34.5065 33
      vertex 41.6268 -35.4935 33
      vertex 41.6673 -35.3317 33
    endloop
  endfacet
  facet normal 0 0 1
    outer loop
      vertex 41.5706 -34.3494 33
      vertex 41.6268 -35.4935 33
      vertex 41.6268 -34.5065 33
    endloop
  endfacet
  facet normal 0 0 1
    outer loop
      vertex 41.5706 -34.3494 33
      vertex 41.5706 -35.6506 33
      vertex 41.6268 -35.4935 33
    endloop
  endfacet
  facet normal 0 0 1
    outer loop
      vertex 41.4993 -34.1986 33
      vertex 41.5706 -35.6506 33
      vertex 41.5706 -34.3494 33
    endloop
  endfacet
  facet normal 0 0 1
    outer loop
      vertex 41.4993 -34.1986 33
      vertex 41.4993 -35.8014 33
      vertex 41.5706 -35.6506 33
    endloop
  endfacet
  facet normal 0 0 1
    outer loop
      vertex 41.4135 -34.0555 33
      vertex 41.4993 -35.8014 33
      vertex 41.4993 -34.1986 33
    endloop
  endfacet
  facet normal 0 0 1
    outer loop
      vertex 41.4135 -34.0555 33
      vertex 41.4135 -35.9445 33
      vertex 41.4993 -35.8014 33
    endloop
  endfacet
  facet normal 0 0 1
    outer loop
      vertex 41.3141 -33.9215 33
      vertex 41.4135 -35.9445 33
      vertex 41.4135 -34.0555 33
    endloop
  endfacet
  facet normal 0 0 1
    outer loop
      vertex 41.3141 -33.9215 33
      vertex 41.3141 -36.0785 33
      vertex 41.4135 -35.9445 33
    endloop
  endfacet
  facet normal 0 0 1
    outer loop
      vertex 41.2021 -33.7979 33
      vertex 41.3141 -36.0785 33
      vertex 41.3141 -33.9215 33
    endloop
  endfacet
  facet normal 0 0 1
    outer loop
      vertex 41.2021 -33.7979 33
      vertex 41.2021 -36.2021 33
      vertex 41.3141 -36.0785 33
    endloop
  endfacet
  facet normal 0 0 1
    outer loop
      vertex 41.0785 -33.6859 33
      vertex 41.2021 -36.2021 33
      vertex 41.2021 -33.7979 33
    endloop
  endfacet
  facet normal 0 0 1
    outer loop
      vertex 41.0785 -33.6859 33
      vertex 41.0785 -36.3141 33
      vertex 41.2021 -36.2021 33
    endloop
  endfacet
  facet normal 0 0 1
    outer loop
      vertex 40.9445 -33.5865 33
      vertex 41.0785 -36.3141 33
      vertex 41.0785 -33.6859 33
    endloop
  endfacet
  facet normal 0 0 1
    outer loop
      vertex 40.9445 -33.5865 33
      vertex 40.9445 -36.4135 33
      vertex 41.0785 -36.3141 33
    endloop
  endfacet
  facet normal 0 0 1
    outer loop
      vertex 40.8014 -33.5007 33
      vertex 40.9445 -36.4135 33
      vertex 40.9445 -33.5865 33
    endloop
  endfacet
  facet normal 0 0 1
    outer loop
      vertex 40.8014 -33.5007 33
      vertex 40.8014 -36.4993 33
      vertex 40.9445 -36.4135 33
    endloop
  endfacet
  facet normal 0 0 1
    outer loop
      vertex 40.6506 -33.4294 33
      vertex 40.8014 -36.4993 33
      vertex 40.8014 -33.5007 33
    endloop
  endfacet
  facet normal 0 0 1
    outer loop
      vertex 40.6506 -33.4294 33
      vertex 40.6506 -36.5706 33
      vertex 40.8014 -36.4993 33
    endloop
  endfacet
  facet normal 0 0 1
    outer loop
      vertex 40.4935 -33.3732 33
      vertex 40.6506 -36.5706 33
      vertex 40.6506 -33.4294 33
    endloop
  endfacet
  facet normal 0 0 1
    outer loop
      vertex 40.4935 -33.3732 33
      vertex 40.4935 -36.6268 33
      vertex 40.6506 -36.5706 33
    endloop
  endfacet
  facet normal 0 0 1
    outer loop
      vertex 40.3317 -33.3327 33
      vertex 40.4935 -36.6268 33
      vertex 40.4935 -33.3732 33
    endloop
  endfacet
  facet normal 0 0 1
    outer loop
      vertex 40.3317 -33.3327 33
      vertex 40.3317 -36.6673 33
      vertex 40.4935 -36.6268 33
    endloop
  endfacet
  facet normal 0 0 1
    outer loop
      vertex 40.1666 -33.3082 33
      vertex 40.3317 -36.6673 33
      vertex 40.3317 -33.3327 33
    endloop
  endfacet
  facet normal 0 0 1
    outer loop
      vertex 40.1666 -33.3082 33
      vertex 40.1666 -36.6918 33
      vertex 40.3317 -36.6673 33
    endloop
  endfacet
  facet normal 0 0 1
    outer loop
      vertex 40 -33.3 33
      vertex 40.1666 -36.6918 33
      vertex 40.1666 -33.3082 33
    endloop
  endfacet
  facet normal 0 0 1
    outer loop
      vertex 40 -33.3 33
      vertex 40 -36.7 33
      vertex 40.1666 -36.6918 33
    endloop
  endfacet
  facet normal -0 0 1
    outer loop
      vertex 39.8334 -33.3082 33
      vertex 40 -36.7 33
      vertex 40 -33.3 33
    endloop
  endfacet
  facet normal 0 0 1
    outer loop
      vertex 39.8334 -33.3082 33
      vertex 39.8334 -36.6918 33
      vertex 40 -36.7 33
    endloop
  endfacet
  facet normal -0 0 1
    outer loop
      vertex 39.6683 -33.3327 33
      vertex 39.8334 -36.6918 33
      vertex 39.8334 -33.3082 33
    endloop
  endfacet
  facet normal 0 0 1
    outer loop
      vertex 39.6683 -33.3327 33
      vertex 39.6683 -36.6673 33
      vertex 39.8334 -36.6918 33
    endloop
  endfacet
  facet normal -0 0 1
    outer loop
      vertex 39.5065 -33.3732 33
      vertex 39.6683 -36.6673 33
      vertex 39.6683 -33.3327 33
    endloop
  endfacet
  facet normal 0 0 1
    outer loop
      vertex 39.5065 -33.3732 33
      vertex 39.5065 -36.6268 33
      vertex 39.6683 -36.6673 33
    endloop
  endfacet
  facet normal -0 0 1
    outer loop
      vertex 39.3494 -33.4294 33
      vertex 39.5065 -36.6268 33
      vertex 39.5065 -33.3732 33
    endloop
  endfacet
  facet normal 0 0 1
    outer loop
      vertex 39.3494 -33.4294 33
      vertex 39.3494 -36.5706 33
      vertex 39.5065 -36.6268 33
    endloop
  endfacet
  facet normal -0 0 1
    outer loop
      vertex 39.1986 -33.5007 33
      vertex 39.3494 -36.5706 33
      vertex 39.3494 -33.4294 33
    endloop
  endfacet
  facet normal 0 0 1
    outer loop
      vertex 39.1986 -33.5007 33
      vertex 39.1986 -36.4993 33
      vertex 39.3494 -36.5706 33
    endloop
  endfacet
  facet normal -0 0 1
    outer loop
      vertex 39.0555 -33.5865 33
      vertex 39.1986 -36.4993 33
      vertex 39.1986 -33.5007 33
    endloop
  endfacet
  facet normal 0 0 1
    outer loop
      vertex 39.0555 -33.5865 33
      vertex 39.0555 -36.4135 33
      vertex 39.1986 -36.4993 33
    endloop
  endfacet
  facet normal -0 0 1
    outer loop
      vertex 38.9215 -33.6859 33
      vertex 39.0555 -36.4135 33
      vertex 39.0555 -33.5865 33
    endloop
  endfacet
  facet normal 0 0 1
    outer loop
      vertex 38.9215 -33.6859 33
      vertex 38.9215 -36.3141 33
      vertex 39.0555 -36.4135 33
    endloop
  endfacet
  facet normal -0 0 1
    outer loop
      vertex 38.7979 -33.7979 33
      vertex 38.9215 -36.3141 33
      vertex 38.9215 -33.6859 33
    endloop
  endfacet
  facet normal 0 0 1
    outer loop
      vertex 38.7979 -33.7979 33
      vertex 38.7979 -36.2021 33
      vertex 38.9215 -36.3141 33
    endloop
  endfacet
  facet normal -0 0 1
    outer loop
      vertex 38.6859 -33.9215 33
      vertex 38.7979 -36.2021 33
      vertex 38.7979 -33.7979 33
    endloop
  endfacet
  facet normal 0 0 1
    outer loop
      vertex 38.6859 -33.9215 33
      vertex 38.6859 -36.0785 33
      vertex 38.7979 -36.2021 33
    endloop
  endfacet
  facet normal -0 0 1
    outer loop
      vertex 38.5865 -34.0555 33
      vertex 38.6859 -36.0785 33
      vertex 38.6859 -33.9215 33
    endloop
  endfacet
  facet normal 0 0 1
    outer loop
      vertex 38.5865 -34.0555 33
      vertex 38.5865 -35.9445 33
      vertex 38.6859 -36.0785 33
    endloop
  endfacet
  facet normal -0 0 1
    outer loop
      vertex 38.5007 -34.1986 33
      vertex 38.5865 -35.9445 33
      vertex 38.5865 -34.0555 33
    endloop
  endfacet
  facet normal 0 0 1
    outer loop
      vertex 38.5007 -34.1986 33
      vertex 38.5007 -35.8014 33
      vertex 38.5865 -35.9445 33
    endloop
  endfacet
  facet normal -0 0 1
    outer loop
      vertex 38.4294 -34.3494 33
      vertex 38.5007 -35.8014 33
      vertex 38.5007 -34.1986 33
    endloop
  endfacet
  facet normal 0 0 1
    outer loop
      vertex 38.4294 -34.3494 33
      vertex 38.4294 -35.6506 33
      vertex 38.5007 -35.8014 33
    endloop
  endfacet
  facet normal -0 0 1
    outer loop
      vertex 38.3732 -34.5065 33
      vertex 38.4294 -35.6506 33
      vertex 38.4294 -34.3494 33
    endloop
  endfacet
  facet normal 0 0 1
    outer loop
      vertex 38.3732 -34.5065 33
      vertex 38.3732 -35.4935 33
      vertex 38.4294 -35.6506 33
    endloop
  endfacet
  facet normal -0 0 1
    outer loop
      vertex 38.3327 -34.6683 33
      vertex 38.3732 -35.4935 33
      vertex 38.3732 -34.5065 33
    endloop
  endfacet
  facet normal 0 0 1
    outer loop
      vertex 38.3327 -34.6683 33
      vertex 38.3327 -35.3317 33
      vertex 38.3732 -35.4935 33
    endloop
  endfacet
  facet normal -0 0 1
    outer loop
      vertex 38.3082 -34.8334 33
      vertex 38.3327 -35.3317 33
      vertex 38.3327 -34.6683 33
    endloop
  endfacet
  facet normal 0 0 1
    outer loop
      vertex 38.3082 -34.8334 33
      vertex 38.3082 -35.1666 33
      vertex 38.3327 -35.3317 33
    endloop
  endfacet
  facet normal 0 -0 1
    outer loop
      vertex 38.3082 -35.1666 33
      vertex 38.3082 -34.8334 33
      vertex 38.3 -35 33
    endloop
  endfacet
  facet normal 0.941566 0.33683 0
    outer loop
      vertex 38.4294 -35.6506 38
      vertex 38.3732 -35.4935 33
      vertex 38.3732 -35.4935 38
    endloop
  endfacet
  facet normal 0.941566 0.33683 0
    outer loop
      vertex 38.3732 -35.4935 33
      vertex 38.4294 -35.6506 38
      vertex 38.4294 -35.6506 33
    endloop
  endfacet
  facet normal 0.941566 0.33683 0
    outer loop
      vertex 38.4294 -35.6506 45
      vertex 38.3732 -35.4935 40.8
      vertex 38.3732 -35.4935 45
    endloop
  endfacet
  facet normal 0.941566 0.33683 0
    outer loop
      vertex 38.3732 -35.4935 40.8
      vertex 38.4294 -35.6506 45
      vertex 38.4294 -35.6506 40.8
    endloop
  endfacet
  facet normal 0.970072 0.242818 0
    outer loop
      vertex 38.3732 -35.4935 38
      vertex 38.3327 -35.3317 33
      vertex 38.3327 -35.3317 38
    endloop
  endfacet
  facet normal 0.970072 0.242818 0
    outer loop
      vertex 38.3327 -35.3317 33
      vertex 38.3732 -35.4935 38
      vertex 38.3732 -35.4935 33
    endloop
  endfacet
  facet normal 0.970072 0.242818 0
    outer loop
      vertex 38.3732 -35.4935 45
      vertex 38.3327 -35.3317 40.8
      vertex 38.3327 -35.3317 45
    endloop
  endfacet
  facet normal 0.970072 0.242818 0
    outer loop
      vertex 38.3327 -35.3317 40.8
      vertex 38.3732 -35.4935 45
      vertex 38.3732 -35.4935 40.8
    endloop
  endfacet
  facet normal 0.998791 0.0491602 0
    outer loop
      vertex 38.3082 -35.1666 38
      vertex 38.3 -35 33
      vertex 38.3 -35 38
    endloop
  endfacet
  facet normal 0.998791 0.0491602 0
    outer loop
      vertex 38.3 -35 33
      vertex 38.3082 -35.1666 38
      vertex 38.3082 -35.1666 33
    endloop
  endfacet
  facet normal 0.998791 0.0491602 0
    outer loop
      vertex 38.3082 -35.1666 45
      vertex 38.3 -35 40.8
      vertex 38.3 -35 45
    endloop
  endfacet
  facet normal 0.998791 0.0491602 0
    outer loop
      vertex 38.3 -35 40.8
      vertex 38.3082 -35.1666 45
      vertex 38.3082 -35.1666 40.8
    endloop
  endfacet
  facet normal 0.595772 0.803154 -0
    outer loop
      vertex 39.0555 -36.4135 33
      vertex 38.9215 -36.3141 38
      vertex 39.0555 -36.4135 38
    endloop
  endfacet
  facet normal 0.595772 0.803154 0
    outer loop
      vertex 38.9215 -36.3141 38
      vertex 39.0555 -36.4135 33
      vertex 38.9215 -36.3141 33
    endloop
  endfacet
  facet normal 0.595772 0.803154 -0
    outer loop
      vertex 39.0555 -36.4135 40.8
      vertex 38.9215 -36.3141 45
      vertex 39.0555 -36.4135 45
    endloop
  endfacet
  facet normal 0.595772 0.803154 0
    outer loop
      vertex 38.9215 -36.3141 45
      vertex 39.0555 -36.4135 40.8
      vertex 38.9215 -36.3141 40.8
    endloop
  endfacet
  facet normal 0.671478 0.741024 -0
    outer loop
      vertex 38.9215 -36.3141 33
      vertex 38.7979 -36.2021 38
      vertex 38.9215 -36.3141 38
    endloop
  endfacet
  facet normal 0.671478 0.741024 0
    outer loop
      vertex 38.7979 -36.2021 38
      vertex 38.9215 -36.3141 33
      vertex 38.7979 -36.2021 33
    endloop
  endfacet
  facet normal 0.671478 0.741024 -0
    outer loop
      vertex 38.9215 -36.3141 40.8
      vertex 38.7979 -36.2021 45
      vertex 38.9215 -36.3141 45
    endloop
  endfacet
  facet normal 0.671478 0.741024 0
    outer loop
      vertex 38.7979 -36.2021 45
      vertex 38.9215 -36.3141 40.8
      vertex 38.7979 -36.2021 40.8
    endloop
  endfacet
  facet normal 0.33683 0.941566 -0
    outer loop
      vertex 39.5065 -36.6268 33
      vertex 39.3494 -36.5706 38
      vertex 39.5065 -36.6268 38
    endloop
  endfacet
  facet normal 0.33683 0.941566 0
    outer loop
      vertex 39.3494 -36.5706 38
      vertex 39.5065 -36.6268 33
      vertex 39.3494 -36.5706 33
    endloop
  endfacet
  facet normal 0.33683 0.941566 -0
    outer loop
      vertex 39.5065 -36.6268 40.8
      vertex 39.3494 -36.5706 45
      vertex 39.5065 -36.6268 45
    endloop
  endfacet
  facet normal 0.33683 0.941566 0
    outer loop
      vertex 39.3494 -36.5706 45
      vertex 39.5065 -36.6268 40.8
      vertex 39.3494 -36.5706 40.8
    endloop
  endfacet
  facet normal 0.146788 0.989168 -0
    outer loop
      vertex 39.8334 -36.6918 33
      vertex 39.6683 -36.6673 38
      vertex 39.8334 -36.6918 38
    endloop
  endfacet
  facet normal 0.146788 0.989168 0
    outer loop
      vertex 39.6683 -36.6673 38
      vertex 39.8334 -36.6918 33
      vertex 39.6683 -36.6673 33
    endloop
  endfacet
  facet normal 0.146788 0.989168 -0
    outer loop
      vertex 39.8334 -36.6918 40.8
      vertex 39.6683 -36.6673 45
      vertex 39.8334 -36.6918 45
    endloop
  endfacet
  facet normal 0.146788 0.989168 0
    outer loop
      vertex 39.6683 -36.6673 45
      vertex 39.8334 -36.6918 40.8
      vertex 39.6683 -36.6673 40.8
    endloop
  endfacet
  facet normal -0.998791 -0.0491602 0
    outer loop
      vertex 41.7 -35 33
      vertex 41.6918 -34.8334 38
      vertex 41.6918 -34.8334 33
    endloop
  endfacet
  facet normal -0.998791 -0.0491602 0
    outer loop
      vertex 41.6918 -34.8334 38
      vertex 41.7 -35 33
      vertex 41.7 -35 38
    endloop
  endfacet
  facet normal -0.998791 -0.0491602 0
    outer loop
      vertex 41.7 -35 40.8
      vertex 41.6918 -34.8334 45
      vertex 41.6918 -34.8334 40.8
    endloop
  endfacet
  facet normal -0.998791 -0.0491602 0
    outer loop
      vertex 41.6918 -34.8334 45
      vertex 41.7 -35 40.8
      vertex 41.7 -35 45
    endloop
  endfacet
  facet normal -0.989168 -0.146788 0
    outer loop
      vertex 41.6918 -34.8334 33
      vertex 41.6673 -34.6683 38
      vertex 41.6673 -34.6683 33
    endloop
  endfacet
  facet normal -0.989168 -0.146788 0
    outer loop
      vertex 41.6673 -34.6683 38
      vertex 41.6918 -34.8334 33
      vertex 41.6918 -34.8334 38
    endloop
  endfacet
  facet normal -0.989168 -0.146788 0
    outer loop
      vertex 41.6918 -34.8334 40.8
      vertex 41.6673 -34.6683 45
      vertex 41.6673 -34.6683 40.8
    endloop
  endfacet
  facet normal -0.989168 -0.146788 0
    outer loop
      vertex 41.6673 -34.6683 45
      vertex 41.6918 -34.8334 40.8
      vertex 41.6918 -34.8334 45
    endloop
  endfacet
  facet normal -0.514231 -0.857652 0
    outer loop
      vertex 40.8014 -33.5007 33
      vertex 40.9445 -33.5865 38
      vertex 40.8014 -33.5007 38
    endloop
  endfacet
  facet normal -0.514231 -0.857652 -0
    outer loop
      vertex 40.9445 -33.5865 38
      vertex 40.8014 -33.5007 33
      vertex 40.9445 -33.5865 33
    endloop
  endfacet
  facet normal -0.514231 -0.857652 0
    outer loop
      vertex 40.8014 -33.5007 40.8
      vertex 40.9445 -33.5865 45
      vertex 40.8014 -33.5007 45
    endloop
  endfacet
  facet normal -0.514231 -0.857652 -0
    outer loop
      vertex 40.9445 -33.5865 45
      vertex 40.8014 -33.5007 40.8
      vertex 40.9445 -33.5865 40.8
    endloop
  endfacet
  facet normal -0.803154 -0.595772 0
    outer loop
      vertex 41.4135 -34.0555 33
      vertex 41.3141 -33.9215 38
      vertex 41.3141 -33.9215 33
    endloop
  endfacet
  facet normal -0.803154 -0.595772 0
    outer loop
      vertex 41.3141 -33.9215 38
      vertex 41.4135 -34.0555 33
      vertex 41.4135 -34.0555 38
    endloop
  endfacet
  facet normal -0.803154 -0.595772 0
    outer loop
      vertex 41.4135 -34.0555 40.8
      vertex 41.3141 -33.9215 45
      vertex 41.3141 -33.9215 40.8
    endloop
  endfacet
  facet normal -0.803154 -0.595772 0
    outer loop
      vertex 41.3141 -33.9215 45
      vertex 41.4135 -34.0555 40.8
      vertex 41.4135 -34.0555 45
    endloop
  endfacet
  facet normal -0.427442 -0.904043 0
    outer loop
      vertex 40.6506 -33.4294 33
      vertex 40.8014 -33.5007 38
      vertex 40.6506 -33.4294 38
    endloop
  endfacet
  facet normal -0.427442 -0.904043 -0
    outer loop
      vertex 40.8014 -33.5007 38
      vertex 40.6506 -33.4294 33
      vertex 40.8014 -33.5007 33
    endloop
  endfacet
  facet normal -0.427442 -0.904043 0
    outer loop
      vertex 40.6506 -33.4294 40.8
      vertex 40.8014 -33.5007 45
      vertex 40.6506 -33.4294 45
    endloop
  endfacet
  facet normal -0.427442 -0.904043 -0
    outer loop
      vertex 40.8014 -33.5007 45
      vertex 40.6506 -33.4294 40.8
      vertex 40.8014 -33.5007 40.8
    endloop
  endfacet
  facet normal -0.857652 0.514231 0
    outer loop
      vertex 41.4135 -35.9445 33
      vertex 41.4993 -35.8014 38
      vertex 41.4993 -35.8014 33
    endloop
  endfacet
  facet normal -0.857652 0.514231 0
    outer loop
      vertex 41.4993 -35.8014 38
      vertex 41.4135 -35.9445 33
      vertex 41.4135 -35.9445 38
    endloop
  endfacet
  facet normal -0.857652 0.514231 0
    outer loop
      vertex 41.4135 -35.9445 40.8
      vertex 41.4993 -35.8014 45
      vertex 41.4993 -35.8014 40.8
    endloop
  endfacet
  facet normal -0.857652 0.514231 0
    outer loop
      vertex 41.4993 -35.8014 45
      vertex 41.4135 -35.9445 40.8
      vertex 41.4135 -35.9445 45
    endloop
  endfacet
  facet normal -0.242818 0.970072 0
    outer loop
      vertex 40.4935 -36.6268 33
      vertex 40.3317 -36.6673 38
      vertex 40.4935 -36.6268 38
    endloop
  endfacet
  facet normal -0.242818 0.970072 0
    outer loop
      vertex 40.3317 -36.6673 38
      vertex 40.4935 -36.6268 33
      vertex 40.3317 -36.6673 33
    endloop
  endfacet
  facet normal -0.242818 0.970072 0
    outer loop
      vertex 40.4935 -36.6268 40.8
      vertex 40.3317 -36.6673 45
      vertex 40.4935 -36.6268 45
    endloop
  endfacet
  facet normal -0.242818 0.970072 0
    outer loop
      vertex 40.3317 -36.6673 45
      vertex 40.4935 -36.6268 40.8
      vertex 40.3317 -36.6673 40.8
    endloop
  endfacet
  facet normal 0.803154 0.595772 0
    outer loop
      vertex 38.6859 -36.0785 38
      vertex 38.5865 -35.9445 33
      vertex 38.5865 -35.9445 38
    endloop
  endfacet
  facet normal 0.803154 0.595772 0
    outer loop
      vertex 38.5865 -35.9445 33
      vertex 38.6859 -36.0785 38
      vertex 38.6859 -36.0785 33
    endloop
  endfacet
  facet normal 0.803154 0.595772 0
    outer loop
      vertex 38.6859 -36.0785 45
      vertex 38.5865 -35.9445 40.8
      vertex 38.5865 -35.9445 45
    endloop
  endfacet
  facet normal 0.803154 0.595772 0
    outer loop
      vertex 38.5865 -35.9445 40.8
      vertex 38.6859 -36.0785 45
      vertex 38.6859 -36.0785 40.8
    endloop
  endfacet
  facet normal 0.998791 -0.0491602 0
    outer loop
      vertex 38.3 -35 38
      vertex 38.3082 -34.8334 33
      vertex 38.3082 -34.8334 38
    endloop
  endfacet
  facet normal 0.998791 -0.0491602 0
    outer loop
      vertex 38.3082 -34.8334 33
      vertex 38.3 -35 38
      vertex 38.3 -35 33
    endloop
  endfacet
  facet normal 0.998791 -0.0491602 0
    outer loop
      vertex 38.3 -35 45
      vertex 38.3082 -34.8334 40.8
      vertex 38.3082 -34.8334 45
    endloop
  endfacet
  facet normal 0.998791 -0.0491602 0
    outer loop
      vertex 38.3082 -34.8334 40.8
      vertex 38.3 -35 45
      vertex 38.3 -35 40.8
    endloop
  endfacet
  facet normal 0.514231 0.857652 -0
    outer loop
      vertex 39.1986 -36.4993 33
      vertex 39.0555 -36.4135 38
      vertex 39.1986 -36.4993 38
    endloop
  endfacet
  facet normal 0.514231 0.857652 0
    outer loop
      vertex 39.0555 -36.4135 38
      vertex 39.1986 -36.4993 33
      vertex 39.0555 -36.4135 33
    endloop
  endfacet
  facet normal 0.514231 0.857652 -0
    outer loop
      vertex 39.1986 -36.4993 40.8
      vertex 39.0555 -36.4135 45
      vertex 39.1986 -36.4993 45
    endloop
  endfacet
  facet normal 0.514231 0.857652 0
    outer loop
      vertex 39.0555 -36.4135 45
      vertex 39.1986 -36.4993 40.8
      vertex 39.0555 -36.4135 40.8
    endloop
  endfacet
  facet normal -0.970072 -0.242818 0
    outer loop
      vertex 41.6673 -34.6683 33
      vertex 41.6268 -34.5065 38
      vertex 41.6268 -34.5065 33
    endloop
  endfacet
  facet normal -0.970072 -0.242818 0
    outer loop
      vertex 41.6268 -34.5065 38
      vertex 41.6673 -34.6683 33
      vertex 41.6673 -34.6683 38
    endloop
  endfacet
  facet normal -0.970072 -0.242818 0
    outer loop
      vertex 41.6673 -34.6683 40.8
      vertex 41.6268 -34.5065 45
      vertex 41.6268 -34.5065 40.8
    endloop
  endfacet
  facet normal -0.970072 -0.242818 0
    outer loop
      vertex 41.6268 -34.5065 45
      vertex 41.6673 -34.6683 40.8
      vertex 41.6673 -34.6683 45
    endloop
  endfacet
  facet normal -0.941566 -0.33683 0
    outer loop
      vertex 41.6268 -34.5065 33
      vertex 41.5706 -34.3494 38
      vertex 41.5706 -34.3494 33
    endloop
  endfacet
  facet normal -0.941566 -0.33683 0
    outer loop
      vertex 41.5706 -34.3494 38
      vertex 41.6268 -34.5065 33
      vertex 41.6268 -34.5065 38
    endloop
  endfacet
  facet normal -0.941566 -0.33683 0
    outer loop
      vertex 41.6268 -34.5065 40.8
      vertex 41.5706 -34.3494 45
      vertex 41.5706 -34.3494 40.8
    endloop
  endfacet
  facet normal -0.941566 -0.33683 0
    outer loop
      vertex 41.5706 -34.3494 45
      vertex 41.6268 -34.5065 40.8
      vertex 41.6268 -34.5065 45
    endloop
  endfacet
  facet normal -0.904043 -0.427442 0
    outer loop
      vertex 41.5706 -34.3494 33
      vertex 41.4993 -34.1986 38
      vertex 41.4993 -34.1986 33
    endloop
  endfacet
  facet normal -0.904043 -0.427442 0
    outer loop
      vertex 41.4993 -34.1986 38
      vertex 41.5706 -34.3494 33
      vertex 41.5706 -34.3494 38
    endloop
  endfacet
  facet normal -0.904043 -0.427442 0
    outer loop
      vertex 41.5706 -34.3494 40.8
      vertex 41.4993 -34.1986 45
      vertex 41.4993 -34.1986 40.8
    endloop
  endfacet
  facet normal -0.904043 -0.427442 0
    outer loop
      vertex 41.4993 -34.1986 45
      vertex 41.5706 -34.3494 40.8
      vertex 41.5706 -34.3494 45
    endloop
  endfacet
  facet normal 0.741024 -0.671478 0
    outer loop
      vertex 38.6859 -33.9215 38
      vertex 38.7979 -33.7979 33
      vertex 38.7979 -33.7979 38
    endloop
  endfacet
  facet normal 0.741024 -0.671478 0
    outer loop
      vertex 38.7979 -33.7979 33
      vertex 38.6859 -33.9215 38
      vertex 38.6859 -33.9215 33
    endloop
  endfacet
  facet normal 0.741024 -0.671478 0
    outer loop
      vertex 38.6859 -33.9215 45
      vertex 38.7979 -33.7979 40.8
      vertex 38.7979 -33.7979 45
    endloop
  endfacet
  facet normal 0.741024 -0.671478 0
    outer loop
      vertex 38.7979 -33.7979 40.8
      vertex 38.6859 -33.9215 45
      vertex 38.6859 -33.9215 40.8
    endloop
  endfacet
  facet normal 0.857652 -0.514231 0
    outer loop
      vertex 38.5007 -34.1986 38
      vertex 38.5865 -34.0555 33
      vertex 38.5865 -34.0555 38
    endloop
  endfacet
  facet normal 0.857652 -0.514231 0
    outer loop
      vertex 38.5865 -34.0555 33
      vertex 38.5007 -34.1986 38
      vertex 38.5007 -34.1986 33
    endloop
  endfacet
  facet normal 0.857652 -0.514231 0
    outer loop
      vertex 38.5007 -34.1986 45
      vertex 38.5865 -34.0555 40.8
      vertex 38.5865 -34.0555 45
    endloop
  endfacet
  facet normal 0.857652 -0.514231 0
    outer loop
      vertex 38.5865 -34.0555 40.8
      vertex 38.5007 -34.1986 45
      vertex 38.5007 -34.1986 40.8
    endloop
  endfacet
  facet normal 0.803154 -0.595772 0
    outer loop
      vertex 38.5865 -34.0555 38
      vertex 38.6859 -33.9215 33
      vertex 38.6859 -33.9215 38
    endloop
  endfacet
  facet normal 0.803154 -0.595772 0
    outer loop
      vertex 38.6859 -33.9215 33
      vertex 38.5865 -34.0555 38
      vertex 38.5865 -34.0555 33
    endloop
  endfacet
  facet normal 0.803154 -0.595772 0
    outer loop
      vertex 38.5865 -34.0555 45
      vertex 38.6859 -33.9215 40.8
      vertex 38.6859 -33.9215 45
    endloop
  endfacet
  facet normal 0.803154 -0.595772 0
    outer loop
      vertex 38.6859 -33.9215 40.8
      vertex 38.5865 -34.0555 45
      vertex 38.5865 -34.0555 40.8
    endloop
  endfacet
  facet normal 0.941566 -0.33683 0
    outer loop
      vertex 38.3732 -34.5065 38
      vertex 38.4294 -34.3494 33
      vertex 38.4294 -34.3494 38
    endloop
  endfacet
  facet normal 0.941566 -0.33683 0
    outer loop
      vertex 38.4294 -34.3494 33
      vertex 38.3732 -34.5065 38
      vertex 38.3732 -34.5065 33
    endloop
  endfacet
  facet normal 0.941566 -0.33683 0
    outer loop
      vertex 38.3732 -34.5065 45
      vertex 38.4294 -34.3494 40.8
      vertex 38.4294 -34.3494 45
    endloop
  endfacet
  facet normal 0.941566 -0.33683 0
    outer loop
      vertex 38.4294 -34.3494 40.8
      vertex 38.3732 -34.5065 45
      vertex 38.3732 -34.5065 40.8
    endloop
  endfacet
  facet normal 0.989168 -0.146788 0
    outer loop
      vertex 38.3082 -34.8334 38
      vertex 38.3327 -34.6683 33
      vertex 38.3327 -34.6683 38
    endloop
  endfacet
  facet normal 0.989168 -0.146788 0
    outer loop
      vertex 38.3327 -34.6683 33
      vertex 38.3082 -34.8334 38
      vertex 38.3082 -34.8334 33
    endloop
  endfacet
  facet normal 0.989168 -0.146788 0
    outer loop
      vertex 38.3082 -34.8334 45
      vertex 38.3327 -34.6683 40.8
      vertex 38.3327 -34.6683 45
    endloop
  endfacet
  facet normal 0.989168 -0.146788 0
    outer loop
      vertex 38.3327 -34.6683 40.8
      vertex 38.3082 -34.8334 45
      vertex 38.3082 -34.8334 40.8
    endloop
  endfacet
  facet normal 0.970072 -0.242818 0
    outer loop
      vertex 38.3327 -34.6683 38
      vertex 38.3732 -34.5065 33
      vertex 38.3732 -34.5065 38
    endloop
  endfacet
  facet normal 0.970072 -0.242818 0
    outer loop
      vertex 38.3732 -34.5065 33
      vertex 38.3327 -34.6683 38
      vertex 38.3327 -34.6683 33
    endloop
  endfacet
  facet normal 0.970072 -0.242818 0
    outer loop
      vertex 38.3327 -34.6683 45
      vertex 38.3732 -34.5065 40.8
      vertex 38.3732 -34.5065 45
    endloop
  endfacet
  facet normal 0.970072 -0.242818 0
    outer loop
      vertex 38.3732 -34.5065 40.8
      vertex 38.3327 -34.6683 45
      vertex 38.3327 -34.6683 40.8
    endloop
  endfacet
  facet normal -0.242818 -0.970072 0
    outer loop
      vertex 40.3317 -33.3327 33
      vertex 40.4935 -33.3732 38
      vertex 40.3317 -33.3327 38
    endloop
  endfacet
  facet normal -0.242818 -0.970072 -0
    outer loop
      vertex 40.4935 -33.3732 38
      vertex 40.3317 -33.3327 33
      vertex 40.4935 -33.3732 33
    endloop
  endfacet
  facet normal -0.242818 -0.970072 0
    outer loop
      vertex 40.3317 -33.3327 40.8
      vertex 40.4935 -33.3732 45
      vertex 40.3317 -33.3327 45
    endloop
  endfacet
  facet normal -0.242818 -0.970072 -0
    outer loop
      vertex 40.4935 -33.3732 45
      vertex 40.3317 -33.3327 40.8
      vertex 40.4935 -33.3732 40.8
    endloop
  endfacet
  facet normal -0.671478 -0.741024 0
    outer loop
      vertex 41.0785 -33.6859 33
      vertex 41.2021 -33.7979 38
      vertex 41.0785 -33.6859 38
    endloop
  endfacet
  facet normal -0.671478 -0.741024 -0
    outer loop
      vertex 41.2021 -33.7979 38
      vertex 41.0785 -33.6859 33
      vertex 41.2021 -33.7979 33
    endloop
  endfacet
  facet normal -0.671478 -0.741024 0
    outer loop
      vertex 41.0785 -33.6859 40.8
      vertex 41.2021 -33.7979 45
      vertex 41.0785 -33.6859 45
    endloop
  endfacet
  facet normal -0.671478 -0.741024 -0
    outer loop
      vertex 41.2021 -33.7979 45
      vertex 41.0785 -33.6859 40.8
      vertex 41.2021 -33.7979 40.8
    endloop
  endfacet
  facet normal -0.595772 -0.803154 0
    outer loop
      vertex 40.9445 -33.5865 33
      vertex 41.0785 -33.6859 38
      vertex 40.9445 -33.5865 38
    endloop
  endfacet
  facet normal -0.595772 -0.803154 -0
    outer loop
      vertex 41.0785 -33.6859 38
      vertex 40.9445 -33.5865 33
      vertex 41.0785 -33.6859 33
    endloop
  endfacet
  facet normal -0.595772 -0.803154 0
    outer loop
      vertex 40.9445 -33.5865 40.8
      vertex 41.0785 -33.6859 45
      vertex 40.9445 -33.5865 45
    endloop
  endfacet
  facet normal -0.595772 -0.803154 -0
    outer loop
      vertex 41.0785 -33.6859 45
      vertex 40.9445 -33.5865 40.8
      vertex 41.0785 -33.6859 40.8
    endloop
  endfacet
  facet normal -0.857652 -0.514231 0
    outer loop
      vertex 41.4993 -34.1986 33
      vertex 41.4135 -34.0555 38
      vertex 41.4135 -34.0555 33
    endloop
  endfacet
  facet normal -0.857652 -0.514231 0
    outer loop
      vertex 41.4135 -34.0555 38
      vertex 41.4993 -34.1986 33
      vertex 41.4993 -34.1986 38
    endloop
  endfacet
  facet normal -0.857652 -0.514231 0
    outer loop
      vertex 41.4993 -34.1986 40.8
      vertex 41.4135 -34.0555 45
      vertex 41.4135 -34.0555 40.8
    endloop
  endfacet
  facet normal -0.857652 -0.514231 0
    outer loop
      vertex 41.4135 -34.0555 45
      vertex 41.4993 -34.1986 40.8
      vertex 41.4993 -34.1986 45
    endloop
  endfacet
  facet normal -0.0491602 -0.998791 0
    outer loop
      vertex 40 -33.3 33
      vertex 40.1666 -33.3082 38
      vertex 40 -33.3 38
    endloop
  endfacet
  facet normal -0.0491602 -0.998791 -0
    outer loop
      vertex 40.1666 -33.3082 38
      vertex 40 -33.3 33
      vertex 40.1666 -33.3082 33
    endloop
  endfacet
  facet normal -0.0491602 -0.998791 0
    outer loop
      vertex 40 -33.3 40.8
      vertex 40.1666 -33.3082 45
      vertex 40 -33.3 45
    endloop
  endfacet
  facet normal -0.0491602 -0.998791 -0
    outer loop
      vertex 40.1666 -33.3082 45
      vertex 40 -33.3 40.8
      vertex 40.1666 -33.3082 40.8
    endloop
  endfacet
  facet normal 0.146788 -0.989168 0
    outer loop
      vertex 39.6683 -33.3327 33
      vertex 39.8334 -33.3082 38
      vertex 39.6683 -33.3327 38
    endloop
  endfacet
  facet normal 0.146788 -0.989168 0
    outer loop
      vertex 39.8334 -33.3082 38
      vertex 39.6683 -33.3327 33
      vertex 39.8334 -33.3082 33
    endloop
  endfacet
  facet normal 0.146788 -0.989168 0
    outer loop
      vertex 39.6683 -33.3327 40.8
      vertex 39.8334 -33.3082 45
      vertex 39.6683 -33.3327 45
    endloop
  endfacet
  facet normal 0.146788 -0.989168 0
    outer loop
      vertex 39.8334 -33.3082 45
      vertex 39.6683 -33.3327 40.8
      vertex 39.8334 -33.3082 40.8
    endloop
  endfacet
  facet normal 0.427442 -0.904043 0
    outer loop
      vertex 39.1986 -33.5007 33
      vertex 39.3494 -33.4294 38
      vertex 39.1986 -33.5007 38
    endloop
  endfacet
  facet normal 0.427442 -0.904043 0
    outer loop
      vertex 39.3494 -33.4294 38
      vertex 39.1986 -33.5007 33
      vertex 39.3494 -33.4294 33
    endloop
  endfacet
  facet normal 0.427442 -0.904043 0
    outer loop
      vertex 39.1986 -33.5007 40.8
      vertex 39.3494 -33.4294 45
      vertex 39.1986 -33.5007 45
    endloop
  endfacet
  facet normal 0.427442 -0.904043 0
    outer loop
      vertex 39.3494 -33.4294 45
      vertex 39.1986 -33.5007 40.8
      vertex 39.3494 -33.4294 40.8
    endloop
  endfacet
  facet normal 0.671478 -0.741024 0
    outer loop
      vertex 38.7979 -33.7979 33
      vertex 38.9215 -33.6859 38
      vertex 38.7979 -33.7979 38
    endloop
  endfacet
  facet normal 0.671478 -0.741024 0
    outer loop
      vertex 38.9215 -33.6859 38
      vertex 38.7979 -33.7979 33
      vertex 38.9215 -33.6859 33
    endloop
  endfacet
  facet normal 0.671478 -0.741024 0
    outer loop
      vertex 38.7979 -33.7979 40.8
      vertex 38.9215 -33.6859 45
      vertex 38.7979 -33.7979 45
    endloop
  endfacet
  facet normal 0.671478 -0.741024 0
    outer loop
      vertex 38.9215 -33.6859 45
      vertex 38.7979 -33.7979 40.8
      vertex 38.9215 -33.6859 40.8
    endloop
  endfacet
  facet normal 0.904043 -0.427442 0
    outer loop
      vertex 38.4294 -34.3494 38
      vertex 38.5007 -34.1986 33
      vertex 38.5007 -34.1986 38
    endloop
  endfacet
  facet normal 0.904043 -0.427442 0
    outer loop
      vertex 38.5007 -34.1986 33
      vertex 38.4294 -34.3494 38
      vertex 38.4294 -34.3494 33
    endloop
  endfacet
  facet normal 0.904043 -0.427442 0
    outer loop
      vertex 38.4294 -34.3494 45
      vertex 38.5007 -34.1986 40.8
      vertex 38.5007 -34.1986 45
    endloop
  endfacet
  facet normal 0.904043 -0.427442 0
    outer loop
      vertex 38.5007 -34.1986 40.8
      vertex 38.4294 -34.3494 45
      vertex 38.4294 -34.3494 40.8
    endloop
  endfacet
  facet normal -0.741024 -0.671478 0
    outer loop
      vertex 41.3141 -33.9215 33
      vertex 41.2021 -33.7979 38
      vertex 41.2021 -33.7979 33
    endloop
  endfacet
  facet normal -0.741024 -0.671478 0
    outer loop
      vertex 41.2021 -33.7979 38
      vertex 41.3141 -33.9215 33
      vertex 41.3141 -33.9215 38
    endloop
  endfacet
  facet normal -0.741024 -0.671478 0
    outer loop
      vertex 41.3141 -33.9215 40.8
      vertex 41.2021 -33.7979 45
      vertex 41.2021 -33.7979 40.8
    endloop
  endfacet
  facet normal -0.741024 -0.671478 0
    outer loop
      vertex 41.2021 -33.7979 45
      vertex 41.3141 -33.9215 40.8
      vertex 41.3141 -33.9215 45
    endloop
  endfacet
  facet normal 0.242818 -0.970072 0
    outer loop
      vertex 39.5065 -33.3732 33
      vertex 39.6683 -33.3327 38
      vertex 39.5065 -33.3732 38
    endloop
  endfacet
  facet normal 0.242818 -0.970072 0
    outer loop
      vertex 39.6683 -33.3327 38
      vertex 39.5065 -33.3732 33
      vertex 39.6683 -33.3327 33
    endloop
  endfacet
  facet normal 0.242818 -0.970072 0
    outer loop
      vertex 39.5065 -33.3732 40.8
      vertex 39.6683 -33.3327 45
      vertex 39.5065 -33.3732 45
    endloop
  endfacet
  facet normal 0.242818 -0.970072 0
    outer loop
      vertex 39.6683 -33.3327 45
      vertex 39.5065 -33.3732 40.8
      vertex 39.6683 -33.3327 40.8
    endloop
  endfacet
  facet normal 0.595772 -0.803154 0
    outer loop
      vertex 38.9215 -33.6859 33
      vertex 39.0555 -33.5865 38
      vertex 38.9215 -33.6859 38
    endloop
  endfacet
  facet normal 0.595772 -0.803154 0
    outer loop
      vertex 39.0555 -33.5865 38
      vertex 38.9215 -33.6859 33
      vertex 39.0555 -33.5865 33
    endloop
  endfacet
  facet normal 0.595772 -0.803154 0
    outer loop
      vertex 38.9215 -33.6859 40.8
      vertex 39.0555 -33.5865 45
      vertex 38.9215 -33.6859 45
    endloop
  endfacet
  facet normal 0.595772 -0.803154 0
    outer loop
      vertex 39.0555 -33.5865 45
      vertex 38.9215 -33.6859 40.8
      vertex 39.0555 -33.5865 40.8
    endloop
  endfacet
  facet normal -0.33683 -0.941566 0
    outer loop
      vertex 40.4935 -33.3732 33
      vertex 40.6506 -33.4294 38
      vertex 40.4935 -33.3732 38
    endloop
  endfacet
  facet normal -0.33683 -0.941566 -0
    outer loop
      vertex 40.6506 -33.4294 38
      vertex 40.4935 -33.3732 33
      vertex 40.6506 -33.4294 33
    endloop
  endfacet
  facet normal -0.33683 -0.941566 0
    outer loop
      vertex 40.4935 -33.3732 40.8
      vertex 40.6506 -33.4294 45
      vertex 40.4935 -33.3732 45
    endloop
  endfacet
  facet normal -0.33683 -0.941566 -0
    outer loop
      vertex 40.6506 -33.4294 45
      vertex 40.4935 -33.3732 40.8
      vertex 40.6506 -33.4294 40.8
    endloop
  endfacet
  facet normal 0.514231 -0.857652 0
    outer loop
      vertex 39.0555 -33.5865 33
      vertex 39.1986 -33.5007 38
      vertex 39.0555 -33.5865 38
    endloop
  endfacet
  facet normal 0.514231 -0.857652 0
    outer loop
      vertex 39.1986 -33.5007 38
      vertex 39.0555 -33.5865 33
      vertex 39.1986 -33.5007 33
    endloop
  endfacet
  facet normal 0.514231 -0.857652 0
    outer loop
      vertex 39.0555 -33.5865 40.8
      vertex 39.1986 -33.5007 45
      vertex 39.0555 -33.5865 45
    endloop
  endfacet
  facet normal 0.514231 -0.857652 0
    outer loop
      vertex 39.1986 -33.5007 45
      vertex 39.0555 -33.5865 40.8
      vertex 39.1986 -33.5007 40.8
    endloop
  endfacet
  facet normal 0.33683 -0.941566 0
    outer loop
      vertex 39.3494 -33.4294 33
      vertex 39.5065 -33.3732 38
      vertex 39.3494 -33.4294 38
    endloop
  endfacet
  facet normal 0.33683 -0.941566 0
    outer loop
      vertex 39.5065 -33.3732 38
      vertex 39.3494 -33.4294 33
      vertex 39.5065 -33.3732 33
    endloop
  endfacet
  facet normal 0.33683 -0.941566 0
    outer loop
      vertex 39.3494 -33.4294 40.8
      vertex 39.5065 -33.3732 45
      vertex 39.3494 -33.4294 45
    endloop
  endfacet
  facet normal 0.33683 -0.941566 0
    outer loop
      vertex 39.5065 -33.3732 45
      vertex 39.3494 -33.4294 40.8
      vertex 39.5065 -33.3732 40.8
    endloop
  endfacet
  facet normal 1 -0 0
    outer loop
      vertex 36.9 -18.2 40.8
      vertex 36.9 -12 38
      vertex 36.9 -12 40.8
    endloop
  endfacet
  facet normal 1 0 0
    outer loop
      vertex 36.9 -12 38
      vertex 36.9 -18.2 40.8
      vertex 36.9 -18.2 38
    endloop
  endfacet
  facet normal 0 0 -1
    outer loop
      vertex 43.1 -18.2 40.8
      vertex 41.7 -15 40.8
      vertex 43.1 -12 40.8
    endloop
  endfacet
  facet normal 0 0 -1
    outer loop
      vertex 43.1 -18.2 40.8
      vertex 41.6918 -15.1666 40.8
      vertex 41.7 -15 40.8
    endloop
  endfacet
  facet normal 0 0 -1
    outer loop
      vertex 43.1 -18.2 40.8
      vertex 41.6673 -15.3317 40.8
      vertex 41.6918 -15.1666 40.8
    endloop
  endfacet
  facet normal 0 0 -1
    outer loop
      vertex 43.1 -18.2 40.8
      vertex 41.6268 -15.4935 40.8
      vertex 41.6673 -15.3317 40.8
    endloop
  endfacet
  facet normal 0 0 -1
    outer loop
      vertex 43.1 -18.2 40.8
      vertex 41.5706 -15.6506 40.8
      vertex 41.6268 -15.4935 40.8
    endloop
  endfacet
  facet normal 0 0 -1
    outer loop
      vertex 43.1 -18.2 40.8
      vertex 41.4993 -15.8014 40.8
      vertex 41.5706 -15.6506 40.8
    endloop
  endfacet
  facet normal 0 0 -1
    outer loop
      vertex 43.1 -18.2 40.8
      vertex 41.4135 -15.9445 40.8
      vertex 41.4993 -15.8014 40.8
    endloop
  endfacet
  facet normal 0 0 -1
    outer loop
      vertex 43.1 -18.2 40.8
      vertex 41.3141 -16.0785 40.8
      vertex 41.4135 -15.9445 40.8
    endloop
  endfacet
  facet normal 0 0 -1
    outer loop
      vertex 43.1 -18.2 40.8
      vertex 41.2021 -16.2021 40.8
      vertex 41.3141 -16.0785 40.8
    endloop
  endfacet
  facet normal 0 0 -1
    outer loop
      vertex 43.1 -18.2 40.8
      vertex 41.0785 -16.3141 40.8
      vertex 41.2021 -16.2021 40.8
    endloop
  endfacet
  facet normal 0 0 -1
    outer loop
      vertex 43.1 -18.2 40.8
      vertex 40.9445 -16.4135 40.8
      vertex 41.0785 -16.3141 40.8
    endloop
  endfacet
  facet normal 0 0 -1
    outer loop
      vertex 43.1 -18.2 40.8
      vertex 40.8014 -16.4993 40.8
      vertex 40.9445 -16.4135 40.8
    endloop
  endfacet
  facet normal 0 0 -1
    outer loop
      vertex 43.1 -18.2 40.8
      vertex 40.6506 -16.5706 40.8
      vertex 40.8014 -16.4993 40.8
    endloop
  endfacet
  facet normal 0 0 -1
    outer loop
      vertex 43.1 -18.2 40.8
      vertex 40.4935 -16.6268 40.8
      vertex 40.6506 -16.5706 40.8
    endloop
  endfacet
  facet normal 0 0 -1
    outer loop
      vertex 43.1 -18.2 40.8
      vertex 40.3317 -16.6673 40.8
      vertex 40.4935 -16.6268 40.8
    endloop
  endfacet
  facet normal 0 0 -1
    outer loop
      vertex 43.1 -18.2 40.8
      vertex 40.1666 -16.6918 40.8
      vertex 40.3317 -16.6673 40.8
    endloop
  endfacet
  facet normal 0 0 -1
    outer loop
      vertex 43.1 -18.2 40.8
      vertex 40 -16.7 40.8
      vertex 40.1666 -16.6918 40.8
    endloop
  endfacet
  facet normal 0 0 -1
    outer loop
      vertex 36.9 -18.2 40.8
      vertex 40 -16.7 40.8
      vertex 43.1 -18.2 40.8
    endloop
  endfacet
  facet normal -0 0 -1
    outer loop
      vertex 40 -16.7 40.8
      vertex 36.9 -18.2 40.8
      vertex 39.8334 -16.6918 40.8
    endloop
  endfacet
  facet normal -0 0 -1
    outer loop
      vertex 39.8334 -16.6918 40.8
      vertex 36.9 -18.2 40.8
      vertex 39.6683 -16.6673 40.8
    endloop
  endfacet
  facet normal -0 0 -1
    outer loop
      vertex 39.6683 -16.6673 40.8
      vertex 36.9 -18.2 40.8
      vertex 39.5065 -16.6268 40.8
    endloop
  endfacet
  facet normal -0 0 -1
    outer loop
      vertex 38.3082 -15.1666 40.8
      vertex 36.9 -18.2 40.8
      vertex 38.3 -15 40.8
    endloop
  endfacet
  facet normal -0 0 -1
    outer loop
      vertex 38.3327 -15.3317 40.8
      vertex 36.9 -18.2 40.8
      vertex 38.3082 -15.1666 40.8
    endloop
  endfacet
  facet normal -0 0 -1
    outer loop
      vertex 38.3732 -15.4935 40.8
      vertex 36.9 -18.2 40.8
      vertex 38.3327 -15.3317 40.8
    endloop
  endfacet
  facet normal -0 0 -1
    outer loop
      vertex 38.4294 -15.6506 40.8
      vertex 36.9 -18.2 40.8
      vertex 38.3732 -15.4935 40.8
    endloop
  endfacet
  facet normal -0 0 -1
    outer loop
      vertex 38.5007 -15.8014 40.8
      vertex 36.9 -18.2 40.8
      vertex 38.4294 -15.6506 40.8
    endloop
  endfacet
  facet normal -0 0 -1
    outer loop
      vertex 38.5865 -15.9445 40.8
      vertex 36.9 -18.2 40.8
      vertex 38.5007 -15.8014 40.8
    endloop
  endfacet
  facet normal -0 0 -1
    outer loop
      vertex 38.6859 -16.0785 40.8
      vertex 36.9 -18.2 40.8
      vertex 38.5865 -15.9445 40.8
    endloop
  endfacet
  facet normal -0 0 -1
    outer loop
      vertex 38.7979 -16.2021 40.8
      vertex 36.9 -18.2 40.8
      vertex 38.6859 -16.0785 40.8
    endloop
  endfacet
  facet normal -0 0 -1
    outer loop
      vertex 38.9215 -16.3141 40.8
      vertex 36.9 -18.2 40.8
      vertex 38.7979 -16.2021 40.8
    endloop
  endfacet
  facet normal -0 0 -1
    outer loop
      vertex 39.0555 -16.4135 40.8
      vertex 36.9 -18.2 40.8
      vertex 38.9215 -16.3141 40.8
    endloop
  endfacet
  facet normal -0 0 -1
    outer loop
      vertex 39.1986 -16.4993 40.8
      vertex 36.9 -18.2 40.8
      vertex 39.0555 -16.4135 40.8
    endloop
  endfacet
  facet normal -0 0 -1
    outer loop
      vertex 39.3494 -16.5706 40.8
      vertex 36.9 -18.2 40.8
      vertex 39.1986 -16.4993 40.8
    endloop
  endfacet
  facet normal -0 0 -1
    outer loop
      vertex 39.5065 -16.6268 40.8
      vertex 36.9 -18.2 40.8
      vertex 39.3494 -16.5706 40.8
    endloop
  endfacet
  facet normal 0 0 -1
    outer loop
      vertex 41.6918 -14.8334 40.8
      vertex 43.1 -12 40.8
      vertex 41.7 -15 40.8
    endloop
  endfacet
  facet normal 0 0 -1
    outer loop
      vertex 41.6673 -14.6683 40.8
      vertex 43.1 -12 40.8
      vertex 41.6918 -14.8334 40.8
    endloop
  endfacet
  facet normal 0 0 -1
    outer loop
      vertex 41.6268 -14.5065 40.8
      vertex 43.1 -12 40.8
      vertex 41.6673 -14.6683 40.8
    endloop
  endfacet
  facet normal 0 0 -1
    outer loop
      vertex 41.5706 -14.3494 40.8
      vertex 43.1 -12 40.8
      vertex 41.6268 -14.5065 40.8
    endloop
  endfacet
  facet normal 0 0 -1
    outer loop
      vertex 41.4993 -14.1986 40.8
      vertex 43.1 -12 40.8
      vertex 41.5706 -14.3494 40.8
    endloop
  endfacet
  facet normal 0 0 -1
    outer loop
      vertex 41.4135 -14.0555 40.8
      vertex 43.1 -12 40.8
      vertex 41.4993 -14.1986 40.8
    endloop
  endfacet
  facet normal 0 0 -1
    outer loop
      vertex 41.3141 -13.9215 40.8
      vertex 43.1 -12 40.8
      vertex 41.4135 -14.0555 40.8
    endloop
  endfacet
  facet normal 0 0 -1
    outer loop
      vertex 41.2021 -13.7979 40.8
      vertex 43.1 -12 40.8
      vertex 41.3141 -13.9215 40.8
    endloop
  endfacet
  facet normal 0 0 -1
    outer loop
      vertex 41.0785 -13.6859 40.8
      vertex 43.1 -12 40.8
      vertex 41.2021 -13.7979 40.8
    endloop
  endfacet
  facet normal 0 0 -1
    outer loop
      vertex 40.9445 -13.5865 40.8
      vertex 43.1 -12 40.8
      vertex 41.0785 -13.6859 40.8
    endloop
  endfacet
  facet normal 0 0 -1
    outer loop
      vertex 40.8014 -13.5007 40.8
      vertex 43.1 -12 40.8
      vertex 40.9445 -13.5865 40.8
    endloop
  endfacet
  facet normal 0 0 -1
    outer loop
      vertex 40.6506 -13.4294 40.8
      vertex 43.1 -12 40.8
      vertex 40.8014 -13.5007 40.8
    endloop
  endfacet
  facet normal 0 0 -1
    outer loop
      vertex 40.4935 -13.3732 40.8
      vertex 43.1 -12 40.8
      vertex 40.6506 -13.4294 40.8
    endloop
  endfacet
  facet normal 0 0 -1
    outer loop
      vertex 40.3317 -13.3327 40.8
      vertex 43.1 -12 40.8
      vertex 40.4935 -13.3732 40.8
    endloop
  endfacet
  facet normal 0 0 -1
    outer loop
      vertex 40.1666 -13.3082 40.8
      vertex 43.1 -12 40.8
      vertex 40.3317 -13.3327 40.8
    endloop
  endfacet
  facet normal 0 0 -1
    outer loop
      vertex 40 -13.3 40.8
      vertex 43.1 -12 40.8
      vertex 40.1666 -13.3082 40.8
    endloop
  endfacet
  facet normal 0 0 -1
    outer loop
      vertex 36.9 -12 40.8
      vertex 40 -13.3 40.8
      vertex 39.8334 -13.3082 40.8
    endloop
  endfacet
  facet normal 0 0 -1
    outer loop
      vertex 36.9 -12 40.8
      vertex 39.8334 -13.3082 40.8
      vertex 39.6683 -13.3327 40.8
    endloop
  endfacet
  facet normal 0 0 -1
    outer loop
      vertex 36.9 -12 40.8
      vertex 39.6683 -13.3327 40.8
      vertex 39.5065 -13.3732 40.8
    endloop
  endfacet
  facet normal 0 0 -1
    outer loop
      vertex 36.9 -12 40.8
      vertex 39.5065 -13.3732 40.8
      vertex 39.3494 -13.4294 40.8
    endloop
  endfacet
  facet normal 0 0 -1
    outer loop
      vertex 36.9 -12 40.8
      vertex 38.3 -15 40.8
      vertex 36.9 -18.2 40.8
    endloop
  endfacet
  facet normal 0 0 -1
    outer loop
      vertex 38.3 -15 40.8
      vertex 36.9 -12 40.8
      vertex 38.3082 -14.8334 40.8
    endloop
  endfacet
  facet normal 0 0 -1
    outer loop
      vertex 38.3082 -14.8334 40.8
      vertex 36.9 -12 40.8
      vertex 38.3327 -14.6683 40.8
    endloop
  endfacet
  facet normal 0 0 -1
    outer loop
      vertex 38.3327 -14.6683 40.8
      vertex 36.9 -12 40.8
      vertex 38.3732 -14.5065 40.8
    endloop
  endfacet
  facet normal 0 0 -1
    outer loop
      vertex 40 -13.3 40.8
      vertex 36.9 -12 40.8
      vertex 43.1 -12 40.8
    endloop
  endfacet
  facet normal 0 0 -1
    outer loop
      vertex 39.1986 -13.5007 40.8
      vertex 36.9 -12 40.8
      vertex 39.3494 -13.4294 40.8
    endloop
  endfacet
  facet normal 0 0 -1
    outer loop
      vertex 39.0555 -13.5865 40.8
      vertex 36.9 -12 40.8
      vertex 39.1986 -13.5007 40.8
    endloop
  endfacet
  facet normal 0 0 -1
    outer loop
      vertex 38.9215 -13.6859 40.8
      vertex 36.9 -12 40.8
      vertex 39.0555 -13.5865 40.8
    endloop
  endfacet
  facet normal 0 0 -1
    outer loop
      vertex 38.7979 -13.7979 40.8
      vertex 36.9 -12 40.8
      vertex 38.9215 -13.6859 40.8
    endloop
  endfacet
  facet normal 0 0 -1
    outer loop
      vertex 38.6859 -13.9215 40.8
      vertex 36.9 -12 40.8
      vertex 38.7979 -13.7979 40.8
    endloop
  endfacet
  facet normal 0 0 -1
    outer loop
      vertex 38.5865 -14.0555 40.8
      vertex 36.9 -12 40.8
      vertex 38.6859 -13.9215 40.8
    endloop
  endfacet
  facet normal 0 0 -1
    outer loop
      vertex 38.5007 -14.1986 40.8
      vertex 36.9 -12 40.8
      vertex 38.5865 -14.0555 40.8
    endloop
  endfacet
  facet normal 0 0 -1
    outer loop
      vertex 38.4294 -14.3494 40.8
      vertex 36.9 -12 40.8
      vertex 38.5007 -14.1986 40.8
    endloop
  endfacet
  facet normal 0 0 -1
    outer loop
      vertex 38.3732 -14.5065 40.8
      vertex 36.9 -12 40.8
      vertex 38.4294 -14.3494 40.8
    endloop
  endfacet
  facet normal -1 0 0
    outer loop
      vertex 43.1 -18.2 38
      vertex 43.1 -12 40.8
      vertex 43.1 -12 38
    endloop
  endfacet
  facet normal -1 -0 0
    outer loop
      vertex 43.1 -12 40.8
      vertex 43.1 -18.2 38
      vertex 43.1 -18.2 40.8
    endloop
  endfacet
  facet normal 0 1 -0
    outer loop
      vertex 43.1 -18.2 38
      vertex 36.9 -18.2 40.8
      vertex 43.1 -18.2 40.8
    endloop
  endfacet
  facet normal 0 1 0
    outer loop
      vertex 36.9 -18.2 40.8
      vertex 43.1 -18.2 38
      vertex 36.9 -18.2 38
    endloop
  endfacet
  facet normal 0 0 1
    outer loop
      vertex 43.1 -12 38
      vertex 41.7 -15 38
      vertex 43.1 -18.2 38
    endloop
  endfacet
  facet normal 0 0 1
    outer loop
      vertex 43.1 -12 38
      vertex 41.6918 -14.8334 38
      vertex 41.7 -15 38
    endloop
  endfacet
  facet normal 0 0 1
    outer loop
      vertex 43.1 -12 38
      vertex 41.6673 -14.6683 38
      vertex 41.6918 -14.8334 38
    endloop
  endfacet
  facet normal 0 0 1
    outer loop
      vertex 43.1 -12 38
      vertex 41.6268 -14.5065 38
      vertex 41.6673 -14.6683 38
    endloop
  endfacet
  facet normal 0 0 1
    outer loop
      vertex 43.1 -12 38
      vertex 41.5706 -14.3494 38
      vertex 41.6268 -14.5065 38
    endloop
  endfacet
  facet normal 0 0 1
    outer loop
      vertex 43.1 -12 38
      vertex 41.4993 -14.1986 38
      vertex 41.5706 -14.3494 38
    endloop
  endfacet
  facet normal 0 0 1
    outer loop
      vertex 43.1 -12 38
      vertex 41.4135 -14.0555 38
      vertex 41.4993 -14.1986 38
    endloop
  endfacet
  facet normal 0 0 1
    outer loop
      vertex 43.1 -12 38
      vertex 41.3141 -13.9215 38
      vertex 41.4135 -14.0555 38
    endloop
  endfacet
  facet normal 0 0 1
    outer loop
      vertex 43.1 -12 38
      vertex 41.2021 -13.7979 38
      vertex 41.3141 -13.9215 38
    endloop
  endfacet
  facet normal 0 0 1
    outer loop
      vertex 43.1 -12 38
      vertex 41.0785 -13.6859 38
      vertex 41.2021 -13.7979 38
    endloop
  endfacet
  facet normal 0 0 1
    outer loop
      vertex 43.1 -12 38
      vertex 40.9445 -13.5865 38
      vertex 41.0785 -13.6859 38
    endloop
  endfacet
  facet normal 0 0 1
    outer loop
      vertex 43.1 -12 38
      vertex 40.8014 -13.5007 38
      vertex 40.9445 -13.5865 38
    endloop
  endfacet
  facet normal 0 0 1
    outer loop
      vertex 43.1 -12 38
      vertex 40.6506 -13.4294 38
      vertex 40.8014 -13.5007 38
    endloop
  endfacet
  facet normal 0 0 1
    outer loop
      vertex 43.1 -12 38
      vertex 40.4935 -13.3732 38
      vertex 40.6506 -13.4294 38
    endloop
  endfacet
  facet normal 0 0 1
    outer loop
      vertex 43.1 -12 38
      vertex 40.3317 -13.3327 38
      vertex 40.4935 -13.3732 38
    endloop
  endfacet
  facet normal 0 0 1
    outer loop
      vertex 43.1 -12 38
      vertex 40.1666 -13.3082 38
      vertex 40.3317 -13.3327 38
    endloop
  endfacet
  facet normal 0 0 1
    outer loop
      vertex 43.1 -12 38
      vertex 40 -13.3 38
      vertex 40.1666 -13.3082 38
    endloop
  endfacet
  facet normal -0 0 1
    outer loop
      vertex 36.9 -12 38
      vertex 40 -13.3 38
      vertex 43.1 -12 38
    endloop
  endfacet
  facet normal 0 0 1
    outer loop
      vertex 40 -13.3 38
      vertex 36.9 -12 38
      vertex 39.8334 -13.3082 38
    endloop
  endfacet
  facet normal 0 0 1
    outer loop
      vertex 39.8334 -13.3082 38
      vertex 36.9 -12 38
      vertex 39.6683 -13.3327 38
    endloop
  endfacet
  facet normal 0 0 1
    outer loop
      vertex 39.6683 -13.3327 38
      vertex 36.9 -12 38
      vertex 39.5065 -13.3732 38
    endloop
  endfacet
  facet normal 0 0 1
    outer loop
      vertex 38.3082 -14.8334 38
      vertex 36.9 -12 38
      vertex 38.3 -15 38
    endloop
  endfacet
  facet normal 0 0 1
    outer loop
      vertex 38.3327 -14.6683 38
      vertex 36.9 -12 38
      vertex 38.3082 -14.8334 38
    endloop
  endfacet
  facet normal 0 0 1
    outer loop
      vertex 38.3732 -14.5065 38
      vertex 36.9 -12 38
      vertex 38.3327 -14.6683 38
    endloop
  endfacet
  facet normal 0 0 1
    outer loop
      vertex 38.4294 -14.3494 38
      vertex 36.9 -12 38
      vertex 38.3732 -14.5065 38
    endloop
  endfacet
  facet normal 0 0 1
    outer loop
      vertex 38.5007 -14.1986 38
      vertex 36.9 -12 38
      vertex 38.4294 -14.3494 38
    endloop
  endfacet
  facet normal 0 0 1
    outer loop
      vertex 38.5865 -14.0555 38
      vertex 36.9 -12 38
      vertex 38.5007 -14.1986 38
    endloop
  endfacet
  facet normal 0 0 1
    outer loop
      vertex 38.6859 -13.9215 38
      vertex 36.9 -12 38
      vertex 38.5865 -14.0555 38
    endloop
  endfacet
  facet normal 0 0 1
    outer loop
      vertex 38.7979 -13.7979 38
      vertex 36.9 -12 38
      vertex 38.6859 -13.9215 38
    endloop
  endfacet
  facet normal 0 0 1
    outer loop
      vertex 38.9215 -13.6859 38
      vertex 36.9 -12 38
      vertex 38.7979 -13.7979 38
    endloop
  endfacet
  facet normal 0 0 1
    outer loop
      vertex 39.0555 -13.5865 38
      vertex 36.9 -12 38
      vertex 38.9215 -13.6859 38
    endloop
  endfacet
  facet normal 0 0 1
    outer loop
      vertex 39.1986 -13.5007 38
      vertex 36.9 -12 38
      vertex 39.0555 -13.5865 38
    endloop
  endfacet
  facet normal 0 0 1
    outer loop
      vertex 39.3494 -13.4294 38
      vertex 36.9 -12 38
      vertex 39.1986 -13.5007 38
    endloop
  endfacet
  facet normal 0 0 1
    outer loop
      vertex 39.5065 -13.3732 38
      vertex 36.9 -12 38
      vertex 39.3494 -13.4294 38
    endloop
  endfacet
  facet normal -0 0 1
    outer loop
      vertex 41.6918 -15.1666 38
      vertex 43.1 -18.2 38
      vertex 41.7 -15 38
    endloop
  endfacet
  facet normal -0 0 1
    outer loop
      vertex 41.6673 -15.3317 38
      vertex 43.1 -18.2 38
      vertex 41.6918 -15.1666 38
    endloop
  endfacet
  facet normal -0 0 1
    outer loop
      vertex 41.6268 -15.4935 38
      vertex 43.1 -18.2 38
      vertex 41.6673 -15.3317 38
    endloop
  endfacet
  facet normal -0 0 1
    outer loop
      vertex 41.5706 -15.6506 38
      vertex 43.1 -18.2 38
      vertex 41.6268 -15.4935 38
    endloop
  endfacet
  facet normal -0 0 1
    outer loop
      vertex 41.4993 -15.8014 38
      vertex 43.1 -18.2 38
      vertex 41.5706 -15.6506 38
    endloop
  endfacet
  facet normal -0 0 1
    outer loop
      vertex 41.4135 -15.9445 38
      vertex 43.1 -18.2 38
      vertex 41.4993 -15.8014 38
    endloop
  endfacet
  facet normal -0 0 1
    outer loop
      vertex 41.3141 -16.0785 38
      vertex 43.1 -18.2 38
      vertex 41.4135 -15.9445 38
    endloop
  endfacet
  facet normal -0 0 1
    outer loop
      vertex 41.2021 -16.2021 38
      vertex 43.1 -18.2 38
      vertex 41.3141 -16.0785 38
    endloop
  endfacet
  facet normal -0 0 1
    outer loop
      vertex 41.0785 -16.3141 38
      vertex 43.1 -18.2 38
      vertex 41.2021 -16.2021 38
    endloop
  endfacet
  facet normal -0 0 1
    outer loop
      vertex 40.9445 -16.4135 38
      vertex 43.1 -18.2 38
      vertex 41.0785 -16.3141 38
    endloop
  endfacet
  facet normal -0 0 1
    outer loop
      vertex 40.8014 -16.4993 38
      vertex 43.1 -18.2 38
      vertex 40.9445 -16.4135 38
    endloop
  endfacet
  facet normal -0 0 1
    outer loop
      vertex 40.6506 -16.5706 38
      vertex 43.1 -18.2 38
      vertex 40.8014 -16.4993 38
    endloop
  endfacet
  facet normal -0 0 1
    outer loop
      vertex 40.4935 -16.6268 38
      vertex 43.1 -18.2 38
      vertex 40.6506 -16.5706 38
    endloop
  endfacet
  facet normal -0 0 1
    outer loop
      vertex 40.3317 -16.6673 38
      vertex 43.1 -18.2 38
      vertex 40.4935 -16.6268 38
    endloop
  endfacet
  facet normal -0 0 1
    outer loop
      vertex 40.1666 -16.6918 38
      vertex 43.1 -18.2 38
      vertex 40.3317 -16.6673 38
    endloop
  endfacet
  facet normal -0 0 1
    outer loop
      vertex 40 -16.7 38
      vertex 43.1 -18.2 38
      vertex 40.1666 -16.6918 38
    endloop
  endfacet
  facet normal 0 0 1
    outer loop
      vertex 36.9 -18.2 38
      vertex 40 -16.7 38
      vertex 39.8334 -16.6918 38
    endloop
  endfacet
  facet normal 0 0 1
    outer loop
      vertex 36.9 -18.2 38
      vertex 39.8334 -16.6918 38
      vertex 39.6683 -16.6673 38
    endloop
  endfacet
  facet normal 0 0 1
    outer loop
      vertex 36.9 -18.2 38
      vertex 39.6683 -16.6673 38
      vertex 39.5065 -16.6268 38
    endloop
  endfacet
  facet normal 0 0 1
    outer loop
      vertex 36.9 -18.2 38
      vertex 39.5065 -16.6268 38
      vertex 39.3494 -16.5706 38
    endloop
  endfacet
  facet normal 0 0 1
    outer loop
      vertex 36.9 -18.2 38
      vertex 38.3 -15 38
      vertex 36.9 -12 38
    endloop
  endfacet
  facet normal 0 0 1
    outer loop
      vertex 38.3 -15 38
      vertex 36.9 -18.2 38
      vertex 38.3082 -15.1666 38
    endloop
  endfacet
  facet normal 0 0 1
    outer loop
      vertex 38.3082 -15.1666 38
      vertex 36.9 -18.2 38
      vertex 38.3327 -15.3317 38
    endloop
  endfacet
  facet normal 0 0 1
    outer loop
      vertex 38.3327 -15.3317 38
      vertex 36.9 -18.2 38
      vertex 38.3732 -15.4935 38
    endloop
  endfacet
  facet normal 0 0 1
    outer loop
      vertex 40 -16.7 38
      vertex 36.9 -18.2 38
      vertex 43.1 -18.2 38
    endloop
  endfacet
  facet normal 0 0 1
    outer loop
      vertex 39.1986 -16.4993 38
      vertex 36.9 -18.2 38
      vertex 39.3494 -16.5706 38
    endloop
  endfacet
  facet normal 0 0 1
    outer loop
      vertex 39.0555 -16.4135 38
      vertex 36.9 -18.2 38
      vertex 39.1986 -16.4993 38
    endloop
  endfacet
  facet normal 0 0 1
    outer loop
      vertex 38.9215 -16.3141 38
      vertex 36.9 -18.2 38
      vertex 39.0555 -16.4135 38
    endloop
  endfacet
  facet normal 0 0 1
    outer loop
      vertex 38.7979 -16.2021 38
      vertex 36.9 -18.2 38
      vertex 38.9215 -16.3141 38
    endloop
  endfacet
  facet normal 0 0 1
    outer loop
      vertex 38.6859 -16.0785 38
      vertex 36.9 -18.2 38
      vertex 38.7979 -16.2021 38
    endloop
  endfacet
  facet normal 0 0 1
    outer loop
      vertex 38.5865 -15.9445 38
      vertex 36.9 -18.2 38
      vertex 38.6859 -16.0785 38
    endloop
  endfacet
  facet normal 0 0 1
    outer loop
      vertex 38.5007 -15.8014 38
      vertex 36.9 -18.2 38
      vertex 38.5865 -15.9445 38
    endloop
  endfacet
  facet normal 0 0 1
    outer loop
      vertex 38.4294 -15.6506 38
      vertex 36.9 -18.2 38
      vertex 38.5007 -15.8014 38
    endloop
  endfacet
  facet normal 0 0 1
    outer loop
      vertex 38.3732 -15.4935 38
      vertex 36.9 -18.2 38
      vertex 38.4294 -15.6506 38
    endloop
  endfacet
  facet normal 1 -0 0
    outer loop
      vertex 36.9 -38 40.8
      vertex 36.9 -31.8 38
      vertex 36.9 -31.8 40.8
    endloop
  endfacet
  facet normal 1 0 0
    outer loop
      vertex 36.9 -31.8 38
      vertex 36.9 -38 40.8
      vertex 36.9 -38 38
    endloop
  endfacet
  facet normal 0 0 -1
    outer loop
      vertex 43.1 -38 40.8
      vertex 41.7 -35 40.8
      vertex 43.1 -31.8 40.8
    endloop
  endfacet
  facet normal 0 0 -1
    outer loop
      vertex 43.1 -38 40.8
      vertex 41.6918 -35.1666 40.8
      vertex 41.7 -35 40.8
    endloop
  endfacet
  facet normal 0 0 -1
    outer loop
      vertex 43.1 -38 40.8
      vertex 41.6673 -35.3317 40.8
      vertex 41.6918 -35.1666 40.8
    endloop
  endfacet
  facet normal 0 0 -1
    outer loop
      vertex 43.1 -38 40.8
      vertex 41.6268 -35.4935 40.8
      vertex 41.6673 -35.3317 40.8
    endloop
  endfacet
  facet normal 0 0 -1
    outer loop
      vertex 43.1 -38 40.8
      vertex 41.5706 -35.6506 40.8
      vertex 41.6268 -35.4935 40.8
    endloop
  endfacet
  facet normal 0 0 -1
    outer loop
      vertex 43.1 -38 40.8
      vertex 41.4993 -35.8014 40.8
      vertex 41.5706 -35.6506 40.8
    endloop
  endfacet
  facet normal 0 0 -1
    outer loop
      vertex 43.1 -38 40.8
      vertex 41.4135 -35.9445 40.8
      vertex 41.4993 -35.8014 40.8
    endloop
  endfacet
  facet normal 0 0 -1
    outer loop
      vertex 43.1 -38 40.8
      vertex 41.3141 -36.0785 40.8
      vertex 41.4135 -35.9445 40.8
    endloop
  endfacet
  facet normal 0 0 -1
    outer loop
      vertex 43.1 -38 40.8
      vertex 41.2021 -36.2021 40.8
      vertex 41.3141 -36.0785 40.8
    endloop
  endfacet
  facet normal 0 0 -1
    outer loop
      vertex 43.1 -38 40.8
      vertex 41.0785 -36.3141 40.8
      vertex 41.2021 -36.2021 40.8
    endloop
  endfacet
  facet normal 0 0 -1
    outer loop
      vertex 43.1 -38 40.8
      vertex 40.9445 -36.4135 40.8
      vertex 41.0785 -36.3141 40.8
    endloop
  endfacet
  facet normal 0 0 -1
    outer loop
      vertex 43.1 -38 40.8
      vertex 40.8014 -36.4993 40.8
      vertex 40.9445 -36.4135 40.8
    endloop
  endfacet
  facet normal 0 0 -1
    outer loop
      vertex 43.1 -38 40.8
      vertex 40.6506 -36.5706 40.8
      vertex 40.8014 -36.4993 40.8
    endloop
  endfacet
  facet normal 0 0 -1
    outer loop
      vertex 43.1 -38 40.8
      vertex 40.4935 -36.6268 40.8
      vertex 40.6506 -36.5706 40.8
    endloop
  endfacet
  facet normal 0 0 -1
    outer loop
      vertex 43.1 -38 40.8
      vertex 40.3317 -36.6673 40.8
      vertex 40.4935 -36.6268 40.8
    endloop
  endfacet
  facet normal 0 0 -1
    outer loop
      vertex 43.1 -38 40.8
      vertex 40.1666 -36.6918 40.8
      vertex 40.3317 -36.6673 40.8
    endloop
  endfacet
  facet normal 0 0 -1
    outer loop
      vertex 43.1 -38 40.8
      vertex 40 -36.7 40.8
      vertex 40.1666 -36.6918 40.8
    endloop
  endfacet
  facet normal 0 0 -1
    outer loop
      vertex 36.9 -38 40.8
      vertex 40 -36.7 40.8
      vertex 43.1 -38 40.8
    endloop
  endfacet
  facet normal -0 0 -1
    outer loop
      vertex 40 -36.7 40.8
      vertex 36.9 -38 40.8
      vertex 39.8334 -36.6918 40.8
    endloop
  endfacet
  facet normal -0 0 -1
    outer loop
      vertex 39.8334 -36.6918 40.8
      vertex 36.9 -38 40.8
      vertex 39.6683 -36.6673 40.8
    endloop
  endfacet
  facet normal -0 0 -1
    outer loop
      vertex 39.6683 -36.6673 40.8
      vertex 36.9 -38 40.8
      vertex 39.5065 -36.6268 40.8
    endloop
  endfacet
  facet normal -0 0 -1
    outer loop
      vertex 38.3082 -35.1666 40.8
      vertex 36.9 -38 40.8
      vertex 38.3 -35 40.8
    endloop
  endfacet
  facet normal -0 0 -1
    outer loop
      vertex 38.3327 -35.3317 40.8
      vertex 36.9 -38 40.8
      vertex 38.3082 -35.1666 40.8
    endloop
  endfacet
  facet normal -0 0 -1
    outer loop
      vertex 38.3732 -35.4935 40.8
      vertex 36.9 -38 40.8
      vertex 38.3327 -35.3317 40.8
    endloop
  endfacet
  facet normal -0 0 -1
    outer loop
      vertex 38.4294 -35.6506 40.8
      vertex 36.9 -38 40.8
      vertex 38.3732 -35.4935 40.8
    endloop
  endfacet
  facet normal -0 0 -1
    outer loop
      vertex 38.5007 -35.8014 40.8
      vertex 36.9 -38 40.8
      vertex 38.4294 -35.6506 40.8
    endloop
  endfacet
  facet normal -0 0 -1
    outer loop
      vertex 38.5865 -35.9445 40.8
      vertex 36.9 -38 40.8
      vertex 38.5007 -35.8014 40.8
    endloop
  endfacet
  facet normal -0 0 -1
    outer loop
      vertex 38.6859 -36.0785 40.8
      vertex 36.9 -38 40.8
      vertex 38.5865 -35.9445 40.8
    endloop
  endfacet
  facet normal -0 0 -1
    outer loop
      vertex 38.7979 -36.2021 40.8
      vertex 36.9 -38 40.8
      vertex 38.6859 -36.0785 40.8
    endloop
  endfacet
  facet normal -0 0 -1
    outer loop
      vertex 38.9215 -36.3141 40.8
      vertex 36.9 -38 40.8
      vertex 38.7979 -36.2021 40.8
    endloop
  endfacet
  facet normal -0 0 -1
    outer loop
      vertex 39.0555 -36.4135 40.8
      vertex 36.9 -38 40.8
      vertex 38.9215 -36.3141 40.8
    endloop
  endfacet
  facet normal -0 0 -1
    outer loop
      vertex 39.1986 -36.4993 40.8
      vertex 36.9 -38 40.8
      vertex 39.0555 -36.4135 40.8
    endloop
  endfacet
  facet normal -0 0 -1
    outer loop
      vertex 39.3494 -36.5706 40.8
      vertex 36.9 -38 40.8
      vertex 39.1986 -36.4993 40.8
    endloop
  endfacet
  facet normal -0 0 -1
    outer loop
      vertex 39.5065 -36.6268 40.8
      vertex 36.9 -38 40.8
      vertex 39.3494 -36.5706 40.8
    endloop
  endfacet
  facet normal 0 0 -1
    outer loop
      vertex 41.6918 -34.8334 40.8
      vertex 43.1 -31.8 40.8
      vertex 41.7 -35 40.8
    endloop
  endfacet
  facet normal 0 0 -1
    outer loop
      vertex 41.6673 -34.6683 40.8
      vertex 43.1 -31.8 40.8
      vertex 41.6918 -34.8334 40.8
    endloop
  endfacet
  facet normal 0 0 -1
    outer loop
      vertex 41.6268 -34.5065 40.8
      vertex 43.1 -31.8 40.8
      vertex 41.6673 -34.6683 40.8
    endloop
  endfacet
  facet normal 0 0 -1
    outer loop
      vertex 41.5706 -34.3494 40.8
      vertex 43.1 -31.8 40.8
      vertex 41.6268 -34.5065 40.8
    endloop
  endfacet
  facet normal 0 0 -1
    outer loop
      vertex 41.4993 -34.1986 40.8
      vertex 43.1 -31.8 40.8
      vertex 41.5706 -34.3494 40.8
    endloop
  endfacet
  facet normal 0 0 -1
    outer loop
      vertex 41.4135 -34.0555 40.8
      vertex 43.1 -31.8 40.8
      vertex 41.4993 -34.1986 40.8
    endloop
  endfacet
  facet normal 0 0 -1
    outer loop
      vertex 41.3141 -33.9215 40.8
      vertex 43.1 -31.8 40.8
      vertex 41.4135 -34.0555 40.8
    endloop
  endfacet
  facet normal 0 0 -1
    outer loop
      vertex 41.2021 -33.7979 40.8
      vertex 43.1 -31.8 40.8
      vertex 41.3141 -33.9215 40.8
    endloop
  endfacet
  facet normal 0 0 -1
    outer loop
      vertex 41.0785 -33.6859 40.8
      vertex 43.1 -31.8 40.8
      vertex 41.2021 -33.7979 40.8
    endloop
  endfacet
  facet normal 0 0 -1
    outer loop
      vertex 40.9445 -33.5865 40.8
      vertex 43.1 -31.8 40.8
      vertex 41.0785 -33.6859 40.8
    endloop
  endfacet
  facet normal 0 0 -1
    outer loop
      vertex 40.8014 -33.5007 40.8
      vertex 43.1 -31.8 40.8
      vertex 40.9445 -33.5865 40.8
    endloop
  endfacet
  facet normal 0 0 -1
    outer loop
      vertex 40.6506 -33.4294 40.8
      vertex 43.1 -31.8 40.8
      vertex 40.8014 -33.5007 40.8
    endloop
  endfacet
  facet normal 0 0 -1
    outer loop
      vertex 40.4935 -33.3732 40.8
      vertex 43.1 -31.8 40.8
      vertex 40.6506 -33.4294 40.8
    endloop
  endfacet
  facet normal 0 0 -1
    outer loop
      vertex 40.3317 -33.3327 40.8
      vertex 43.1 -31.8 40.8
      vertex 40.4935 -33.3732 40.8
    endloop
  endfacet
  facet normal 0 0 -1
    outer loop
      vertex 40.1666 -33.3082 40.8
      vertex 43.1 -31.8 40.8
      vertex 40.3317 -33.3327 40.8
    endloop
  endfacet
  facet normal 0 0 -1
    outer loop
      vertex 40 -33.3 40.8
      vertex 43.1 -31.8 40.8
      vertex 40.1666 -33.3082 40.8
    endloop
  endfacet
  facet normal 0 0 -1
    outer loop
      vertex 36.9 -31.8 40.8
      vertex 40 -33.3 40.8
      vertex 39.8334 -33.3082 40.8
    endloop
  endfacet
  facet normal 0 0 -1
    outer loop
      vertex 36.9 -31.8 40.8
      vertex 39.8334 -33.3082 40.8
      vertex 39.6683 -33.3327 40.8
    endloop
  endfacet
  facet normal 0 0 -1
    outer loop
      vertex 36.9 -31.8 40.8
      vertex 39.6683 -33.3327 40.8
      vertex 39.5065 -33.3732 40.8
    endloop
  endfacet
  facet normal 0 0 -1
    outer loop
      vertex 36.9 -31.8 40.8
      vertex 39.5065 -33.3732 40.8
      vertex 39.3494 -33.4294 40.8
    endloop
  endfacet
  facet normal 0 0 -1
    outer loop
      vertex 36.9 -31.8 40.8
      vertex 38.3 -35 40.8
      vertex 36.9 -38 40.8
    endloop
  endfacet
  facet normal 0 0 -1
    outer loop
      vertex 38.3 -35 40.8
      vertex 36.9 -31.8 40.8
      vertex 38.3082 -34.8334 40.8
    endloop
  endfacet
  facet normal 0 0 -1
    outer loop
      vertex 38.3082 -34.8334 40.8
      vertex 36.9 -31.8 40.8
      vertex 38.3327 -34.6683 40.8
    endloop
  endfacet
  facet normal 0 0 -1
    outer loop
      vertex 38.3327 -34.6683 40.8
      vertex 36.9 -31.8 40.8
      vertex 38.3732 -34.5065 40.8
    endloop
  endfacet
  facet normal 0 0 -1
    outer loop
      vertex 40 -33.3 40.8
      vertex 36.9 -31.8 40.8
      vertex 43.1 -31.8 40.8
    endloop
  endfacet
  facet normal 0 0 -1
    outer loop
      vertex 39.1986 -33.5007 40.8
      vertex 36.9 -31.8 40.8
      vertex 39.3494 -33.4294 40.8
    endloop
  endfacet
  facet normal 0 0 -1
    outer loop
      vertex 39.0555 -33.5865 40.8
      vertex 36.9 -31.8 40.8
      vertex 39.1986 -33.5007 40.8
    endloop
  endfacet
  facet normal 0 0 -1
    outer loop
      vertex 38.9215 -33.6859 40.8
      vertex 36.9 -31.8 40.8
      vertex 39.0555 -33.5865 40.8
    endloop
  endfacet
  facet normal 0 0 -1
    outer loop
      vertex 38.7979 -33.7979 40.8
      vertex 36.9 -31.8 40.8
      vertex 38.9215 -33.6859 40.8
    endloop
  endfacet
  facet normal 0 0 -1
    outer loop
      vertex 38.6859 -33.9215 40.8
      vertex 36.9 -31.8 40.8
      vertex 38.7979 -33.7979 40.8
    endloop
  endfacet
  facet normal 0 0 -1
    outer loop
      vertex 38.5865 -34.0555 40.8
      vertex 36.9 -31.8 40.8
      vertex 38.6859 -33.9215 40.8
    endloop
  endfacet
  facet normal 0 0 -1
    outer loop
      vertex 38.5007 -34.1986 40.8
      vertex 36.9 -31.8 40.8
      vertex 38.5865 -34.0555 40.8
    endloop
  endfacet
  facet normal 0 0 -1
    outer loop
      vertex 38.4294 -34.3494 40.8
      vertex 36.9 -31.8 40.8
      vertex 38.5007 -34.1986 40.8
    endloop
  endfacet
  facet normal 0 0 -1
    outer loop
      vertex 38.3732 -34.5065 40.8
      vertex 36.9 -31.8 40.8
      vertex 38.4294 -34.3494 40.8
    endloop
  endfacet
  facet normal -1 0 0
    outer loop
      vertex 43.1 -38 38
      vertex 43.1 -31.8 40.8
      vertex 43.1 -31.8 38
    endloop
  endfacet
  facet normal -1 -0 0
    outer loop
      vertex 43.1 -31.8 40.8
      vertex 43.1 -38 38
      vertex 43.1 -38 40.8
    endloop
  endfacet
  facet normal 0 0 1
    outer loop
      vertex 43.1 -31.8 38
      vertex 41.7 -35 38
      vertex 43.1 -38 38
    endloop
  endfacet
  facet normal 0 0 1
    outer loop
      vertex 43.1 -31.8 38
      vertex 41.6918 -34.8334 38
      vertex 41.7 -35 38
    endloop
  endfacet
  facet normal 0 0 1
    outer loop
      vertex 43.1 -31.8 38
      vertex 41.6673 -34.6683 38
      vertex 41.6918 -34.8334 38
    endloop
  endfacet
  facet normal 0 0 1
    outer loop
      vertex 43.1 -31.8 38
      vertex 41.6268 -34.5065 38
      vertex 41.6673 -34.6683 38
    endloop
  endfacet
  facet normal 0 0 1
    outer loop
      vertex 43.1 -31.8 38
      vertex 41.5706 -34.3494 38
      vertex 41.6268 -34.5065 38
    endloop
  endfacet
  facet normal 0 0 1
    outer loop
      vertex 43.1 -31.8 38
      vertex 41.4993 -34.1986 38
      vertex 41.5706 -34.3494 38
    endloop
  endfacet
  facet normal 0 0 1
    outer loop
      vertex 43.1 -31.8 38
      vertex 41.4135 -34.0555 38
      vertex 41.4993 -34.1986 38
    endloop
  endfacet
  facet normal 0 0 1
    outer loop
      vertex 43.1 -31.8 38
      vertex 41.3141 -33.9215 38
      vertex 41.4135 -34.0555 38
    endloop
  endfacet
  facet normal 0 0 1
    outer loop
      vertex 43.1 -31.8 38
      vertex 41.2021 -33.7979 38
      vertex 41.3141 -33.9215 38
    endloop
  endfacet
  facet normal 0 0 1
    outer loop
      vertex 43.1 -31.8 38
      vertex 41.0785 -33.6859 38
      vertex 41.2021 -33.7979 38
    endloop
  endfacet
  facet normal 0 0 1
    outer loop
      vertex 43.1 -31.8 38
      vertex 40.9445 -33.5865 38
      vertex 41.0785 -33.6859 38
    endloop
  endfacet
  facet normal 0 0 1
    outer loop
      vertex 43.1 -31.8 38
      vertex 40.8014 -33.5007 38
      vertex 40.9445 -33.5865 38
    endloop
  endfacet
  facet normal 0 0 1
    outer loop
      vertex 43.1 -31.8 38
      vertex 40.6506 -33.4294 38
      vertex 40.8014 -33.5007 38
    endloop
  endfacet
  facet normal 0 0 1
    outer loop
      vertex 43.1 -31.8 38
      vertex 40.4935 -33.3732 38
      vertex 40.6506 -33.4294 38
    endloop
  endfacet
  facet normal 0 0 1
    outer loop
      vertex 43.1 -31.8 38
      vertex 40.3317 -33.3327 38
      vertex 40.4935 -33.3732 38
    endloop
  endfacet
  facet normal 0 0 1
    outer loop
      vertex 43.1 -31.8 38
      vertex 40.1666 -33.3082 38
      vertex 40.3317 -33.3327 38
    endloop
  endfacet
  facet normal 0 0 1
    outer loop
      vertex 43.1 -31.8 38
      vertex 40 -33.3 38
      vertex 40.1666 -33.3082 38
    endloop
  endfacet
  facet normal -0 0 1
    outer loop
      vertex 36.9 -31.8 38
      vertex 40 -33.3 38
      vertex 43.1 -31.8 38
    endloop
  endfacet
  facet normal 0 0 1
    outer loop
      vertex 40 -33.3 38
      vertex 36.9 -31.8 38
      vertex 39.8334 -33.3082 38
    endloop
  endfacet
  facet normal 0 0 1
    outer loop
      vertex 39.8334 -33.3082 38
      vertex 36.9 -31.8 38
      vertex 39.6683 -33.3327 38
    endloop
  endfacet
  facet normal 0 0 1
    outer loop
      vertex 39.6683 -33.3327 38
      vertex 36.9 -31.8 38
      vertex 39.5065 -33.3732 38
    endloop
  endfacet
  facet normal 0 0 1
    outer loop
      vertex 38.3082 -34.8334 38
      vertex 36.9 -31.8 38
      vertex 38.3 -35 38
    endloop
  endfacet
  facet normal 0 0 1
    outer loop
      vertex 38.3327 -34.6683 38
      vertex 36.9 -31.8 38
      vertex 38.3082 -34.8334 38
    endloop
  endfacet
  facet normal 0 0 1
    outer loop
      vertex 38.3732 -34.5065 38
      vertex 36.9 -31.8 38
      vertex 38.3327 -34.6683 38
    endloop
  endfacet
  facet normal 0 0 1
    outer loop
      vertex 38.4294 -34.3494 38
      vertex 36.9 -31.8 38
      vertex 38.3732 -34.5065 38
    endloop
  endfacet
  facet normal 0 0 1
    outer loop
      vertex 38.5007 -34.1986 38
      vertex 36.9 -31.8 38
      vertex 38.4294 -34.3494 38
    endloop
  endfacet
  facet normal 0 0 1
    outer loop
      vertex 38.5865 -34.0555 38
      vertex 36.9 -31.8 38
      vertex 38.5007 -34.1986 38
    endloop
  endfacet
  facet normal 0 0 1
    outer loop
      vertex 38.6859 -33.9215 38
      vertex 36.9 -31.8 38
      vertex 38.5865 -34.0555 38
    endloop
  endfacet
  facet normal 0 0 1
    outer loop
      vertex 38.7979 -33.7979 38
      vertex 36.9 -31.8 38
      vertex 38.6859 -33.9215 38
    endloop
  endfacet
  facet normal 0 0 1
    outer loop
      vertex 38.9215 -33.6859 38
      vertex 36.9 -31.8 38
      vertex 38.7979 -33.7979 38
    endloop
  endfacet
  facet normal 0 0 1
    outer loop
      vertex 39.0555 -33.5865 38
      vertex 36.9 -31.8 38
      vertex 38.9215 -33.6859 38
    endloop
  endfacet
  facet normal 0 0 1
    outer loop
      vertex 39.1986 -33.5007 38
      vertex 36.9 -31.8 38
      vertex 39.0555 -33.5865 38
    endloop
  endfacet
  facet normal 0 0 1
    outer loop
      vertex 39.3494 -33.4294 38
      vertex 36.9 -31.8 38
      vertex 39.1986 -33.5007 38
    endloop
  endfacet
  facet normal 0 0 1
    outer loop
      vertex 39.5065 -33.3732 38
      vertex 36.9 -31.8 38
      vertex 39.3494 -33.4294 38
    endloop
  endfacet
  facet normal -0 0 1
    outer loop
      vertex 41.6918 -35.1666 38
      vertex 43.1 -38 38
      vertex 41.7 -35 38
    endloop
  endfacet
  facet normal -0 0 1
    outer loop
      vertex 41.6673 -35.3317 38
      vertex 43.1 -38 38
      vertex 41.6918 -35.1666 38
    endloop
  endfacet
  facet normal -0 0 1
    outer loop
      vertex 41.6268 -35.4935 38
      vertex 43.1 -38 38
      vertex 41.6673 -35.3317 38
    endloop
  endfacet
  facet normal -0 0 1
    outer loop
      vertex 41.5706 -35.6506 38
      vertex 43.1 -38 38
      vertex 41.6268 -35.4935 38
    endloop
  endfacet
  facet normal -0 0 1
    outer loop
      vertex 41.4993 -35.8014 38
      vertex 43.1 -38 38
      vertex 41.5706 -35.6506 38
    endloop
  endfacet
  facet normal -0 0 1
    outer loop
      vertex 41.4135 -35.9445 38
      vertex 43.1 -38 38
      vertex 41.4993 -35.8014 38
    endloop
  endfacet
  facet normal -0 0 1
    outer loop
      vertex 41.3141 -36.0785 38
      vertex 43.1 -38 38
      vertex 41.4135 -35.9445 38
    endloop
  endfacet
  facet normal -0 0 1
    outer loop
      vertex 41.2021 -36.2021 38
      vertex 43.1 -38 38
      vertex 41.3141 -36.0785 38
    endloop
  endfacet
  facet normal -0 0 1
    outer loop
      vertex 41.0785 -36.3141 38
      vertex 43.1 -38 38
      vertex 41.2021 -36.2021 38
    endloop
  endfacet
  facet normal -0 0 1
    outer loop
      vertex 40.9445 -36.4135 38
      vertex 43.1 -38 38
      vertex 41.0785 -36.3141 38
    endloop
  endfacet
  facet normal -0 0 1
    outer loop
      vertex 40.8014 -36.4993 38
      vertex 43.1 -38 38
      vertex 40.9445 -36.4135 38
    endloop
  endfacet
  facet normal -0 0 1
    outer loop
      vertex 40.6506 -36.5706 38
      vertex 43.1 -38 38
      vertex 40.8014 -36.4993 38
    endloop
  endfacet
  facet normal -0 0 1
    outer loop
      vertex 40.4935 -36.6268 38
      vertex 43.1 -38 38
      vertex 40.6506 -36.5706 38
    endloop
  endfacet
  facet normal -0 0 1
    outer loop
      vertex 40.3317 -36.6673 38
      vertex 43.1 -38 38
      vertex 40.4935 -36.6268 38
    endloop
  endfacet
  facet normal -0 0 1
    outer loop
      vertex 40.1666 -36.6918 38
      vertex 43.1 -38 38
      vertex 40.3317 -36.6673 38
    endloop
  endfacet
  facet normal -0 0 1
    outer loop
      vertex 40 -36.7 38
      vertex 43.1 -38 38
      vertex 40.1666 -36.6918 38
    endloop
  endfacet
  facet normal 0 0 1
    outer loop
      vertex 36.9 -38 38
      vertex 40 -36.7 38
      vertex 39.8334 -36.6918 38
    endloop
  endfacet
  facet normal 0 0 1
    outer loop
      vertex 36.9 -38 38
      vertex 39.8334 -36.6918 38
      vertex 39.6683 -36.6673 38
    endloop
  endfacet
  facet normal 0 0 1
    outer loop
      vertex 36.9 -38 38
      vertex 39.6683 -36.6673 38
      vertex 39.5065 -36.6268 38
    endloop
  endfacet
  facet normal 0 0 1
    outer loop
      vertex 36.9 -38 38
      vertex 39.5065 -36.6268 38
      vertex 39.3494 -36.5706 38
    endloop
  endfacet
  facet normal 0 0 1
    outer loop
      vertex 36.9 -38 38
      vertex 38.3 -35 38
      vertex 36.9 -31.8 38
    endloop
  endfacet
  facet normal 0 0 1
    outer loop
      vertex 38.3 -35 38
      vertex 36.9 -38 38
      vertex 38.3082 -35.1666 38
    endloop
  endfacet
  facet normal 0 0 1
    outer loop
      vertex 38.3082 -35.1666 38
      vertex 36.9 -38 38
      vertex 38.3327 -35.3317 38
    endloop
  endfacet
  facet normal 0 0 1
    outer loop
      vertex 38.3327 -35.3317 38
      vertex 36.9 -38 38
      vertex 38.3732 -35.4935 38
    endloop
  endfacet
  facet normal 0 0 1
    outer loop
      vertex 40 -36.7 38
      vertex 36.9 -38 38
      vertex 43.1 -38 38
    endloop
  endfacet
  facet normal 0 0 1
    outer loop
      vertex 39.1986 -36.4993 38
      vertex 36.9 -38 38
      vertex 39.3494 -36.5706 38
    endloop
  endfacet
  facet normal 0 0 1
    outer loop
      vertex 39.0555 -36.4135 38
      vertex 36.9 -38 38
      vertex 39.1986 -36.4993 38
    endloop
  endfacet
  facet normal 0 0 1
    outer loop
      vertex 38.9215 -36.3141 38
      vertex 36.9 -38 38
      vertex 39.0555 -36.4135 38
    endloop
  endfacet
  facet normal 0 0 1
    outer loop
      vertex 38.7979 -36.2021 38
      vertex 36.9 -38 38
      vertex 38.9215 -36.3141 38
    endloop
  endfacet
  facet normal 0 0 1
    outer loop
      vertex 38.6859 -36.0785 38
      vertex 36.9 -38 38
      vertex 38.7979 -36.2021 38
    endloop
  endfacet
  facet normal 0 0 1
    outer loop
      vertex 38.5865 -35.9445 38
      vertex 36.9 -38 38
      vertex 38.6859 -36.0785 38
    endloop
  endfacet
  facet normal 0 0 1
    outer loop
      vertex 38.5007 -35.8014 38
      vertex 36.9 -38 38
      vertex 38.5865 -35.9445 38
    endloop
  endfacet
  facet normal 0 0 1
    outer loop
      vertex 38.4294 -35.6506 38
      vertex 36.9 -38 38
      vertex 38.5007 -35.8014 38
    endloop
  endfacet
  facet normal 0 0 1
    outer loop
      vertex 38.3732 -35.4935 38
      vertex 36.9 -38 38
      vertex 38.4294 -35.6506 38
    endloop
  endfacet
  facet normal 0 -1 0
    outer loop
      vertex 36.9 -31.8 38
      vertex 43.1 -31.8 40.8
      vertex 36.9 -31.8 40.8
    endloop
  endfacet
  facet normal 0 -1 -0
    outer loop
      vertex 43.1 -31.8 40.8
      vertex 36.9 -31.8 38
      vertex 43.1 -31.8 38
    endloop
  endfacet
  facet normal -0.857724 0.514111 0
    outer loop
      vertex 2.20339 -1.47226 0
      vertex 2.33709 -1.2492 5
      vertex 2.33709 -1.2492 0
    endloop
  endfacet
  facet normal -0.857724 0.514111 0
    outer loop
      vertex 2.33709 -1.2492 5
      vertex 2.20339 -1.47226 0
      vertex 2.20339 -1.47226 5
    endloop
  endfacet
  facet normal -0.336887 0.941545 0
    outer loop
      vertex 1.01411 -2.44828 0
      vertex 0.769254 -2.53589 5
      vertex 1.01411 -2.44828 5
    endloop
  endfacet
  facet normal -0.336887 0.941545 0
    outer loop
      vertex 0.769254 -2.53589 5
      vertex 1.01411 -2.44828 0
      vertex 0.769254 -2.53589 0
    endloop
  endfacet
  facet normal 0.336887 0.941545 -0
    outer loop
      vertex -0.769254 -2.53589 0
      vertex -1.01411 -2.44828 5
      vertex -0.769254 -2.53589 5
    endloop
  endfacet
  facet normal 0.336887 0.941545 0
    outer loop
      vertex -1.01411 -2.44828 5
      vertex -0.769254 -2.53589 0
      vertex -1.01411 -2.44828 0
    endloop
  endfacet
  facet normal 0.903988 0.427557 0
    outer loop
      vertex -2.33709 -1.2492 5
      vertex -2.44828 -1.01411 0
      vertex -2.44828 -1.01411 5
    endloop
  endfacet
  facet normal 0.903988 0.427557 0
    outer loop
      vertex -2.44828 -1.01411 0
      vertex -2.33709 -1.2492 5
      vertex -2.33709 -1.2492 0
    endloop
  endfacet
  facet normal -0.998796 -0.0490659 0
    outer loop
      vertex 2.65 0 0
      vertex 2.63724 0.259745 5
      vertex 2.63724 0.259745 0
    endloop
  endfacet
  facet normal -0.998796 -0.0490659 0
    outer loop
      vertex 2.63724 0.259745 5
      vertex 2.65 0 0
      vertex 2.65 0 5
    endloop
  endfacet
  facet normal -0.514111 0.857724 0
    outer loop
      vertex 1.47226 -2.20339 0
      vertex 1.2492 -2.33709 5
      vertex 1.47226 -2.20339 5
    endloop
  endfacet
  facet normal -0.514111 0.857724 0
    outer loop
      vertex 1.2492 -2.33709 5
      vertex 1.47226 -2.20339 0
      vertex 1.2492 -2.33709 0
    endloop
  endfacet
  facet normal 0.74094 0.671572 0
    outer loop
      vertex -1.87383 -1.87383 5
      vertex -2.04848 -1.68114 0
      vertex -2.04848 -1.68114 5
    endloop
  endfacet
  facet normal 0.74094 0.671572 0
    outer loop
      vertex -2.04848 -1.68114 0
      vertex -1.87383 -1.87383 5
      vertex -1.87383 -1.87383 0
    endloop
  endfacet
  facet normal 0.242983 0.97003 -0
    outer loop
      vertex -0.516989 -2.59908 0
      vertex -0.769254 -2.53589 5
      vertex -0.516989 -2.59908 5
    endloop
  endfacet
  facet normal 0.242983 0.97003 0
    outer loop
      vertex -0.769254 -2.53589 5
      vertex -0.516989 -2.59908 0
      vertex -0.769254 -2.53589 0
    endloop
  endfacet
  facet normal -0.514111 -0.857724 0
    outer loop
      vertex 1.2492 2.33709 0
      vertex 1.47226 2.20339 5
      vertex 1.2492 2.33709 5
    endloop
  endfacet
  facet normal -0.514111 -0.857724 -0
    outer loop
      vertex 1.47226 2.20339 5
      vertex 1.2492 2.33709 0
      vertex 1.47226 2.20339 0
    endloop
  endfacet
  facet normal 0.903988 -0.427557 0
    outer loop
      vertex -2.44828 1.01411 5
      vertex -2.33709 1.2492 0
      vertex -2.33709 1.2492 5
    endloop
  endfacet
  facet normal 0.903988 -0.427557 0
    outer loop
      vertex -2.33709 1.2492 0
      vertex -2.44828 1.01411 5
      vertex -2.44828 1.01411 0
    endloop
  endfacet
  facet normal -0.989176 0.146736 0
    outer loop
      vertex 2.59908 -0.516989 0
      vertex 2.63724 -0.259745 5
      vertex 2.63724 -0.259745 0
    endloop
  endfacet
  facet normal -0.989176 0.146736 0
    outer loop
      vertex 2.63724 -0.259745 5
      vertex 2.59908 -0.516989 0
      vertex 2.59908 -0.516989 5
    endloop
  endfacet
  facet normal -0.803219 0.595685 0
    outer loop
      vertex 2.04848 -1.68114 0
      vertex 2.20339 -1.47226 5
      vertex 2.20339 -1.47226 0
    endloop
  endfacet
  facet normal -0.803219 0.595685 0
    outer loop
      vertex 2.20339 -1.47226 5
      vertex 2.04848 -1.68114 0
      vertex 2.04848 -1.68114 5
    endloop
  endfacet
  facet normal -0.671572 0.74094 0
    outer loop
      vertex 1.87383 -1.87383 0
      vertex 1.68114 -2.04848 5
      vertex 1.87383 -1.87383 5
    endloop
  endfacet
  facet normal -0.671572 0.74094 0
    outer loop
      vertex 1.68114 -2.04848 5
      vertex 1.87383 -1.87383 0
      vertex 1.68114 -2.04848 0
    endloop
  endfacet
  facet normal 0.0490659 0.998796 -0
    outer loop
      vertex 0 -2.65 0
      vertex -0.259745 -2.63724 5
      vertex 0 -2.65 5
    endloop
  endfacet
  facet normal 0.0490659 0.998796 0
    outer loop
      vertex -0.259745 -2.63724 5
      vertex 0 -2.65 0
      vertex -0.259745 -2.63724 0
    endloop
  endfacet
  facet normal -0.242983 0.97003 0
    outer loop
      vertex 0.769254 -2.53589 0
      vertex 0.516989 -2.59908 5
      vertex 0.769254 -2.53589 5
    endloop
  endfacet
  facet normal -0.242983 0.97003 0
    outer loop
      vertex 0.516989 -2.59908 5
      vertex 0.769254 -2.53589 0
      vertex 0.516989 -2.59908 0
    endloop
  endfacet
  facet normal -0.146736 0.989176 0
    outer loop
      vertex 0.516989 -2.59908 0
      vertex 0.259745 -2.63724 5
      vertex 0.516989 -2.59908 5
    endloop
  endfacet
  facet normal -0.146736 0.989176 0
    outer loop
      vertex 0.259745 -2.63724 5
      vertex 0.516989 -2.59908 0
      vertex 0.259745 -2.63724 0
    endloop
  endfacet
  facet normal -0.427557 0.903988 0
    outer loop
      vertex 1.2492 -2.33709 0
      vertex 1.01411 -2.44828 5
      vertex 1.2492 -2.33709 5
    endloop
  endfacet
  facet normal -0.427557 0.903988 0
    outer loop
      vertex 1.01411 -2.44828 5
      vertex 1.2492 -2.33709 0
      vertex 1.01411 -2.44828 0
    endloop
  endfacet
  facet normal -0.595685 0.803219 0
    outer loop
      vertex 1.68114 -2.04848 0
      vertex 1.47226 -2.20339 5
      vertex 1.68114 -2.04848 5
    endloop
  endfacet
  facet normal -0.595685 0.803219 0
    outer loop
      vertex 1.47226 -2.20339 5
      vertex 1.68114 -2.04848 0
      vertex 1.47226 -2.20339 0
    endloop
  endfacet
  facet normal 0.998796 0.0490659 0
    outer loop
      vertex -2.63724 -0.259745 5
      vertex -2.65 0 0
      vertex -2.65 0 5
    endloop
  endfacet
  facet normal 0.998796 0.0490659 0
    outer loop
      vertex -2.65 0 0
      vertex -2.63724 -0.259745 5
      vertex -2.63724 -0.259745 0
    endloop
  endfacet
  facet normal 0.941545 0.336887 0
    outer loop
      vertex -2.44828 -1.01411 5
      vertex -2.53589 -0.769254 0
      vertex -2.53589 -0.769254 5
    endloop
  endfacet
  facet normal 0.941545 0.336887 0
    outer loop
      vertex -2.53589 -0.769254 0
      vertex -2.44828 -1.01411 5
      vertex -2.44828 -1.01411 0
    endloop
  endfacet
  facet normal 0.97003 0.242983 0
    outer loop
      vertex -2.53589 -0.769254 5
      vertex -2.59908 -0.516989 0
      vertex -2.59908 -0.516989 5
    endloop
  endfacet
  facet normal 0.97003 0.242983 0
    outer loop
      vertex -2.59908 -0.516989 0
      vertex -2.53589 -0.769254 5
      vertex -2.53589 -0.769254 0
    endloop
  endfacet
  facet normal 0.857724 0.514111 0
    outer loop
      vertex -2.20339 -1.47226 5
      vertex -2.33709 -1.2492 0
      vertex -2.33709 -1.2492 5
    endloop
  endfacet
  facet normal 0.857724 0.514111 0
    outer loop
      vertex -2.33709 -1.2492 0
      vertex -2.20339 -1.47226 5
      vertex -2.20339 -1.47226 0
    endloop
  endfacet
  facet normal 0.803219 0.595685 0
    outer loop
      vertex -2.04848 -1.68114 5
      vertex -2.20339 -1.47226 0
      vertex -2.20339 -1.47226 5
    endloop
  endfacet
  facet normal 0.803219 0.595685 0
    outer loop
      vertex -2.20339 -1.47226 0
      vertex -2.04848 -1.68114 5
      vertex -2.04848 -1.68114 0
    endloop
  endfacet
  facet normal 0.146736 0.989176 -0
    outer loop
      vertex -0.259745 -2.63724 0
      vertex -0.516989 -2.59908 5
      vertex -0.259745 -2.63724 5
    endloop
  endfacet
  facet normal 0.146736 0.989176 0
    outer loop
      vertex -0.516989 -2.59908 5
      vertex -0.259745 -2.63724 0
      vertex -0.516989 -2.59908 0
    endloop
  endfacet
  facet normal 0.514111 0.857724 -0
    outer loop
      vertex -1.2492 -2.33709 0
      vertex -1.47226 -2.20339 5
      vertex -1.2492 -2.33709 5
    endloop
  endfacet
  facet normal 0.514111 0.857724 0
    outer loop
      vertex -1.47226 -2.20339 5
      vertex -1.2492 -2.33709 0
      vertex -1.47226 -2.20339 0
    endloop
  endfacet
  facet normal 0.595685 0.803219 -0
    outer loop
      vertex -1.47226 -2.20339 0
      vertex -1.68114 -2.04848 5
      vertex -1.47226 -2.20339 5
    endloop
  endfacet
  facet normal 0.595685 0.803219 0
    outer loop
      vertex -1.68114 -2.04848 5
      vertex -1.47226 -2.20339 0
      vertex -1.68114 -2.04848 0
    endloop
  endfacet
  facet normal 0.427557 0.903988 -0
    outer loop
      vertex -1.01411 -2.44828 0
      vertex -1.2492 -2.33709 5
      vertex -1.01411 -2.44828 5
    endloop
  endfacet
  facet normal 0.427557 0.903988 0
    outer loop
      vertex -1.2492 -2.33709 5
      vertex -1.01411 -2.44828 0
      vertex -1.2492 -2.33709 0
    endloop
  endfacet
  facet normal 0.671572 0.74094 -0
    outer loop
      vertex -1.68114 -2.04848 0
      vertex -1.87383 -1.87383 5
      vertex -1.68114 -2.04848 5
    endloop
  endfacet
  facet normal 0.671572 0.74094 0
    outer loop
      vertex -1.87383 -1.87383 5
      vertex -1.68114 -2.04848 0
      vertex -1.87383 -1.87383 0
    endloop
  endfacet
  facet normal -0.998796 0.0490659 0
    outer loop
      vertex 2.63724 -0.259745 0
      vertex 2.65 0 5
      vertex 2.65 0 0
    endloop
  endfacet
  facet normal -0.998796 0.0490659 0
    outer loop
      vertex 2.65 0 5
      vertex 2.63724 -0.259745 0
      vertex 2.63724 -0.259745 5
    endloop
  endfacet
  facet normal -0.97003 -0.242983 0
    outer loop
      vertex 2.59908 0.516989 0
      vertex 2.53589 0.769254 5
      vertex 2.53589 0.769254 0
    endloop
  endfacet
  facet normal -0.97003 -0.242983 0
    outer loop
      vertex 2.53589 0.769254 5
      vertex 2.59908 0.516989 0
      vertex 2.59908 0.516989 5
    endloop
  endfacet
  facet normal -0.903988 0.427557 0
    outer loop
      vertex 2.33709 -1.2492 0
      vertex 2.44828 -1.01411 5
      vertex 2.44828 -1.01411 0
    endloop
  endfacet
  facet normal -0.903988 0.427557 0
    outer loop
      vertex 2.44828 -1.01411 5
      vertex 2.33709 -1.2492 0
      vertex 2.33709 -1.2492 5
    endloop
  endfacet
  facet normal -0.941545 0.336887 0
    outer loop
      vertex 2.44828 -1.01411 0
      vertex 2.53589 -0.769254 5
      vertex 2.53589 -0.769254 0
    endloop
  endfacet
  facet normal -0.941545 0.336887 0
    outer loop
      vertex 2.53589 -0.769254 5
      vertex 2.44828 -1.01411 0
      vertex 2.44828 -1.01411 5
    endloop
  endfacet
  facet normal -0.97003 0.242983 0
    outer loop
      vertex 2.53589 -0.769254 0
      vertex 2.59908 -0.516989 5
      vertex 2.59908 -0.516989 0
    endloop
  endfacet
  facet normal -0.97003 0.242983 0
    outer loop
      vertex 2.59908 -0.516989 5
      vertex 2.53589 -0.769254 0
      vertex 2.53589 -0.769254 5
    endloop
  endfacet
  facet normal -0.74094 0.671572 0
    outer loop
      vertex 1.87383 -1.87383 0
      vertex 2.04848 -1.68114 5
      vertex 2.04848 -1.68114 0
    endloop
  endfacet
  facet normal -0.74094 0.671572 0
    outer loop
      vertex 2.04848 -1.68114 5
      vertex 1.87383 -1.87383 0
      vertex 1.87383 -1.87383 5
    endloop
  endfacet
  facet normal -0.0490659 0.998796 0
    outer loop
      vertex 0.259745 -2.63724 0
      vertex 0 -2.65 5
      vertex 0.259745 -2.63724 5
    endloop
  endfacet
  facet normal -0.0490659 0.998796 0
    outer loop
      vertex 0 -2.65 5
      vertex 0.259745 -2.63724 0
      vertex 0 -2.65 0
    endloop
  endfacet
  facet normal 0.989176 0.146736 0
    outer loop
      vertex -2.59908 -0.516989 5
      vertex -2.63724 -0.259745 0
      vertex -2.63724 -0.259745 5
    endloop
  endfacet
  facet normal 0.989176 0.146736 0
    outer loop
      vertex -2.63724 -0.259745 0
      vertex -2.59908 -0.516989 5
      vertex -2.59908 -0.516989 0
    endloop
  endfacet
  facet normal -0.941545 -0.336887 0
    outer loop
      vertex 2.53589 0.769254 0
      vertex 2.44828 1.01411 5
      vertex 2.44828 1.01411 0
    endloop
  endfacet
  facet normal -0.941545 -0.336887 0
    outer loop
      vertex 2.44828 1.01411 5
      vertex 2.53589 0.769254 0
      vertex 2.53589 0.769254 5
    endloop
  endfacet
  facet normal -0.74094 -0.671572 0
    outer loop
      vertex 2.04848 1.68114 0
      vertex 1.87383 1.87383 5
      vertex 1.87383 1.87383 0
    endloop
  endfacet
  facet normal -0.74094 -0.671572 0
    outer loop
      vertex 1.87383 1.87383 5
      vertex 2.04848 1.68114 0
      vertex 2.04848 1.68114 5
    endloop
  endfacet
  facet normal -0.595685 -0.803219 0
    outer loop
      vertex 1.47226 2.20339 0
      vertex 1.68114 2.04848 5
      vertex 1.47226 2.20339 5
    endloop
  endfacet
  facet normal -0.595685 -0.803219 -0
    outer loop
      vertex 1.68114 2.04848 5
      vertex 1.47226 2.20339 0
      vertex 1.68114 2.04848 0
    endloop
  endfacet
  facet normal -0.903988 -0.427557 0
    outer loop
      vertex 2.44828 1.01411 0
      vertex 2.33709 1.2492 5
      vertex 2.33709 1.2492 0
    endloop
  endfacet
  facet normal -0.903988 -0.427557 0
    outer loop
      vertex 2.33709 1.2492 5
      vertex 2.44828 1.01411 0
      vertex 2.44828 1.01411 5
    endloop
  endfacet
  facet normal 0.0490659 -0.998796 0
    outer loop
      vertex -0.259745 2.63724 0
      vertex 0 2.65 5
      vertex -0.259745 2.63724 5
    endloop
  endfacet
  facet normal 0.0490659 -0.998796 0
    outer loop
      vertex 0 2.65 5
      vertex -0.259745 2.63724 0
      vertex 0 2.65 0
    endloop
  endfacet
  facet normal 0.514111 -0.857724 0
    outer loop
      vertex -1.47226 2.20339 0
      vertex -1.2492 2.33709 5
      vertex -1.47226 2.20339 5
    endloop
  endfacet
  facet normal 0.514111 -0.857724 0
    outer loop
      vertex -1.2492 2.33709 5
      vertex -1.47226 2.20339 0
      vertex -1.2492 2.33709 0
    endloop
  endfacet
  facet normal 0.998796 -0.0490659 0
    outer loop
      vertex -2.65 0 5
      vertex -2.63724 0.259745 0
      vertex -2.63724 0.259745 5
    endloop
  endfacet
  facet normal 0.998796 -0.0490659 0
    outer loop
      vertex -2.63724 0.259745 0
      vertex -2.65 0 5
      vertex -2.65 0 0
    endloop
  endfacet
  facet normal 0.97003 -0.242983 0
    outer loop
      vertex -2.59908 0.516989 5
      vertex -2.53589 0.769254 0
      vertex -2.53589 0.769254 5
    endloop
  endfacet
  facet normal 0.97003 -0.242983 0
    outer loop
      vertex -2.53589 0.769254 0
      vertex -2.59908 0.516989 5
      vertex -2.59908 0.516989 0
    endloop
  endfacet
  facet normal 0.803219 -0.595685 0
    outer loop
      vertex -2.20339 1.47226 5
      vertex -2.04848 1.68114 0
      vertex -2.04848 1.68114 5
    endloop
  endfacet
  facet normal 0.803219 -0.595685 0
    outer loop
      vertex -2.04848 1.68114 0
      vertex -2.20339 1.47226 5
      vertex -2.20339 1.47226 0
    endloop
  endfacet
  facet normal -0.146736 -0.989176 0
    outer loop
      vertex 0.259745 2.63724 0
      vertex 0.516989 2.59908 5
      vertex 0.259745 2.63724 5
    endloop
  endfacet
  facet normal -0.146736 -0.989176 -0
    outer loop
      vertex 0.516989 2.59908 5
      vertex 0.259745 2.63724 0
      vertex 0.516989 2.59908 0
    endloop
  endfacet
  facet normal -0.427557 -0.903988 0
    outer loop
      vertex 1.01411 2.44828 0
      vertex 1.2492 2.33709 5
      vertex 1.01411 2.44828 5
    endloop
  endfacet
  facet normal -0.427557 -0.903988 -0
    outer loop
      vertex 1.2492 2.33709 5
      vertex 1.01411 2.44828 0
      vertex 1.2492 2.33709 0
    endloop
  endfacet
  facet normal -0.336887 -0.941545 0
    outer loop
      vertex 0.769254 2.53589 0
      vertex 1.01411 2.44828 5
      vertex 0.769254 2.53589 5
    endloop
  endfacet
  facet normal -0.336887 -0.941545 -0
    outer loop
      vertex 1.01411 2.44828 5
      vertex 0.769254 2.53589 0
      vertex 1.01411 2.44828 0
    endloop
  endfacet
  facet normal -0.989176 -0.146736 0
    outer loop
      vertex 2.63724 0.259745 0
      vertex 2.59908 0.516989 5
      vertex 2.59908 0.516989 0
    endloop
  endfacet
  facet normal -0.989176 -0.146736 0
    outer loop
      vertex 2.59908 0.516989 5
      vertex 2.63724 0.259745 0
      vertex 2.63724 0.259745 5
    endloop
  endfacet
  facet normal -0.803219 -0.595685 0
    outer loop
      vertex 2.20339 1.47226 0
      vertex 2.04848 1.68114 5
      vertex 2.04848 1.68114 0
    endloop
  endfacet
  facet normal -0.803219 -0.595685 0
    outer loop
      vertex 2.04848 1.68114 5
      vertex 2.20339 1.47226 0
      vertex 2.20339 1.47226 5
    endloop
  endfacet
  facet normal -0.857724 -0.514111 0
    outer loop
      vertex 2.33709 1.2492 0
      vertex 2.20339 1.47226 5
      vertex 2.20339 1.47226 0
    endloop
  endfacet
  facet normal -0.857724 -0.514111 0
    outer loop
      vertex 2.20339 1.47226 5
      vertex 2.33709 1.2492 0
      vertex 2.33709 1.2492 5
    endloop
  endfacet
  facet normal 0.671572 -0.74094 0
    outer loop
      vertex -1.87383 1.87383 0
      vertex -1.68114 2.04848 5
      vertex -1.87383 1.87383 5
    endloop
  endfacet
  facet normal 0.671572 -0.74094 0
    outer loop
      vertex -1.68114 2.04848 5
      vertex -1.87383 1.87383 0
      vertex -1.68114 2.04848 0
    endloop
  endfacet
  facet normal -0.0490659 -0.998796 0
    outer loop
      vertex 0 2.65 0
      vertex 0.259745 2.63724 5
      vertex 0 2.65 5
    endloop
  endfacet
  facet normal -0.0490659 -0.998796 -0
    outer loop
      vertex 0.259745 2.63724 5
      vertex 0 2.65 0
      vertex 0.259745 2.63724 0
    endloop
  endfacet
  facet normal 0.427557 -0.903988 0
    outer loop
      vertex -1.2492 2.33709 0
      vertex -1.01411 2.44828 5
      vertex -1.2492 2.33709 5
    endloop
  endfacet
  facet normal 0.427557 -0.903988 0
    outer loop
      vertex -1.01411 2.44828 5
      vertex -1.2492 2.33709 0
      vertex -1.01411 2.44828 0
    endloop
  endfacet
  facet normal 0.336887 -0.941545 0
    outer loop
      vertex -1.01411 2.44828 0
      vertex -0.769254 2.53589 5
      vertex -1.01411 2.44828 5
    endloop
  endfacet
  facet normal 0.336887 -0.941545 0
    outer loop
      vertex -0.769254 2.53589 5
      vertex -1.01411 2.44828 0
      vertex -0.769254 2.53589 0
    endloop
  endfacet
  facet normal 0.146736 -0.989176 0
    outer loop
      vertex -0.516989 2.59908 0
      vertex -0.259745 2.63724 5
      vertex -0.516989 2.59908 5
    endloop
  endfacet
  facet normal 0.146736 -0.989176 0
    outer loop
      vertex -0.259745 2.63724 5
      vertex -0.516989 2.59908 0
      vertex -0.259745 2.63724 0
    endloop
  endfacet
  facet normal 0.595685 -0.803219 0
    outer loop
      vertex -1.68114 2.04848 0
      vertex -1.47226 2.20339 5
      vertex -1.68114 2.04848 5
    endloop
  endfacet
  facet normal 0.595685 -0.803219 0
    outer loop
      vertex -1.47226 2.20339 5
      vertex -1.68114 2.04848 0
      vertex -1.47226 2.20339 0
    endloop
  endfacet
  facet normal 0.989176 -0.146736 0
    outer loop
      vertex -2.63724 0.259745 5
      vertex -2.59908 0.516989 0
      vertex -2.59908 0.516989 5
    endloop
  endfacet
  facet normal 0.989176 -0.146736 0
    outer loop
      vertex -2.59908 0.516989 0
      vertex -2.63724 0.259745 5
      vertex -2.63724 0.259745 0
    endloop
  endfacet
  facet normal 0.941545 -0.336887 0
    outer loop
      vertex -2.53589 0.769254 5
      vertex -2.44828 1.01411 0
      vertex -2.44828 1.01411 5
    endloop
  endfacet
  facet normal 0.941545 -0.336887 0
    outer loop
      vertex -2.44828 1.01411 0
      vertex -2.53589 0.769254 5
      vertex -2.53589 0.769254 0
    endloop
  endfacet
  facet normal 0.857724 -0.514111 0
    outer loop
      vertex -2.33709 1.2492 5
      vertex -2.20339 1.47226 0
      vertex -2.20339 1.47226 5
    endloop
  endfacet
  facet normal 0.857724 -0.514111 0
    outer loop
      vertex -2.20339 1.47226 0
      vertex -2.33709 1.2492 5
      vertex -2.33709 1.2492 0
    endloop
  endfacet
  facet normal 0.74094 -0.671572 0
    outer loop
      vertex -2.04848 1.68114 5
      vertex -1.87383 1.87383 0
      vertex -1.87383 1.87383 5
    endloop
  endfacet
  facet normal 0.74094 -0.671572 0
    outer loop
      vertex -1.87383 1.87383 0
      vertex -2.04848 1.68114 5
      vertex -2.04848 1.68114 0
    endloop
  endfacet
  facet normal -0.242983 -0.97003 0
    outer loop
      vertex 0.516989 2.59908 0
      vertex 0.769254 2.53589 5
      vertex 0.516989 2.59908 5
    endloop
  endfacet
  facet normal -0.242983 -0.97003 -0
    outer loop
      vertex 0.769254 2.53589 5
      vertex 0.516989 2.59908 0
      vertex 0.769254 2.53589 0
    endloop
  endfacet
  facet normal -0.671572 -0.74094 0
    outer loop
      vertex 1.68114 2.04848 0
      vertex 1.87383 1.87383 5
      vertex 1.68114 2.04848 5
    endloop
  endfacet
  facet normal -0.671572 -0.74094 -0
    outer loop
      vertex 1.87383 1.87383 5
      vertex 1.68114 2.04848 0
      vertex 1.87383 1.87383 0
    endloop
  endfacet
  facet normal 0.242983 -0.97003 0
    outer loop
      vertex -0.769254 2.53589 0
      vertex -0.516989 2.59908 5
      vertex -0.769254 2.53589 5
    endloop
  endfacet
  facet normal 0.242983 -0.97003 0
    outer loop
      vertex -0.516989 2.59908 5
      vertex -0.769254 2.53589 0
      vertex -0.516989 2.59908 0
    endloop
  endfacet
  facet normal 0 -0.707115 -0.707099
    outer loop
      vertex 28 -20.616 39.384
      vertex 52 -25 43.7681
      vertex 28 -25 43.7681
    endloop
  endfacet
  facet normal 0 -0.707115 -0.707099
    outer loop
      vertex 52 -25 43.7681
      vertex 28 -20.616 39.384
      vertex 52 -20.616 39.384
    endloop
  endfacet
  facet normal 0 -0.803243 -0.595652
    outer loop
      vertex 28 -19.8449 38.4445
      vertex 52 -20.2073 38.9332
      vertex 28 -20.2073 38.9332
    endloop
  endfacet
  facet normal 0 -0.803243 -0.595652
    outer loop
      vertex 52 -20.2073 38.9332
      vertex 28 -19.8449 38.4445
      vertex 52 -19.8449 38.4445
    endloop
  endfacet
  facet normal 0 -0.740854 -0.671666
    outer loop
      vertex 28 -20.2073 38.9332
      vertex 52 -20.616 39.384
      vertex 28 -20.616 39.384
    endloop
  endfacet
  facet normal 0 -0.740854 -0.671666
    outer loop
      vertex 52 -20.616 39.384
      vertex 28 -20.2073 38.9332
      vertex 52 -20.2073 38.9332
    endloop
  endfacet
  facet normal 0 0.707115 -0.707099
    outer loop
      vertex 52 -29.384 39.384
      vertex 28 -25 43.7681
      vertex 52 -25 43.7681
    endloop
  endfacet
  facet normal 0 0.707115 -0.707099
    outer loop
      vertex 28 -25 43.7681
      vertex 52 -29.384 39.384
      vertex 28 -29.384 39.384
    endloop
  endfacet
  facet normal 0 0.941519 -0.336961
    outer loop
      vertex 52 -30.933 36.7998
      vertex 28 -30.728 37.3726
      vertex 52 -30.728 37.3726
    endloop
  endfacet
  facet normal 0 0.941519 -0.336961
    outer loop
      vertex 28 -30.728 37.3726
      vertex 52 -30.933 36.7998
      vertex 28 -30.933 36.7998
    endloop
  endfacet
  facet normal 0 -0.970017 -0.243038
    outer loop
      vertex 28 -18.9191 36.2095
      vertex 52 -19.067 36.7998
      vertex 28 -19.067 36.7998
    endloop
  endfacet
  facet normal 0 -0.970017 -0.243038
    outer loop
      vertex 52 -19.067 36.7998
      vertex 28 -18.9191 36.2095
      vertex 52 -18.9191 36.2095
    endloop
  endfacet
  facet normal 0 0.803243 -0.595652
    outer loop
      vertex 52 -30.1551 38.4445
      vertex 28 -29.7927 38.9332
      vertex 52 -29.7927 38.9332
    endloop
  endfacet
  facet normal 0 0.803243 -0.595652
    outer loop
      vertex 28 -29.7927 38.9332
      vertex 52 -30.1551 38.4445
      vertex 28 -30.1551 38.4445
    endloop
  endfacet
  facet normal 0 0.740854 -0.671666
    outer loop
      vertex 52 -29.7927 38.9332
      vertex 28 -29.384 39.384
      vertex 52 -29.384 39.384
    endloop
  endfacet
  facet normal 0 0.740854 -0.671666
    outer loop
      vertex 28 -29.384 39.384
      vertex 52 -29.7927 38.9332
      vertex 28 -29.7927 38.9332
    endloop
  endfacet
  facet normal 0 0.904039 -0.42745
    outer loop
      vertex 52 -30.728 37.3726
      vertex 28 -30.4679 37.9227
      vertex 52 -30.4679 37.9227
    endloop
  endfacet
  facet normal 0 0.904039 -0.42745
    outer loop
      vertex 28 -30.4679 37.9227
      vertex 52 -30.728 37.3726
      vertex 28 -30.728 37.3726
    endloop
  endfacet
  facet normal 0 -0.514157 0.857696
    outer loop
      vertex 28 -21.5555 29.8449
      vertex 52 -22.0773 29.5321
      vertex 52 -21.5555 29.8449
    endloop
  endfacet
  facet normal 0 -0.514157 0.857696
    outer loop
      vertex 52 -22.0773 29.5321
      vertex 28 -21.5555 29.8449
      vertex 28 -22.0773 29.5321
    endloop
  endfacet
  facet normal 0 -0.904039 -0.42745
    outer loop
      vertex 28 -19.272 37.3726
      vertex 52 -19.5321 37.9227
      vertex 28 -19.5321 37.9227
    endloop
  endfacet
  facet normal 0 -0.904039 -0.42745
    outer loop
      vertex 52 -19.5321 37.9227
      vertex 28 -19.272 37.3726
      vertex 52 -19.272 37.3726
    endloop
  endfacet
  facet normal 0 0.941519 0.336961
    outer loop
      vertex 52 -30.728 32.6274
      vertex 28 -30.933 33.2002
      vertex 52 -30.933 33.2002
    endloop
  endfacet
  facet normal 0 0.941519 0.336961
    outer loop
      vertex 28 -30.933 33.2002
      vertex 52 -30.728 32.6274
      vertex 28 -30.728 32.6274
    endloop
  endfacet
  facet normal 0 0.998792 -0.0491425
    outer loop
      vertex 52 -31.2 35
      vertex 28 -31.1701 35.6077
      vertex 52 -31.1701 35.6077
    endloop
  endfacet
  facet normal 0 0.998792 -0.0491425
    outer loop
      vertex 28 -31.1701 35.6077
      vertex 52 -31.2 35
      vertex 28 -31.2 35
    endloop
  endfacet
  facet normal 0 0.998792 0.0491425
    outer loop
      vertex 52 -31.1701 34.3923
      vertex 28 -31.2 35
      vertex 52 -31.2 35
    endloop
  endfacet
  facet normal 0 0.998792 0.0491425
    outer loop
      vertex 28 -31.2 35
      vertex 52 -31.1701 34.3923
      vertex 28 -31.1701 34.3923
    endloop
  endfacet
  facet normal 0 0.857696 -0.514157
    outer loop
      vertex 52 -30.4679 37.9227
      vertex 28 -30.1551 38.4445
      vertex 52 -30.1551 38.4445
    endloop
  endfacet
  facet normal 0 0.857696 -0.514157
    outer loop
      vertex 28 -30.1551 38.4445
      vertex 52 -30.4679 37.9227
      vertex 28 -30.4679 37.9227
    endloop
  endfacet
  facet normal 0 -0.42745 0.904039
    outer loop
      vertex 28 -22.0773 29.5321
      vertex 52 -22.6274 29.272
      vertex 52 -22.0773 29.5321
    endloop
  endfacet
  facet normal 0 -0.42745 0.904039
    outer loop
      vertex 52 -22.6274 29.272
      vertex 28 -22.0773 29.5321
      vertex 28 -22.6274 29.272
    endloop
  endfacet
  facet normal 0 -0.0491425 0.998792
    outer loop
      vertex 28 -24.3923 28.8299
      vertex 52 -25 28.8
      vertex 52 -24.3923 28.8299
    endloop
  endfacet
  facet normal 0 -0.0491425 0.998792
    outer loop
      vertex 52 -25 28.8
      vertex 28 -24.3923 28.8299
      vertex 28 -25 28.8
    endloop
  endfacet
  facet normal 0 -0.243038 0.970017
    outer loop
      vertex 28 -23.2002 29.067
      vertex 52 -23.7905 28.9191
      vertex 52 -23.2002 29.067
    endloop
  endfacet
  facet normal 0 -0.243038 0.970017
    outer loop
      vertex 52 -23.7905 28.9191
      vertex 28 -23.2002 29.067
      vertex 28 -23.7905 28.9191
    endloop
  endfacet
  facet normal -0 0.14662 0.989193
    outer loop
      vertex 28 -25.6077 28.8299
      vertex 52 -26.2095 28.9191
      vertex 52 -25.6077 28.8299
    endloop
  endfacet
  facet normal 0 0.14662 0.989193
    outer loop
      vertex 52 -26.2095 28.9191
      vertex 28 -25.6077 28.8299
      vertex 28 -26.2095 28.9191
    endloop
  endfacet
  facet normal -0 0.336961 0.941519
    outer loop
      vertex 28 -26.7998 29.067
      vertex 52 -27.3726 29.272
      vertex 52 -26.7998 29.067
    endloop
  endfacet
  facet normal 0 0.336961 0.941519
    outer loop
      vertex 52 -27.3726 29.272
      vertex 28 -26.7998 29.067
      vertex 28 -27.3726 29.272
    endloop
  endfacet
  facet normal -0 0.514157 0.857696
    outer loop
      vertex 28 -27.9227 29.5321
      vertex 52 -28.4445 29.8449
      vertex 52 -27.9227 29.5321
    endloop
  endfacet
  facet normal 0 0.514157 0.857696
    outer loop
      vertex 52 -28.4445 29.8449
      vertex 28 -27.9227 29.5321
      vertex 28 -28.4445 29.8449
    endloop
  endfacet
  facet normal -0 0.671666 0.740854
    outer loop
      vertex 28 -28.9332 30.2073
      vertex 52 -29.384 30.616
      vertex 52 -28.9332 30.2073
    endloop
  endfacet
  facet normal 0 0.671666 0.740854
    outer loop
      vertex 52 -29.384 30.616
      vertex 28 -28.9332 30.2073
      vertex 28 -29.384 30.616
    endloop
  endfacet
  facet normal 0 -0.970017 0.243038
    outer loop
      vertex 28 -19.067 33.2002
      vertex 52 -18.9191 33.7905
      vertex 28 -18.9191 33.7905
    endloop
  endfacet
  facet normal 0 -0.970017 0.243038
    outer loop
      vertex 52 -18.9191 33.7905
      vertex 28 -19.067 33.2002
      vertex 52 -19.067 33.2002
    endloop
  endfacet
  facet normal 0 -0.904039 0.42745
    outer loop
      vertex 28 -19.5321 32.0773
      vertex 52 -19.272 32.6274
      vertex 28 -19.272 32.6274
    endloop
  endfacet
  facet normal 0 -0.904039 0.42745
    outer loop
      vertex 52 -19.272 32.6274
      vertex 28 -19.5321 32.0773
      vertex 52 -19.5321 32.0773
    endloop
  endfacet
  facet normal 0 -0.803243 0.595652
    outer loop
      vertex 28 -20.2073 31.0668
      vertex 52 -19.8449 31.5555
      vertex 28 -19.8449 31.5555
    endloop
  endfacet
  facet normal 0 -0.803243 0.595652
    outer loop
      vertex 52 -19.8449 31.5555
      vertex 28 -20.2073 31.0668
      vertex 52 -20.2073 31.0668
    endloop
  endfacet
  facet normal 0 -0.671666 0.740854
    outer loop
      vertex 28 -20.616 30.616
      vertex 52 -21.0668 30.2073
      vertex 52 -20.616 30.616
    endloop
  endfacet
  facet normal 0 -0.671666 0.740854
    outer loop
      vertex 52 -21.0668 30.2073
      vertex 28 -20.616 30.616
      vertex 28 -21.0668 30.2073
    endloop
  endfacet
  facet normal 0 -0.998792 -0.0491425
    outer loop
      vertex 28 -18.8 35
      vertex 52 -18.8299 35.6077
      vertex 28 -18.8299 35.6077
    endloop
  endfacet
  facet normal 0 -0.998792 -0.0491425
    outer loop
      vertex 52 -18.8299 35.6077
      vertex 28 -18.8 35
      vertex 52 -18.8 35
    endloop
  endfacet
  facet normal 0 -0.989193 -0.14662
    outer loop
      vertex 28 -18.8299 35.6077
      vertex 52 -18.9191 36.2095
      vertex 28 -18.9191 36.2095
    endloop
  endfacet
  facet normal 0 -0.989193 -0.14662
    outer loop
      vertex 52 -18.9191 36.2095
      vertex 28 -18.8299 35.6077
      vertex 52 -18.8299 35.6077
    endloop
  endfacet
  facet normal 0 -0.998792 0.0491425
    outer loop
      vertex 28 -18.8299 34.3923
      vertex 52 -18.8 35
      vertex 28 -18.8 35
    endloop
  endfacet
  facet normal 0 -0.998792 0.0491425
    outer loop
      vertex 52 -18.8 35
      vertex 28 -18.8299 34.3923
      vertex 52 -18.8299 34.3923
    endloop
  endfacet
  facet normal 0 -0.941519 -0.336961
    outer loop
      vertex 28 -19.067 36.7998
      vertex 52 -19.272 37.3726
      vertex 28 -19.272 37.3726
    endloop
  endfacet
  facet normal 0 -0.941519 -0.336961
    outer loop
      vertex 52 -19.272 37.3726
      vertex 28 -19.067 36.7998
      vertex 52 -19.067 36.7998
    endloop
  endfacet
  facet normal 0 -0.857696 -0.514157
    outer loop
      vertex 28 -19.5321 37.9227
      vertex 52 -19.8449 38.4445
      vertex 28 -19.8449 38.4445
    endloop
  endfacet
  facet normal 0 -0.857696 -0.514157
    outer loop
      vertex 52 -19.8449 38.4445
      vertex 28 -19.5321 37.9227
      vertex 52 -19.5321 37.9227
    endloop
  endfacet
  facet normal 0 0.803243 0.595652
    outer loop
      vertex 52 -29.7927 31.0668
      vertex 28 -30.1551 31.5555
      vertex 52 -30.1551 31.5555
    endloop
  endfacet
  facet normal 0 0.803243 0.595652
    outer loop
      vertex 28 -30.1551 31.5555
      vertex 52 -29.7927 31.0668
      vertex 28 -29.7927 31.0668
    endloop
  endfacet
  facet normal 0 0.904039 0.42745
    outer loop
      vertex 52 -30.4679 32.0773
      vertex 28 -30.728 32.6274
      vertex 52 -30.728 32.6274
    endloop
  endfacet
  facet normal 0 0.904039 0.42745
    outer loop
      vertex 28 -30.728 32.6274
      vertex 52 -30.4679 32.0773
      vertex 28 -30.4679 32.0773
    endloop
  endfacet
  facet normal 0 0.970017 0.243038
    outer loop
      vertex 52 -30.933 33.2002
      vertex 28 -31.0809 33.7905
      vertex 52 -31.0809 33.7905
    endloop
  endfacet
  facet normal 0 0.970017 0.243038
    outer loop
      vertex 28 -31.0809 33.7905
      vertex 52 -30.933 33.2002
      vertex 28 -30.933 33.2002
    endloop
  endfacet
  facet normal 0 0.989193 -0.14662
    outer loop
      vertex 52 -31.1701 35.6077
      vertex 28 -31.0809 36.2095
      vertex 52 -31.0809 36.2095
    endloop
  endfacet
  facet normal 0 0.989193 -0.14662
    outer loop
      vertex 28 -31.0809 36.2095
      vertex 52 -31.1701 35.6077
      vertex 28 -31.1701 35.6077
    endloop
  endfacet
  facet normal 0 0.970017 -0.243038
    outer loop
      vertex 52 -31.0809 36.2095
      vertex 28 -30.933 36.7998
      vertex 52 -30.933 36.7998
    endloop
  endfacet
  facet normal 0 0.970017 -0.243038
    outer loop
      vertex 28 -30.933 36.7998
      vertex 52 -31.0809 36.2095
      vertex 28 -31.0809 36.2095
    endloop
  endfacet
  facet normal 0 -0.336961 0.941519
    outer loop
      vertex 28 -22.6274 29.272
      vertex 52 -23.2002 29.067
      vertex 52 -22.6274 29.272
    endloop
  endfacet
  facet normal 0 -0.336961 0.941519
    outer loop
      vertex 52 -23.2002 29.067
      vertex 28 -22.6274 29.272
      vertex 28 -23.2002 29.067
    endloop
  endfacet
  facet normal -0 0.0491425 0.998792
    outer loop
      vertex 28 -25 28.8
      vertex 52 -25.6077 28.8299
      vertex 52 -25 28.8
    endloop
  endfacet
  facet normal 0 0.0491425 0.998792
    outer loop
      vertex 52 -25.6077 28.8299
      vertex 28 -25 28.8
      vertex 28 -25.6077 28.8299
    endloop
  endfacet
  facet normal 0 -0.14662 0.989193
    outer loop
      vertex 28 -23.7905 28.9191
      vertex 52 -24.3923 28.8299
      vertex 52 -23.7905 28.9191
    endloop
  endfacet
  facet normal 0 -0.14662 0.989193
    outer loop
      vertex 52 -24.3923 28.8299
      vertex 28 -23.7905 28.9191
      vertex 28 -24.3923 28.8299
    endloop
  endfacet
  facet normal -0 0.243038 0.970017
    outer loop
      vertex 28 -26.2095 28.9191
      vertex 52 -26.7998 29.067
      vertex 52 -26.2095 28.9191
    endloop
  endfacet
  facet normal 0 0.243038 0.970017
    outer loop
      vertex 52 -26.7998 29.067
      vertex 28 -26.2095 28.9191
      vertex 28 -26.7998 29.067
    endloop
  endfacet
  facet normal -0 0.42745 0.904039
    outer loop
      vertex 28 -27.3726 29.272
      vertex 52 -27.9227 29.5321
      vertex 52 -27.3726 29.272
    endloop
  endfacet
  facet normal 0 0.42745 0.904039
    outer loop
      vertex 52 -27.9227 29.5321
      vertex 28 -27.3726 29.272
      vertex 28 -27.9227 29.5321
    endloop
  endfacet
  facet normal -0 0.595652 0.803243
    outer loop
      vertex 28 -28.4445 29.8449
      vertex 52 -28.9332 30.2073
      vertex 52 -28.4445 29.8449
    endloop
  endfacet
  facet normal 0 0.595652 0.803243
    outer loop
      vertex 52 -28.9332 30.2073
      vertex 28 -28.4445 29.8449
      vertex 28 -28.9332 30.2073
    endloop
  endfacet
  facet normal 0 0.740854 0.671666
    outer loop
      vertex 52 -29.384 30.616
      vertex 28 -29.7927 31.0668
      vertex 52 -29.7927 31.0668
    endloop
  endfacet
  facet normal 0 0.740854 0.671666
    outer loop
      vertex 28 -29.7927 31.0668
      vertex 52 -29.384 30.616
      vertex 28 -29.384 30.616
    endloop
  endfacet
  facet normal 0 -0.941519 0.336961
    outer loop
      vertex 28 -19.272 32.6274
      vertex 52 -19.067 33.2002
      vertex 28 -19.067 33.2002
    endloop
  endfacet
  facet normal 0 -0.941519 0.336961
    outer loop
      vertex 52 -19.067 33.2002
      vertex 28 -19.272 32.6274
      vertex 52 -19.272 32.6274
    endloop
  endfacet
  facet normal 0 -0.857696 0.514157
    outer loop
      vertex 28 -19.8449 31.5555
      vertex 52 -19.5321 32.0773
      vertex 28 -19.5321 32.0773
    endloop
  endfacet
  facet normal 0 -0.857696 0.514157
    outer loop
      vertex 52 -19.5321 32.0773
      vertex 28 -19.8449 31.5555
      vertex 52 -19.8449 31.5555
    endloop
  endfacet
  facet normal 0 -0.740854 0.671666
    outer loop
      vertex 28 -20.616 30.616
      vertex 52 -20.2073 31.0668
      vertex 28 -20.2073 31.0668
    endloop
  endfacet
  facet normal 0 -0.740854 0.671666
    outer loop
      vertex 52 -20.2073 31.0668
      vertex 28 -20.616 30.616
      vertex 52 -20.616 30.616
    endloop
  endfacet
  facet normal 0 -0.595652 0.803243
    outer loop
      vertex 28 -21.0668 30.2073
      vertex 52 -21.5555 29.8449
      vertex 52 -21.0668 30.2073
    endloop
  endfacet
  facet normal 0 -0.595652 0.803243
    outer loop
      vertex 52 -21.5555 29.8449
      vertex 28 -21.0668 30.2073
      vertex 28 -21.5555 29.8449
    endloop
  endfacet
  facet normal 0 -0.989193 0.14662
    outer loop
      vertex 28 -18.9191 33.7905
      vertex 52 -18.8299 34.3923
      vertex 28 -18.8299 34.3923
    endloop
  endfacet
  facet normal 0 -0.989193 0.14662
    outer loop
      vertex 52 -18.8299 34.3923
      vertex 28 -18.9191 33.7905
      vertex 52 -18.9191 33.7905
    endloop
  endfacet
  facet normal 0 0.857696 0.514157
    outer loop
      vertex 52 -30.1551 31.5555
      vertex 28 -30.4679 32.0773
      vertex 52 -30.4679 32.0773
    endloop
  endfacet
  facet normal 0 0.857696 0.514157
    outer loop
      vertex 28 -30.4679 32.0773
      vertex 52 -30.1551 31.5555
      vertex 28 -30.1551 31.5555
    endloop
  endfacet
  facet normal 0 0.989193 0.14662
    outer loop
      vertex 52 -31.0809 33.7905
      vertex 28 -31.1701 34.3923
      vertex 52 -31.1701 34.3923
    endloop
  endfacet
  facet normal 0 0.989193 0.14662
    outer loop
      vertex 28 -31.1701 34.3923
      vertex 52 -31.0809 33.7905
      vertex 28 -31.0809 33.7905
    endloop
  endfacet
endsolid OpenSCAD_Model
